1,01_vinaya_01,ပါရာဇိကဏ်,434
"<font size=""2"">",ဝေရဉ္ဇအခန်း,1,
"<font size=""1.5"">",ဝေရဉ္ဇပုဏ္ဏားအကြောင်း,1,
"<font size=""1.5"">",ကြက်ငယ်ဥပမာ,5,
"<font size=""1.5"">",ဝေရဉ္ဇာမြို့၌ ဒုဗ္ဘိက္ခဘေး ဆိုက်ရောက်ခြင်း,9,
"<font size=""1.5"">",သိက္ခာပုဒ်ပညတ်ရန် အချိန်တန်ပါပြီဟု အသျှင်သာရိပုတြာ လျှောက်ထားပုံ,13,
"<font size=""2"">",၁-ပါရာဇိက အခန်း,16,
"<font size=""1.5"">",၁-ပဌမ ပါရာဇိက,16,
"<font size=""1"">",သုဒိန် ရဟန်းအကြောင်း ပြဆိုရာ အခန်း,16,
"<font size=""1"">",ဝိနည်း ပညတ်ကြောင်း ၁၀-ပါး,29,
"<font size=""1"">",မျောက်မဝတ္ထု,30,
"<font size=""1"">",အနှီးဝတ်အကြောင်း ပြဆိုရာ အခန်း,33,
"<font size=""1"">",ပဌမ ပါရာဇိက ဒုတိယအနုပညတ် သိက္ခာပုဒ်,34,
"<font size=""1"">",၁-ပဌမပါရာဇိက သိက္ခာပုဒ်အဖွင့်,35,
"<font size=""1"">",ဝိနီတဝတ္ထု၁ ခေါင်းစဉ် မာတိကာ,48,
"<font size=""1"">",ဝိနီတ ဝတ္ထု ဖြတ်ထုံးများ,49,
"<font size=""1.5"">",၂-ဒုတိယ ပါရာဇိက,56,
"<font size=""1"">",ဓနိယရဟန်းအကြောင်း ပြဆိုရာအခန်း,56,
"<font size=""1"">",ပဌမပညတ်သိက္ခာပုဒ်,61,
"<font size=""1"">",ဒုတိယပညတ်သိက္ခာပုဒ်နှင့် သိက္ခာပုဒ်အဖွင့်,62,
"<font size=""1"">",၂-ဒုတိယ ပါရာဇိက သိက္ခာပုဒ်အဖွင့်,63,
"<font size=""1"">",ခေါင်းစဉ် မာတိကာ,65,
"<font size=""1"">",မာတိကာ အဖွင့်,65,
"<font size=""1"">",ဝိနီတဝတ္ထု ခေါင်းစဉ် မာတိကာ,75,
"<font size=""1"">",ဝိနီတဝတ္ထု ဖြတ်ထုံးများ,76,
"<font size=""1.5"">",၃-တတိယပါရာဇိက,90,
"<font size=""1"">",ပဌမပညတ်အကြောင်း,90,
"<font size=""1"">",ပဌမပညတ်သိက္ခာပုဒ်,94,
"<font size=""1"">",အနုပညတ်သိက္ခာပုဒ်နှင့် သိက္ခာပုဒ်အဖွင့်,96,
"<font size=""1"">",၃-တတိယပါရာဇိက သိက္ခာပုဒ်အဖွင့်,97,
"<font size=""1"">",ခေါင်းစဉ် မာတိကာ,99,
"<font size=""1"">",မာတိကာအဖွင့်,99,
"<font size=""1"">",ဝိနီတဝတ္ထုခေါင်းစဉ်မာတိကာ,105,
"<font size=""1"">",ဝိနီတဝတ္ထု ဖြတ်ထုံးများ,105,
"<font size=""1.5"">",၄-စတုတ္ထပါရာဇိက,116,
"<font size=""1"">",ဝဂ္ဂုမုဒါ မြစ်ကမ်းနေ ရဟန်းများ ဝတ္ထု,116,
"<font size=""1"">",ခိုးသူကြီးငါးယောက်,119,
"<font size=""1"">",ပဌမပညတ်သိက္ခာပုဒ်,121,
"<font size=""1"">",အနုပညတ်သိက္ခာပုဒ်နှင့် သိက္ခာပုဒ်အဖွင့်,122,
"<font size=""1"">",၄-စတုတ္ထ ပါရာဇိက သိက္ခာပုဒ်အဖွင့်,122,
"<font size=""1"">",၄-စတုတ္ထပါရာဇိက သုဒ္ဓိကဝါရ,125,
"<font size=""1"">",စက်ပြတ် 'ခဏ္ဍစက်',131,
"<font size=""1"">",စက်ဝိုင်း'ဗဒ္ဓစက်',134,
"<font size=""1"">",ဝိနီတဝတ္ထုခေါင်းစဉ်မာတိကာ,146,
"<font size=""2"">",၂-သံဃာဒိသိသ် အခန်း,158,
"<font size=""1.5"">",၁-သုက္ကဝိဿဋ္ဌိသိက္ခာပုဒ်,158,
"<font size=""1"">",အသျှင်သေယျသက ဝတ္ထု,158,
"<font size=""1"">",ပဌမပညတ်သိက္ခာပုဒ် အနုပညတ်သိက္ခာပုဒ်,161,
"<font size=""1"">",သိက္ခာပုဒ်အဖွင့်,162,
"<font size=""1"">",ခေါင်းစဉ် မာတိကာ,163,
"<font size=""1"">",မာတိကာ အဖွင့်,164,
"<font size=""1"">",၁-သုက္ကဝိဿဋ္ဌိ သံဃာဒိသိသ် သုဒ္ဓိကဝါရ,165,
"<font size=""1"">",ဧကမူ စက်ပြတ် 'ခဏ္ဍစက်',166,
"<font size=""1"">",ဧကမူ၏ စက်ဝိုင်း'ဗဒ္ဓစက်',166,
"<font size=""1"">",ဝိနီတဝတ္ထုခေါင်းစဉ်မာတိကာ,177,
"<font size=""1"">",ဝိနီတဝတ္ထုဖြတ်ထုံးများ,178,
"<font size=""1.5"">",၂-ကာယသံသဂ္ဂသိက္ခာပုဒ်,183,
"<font size=""1"">",ပညတ်သိက္ခာပုဒ်နှင့် သိက္ခာပုဒ်အဖွင့်,185,
"<font size=""1"">",၂-ကာယသံသဂ္ဂသိက္ခာပုဒ် အဖွင့်,185,
"<font size=""1"">",ခေါင်းစဉ်မာတိကာ,186,
"<font size=""1"">",မာတိကာအဖွင့်,186,
"<font size=""1"">",၂-ကာယသံသဂ္ဂသိက္ခာပုဒ်စက်လှည့်ပုံ,187,
"<font size=""1"">",ဝိနိတဝတ္ထု ခေါင်းစဉ်မာတိကာ,196,
"<font size=""1"">",ဝိနိတဝတ္ထု ဖြတ်ထုံးများ,196,
"<font size=""1"">",၃-ဒုဋ္ဌုလ္လဝါစာသိက္ခာပုဒ်,198,
"<font size=""1"">",ပညတ်သိက္ခာပုဒ်နှင့် သိက္ခာပုဒ်အဖွင့်,199,
"<font size=""1"">",၃-ဒုဋ္ဌုလ္လဝါစာသိက္ခာပုဒ်အဖွင့်,199,
"<font size=""1"">",ခေါင်းစဉ်မာတိကာ,200,
"<font size=""1"">",မာတိကာအဖွင့်,200,
"<font size=""1"">",ဝိနီတဝတ္ထု ခေါင်းစဉ်မာတိကာ,202,
"<font size=""1"">",ဝိနီတဝတ္ထု ဖြတ်ထုံးများ,202,
"<font size=""1.5"">",၄-အတ္တကာမပါရိစရိယသိက္ခာပုဒ်,204,
"<font size=""1"">",ပညတ်သိက္ခာပုဒ်နှင့် သိက္ခာပုဒ်အဖွင့်,206,
"<font size=""1"">",၄-အတ္တကာမပါရိစရိယသိက္ခာပုဒ် အဖွင့်,206,
"<font size=""1"">",ဝိနီတဝတ္ထု ခေါင်းစဉ်မာတိကာ,208,
"<font size=""1"">",ဝိနီတဝတ္ထု ဖြတ်ထုံးများ,208,
"<font size=""1.5"">",၅-သဉ္စရိတ္တသိက္ခာပုဒ်,210,
"<font size=""1"">",ပထမပညတ်သိက္ခာပုဒ်,214,
"<font size=""1"">",အနုပညတ်သိက္ခာပုဒ်နှင့် သိက္ခာပုဒ်အဖွင့်,214,
"<font size=""1"">",၅-သဉ္စရိတ္တသိက္ခာပုဒ် အဖွင့်,216,
"<font size=""1"">",စက်ပြတ်'ခဏ္ဍစက်',218,
"<font size=""1"">",စက်ဝိုင်း 'ဗဒ္ဓစက်',218,
"<font size=""1"">",ဝိနီတဝတ္ထု ခေါင်းစဉ်မာတိကာ,234,
"<font size=""1"">",ဝိနီတဝတ္ထု ဖြတ်ထုံးများ,235,
"<font size=""1.5"">",၆-ကုဋိကာရသိက္ခာပုဒ်,236,
"<font size=""1"">",မဏိကဏ္ဌ နဂါးမင်းဝတ္ထု,238,
"<font size=""1"">",ပညတ်သိက္ခာပုဒ်,242,
"<font size=""1"">",၆-ကုဋိကာရသိက္ခာပုဒ် အဖွင့်,242,
"<font size=""1"">",အသျှင်ဆန္န ဝတ္ထု,259,
"<font size=""1"">",ပညတ်သိက္ခာပုဒ်,260,
"<font size=""1"">",၇-ဝိဟာရကာရသိက္ခာပုဒ် အဖွင့်,260,
"<font size=""1.5"">",ဂ-ဒုဋ္ဌဒေါသသိက္ခာပုဒ်,267,
"<font size=""1"">",ပညတ်သိက္ခာပုဒ်,273,
"<font size=""1"">",ဂ-ဒုဋ္ဌဒေါသသိက္ခာပုဒ် အဖွင့်,273,
"<font size=""1.5"">",၉-ဒုတိယဒုဋ္ဌဒေါသသိက္ခာပုဒ်,279,
"<font size=""1"">",ပညတ်သိက္ခာပုဒ်,281,
"<font size=""1"">",၉- ဒုတိယ ဒုဋ္ဌဒေါသသိက္ခာပုဒ်အဖွင့်,281,
"<font size=""1.5"">",၁၀-သံဃဘေဒသိက္ခာပုဒ်,287,
"<font size=""1"">",ပညတ်သိက္ခာပုဒ်,289,
"<font size=""1"">",၁၀-သံဃဘေဒသိက္ခာပုဒ် အဖွင့်,290,
"<font size=""1.5"">",၁၁-ဘေဒါနုဝတ္တကသိက္ခာပုဒ်,292,
"<font size=""1"">",ပညတ်သိက္ခာပုဒ်,293,
"<font size=""1"">",သိက္ခာပုဒ် အဖွင့်,293,
"<font size=""1.5"">",၁၂-ဒုဗ္ဗစသိက္ခာပုဒ်,296,
"<font size=""1"">",၁၂-ပညတ်သိက္ခာပုဒ်,297,
"<font size=""1"">",၁၂-ဒုဗ္ဗစသိက္ခာပုဒ် အဖွင့်,298,
"<font size=""1.5"">",၁၃-ကုလဒူသကသိက္ခာပုဒ်,300,
"<font size=""1"">",ပညတ်သိက္ခာပုဒ်,307,
"<font size=""1"">",သိက္ခာပုဒ် အဖွင့်,308,
"<font size=""1"">",အကျဉ်းချုပ်ခေါင်းစဉ်,311,
"<font size=""1"">",ထိုတေရသကဏ် (သံဃာဒိသိသ်) ၏ အကျဉ်းချုပ် ခေါင်းစဉ်,311,
"<font size=""2"">",၃-အနိယတ အခန်း,312,
"<font size=""1.5"">",၁-ပဌမ အနိယတသိက္ခာပုဒ်,312,
"<font size=""1"">",ပညတ်သိက္ခာပုဒ်,314,
"<font size=""1"">",၁-ပဌမ အနိယတသိက္ခာပုဒ် အဖွင့်,315,
"<font size=""1.5"">",၂-ဒုတိယ အနိယတသိက္ခာပုဒ်,318,
"<font size=""1"">",ပညတ်သိက္ခာပုဒ်,319,
"<font size=""1"">",၂-ဒုတိယ အနိယတသိက္ခာပုဒ် အဖွင့်,319,
"<font size=""1"">",အကျဉ်းချုပ်ခေါင်းစဉ်,322,
"<font size=""1.5"">",၁-စီဝရဝဂ်,323,
"<font size=""1"">",၁-ပဌမ ကထိနသိက္ခာပုဒ်,323,
"<font size=""1"">",ပဌမပညတ်သိက္ခာပုဒ်,323,
"<font size=""1"">",အနုပညတ်သိက္ခာပုဒ်,324,
"<font size=""1"">",။ ၁-ပဌမ ကထိနသိက္ခာပုဒ် အဖွင့်,324,
"<font size=""1"">",၂-ဥဒေါသိတ 'ဒုတိယကထိန' သိက္ခာပုဒ်,327,
"<font size=""1"">",ပဌမပညတ်သိက္ခာပုဒ်,328,
"<font size=""1"">",အနုပညတ်သိက္ခာပုဒ်နှင့် သိက္ခာပုဒ်အဖွင့်,328,
"<font size=""1"">",၂-ဥဒေါသိတ 'ဒုတိယကထိန' သိက္ခာပုဒ် အဖွင့်,330,
"<font size=""1"">",၃-တတိယ ကထိနသိက္ခာပုဒ်,334,
"<font size=""1"">",သိက္ခာပုဒ်အဖွင့်,335,
"<font size=""1"">",၄-ပုရာဏစီဝရသိက္ခာပုဒ်,338,
"<font size=""1"">",ပညတ်သိက္ခာပုဒ်,339,
"<font size=""1"">",၄-ပုရာဏစီဝရသိက္ခာပုဒ်အဖွင့်,340,
"<font size=""1"">",၅-စီဝရပဋိဂ္ဂဟဏသိက္ခာပုဒ်,342,
"<font size=""1"">",ပထမပညတ်သိက္ခာပုဒ်နှင့် အနုပညတ်သိက္ခာပုဒ်,344,
"<font size=""1"">",သိက္ခာပုဒ်အဖွင့်,345,
"<font size=""1"">",၆-အညာတကဝိညတ္တိသိက္ခာပုဒ်,346,
"<font size=""1"">",ပထမပညတ်သိက္ခာပုဒ်,348,
"<font size=""1"">",အနုပညတ်သိက္ခာပုဒ်,348,
"<font size=""1"">",သိက္ခာပုဒ်အဖွင့်,350,
"<font size=""1"">",၇-တတုတ္တရိသိက္ခာပုဒ်,351,
"<font size=""1"">",ပညတ်သိက္ခာပုဒ်,352,
"<font size=""1"">",၇-တတုတ္တရိသိက္ခာပုဒ် အဖွင့်,353,
"<font size=""1"">",၈-ဥပက္ခဋသိက္ခာပုဒ်,354,
"<font size=""1"">",ပညတ်သိက္ခာပုဒ်,355,
"<font size=""1"">",၈-ဥပက္ခဋသိက္ခာပုဒ် အဖွင့်,356,
"<font size=""1"">",၉-ဒုတိယ ဥပက္ခဋသိက္ခာပုဒ်,358,
"<font size=""1"">",ပညတ်သိက္ခာပုဒ်,359,
"<font size=""1"">",၉-ဒုတိယ ဥပက္ခဋသိက္ခာပုဒ် အဖွင့်,360,
"<font size=""1"">",၁၀-ရာဇသိက္ခာပုဒ်,362,
"<font size=""1"">",ပညတ်သိက္ခာပုဒ်,364,
"<font size=""1"">",၁၀-ရာဇသိက္ခာပုဒ် အဖွင့်,365,
"<font size=""1"">",အကျဉ်းချုပ်ခေါင်းစဉ်,367,
"<font size=""1.5"">",၂-ကောသိယဝဂ်,368,
"<font size=""1"">",၁-ကောသိယသိက္ခာပုဒ်,368,
"<font size=""1"">",ပညတ်သိက္ခာပုဒ်,369,
"<font size=""1"">",၁-ကောသိယသိက္ခာပုဒ် အဖွင့်,369,
"<font size=""1"">",၂-သုဒ္ဓကာဠကသိက္ခာပုဒ်,370,
"<font size=""1"">",ပညတ်သိက္ခာပုဒ်,370,
"<font size=""1"">",၂-သုဒ္ဓကာဠကသိက္ခာပုဒ် အဖွင့်,371,
"<font size=""1"">",၃-ဒွေဘာဂသိက္ခာပုဒ်,372,
"<font size=""1"">",ပညတ်သိက္ခာပုဒ်,372,
"<font size=""1"">",၃-ဒွေဘာဂသိက္ခာပုဒ် အဖွင့်,373,
"<font size=""1"">",၄-ဆဗ္ဗဿသိက္ခာပုဒ်,374,
"<font size=""1"">",ပထမပညတ်သိက္ခာပုဒ်,375,
"<font size=""1"">",ဒုတိယအနုပညတ်သိက္ခာပုဒ်,375,
"<font size=""1"">",၄-ဆဗ္ဗဿသိက္ခာပုဒ် အဖွင့်,377,
"<font size=""1"">",၅-နိသီဒနသန္တတသိက္ခာပုဒ်,378,
"<font size=""1"">",ပညတ်သိက္ခာပုဒ်,381,
"<font size=""1"">",၅- နိသီဒနသန္ထတသိက္ခာပုဒ် အဖွင့်,381,
"<font size=""1"">",၆-ဧဠကလောမသိက္ခာပုဒ်,383,
"<font size=""1"">",ပညတ်သိက္ခာပုဒ်,384,
"<font size=""1"">",၆-ဧဠကလောမသိက္ခာပုဒ် အဖွင့်,384,
"<font size=""1"">",၇-ဧဠကလောမဓောဝါပန သိက္ခာပုဒ်,386,
"<font size=""1"">",ပညတ်သိက္ခာပုဒ်,387,
"<font size=""1"">",၇-ဧဠကလောမဓောဝါပနသိက္ခာပုဒ် အဖွင့်,387,
"<font size=""1"">",၈-ရူပိယသိက္ခာပုဒ်,389,
"<font size=""1"">",ပညတ်သိက္ခာပုဒ်,390,
"<font size=""1"">",၈-ရူပိယသိက္ခာပုဒ် အဖွင့်,390,
"<font size=""1"">",၉-ရူပိယသံဝေါဟာရသိက္ခာပုဒ်,392,
"<font size=""1"">",ပညတ်သိက္ခာပုဒ်,392,
"<font size=""1"">",၉-ရူပိယသံဝေါဟာရသိက္ခာပုဒ် အဖွင့်,393,
"<font size=""1"">",၁၀-ကယဝိက္ကယ သိက္ခာပုဒ်,395,
"<font size=""1"">",ပညတ်သိက္ခာပုဒ်,396,
"<font size=""1"">",၁၀-ကယဝိက္ကယသိက္ခာပုဒ် အဖွင့်,397,
"<font size=""1"">",အကျဉ်းချုပ်ခေါင်းစဉ်,398,
"<font size=""1.5"">",၃-ပတ္တဝဂ်,399,
"<font size=""1"">",၁-ပတ္တသိက္ခာပုဒ်,399,
"<font size=""1"">",ပဌမပညတ်သိက္ခာပုဒ်,399,
"<font size=""1"">",ဒုတိယအနုပညတ်သိက္ခာပုဒ်,400,
"<font size=""1"">",၁-ပတ္တသိက္ခာပုဒ် အဖွင့်,401,
"<font size=""1"">",၂-ဦနပဉ္စဗန္ဓနသိက္ခာပုဒ်,403,
"<font size=""1"">",ပညတ်သိက္ခာပုဒ်,404,
"<font size=""1"">",၂-ဦနပဉ္စဗန္ဓနသိက္ခာပုဒ် အဖွင့်,405,
"<font size=""1"">",၃-ဘေသဇ္ဇသိက္ခာပုဒ်,409,
"<font size=""1"">",ပညတ်သိက္ခာပုဒ်,412,
"<font size=""1"">",၃-ဘေသဇ္ဇသိက္ခာပုဒ်အဖွင့်,413,
"<font size=""1"">",၄-ဝဿိကသာဋိကသိက္ခာပုဒ်,414,
"<font size=""1"">",ပညတ်သိက္ခာပုဒ်,414,
"<font size=""1"">",၄-ဝဿိကသာဋိကသိက္ခာပုဒ်အဖွင့်,415,
"<font size=""1"">",၅-စီဝရအစ္ဆိန္ဒနသိက္ခာပုဒ်,417,
"<font size=""1"">",ပညတ်သိက္ခာပုဒ်,418,
"<font size=""1"">",၅-စီဝရအစ္ဆိန္ဒန သိက္ခာပုဒ် အဖွင့်,418,
"<font size=""1"">",၆-သုတ္တဝိညတ္တိသိက္ခာပုဒ်,420,
"<font size=""1"">",ပညတ်သိက္ခာပုဒ်,421,
"<font size=""1"">",၆-သုတ္တဝိညတ္တိသိက္ခာပုဒ်အဖွင့်,421,
"<font size=""1"">",၇-မဟာပေသကာရသိက္ခာပုဒ်,422,
"<font size=""1"">",ပညတ်သိက္ခာပုဒ်,424,
"<font size=""1"">",၇-မဟာပေသကာရသိက္ခာပုဒ် အဖွင့်,424,
"<font size=""1"">",၈-အစ္စေကစီဝရ သိက္ခာပုဒ်,425,
"<font size=""1"">",ပညတ်သိက္ခာပုဒ်,426,
"<font size=""1"">",၈-အစ္စေကစီဝရသိက္ခာပုဒ် အဖွင့်,426,
"<font size=""1"">",၉-သာသင်္ကသိက္ခာပုဒ်,428,
"<font size=""1"">",ပညတ်သိက္ခာပုဒ်,429,
"<font size=""1"">",၉-သာသင်္ကသိက္ခာပုဒ်အဖွင့်,429,
"<font size=""1"">",၁၀-ပရိဏတသိက္ခာပုဒ်,431,
"<font size=""1"">",ပညတ်သိက္ခာပုဒ်,432,
"<font size=""1"">",၁၀-ပရိဏတသိက္ခာပုဒ်အဖွင့်,432,
"<font size=""1"">",ထိုဝဂ်၏ အကျဉ်းချုပ်,434,
1,01_vinaya_02,ပါစိတ်,661
"<font size=""2"">",၅-ဘိက္ခုပါစိတ်အခန်း,1,
"<font size=""1.5"">",၁-မုသာဝါဒဝဂ် ,1,
"<font size=""1"">",၁-မုသာဝါဒသိက္ခာပုဒ်,1,
"<font size=""1"">",၁-မုသာဝါဒသိက္ခာပုဒ် အဖွင့်,3,
"<font size=""1"">",၂-ဩမသဝါဒသိက္ခာပုဒ်,8,
"<font size=""1"">",၂-ဩမသဝါဒသိက္ခာပုဒ် အဖွင့်,10,
"<font size=""1"">",အမျိုးဇာတ်ဖြင့် ဆဲရေးခြင်း,12,
"<font size=""1"">",အမည်နာမဖြင့် ဆဲရေးခြင်း,13,
"<font size=""1"">",အနွယ်ဖြင့် ဆဲရေးခြင်း,14,
"<font size=""1"">",အလုပ်အကိုင်ဖြင့် ဆဲရေးခြင်း,15,
"<font size=""1"">",အတတ်ပညာဖြင့် ဆဲရေးခြင်း,16,
"<font size=""1"">",အနာရောဂါဖြင့် ဆဲရေးခြင်း,17,
"<font size=""1"">",အသွင် 'ပုံသဏ္ဌာန်'ဖြင့် ဆဲရေးခြင်း,18,
"<font size=""1"">",ကိလေသာဖြင့် ဆဲရေးခြင်း,19,
"<font size=""1"">",အာပတ်ဖြင့် ဆဲရေးခြင်း,20,
"<font size=""1"">",အယုတ် အမြတ်ဆဲရေးခြင်းမျိုးဖြင့် ဆဲရေးခြင်း,21,
"<font size=""1"">",၃- ပေသုညသိက္ခာပုဒ်,27,
"<font size=""1"">",၃- ပေသုညသိက္ခာပုဒ် အဖွင့်,29,
"<font size=""1"">",၄-ပဒသောဓမ္မသိက္ခာပုဒ်,33,
"<font size=""1"">",၄- ပဒသောဓမ္မသိက္ခာပုဒ် အဖွင့်,33,
"<font size=""1"">",၅-သဟသေယျ သိက္ခာပုဒ်,35,
"<font size=""1"">",၅-သဟသေယျသိက္ခာပုဒ် အဖွင့်,37,
"<font size=""1"">",၆-ဒုတိယသဟသေယျသိက္ခာပုဒ်,38,
"<font size=""1"">",၆-ဒုတိယ သဟသေယျသိက္ခာပုဒ် အဖွင့်,41,
"<font size=""1"">",၇-ဓမ္မဒေသနာသိက္ခာပုဒ်,42,
"<font size=""1"">",၇-ဓမ္မဒေသနာသိက္ခာပုဒ် အဖွင့်,45,
"<font size=""1"">",ဂ-ဘူတာရောစနသိက္ခာပုဒ်,46,
"<font size=""1"">",၈-ဘူတာရောစနသိက္ခာပုဒ် အဖွင့်,49,
"<font size=""1"">",၉- ဒုဋ္ဌုလ္လာရောစန သိက္ခာပုဒ်,57,
"<font size=""1"">",၉-ဒုဋ္ဌုုလ္လာရောစနသိက္ခာပုဒ် အဖွင့်,58,
"<font size=""1"">",၁၀-ပထဝီခဏန သိက္ခာပုဒ်,60,
"<font size=""1"">",၁၀-ပထဝီခဏနသိက္ခာပုဒ် အဖွင့်,61,
"<font size=""1"">",မုသာဝါဒဝဂ်၏ အကျဉ်းချုပ်,63,
"<font size=""1"">",၁-ဘူတဂါမသိက္ခာပုဒ်,64,
"<font size=""1"">",၁-ဘူတဂါမသိက္ခာပုဒ် အဖွင့်,66,
"<font size=""1"">",၂-အညဝါဒကသိက္ခာပုဒ်,67,
"<font size=""1"">",၂-အညဝါဒကသိက္ခာပုဒ် အဖွင့်,70,
"<font size=""1"">",၃-ဥဇ္ဈုာပနကသိက္ခာပုဒ်,72,
"<font size=""1"">",၃-ဥဇ္ဈာပနကသိက္ခာပုဒ် အဖွင့်,74,
"<font size=""1"">",၄-ပဌမသေနာသနသိက္ခာပုဒ်,75,
"<font size=""1"">",၄-ပဌမသေနာသနသိက္ခာပုဒ် အဖွင့်,76,
"<font size=""1"">",၅-ဒုတိယသေနာသနသိက္ခာပုဒ်,78,
"<font size=""1"">",၅-ဒုတိယသေနာသနသိက္ခာပုဒ် အဖွင့်,79,
"<font size=""1"">",၆-အနုပခဇ္ဇသိက္ခာပုဒ်,81,
"<font size=""1"">",၆-အနုပခဇ္ဇသိက္ခာပုဒ် အဖွင့်,82,
"<font size=""1"">",၇-နိက္ကဎ်ဍနသိက္ခာပုဒ်,83,
"<font size=""1"">",၇-နိက္ကဎ်ဍနသိက္ခာပုဒ် အဖွင့်,85,
"<font size=""1"">",၈-ဝေဟာသကုဋိသိက္ခာပုဒ်,87,
"<font size=""1"">",၈-ဝေဟာသကုဋိသိက္ခာပုဒ် အဖွင့်,88,
"<font size=""1"">",၉-မဟလ္လကဝိဟာရသိက္ခာပုဒ်,89,
"<font size=""1"">",၉- မဟလ္လကဝိဟာရသိက္ခာပုဒ် အဖွင့်,90,
"<font size=""1"">",၁၀-သပ္ပါဏကသိက္ခာပုဒ်,91,
"<font size=""1"">",၁၀-သပ္ပါဏကသိက္ခာပုဒ် အဖွင့်,92,
"<font size=""1"">",ထို ဘူတဝါမဝဂ်၏ အကျဉ်းချုပ်,93,
"<font size=""1.5"">",၃-ဩဝါဒဝဂ်,94,
"<font size=""1"">",၁-ဩဝါဒသိက္ခာပုဒ်,94,
"<font size=""1"">",ဘိက္ခုနောဝါဒကအင်္ဂါ (၈) ပါး,97,
"<font size=""1"">",၁-ဩဝါဒသိက္ခာပုဒ် အဖွင့်,98,
"<font size=""1"">",ဂရုဓံတရား (၈) ပါး,99,
"<font size=""1"">",၂-အတ္ထင်္ဂတသိက္ခာပုဒ်,102,
"<font size=""1"">",၂-အတ္ထင်္ဂတသိက္ခာပုဒ် အဖွင့်,104,
"<font size=""1"">",၃-ဘိက္ခုနုပဿယသိက္ခာပုဒ်,105,
"<font size=""1"">",၃-ဘိက္ခုနုပဿယသိက္ခာပုဒ် အဖွင့်,107,
"<font size=""1"">",၄-အာမိသသိက္ခာပုဒ်,108,
"<font size=""1"">",၄-အာမိသသိက္ခာပုဒ် အဖွင့်,109,
"<font size=""1"">",၅-စီဝရဒါနသိက္ခာပုဒ်,110,
"<font size=""1"">",၅-စီဝရဒါနသိက္ခာပုဒ် အဖွင့်,112,
"<font size=""1"">",၆-စီဝရသိဗ္ဗနသိက္ခာပုဒ်,113,
"<font size=""1"">",၆-စီဝရသိဗ္ဗနသိက္ခာပုဒ် အဖွင့်,115,
"<font size=""1"">",၇-သံဝိဓာနသိက္ခာပုဒ်,116,
"<font size=""1"">",၇-သံဝိဓာနသိက္ခာပုဒ် အဖွင့်,118,
"<font size=""1"">",၈-နာဝါဘိရုဟနသိက္ခာပုဒ်,119,
"<font size=""1"">",၈-နာဝါဘိရုဟနသိက္ခာပုဒ် အဖွင့်,121,
"<font size=""1"">",၉-ပရိပါစိတသိက္ခာပုဒ်,122,
"<font size=""1"">",၉-ပရိပါစိတသိက္ခာပုဒ် အဖွင့်,124,
"<font size=""1"">",၁၀-ရဟောနိသဇ္ဇသိက္ခာပုဒ်,125,
"<font size=""1"">",၁၀-ရဟောနိသဇ္ဇသိက္ခာပုဒ် အဖွင့်,126,
"<font size=""1"">",ထိုဩဝါဒဝဂ်၏ အကျဉ်းချုပ်,127,
"<font size=""1.5"">",၄-ဘောဇနဝဂ်,128,
"<font size=""1"">",၁-အာဝသထပိဏ္ဍသိက္ခာပုဒ်,128,
"<font size=""1"">",၁-အာဝသထပိဏ္ဍသိက္ခာပုဒ် အဖွင့်,130,
"<font size=""1"">",၂-ဂဏဘောဇနသိက္ခာပုဒ်,131,
"<font size=""1"">",၂-ဂဏဘောဇနသိက္ခာပုဒ် အဖွင့်,135,
"<font size=""1"">",၃-ပရမ္ပရဘောဇနသိက္ခာပုဒ်,137,
"<font size=""1"">",၃-ပရမ္ပရဘောဇနသိက္ခာပုဒ် အဖွင့်,141,
"<font size=""1"">",၄-ကာဏမာတုသိက္ခာပုဒ်,142,
"<font size=""1"">",၄-ကာဏမာတုသိက္ခာပုဒ် အဖွင့်,144,
"<font size=""1"">",၅-ပဌမပဝါရဏာသိက္ခာပုဒ်,146,
"<font size=""1"">",၅-ပဌမပဝါရဏာသိက္ခာပုဒ် အဖွင့်,148,
"<font size=""1"">",၆-ဒုတိယပဝါရဏာသိက္ခာပုဒ်,150,
"<font size=""1"">",၆-ဒုတိယပဝါရဏာသိက္ခာပုဒ် အဖွင့်,152,
"<font size=""1"">",၇-ဝိကာလဘောဇနသိက္ခာပုဒ်,154,
"<font size=""1"">",၇-ဝိကာလဘောဇနသိက္ခာပုဒ် အဖွင့်,155,
"<font size=""1"">",၈-သန္နိဓိကာရကသိက္ခာပုဒ်,156,
"<font size=""1"">",၈-သန္နိဓိကာရကသိက္ခာပုဒ် အဖွင့်,157,
"<font size=""1"">",၉-ပဏီတဘောဇနသိက္ခာပုဒ်,158,
"<font size=""1"">",၁၀-ဒန္တပေါနသိက္ခာပုဒ်,162,
"<font size=""1"">",၁၀-ဒန္တပေါနသိက္ခာပုဒ် အဖွင့်,163,
"<font size=""1"">",ထိုဘောဇနဝဂ်၏ အကျဉ်းချုပ်,164,
"<font size=""1.5"">",၅-အစေလကဝဂ်,165,
"<font size=""1"">",၁-အစေလကသိက္ခာပုဒ်,165,
"<font size=""1"">",၁-အစေလကသိက္ခာပုဒ် အဖွင့်,167,
"<font size=""1"">",၂-ဥယျောဇနသိက္ခာပုဒ်,168,
"<font size=""1"">",၂-ဥယျောဇနသိက္ခာပုဒ် အဖွင့်,169,
"<font size=""1"">",၃-သဘောဇနသိက္ခာပုဒ်,170,
"<font size=""1"">",၃-သဘောဇနသိက္ခာပုဒ် အဖွင့်,171,
"<font size=""1"">",၄-ရဟောပဋိစ္ဆန္နသိက္ခာပုဒ်,172,
"<font size=""1"">",၄-ရဟောပဋိစ္ဆန္နသိက္ခာပုဒ် အဖွင့်,173,
"<font size=""1"">",၅-ရဟောနိသဇ္ဇသိက္ခာပုဒ်,174,
"<font size=""1"">",၅-ရဟောနိသဇ္ဇသိက္ခာပုဒ် အဖွင့်,175,
"<font size=""1"">",၆-စာရိတ္တသိက္ခာပုဒ်,176,
"<font size=""1"">",၆-စာရိတ္တသိက္ခာပုဒ် အဖွင့်,179,
"<font size=""1"">",၇-မဟာနာမသိက္ခာပုဒ်,181,
"<font size=""1"">",၇-မဟာနာမသိက္ခာပုဒ် အဖွင့်,184,
"<font size=""1"">",၈- ဥယျုတ္တသေနာသိက္ခာပုဒ်,186,
"<font size=""1"">",၈-ဥယျုတ္တသေနာသိက္ခာပုဒ် အဖွင့်,188,
"<font size=""1"">",၉- သေနာဝါသသိက္ခာပုဒ်,189,
"<font size=""1"">",၉-သေနာဝါသ သိက္ခာပုဒ်အဖွင့်,190,
"<font size=""1"">",၁၀-ဥယျောဓိကသိက္ခာပုဒ်,191,
"<font size=""1"">",၁၀-ဥယျောဓိကသိက္ခာပုဒ် အဖွင့်,192,
"<font size=""1"">",ထိုအစေလကဝဂ်၏ အကျဉ်းချုပ်,193,
"<font size=""1.5"">",၆-သုရာပါနဝဂ်,194,
"<font size=""1"">",၁-သုရာပါနသိက္ခာပုဒ်,194,
"<font size=""1"">",၁-သုရာပါနသိက္ခာပုဒ် အဖွင့်,196,
"<font size=""1"">",၂-အဂုင်္လိပတောဒကသိက္ခာပုဒ်,197,
"<font size=""1"">",၂-အဂုင်္လိပတောဒကသိက္ခာပုဒ် အဖွင့်,198,
"<font size=""1"">",၃-ဟသဓမ္မသိက္ခာပုဒ်,199,
"<font size=""1"">",၃-ဟသဓမ္မသိက္ခာပုဒ် အဖွင့်,200,
"<font size=""1"">",၄-အနာဒရိယသိက္ခာပုဒ်,201,
"<font size=""1"">",၄-အနာဒရိယသိက္ခာပုဒ် အဖွင့်,202,
"<font size=""1"">",၅-ဘိံသာပနသိက္ခာပုဒ်,203,
"<font size=""1"">",၅-ဘိံသာပနသိက္ခာပုဒ် အဖွင့်,204,
"<font size=""1"">",၆-ဇောတိကသိက္ခာပုဒ်,205,
"<font size=""1"">",၆-ဇောတိကသိက္ခာပုဒ် အဖွင့်,207,
"<font size=""1"">",၇-နှာနသိက္ခာပုဒ်,208,
"<font size=""1"">",၇-နှာနသိက္ခာပုဒ် အဖွင့်,211,
"<font size=""1"">",၈-ဒုဗ္ဗဏ္ဏကရဏသိက္ခာပုဒ်,212,
"<font size=""1"">",၈-ဒုဗ္ဗဏ္ဏကရဏသိက္ခာပုဒ် အဖွင့်,213,
"<font size=""1"">",၉-ဝိကပ္ပနသိက္ခာပုဒ်,214,
"<font size=""1"">",၉- ဝိကပ္ပနသိက္ခာပုဒ် အဖွင့်,215,
"<font size=""1"">",၁၀-စီဝရအပနိဓာနသိက္ခာပုဒ်,216,
"<font size=""1"">",ထိုသုရာပါနဝဂ်၏ အကျဉ်းချုပ်,218,
"<font size=""1.5"">",၇-သပ္ပါဏကဝဂ်,219,
"<font size=""1"">",၁-သဉ္စိစ္စသိက္ခာပုဒ်,219,
"<font size=""1"">",၁-သဉ္စိစ္စသိက္ခာပုဒ် အဖွင့်,220,
"<font size=""1"">",၂-သပ္ပါဏကသိက္ခာပုဒ်,221,
"<font size=""1"">",၂-သပ္ပါဏကသိက္ခာပုဒ် အဖွင့်,222,
"<font size=""1"">",၃-ဥက္ကောဋနသိက္ခာပုဒ်,223,
"<font size=""1"">",၂-ဥက္ကောဋနသိက္ခာပုဒ် အဖွင့်,224,
"<font size=""1"">",၄-ဒုဋ္ဌုလ္လသိက္ခာပုဒ်,225,
"<font size=""1"">",၄-ဒုဋ္ဌုလ္လသိက္ခာပုဒ် အဖွင့်,226,
"<font size=""1"">",၅-ဦနဝီသတိဝဿသိက္ခာပုဒ်,227,
"<font size=""1"">",၅-ဦနဝီသတိဝဿသိက္ခာပုဒ် အဖွင့်,229,
"<font size=""1"">",၆-ထေယျသတ္တသိက္ခာပုဒ်,230,
"<font size=""1"">",၆-ထေယျသတ္ထသိက္ခာပုဒ် အဖွင့်,231,
"<font size=""1"">",၇-သံဝိဓာနသိက္ခာပုဒ်,232,
"<font size=""1"">",၇-သံဝိဓာနသိက္ခာပုဒ် အဖွင့်,233,
"<font size=""1"">",၈-အရိဋ္ဌသိက္ခာပုဒ်,234,
"<font size=""1"">",၈-အရိဋ္ဌသိက္ခာပုဒ် အဖွင့်,237,
"<font size=""1"">",၉-ဥက္ခိတ္တသမ္ဘောဂသိက္ခာပုဒ်,239,
"<font size=""1"">",၉-ဥက္ခိတ္တသမ္ဘောဂသိက္ခာပုဒ် အဖွင့်,240,
"<font size=""1"">",၁၀-ကဏ္ဍကသိက္ခာပုဒ်,242,
"<font size=""1"">",၁၀-ကဏ္ဍကသိက္ခာပုဒ် အဖွင့်,245,
"<font size=""1"">",ထိုသပ္ပါဏကဝဂ်၏ အကျဉ်းချုပ်,247,
"<font size=""1.5"">",၈-သဟဓမ္မိကဝဂ်,248,
"<font size=""1"">",၁-သဟဓမ္မိကသိက္ခာပုဒ်,248,
"<font size=""1"">",၁-သဟဓမ္မိကသိက္ခာပုဒ် အဖွင့်,249,
"<font size=""1"">",၂-ဝိလေခနသိက္ခာပုဒ်,251,
"<font size=""1"">",၂-ဝိလေခနသိက္ခာပုဒ် အဖွင့်,252,
"<font size=""1"">",၃-မောဟနသိက္ခာပုဒ်,253,
"<font size=""1"">",၃-မောဟနသိက္ခာပုဒ် အဖွင့်,254,
"<font size=""1"">",၄-ပဟာရသိက္ခာပုဒ်,256,
"<font size=""1"">",၄-ပဟာရသိက္ခာပုဒ် အဖွင့်,257,
"<font size=""1"">",၅-တလသတ္တိက သိက္ခာပုဒ်,258,
"<font size=""1"">",၅-တလသတ္တိကသိက္ခာပုဒ် အဖွင့်,259,
"<font size=""1"">",၆-အမူလကသိက္ခာပုဒ်,260,
"<font size=""1"">",၆-အမူလကသိက္ခာပုဒ် အဖွင့်,261,
"<font size=""1"">",၇-သဥ္စိစ္စသိက္ခာပုဒ်,262,
"<font size=""1"">",၇-သဥ္စိစ္စသိက္ခာပုဒ် အဖွင့်,263,
"<font size=""1"">",၈-ဥပဿုတိသိက္ခာပုဒ်,264,
"<font size=""1"">",၈-ဥပဿုတိသိက္ခာပုဒ် အဖွင့်,265,
"<font size=""1"">",၉-ကမ္မပဋိဗာဟနသိက္ခာပုဒ်,266,
"<font size=""1"">",၉-ကမ္မပဋိဗာဟနသိက္ခာပုဒ် အဖွင့်,267,
"<font size=""1"">",၁၀-ဆန္ဒံအဒတွာဂမနသိက္ခာပုဒ်,268,
"<font size=""1"">",၁၀-ဆန္ဒံ အဒတွာ ဂမနသိက္ခာပုဒ် အဖွင့်,269,
"<font size=""1"">",၁၁-ဒုဗ္ဗလသိက္ခာပုဒ်,270,
"<font size=""1"">",၁၁-ဒုဗ္ဗလသိက္ခာပုဒ် အဖွင့်,271,
"<font size=""1"">",၁၂-ပရိဏာမနသိက္ခာပုဒ်,273,
"<font size=""1"">",၁၂-ပရိဏာမနသိက္ခာပုဒ် အဖွင့်,275,
"<font size=""1"">",ထိုသဟဓမ္မိကဝဂ်၏ အကျဉ်းချုပ်,276,
"<font size=""1.5"">",၉-ရတနဝဂ်,277,
"<font size=""1"">",၁-အန္တေပုရသိက္ခာပုဒ်,277,
"<font size=""1"">",နန်းတော်ဝင်ခြင်း အပြစ် ၁၀-ပါး,279,
"<font size=""1"">",၁-အန္တေပုရသိက္ခာပုဒ် အဖွင့်,281,
"<font size=""1"">",၂-ရတနသိက္ခာပုဒ်,282,
"<font size=""1"">",၂-ရတနသိက္ခာပုဒ် အဖွင့်,285,
"<font size=""1"">",၃-ဝိကာလဂါမပ္ပဝိသနသိက္ခာပုဒ် အဖွင့်,289,
"<font size=""1"">",၄-သူစိဃရသိက္ခာပုဒ်,290,
"<font size=""1"">",၄-သူစိဃရသိက္ခာပုဒ် အဖွင့်,291,
"<font size=""1"">",၅-မဉ္စပီဌသိက္ခာပုဒ်,292,
"<font size=""1"">",၅-မဉ္စပီဌသိက္ခာပုဒ် အဖွင့်,293,
"<font size=""1"">",၆-တူလောနဒ္ဓသိက္ခာပုဒ်,294,
"<font size=""1"">",၆-တူလောနဒ္ဓသိက္ခာပုဒ် အဖွင့်,295,
"<font size=""1"">",၇-နိသီဒနသိက္ခာပုဒ်,296,
"<font size=""1"">",၇-နိသီဒနသိက္ခာပုဒ် အဖွင့်,297,
"<font size=""1"">",-ကဏ္ဍုပ္ပဋိ စ္ဆာဒိ သိက္ခာပုဒ်,298,
"<font size=""1"">",၈-ကဏ္ဍုပ္ပဋိ စ္ဆာဒိသိက္ခာပုဒ် အဖွင့်,299,
"<font size=""1"">",၉-ဝဿိကသာဋိကသိက္ခာပုဒ်,300,
"<font size=""1"">",၉-ဝဿိကသာဋိကသိက္ခာပုဒ် အဖွင့်,301,
"<font size=""1"">",၁၀-နန္ဒသိက္ခာပုဒ်,302,
"<font size=""1"">",၁၀-နန္ဒသိက္ခာပုဒ် အဖွင့်,303,
"<font size=""1"">",ထိုရတနဝဂ်၏ အကျဉ်းချုပ်,304,
"<font size=""2"">",၆-ပါဋိဒေသနီအခန်း,305,
"<font size=""1.5"">",၁-ပဌမပါဋိဒေသနီ သိက္ခာပုဒ်,305,
"<font size=""1"">",၁-ပဌမ ပါဋိဒေသနီသိက္ခာပုဒ် အဖွင့်,307,
"<font size=""1.5"">",၂-ဒုတိယ ပါဋိဒေသနီသိက္ခာပုဒ်,308,
"<font size=""1"">",၂-ဒုတိယ ပါဋိဒေသနီသိက္ခာပုဒ် အဖွင့်,309,
"<font size=""1.5"">",၃-တတိယ ပါဋိဒေသနီသိက္ခာပုဒ်,310,
"<font size=""1"">",၃-တတိယ ပါဋိဒေသနီသိက္ခာပုဒ် အဖွင့်,313,
"<font size=""1.5"">",၄-စတုတ္ထ ပါဋိဒေသနီသိက္ခာပုဒ်,315,
"<font size=""1"">",၄-စတုတ္ထ ပါဋိဒေသနီသိက္ခာပုဒ် အဖွင့်,317,
"<font size=""2"">",၇-သေခိယအခန်း,319,
"<font size=""1.5"">",၁- ပရိမဏ္ဍလဝဂ်,319,
"<font size=""1"">",၁- ပဌမသိက္ခာပုဒ်,319,
"<font size=""1"">",၂-ဒုတိယသိက္ခာပုဒ်,320,
"<font size=""1"">",၃-တတိယသိက္ခာပုဒ်,321,
"<font size=""1"">",၄-စတုတ္ထသိက္ခာပုဒ်,321,
"<font size=""1"">",၅-ပဉ္စမသိက္ခာပုဒ်,322,
"<font size=""1"">",၇-သတ္တမသိက္ခာပုဒ်,323,
"<font size=""1"">",၈-အဋ္ဌမသိက္ခာပုဒ်,323,
"<font size=""1"">",၉-နဝမသိက္ခာပုဒ်,324,
"<font size=""1"">",၁၀-ဒသမသိက္ခာပုဒ်,324,
"<font size=""1.5"">",၂-ဥဇ္ဇဂ္ဃိကဝဂ်,325,
"<font size=""1"">",၁-ပဌမသိက္ခာပုဒ်,325,
"<font size=""1"">",၂-ဒုတိယသိက္ခာပုဒ်,325,
"<font size=""1"">",၃-တတိယ သိက္ခာပုဒ်,326,
"<font size=""1"">",၂-ဥ ဇ္ဇ ဂ္ဃိကဝဂ်,326,
"<font size=""1"">",၄-စတုတ္တသိက္ခာပုဒ်,326,
"<font size=""1"">",၅-ပဉ္စမသိက္ခာပုဒ်,327,
"<font size=""1"">",၆-ဆဋ္ဌသိက္ခာပုဒ်,327,
"<font size=""1"">",၇-သတ္တမသိက္ခာပုဒ်,328,
"<font size=""1"">",၈-အဋ္ဌမသိက္ခာပုဒ်,328,
"<font size=""1"">",၉-နဝမသိက္ခာပုဒ်,329,
"<font size=""1"">",၁၀-ဒသမသိက္ခာပုဒ်,329,
"<font size=""1.5"">",၃-ခမ္ဘကတဝဂ်,330,
"<font size=""1"">",၁-ပဌမသိက္ခာပုဒ်,330,
"<font size=""1"">",၂-ဒုတိယသိက္ခာပုဒ်,330,
"<font size=""1"">",၃-တတိယသိက္ခာပုဒ်,331,
"<font size=""1"">",၄-စတုတ္တသိက္ခာပုဒ်,331,
"<font size=""1"">",၅-ပဉ္စမသိက္ခာပုဒ်,332,
"<font size=""1"">",-ဆဋ္ဌသိက္ခာပုဒ်,332,
"<font size=""1"">",၇-သတ္တမသိက္ခာပုဒ်,333,
"<font size=""1"">",၈-အဋ္ဌမသိက္ခာပုဒ်,333,
"<font size=""1"">",၉-နဝမသိက္ခာပုဒ်,334,
"<font size=""1"">",၁၀-ဒသမသိက္ခာပုဒ်,334,
"<font size=""1.5"">",၄-သက္ကစ္စဝဂ်,335,
"<font size=""1"">",၁-ပဌမသိက္ခာပုဒ်,335,
"<font size=""1"">",၂-ဒုတိယသိက္ခာပုဒ်,335,
"<font size=""1"">",၃-တတိယသိက္ခာပုဒ်,336,
"<font size=""1"">",၄-စတုတ္တသိက္ခာပုဒ်,337,
"<font size=""1"">",၅-ပဉ္စမသိက္ခာပုဒ်,338,
"<font size=""1"">",၆-ဆဋ္ဌသိက္ခာပုဒ်,339,
"<font size=""1"">",၄-သက္ကစ္စဝဂ်,340,
"<font size=""1"">",၇-သတ္တမသိက္ခာပုဒ်,340,
"<font size=""1"">",၈-အဋ္ဌမသိက္ခာပုဒ်,342,
"<font size=""1"">",၁၀-ဒသမသိက္ခာပုဒ်,343,
"<font size=""1.5"">",၅-ကဗဠဝဂ်,344,
"<font size=""1"">",၁-ပဌမသိက္ခာပုဒ်,344,
"<font size=""1"">",၂-ဒုတိယသိက္ခာပုဒ်,344,
"<font size=""1"">",၃-တတိယသိက္ခာပုဒ်,345,
"<font size=""1"">",၄-စတုတ္ထသိက္ခာပုဒ်,345,
"<font size=""1"">",၅-ပဉ္စမသိက္ခာပုဒ်,346,
"<font size=""1"">",၆-ဆဋ္ဌသိက္ခာပုဒ်,346,
"<font size=""1"">",၇-သတ္တမသိက္ခာပုဒ်,347,
"<font size=""1"">",၈-အဋ္ဌမသိက္ခာပုဒ်,347,
"<font size=""1"">",၉-နဝမသိက္ခာပုဒ်,348,
"<font size=""1"">",၁၀-ဒသမသိက္ခာပုဒ်,348,
"<font size=""1.5"">",၆-သုရုသုရုဝဂ်,349,
"<font size=""1"">",၁-ပဌမသိက္ခာပုဒ်,349,
"<font size=""1"">",၂-ဒုတိယသိက္ခာပုဒ်,350,
"<font size=""1"">",၃-တတိယသိက္ခာပုဒ်,350,
"<font size=""1"">",၄-စတုတ္ထသိက္ခာပုဒ်,351,
"<font size=""1"">",၅-ပဉ္စမသိက္ခာပုဒ်,352,
"<font size=""1"">",၆-ဆဋ္ဌသိက္ခာပုဒ်,353,
"<font size=""1"">",၇-သတ္တမသိက္ခာပုဒ်,354,
"<font size=""1"">",၈-အဋ္ဌမသိက္ခာပုဒ်,356,
"<font size=""1"">",၉-နဝမသိက္ခာပုဒ်,356,
"<font size=""1"">",၁၀-ဒသမသိက္ခာပုဒ်,357,
"<font size=""1.5"">",၇-ပါဒုကဝဂ်,358,
"<font size=""1"">",၁-ပဌမသိက္ခာပုဒ်,358,
"<font size=""1"">",၂-ဒုတိယသိက္ခာပုဒ်,358,
"<font size=""1"">",၃-တတိယသိက္ခာပုဒ်,359,
"<font size=""1"">",၄-စတုတ္ထသိက္ခာပုဒ်,359,
"<font size=""1"">",၅-ပဉ္စမသိက္ခာပုဒ်,360,
"<font size=""1"">",၆-ဆဋ္ဌသိက္ခာပုဒ်,360,
"<font size=""1"">",၇-သတ္တမသိက္ခာပုဒ်,361,
"<font size=""1"">",၈-အဋ္ဌမသိက္ခာပုဒ်,361,
"<font size=""1"">",၉-နဝမသိက္ခာပုဒ်,362,
"<font size=""1"">",၁၀-ဒသမသိက္ခာပုဒ်,364,
"<font size=""1"">",၁၁-ဧကာဒသမသိက္ခာပုဒ်,364,
"<font size=""1"">",၁၂-ဒွါဒသမသိက္ခာပုဒ်,365,
"<font size=""1"">",၁၃-တေရသမသိက္ခာပုဒ်,365,
"<font size=""1"">",၁၄-စုဒ္ဒသမသိက္ခာပုဒ်,366,
"<font size=""1"">",၁၅-ပန္နရသမသိက္ခာပုဒ်,367,
"<font size=""2"">",၈-အဓိကရဏသမထ,369,
"<font size=""2"">",၁-ပါရာဇိကအခန်း,371,
"<font size=""1.5"">",၅-ပဌမပါရာဇိကသိက္ခာပုဒ်,371,
"<font size=""1"">",ဝိနည်းပညတ်ကြောင်း ၁၀-ပါး,374,
"<font size=""1"">",၅-ပဌမပါရာဇိကသိက္ခာပုဒ်အဖွင့်,374,
"<font size=""1"">",ဘိက္ခုနီ 'ရဟန်းမိန်းမ' ခေါ်နိုင်ခြင်း ၁၂-ပါး,375,
"<font size=""1.5"">",၆-ဒုတိယပါရာဇိကသိက္ခာပုဒ်,379,
"<font size=""1"">",၆-ဒုတိယပါရာဇိကသိက္ခာပုဒ် အဖွင့်,381,
"<font size=""1.5"">",၇-တတိယပါရာဇိကသိက္ခာပုဒ်,383,
"<font size=""1"">",၇-တတိယပါရာဇိကသိက္ခာပုဒ် အဖွင့်,384,
"<font size=""1.5"">",၈-စတုတ္ထပါရာဇိကသိက္ခာပုဒ်,387,
"<font size=""1"">",၈-စတုတ္ထပါရာဇိက သိက္ခာပုဒ် အဖွင့်,389,
"<font size=""2"">",၂-သံဃာဒိသိသ်အခန်း,391,
"<font size=""1.5"">",၁-ပဌမသံဃာဒိသိသ်သိက္ခာပုဒ်,391,
"<font size=""1"">",၁-ပဌမသံဃာဒိသိသ်သိက္ခာပုဒ် အဖွင့်,393,
"<font size=""1.5"">",၂-ဒုတိယသံဃာဒိသိသ်သိက္ခာပုဒ်,394,
"<font size=""1"">",၂-ဒုတိယသံဃာဒိသိသ်သိက္ခာပုဒ် အဖွင့်,396,
"<font size=""1.5"">",၃-တတိယသံဃာဒိသိသ်သိက္ခာပုဒ်,398,
"<font size=""1"">",၃-တတိယသံဃာဒိသိသ်သိက္ခာပုဒ် အဖွင့်,402,
"<font size=""1.5"">",၄-စတုတ္ထသံဃာဒိသိသ် သိက္ခာပုဒ်,403,
"<font size=""1"">",၄-စတုတ္ထသံဃာဒိသိသ်သိက္ခာပုဒ် အဖွင့်,405,
"<font size=""1.5"">",၅-ပဉ္စမသံဃာဒိသိသ်သိက္ခာပုဒ်,406,
"<font size=""1"">",၅-ပဉ္စမသံဃာဒိသိသ်သိက္ခ္ခာပုဒ် အဖွင့်,407,
"<font size=""1.5"">",၆-ဆဋ္ဌသံဃာဒိသိသ်သိက္ခာပုဒ်,408,
"<font size=""1"">",၆-ဆဋ္ဌသံဃာဒိသိသ်သိက္ခာပုဒ် အဖွင့်,410,
"<font size=""1.5"">",၁၀-ဒသမသံဃာဒိသိသ် သိက္ခာပုဒ်,411,
"<font size=""1"">",၁၀-ဒသမသံဃာဒိသိသ်သိက္ခာပုဒ် အဖွင့်,413,
"<font size=""1.5"">",၁၁-ဧကာဒသမသံဃာဒိသိသ်သိက္ခာပုဒ်,415,
"<font size=""1"">",၁၁-ဧကာဒသမသံဃာဒိသိသ်သိက္ခာပုဒ် အဖွင့်,416,
"<font size=""1.5"">",၁၂-ဒွါဒသမသံဃာဒိသိသ်သိက္ခာပုဒ်,418,
"<font size=""1"">",၁၂-ဒွါဒသမသံဃာဒိသိသ်သိက္ခာပုဒ် အဖွင့်,419,
"<font size=""1.5"">",၁၃-တေရသမသံဃာဒိသိသ်သိက္ခာပုဒ်,421,
"<font size=""1"">",၁၃- တေရသမသံဃာဒိသိသ်သိက္ခာပုဒ် အဖွင့်,423,
"<font size=""1.5"">",သတ္တရသကဏ်နိဂုံး,426,
"<font size=""1.5"">",မှာထားချက်,427,
"<font size=""2"">",၃-နိဿဂ္ဂိအခန်း,428,
"<font size=""1.5"">",၁-ပတ္တဝဂ်,428,
"<font size=""1"">",၁-ပဌမသိက္ခာပုဒ်,428,
"<font size=""1"">",၁-ပဌမသိက္ခာပုဒ် အဖွင့်,429,
"<font size=""1"">",၂-ဒုတိယသိက္ခာပုဒ်,431,
"<font size=""1"">",၂-ဒုတိယသိက္ခာပုဒ် အဖွင့်,432,
"<font size=""1"">",၃-တတိယသိက္ခာပုဒ်,433,
"<font size=""1"">",၃-တတိယသိက္ခာပုဒ် အဖွင့်,434,
"<font size=""1"">",၄-စတုတ္ထသိက္ခာပုဒ်,435,
"<font size=""1"">",၄-စတုတ္ထသိက္ခာပုဒ် အဖွင့်,436,
"<font size=""1"">",၅-ပဉ္စမသိက္ခာပုဒ်,437,
"<font size=""1"">",၅-ပဉ္စမသိက္ခာပုဒ် အဖွင့်,438,
"<font size=""1"">",၆-ဆဋ္ဌသိက္ခာပုဒ်,439,
"<font size=""1"">",၆-ဆဋ္ဌသိက္ခာပုဒ် အဖွင့်,440,
"<font size=""1"">",၇-သတ္တမသိက္ခာပုဒ်,441,
"<font size=""1"">",၇-သတ္တမသိက္ခာပုဒ် အဖွင့်,442,
"<font size=""1"">",၈-အဋ္ဌမသိက္ခာပုဒ်,443,
"<font size=""1"">",၈-အဋ္ဌမသိက္ခာပုဒ် အဖွင့်,444,
"<font size=""1"">",၉-နဝမသိက္ခာပုဒ်,445,
"<font size=""1"">",၉-နဝမသိက္ခာပုဒ် အဖွင့်,446,
"<font size=""1"">",၁၀-ဒသမသိက္ခာပုဒ်,447,
"<font size=""1"">",၁၀-ဒသမသိက္ခာပုဒ် အဖွင့်,448,
"<font size=""1"">",၁၁-ဧကာဒသမသိက္ခာပုဒ်,449,
"<font size=""1"">",၁၁-ဧကာဒသမသိက္ခာပုဒ် အဖွင့်,450,
"<font size=""1"">",၁၂-ဒွါဒသမသိက္ခာပုဒ်,451,
"<font size=""1"">",၁၂-ဒွါဒသမသိက္ခာပုဒ် အဖွင့်,452,
"<font size=""1"">",မှာထားချက်,453,
"<font size=""2"">",၄-ဘိက္ခုနီဝိဘင်းပါစိတ်အခန်း,454,
"<font size=""1.5"">",၁-လသုဏဝဂ်,454,
"<font size=""1"">",၁-ပဌမသိက္ခာပုဒ်,454,
"<font size=""1"">",၁-ပဌမသိက္ခာပုဒ် အဖွင့်,456,
"<font size=""1"">",ဒုတိယသိက္ခာပုဒ်,457,
"<font size=""1"">",၂-ဒုတိယသိက္ခာပုဒ်အဖွင့်,458,
"<font size=""1"">",၃-တတိယသိက္ခာပုဒ်,459,
"<font size=""1"">",၃-တတိယသိက္ခာပုဒ်အဖွင့်,459,
"<font size=""1"">",၄-စတုတ္ထသိက္ခာပုဒ်,460,
"<font size=""1"">",၄-စတုတ္ထသိက္ခာပုဒ် အဖွင့်,461,
"<font size=""1"">",၅-ပဉ္စမသိက္ခာပုဒ်,462,
"<font size=""1"">",၅-ပဉ္စမသိက္ခာပုဒ် အဖွင့်,463,
"<font size=""1"">",၆-ဆဋ္ဌသိက္ခာပုဒ်,464,
"<font size=""1"">",၆-ဆဋ္ဌသိက္ခာပုဒ် အဖွင့်,465,
"<font size=""1"">",၇-သတ္တမသိက္ခာပုဒ်,466,
"<font size=""1"">",၇-သတ္တမသိက္ခာပုဒ် အဖွင့်,467,
"<font size=""1"">",၈-အဋ္ဌမသိက္ခာပုဒ်,468,
"<font size=""1"">",၈-အဋ္ဌမသိက္ခာပုဒ် အဖွင့်,469,
"<font size=""1"">",၉-နဝမသိက္ခာပုဒ်,470,
"<font size=""1"">",၉-နဝမသိက္ခာပုဒ် အဖွင့်,471,
"<font size=""1"">",၁၀-ဒသမသိက္ခာပုဒ်,472,
"<font size=""1"">",၁၀-ဒသမသိက္ခာပုဒ် အဖွင့်,473,
"<font size=""1.5"">",၂-အန္ဓကာရဝဂ်,474,
"<font size=""1"">",၁-ပဌမသိက္ခာပုဒ်,474,
"<font size=""1"">",၁-ပဌမသိက္ခာပုဒ် အဖွင့်,475,
"<font size=""1"">",၂-ဒုတိယသိက္ခာပုဒ်,476,
"<font size=""1"">",၂-ဒုတိယသိက္ခာပုဒ် အဖွင့်,477,
"<font size=""1"">",၃-တတိယသိက္ခာပုဒ်,478,
"<font size=""1"">",၃-တတိယသိက္ခာပုဒ် အဖွင့်,479,
"<font size=""1"">",စတုတ္ထသိက္ခာပုဒ်,480,
"<font size=""1"">",၄-စတုတ္ထသိက္ခာပုဒ် အဖွင့်,481,
"<font size=""1"">",၅-ပဉ္စမသိက္ခာပုဒ်,482,
"<font size=""1"">",၅-ပဉ္စမသိက္ခာပုဒ် အဖွင့်,483,
"<font size=""1"">",၆-ဆဋ္ဌသိက္ခာပုဒ်,484,
"<font size=""1"">",၆-ဆဋ္ဌသိက္ခာပုဒ် အဖွင့်,485,
"<font size=""1"">",၇-သတ္တမသိက္ခာပုဒ်,486,
"<font size=""1"">",၇-သတ္တမသိက္ခာပုဒ် အဖွင့်,487,
"<font size=""1"">",၈-အဋ္ဌမသိက္ခာပုဒ်,488,
"<font size=""1"">",၈-အဋ္ဌမသိက္ခာပုဒ် အဖွင့်,489,
"<font size=""1"">",၉-နဝမသိက္ခာပုဒ်,490,
"<font size=""1"">",၉-နဝမသိက္ခာပုဒ် အဖွင့်,491,
"<font size=""1"">",၁၀-ဒသမသိက္ခာပုဒ်,492,
"<font size=""1"">",၁၀-ဒသမသိက္ခာပုဒ် အဖွင့်,492,
"<font size=""1.5"">",၃-နဂ္ဂဝဂ်,493,
"<font size=""1"">",၁-ပဌမသိက္ခာပုဒ်,493,
"<font size=""1"">",၁-ပဌမသိက္ခာပုဒ် အဖွင့်,494,
"<font size=""1"">",၂-ဒုတိယသိက္ခာပုဒ်,495,
"<font size=""1"">",၂-ဒုတိယသိက္ခာပုဒ် အဖွင့်,496,
"<font size=""1"">",၃-တတိယသိက္ခာပုဒ်,497,
"<font size=""1"">",၃-တတိယသိက္ခာပုဒ်အဖွင့်,498,
"<font size=""1"">",၄-စတုတ္ထသိက္ခာပုဒ်,500,
"<font size=""1"">",၄-စတုတ္ထသိက္ခာပုဒ် အဖွင့်,501,
"<font size=""1"">",၅-ပဉ္စမသိက္ခာပုဒ်,502,
"<font size=""1"">",၅-ပဉ္စမသိက္ခာပုဒ် အဖွင့်,503,
"<font size=""1"">",၆-ဆဋ္ဌသိက္ခာပုဒ်,504,
"<font size=""1"">",၆-ဆဋ္ဌသိက္ခာပုဒ် အဖွင့်,505,
"<font size=""1"">",၇-သတ္တမသိက္ခာပုဒ်,506,
"<font size=""1"">",၇- သတ္တမသိက္ခာပုဒ် အဖွင့်,507,
"<font size=""1"">",၈-အဋ္ဌမသိက္ခာပုဒ်,508,
"<font size=""1"">",၈-အဋ္ဌမသိက္ခာပုဒ် အဖွင့်,509,
"<font size=""1"">",၉-နဝမသိက္ခာပုဒ်,510,
"<font size=""1"">",၉-နဝမသိက္ခာပုဒ် အဖွင့်,511,
"<font size=""1"">",၁၀-ဒသမသိက္ခာပုဒ်,512,
"<font size=""1"">",၁၀-ဒသမသိက္ခာပုဒ် အဖွင့်,513,
"<font size=""1.5"">",၄-တုဝဋ္ဋဝဂ်,514,
"<font size=""1"">",၁-ပဌမသိက္ခာပုဒ်,514,
"<font size=""1"">",၁-ပဌမသိက္ခာပုဒ် အဖွင့်,515,
"<font size=""1"">",၂-ဒုတိယသိက္ခာပုဒ်,516,
"<font size=""1"">",၂-ဒုတိယသိက္ခာပုဒ် အဖွင့်,517,
"<font size=""1"">",၃-တတိယသိက္ခာပုဒ်,518,
"<font size=""1"">",၃-တတိယသိက္ခာပုဒ် အဖွင့်,519,
"<font size=""1"">",၄-စတုတ္ထသိက္ခာပုဒ်,520,
"<font size=""1"">",၄-စတုတ္ထသိက္ခာပုဒ် အဖွင့်,521,
"<font size=""1"">",၅-ပဉ္စမသိက္ခာပုဒ်,522,
"<font size=""1"">",၅-ပဉ္စမသိက္ခာပုဒ် အဖွင့်,524,
"<font size=""1"">",၆-ဆဋ္ဌသိက္ခာပုဒ်,526,
"<font size=""1"">",၆-ဆဋ္ဌသိက္ခာပုဒ် အဖွင့်,527,
"<font size=""1"">",၇-သတ္တမသိက္ခာပုဒ်,529,
"<font size=""1"">",၇-သတ္တမသိက္ခာပုဒ် အဖွင့်,530,
"<font size=""1"">",၈-အဋ္ဌမသိက္ခာပုဒ်,531,
"<font size=""1"">",၈-အဋ္ဌမသိက္ခာပုဒ် အဖွင့်,532,
"<font size=""1"">",၉-နဝမသိက္ခာပုဒ်,533,
"<font size=""1"">",၉-နဝမသိက္ခာပုဒ် အဖွင့်,534,
"<font size=""1"">",၁၀-ဒသမသိက္ခာပုဒ်,535,
"<font size=""1"">",၁၀-ဒသမသိက္ခာပုဒ် အဖွင့်,536,
"<font size=""1.5"">",၅-စိတ္တာဂါရဝဂ်,537,
"<font size=""1"">",၁-ပဌမသိက္ခာပုဒ်,537,
"<font size=""1"">",၂-ဒုတိယသိက္ခာပုဒ်,539,
"<font size=""1"">",၂-ဒုတိယသိက္ခာပုဒ် အဖွင့်,540,
"<font size=""1"">",၃-တတိယသိက္ခာပုဒ်,541,
"<font size=""1"">",၃-တတိယသိက္ခာပုဒ် အဖွင့်,542,
"<font size=""1"">",၄-စတုတ္ထသိက္ခာပုဒ်,543,
"<font size=""1"">",၄-စတုတ္ထသိက္ခာပုဒ် အဖွင့်,543,
"<font size=""1"">",၅-ပဉ္စမသိက္ခာပုဒ်,544,
"<font size=""1"">",၅-ပဉ္စမသိက္ခာပုဒ် အဖွင့်,545,
"<font size=""1"">",၆-ဆဋ္ဌသိက္ခာပုဒ်,546,
"<font size=""1"">",၆-ဆဋ္ဌသိက္ခာပုဒ် အဖွင့်,547,
"<font size=""1"">",၇-သတ္တမသိက္ခာပုဒ်,548,
"<font size=""1"">",၇-သတ္တမသိက္ခာပုဒ် အဖွင့်,549,
"<font size=""1"">",၈-အဋ္ဌမသိက္ခာပုဒ်,550,
"<font size=""1"">",၈-အဋ္ဌမသိက္ခာပုဒ် အဖွင့်,551,
"<font size=""1"">",၉-နဝမသိက္ခာပုဒ်,552,
"<font size=""1"">",၉-နဝမသိက္ခာပုဒ် အဖွင့်,553,
"<font size=""1"">",၁၀-ဒသမသိက္ခာပုဒ်,554,
"<font size=""1"">",၁၀-ဒသမသိက္ခာပုဒ် အဖွင့်,555,
"<font size=""1.5"">",၆-အာရာမဝဂ်,556,
"<font size=""1"">",၁-ပဌမသိက္ခာပုဒ်,556,
"<font size=""1"">",၁-ပဌမသိက္ခာပုဒ် အဖွင့်,558,
"<font size=""1"">",၂-ဒုတိယသိက္ခာပုဒ်,559,
"<font size=""1"">",၂-ဒုတိယသိက္ခာပုဒ် အဖွင့်,560,
"<font size=""1"">",၃-တတိယသိက္ခာပုဒ်,561,
"<font size=""1"">",၃-တတိယသိက္ခာပုဒ် အဖွင့်,562,
"<font size=""1"">",၄-စတုတ္ထသိက္ခာပုဒ်,563,
"<font size=""1"">",၄-စတုတ္ထသိက္ခာပုဒ် အဖွင့်,564,
"<font size=""1"">",၅-ပဉ္စမသိက္ခာပုဒ်,565,
"<font size=""1"">",၅-ပဉ္စမသိက္ခာပုဒ် အဖွင့်,566,
"<font size=""1"">",၆-ဆဋ္ဌသိက္ခာပုဒ်,567,
"<font size=""1"">",၆-ဆဋ္ဌသိက္ခာပုဒ် အဖွင့်,568,
"<font size=""1"">",၇-သတ္တမသိက္ခာပုဒ်,569,
"<font size=""1"">",၇-သတ္တမသိက္ခာပုဒ် အဖွင့်,570,
"<font size=""1"">",၈-အဋ္ဌမသိက္ခာပုဒ်,571,
"<font size=""1"">",၈-အဋ္ဌမသိက္ခာပုဒ် အဖွင့်,572,
"<font size=""1"">",၉-နဝမသိက္ခာပုဒ်,573,
"<font size=""1"">",နဝမသိက္ခာပုဒ် အဖွင့်,573,
"<font size=""1"">",၁၀-ဒသမသိက္ခာပုဒ်,574,
"<font size=""1"">",၁၀-ဒသမသိက္ခာပုဒ် အဖွင့်,575,
"<font size=""1.5"">",၇-ဂဗ္ဘိနီဝဂ်,576,
"<font size=""1"">",၁-ပဌမသိက္ခာပုဒ်,576,
"<font size=""1"">",၁-ပဌမသိက္ခာပုဒ် အဖွင့်,577,
"<font size=""1"">",၂-ဒုတိယသိက္ခာပုဒ်,578,
"<font size=""1"">",၂-ဒုတိယသိက္ခာပုဒ် အဖွင့်,579,
"<font size=""1"">",၃-တတိယသိက္ခာပုဒ်,580,
"<font size=""1"">",၃-တတိယသိက္ခာပုဒ် အဖွင့်,582,
"<font size=""1"">",၄-စတုတ္ထသိက္ခာပုဒ်,583,
"<font size=""1"">",၄-စတုတ္ထသိက္ခာပုဒ် အဖွင့်,585,
"<font size=""1"">",၅-ပဉ္စမသိက္ခာပုဒ်,586,
"<font size=""1"">",၅-ပဉ္စမသိက္ခာပုဒ် အဖွင့်,587,
"<font size=""1"">",၆-ဆဋ္ဌသိက္ခာပုဒ်,588,
"<font size=""1"">",၆-ဆဋ္ဌသိက္ခာပုဒ် အဖွင့်,590,
"<font size=""1"">",၇-သတ္တမသိက္ခာပုဒ်,591,
"<font size=""1"">",၇-သတ္တမသိက္ခာပုဒ် အဖွင့်,593,
"<font size=""1"">",၈-အဋ္ဌမသိက္ခာပုဒ်,594,
"<font size=""1"">",၈-အဋ္ဌမသိက္ခာပုဒ် အဖွင့်,595,
"<font size=""1"">",၉-နဝမသိက္ခာပုဒ်,596,
"<font size=""1"">",၉-နဝမသိက္ခာပုဒ်အဖွင့်,597,
"<font size=""1"">",၁၀-ဒသမသိက္ခာပုဒ်,598,
"<font size=""1"">",၁၀-ဒသမသိက္ခာပုဒ် အဖွင့်,599,
"<font size=""1.5"">",၈-ကုမာရီဘူတဝဂ်,600,
"<font size=""1"">",၁-ပဌမသိက္ခာပုဒ်,600,
"<font size=""1"">",၁-ပဌမသိက္ခာပုဒ် အဖွင့်,601,
"<font size=""1"">",၂-ဒုတိယသိက္ခာပုဒ်,602,
"<font size=""1"">",၂-ဒုတိယသိက္ခာပုဒ် အဖွင့်,604,
"<font size=""1"">",၃-တတိယသိက္ခာပုဒ်,605,
"<font size=""1"">",၃-တတိယသိက္ခာပုဒ် အဖွင့်,607,
"<font size=""1"">",၄-စတုတ္ထသိက္ခာပုဒ်,608,
"<font size=""1"">",၄-စတုတ္ထသိက္ခာပုဒ်အဖွင့်,609,
"<font size=""1"">",၅-ပဉ္စမသိက္ခာပုဒ်,610,
"<font size=""1"">",၅-ပဉ္စမသိက္ခာပုဒ် အဖွင့်,612,
"<font size=""1"">",၆-ဆဋ္ဌသိက္ခာပုဒ်,613,
"<font size=""1"">",၆-ဆဋ္ဌသိက္ခာပုဒ်အဖွင့်,614,
"<font size=""1"">",၇-သတ္တမသိက္ခာပုဒ်,615,
"<font size=""1"">",၇-သတ္တမသိက္ခာပုဒ် အဖွင့်,616,
"<font size=""1"">",၈-အဋ္ဌမသိက္ခာပုဒ်,617,
"<font size=""1"">",၈-အဋ္ဌမသိက္ခာပုဒ် အဖွင့်,618,
"<font size=""1"">",၉-နဝမသိက္ခာပုဒ်,619,
"<font size=""1"">",နဝမသိက္ခာပုဒ် အဖွင့်,620,
"<font size=""1"">",၁၀-ဒသမသိက္ခာပုဒ်,621,
"<font size=""1"">",၁၀-ဒသမသိက္ခာပုဒ် အဖွင့်,622,
"<font size=""1"">",၁၁-ဧကာဒသမသိက္ခာပုဒ်,623,
"<font size=""1"">",၁၁-ဧကာဒသမသိက္ခာပုဒ် အဖွင့်,624,
"<font size=""1"">",၁၂-ဒွါဒသမသိက္ခာပုဒ်,625,
"<font size=""1"">",၁၂-ဒွါဒသမသိက္ခာပုဒ် အဖွင့်,626,
"<font size=""1"">",၁၃-တေရသမသိက္ခာပုဒ်,627,
"<font size=""1"">",၁၃-တေရသမသိက္ခာပုဒ် အဖွင့်,628,
"<font size=""1.5"">",၉-ဆတ္တုပါဟနဝဂ်,629,
"<font size=""1"">",၁-ပဌမသိက္ခာပုဒ်,629,
"<font size=""1"">",၁-ပဌမသိက္ခာပုဒ် အဖွင့်,630,
"<font size=""1"">",၂-ဒုတိယသိက္ခာပုဒ်,631,
"<font size=""1"">",၂-ဒုတိယသိက္ခာပုဒ် အဖွင့်,632,
"<font size=""1"">",၃-တတိယသိက္ခာပုဒ်,633,
"<font size=""1"">",၄-စတုတ္တသိက္ခာပုဒ်,635,
"<font size=""1"">",၄-စတုတ္ထသိက္ခာပုဒ် အဖွင့်,636,
"<font size=""1"">",၅-ပဉ္စမသိက္ခာပုဒ်,637,
"<font size=""1"">",၅-ပဉ္စမသိက္ခာပုဒ် အဖွင့်,638,
"<font size=""1"">",၆-ဆဋ္ဌသိက္ခာပုဒ်,639,
"<font size=""1"">",၆-ဆဋ္ဌသိက္ခာပုဒ် အဖွင့်,640,
"<font size=""1"">",၇-သတ္တမသိက္ခာပုဒ်,641,
"<font size=""1"">",၇-သတ္တမသိက္ခာပုဒ် အဖွင့်,642,
"<font size=""1"">",၈-၉-၁၀-အဋ္ဌမ နဝမ ဒသမသိက္ခာပုဒ်,643,
"<font size=""1"">",၈-၉-၁၀-အဋ္ဌမ နဝမ ဒသမသိက္ခာပုဒ် အဖွင့်,644,
"<font size=""1"">",၁၁-ဧကာဒသမသိက္ခာပုဒ်,645,
"<font size=""1"">",၁၁-ဧကာဒသမသိက္ခာပုဒ် အဖွင့်,646,
"<font size=""1"">",၁၂-ဒွါဒသမသိက္ခာပုဒ်,647,
"<font size=""1"">",၁၂-ဒွါဒသမသိက္ခာပုဒ် အဖွင့်,648,
"<font size=""1"">",၁၃-တေရသမသိက္ခာပုဒ်,649,
"<font size=""1"">",၁၃-တေရသမသိက္ခာပုဒ် အဖွင့်,650,
"<font size=""2"">",၅-ပါဋိဒေသနီအခန်း,651,
"<font size=""1.5"">",၁-ပဌမပါဋိဒေသနီသိက္ခာပုဒ်,651,
"<font size=""1"">",၁-ပဌမပါဋိဒေသနီသိက္ခာပုဒ် အဖွင့်,652,
"<font size=""1.5"">",၂-ဒုတိယစသော ပါဋိဒေသနီသိက္ခာပုဒ်များ,653,
"<font size=""1"">",၂-ဒုတိယစသော ပါဋိဒေသနီသိက္ခာပုဒ် အဖွင့်များ,655,
"<font size=""2"">",၆-သေခိယအခန်း,657,
"<font size=""1.5"">",၁-ပရိမဏ္ဍလဝဂ်,657,
"<font size=""1.5"">",၇-ပါဒုကဝဂ်,658,
"<font size=""2"">",၇-အဓိကရဏသမထ အခန်း။,660,
1,01_vinaya_03,မဟာဝါ,552
"<font size=""2"">",၁-မဟာခန္ဓက,1,
"<font size=""1.5"">",၁-ဘုရားဖြစ်တော်မူခြင်း,1,
"<font size=""1"">",အနုလုံ,1,
"<font size=""1"">",ပဋိလုံ,1,
"<font size=""1"">",ဥဒါန်း၂,2,
"<font size=""1"">",အနုလုံ ပဋိလုံ,2,
"<font size=""1"">",ဥဒါန်း,2,
"<font size=""1"">",အနုလုံ ပဋိလုံ,2,
"<font size=""1"">",ဥဒါန်း,3,
"<font size=""1.5"">",၂-အဇပါလ (ဆိတ်ကျောင်း) ညောင်ပင်ရင်း၌ စံနေတော်မူခြင်း,4,
"<font size=""1"">",ဥဒါန်း,4,
"<font size=""1.5"">",၃-ကျည်းပင်ရင်း၌ စံနေတော်မူခြင်း,5,
"<font size=""1"">",ဥဒါန်း,5,
"<font size=""1.5"">",၄-လင်းလွန်းပင်ရင်း၌ စံနေတော်မူခြင်း,6,
"<font size=""1.5"">",၅။ ဗြဟ္မာတောင်းပန်ခြင်း,7,
"<font size=""1.5"">",၆။ ပဉ္စဝဂ္ဂီတို့အား တရားဟောတော်မူခြင်း,12,
"<font size=""1"">",ဥပကနှင့်တွေ့တော်မူခြင်း,13,
"<font size=""1"">",ဓမ္မစကြာသုတ်,15,
"<font size=""1"">",ဒုက္ခသစ္စာ၌ ဉာဏ်သုံးပါး,17,
"<font size=""1"">",သမုဒယသစ္စာ၌ ဉာဏ်သုံးပါး,17,
"<font size=""1"">",နိရောဓသစ္စာ၌ ဉာဏ်သုံးပါး,17,
"<font size=""1"">",မဂ္ဂ္ဂသစ္စာ၌ ဉာဏ်သုံးပါး,18,
"<font size=""1"">",နတ်ဗြဟ္မာတို့ ကြွေးကြော်ကြခြင်း,19,
"<font size=""1"">",အနတ္တ လက္ခဏ သုတ်,21,
"<font size=""1.5"">",၇-ရှင်ရဟန်းပြုကြခြင်း,23,
"<font size=""1"">",ယသသူဌေးသား ရဟန်းပြုခြင်းအကြောင်း,23,
"<font size=""1"">",ယသသူငယ်ချင်း လေးယောက် ရဟန်းပြုခြင်းအကြောင်း,27,
"<font size=""1"">",ယသသူငယ်ချင်း ငါးကျိပ် ရဟန်းပြုခြင်းအကြောင်း,30,
"<font size=""1.5"">",၈-မာရ်နတ်အကြောင်း,32,
"<font size=""1.5"">",၉-ရှင်ရဟန်းပြုပေးနိုင်ရန် ခွင့်ပြုခြင်း,33,
"<font size=""1.5"">",၁၀-မာရ်နတ်အကြောင်း ဒုတိယပိုင်း,34,
"<font size=""1.5"">",၁၁- ဘဒ္ဒဝဂ္ဂီ သူငယ်ချင်းသုံးကျိပ်ဝတ္ထု,35,
"<font size=""1.5"">",၁၂-ဥရုဝေလကဿပ ချွတ်တော်မူခန်း,37,
"<font size=""1"">",အာဒိတ္တပရိယာယသုတ်,47,
"<font size=""1.5"">",၁၃-ဗိမ္ဗိသာရမင်းနှင့် တွေ့ဆုံတော်မူခန်း,49,
"<font size=""1.5"">",၁၄-သာရိပုတ္တရာနှင့် မောဂ္ဂလာန် ရဟန်းပြုခန်း,55,
"<font size=""1"">",လူကုံထံတို့ ရဟန်းပြုခန်း,59,
"<font size=""1.5"">",၁၅-ဥပဇ္ဈာယ်ဆရာ၌ ပြုရန်ကျင့်ဝတ်ကို ပြဆိုခြင်း,60,
"<font size=""1.5"">",၁၆-အတူနေတပည့်၌ ပြုရန်ကျင့်ဝတ်ကို ပြဆိုခြင်း,66,
"<font size=""1.5"">",၁၇-နှင်ထုတ်ထိုက်သည်ကို ပြဆိုခြင်း,70,
"<font size=""1.5"">",၁၈- (နိဿရည်း) ဆရာ၌ ပြုရန်ကျင့်ဝတ်ကို ပြဆိုခြင်း,76,
"<font size=""1.5"">",၁၉-အနီးနေတပည့်၌ ပြုရန်ကျင့်ဝတ်များ,83,
"<font size=""1.5"">",၂၀-နှင်ထုတ်ခြင်း သည်းခံစေခြင်း,87,
"<font size=""1.5"">",၂၁-မလိမ္မာမကျွမ်းကျင်ကုန်သော ရဟန်းများ,89,
"<font size=""1.5"">",၂၂-ရဟန်းတို့ နိဿရည်းငြိမ်းပုံ,90,
"<font size=""1.5"">",၂၃-ရဟန်းခံပေးထိုက်သော အင်္ဂ ါငါးပါးအပေါင်း,91,
"<font size=""1.5"">",၂၄-ရဟန်းခံပေးထိုက်သော အင်္ဂ ါခြောက်ပါးအပေါင်း,95,
"<font size=""1.5"">",၂၅-တိတ္ထိဖြစ်ဖူးသူအကြောင်း,99,
"<font size=""1.5"">",၂၆- အနာကြီး ငါးမျိုး,103,
"<font size=""1.5"">",၂၇-မင်းခစားဝတ္ထု,105,
"<font size=""1.5"">",၂၈-အဂုင်္လိမာလခိုးသူဝတ္ထု,107,
"<font size=""1.5"">",၂၉-နှောင်အိမ်ဖျက်ခိုးသူဝတ္ထု,108,
"<font size=""1.5"">",၃၀-ကြော်ငြာထားအပ်သော ခိုးသူဝတ္ထု,109,
"<font size=""1.5"">",၃၁-ကြိမ်ဒဏ်ခံရသူဝတ္ထု,109,
"<font size=""1.5"">",၃၂-သံပူကပ်၍ အမှတ်ပြုခံရသော ဝတ္ထု,110,
"<font size=""1.5"">",၃၃-ကြွေးမြီတင်သူဝတ္ထု,110,
"<font size=""1.5"">",၃၄-ကျွန် ဝတ္ထု,111,
"<font size=""1.5"">",၃၅- ကမ္မာရဘဏ္ဍု ဝတ္ထု၁,111,
"<font size=""1.5"">",၃၆-ဥပါလိသူငယ်ဝတ္ထု,112,
"<font size=""1.5"">",၃၇-ယဉ်းနာရောဂါ ဝတ္ထု,114,
"<font size=""1.5"">",၃၈-ကဏ္ဍက ဝတ္ထု,115,
"<font size=""1.5"">",၃၉-အရပ်ကျဉ်းမြောင်းခြင်း ဝတ္ထု,115,
"<font size=""1.5"">",၄၀-နိဿရည်းလွတ်ခြင်း,116,
"<font size=""1.5"">",၄၁-ရာဟုလာ ဝတ္ထု,119,
"<font size=""1.5"">",၄၂-သိက္ခာပုဒ်,121,
"<font size=""1.5"">",၄၃-ဒဏ်ပေးခြင်းဝတ္ထု,122,
"<font size=""1.5"">",၄၄- မပန်ကြားဘဲ တားမြစ်ခြင်းဝတ္ထု,123,
"<font size=""1.5"">",၄၅-ဖြားယောင်းသွေးဆောင်ခြင်းဝတ္ထု,123,
"<font size=""1.5"">",၄၆-ကဏ္ဍကသာမဏေဝတ္ထု,123,
"<font size=""1.5"">",၄၇-ပဏ္ဍုက်ဝတ္ထု,124,
"<font size=""1.5"">",၄၈-ခိုး၍ပေါင်းသင်းသူဝတ္ထု,125,
"<font size=""1.5"">",၅၀-အမိကိုသတ်သူဝတ္ထု,127,
"<font size=""1.5"">",၅၁-အဖကိုသတ်သူဝတ္ထု,128,
"<font size=""1.5"">",၅၂-ရဟန္တာသတ်သူဝတ္ထု,129,
"<font size=""1.5"">",၅၃-ဘိက္ခုနီမကို ဖျက်ဆီးသူ ဝတ္ထု,130,
"<font size=""1.5"">",၅၄-ဥဘတောဗျည်းဝတ္ထု,130,
"<font size=""1.5"">",၅၅-ဥပဇ္ဈာယ်မရှိသူ စသည်ဝတ္ထု,131,
"<font size=""1.5"">",၅၆-သပိတ်မရှိသူ စသည်ဝတ္ထု,132,
"<font size=""1.5"">",၅၇-ရှင်ရဟန်းမပြုထိုက်သူ သုံးကျိပ်နှစ်ယောက်ကိုပြဆိုရာ,133,
"<font size=""1.5"">",၅၈-အလဇ္ဇီနိဿယဝတ္ထုများ,134,
"<font size=""1.5"">",၅၉-ခရီးသွားရဟန်းစသည့် နိဿယဝတ္ထုများ,135,
"<font size=""1.5"">",၆၁-ပဉ္စင်းလောင်းနှစ်ပါး စသည်ဝတ္ထု,136,
"<font size=""1.5"">",၆၂-ပဋိသန္ဓေရက်နှင့်တကွ အသက်နှစ်ဆယ်ရှိသူကို ပဉ္စင်းခံခွင့်ပြုခြင်း,136,
"<font size=""1.5"">",၆၃-ရဟန်းခံခြင်း အစီအစဉ်,137,
"<font size=""1.5"">",၆၄-မှီခိုရာလေးပါး,141,
"<font size=""1.5"">",၆၅-မပြုကျင့်အပ်သော တရားလေးပါး,142,
"<font size=""1.5"">",၆၆-အာပတ်ကို မရှု၍ နှင်ထုတ်ခြင်း ဝတ္ထုများ,144,
"<font size=""1.5"">",၆၇-ထိုမဟာခန္ဓက၏ အကျဉ်းချုပ်,146,
"<font size=""2"">",၂-ဥပေါသထက္ခန္ဓက,149,
"<font size=""1.5"">",၆၉-ပါတိမောက်ပြရန် ခွင့်ပြုခြင်း,151,
"<font size=""1.5"">",ပါတိမောက်ပြရန်ခွင့်ပြုခြင်းအဖွင့်,152,
"<font size=""1.5"">",၇၀-မဟာကပ္ပိနဝတ္ထု,154,
"<font size=""1.5"">",၇၁-သိမ်ခွင့်ပြုတော်မူခြင်း,155,
"<font size=""1.5"">",၇၂-ဥပုသ်အိမ်,156,
"<font size=""1.5"">",၇၃-ဥပုသ်အိမ်ဥပစာ ခွင့်ပြုတော်မူခြင်း,157,
"<font size=""1.5"">",၇၄-အဝိပ္ပဝါသသိမ် ခွင့်ပြုတော်မူခြင်း,158,
"<font size=""1.5"">",၇၅-သိမ်နုတ်ခြင်း,160,
"<font size=""1.5"">",၇၆-ဂါမသိမ်စသည်,161,
"<font size=""1.5"">",၇၇-ဥပုသ်အပြား,162,
"<font size=""1.5"">",၇၈-အကျဉ်းအားဖြင့် ပါတိမောက်ပြခြင်းစသည်,163,
"<font size=""1.5"">",၇၉-ဝိနည်းကို မေးခြင်း,164,
"<font size=""1.5"">",၈၀-ဝိနည်းကို ဖြေဆိုခြင်း,165,
"<font size=""1.5"">",၈၁-စောဒနာခြင်း,166,
"<font size=""1.5"">",၈၂-အဓမ္မကံကို တားမြစ်ခြင်း စသည်,167,
"<font size=""1.5"">",၈၃-ပါတိမောက်ပြမည့်သူကို တိုက်တွန်းခြင်းစသည်,168,
"<font size=""1.5"">",၈၄-ပက္ခရေတွက်ခြင်းစသည်ကို ခွင့်ပြုခြင်း,170,
"<font size=""1.5"">",၈၅-ရှေးဦးပြုဖွယ်ကို ခွင့်ပြုတော်မူခြင်း,171,
"<font size=""1.5"">",၈၆-အရပ်တစ်ပါးသွားသူ,173,
"<font size=""1.5"">",၈၇-ပါရိသုဒ္ဓိပေးခြင်း,175,
"<font size=""1.5"">",၈၈-ဆန္ဒပေးခြင်း,177,
"<font size=""1.5"">",၈၉-ဆွေမျိုးစသည်တို့က ဖမ်းယူခြင်း,179,
"<font size=""1.5"">",၉၀-ရဟန်းရူးဟု သမုတ်ခြင်း,180,
"<font size=""1.5"">",၉၁-သံဃာ့ဥပုသ်စသည့်အပြား,181,
"<font size=""1.5"">",၉၂-အာပတ်ကုစားနည်း,183,
"<font size=""1.5"">",၉၃-အာပတ်ကိုထင်ရှားစွာပြုခြင်း,184,
"<font size=""1.5"">",၉၄-သဘောတူအာပတ်ကုစားနည်း,185,
"<font size=""1.5"">",၉၅-အာပတ်မသင့်ခြင်း တစ်ဆယ့်ငါးမျိုး,187,
"<font size=""1.5"">",၉၆-ဝဂ်ဖြစ်၍ ဝဂ်ဖြစ်၏ဟု အမှတ်ရှိခြင်း တစ်ဆယ့်ငါးမျိုး,191,
"<font size=""1.5"">",၉၇-ယုံမှားရှိခြင်းတစ်ဆယ့်ငါးမျိုး,192,
"<font size=""1.5"">",၉၈-တွေးတောမှု 'သံသယကုက္ကုစ္စ' နှိပ်စက်ခြင်း တစ်ဆယ့်ငါးမျိုး,193,
"<font size=""1.5"">",၉၉-ကွဲပြားခြင်းကို ရှေးရှုခြင်း တစ်ဆယ့်ငါးမျိုး,194,
"<font size=""1.5"">",၁၀၀-သိမ်သို့ ဝင်၍ နေခြင်း စကားမြှုပ်များ,198,
"<font size=""1"">",နေ့အထူး,199,
"<font size=""1.5"">",၁၀၁-အသွင်ကို မြင်ခြင်းစသည်,200,
"<font size=""1.5"">",၁၀၂-ပေါင်းသင်းဆက်ဆံမှုမတူသော ရဟန်းစသည်တို့နှင့် ဥပုသ်ပြုခြင်း,202,
"<font size=""1.5"">",၁၀၃-မသွားအပ်သည်ကို ဆိုရာ,203,
"<font size=""1.5"">",၁၀၄-သွားအပ်သည်ကို ဆိုရာ,204,
"<font size=""1.5"">",၁၀၅-ကြဉ်အပ်သော 'ဝဇ္ဇနီယ' ပုဂ္ဂိုလ်ကို ပြခြင်း,205,
"<font size=""1.5"">",၁၀၆-ထိုဥပေါသထက္ခန္ဓက၏ အကျဉ်းချုပ်,206,
"<font size=""2"">",၃-ဝဿူပနာယိကက္ခန္ဓက,208,
"<font size=""1.5"">",၁၀၇-ဝါကပ်ရန် ခွင့်ပြုတော်မူခြင်း,208,
"<font size=""1.5"">",၁၀၈-ဝါတွင်း၌ ဒေသစာရီ လှည့်လည်ခြင်းကို ပယ်တော်မူခြင်းစသည်,209,
"<font size=""1.5"">",၁၀၉-ခုနစ်ရက်ပြုဖွယ်ကို ခွင့်ပြုတော်မူခြင်း,210,
"<font size=""1.5"">",၁၁၁-ခုနစ်ဦးတို့အတွက် မပင့်သော်လည်း ခွင့်ပြုခြင်း,219,
"<font size=""1.5"">",၁၁၂- ပင့်ခေါ်မှသာ ခွင့်ပြုခြင်း,220,
"<font size=""1.5"">",၁၁၃-အန္တရာယ်ရှိခဲ့သော် ဝါပြတ်သော်လည်း အာပတ် မသင့်ခြင်း,221,
"<font size=""1.5"">",၁၄၄-သံဃာကွဲပြားသော် ဝါပြတ်ခြင်းကြောင့် အာပတ် မသင့်ခြင်း,223,
"<font size=""1.5"">",၁၁၅-နွားကျောင်းသားတို့၏ နေရာစသည်တို့ ၌ ဝါကပ်ခြင်း,225,
"<font size=""1.5"">",၁၁၆-ဝါမကပ်သင့်သော နေရာများ,226,
"<font size=""1.5"">",၁၁၇-မတရားသော ကတိကဝတ်,227,
"<font size=""1.5"">",၁၁၈-ဝန်ခံရာ၌ ဒုက္ကဋ်အာပတ် သင့်ခြင်း,228,
"<font size=""1.5"">",၁၁၉-ထိုဝဿူပနာယိကက္ခန္ဓက၏ အကျဉ်းချုပ်,233,
"<font size=""2"">",၄-ပဝါရဏာက္ခန္ဓက,234,
"<font size=""1.5"">",၁၂၀-မချမ်းသာဘဲနေခြင်း,234,
"<font size=""1.5"">",၁၂၁-ပဝါရဏာကံလေးမျိုး,238,
"<font size=""1.5"">",၁၂၂-ပဝါရဏာပေးခြင်းကို ခွင့်ပြုခြင်း,239,
"<font size=""1.5"">",၁၂၃-ဆွေမျိုးစသည်တို့က ဖမ်းယူခြင်း,241,
"<font size=""1.5"">",၁၂၄-သံဃာ့ပဝါရဏာ စသည်အပြား,242,
"<font size=""1.5"">",၁၂၅-အာပတ်ကို ကုစားနည်း,245,
"<font size=""1.5"">",၁၂၆-အာပတ်ကို ထင်ရှားစွာပြုခြင်း,246,
"<font size=""1.5"">",၁၂၇-သဘောတူအာပတ်ကို ကုစားနည်း,247,
"<font size=""1.5"">",၁၂၈-အာပတ်မသင့်ခြင်း တစ်ဆယ့်ငါးမျိုး,248,
"<font size=""1.5"">",၁၂၉-ဝဂ်ဖြစ်၍ ဝဂ်ဖြစ်၏ဟု အမှတ်ရှိခြင်း တစ်ဆယ့်ငါးမျိုး,251,
"<font size=""1.5"">",၁၃၀-ယုံမှားရှိခြင်း တစ်ဆယ့်ငါးမျိုး,252,
"<font size=""1.5"">",၁၃၁-တွေးတောမှု 'သံသယကုက္ကုစ္စ' နှိပ်စက်ခြင်း တစ်ဆယ့်ငါးမျိုး,253,
"<font size=""1.5"">",၁၃၂-ကွဲပြားခြင်းကို ရှေးရှုခြင်း တစ်ဆယ့်ငါးမျိုး,254,
"<font size=""1.5"">",၁၃၃-သိမ်သို့ဝင်၍ နေခြင်းစကားမြှုပ်များ,257,
"<font size=""1.5"">",၁၃၄- နေ့အထူး,258,
"<font size=""1.5"">",၁၃၅-အသွင်ကို မြင်ခြင်းစသည်,259,
"<font size=""1.5"">",၁၃၆-ပေါင်းသင်းဆက်ဆံမှုမတူသော ရဟန်းစသည်တို့နှင့် ပဝါရဏာပြုခြင်း,261,
"<font size=""1.5"">",၁၃၇-မသွားအပ်သည်ကို ဆိုရာ,262,
"<font size=""1.5"">",၁၃၈-သွားအပ်သည်ကို ဆိုရာ,263,
"<font size=""1.5"">",၁၃၉-ကြဉ်အပ်သော 'ဝဇ္ဇနီယ' ပုဂ္ဂိုလ်ကို ပြခြင်း,264,
"<font size=""1.5"">",၁၄၀-နှစ်ကြိမ်စသည် ပဝါရဏာပြုခြင်း,265,
"<font size=""1.5"">",၁၄၁-ပဝါရဏာထားခြင်း,267,
"<font size=""1.5"">",၁၄၂-ထုလ္လစ္စဉ်းဝတ္ထုစသည်,271,
"<font size=""1.5"">",၁၄၃-ဝတ္ထုကို ထားခြင်းစသည်,272,
"<font size=""1.5"">",၁၄၄-ငြင်းခုံခြင်းကိုပြုခြင်း,273,
"<font size=""1.5"">",၁၄၅-ပဝါရဏာဖြင့် သြင်္ဂိုဟ်ထောက်ပံ့ခြင်း,276,
"<font size=""1.5"">",၁၄၆-ထိုပဝါရဏာက္ခန္ဓက၏ အကျဉ်းချုပ်,278,
"<font size=""2"">",၅-စမ္မက္ခန္ဓက,279,
"<font size=""1.5"">",၁၄၇-သောဏကောဠိဝိသဝတ္ထု,279,
"<font size=""1.5"">",သောဏရဟန်းဖြစ်ခြင်း,282,
"<font size=""1.5"">",၁၄၈-နှစ်လွှာဖိနပ်စသည်ကိုပယ်ခြင်း,287,
"<font size=""1.5"">",၁၄၉-အညိုရောင်ဖိနပ်စသည်ကိုပယ်ခြင်း,288,
"<font size=""1.5"">",၁၅၀-အလွှာများသော ဖိနပ်ဟောင်းတို့ကို ခွင့်ပြုတော်မူခြင်း,289,
"<font size=""1.5"">",၁၅၁-အရံအတွင်း၌ ဖိနပ်ကို ခွင့်ပြုတော်မူခြင်း,290,
"<font size=""1.5"">",၁၅၂-သစ်သားဖိနပ်စသည်တို့ကို ပယ်ခြင်း,292,
"<font size=""1.5"">",၁၅၃-ယာဉ်စသည်တို့ကို ပယ်ခြင်း,296,
"<font size=""1.5"">",၁၅၄-မြင့်သောနေရာ မြတ်သောနေရာတို့ကို ပယ်ခြင်း,297,
"<font size=""1.5"">",၁၅၅-သားရေအားလုံးကို ပယ်တော်မူခြင်း,298,
"<font size=""1.5"">",၁၅၆-လူတို့၏ ဥစ္စာကို ခွင့်ပြုခြင်းစသည်,300,
"<font size=""1.5"">",၁၅၇-သောဏကုဋိကဏ္ဏဝတ္ထု,301,
"<font size=""1.5"">",၁၅၈-မဟာကစ္စည်း၏ ဆုငါးပါးကို ပြခြင်း,302,
"<font size=""1.5"">",၁၅၉-ထိုစမ္မက္ခန္ဓက၏ အကျဉ်းချုပ်,306,
"<font size=""2"">",၆-ဘေသဇ္ဇက္ခန္ဓက,308,
"<font size=""1.5"">",၁၆၀-ဆေးငါးမျိုး,308,
"<font size=""1.5"">",၁၆၁-အမြစ်စသောဆေး,310,
"<font size=""1.5"">",၁၆၂-ပိလိန္ဒဝစ္ဆဝတ္ထု,317,
"<font size=""1.5"">",၁၆၃-တင်လဲစသည်ကို ခွင့်ပြုခြင်း,320,
"<font size=""1.5"">",၁၆၄- အကပ္ပိယကုဋိအတွင်း၌ သိုမှီခြင်းစသည်ကို ပယ်တော်မူခြင်း,321,
"<font size=""1.5"">",၁၆၅-အကပ်ပျက်သည်ကို အကပ်ခံခြင်း,323,
"<font size=""1.5"">",၁၆၆-အကပ်ခံခြင်းစသည်ကို ခွင့်ပြုတော်မူခြင်း,325,
"<font size=""1.5"">",၁၆၇-ဓားခွဲခြင်းကို ပယ်တော်မူခြင်း,327,
"<font size=""1.5"">",၁၆၈-လူသားကို ပယ်တော်မူခြင်း,328,
"<font size=""1.5"">",၁၆၉-ဆင်သားစားသည်ကို ပယ်ခြင်း,331,
"<font size=""1.5"">",၁၇၀-ယာဂုမုန့်ချိုတို့ကို ခွင့်ပြုတော်မူခြင်း,333,
"<font size=""1"">",ယာဂုလှူကျိုး ၁၀-ပါး,334,
"<font size=""1.5"">",၁၇၁-သဒ္ဓါတရားနုသော အမတ်ကြီး ဝတ္ထု,335,
"<font size=""1.5"">",၁၇၂-ဗေလဋ္ဌကစ္စာန ဝတ္ထု,338,
"<font size=""1.5"">",၁၇၃-ပါဋလိဂါမဝတ္ထု,341,
"<font size=""1.5"">",သီလပျက်ခြင်းအပြစ်ငါးပါး,342,
"<font size=""1.5"">",သီလပြည့်စုံခြင်း အကျိုးငါးပါး,343,
"<font size=""1.5"">",၁၇၄-သုနိဓနှင့် ဝဿကာရအမတ်ကြီးများ ပါဋလိပုတ် မြို့တည်ခန်း,344,
"<font size=""1.5"">",၁၇၅-ကောဋိရွာ၌ သစ္စာလေးပါးကို ဟောတော်မူခြင်း,347,
"<font size=""1.5"">",၁၇၆-အမ္ဗပါလီဝတ္ထု,348,
"<font size=""1.5"">",၁၇၇-လိစ္ဆဝီဝတ္ထု,349,
"<font size=""1.5"">",၁၇၈-သီဟစစ်သူကြီးဝတ္ထု,351,
"<font size=""1.5"">",၁၇၉-ကပ္ပိယဘူမိကို ခွင့်ပြုတော်ခြင်း,358,
"<font size=""1.5"">",၁၈၀-မေဏ္ဍကသူကြွယ်ဝတ္တု,361,
"<font size=""1.5"">",၁၈၁-ဂေါရသငါးမျိုး ခွင့်ပြုတော်မူခြင်း,365,
"<font size=""1.5"">",၁၈၂-ကေဏိယရသေ့ဝတ္ထု,367,
"<font size=""1.5"">",၁၈၃-ရောဇမည်သော မလ္လမင်းဝတ္ထု,369,
"<font size=""1.5"">",၁၈၄- တောထွက်ရဟန်းဝတ္ထု,372,
"<font size=""1.5"">",၁၈၅- မဟာပဒေသလေးပါး ၁,374,
"<font size=""1.5"">",၁၈၆- ထိုဘေသဇ္ဇက္ခန္ဓက၏ အကျဉ်းချုပ်,375,
"<font size=""1.5"">",၇-ကထိနက္ခန္ဓက,377,
"<font size=""1.5"">",၁၈၈-သင်္ကန်းကိုယူသွားခြင်းဖြင့် (ကထိန်နုတ်ခြင်း) ခုနစ်မျိုး,380,
"<font size=""1.5"">",၁၈၉-သင်္ကန်းကိုကောင်းစွာယူသွားခြင်းဖြင့် (ကထိန်နုတ်ခြင်း) ခုနစ်မျိုး၁,381,
"<font size=""1.5"">",၁၉၀-သင်္ကန်းကို ယူသွားခြင်းဖြင့် (ကထိန်နုတ်ခြင်း) ခြောက်မျိုး,382,
"<font size=""1.5"">",၁၉၁-သင်္ကန်းကို ကောင်းစွာယူသွားခြင်းဖြင့် (ကထိန်နုတ်ခြင်း) ခြောက်မျိုး,383,
"<font size=""1.5"">",၁၉၂-သင်္ကန်းကို ယူသွားခြင်းဖြင့် (ကထိန်နုတ်ခြင်း) တစ်ဆယ့်ငါးမျိုး,384,
"<font size=""1.5"">",၁၉၃ - သင်္ကန်းကို ကောင်းစွာယူသွားခြင်းဖြင့် (ကထိန်နုတ်ခြင်း) တစ်ဆယ့်ငါးမျိုး စသည်,386,
"<font size=""1.5"">",၁၉၄-ချုပ်၍မပြီးသေးသော သင်္ကန်းကို ကောင်းစွာယူသွားခြင်းဖြင့် (ကထိန်နုတ်ခြင်း) တစ်ဆယ့်ငါးမျိုး,386,
"<font size=""1.5"">",၁၉၅- အာသာမရှိခြင်း၁၂-ပါး,389,
"<font size=""1.5"">",၁၉၆-အာသာရှိခြင်း၁၂-ပါး,391,
"<font size=""1.5"">",၁၉၇-ပြုဖွယ်၁၂-ပါး,393,
"<font size=""1.5"">",၁၉၈-အလိုရှိခြင်း ၉-ပါး,395,
"<font size=""1.5"">",၁၉၉-ချမ်းသာစွာနေခြင်း ၅-ပါး,397,
"<font size=""1.5"">",၂၀၀-ပလိဗောဓ ရှိမရှိကို ပြခြင်း,399,
"<font size=""1.5"">",၂၀၁-ကထိနက္ခန္ဓ၏ အကျဉ်းချုပ်,400,
"<font size=""2"">",၈-စီဝရက္ခန္ဓက,403,
"<font size=""1.5"">",၂၀၂-ဇီဝကဝတ္ထု,403,
"<font size=""1.5"">",၂၀၃- သူဌေးကတော် ဝတ္ထု,406,
"<font size=""1.5"">",၂၀၄။ ဗိမ္ဗိသာရမင်းဝတ္ထု,408,
"<font size=""1.5"">",၂၀၅-ရာဇဂြိုဟ်သူဌေးဝတ္ထု,409,
"<font size=""1.5"">",၂၀၆-သူဌေးသားဝတ္ထု,411,
"<font size=""1.5"">",၂၀၇- ပဇ္ဇောတမင်း ဝတ္ထု,413,
"<font size=""1.5"">",၂၀၈-သိဝိတိုင်းဖြစ် ပုဆိုးအစုံ,415,
"<font size=""1.5"">",၂၀၉-အကြိမ်သုံးဆယ် ဝမ်းနှုတ်ခြင်း,416,
"<font size=""1.5"">",၂၁၀-ဆုတောင်းခြင်း,418,
"<font size=""1.5"">",၂၁၁-ကမ္ဗလာကို ခွင့်ပြုတော်မူခြင်း,420,
"<font size=""1.5"">",၂၁၂-ပံ့သကူသင်္ကန်း ရှာမှီးခြင်း,421,
"<font size=""1.5"">",၂၁၃-သင်္ကန်းခံယူစေရန် သမုတ်ခြင်း,422,
"<font size=""1.5"">",၂၁၄-ဘဏ္ဍာအိမ်သမုတ်ခြင်းစသည်,423,
"<font size=""1.5"">",၂၁၅-သင်္ကန်းဆိုးခြင်း,426,
"<font size=""1.5"">",၂၁၆ - ဖြတ်သောသင်္ကန်းကို ခွင့်ပြုတော်မူခြင်း,428,
"<font size=""1.5"">",၂၁၇-တိစီဝရိက်ကို ခွင့်ပြုတော်မူခြင်း,429,
"<font size=""1.5"">",၂၁၈-ပိုလွန်သောသင်္ကန်း,431,
"<font size=""1.5"">",၂၁၉-ဝိသာခါဝတ္ထု,433,
"<font size=""1.5"">",ဝိသာခါတောင်းသော ဆု (၈) ပါး,435,
"<font size=""1.5"">",၂၂၀-နိသီဒိုင်အခင်းစသည်ကို ခွင့်ပြုတော်မူခြင်း,438,
"<font size=""1.5"">",၂၂၁-အယုတ်ဆုံး ဝိကပ္ပနာပြုလောက်သည့်ပမာဏရှိသော သင်္ကန်း,440,
"<font size=""1.5"">",၂၂၂-သံဃိကသင်္ကန်းဖြစ်ပေါ်ခြင်း,442,
"<font size=""1.5"">",၂၂၃-သာကီဝင်မင်းသား အသျှင်ဥပနန္ဒဝတ္ထု,444,
"<font size=""1.5"">",၂၂၄-သူနာရဟန်းဝတ္ထု,445,
"<font size=""1.5"">",၂၂၅-သေလွန်သော ရဟန်း၏ ဥစ္စာ,448,
"<font size=""1.5"">",၂၂၆-အဝတ်မဝတ်သောအကျင့်ကို ပယ်ခြင်း,450,
"<font size=""1.5"">",၂၂၇-သမန်းမြက်သင်္ကန်းစသည်ကို ပယ်ခြင်း,451,
"<font size=""1.5"">",၂၂၈-အလုံးစုံညိုသော သင်္ကန်းစသည်ကို ပယ်ခြင်း,452,
"<font size=""1.5"">",၂၂၉-ဝါကျွတ်သော ရဟန်းတို့အား သင်္ကန်းမရနိုင်ခြင်းအကြောင်း,453,
"<font size=""1.5"">",၂၃၀-ကွဲပြားသော သံဃာအား သင်္ကန်းရနိုင်ခြင်းအကြောင်း,454,
"<font size=""1.5"">",၂၃၁-ကောင်းမကောင်းသော ယူခြင်းစသည်ကို ပြခြင်း,455,
"<font size=""1.5"">",၂၃၂-သင်္ကန်းဖြစ်ပေါ်ကြောင်း မာတိကာရှစ်ပါး,457,
"<font size=""1.5"">",၂၃၃-ထိုစီဝရက္ခန္ဓက၏ အကျဉ်းချုပ်,458,
"<font size=""2"">",၉-စမ္ပေယျက္ခန္ဓက,460,
"<font size=""1.5"">",၂၃၄-ကဿပဂေါတ္တရဟန်းဝတ္ထု,460,
"<font size=""1.5"">",၂၃၅-မတရားသဖြင့် ဝဂ်ဖြစ်ခြင်းစသော ကံအကြောင်း,464,
"<font size=""1.5"">",၂၃၆-ဉတ်ပျက်စီးသောကံ စသည်အကြောင်း,467,
"<font size=""1.5"">",၂၃၇-လေးပါးအစုရှိသော သံဃာစသည်တို့ ပြုအပ်သော ကံများ,471,
"<font size=""1.5"">",၂၃၈-ကံမမြောက်သော ပရိဝါသ်ပေးခြင်းစသည်ကို ပြခြင်း,475,
"<font size=""1.5"">",၂၃၉-နှင်ထုတ်ခြင်းနှစ်မျိုး စသည်ကို ပြခြင်း,477,
"<font size=""1.5"">",၂၄၀-အဓမ္မကံ စသည်ကို ပြခြင်း,479,
"<font size=""1.5"">",၂၄၁-ဥပါလိ၏ အမေးပြဿနာကို ပြခြင်း,482,
"<font size=""1.5"">",၂၄၂-တဇ္ဇနီယကံကို ပြခြင်း,487,
"<font size=""1.5"">",၂၄၃-နိယဿကံကို ပြခြင်း,490,
"<font size=""1.5"">",၂၄၄-ပဗ္ဗာဇနီယကံကို ပြခြင်း,491,
"<font size=""1.5"">",၂၄၅-ပဋိသာရဏီယကံကို ပြခြင်း,491,
"<font size=""1.5"">",၂၄၆-အဒဿနဥက္ခေပနီယကံကို ပြခြင်း,492,
"<font size=""1.5"">",၂၄၇-အပ္ပဋိကမ္မဥက္ခေပနီယကံကို ပြုခြင်း,492,
"<font size=""1.5"">",၂၄၈- အပ္ပဋိနိဿဂ္ဂဥက္ခေပနီယကံကို ပြခြင်း,493,
"<font size=""1.5"">",၂၄၉-တဇ္ဇနီယကံ ငြိမ်းမှုကို ပြခြင်း,493,
"<font size=""1.5"">",၂၅၀-နိယဿကံ ငြိမ်းမှုကို ပြခြင်း,497,
"<font size=""1.5"">",၂၅၁-ပဗ္ဗာဇနိယကံ ငြိမ်းမှုကို ပြခြင်း,497,
"<font size=""1.5"">",၂၅၂-ပဋိသာရဏီယကံ ငြိမ်းမှုကို ပြခြင်း,498,
"<font size=""1.5"">",၂၅၃-အဒဿနဥက္ခေပနီယကံ ငြိမ်းမှုကို ပြခြင်း,499,
"<font size=""1.5"">",၂၅၄-အပ္ပဋိကမ္မဥက္ခေပနီယကံ ငြိမ်းမှုကို ပြခြင်း,500,
"<font size=""1.5"">",၂၅၅-အပ္ပဋိနိဿဂ္ဂ ဥက္ခေပနီယကံ ငြိမ်းမှုကို ပြခြင်း,501,
"<font size=""1.5"">",၂၅၆-တဇ္ဇနီယကံနှင့်စပ်သော ငြင်းခုံမှုကို ပြခြင်း,502,
"<font size=""1.5"">",၂၅၇-နိယဿကံနှင့်စပ်သော ငြင်းခုံမှုကို ပြခြင်း,504,
"<font size=""1.5"">",၂၅၈-ပဗ္ဗာဇနိယကံနှင့်စပ်သော ငြင်းခုံမှုကို ပြခြင်း,505,
"<font size=""1.5"">",၂၅၉-ပဋိသာရဏီယကံနှင့်စပ်သော ငြင်းခုံမှုကို ပြခြင်း,506,
"<font size=""1.5"">",၂၆၀-အဒဿနဥက္ခေပနီယကံနှင့်စပ်သော ငြင်းခုံမှုကို ပြခြင်း,507,
"<font size=""1.5"">",၂၆၁-အပ္ပဋိကမ္မဥက္ခေပနီယကံနှင့်စပ်သော ငြင်းခုံမှုကို ပြခြင်း,508,
"<font size=""1.5"">",၂၆၂-အပ္ပဋိနိဿဂ္ဂဥက္ခေပနီယကံနှင့်စပ်သော ငြင်းခုံမှုကို ပြခြင်း,509,
"<font size=""1.5"">",၂၆၃-တဇ္ဇနီယကံ ငြိမ်းမှုကို ပြခြင်း,510,
"<font size=""1.5"">",၂၆၄-နိယဿကံ ငြိမ်းမှုကို ပြခြင်း,512,
"<font size=""1.5"">",၂၆၅-ပဗ္ဗာဇနိယကံ ငြိမ်းမှုကို ပြခြင်း,513,
"<font size=""1.5"">",၂၆၆-ပဋိသာရဏီယကံ ငြိမ်းမှုကို ပြခြင်း,514,
"<font size=""1.5"">",၂၆၇-အဒဿနဥက္ခေပနီယကံ ငြိမ်းမှုကို ပြခြင်း,515,
"<font size=""1.5"">",၂၆၈-အပ္ပဋိကမ္မဥက္ခေပနီယကံ ငြိမ်းမှုကို ပြခြင်း,516,
"<font size=""1.5"">",၂၆၉-အပ္ပဋိနိဿဂ္ဂဥက္ခေပနီယကံ ငြိမ်းမှုကို ပြခြင်း,517,
"<font size=""1.5"">",၂၇၀-ထိုစမ္ပေယျက္ခန္ဓက၏ အကျဉ်းချုပ်,518,
"<font size=""2"">",၁၀-ကောသမ္ဗကက္ခန္ဓက,522,
"<font size=""1.5"">",၂၇၁-ကောသမ္ဗီပြည်သား ရဟန်းတို့၏ ငြင်းခုံမှုကို ပြခြင်း,522,
"<font size=""1.5"">",၂၇၂-ဒီဃာဝု ဝတ္ထု,528,
"<font size=""1.5"">",၂၇၃-ဗာလကလောဏကရွာသို့ ကြွတော်မူခြင်း,537,
"<font size=""1.5"">",၂၇၄- အရှေ့ဝါးတောသို့ ကြွတော်မူခြင်း,537,
"<font size=""1.5"">",၂၇၅-ပါလိလေယျကတောသို့ ကြွတော်မူခြင်း,540,
"<font size=""1.5"">",၂၇၆- အကြောင်းတစ်ဆယ့်ရှစ်မျိုးကို ပြခြင်း,542,
"<font size=""1.5"">",၂၇၇-သံဃာဘောင်သို့ သွင်းမူကို ခွင့်ပြုတော်မူခြင်း,546,
"<font size=""1.5"">",၂၇၈-သံဃာညီညွတ်မှုကိုပြခြင်း,547,
"<font size=""1.5"">",၂၇၉-ဥပါလိ၏ သံဃာညီညွတ်ရေး ပြဿနာ,549,
"<font size=""1.5"">",၂၈၀- ထိုကောသမ္ဗကက္ခန္ဓက၏ အကျဉ်းချုပ်,552,
1,01_vinaya_04,စူဠဝါ,547
"<font size=""2"">",၁ -ကမ္မက္ခန္ဓက,1,
"<font size=""1.5"">",၁-တဇ္ဇနီယကံ,1,
"<font size=""1"">",မတရားသောကံ တစ်ဆယ့်နှစ်ပါး,5,
"<font size=""1"">",တရားသောကံ တစ်ဆယ့်နှစ်ပါး,7,
"<font size=""1"">",အလိုရှိက ပြုလုပ်ရာသောကံ ခြောက်ပါး,9,
"<font size=""1"">",ခြိမ်းခြောက်မှု 'တဇ္ဇနီယ' ကံ၌ ကျင့်ဝတ် တစ်ဆယ့်ရှစ်ပါး,10,
"<font size=""1"">",မငြိမ်းစေရမည့် အကြောင်း တစ်ဆယ့်ရှစ်ပါး,11,
"<font size=""1"">",တဇ္ဇနီယကံကို ငြိမ်းစေရမည့် အကြောင်း တစ်ဆယ့်ရှစ်ပါး,12,
"<font size=""1.5"">",၂-နိယဿကံ,14,
"<font size=""1"">",မတရားသောကံ တစ်ဆယ့်နှစ်ပါး,16,
"<font size=""1"">",တရားသောကံ တစ်ဆယ့်နှစ်ပါး,17,
"<font size=""1"">",အလိုရှိကပြုလုပ်ရာသောကံ ခြောက်ပါး,18,
"<font size=""1"">",နိယဿကံ၌ ကျင့်ဝတ် တစ်ဆယ့်ရှစ်ပါး,19,
"<font size=""1"">",နိယဿကံ ငြိမ်းခြင်း,19,
"<font size=""1"">",နိယဿကံကို မငြိမ်းစေအပ်သောအကြောင်း တစ်ဆယ့်ရှစ်ပါး,20,
"<font size=""1"">",နိယဿကံကို ငြိမ်းစေအပ်သောအကြောင်း တစ်ဆယ့်ရှစ်ပါး,21,
"<font size=""1.5"">",၃-ပဗ္ဗာဇနီယကံ,23,
"<font size=""1"">",မတရားသောကံ တစ်ဆယ့်နှစ်ပါး,30,
"<font size=""1"">",တရားသောကံ တစ်ဆယ့်နှစ်ပါး,31,
"<font size=""1"">",ပြုလိုကပြုရာသောကံ တစ်ဆယ့်လေးပါး,32,
"<font size=""1"">",ပဗ္ဗာဇနီယကံ၌ ကျင့်ဝတ် တစ်ဆယ့်ရှစ်ပါး,34,
"<font size=""1"">",မငြိမ်းစေအပ်သော အကြောင်း တစ်ဆယ့်ရှစ်ပါး,36,
"<font size=""1"">",ပဗ္ဗာဇနီယကံ၌ ငြိမ်းစေအပ်သော အကြောင်း တစ်ဆယ့်ရှစ်ပါး,37,
"<font size=""1.5"">",၄-ပဋိသာရဏီယကံ,39,
"<font size=""1"">",မတရားသောကံ တစ်ဆယ့်နှစ်ပါး,42,
"<font size=""1"">",တရားသောကံ တစ်ဆယ့်နှစ်ပါး,43,
"<font size=""1"">",ပြုလိုက ပြုရာသောကံလေးပါး,44,
"<font size=""1"">",ပဋိသာရဏီယကံ၌ ကျင့်ဝတ်တစ်ဆယ့်ရှစ်ပါး,45,
"<font size=""1"">",မငြိမ်းစေအပ်သော အကြောင်းတစ်ဆယ့်ရှစ်ပါး,47,
"<font size=""1"">",ငြိမ်းစေအပ်သော အကြောင်း တစ်ဆယ့်ရှစ်ပါး,48,
"<font size=""1.5"">",၅-အာပတ်ကို မရှုခြင်းကြောင့် ပြုအပ်သော ဥက္ခေပနီယကံ,50,
"<font size=""1"">",တရားသောကံ တစ်ဆယ့်နှစ်ပါး,53,
"<font size=""1"">",ပြုလိုက ပြုရာသောကံခြောက်ပါး,54,
"<font size=""1"">",ကျင့်ဝတ်လေးဆယ့်သုံးပါး,55,
"<font size=""1"">",မငြိမ်းစေအပ်သောအကြောင်း လေးဆယ့်သုံးပါး,57,
"<font size=""1"">",ငြိမ်းစေအပ်သောအကြောင်း လေးဆယ့်သုံးပါး,59,
"<font size=""1.5"">",၆-အာပတ်ကို မကုစားခြင်းကြောင့် ပြုအပ်သော ဥက္ခေပနီယကံ,62,
"<font size=""1"">",ဥက္ခေပနီယကံ၌ မတရားသောကံ တစ်ဆယ့်နှစ်ပါး,64,
"<font size=""1"">",တရားသောကံ တစ်ဆယ့်နှစ်ပါး,65,
"<font size=""1"">",ဥက္ခေပနီယကံ၌ ပြုလိုက ပြုရာသောကံ ခြောက်ပါး,66,
"<font size=""1"">",ကျင့်ဝတ် လေးဆယ့်သုံးပါး,67,
"<font size=""1"">",မငြိမ်းစေအပ်သောအကြောင်း လေးဆယ့်သုံးပါး,69,
"<font size=""1"">",ငြိမ်းစေအပ်သောအကြောင်း လေးဆယ့်သုံးပါး,70,
"<font size=""1.5"">",၇။ ယုတ်မာသောအယူကို မစွန့်ခြင်းကြောင့် ပြုအပ်သော ဥက္ခေပနီယကံ,72,
"<font size=""1"">",မတရားသောကံ တစ်ဆယ့်နှစ်ပါး,75,
"<font size=""1"">",တရားသောကံ တစ်ဆယ့်နှစ်ပါး,76,
"<font size=""1"">",ပြုလိုက ပြုရာသောကံ ခြောက်ပါး,77,
"<font size=""1"">",ကျင့်ဝတ် လေးဆယ့်သုံးပါး,78,
"<font size=""1"">",မငြိမ်းစေအပ်သောအကြောင်း လေးဆယ့်သုံးပါး,80,
"<font size=""1"">",ငြိမ်းစေအပ်သောအကြောင်း လေးဆယ့်သုံးပါး,81,
"<font size=""1"">",ထိုကမ္မက္ခန္ဓက၏ အကျဉ်းချုပ်,84,
"<font size=""2"">",၂-ပါရိဝါသိကက္ခန္ဓက,87,
"<font size=""1.5"">",၁-ပရိဝါသ် ဆောက်တည်သော ရဟန်း၏ ကျင့်ဝတ်,87,
"<font size=""1.5"">",၂-အရင်းသို့ငင်ထိုက်သော ရဟန်းတို့၏ ကျင့်ဝတ်,93,
"<font size=""1.5"">",၃-မာနတ်ကျင့်ထိုက်သော ရဟန်းတို့၏ ကျင့်ဝတ်,97,
"<font size=""1.5"">",၄-မာနတ်ကျင့်ဆဲ ရဟန်း၏ ကျင့်ဝတ်,101,
"<font size=""1.5"">",၅-အဗ္ဘာန်သွင်းထိုက်သော ရဟန်း၏ ကျင့်ဝတ်,105,
"<font size=""1.5"">",ထိုပါရိဝါသိကက္ခန္ဓက၏ အကျဉ်းချုပ်,108,
"<font size=""2"">",၃-သမုစ္စယက္ခန္ဓက,109,
"<font size=""1.5"">",၁-သုက္ကဝိဿဋ္ဌိ,109,
"<font size=""1"">",အပ္ပဋိစ္ဆန္နမာနတ်,110,
"<font size=""1"">",ဖုံးလွှမ်းခြင်းမရှိသော အဗ္ဘာန်,112,
"<font size=""1"">",တစ်ရက် ဖုံးလွှမ်းအပ်သော ပရိဝါသ်,114,
"<font size=""1"">",တစ်ရက် ဖုံးလွှမ်းအပ်သော မာနတ်,115,
"<font size=""1"">",တစ်ရက် ဖုံးလွှမ်းအပ်သော အဗ္ဘာန်,117,
"<font size=""1"">",ငါးရက် ဖုံးလွှမ်းအပ်သော ပရိဝါသ်,119,
"<font size=""1"">",ပရိဝါသ်ဆောက်တည်စဉ် အရင်းသို့ငင်ခြင်း,120,
"<font size=""1"">",မာနတ်ကျင့်ထိုက်စဉ် အရင်းသို့ ငင်ခြင်း,122,
"<font size=""1"">",အာပတ်သုံးခုတို့၏ မာနတ်,124,
"<font size=""1"">",မာနတ်ကျင့်စဉ် အရင်းသို့ ငင်ခြင်း,125,
"<font size=""1"">",အဗ္ဘာန်သွင်းထိုက်သော ရဟန်းကို အရင်းသို့ငင်ခြင်း,127,
"<font size=""1"">",အရင်းသို့ ငင်ထားသော ရဟန်းအား အဗ္ဘာန်သွင်းခြင်း,128,
"<font size=""1"">",လခွဲဖုံးလွှမ်းအပ်သော ပရိဝါသ်,131,
"<font size=""1"">",လခွဲဖုံးလွှမ်းအပ်သော ပရိဝါသ်နေစဉ် အရင်းသို့ငင်ခြင်း,132,
"<font size=""1"">",သမောဓာနပရိဝါသ်,134,
"<font size=""1"">",မာနတ်ကျင့်ထိုက်သော ရဟန်းကို အရင်းသို့ ငင်ခြင်း စသည်,136,
"<font size=""1"">",အာပတ်သုံးမျိုးတို့၏ မာနတ်,137,
"<font size=""1"">",မာနတ်ကျင့်စဉ် အရင်းသို့ ငင်ခြင်း စသည်,138,
"<font size=""1"">",အဗ္ဘာန်သွင်းထိုက်သော ရဟန်းအား အရင်းသို့ ငင်ခြင်း စသည်,139,
"<font size=""1"">",ပက္ခပ္ပဋိစ္ဆန္နအဗ္ဘာန်,140,
"<font size=""1.5"">",၂-ပရိဝါသ်,144,
"<font size=""1"">",အဂ္ဃသမောဓာန ပရိဝါသ်,144,
"<font size=""1"">",သဗ္ဗစိရပ္ပဋိ စ္ဆန္န အဂ္ဃသမောဓာန်,146,
"<font size=""1"">",နှစ်လ ပရိဝါသ်,147,
"<font size=""1"">",နှစ်လပရိဝါသ်နေရမည့် အစီအရင်,151,
"<font size=""1"">",သုဒ္ဓန္တပရိဝါသ်,161,
"<font size=""1.5"">",၃-စတ္တာလီသက (၄၀),164,
"<font size=""1.5"">",၄- ဆတ္တိံသက (၃၆),167,
"<font size=""1.5"">",၅-မာနတ္တသတ (၁၀၀),169,
"<font size=""1.5"">",၆-သမူလာယသမောဓာန ပရိဝါသ် (၄၀၀),173,
"<font size=""1.5"">",၇-ပရိမာဏစသော ဝါရရှစ်ခု,178,
"<font size=""1.5"">",၈- ရဟန်းနှစ်ပါးတို့၏ ဝါရတစ်ဆယ့်တစ်မျိုး,179,
"<font size=""1.5"">",၉-မူလာယအဝိသုဒ္ဓိနဝက,181,
"<font size=""1.5"">",၁၀-ဒုတိယ နဝက,184,
"<font size=""1"">",၁၁-တတိယ နဝက,187,
"<font size=""1.5"">",ထိုသမုစ္စယက္ခန္ဓက၏ အကျဉ်းချုပ်,194,
"<font size=""2"">",၄-သမထက္ခန္ဓက,195,
"<font size=""1.5"">",၁-သမ္မုခါဝိနယ,195,
"<font size=""1"">",ကဏှပက္ခနဝက,196,
"<font size=""1"">",သုက္ကပက္ခနဝက,198,
"<font size=""1.5"">",၂-သတိဝိနည်း,200,
"<font size=""1.5"">",၃-အမူဠှဝိနည်း,208,
"<font size=""1.5"">",၄-ပဋိညာတကရဏ,213,
"<font size=""1.5"">",၅-ယေဘုယျသိကာ,215,
"<font size=""1.5"">",၆-တဿပါပိယသိကာ,217,
"<font size=""1"">",အဓမ္မကံ တစ်ဆယ့်နှစ်မျိုး,218,
"<font size=""1"">",ဓမ္မကံ တစ်ဆယ့်နှစ်မျိုး,218,
"<font size=""1"">",ပြုလိုကပြုရာသောကံခြောက်မျိုး,219,
"<font size=""1"">",တစ်ဆယ့်ရှစ်ပါးသော ကျင့်ဝတ်,219,
"<font size=""1.5"">",၇-တိဏဝတ္ထာရက,220,
"<font size=""1.5"">",၈-အဓိကရုဏ်း,224,
"<font size=""1.5"">",၉-အဓိကရုဏ်းငြိမ်းကြောင်းသမထ သမ္မုခါဝိနည်း,233,
"<font size=""1"">",ဥဗ္ဗာဟိကကမ္မဝါစာဖြင့် ငြိမ်းခြင်း,236,
"<font size=""1"">",ယေဘုယျသိကာဝိနည်း,239,
"<font size=""1"">",စာရေးတံမဲ ပေးခြင်းသုံးမျိုး,241,
"<font size=""1"">",သတိဝိနည်း,243,
"<font size=""1"">",အမူဠှဝိနည်း,245,
"<font size=""1"">",တဿပါပီယသိကာဝိနည်း,247,
"<font size=""1"">",ဝန်ခံသည့်အတိုင်းပြုခြင်း,249,
"<font size=""1"">",တိဏဝတ္ထာရက,251,
"<font size=""2"">",၅-ခုဒ္ဒကဝတ္ထုက္ခန္ဓက,254,
"<font size=""1.5"">",ခုဒ္ဒကဝတ္ထုများ,254,
"<font size=""1.5"">",သပိတ်မှောက် အင်္ဂါရှစ်ပါး,280,
"<font size=""1.5"">",ဒန်ပူ မစားခြင်း အပြစ် ၅-မျိုး,297,
"<font size=""1.5"">",ဒန်ပူ စားခြင်း အကျိုး ၅-မျိုး,298,
"<font size=""1.5"">",ထိုခုဒ္ဒကဝတ္ထုက္ခန္ဓက၏ အကျဉ်းချုပ်,305,
"<font size=""2"">",၆-သေနာသနက္ခန္ဓက,310,
"<font size=""1.5"">",၁-ပဌမအခန်း,310,
"<font size=""1"">",ကျောင်းကို ခွင့်ပြုတော်မူခြင်း,310,
"<font size=""1"">",ညောင်စောင်းအင်းပျဉ် စသည်ကို ခွင့်ပြုတော်မူခြင်း,314,
"<font size=""1"">",ဆေးဖြူသုတ်ခြင်း စသည်ကို ခွင့်ပြု ခြင်း,317,
"<font size=""1"">",ပန်းချီဆေးရေးရုပ်ကို ပယ်ခြင်း,318,
"<font size=""1"">",အုတ်စီမှု စသည်ကို ခွင့်ပြု ခြင်း,318,
"<font size=""1"">",ဆွမ်းစားဇရပ်ကို ခွင့်ပြု ခြင်း,320,
"<font size=""1"">",တံတိုင်း စသည်ကို ခွင့်ပြု ခြင်း,321,
"<font size=""1"">",အရံကို ကာရန် ခွင့်ပြုခြင်း,322,
"<font size=""1.5"">",၂-ဒုတိယအအခန်း,323,
"<font size=""1"">",အနာထပိဏ် ဝတ္တု,323,
"<font size=""1"">",အမှုသစ်ကိုပေးခြင်း,329,
"<font size=""1"">",နေရာဦး စသည်ကို ခွင့်ပြုတော်မူခြင်း,330,
"<font size=""1"">",ရှိမခိုးထိုက်သော ပုဂ္ဂိုလ် စသည်,333,
"<font size=""1"">",နေရာတားမြစ်မှုကို ပယ်တော်မူခြင်း,334,
"<font size=""1"">",လူတို့၏ ဥစ္စာကို ခွင့်ပြုတော်မူခြင်း,335,
"<font size=""1"">",ဇေတဝန်ကျောင်းလွှတ် အနုမောဒနာ,336,
"<font size=""1"">",နေရာကို တားမြစ်ခြင်း စသည်,337,
"<font size=""1"">",ကျောင်းယူစေသူဟု သမ္မုတိပေးခြင်း,339,
"<font size=""1.5"">",၃-တတိယအခန်း,341,
"<font size=""1"">",မစွန့်ထိုက်သော ပစ္စည်းများ,344,
"<font size=""1"">",မခွဲဝေထိုက်သော ပစ္စည်းများ,346,
"<font size=""1"">",အမှုသစ် ပေးရမည်ကို ပြခြင်း,348,
"<font size=""1"">",အခြားနေရာ၌ သုံးဆောင်ခြင်းကို ပယ်မြစ်ခြင်း စသည်,351,
"<font size=""1"">",သံဃဘတ် စသည်ကို ခွင့်ပြုခြင်း,353,
"<font size=""1"">",ဆွမ်းညွှန်း ရဟန်းအဖြစ် သမ္မုတိပေးခြင်း,354,
"<font size=""1"">",နေရာခင်းသူ စသည်အဖြစ် သမ္မုတိပေးခြင်း,355,
"<font size=""1"">",ပရိက္ခရာ အနည်းငယ်ကို စွန့်သူအဖြစ် သမ္မုတိပေးခြင်း,356,
"<font size=""1"">",မိုးရေခံသင်္ကန်းပေးသူ စသည်အဖြစ် သမ္မုတိပေးခြင်း,357,
"<font size=""1.5"">",ထိုသေနာသနက္ခန္ဓက၏ အကျဉ်းချုပ်,358,
"<font size=""2"">",၇-သံဃဘေဒကက္ခန္ဓက,361,
"<font size=""1.5"">",၁-ပဌမအခန်း,361,
"<font size=""1"">",သာကီဝင်မင်းသားခြောက်ယောက် ရဟန်းပြုခြင်း,361,
"<font size=""1"">",ဒေဝဒတ်အကြောင်း,367,
"<font size=""1"">",ဆရာငါးဦးကိုပြခြင်း,369,
"<font size=""1.5"">",၂-ဒုတိယအခန်း,372,
"<font size=""1"">",အဇာတသတ်မင်းသားအကြောင်း,375,
"<font size=""1"">",လူသတ်သမားတို့ကို စေလွှတ်ခြင်း,377,
"<font size=""1"">",မြတ်စွာဘုရားကို သွေးစိမ်းတည်စေခြင်း,380,
"<font size=""1"">",နာဠာဂိရိဆင်ကို စေလွှတ်ခြင်း,382,
"<font size=""1"">",ဝတ္ထုငါးမျိုးကို တောင်းဆိုခြင်း,384,
"<font size=""1.5"">",၃-တတိယအခန်း,388,
"<font size=""1"">",သံဃဘေဒကထာ,388,
"<font size=""1"">",ဥပါလိ၏ အမေးပြဿနာ,393,
"<font size=""1.5"">",ထိုသံဃဘေဒကက္ခန္ဓက၏ အကျဉ်းချုပ်,398,
"<font size=""2"">",၈-ဝတ္တက္ခန္ဓက,399,
"<font size=""1.5"">",၁-အာဂန္တုကဝတ်ကိုပြခြင်း,399,
"<font size=""1.5"">",၂-အာဝါသိကဝတ်ကိုပြခြင်း,403,
"<font size=""1.5"">",၃-ခရီးသွားရဟန်း ကျင့်ဝတ်,405,
"<font size=""1.5"">",၄-အနုမောဒနာပြုရမည့် ဝတ်ကိုပြဆိုခြင်း,407,
"<font size=""1.5"">",၅-ဆွမ်းစားဇရပ်၌ ပြုရမည့်ဝတ်,408,
"<font size=""1.5"">",၆-ပိဏ္ဍစာရိကဝတ်ကို ပြခြင်း,411,
"<font size=""1.5"">",၇-တောနေရဟန်းတို့ ကျင့်ဝတ်,413,
"<font size=""1.5"">",၈-ကျောင်း အိပ်ရာနေရာ၌ ကျင့်ဝတ်,415,
"<font size=""1.5"">",၉-ဇရုံးအိမ်၌ ကျင့်ရမည့်ဝတ်,417,
"<font size=""1.5"">",၁၀-ဝစ္စကုဋိ၌ ကျင့်ရမည့်ဝတ်,419,
"<font size=""1.5"">",၁၁-ဥပဇ္ဈာယ်၌ ကျင့်ရမည့်ဝတ်,421,
"<font size=""1.5"">",၁၂-သဒ္ဓိဝိဟာရိက (အတူနေတပည့်တို့၌ ကျင့်ရမည့်) ဝတ်,426,
"<font size=""1.5"">",၁၃-အာစရိယဝတ်ကို ပြခြင်း,429,
"<font size=""1.5"">",၁၄-အန္တေဝါသိက (အနီးနေတပည့်တို့၌ ကျင့်ရမည့်) ဝတ်ကို ပြခြင်း,434,
"<font size=""1.5"">",ထိုဝတ္တက္ခန္ဓ္ဓက၏ အကျဉ်းချုပ်,437,
"<font size=""2"">",၉-ပါတိမောက္ခဋ္ဌပနက္ခန္ဓက,444,
"<font size=""1.5"">",၁-ပါတိမောက်ပြရန် တောင်းပန်ခြင်း,444,
"<font size=""1.5"">",၂-မဟာသမုဒ္ဒရာ၌အံ့ဖွယ်ရှစ်ပါး,446,
"<font size=""1.5"">",၃-ဤသာသနာတော်၌အံ့ဖွယ်ရှစ်ပါး,448,
"<font size=""1.5"">",၄-ပါတိမောက်ကို ကြားနာထိုက်သူ,451,
"<font size=""1.5"">",၅-တရားနှင့်လျော် မလျော်သော ပါတိမောက် ထားခြင်း,453,
"<font size=""1.5"">",၆-တရားနှင့် လျော်သော ပါတိမောက်ထားခြင်း,457,
"<font size=""1.5"">",၇-ကိုယ်တိုင်ယူသော အဓိကရုဏ်းအင်္ဂ ါ,462,
"<font size=""1.5"">",၈-စောဒကပုဂ္ဂိုလ်ဆင်ခြင်ထိုက်သောတရား,464,
"<font size=""1.5"">",၉-စောဒကပုဂ္ဂိုလ်သည် မိမိသန္တာန်၌ ဖြစ်စေရမည့် သဘောတရား,466,
"<font size=""1.5"">",၁၀- စောဒက စုဒိတကတို့နှင့် သက်ဆိုင်ရာကို ပြခြင်း,467,
"<font size=""1.5"">",ထိုပါတိမောက္ခဋ္ဌပနက္ခန္ဓက၏ အကျဉ်းချုပ်,469,
"<font size=""2"">",၁၀-ဘိက္ခုနိက္ခန္ဓက,471,
"<font size=""1.5"">",၁-ပဌမအခန်း,471,
"<font size=""1"">",မဟာပဇာပတိဂေါတမီဝတ္ထု,471,
"<font size=""1"">",ဂရုဓံ ရှစ်ပါး,474,
"<font size=""1"">",ဘိက္ခုနီဥပသမ္ပဒါကို ခွင့်ပြု ခြင်း,477,
"<font size=""1.5"">",ဒုတိယအခန်း,482,
"<font size=""1"">",ဆုံးမရာသို့ မသွားခြင်း,484,
"<font size=""1"">",ဩဝါဒကို မခံယူခြင်း,485,
"<font size=""1"">",ခါးပန်းကြိုးကို ခွင့်ပြုခြင်း,487,
"<font size=""1"">",ကွယ်လွန်သူဘိက္ခုနီမ၏ ပရိက္ခရာ,489,
"<font size=""1"">",ကလေးအလောင်းကို သပိတ်၌ထည့်သော ဘိက္ခုနီမ,490,
"<font size=""1"">",ယောက်ျားအင်္ဂါကို တစိန်းစိန်းကြည့်ခြင်း,491,
"<font size=""1.5"">",၃-တတိယအခန်း,493,
"<font size=""1"">",အင်္ဂါဇာတ်မပါသော ဘိက္ခုနီမစသည်,493,
"<font size=""1"">",ဥပုသ်ကို တန့်ထားခြင်း,500,
"<font size=""1"">",ကိုယ်ဝန်ရှိလျက် ရဟန်းပြုခြင်း,504,
"<font size=""1"">",တိတ္တိကျောင်းသို့ပြောင်းရွေ့ခြင်း,505,
"<font size=""1"">",ဘိက္ခုနီမတို့ ရေချိုးခြင်းအမျိုးမျိုး,507,
"<font size=""1.5"">",ထိုဘိက္ခုနိက္ခန္ဓက၏ အကျဉ်းချုပ်,508,
"<font size=""2"">",၁၁-ပဉ္စသတိကက္ခန္ဓက,512,
"<font size=""1.5"">",၁-သင်္ဂ ါယနာ နိဒါန်း,512,
"<font size=""1.5"">",၂-ခုဒ္ဒါနုခုဒ္ဒကသိက္ခာပဒကထာ,517,
"<font size=""1.5"">",၃-ဗြဟ္မဒဏ်,521,
"<font size=""1.5"">",ထိုပဉ္စသတိကက္ခန္ဓက၏ အကျဉ်းချုပ်,524,
"<font size=""2"">",၁၂-သတ္တသတိကက္ခန္ဓက,525,
"<font size=""1.5"">",၁-ပဌမအခန်း,525,
"<font size=""1"">",လနေတို့၏ အညစ်အကြေး ၄-ပါး,527,
"<font size=""1"">",ရဟန်းတို့၏ အညစ်အကြေး ၄-ပါး,528,
"<font size=""1"">",ရဟန်းတို့၏ ရွှေ ငွေကို ခံယူကြခြင်း,529,
"<font size=""1"">",ဝဇ္ဇီတိုင်းသား ရဟန်းများနှင့် အသျှင်ယသ,536,
"<font size=""1"">",အသျှင်ရေဝတနှင့် ဥတ္တရအမည်ရှိသော ရဟန်း,537,
"<font size=""1"">",အဓိကရုဏ်းနှင့် သံဃအစည်းအဝေး,539,
"<font size=""1"">",အဓမ္မဝတ္ထုဆယ်ပါး အမေးအဖြေ,542,
"<font size=""1.5"">",ထိုခန္ဓက၏ အကျဉ်းချုပ်,547,
1,01_vinaya_05,ပရိဝါ,518
"<font size=""2"">",ဘိက္ခု ဝိဘင်း,1,
"<font size=""1.5"">",၁-ကတ္ထပညတ္တိဝါရ,1,
"<font size=""1"">",၁-ပါရာဇိက လေးပါး,1,
"<font size=""1"">",ထိုပါရာဇိကလေးပါး၏ အကျဉ်းချုပ်,7,
"<font size=""1"">",၂-သံဃာဒိသိသ် တစ်ဆယ့်သုံးပါး,8,
"<font size=""1"">",ထိုသံဃာဒိသိသ် တစ်ဆယ့်သုံးပါး၏ အကျဉ်းချုပ်,16,
"<font size=""1"">",၃-အနိယတသိက္ခာပုဒ်နှစ်ပါး,16,
"<font size=""1"">",ထိုအနိယတသိက္ခာပုဒ်၏ အကျဉ်းချုပ်,22,
"<font size=""1"">",၄-နိဿဂ္ဂိပါစိတ်သုံးဆယ်,23,
"<font size=""1"">",၁-ကထိနဝဂ်,23,
"<font size=""1"">",၂-ကောသိယဝဂ်,27,
"<font size=""1"">",၃-ပတ္တဝဂ်,30,
5->,ထိုနိဿဂ္ဂိပါစိတ် သုံးဆယ်၏ အကျဉ်းချုပ်,34,
"<font size=""1"">",၅-ပါစိတ်ကိုးဆယ့်နှစ်ပါး,35,
"<font size=""1"">",၁-မုသာဝါဒဝဂ်,35,
"<font size=""1"">",၂-ဘူတဂါမဝဂ်,39,
"<font size=""1"">",၃-ဩဝါဒဝဂ်,42,
"<font size=""1"">",၄-ဘောဇနဝဂ်,46,
"<font size=""1"">",၅-အစေလကဝဂ်,49,
"<font size=""1"">",၆-သုရာပါနဝဂ်,53,
"<font size=""1"">",၇-သပ္ပါဏကဝဂ်,56,
"<font size=""1"">",၈-သဟဓမ္မိကဝဂ်,60,
"<font size=""1"">",၉-ရာဇဝဂ်,64,
5->,ထိုသုဒ္ဓပါစိတ် ကိုးဆယ့်နှစ်ပါး၏ အကျဉ်းချုပ်,68,
"<font size=""1"">",၆-ပါဋိဒေသနီလေးပါး,70,
"<font size=""1"">",ထိုပါဋိဒေသနီအာပတ်လေးမျိုး၏ အကျဉ်းချုပ်,71,
"<font size=""1"">",၁-ပရိမဏ္ဍလဝဂ်,72,
"<font size=""1"">",၂-ဥဇ္ဇ ဂ္ဃိကဝဂ်,74,
"<font size=""1"">",၃-ခမ္ဘ ကတဝဂ်,76,
"<font size=""1"">",၄-ပိဏ္ဍပါတဝဂ်,78,
"<font size=""1"">",၅-ကဗဠဝဂ်,79,
"<font size=""1"">",၆-သုရုသုရုဝဂ်,81,
"<font size=""1"">",၇- ပါဒုကဝဂ်,83,
5->,ထိုသေခိယခုနစ်ဆယ့်ငါးပါး၏အကျဉ်းချုပ်,86,
5->,ထိုဝဂ်တို့၏ အကျဉ်းချုပ်,86,
"<font size=""1.5"">",၂-ကတာပတ္တိဝါရ,87,
"<font size=""1"">",၁-ပါရာဇိက လေးပါး,87,
"<font size=""1"">",၂-သံဃာဒိသိသ်တစ်ဆယ့်သုံးပါး,88,
"<font size=""1"">",၄-နိဿဂ္ဂိပါစိတ်သုံးဆယ်,91,
"<font size=""1"">",၁-ကထိနဝဂ်,91,
"<font size=""1"">",၂-ကောသိယဝဂ်,92,
"<font size=""1"">",၃-ပတ္တဝဂ်,94,
"<font size=""1"">",၅-ပါစိတ်ကိုးဆယ့်နှစ်ပါး,95,
"<font size=""1"">",၁-မုသာဝါဒဝဂ်,95,
"<font size=""1"">",၂-ဘူတဂါမဝဂ်,97,
"<font size=""1"">",၃-ဩဝါဒဝဂ်,99,
"<font size=""1"">",၄ - ဘောဇနဝဂ်,100,
"<font size=""1"">",၅-အစေလကဝဂ်,102,
"<font size=""1"">",၆ - သုရာပါနဝဂ်,103,
"<font size=""1"">",၇ - သပ္ပါဏကဝဂ်,105,
"<font size=""1"">",၈ - သဟဓမ္မိကဝဂ်,106,
"<font size=""1"">",၉ - ရာဇဝဂ်,108,
"<font size=""1"">",၆ - ပါဋိဒေသနီလေးပါး,110,
"<font size=""1"">",၇ - သေခိယခုနစ်ဆယ့်ငါးပါး,111,
"<font size=""1"">",၁ - ပရိမဏ္ဍလဝဂ်,111,
"<font size=""1"">",၂ - ဥဇ္ဇ ဂ္ဃိကဝဂ်,112,
"<font size=""1"">",၃ - ခမ္ဘ ကတဝဂ်,113,
"<font size=""1"">",၄ - ပိဏ္ဍပါတဝဂ်,113,
"<font size=""1"">",၅ - ကဗဠဝဂ်,114,
"<font size=""1"">",၆ - သုရုသုရုဝဂ်,115,
"<font size=""1"">",၇ - ပါဒုကဝဂ်,116,
"<font size=""1.5"">",၃ - ဝိပတ္တိဝါရ,118,
"<font size=""1.5"">",၄ - သင်္ဂဟိတဝါရ,119,
"<font size=""1.5"">",၅ - သမုဋ္ဌာနဝါရ,119,
"<font size=""1.5"">",၆ - အဓိကရဏဝါရ,120,
"<font size=""1.5"">",၇ - သမထဝါရ,121,
"<font size=""1.5"">",၈ - သမုစ္စယဝါရ,122,
"<font size=""1.5"">",၁ - ကတ္ထပညတ္တိဝါရ,124,
"<font size=""1"">",၁ - ပါရာဇိကလေးပါး,124,
"<font size=""1"">",၂ - သံဃာဒိသိသ်စသည်,127,
"<font size=""1.5"">",၂ - ကတာပတ္တိဝါရ,133,
"<font size=""1"">",၁ - ပါရာဇိကလေးပါး,133,
"<font size=""1"">",၂-သံဃာဒိသိသ်အခန်းစသည်,135,
"<font size=""1.5"">",၃ - ဝိပတ္တိဝါရ,138,
"<font size=""1.5"">",၄-သင်္ဂဟိတဝါရ,139,
"<font size=""1.5"">",၅-သမုဋ္ဌာနဝါရ,139,
"<font size=""1.5"">",၆-အဓိကရဏဝါရ,140,
"<font size=""1.5"">",၇-သမထဝါရ,141,
"<font size=""1.5"">",၈-သမုစ္စယဝါရ,141,
"<font size=""1.5"">",၁-ကတ္ထပညတ္တိဝါရ,144,
"<font size=""1"">",၁-ပါရာဇိက ရှစ်ပါး,144,
"<font size=""1"">",၂-သံဃာဒိသိသ်ဆယ်ပါး,150,
"<font size=""1"">",၃-နိဿဂ္ဂိပါစိတ်တစ်ဆယ့်နှစ်ပါး,155,
"<font size=""1"">",၄-ပါစိတ်အာပတ်များ,159,
"<font size=""1"">",၁-လသုဏဝဂ်,159,
"<font size=""1"">",၂-ရတ္တန္ဓကာရဝဂ်,163,
"<font size=""1"">",၃-နဟာနဝဂ်,166,
"<font size=""1"">",၄-တုဝဋ္ဋဝဂ်,170,
"<font size=""1"">",၅-စိတ္တာဂါရဝဂ်,174,
"<font size=""1"">",၆-အာရာမဝဂ်,178,
"<font size=""1"">",၇-ဂဗ္ဘ ိနီဝဂ်,182,
"<font size=""1"">",၈-ကုမာရီဘူတဝဂ်,186,
"<font size=""1"">",၉-ဆတ္တုပါဟနဝဂ်,191,
"<font size=""1"">",၅-ပါဋိဒေသနီအာပတ်များ,197,
"<font size=""1.5"">",၂-ကတာပတ္တိဝါရ,200,
"<font size=""1"">",၁-ပါရာဇိကအာပတ်,200,
"<font size=""1"">",၂-သံဃာဒိသိသ် အာပတ်များ,201,
"<font size=""1"">",၃-နိဿဂ္ဂိပါစိတ်အာပတ်များ,204,
"<font size=""1"">",၄-ပါစိတ်အာပတ်များ,206,
"<font size=""1"">",၁-လသုဏဝဂ်,206,
"<font size=""1"">",၂-ရတ္တန္ဓကာရဝဂ်,207,
"<font size=""1"">",၃-နဟာနဝဂ်,209,
"<font size=""1"">",၄-တုဝဋ္ဋဝဂ်,210,
"<font size=""1"">",၅-စိတ္တာဂါရဝဂ်,212,
"<font size=""1"">",၆-အာရာမဝဂ်,213,
"<font size=""1"">",၈-ကုမာရီဘူတဝဂ်,216,
"<font size=""1"">",၉-ဆတ္တုပါဟနဝဂ်,218,
"<font size=""1"">",၅-ပါဋိဒေသနီအာပတ်,220,
"<font size=""1.5"">",၃-ဝိပတ္တိဝါရ,221,
"<font size=""1.5"">",၄-သင်္ဂဟဝါရ,221,
"<font size=""1.5"">",၅-သမုဋ္ဌာနဝါရ,222,
"<font size=""1.5"">",၆-အဓိကရဏဝါရ,223,
"<font size=""1.5"">",၇-သမထဝါရ,223,
"<font size=""1.5"">",၈-သမုစ္စယဝါရ,224,
"<font size=""1.5"">",၁-ကတ္ထပညတ္တိဝါရ,226,
"<font size=""1"">",၁-ပါရာဇိက,226,
"<font size=""1"">",၂-သံဃာဒိသိသ်စသည်,229,
"<font size=""1.5"">",၂-ကတာပတ္တိဝါရ,234,
"<font size=""1"">",၁-ပါရာဇိကအာပတ်,234,
"<font size=""1"">",၂-သံဃာဒိသိသ်စသည်,236,
"<font size=""1.5"">",၃-ဝိပတ္တိဝါရ,238,
"<font size=""1.5"">",၄-သင်္ဂဟဝါရ,239,
"<font size=""1.5"">",၅-သမုဋ္ဌာနဝါရ,239,
"<font size=""1.5"">",၆-အဓိကရဏဝါရ,240,
"<font size=""1.5"">",၇-သမထဝါရ,241,
"<font size=""1.5"">",၈-သမုစ္စယဝါရ,241,
"<font size=""2"">",သမုဋ္ဌာန် ခေါင်းစဉ် အကျဉ်း,244,
"<font size=""1.5"">",အာပတ္တိသမုဋ္ဌာန်၏ အကျဉ်းချုပ်,244,
"<font size=""1.5"">",သမုဋ္ဌာန်တစ်ဆယ့်သုံးပါး,245,
"<font size=""1"">",၁-ပဌမပါရာဇိကသမုဋ္ဌာန်,245,
"<font size=""1"">",၂-ဒုတိယပါရာဇိကသမုဋ္ဌာန်,246,
"<font size=""1"">",၃-သဉ္စရိတ္တသမုဋ္ဌာန်,247,
"<font size=""1"">",၄-သမနုဘာသနသမုဋ္ဌာန်,248,
"<font size=""1"">",၅-ကထိနသမုဋ္ဌာန်,249,
"<font size=""1"">",၆-ဧဠကလောမသမုဋ္ဌာန်,250,
"<font size=""1"">",၇-ပဒသောဓမ္မသမုဋ္ဌာန်,251,
"<font size=""1"">",၈-အဒ္ဓါနသမုဋ္ဌာန်,251,
"<font size=""1"">",၉-ထေယျသတ္ထသမုဋ္ဌာန်,252,
"<font size=""1"">",၁၀-ဓမ္မဒေသနာသမုဋ္ဌာန်,252,
"<font size=""1"">",၁၁ - ဘူတာရောစနသမုဋ္ဌာန်,253,
"<font size=""1"">",၁၂ - စောရီဝုဋ္ဌာပနသမုဋ္ဌာန်,253,
"<font size=""1"">",၁၃ - အနနုညာတသမုဋ္ဌာန်,254,
"<font size=""2"">",အန္တရပေယျာလ,255,
"<font size=""1.5"">",ကတိပု စ္ဆာဝါရ,255,
"<font size=""1"">",ထိုကတိပုစ္ဆာဝါရ၏ အကျဉ်းချုပ်,261,
"<font size=""1.5"">",အာပတ်သင့်ခြင်း အကြောင်းခြောက်မျိုးကို ပြဆိုရာ,262,
"<font size=""1"">",၂ - ကတာပတ္တိဝါရ,264,
"<font size=""1"">",၃-အာပတ်သင့်ခြင်းအကြောင်း ဂါထာများ,270,
"<font size=""1"">",၄-ဝိပတ္တိပစ္စယဝါရ,272,
"<font size=""1"">",၅-အဓိကရဏပစ္စယဝါရ,275,
"<font size=""1.5"">",ထိုအန္တရပေယျာလ၏ အကျဉ်းချုပ်,278,
"<font size=""2"">",သမထဘေဒ,279,
"<font size=""1.5"">",၆-အဓိကရဏပရိယာယဝါရ,279,
"<font size=""1.5"">",၇-သာဓာရဏဝါရ,282,
"<font size=""1.5"">",၈-တဗ္ဘာဂိယဝါရ,283,
"<font size=""1.5"">",၉-သမထာသမထဿ သာဓာရဏဝါရ,284,
"<font size=""1.5"">",၁၀-သမထာသမထဿ တဗ္ဘာဂိယဝါရ,285,
"<font size=""1.5"">",၁၁-သမထသမ္မုခါဝိနယဝါရ,286,
"<font size=""1.5"">",၁၂-ဝိနယဝါရ,287,
"<font size=""1.5"">",၁၃-ကုသလဝါရ,288,
"<font size=""1.5"">",၁၄-ယတ္ထဝါရ ပု စ္ဆာဝါရ,289,
"<font size=""1.5"">",၁၅-သမထဝါရ ဝိဿဇ္ဇနာဝါရ,291,
"<font size=""1.5"">",၁၆-သံသဋ္ဌဝါရ,292,
"<font size=""1.5"">",၁၇-သမ္မတိဝါရ,293,
"<font size=""1.5"">",၁၈-သမ္မန္တိ န သမ္မန္တိဝါရ,295,
"<font size=""1.5"">",၁၉-သမထာဓိကရဏဝါရ,298,
"<font size=""1.5"">",၂၀-သမုဋ္ဌာပနဝါရ,301,
"<font size=""1.5"">",၂၁-ဘဇတိဝါရ,303,
"<font size=""1.5"">",ထိုသမထဘေဒ၏ အကျဉ်းချုပ်,304,
"<font size=""1.5"">",ခန္ဓကပုစ္ဆာဝါရ,305,
"<font size=""1"">",ထိုခန္ဓကပုစ္ဆာဝါရ၏ အကျဉ်းချုပ်,309,
"<font size=""2"">",ဧကုတ္တရိကနယ,310,
"<font size=""1.5"">",၁-ဧကကဝါရ,310,
"<font size=""1"">",ထိုဧကက၏ အကျဉ်းချုပ်,311,
"<font size=""1.5"">",၂-ဒုကဝါရ,312,
"<font size=""1"">",ထိုဒုက၏အကျဉ်းချုပ်,317,
"<font size=""1.5"">",၃-တိကဝါရ,319,
"<font size=""1"">",ထိုတိက၏ အကျဉ်းချုပ်,326,
"<font size=""1.5"">",၄-စတုက္ကဝါရ,327,
"<font size=""1"">",ထိုစတုက္က၏ အကျဉ်းချုပ်,334,
"<font size=""1.5"">",၅-ပဉ္စကဝါရ,335,
"<font size=""1"">",ထိုပဉ္စက၏ အကျဉ်းချုပ်,343,
"<font size=""1.5"">",၆-ဆက္ကဝါရ,344,
"<font size=""1"">",ထိုဆက္က၏ အကျဉ်းချုပ်,346,
"<font size=""1.5"">",၇-သတ္တကဝါရ,347,
"<font size=""1"">",ထိုသတ္တက၏ အကျဉ်းချုပ်,351,
"<font size=""1.5"">",၈-အဋ္ဌကဝါရ,352,
"<font size=""1"">",ထိုအဋ္ဌက၏ အကျဉ်းချုပ်,353,
"<font size=""1.5"">",၉-နဝကဝါရ,354,
"<font size=""1"">",ထိုနဝက၏ အကျဉ်းချုပ်,354,
"<font size=""1.5"">",၁၀-ဒသကဝါရ,355,
"<font size=""1"">",ထိုဒသက၏ အကျဉ်းချုပ်,357,
"<font size=""1.5"">",၁၁ - ဧကာဒသကဝါရ,358,
"<font size=""1"">",ထိုဧကာဒသက၏ အကျဉ်းချုပ်,359,
"<font size=""1"">",ထိုဧကုတ္တရိက၏ အကျဉ်းချုပ်,359,
"<font size=""2"">",ဥပုသ်စသည်ကိုမေးဖြေခြင်း,360,
"<font size=""1.5"">",အစ အလယ် အဆုံး အမေး,360,
"<font size=""1.5"">",အစ အလယ် အဆုံး အဖြေ,361,
"<font size=""1.5"">",အတ္ထဝသပကရဏ,362,
"<font size=""1"">",ထိုမဟာဝဂ်၏ အကျဉ်းချုပ်,364,
"<font size=""2"">",ဂါထာသင်္ဂဏိက,365,
"<font size=""1.5"">",၁ - ခုနစ်ပြည်၌ ပညတ်တော်မူအပ်သော သိက္ခာပုဒ်,365,
"<font size=""1.5"">",၂ - ဝိပတ္တိ လေးပါး,367,
"<font size=""1.5"">",၃ - ဆေဒနက အာပတ်စသည်,368,
"<font size=""1.5"">",၄ - အသာဓာရဏ အာပတ်စသည်,369,
"<font size=""1.5"">",၅-ပါရာဇိကအာပတ်စသည်,371,
"<font size=""1"">",ထိုဂါထာသင်္ဂဏိက၏ အကျဉ်းချုပ်,373,
"<font size=""2"">",၅-ပါရာဇိကအာပတ်စသည်အဓိကရဏဘေဒ,374,
"<font size=""1.5"">",၁-ဥက္ကောဋနဘေဒစသည်,374,
"<font size=""1.5"">",၂-အဓိကရုဏ်း၏ အကြောင်းစသည်,376,
"<font size=""1.5"">",၃-အဓိကရုဏ်း၏ မူလစသည်,378,
"<font size=""1.5"">",၄-အဓိကရုဏ်းဟူသော အကြောင်းကြောင့် သင့်သောအာပတ်,379,
"<font size=""1.5"">",၆-ပုစ္ဆာဝါရ,385,
"<font size=""1.5"">",၇-ဝိဿဇ္ဇနာဝါရ,386,
"<font size=""1.5"">",၈-သံသဋ္ဌဝါရ,387,
"<font size=""1.5"">",၉-သမထခုနစ်ပါး၏ နိဒါန်း,388,
"<font size=""1.5"">",၁၀-သမထခုနစ်ပါး၏ အထူးအပြားစသည်,391,
"<font size=""1"">",ထိုအဓိကရုဏ်း အထူးအပြား အကျဉ်းချုပ်,394,
"<font size=""2"">",တစ်ပါးသော ဂါထာသင်္ဂဏိက,395,
"<font size=""1.5"">",၁-စောဒနာခြင်းစသည့် အမေး အဖြေ,395,
"<font size=""2"">",စောဒနာအခန်း,397,
"<font size=""1.5"">",၁-ဝိနည်းဓိုရ်၏ မေးစိစစ်ခြင်း,397,
"<font size=""1.5"">",၂-စောဒကစသည်တို့၏ ကျင့်ဝတ်,399,
"<font size=""1.5"">",၃-စောဒက၏ မိမိကိုယ်ကို ရှို့မြှိုက်ခြင်း (လောင်စေခြင်း),401,
"<font size=""1"">",ထိုစောဒနာအခန်း၏ အကျဉ်းချုပ်,402,
"<font size=""2"">",စူဠသင်္ဂါမ,403,
"<font size=""1.5"">",၁-ဝိနည်းဓိုရ် ပုဂ္ဂိုလ်၏ ကျင့်ဝတ်,403,
"<font size=""1"">",ထိုစူဠသင်္ဂါမ၏ အကျဉ်းချုပ်ကား,405,
"<font size=""2"">",မဟာသင်္ဂါမ,406,
"<font size=""1.5"">",၁-ဆုံးဖြတ်သော ရဟန်း သိအပ်သော အရာ စသည်,406,
"<font size=""1.5"">",၂-အဂတိသို့ မလိုက်သင့်ပုံ,408,
"<font size=""1.5"">",၃-အဂတိသို့ မလိုက်ခြင်း,411,
"<font size=""1.5"">",၄-သိစေအပ်သော အရာ စသည်,413,
"<font size=""1.5"">",၅-သူတစ်ပါး အသင်းအပင်းစသည်ကို မထီမဲ့မြင်ပြုခြင်း,414,
"<font size=""1.5"">",၆-ဝိနည်းဓိုရ် မေးစိစစ်ခြင်း,415,
"<font size=""1.5"">",၇-အမေးပု စ္ဆာကို ဝေဖန်ခြင်း,417,
"<font size=""1"">",ထိုမဟာသင်္ဂါမ၏ အကျဉ်းချုပ်,419,
"<font size=""2"">",ကထိနဘေဒ,420,
"<font size=""1.5"">",၁-ကထိန်ခင်းခြင်း စသည်,420,
"<font size=""1.5"">",၂-ကထိန်၏ အနန္တရပစ္စည်း စသည်,422,
"<font size=""1.5"">",၃-ပုဗ္ဗကရဏနိဒါန်းစသည် ဝေဖန်ခြင်း,423,
"<font size=""1.5"">",၄-ကထိန် စသည် သိအပ်ပုံကို ဝေဖန်ခြင်း,428,
"<font size=""1.5"">",၅-ပုဂ္ဂိုလ်၏သာလျှင် ကထိန်ခင်းခြင်း,430,
"<font size=""1.5"">",၆-ပလိဗောဓ အမေးအဖြေ,431,
"<font size=""1"">",ထိုကထိနဘေဒ၏ အကျဉ်းချုပ်,433,
"<font size=""2"">",ဥပါလိ ပဉ္စက,434,
"<font size=""1.5"">",၁-အနိဿိတဝဂ်,434,
"<font size=""1"">",ထိုပဌမအနိဿိတဝဂ်၏ အကျဉ်းချုပ်,438,
"<font size=""1.5"">",၂-နပ္ပဋ္ဋိပ္ပဿမ္ဘ နဝဂ်,439,
"<font size=""1.5"">",ထိုနပ္ပဋိပ္ပဿမ္ဘ နဝဂ်၏ အကျဉ်းချုပ်,442,
"<font size=""1.5"">",၃-ဝေါဟာရဝဂ်,443,
"<font size=""1"">",ထိုဝေါဟာရဝဂ်၏ အကျဉ်းချုပ်,446,
"<font size=""1.5"">",၄-ဒိဋ္ဌာဝိကမ္မဝဂ်,447,
"<font size=""1"">",ထိုဒိဋ္ဌာဝိကမ္မဝဂ်၏ အကျဉ်းချုပ်,451,
"<font size=""1"">",ထိုအတ္တာဒါနဝဂ်၏ အကျဉ်းချုပ်,458,
"<font size=""1.5"">",၆-ဓုတင်္ဂဝဂ်,459,
"<font size=""1"">",ထိုဓုတင်္ဂဝဂ်၏ အကျဉ်းချုပ်,460,
"<font size=""1.5"">",၇-မုသာဝါဒဝဂ်,461,
"<font size=""1"">",ထိုမုသာဝါဒဝဂ်၏ အကျဉ်းချုပ်,463,
"<font size=""1"">",ထိုဘိက္ခုနောဝါဒဝဂ်၏ အကျဉ်းချုပ်,467,
"<font size=""1.5"">",၉-ဥဗ္ဗာဟိကဝဂ်,468,
"<font size=""1"">",ထိုဥဗ္ဗာဟိကဝဂ်၏ အကျဉ်းချုပ်,471,
"<font size=""1.5"">",၁၀ - အဓိကရဏဝူပသမဝဂ်,471,
"<font size=""1"">",ထိုအဓိကရဏဝူပသမဝဂ်၏ အကျဉ်းချုပ်,474,
"<font size=""1.5"">",၁၁-သံဃဘေဒကဝဂ်,474,
"<font size=""1"">",ထိုသံဃဘေဒကဝဂ်၏ အကျဉ်းချုပ်,476,
"<font size=""1.5"">",၁၂-ဒုတိယသံဃဘေဒကဝဂ်,476,
"<font size=""1.5"">",၁၃-အာဝါသိကဝဂ်,479,
"<font size=""1.5"">",၁၄-ကထိနတ္ထာရဝဂ်,481,
"<font size=""2"">",အတ္ထာပတ္တိသမုဋ္ဌာန်,484,
"<font size=""1.5"">",၁-ပါရာဇိက,484,
"<font size=""1.5"">",၂-သံဃာဒိသိသ်,485,
"<font size=""1.5"">",၃ - ပါရာဇိက စသည်,488,
"<font size=""2"">",ဒုတိယဂါထာသင်္ဂဏိက,490,
"<font size=""1.5"">",၁ - ကာယဒွါရစသည်၌ ဖြစ်သောအာပတ်,490,
"<font size=""1.5"">",၂ - ဒေသနာဂါမ် စသော အာပတ်,491,
"<font size=""1.5"">",၃ - ပါစိတ်,493,
"<font size=""1.5"">",၄ - ရှိမခိုးအပ်သော ပုဂ္ဂိုလ်စသည်,496,
"<font size=""1.5"">",၅ - သောဠသကံစသည်,498,
"<font size=""2"">",သေဒမောစနဂါထာ,500,
"<font size=""1.5"">",၁ - အဝိပ္ပဝါသပဥှာ,500,
"<font size=""1.5"">",၂ - ပါရာဇိကာဒိပဥှာ,502,
"<font size=""1.5"">",၃-ပါစိတ္တိယာဒိပဥှာ,503,
"<font size=""2"">",ပဉ္စဝဂ်,506,
"<font size=""1.5"">",၁-ကမ္မဝဂ်,506,
"<font size=""1.5"">",၂-အတ္ထဝသဝဂ်,511,
"<font size=""1.5"">",၃-ပညတ္တဝဂ်,513,
"<font size=""1.5"">",၄-အပညတ္တေ ပညတ္တဝဂ်,514,
"<font size=""1.5"">",၅-နဝသင်္ဂဟဝဂ်,516,
2,02_digha_01,သီလက္ခန်,280
"<font size=""2"">",၁-ဗြဟ္မဇာလသုတ်,1,
"<font size=""1.5"">",ပရိဗ္ဗာဇကကထာ,1,
"<font size=""1.5"">",စူဠသီလခန်း,4,
"<font size=""1.5"">",မဇ္ဈိမသီလခန်း,6,
"<font size=""1.5"">",မဟာသီလခန်း,9,
"<font size=""1.5"">",မိစ္ဆာဒိဋ္ဌိ ပြခန်း,12,
"<font size=""1"">",ပုဗ္ဗန္တာနုဒိဋ္ဌိ တစ်ဆယ့်ရှစ်မျိုး,12,
"<font size=""1"">",သဿတဒိဋ္ဌိ ပဌမဝါဒ,13,
"<font size=""1"">",သဿတဒိဋ္ဌိ ဒုတိယဝါဒ,14,
"<font size=""1"">",သဿတဒိဋ္ဌိ တတိယဝါဒ,15,
"<font size=""1"">",သဿတဒိဋ္ဌိ စတုတ္ထဝါဒ,17,
"<font size=""1"">",ဧကစ္စသဿတဒိဋ္ဌိ (အချို့တည်မြဲအယူ လေးမျိုး),18,
"<font size=""1"">",ဧကစ္စသဿတဒိဋ္ဌိ ပဌမဝါဒ,18,
"<font size=""1"">",ဧကစ္စသဿတဒိဋ္ဌိ ဒုတိယဝါဒ,20,
"<font size=""1"">",ဧကစ္စသဿတဒိဋ္ဌိ တတိယဝါဒ,20,
"<font size=""1"">",ဧကစ္စသဿတဒိဋ္ဌိ စတုတ္ထဝါဒ,21,
"<font size=""1"">",အန္တာနန္တဒိဋ္ဌိ (အဆုံးရှိ အဆုံးမရှိအယူ လေးမျိုး),23,
"<font size=""1"">",အန္တာနန္တဒိဋ္ဌိ ပဌမဝါဒ,23,
"<font size=""1"">",အန္တာနန္တဒိဋ္ဌိ ဒုတိယဝါဒ,24,
"<font size=""1"">",အန္တာနန္တဒိဋ္ဌိ တတိယဝါဒ,25,
"<font size=""1"">",အန္တာနန္တဒိဋ္ဌိ စတုတ္ထဝါဒ,26,
"<font size=""1"">",အမရာဝိက္ခေပဝါဒ,27,
"<font size=""1"">",အမရာဝိက္ခေပဒိဋ္ဌိ ပဌမဝါဒ,27,
"<font size=""1"">",အမရာဝိက္ခေပ ဒုတိယဝါဒ,28,
"<font size=""1"">",အမရာဝိက္ခေပ တတိယဝါဒ,29,
"<font size=""1"">",အမရာဝိက္ခေပ စတုတ္ထဝါဒ,30,
"<font size=""1"">",အဓိစ္စသမုပ္ပန္နဝါဒ (အကြောင်းမဲ့အယူနှစ်မျိုး),32,
"<font size=""1"">",အဓိစ္စသမုပ္ပန္န ပဌမဝါဒ,32,
"<font size=""1"">",အဓိစ္စသမုပ္ပန္န ဒုတိယဝါဒ,33,
"<font size=""1"">",အပရန္တာနုဒိဋ္ဌိ လေးဆယ့်လေးမျိုး,35,
"<font size=""1"">",ဥဒ္ဓမာဃာတနိက သညီဝါဒ (သေပြီးနောက် သညာရှိအယူ တစ်ဆယ့်ခြောက်မျိုး),35,
"<font size=""1"">",ဥဒ္ဓမာဃာတနိက အသညီဝါဒ,37,
"<font size=""1"">",ဥဒ္ဓမာဃာတနိက နေဝသညီ နာသညီဝါဒ,38,
"<font size=""1"">",ဥစ္ဆေဒဝါဒ,39,
"<font size=""1"">",ဒိဋ္ဌဓမ္မနိဗ္ဗာနဝါဒ,42,
"<font size=""1.5"">",ပရိတဿိတဝိပ္ဖန္ဒိတဝါရ,45,
"<font size=""1.5"">",ဖဿပစ္စယာဝါရ,47,
"<font size=""1.5"">",နေတံ ဌာနံ ဝိဇ္ဇတိဝါရ,49,
"<font size=""1.5"">",ဒိဋ္ဌိဂတိကာဓိဋ္ဌာနဝဋ္ဋကထာ,51,
"<font size=""1.5"">",ဝိဝဋ္ဋကထာဒိ,52,
"<font size=""2"">",၂-သာမညဖလသုတ်,54,
"<font size=""1.5"">",မင်းနှင့်အမတ်တို့ ဆိုင်ရာစကား,54,
"<font size=""1.5"">",ပူရဏကဿပ၏ အယူဝါဒ,59,
"<font size=""1.5"">",မက္ခလိဂေါသာလ၏ အယူဝါဒ,61,
"<font size=""1.5"">",အဇိတကေသကမ္ဗလ၏ အယူဝါဒ,63,
"<font size=""1.5"">",ပကုဓကစ္စာယန၏ အယူဝါဒ,65,
"<font size=""1.5"">",နိဂဏ္ဌနာဋပုတ္တ၏ အယူဝါဒ,66,
"<font size=""1.5"">",သဉ္စယဗေလဋ္ဌပုတ္တ၏ အယူဝါဒ,67,
"<font size=""1.5"">",ရှေးဦးစွာ မျက်မှောက်ဘဝ၌ ရအပ်သော ရဟန်းဖြစ်ကျိုး,69,
"<font size=""1.5"">",နှစ်ကြိမ်မြောက် မျက်မှောက်ဘဝ၌ ရအပ်သော ရဟန်းဖြစ်ကျိုး,71,
"<font size=""1.5"">",သာ၍မွန်မြတ်သော ရဟန်းဖြစ်ကျိုး,72,
"<font size=""1.5"">",စူဠသီလ,73,
"<font size=""1.5"">",မဇ္ဈိမသီလ,75,
"<font size=""1.5"">",မဟာသီလ,77,
"<font size=""1.5"">",ဣန္ဒြေကို စောင့်စည်းခြင်း,80,
"<font size=""1.5"">",အောက်မေ့ခြင်းနှင့် ဆင်ခြင်ခြင်း,81,
"<font size=""1.5"">",ရောင့်ရဲလွယ်ခြင်း,81,
"<font size=""1.5"">",နီဝရဏငါးပါးကို ပယ်ခြင်း,82,
"<font size=""1.5"">",ပဌမဈာန် ရဟန်းဖြစ်ကျိုး,84,
"<font size=""1.5"">",ဒုတိယဈာန် ရဟန်းဖြစ်ကျိုး,85,
"<font size=""1.5"">",တတိယဈာန် ရဟန်းဖြစ်ကျိုး,86,
"<font size=""1.5"">",စတုတ္ထဈာန် ရဟန်းဖြစ်ကျိုး,87,
"<font size=""1.5"">",ဝိပဿနာဉာဏ် (၁),88,
"<font size=""1.5"">",မနောမယိဒ္ဓိဉာဏ် (၂),89,
"<font size=""1.5"">",ဣဒ္ဓိဝိဓဉာဏ် (၃),90,
"<font size=""1.5"">",ဒိဗ္ဗသောတဉာဏ် (၄),91,
"<font size=""1.5"">",စေတောပရိယဉာဏ် (၅),92,
"<font size=""1.5"">",ပုဗ္ဗေနိဝါသာနုဿတိဉာဏ် (၆),94,
"<font size=""1.5"">",စုတူပပါတဉာဏ် (၇),96,
"<font size=""1.5"">",အာသဝက္ခယဉာဏ် (၈),98,
"<font size=""2"">",၃ -အမ္ဗဋ္ဌသုတ်,102,
"<font size=""1.5"">",ပေါက္ခရသာတိပုဏ္ဏားဝတ္ထု,102,
"<font size=""1.5"">",အမ္ဗဋ္ဌလုလင်ကို ဘုရားထံ စေလွှတ်ခြင်း,103,
"<font size=""1.5"">",ဇာတ်နိမ့် ဟူသော စကားဖြင့် ရှေးဦးစွာ ရှုတ်ချခြင်း,106,
"<font size=""1.5"">",ဇာတ်နိမ့် ဟူသော စကားဖြင့် နှစ်ကြိမ်မြောက် ရှုတ်ချခြင်း,107,
"<font size=""1.5"">",ကျွန်မသား၏ ဝါဒ,108,
"<font size=""1.5"">",အမ္ဗဋ္ဌ၏ အဆက်အနွယ် အကြောင်း,111,
"<font size=""1.5"">",မင်းမျိုးသည် မြင့်မြတ်သည့်အကြောင်း,112,
"<font size=""1.5"">","အသိဉာဏ် ""ဝိဇ္ဇာ"" နှင့် အကျင့် ""စရဏ"" အကြောင်း",115,
"<font size=""1.5"">",ပျက်စီးကြောင်း လေးပါး,117,
"<font size=""1.5"">",ရှေး၌ဖြစ်သော ရသေ့တို့အကြောင်းကို မေးမြန်းခြင်း,119,
"<font size=""1.5"">",လက္ခဏာနှစ်မျိုးကို ပြခြင်း,121,
"<font size=""1.5"">",ပေါက္ခရသာတိပုဏ္ဏား ဘုရားထံ ချဉ်းကပ်ခြင်း,123,
"<font size=""1.5"">",ပေါက္ခရသာတိပုဏ္ဏား ဥပါသကာအဖြစ် လျှောက်ထားခြင်း,125,
"<font size=""2"">",၄-သောဏဒဏ္ဍသုတ်,126,
"<font size=""1.5"">",စမ္ပာမြို့နေပုဏ္ဏားနှင့် အမျိုးသားတို့အကြောင်း,126,
"<font size=""1.5"">",သောဏဒဏ္ဍပုဏ္ဏား၏ ဂုဏ်ကို ပြဆိုရာ,128,
"<font size=""1.5"">",မြတ်စွာဘုရား၏ဂုဏ်ကို ချီးကျူးပြဆိုရာ,130,
"<font size=""1.5"">",သောဏဒဏ္ဍပုဏ္ဏား စိတ်အကြံဖြစ်ပုံအကြောင်း,133,
"<font size=""1.5"">",ဗြာဟ္မဏဟု ပညတ်ခြင်း,135,
"<font size=""1.5"">",သီလနှင့်ပညာကို အမြတ်ဆုံးဟုဆိုခြင်း,139,
"<font size=""1.5"">",သောဏဒဏ္ဍပုဏ္ဏား ဥပါသကာအဖြစ် လျှောက်ထားခြင်း,141,
"<font size=""2"">",၅ - ကူဋဒန္တသုတ်,143,
"<font size=""1.5"">",ခါဏုမတရွာနေပုဏ္ဏားနှင့် အမျိုးသားတို့အကြောင်း,143,
"<font size=""1.5"">",ကူဋဒန္တပုဏ္ဏား၏ ဂုဏ်ကို ပြဆိုရာ,145,
"<font size=""1.5"">",မြတ်စွာဘုရား၏ ဂုဏ်ကို ချီးကျူးခြင်း,147,
"<font size=""1.5"">",မဟာဝိဇိတမင်း၏ ယဇ်ပူဇော်ခြင်းအကြောင်း,150,
"<font size=""1.5"">",လေးပါးသော အင်္ဂါအကြောင်း,152,
"<font size=""1.5"">",ရှစ်ပါးသော အင်္ဂါအကြောင်း,153,
"<font size=""1.5"">",လေးပါးသော အင်္ဂါအကြောင်း,154,
"<font size=""1.5"">",သုံးပါးသော စိတ်ထား,155,
"<font size=""1.5"">",ဆယ်ပါးသော အခြင်းအရာ,156,
"<font size=""1.5"">",တစ်ဆယ့်ခြောက်ပါးသော အကြောင်း,157,
"<font size=""1.5"">",အမြဲတမ်းအလှူဖြစ်သော မျိုးရိုးစဉ်ဆက် ယဇ်အလှူ,162,
"<font size=""1.5"">",ကူဋဒန္တပုဏ္ဏား ဥပါသကာအဖြစ် လျှောက်ထားခြင်း,166,
"<font size=""1.5"">",သောတာပတ္တိဖိုလ်ကို မျက်မှောက်ပြုခြင်း,167,
"<font size=""2"">",၆ - မဟာလိသုတ်,169,
"<font size=""1.5"">",ပုဏ္ဏားတမန်ဝတ္ထု,169,
"<font size=""1.5"">",ဩဋ္ဌဒ္ဓလိစ္ဆဝီမင်းဝတ္ထု,170,
"<font size=""1.5"">",တစ်ဖို့တည်းအတွက် ပွါးများအပ်သော သမာဓိ,172,
"<font size=""1.5"">",အရိယဖိုလ်လေးပါး,175,
"<font size=""1.5"">",အင်္ဂါရှစ်ပါးရှိသော အရိယမဂ်,176,
"<font size=""1.5"">",ရဟန်းနှစ်ပါးဝတ္ထု,177,
"<font size=""2"">",၇-ဇာလိယသုတ်,179,
"<font size=""1.5"">",ရဟန်းနှစ်ပါးဝတ္ထု,179,
"<font size=""2"">",ဂ-မဟာသီဟနာဒသုတ်,181,
"<font size=""1.5"">",အစေလ ကဿပဝတ္ထု,181,
"<font size=""1.5"">",မေးမြန်း စိစစ်စေခြင်းကို ပြဆိုရာ,183,
"<font size=""1.5"">",အင်္ဂါရှစ်ပါးရှိသော အရိယမဂ်,185,
"<font size=""1.5"">",ခြိုးခြံသောအကျင့် အားထုတ်မှုကို ပြဆိုရာ,186,
"<font size=""1.5"">",ခြိုးခြံသောအကျင့်ကို အားထုတ်မှု၌ အကျိုးမရှိပုံကို ပြဆိုရာ,188,
"<font size=""1.5"">",သီလ သမာဓိ ပညာနှင့် ပြည့်စုံခြင်း,192,
"<font size=""1.5"">",ရဲရင့်သောစကားကို မြွက်ဆိုခြင်း,194,
"<font size=""1.5"">",တိတ္ထိဖြစ်ဖူးသူတို့ အစမ်းကျင့်သုံးရခြင်းကို ပြဆိုရာ,196,
"<font size=""2"">",၉-ပေါဋ္ဌပါဒသုတ်,197,
"<font size=""1.5"">",ပေါဋ္ဌပါဒပရိဗိုဇ်ဝတ္ထု,197,
"<font size=""1.5"">",သညာ၏ ချုပ်ခြင်းကို ပြဆိုရာ,199,
"<font size=""1.5"">",အကြောင်းရှိ၍ သညာဖြစ်ခြင်း ချုပ်ခြင်းကို ပြဆိုရာ,200,
"<font size=""1.5"">",သညာသည် အတ္တ ဟုတ် မဟုတ် ပြဆိုရာ,204,
"<font size=""1.5"">",ဆင်ဆရာ့သားစိတ္တ နှင့် ပေါဋ္ဌပါဒပရိဗိုဇ်ဝတ္ထု,207,
"<font size=""1.5"">",ဧကန် (နိဗ္ဗာန်ရောက်ကြောင်း) မဟုတ်သော တရားများ,208,
"<font size=""1.5"">",ဧကန် (နိဗ္ဗာန်ရောက်ကြောင်း) တရားများ,209,
"<font size=""1.5"">",အတ္တဘောရခြင်း သုံးမျိုး,213,
"<font size=""1.5"">",ဆင်ဆရာ့သားစိတ္တ ရဟန်းအဖြစ်ကို တောင်းခြင်း,221,
"<font size=""2"">",၁၀-သုဘသုတ်,222,
"<font size=""1.5"">",သုဘလုလင်ဝတ္ထု,222,
"<font size=""1.5"">",သီလအစု,224,
"<font size=""1.5"">",သမာဓိအစု,226,
"<font size=""1"">",ပဌမဈာန်,230,
"<font size=""1"">",ဒုတိယဈာန်,231,
"<font size=""1"">",တတိယဈာန်,232,
"<font size=""1"">",စတုတ္ထဈာန်,233,
"<font size=""1.5"">",ပညာအစု,234,
"<font size=""1"">",ဝိပဿနာဉာဏ်,234,
"<font size=""1"">",မနောမယိဒ္ဓိဉာဏ်,236,
"<font size=""1"">",ဣဒ္ဓိဝိဓဉာဏ်,237,
"<font size=""1"">",ဒိဗ္ဗသောတဉာဏ်,238,
"<font size=""1"">",စေတောပရိယဉာဏ်,239,
"<font size=""1"">",ပုဗ္ဗေနိဝါသာနုဿတိဉာဏ်,240,
"<font size=""1"">",စုတူပပါတဉာဏ်,241,
"<font size=""1"">",အာသဝက္ခယဉာဏ်,242,
"<font size=""2"">",၁၁- ကေဝဋ္ဋသုတ်,244,
"<font size=""1.5"">",ကေဝဋ္ဋသူကြွယ်သားဝတ္ထု,244,
"<font size=""1.5"">",ပြာဋိဟာသုံးပါး,245,
"<font size=""1"">",တန်ခိုးပြာဋိဟာ,245,
"<font size=""1"">",အတပ်ဟောခြင်း ပြာဋိဟာ,247,
"<font size=""1"">",ဆုံးမခြင်းပြာဋိဟာ,248,
"<font size=""1.5"">",မဟာဘုတ်လေးပါးချုပ်ရာကို ရှာသော ရဟန်းဝတ္ထု,249,
"<font size=""1.5"">",ကမ်းကြည့်ငှက် ဥပမာ,253,
"<font size=""2"">",၁၂-လောဟိစ္စသုတ်,254,
"<font size=""1.5"">",လောဟိစ္စပုဏ္ဏားဝတ္ထု,254,
"<font size=""1.5"">",လောဟိစ္စပုဏ္ဏားအား မေးမြန်းစိစစ်ခြင်း,257,
"<font size=""1.5"">",စောဒနာထိုက်သော ဆရာသုံးဦး,260,
"<font size=""1.5"">",မစောဒနာထိုက်သော ဆရာသုံးဦး,262,
"<font size=""2"">",၁၃ - တေဝိဇ္ဇသုတ်,264,
"<font size=""1.5"">",ဝါသေဋ္ဌနှင့် ဘာရဒွါဇတို့ တိုင်ပင်ခန်း,264,
"<font size=""1.5"">","လမ်းဟုတ်သည်, မဟုတ်သည်ကို ဆိုသောစကား",265,
"<font size=""1.5"">",ဝါသေဋ္ဌလုလင်အား မေးမြန်းစိစစ်ခြင်း,266,
"<font size=""1.5"">",ဇနပဒကလျာဏီ ဥပမာ,269,
"<font size=""1.5"">",လှေကားဥပမာ,271,
"<font size=""1.5"">",အစိရဝတီမြစ် ဥပမာ,272,
"<font size=""1.5"">",ဗြဟ္မာ့ပြည်သို့ သွားရာလမ်းကို ဟောကြားခြင်း,277,
2,02_digha_02,မဟာဝါ,323
"<font size=""2"">",၁-မဟာပဒါနသုတ်,1,
"<font size=""1.5"">",ပုဗ္ဗေနိဝါသဉာဏ်နှင့် စပ်သော စကား,1,
"<font size=""1.5"">",ဘုရားလောင်း မယ်တော်ဝမ်းသို့ သက်ဆင်းခြင်း,10,
"<font size=""1.5"">",သုံးဆယ့်နှစ်ပါးသော ယောကျာ်းမြတ်တို့၏ လက္ခဏာ,13,
"<font size=""1.5"">",ဝိပဿီ အမည်မှည့်ခြင်း,17,
"<font size=""1.5"">",သူအိုယောက်ျား,18,
"<font size=""1.5"">",သူနာယောက်ျား,20,
"<font size=""1.5"">",သူသေယောက်ျား,22,
"<font size=""1.5"">",ရဟန်း,24,
"<font size=""1.5"">",ဘုရားလောင်း ရဟန်းပြုတော်မူခန်း,26,
"<font size=""1.5"">",ဘုရားလောင်း၏ နှလုံးသွင်းခြင်း,27,
"<font size=""1.5"">",ဗြဟ္မာတောင်းပန်ခြင်း,32,
"<font size=""1.5"">",အဂ္ဂသာဝကအစုံ,36,
"<font size=""1.5"">",လူအပေါင်းတို့ ရဟန်းပြုကြခြင်း,39,
"<font size=""1.5"">",ရှေးဦးပြုသော ရဟန်းတို့၏ တရားထူးကိုရခြင်း,41,
"<font size=""1.5"">",ဒေသစာရီလှည့်လည်ရန် ခွင့်ပြုတော်မူခြင်း,43,
"<font size=""1.5"">",ဗြဟ္မာတို့လျှောက်ထားခြင်း,47,
"<font size=""2"">",၂-မဟာနိဒါနသုတ်,51,
"<font size=""1.5"">",ပဋိစ္စသမုပ္ပါဒ် တရားတော်,51,
"<font size=""1.5"">",အတ္တပညတ်,61,
"<font size=""1.5"">",နအတ္တပညတ်,62,
"<font size=""1.5"">",အတ္တကို ရှုခြင်း,64,
"<font size=""1.5"">",ဝိညာဏဋ္ဌိတိ ခုနစ်ပါး,67,
"<font size=""1.5"">",ဝိမောက္ခ ရှစ်ပါး,69,
"<font size=""2"">",၃-မဟာပရိနိဗ္ဗာနသုတ်,70,
"<font size=""1.5"">",ပဌမအခန်း,70,
"<font size=""1.5"">",မင်းတို့၏ မဆုတ်ယုတ်ကြောင်းတရား ခုနစ်ပါး,71,
"<font size=""1.5"">",ရဟန်းတို့၏ မဆုတ်ယုတ်ကြောင်းတရား ခုနစ်ပါး,74,
"<font size=""1.5"">",ဒုတိယ မဆုတ်ယုတ်ကြောင်းတရား ခုနစ်ပါး,76,
"<font size=""1.5"">",တတိယ မဆုတ်ယုတ်ကြောင်းတရား ခုနစ်ပါး,77,
"<font size=""1.5"">",စတုတ္ထ မဆုတ်ယုတ်ကြောင်းတရား ခုနစ်ပါး,78,
"<font size=""1.5"">",ပဉ္စမ မဆုတ်ယုတ်ကြောင်းတရား ခုနစ်ပါး,79,
"<font size=""1.5"">",ရဟန်းတို့၏ မဆုတ်ယုတ်ကြောင်းတရား ခြောက်ပါး,80,
"<font size=""1.5"">",အသျှင်သာရိပုတြာ ရဲရင့်သော စကားကို ဆိုခြင်း,82,
"<font size=""1.5"">",သီလပျက်စီးသူ၏ အပြစ်,85,
"<font size=""1.5"">",သီလရှိသူ၏ အကျိုး,87,
"<font size=""1.5"">",ပါဋလိပုတ်ပြည် တည်ခြင်း,88,
"<font size=""1.5"">",အရိယသစ္စာ လေးပါး,91,
"<font size=""1.5"">",ပြန်လည်ခြင်း သဘောမရှိ အထက်မဂ်လျှင် လားရာရှိသူ,92,
"<font size=""1.5"">",ဓမ္မာဒါသ ဓမ္မပရိယာယ ကြေးမုံတရား,94,
"<font size=""1.5"">",အမ္ဗပါလီ ပြည့်တန်ဆာမ,97,
"<font size=""1.5"">",ဝေဠုဝရွာ၌ ဝါဆိုတော်မူခြင်း,100,
"<font size=""1.5"">",နိမိတ် အရိပ်အရောင် ပြတော်မူခြင်း,102,
"<font size=""1.5"">",မာရ်နတ် တောင်းပန်ခြင်း,104,
"<font size=""1.5"">",အာယုသင်္ခါရ လွှတ်တော်မူခြင်း,106,
"<font size=""1.5"">",မြေကြီး လှုပ်ခြင်း၏ အကြောင်း,107,
"<font size=""1.5"">",ငလျင်လှုပ်ခြင်း အကြောင်း ရှစ်ပါး,107,
"<font size=""1.5"">",ပရိသတ် ရှစ်ပါး,109,
"<font size=""1.5"">",အဘိဘာယတန ရှစ်ပါး,110,
"<font size=""1.5"">","လွတ်လပ်ခြင်း ""ဝိမောက္ခ"" တရား ရှစ်ပါး",112,
"<font size=""1.5"">",အသျှင်အာနန္ဒာ လျှောက်ထား တောင်းပန်ခြင်း,115,
"<font size=""1.5"">",သာသနာအရှည် တည်တံ့ရေး သုံးဆယ့်ခုနစ်ပါး,120,
"<font size=""1.5"">",ဆင်ပြောင်ကြီးကဲ့သို့ ပြန်ကြည့်တော်မူခြင်း,121,
"<font size=""1.5"">",မဟာပဒေသ လေးပါး,123,
"<font size=""1.5"">",စုန္ဒပန်းထိမ်သည် ဝတ္ထု,126,
"<font size=""1.5"">",သီးခြား ဂါထာများ,127,
"<font size=""1.5"">",သောက်ရေဆောင်စေတော်မူခြင်း,128,
"<font size=""1.5"">",ပုက္ကုသ မလ္လမင်းသား အကြောင်း,130,
"<font size=""1.5"">",သီးခြားဂါထာ,134,
"<font size=""1.5"">",ဂါထာများ,134,
"<font size=""1.5"">",အင်ကြင်းပင်အစုံ,136,
"<font size=""1.5"">",ဥပဝါဏမထေရ်,138,
"<font size=""1.5"">",သံဝေဂ ရစေတတ်သော ဌာနလေးပါး,140,
"<font size=""1.5"">",အသျှင်အာနန္ဒာ၏ မေးခွန်း,141,
"<font size=""1.5"">",စေတီထိုက်သော ပုဂ္ဂိုလ်,142,
"<font size=""1.5"">",အသျှင်အာနန္ဒာ၏ အံ့ဖွယ်လေးပါး,143,
"<font size=""1.5"">",အသျှင်အာနန္ဒာ၏ အံ့ဖွယ်ဂုဏ်လေးပါး,145,
"<font size=""1.5"">",စကြဝတေးမင်း၏ အံ့ဖွယ်ဂုဏ်လေးပါး,146,
"<font size=""1.5"">",မဟာသုဒဿနသုတ်ကို ဟောတော်မူခြင်း,147,
"<font size=""1.5"">",မလ္လမင်းတို့ ရှိခိုးခြင်း,148,
"<font size=""1.5"">",သုဘဒ်ပရိဗိုဇ် ဝတ္ထု,149,
"<font size=""1.5"">",မြတ်စွာဘုရား၏ နောက်ဆုံးစကားတော်,153,
"<font size=""1.5"">",မြတ်စွာဘုရားအလောင်းတော်ကို ပူဇော်ခြင်း,158,
"<font size=""1.5"">",မဟာကဿပ မထေရ် ဝတ္ထု,161,
"<font size=""1.5"">",ဓာတ်တော်စေတီကို ပူဇော်ခြင်း,165,
"<font size=""1.5"">",ဂါထာများ,166,
"<font size=""2"">",၄-မဟာသုဒဿနသုတ်,167,
"<font size=""1.5"">",ကုသာဝတီနေပြည်တော်,168,
"<font size=""1.5"">",စကြာရတနာ,170,
"<font size=""1.5"">",ဆင်ရတနာ,171,
"<font size=""1.5"">",မြင်းရတနာ,172,
"<font size=""1.5"">",ပတ္တမြားရတနာ,172,
"<font size=""1.5"">",မိဖုရားရတနာ,173,
"<font size=""1.5"">",သူဌေးရတနာ,173,
"<font size=""1.5"">",သားကြီးရတနာ,174,
"<font size=""1.5"">",တန်ခိုးလေးပါးနှင့် ပြည့်စုံခြင်း,175,
"<font size=""1.5"">",ဓမ္မပြာသာဒ်နှင့် ဓမ္မရေကန်,176,
"<font size=""1.5"">",ဈာန်နှင့် ပြည့်စုံခြင်း,180,
"<font size=""1.5"">",မြို့ပေါင်း ရှစ်သောင်း လေးထောင် စသည်,182,
"<font size=""1.5"">",သုဘဒ္ဒါမိဖုရားကြီး ခစားခြင်း,183,
"<font size=""1.5"">",ဗြဟ္မာ့ပြည်သို့ လားတော်မူခြင်း,189,
"<font size=""2"">",၅-ဇနဝသဘသုတ်,192,
"<font size=""1.5"">",နာတိက ရွာသားတို့၏ အမေးကို ဖြေတော်မူခြင်း,192,
"<font size=""1.5"">",အသျှင်အာနန္ဒာ၏ သွယ်ဝိုက်သော စကား,194,
"<font size=""1.5"">",ဇနဝသဘနတ်သား,197,
"<font size=""1.5"">",နတ်သဘင်,198,
"<font size=""1.5"">",သနင်္ကုမာရ ဗြဟ္မာမင်း အကြောင်း,200,
"<font size=""1.5"">",ပွါးများအပ်ပြီးသော ဣဒ္ဓိပါဒ်ရှိသူ,202,
"<font size=""1.5"">",သတိပဋ္ဌာန် လေးပါး,205,
"<font size=""1.5"">",သမာဓိ၏ အခြံအရံ ခုနစ်ပါး,206,
"<font size=""2"">",၆-မဟာဂေါဝိန္ဒသုတ်,208,
"<font size=""1.5"">",နတ်သဘင်,208,
"<font size=""1.5"">",မဖောက်မပြန် ဟုတ်မှန်သောဂုဏ် ရှစ်ပါး,210,
"<font size=""1.5"">",သနင်္ကုမာရ ဗြဟ္မာမင်း အကြောင်း,213,
"<font size=""1.5"">",မဖောက်မပြန် ဟုတ်မှန်သောဂုဏ် ရှစ်ပါး,215,
"<font size=""1.5"">",ဂေါဝိန္ဒပုဏ္ဏား ဝတ္ထု,217,
"<font size=""1.5"">",မဟာဂေါဝိန္ဒ ဝတ္ထု,218,
"<font size=""1.5"">",မင်းစည်းစိမ်ကို ခွဲဝေခြင်း,219,
"<font size=""1.5"">",ကျော်စောသတင်း ပျံ့နှံ့၍ထွက်ခြင်း,222,
"<font size=""1.5"">",ဗြဟ္မာမင်းနှင့် ဆွေးနွေးခြင်း,225,
"<font size=""1.5"">",ရေဏုမင်းကို လျှောက်ထားခြင်း,227,
"<font size=""1.5"">",မင်းခြောက်ပါးတို့ကို လျှောက်ထားခြင်း,228,
"<font size=""1.5"">",ပုဏ္ဏား သူဌေး စသည်တို့အား ပြောကြားခြင်း,231,
"<font size=""1.5"">",မယားတို့ကို ပြောကြားခြင်း,232,
"<font size=""1.5"">",မဟာဂေါဝိန္ဒပုဏ္ဏား ရဟန်းပြုခြင်း,232,
"<font size=""2"">",၇-မဟာသမယသုတ်,235,
"<font size=""1.5"">",နတ်အစည်းအဝေး,236,
"<font size=""2"">",ဂ-သက္ကပဥှသုတ်,241,
"<font size=""1.5"">",ပဉ္စသိခ နတ်သား၏ သီချင်းဂါထာ,243,
"<font size=""1.5"">",သိကြားမင်း ချဉ်းကပ်ခြင်း,245,
"<font size=""1.5"">",ဂေါပကနတ်သား ဝတ္ထု,247,
"<font size=""1.5"">",ဝေဒနာ ကမ္မဋ္ဌာန်း,252,
"<font size=""1.5"">",ပါတိမောက္ခသံဝရ သီလ,254,
"<font size=""1.5"">",ဣန္ဒြိယသံဝရ သီလ,256,
"<font size=""1.5"">",ဝမ်းမြောက်မှုကို ရဖူးခြင်း,259,
"<font size=""2"">",၉-မဟာသတိပဋ္ဌာနသုတ်,262,
"<font size=""1.5"">",အကျဉ်းချုပ်,263,
"<font size=""1.5"">",၁ - ထွက်သက်ဝင်သက်ကို ရှုဆင်ခြင်ခြင်း အပိုင်း,264,
"<font size=""1.5"">",၂ - ဣရိယာပုထ်ကို ဆင်ခြင်ခြင်း အပိုင်း,265,
"<font size=""1.5"">",၃ - သတိသမ္ပဇဉ်ဖြင့် ဆင်ခြင်ခြင်း အပိုင်း,265,
"<font size=""1.5"">",၄ - စက်ဆုပ်ဖွယ်ဟု နှလုံးသွင်းခြင်း အပိုင်း,266,
"<font size=""1.5"">",၅ - ဓာတ်အားဖြင့် နှလုံးသွင်းခြင်း အပိုင်း,266,
"<font size=""1.5"">",၆ - သူသေကောင် ကိုးမျိုးကို ဆင်ခြင်ခြင်း အပိုင်း,267,
"<font size=""1.5"">",ဝေဒနာကို ဆင်ခြင်ခြင်း ကိုးပါး,269,
"<font size=""1.5"">",စိတ်ကို ဆင်ခြင်ခြင်း တစ်ဆယ့်ခြောက်ပါး,270,
"<font size=""1.5"">",သဘောတရားကို ဆင်ခြင်ခြင်း ငါးပါး,271,
"<font size=""1"">",နီဝရဏတရားငါးပါးကို ဆင်ခြင်ခြင်းအပိုင်း,271,
"<font size=""1"">",ခန္ဓာငါးပါးကို ဆင်ခြင်ခြင်း အပိုင်း,273,
"<font size=""1"">",အာယတနတစ်ဆယ့်နှစ်ပါးကို ဆင်ခြင်ခြင်း အပိုင်း,274,
"<font size=""1"">",ဗောဇ္ဈင်ခုနစ်ပါးကို ဆင်ခြင်ခြင်း အပိုင်း,275,
"<font size=""1"">",သစ္စာလေးပါးကို ဆင်ခြင်ခြင်း အပိုင်း,277,
"<font size=""1"">",ဒုက္ခ အရိယသစ္စာ,277,
"<font size=""1"">",ဒုက္ခသမုဒယ အရိယသစ္စာ,280,
"<font size=""1"">",ဒုက္ခနိရောဓ အရိယသစ္စာ,282,
"<font size=""1"">",ဒုက္ခနိရောဓဂါမိနီပဋိပဒါ အရိယသစ္စာ,284,
"<font size=""2"">",၁၀-ပါယာသိသုတ်,287,
"<font size=""1.5"">",ပါယာသိမြို့စား ဝတ္ထု,287,
"<font size=""1.5"">",ကံ-ကံ၏ အကျိုးမရှိ ဟူသော အယူ,289,
"<font size=""1.5"">",လ နေ ဥပမာ,289,
"<font size=""1.5"">",ခိုးသူ ဥပမာ,291,
"<font size=""1.5"">",မစင်တွင်း၌ နစ်မြုပ်သော ယောကျာ်း ဥပမာ,294,
"<font size=""1.5"">",တာဝတိံသာနတ် ဥပမာ,297,
"<font size=""1.5"">",ဝမ်းတွင်း ကန်းသော ယောကျာ်း ဥပမာ,298,
"<font size=""1.5"">",ကိုယ်ဝန်ဆောင်ပုဏ္ဏေးမ ဥပမာ,300,
"<font size=""1.5"">",အိပ်မက် ဥပမာ,302,
"<font size=""1.5"">",ရဲရဲညိသော သံတွေခဲ ဥပမာ,304,
"<font size=""1.5"">",ခရုသင်းမှုတ်သော ယောကျာ်း ဥပမာ,306,
"<font size=""1.5"">",မီးကို လုပ်ကျွေးသော ရသေ့ ဥပမာ,308,
"<font size=""1.5"">",လှည်းမှူးကြီး နှစ်ယောက် ဥပမာ,311,
"<font size=""1.5"">",မစင်ထုပ်ဆောင်သူ ဥပမာ,314,
"<font size=""1.5"">",အန်ကစားသူ ဥပမာ,315,
"<font size=""1.5"">",ပိုက်ဆံလျှော်ထုပ်ယူသူ ဥပမာ,316,
"<font size=""1.5"">",သရဏဂုံကို ဆောက်တည်ခြင်း,318,
"<font size=""1.5"">",ယဇ်ပူဇော်ခြင်းကို ပြဆိုရာ,318,
"<font size=""1.5"">",ဥတ္တရလုလင် ဝတ္ထု,320,
"<font size=""1.5"">",ပါယာသိနတ်သား ဝတ္ထု,321,
2,02_digha_03,ပါထိက,285
"<font size=""2"">",၁-ပါထိကသုတ်,1,
"<font size=""1.5"">",သုနက္ခတ်ရဟန်း ဝတ္ထု,1,
"<font size=""1.5"">",ကောရခတ္တိယ ဝတ္ထု,5,
"<font size=""1.5"">",ကဠာရမဋ္ဋက တက္ကတွန်း ဝတ္ထု,7,
"<font size=""1.5"">",ပါထိကပုတ္တ တက္ကတွန်း ဝတ္ထု,10,
"<font size=""1.5"">",တန်ခိုးပြာဋိဟာကို ပြခန်း,13,
"<font size=""1.5"">",အစဟုသိအပ်သော တရားကို ပညတ်ခြင်း,21,
"<font size=""2"">",၂-ဥဒုမ္ဗရိကသုတ်,27,
"<font size=""1.5"">",နိဂြောဓပရိဗိုဇ် ဝတ္တု,27,
"<font size=""1.5"">",ညစ်ညူးခြင်း အမျိုးမျိုး,32,
"<font size=""1.5"">",အခွံအပွေးနှင့်တူသော စင်ကြယ်ခြင်းကို ပြဆိုရာ,35,
"<font size=""1.5"">",အခေါက်နှင့်တူသော စင်ကြယ်ခြင်းကို ပြဆိုရာ,37,
"<font size=""1.5"">",အကာနှင့်တူသော စင်ကြယ်ခြင်းကို ပြဆိုရာ,39,
"<font size=""1.5"">",အထွတ်အထိပ် အနှစ်သာရနှင့် တူသော စင်ကြယ်ခြင်းကို ပြဆိုရာ,40,
"<font size=""1.5"">",နိဂြောဓပရိဗိုဇ်၏ မှိုင်တွေခြင်း,42,
"<font size=""1.5"">",အရဟတ္တဖိုလ်ကို မျက်မှောက်ပြုနိုင်ခြင်း,44,
"<font size=""1.5"">",ပရိဗိုဇ်တို့၏ မှိုင်တွေခြင်း,45,
"<font size=""2"">",၃-စက္ကဝတ္တိသုတ်,47,
"<font size=""1.5"">",မိမိသာလျှင် ကျွန်းကြီးသဖွယ် မှီခိုရာအဖြစ်,47,
"<font size=""1.5"">",ဒဠှနေမိစကြဝတေးမင်း,48,
"<font size=""1.5"">",မြတ်သော စကြာမင်းတို့၏ ကျင့်ဝတ်,50,
"<font size=""1.5"">",စကြာရတနာ ဖြစ်ပေါ်လာခြင်း,51,
"<font size=""1.5"">",ဒုတိယ စကြာမင်း စသည် အကြောင်း,53,
"<font size=""1.5"">",အသက်အဆင်း စသည် ယုတ်လျော့ခြင်း အကြောင်း,55,
"<font size=""1.5"">",ဆယ်နှစ် သက်တမ်း အချိန်,60,
"<font size=""1.5"">",အသက် အဆင်း စသည် တိုးပွါးခြင်း အကြောင်း,62,
"<font size=""1.5"">",မေတ္တေယျဘုရား ပွင့်တော်မူခြင်း,63,
"<font size=""1.5"">",ရဟန်း၏ အသက် အဆင်း စသည် တိုးပွါးခြင်း အကြောင်း,66,
"<font size=""2"">",၄-အဂ္ဂညသုတ်,68,
"<font size=""1.5"">",ဝါသေဋ္ဌနှင့် ဘာရဒွါဇ,68,
"<font size=""1.5"">",အမျိုး လေးပါး,70,
"<font size=""1.5"">",မြေဆီ ဖြစ်ပေါ်လာခြင်း,73,
"<font size=""1.5"">",လ နေ စသည်တို့ ဖြစ်ပေါ်လာခြင်း,74,
"<font size=""1.5"">",မြေလွှာ ဖြစ်ပေါ် လာခြင်း,75,
"<font size=""1.5"">",နွယ်ချို ဖြစ်ပေါ် လာခြင်း,76,
"<font size=""1.5"">",အလိုအလျောက် သလေးဆန် ဖြစ်ပေါ်လာခြင်း,77,
"<font size=""1.5"">",မိန်းမ ယောကျာ်း လိင်ထင်ရှား ဖြစ်ခြင်း,77,
"<font size=""1.5"">",မေထုန် အကျင့်,78,
"<font size=""1.5"">",သလေးဆန် ခွဲဝေခြင်း,79,
"<font size=""1.5"">",မဟာသမ္မတမင်း,81,
"<font size=""1.5"">",ပုဏ္ဏား အစု,82,
"<font size=""1.5"">",အသည် (ကုန်သွယ်လယ်လုပ်) အစု,83,
"<font size=""1.5"">",သူဆင်းရဲ အစု,84,
"<font size=""1.5"">",ဒုစရိုက် စသည် အကြောင်း,85,
"<font size=""2"">",၅-သမ္ပသာဒနီယသုတ်,87,
"<font size=""1.5"">",အသျှင်သာရိပုတြာ၏ ရဲရင့်သော စကားသံ,87,
"<font size=""1.5"">",ကုသိုလ်တရား ဒေသနာ,90,
"<font size=""1.5"">",အမိဝမ်း၌ ပဋိသန္ဓေယူပုံ ဒေသနာ,91,
"<font size=""1.5"">",တိုက်ရိုက်ညွှန်းခြင်း အစီအရင် ဒေသနာ,92,
"<font size=""1.5"">",ဉာဏ်အမြင်သို့ ရောက်ခြင်း ဒေသနာ,93,
"<font size=""1.5"">",ပုဂ္ဂိုလ်ကို ပညတ်ခြင်း ဒေသနာ,94,
"<font size=""1.5"">",ပဓာနဗောဇ္ဈင် ဒေသနာ,95,
"<font size=""1.5"">",အကျင့်ပဋိပဒါ ဒေသနာ,96,
"<font size=""1.5"">",နှုတ်အကျင့် ပဋိပဒါ ဒေသနာ,96,
"<font size=""1.5"">",လူတို့၏ အကျင့် သီလ ဒေသနာ,97,
"<font size=""1.5"">",ဆုံးမနည်း ဒေသနာ,98,
"<font size=""1.5"">",တစ်ပါးသူတို့ လွတ်မြောက်သောဉာဏ် ဒေသနာ,99,
"<font size=""1.5"">",သဿတဝါဒ ဒေသနာ,100,
"<font size=""1.5"">",ပုဗ္ဗေနိဝါသာနုဿတိဉာဏ် ဒေသနာ,102,
"<font size=""1.5"">",စုတူပပါတဉာဏ် ဒေသနာ,103,
"<font size=""1.5"">",ဣဒ္ဓိဝိဓ ဒေသနာ,104,
"<font size=""1.5"">",ဘုရားသျှင်၏ အခြားသောဂုဏ်ကို ပြခြင်း,105,
"<font size=""1.5"">",အနုယောဂ ဒါန အပြား,106,
"<font size=""1.5"">",အံဩဖွယ်ရာ မဖြစ်ဖူးမြဲ ဖြစ်ပုံအချက်,108,
"<font size=""2"">",၆-ပါသာဒိကသုတ်,109,
"<font size=""1.5"">",နိဂဏ္ဌ နာဋပုတ္တ သေပြီးစအခါ,109,
"<font size=""1.5"">",ဘုရား မဟုတ်သူ ဟောအပ်သော သာသနာ,111,
"<font size=""1.5"">",ဘုရား အစစ် ဟောအပ်သော သာသနာ,113,
"<font size=""1.5"">",တပည့်တို့ ပူပန်အပ်သော ဆရာ,115,
"<font size=""1.5"">",တပည့်တို့ မပူပန်အပ်သော ဆရာ,116,
"<font size=""1.5"">",သာသနာမပြည့်စုံခြင်း စသည်,117,
"<font size=""1.5"">",သံဂါယနာ တင်အပ်သော တရား,121,
"<font size=""1.5"">",သိစေအပ်သော အစီအရင်,122,
"<font size=""1.5"">",ပစ္စည်းလေးပါး ခွင့်ပြုကြောင်း,123,
"<font size=""1.5"">",ချမ်းသာ ခံစားခြင်း အကျင့်,124,
"<font size=""1.5"">",ချမ်းသာ ခံစားခြင်း အကျင့်၏ အကျိုး အာနိသင်,126,
"<font size=""1.5"">",အာသဝေါကင်းသူ၏ မထိုက်သော အရာ,127,
"<font size=""1.5"">",အမေးနှင့် အဖြေ,128,
"<font size=""1.5"">",မဟောကြားအပ်သော အရာ,130,
"<font size=""1.5"">",ဟောကြားအပ်သော အရာ,131,
"<font size=""1.5"">",ရှေ့အဖို့ကို စွဲ၍ ဖြစ်သော မိစ္ဆာအယူ,132,
"<font size=""1.5"">",နောက်အဖို့ကို စွဲ၍ ဖြစ်သော မိစ္ဆာအယူ,134,
"<font size=""2"">",၇-လက္ခဏသုတ်,137,
"<font size=""1.5"">",သုံးဆယ့်နှစ်ပါးသော မဟာပုရိသ လက္ခဏာ,137,
"<font size=""1"">",(၁) သုပ္ပတိဋ္ဌိတပါဒ လက္ခဏာတော်,140,
"<font size=""1"">",(၂) ပါဒတလစက္က လက္ခဏာတော်,142,
"<font size=""1"">",(၃-၅) အာယတပဏှိ စသော လက္ခဏာတော် သုံးပါး,143,
"<font size=""1"">",(၆) သတ္တုဿဒ လက္ခဏာတော်,145,
"<font size=""1"">",(၇-၈) မုဒုတလုနဟတ္ထပါဒ-ဇာလဟတ္ထပါဒ လက္ခဏာတော်,146,
"<font size=""1"">",(၉-၁၀) ဥဿင်္ခပါဒ-ဥဒ္ဓဂ္ဂလောမ လက္ခဏာတော်,147,
"<font size=""1"">",(၁၁) ဧဏိဇင်္ဃ လက္ခဏာတော်,148,
"<font size=""1"">",(၁၂) သုခုမစ္ဆဝိ လက္ခဏာတော်,150,
"<font size=""1"">",(၁၃) သုဝဏ္ဏဝဏ္ဏ လက္ခဏာတော်,151,
"<font size=""1"">",(၁၄) ကောသောဟိတ ဝတ္ထဂုယှ လက္ခဏာတော်,152,
"<font size=""1"">",(၁၅-၁၆) ပရိမဏ္ဍလç အနောနမ ဇဏ္ဏုပရိမသန လက္ခဏာတော်,154,
"<font size=""1"">",(၁၇-၁၉) သီဟ ပုဗ္ဗဒ္စကာယ စသော လက္ခဏာ သုံးပါး,155,
"<font size=""1"">",(၂၀) ရသဂ္ဂသဂ္ဂိတာ လက္ခဏာတော်,156,
"<font size=""1"">",(၂၁-၂၂) အဘိနီလနေတ္တ-ဂေါပခုမ လက္ခဏာတော်,157,
"<font size=""1"">",(၂၃) ဥဏှီသသီသ လက္ခဏာတော်,158,
"<font size=""1"">",(၂၄-၂၅) ဧကေကလောမတာ-ဥဏ္ဏာ လက္ခဏာတော်,160,
"<font size=""1"">",(၂၆-၂၇) စတ္တာလီသ သမဒန္တ အဝိရဠဒန္တ လက္ခဏာတော်,161,
"<font size=""1"">",(၂၈-၂၉) ပဟူတဇိဝှါ-ဗြဟ္မဿရ လက္ခဏာတော်,163,
"<font size=""1"">",(၃၀) သီဟဟနု လက္ခဏာတော်,164,
"<font size=""1"">",(၃၁-၃၂) သမဒန္တç သုသုက္ကဒါဌာ လက္ခဏာတော်,165,
"<font size=""2"">",၈-သိင်္ဂါလသုတ်,167,
"<font size=""1.5"">",သိင်္ဂါလ လုလင်,167,
"<font size=""1.5"">",ညစ်ညူးသော ကံ လေးပါး,168,
"<font size=""1"">",အကြောင်း လေးပါး,169,
"<font size=""1.5"">",စည်းစိမ်ပျက်ကြောင်း ခြောက်ပါး,170,
"<font size=""1.5"">",သေရည် သေရက် သောက်ခြင်း အပြစ် ခြောက်ပါး,170,
"<font size=""1.5"">",အခါမဲ့သွားလာခြင်း အပြစ် ခြောက်ပါး,171,
"<font size=""1.5"">",ပွဲလမ်းသဘင် ကြည့်ရှုခြင်း အပြစ် ခြောက်ပါး,171,
"<font size=""1.5"">",လောင်းကစားခြင်း အပြစ် ခြောက်ပါး,172,
"<font size=""1.5"">",ခင်ပွန်းယုတ် အပြစ် ခြောက်ပါး,172,
"<font size=""1.5"">",ပျင်းရိခြင်း အပြစ် ခြောက်ပါး,173,
"<font size=""1.5"">",မိတ်ဆွေတု,174,
"<font size=""1.5"">",စိတ်ကောင်း နှလုံးကောင်းရှိသော မိတ်ဆွေ,176,
"<font size=""1.5"">",အရပ် ခြောက်ပါးကို လုံခြုံစေခြင်း,178,
"<font size=""2"">",၉-အာဋာနာဋိယသုတ်,183,
"<font size=""1.5"">",ပဌမ အခန်း,183,
"<font size=""1.5"">",ဒုတိယ အခန်း,191,
"<font size=""2"">",၁၀-သင်္ဂီတိသုတ်,199,
"<font size=""1.5"">",မင်းကွန်းသစ်,199,
"<font size=""1.5"">",ဘိန္နနိဂဏ္ဌဝတ္ထု,201,
"<font size=""1.5"">",ဧကက - တစ်ခုတည်းသော တရားစု,202,
"<font size=""1.5"">",ဒုက - တရား နှစ်ပါးစု,203,
"<font size=""1.5"">",တိက - တရား သုံးပါးစု,205,
"<font size=""1.5"">",စတုက္က - တရား လေးပါးစု,210,
"<font size=""1.5"">",ပဉ္စက - တရား ငါးပါးစု,221,
"<font size=""1.5"">",ဆက္က - တရား ခြောက်ပါးစု,228,
"<font size=""1.5"">",သတ္တက - တရား ခုနစ်ပါးစု,234,
"<font size=""1.5"">",အဋ္ဌက - တရားရှစ်ပါးစု,236,
"<font size=""1.5"">",နဝက - တရား ကိုးပါးစု,243,
"<font size=""1.5"">",ဒသက - တရား ဆယ်ပါးစု,247,
"<font size=""2"">",၁၁-ဒသုတ္တရသုတ်,251,
"<font size=""1.5"">",တရား တစ်ပါးစု,251,
"<font size=""1.5"">",တရား နှစ်ပါးစု,253,
"<font size=""1.5"">",တရား သုံးပါးစု,254,
"<font size=""1.5"">",တရား လေးပါးစု,255,
"<font size=""1.5"">",တရား ငါးပါးစု,257,
"<font size=""1.5"">",တရား ခြောက်ပါးစု,262,
"<font size=""1.5"">",တရား ခုနစ်ပါးစု,266,
"<font size=""1.5"">",တရား ရှစ်ပါးစု,269,
"<font size=""1.5"">",တရား ကိုးပါးစု,277,
"<font size=""1.5"">",တရား ဆယ်ပါးစု,280,
3,03_majjhima_01,မူလပဏ္ဏာသ,394
"<font size=""2"">",၁- မူလပရိယာယဝဂ်,1,
"<font size=""1.5"">",၁- မူလပရိယာယသုတ်,1,
"<font size=""1.5"">",၂- သဗ္ဗာသဝသုတ်,9,
"<font size=""1.5"">",၃- ဓမ္မဒါယာဒသုတ်,15,
"<font size=""1.5"">",၄- ဘယဘေရဝသုတ်,20,
"<font size=""1.5"">",၅- အနင်္ဂဏသုတ်,30,
"<font size=""1.5"">",၆- အာကင်္ခေယျသုတ်,39,
"<font size=""1.5"">",၇- ဝတ္ထသုတ်,43,
"<font size=""1.5"">",၈- သလ္လေခသုတ်,48,
"<font size=""1.5"">",၉- သမ္မာဒိဋ္ဌိသုတ်,55,
"<font size=""1.5"">",၁၀ - မဟာသတိပဋ္ဌာနသုတ်,69,
"<font size=""1"">",ရုပ်အပေါင်းကို ရှုဆင်ခြင်ခြင်း တစ်ဆယ့်လေးပါး,70,
"<font size=""1"">",(၁) ထွက်သက် ဝင်သက်လေကို ရှုဆင်ခြင်ခြင်းအပိုင်း,70,
"<font size=""1"">",၂- ဣရိယာပုထ်ကို ဆင်ခြင်ခြင်းအပိုင်း,71,
"<font size=""1"">",၃- သတိသမ္ပဇဉ်ဖြင့် ဆင်ခြင်ခြင်းအပိုင်း,71,
"<font size=""1"">",၄- စက်ဆုပ်ဖွယ်ဟု နှလုံးသွင်းခြင်းအပိုင်း,71,
"<font size=""1"">",၅- ဓာတ်အားဖြင့် နှလုံးသွင်းခြင်းအပိုင်း,72,
"<font size=""1"">",၆- သူသေကောင် ကိုးမျိုးကို ဆင်ခြင်ခြင်းအပိုင်း,72,
"<font size=""1"">",ဝေဒနာကို ဆင်ခြင်ခြင်းကိုးပါး,74,
"<font size=""1"">",စိတ်ကို ဆင်ခြင်ခြင်း တစ်ဆယ့်ခြောက်ပါး,75,
"<font size=""1"">",သဘောတရားကို ဆင်ခြင်ခြင်းငါးပါး,76,
"<font size=""1"">",နီဝရဏတရားငါးပါးကို ဆင်ခြင်ခြင်းအပိုင်း,76,
"<font size=""1"">",သစ္စာလေးပါးကို ဆင်ခြင်ခြင်းအပိုင်း,79,
"<font size=""1"">",ဒုက္ခအရိယသစ္စာ,80,
"<font size=""1"">",ဒုက္ခသမုဒယအရိယသစ္စာ,82,
"<font size=""1"">",ဒုက္ခနိရောဓအရိယသစ္စာ,83,
"<font size=""1"">",ဒုက္ခနိရောဓဂါမိနီ ပဋိပဒါအရိယသစ္စာ,85,
"<font size=""2"">",၂- သီဟနာဒဝဂ်,91,
"<font size=""1.5"">",၁- စူဠသီဟနာဒသုတ်,91,
"<font size=""1.5"">",၂- မဟာသီဟနာဒသုတ်,97,
"<font size=""1"">",မြတ်စွာဘုရား၏ အားတော်ဆယ်ပါး,99,
"<font size=""1"">",မြတ်စွာဘုရား၏ ရဲရင့်ခြင်း (ဝေသာရဇ္ဇ) ဉာဏ်တော်လေးပါး,102,
"<font size=""1"">",ပရိသတ်ရှစ်မျိုး,103,
"<font size=""1"">",သတ္တဝါလေးမျိုး,103,
"<font size=""1"">",ဂတိငါးမျိုး,104,
"<font size=""1"">",အင်္ဂါလေးပါးနှင့် ပြည့်စုံသော မြတ်သော အကျင့်,108,
"<font size=""1.5"">",၃ - မဟာဒုက္ခက္ခန္ဓသုတ်,115,
"<font size=""1.5"">",၄- စူဠဒုက္ခက္ခန္ဓသုတ်,122,
"<font size=""1.5"">",၅- အနုမာနသုတ်,128,
"<font size=""1.5"">",၆- စေတောခိလသုတ်,137,
"<font size=""1.5"">",၇- ဝနပတ္ထသုတ်,141,
"<font size=""1.5"">",၈- မဓုပိဏ္ဍိကသုတ်,145,
"<font size=""1.5"">",၉- ဒွေဓာဝိတက္ကသုတ်,151,
"<font size=""1.5"">",၁၀- ဝိတက္ကသဏ္ဌာနသုတ်,157,
"<font size=""2"">",၃- သြပမ္မဝဂ်,161,
"<font size=""1.5"">",၁- ကကစူပမသုတ်,161,
"<font size=""1.5"">",၂- အလဂဒ္ဒူပမသုတ်,169,
"<font size=""1.5"">",၃- ဝမ္မိကသုတ်,183,
"<font size=""1.5"">",၄- ရထဝိနီတသုတ်,186,
"<font size=""1.5"">",၅- နိဝါပသုတ်,194,
"<font size=""1.5"">",၆- ပါသရာသိသုတ်,204,
"<font size=""1.5"">",၇။ စူဠဟတ္ထိပဒေါပမသုတ်,219,
"<font size=""1.5"">",၈- မဟာဟတ္ထိပဒေါပမသုတ်,228,
"<font size=""1.5"">",၉- မဟာသာရောပမသုတ်,236,
"<font size=""1.5"">",၁၀- စူဠသာရောပမသုတ်,243,
"<font size=""2"">",၄- မဟာယမကဝဂ်,250,
"<font size=""1.5"">",၁- စူဠဂေါသိင်္ဂသုတ်,250,
"<font size=""1.5"">",၂- မဟာဂေါသိင်္ဂသုတ်,256,
"<font size=""1.5"">",၃- မဟာဂေါပါလကသုတ်,263,
"<font size=""1.5"">",၄- စူဠဂေါပါလကသုတ်,268,
"<font size=""1.5"">",၅- စူဠသစ္စကသုတ်,271,
"<font size=""1.5"">",၆- မဟာသစ္စကသုတ်,281,
"<font size=""1.5"">",၇- စူဠတဏှာသင်္ခယသုတ်,297,
"<font size=""1.5"">",၈- မဟာတဏှာသင်္ခယသုတ်,302,
"<font size=""1.5"">",၉- မဟာအဿပုရသုတ်,320,
"<font size=""1.5"">",၁၀ - စူဠအဿပုရသုတ်,330,
"<font size=""2"">",၅ - စူဠယမကဝဂ်,335,
"<font size=""1.5"">",၁- သာလေယျကသုတ်,335,
"<font size=""1.5"">",၂- ဝေရဉ္စကသုတ်,341,
"<font size=""1.5"">",၃- မဟာဝေဒလ္လသုတ်,346,
"<font size=""1.5"">",၄- စူဠဝေဒလ္လသုတ်,354,
"<font size=""1.5"">",၅- စူဠဓမ္မသမာဒါနသုတ်,361,
"<font size=""1.5"">",၆- မဟာဓမ္မသမာဒါနသုတ်,364,
"<font size=""1.5"">",၇- ဝီမံသကသုတ်,372,
"<font size=""1.5"">",၈- ကောသမ္ဗီယသုတ်,376,
"<font size=""1.5"">",၉- ဗြဟ္မနိမန္တနိကသုတ်,381,
"<font size=""1.5"">",၁၀- မာရတဇ္ဇနီယသုတ်,387,
3,03_majjhima_02,မဇ္ဈိမပဏ္ဏာသ,402
"<font size=""2"">",၁-ဂဟပတိဝဂ်,1,
"<font size=""1.5"">",၁-ကန္ဒရကသုတ်,1,
"<font size=""1.5"">",၂-အဋ္ဌကနာဂရသုတ်,12,
"<font size=""1.5"">",၃-သေခသုတ်,16,
"<font size=""1.5"">",၄ - ပေါတလိယသုတ်,22,
"<font size=""1.5"">",၅-ဇီဝကသုတ်,32,
"<font size=""1.5"">",၆-ဥပါလိသုတ်,34,
"<font size=""1.5"">",၇-ကုက္ကုရဝတိကသုတ်,47,
"<font size=""1.5"">",၈-အဘယရာဇကုမာရသုတ်,52,
"<font size=""1.5"">",၉-ဗဟုဝေဒနီယသုတ်,56,
"<font size=""1.5"">",၁၀-အပဏ္ဏကသုတ်,60,
"<font size=""2"">",၂-ဘိက္ခုဝဂ်,74,
"<font size=""1.5"">",၁-အမ္ဗလဋ္ဌိကရာဟုလောဝါဒသုတ်,74,
"<font size=""1.5"">",၂-မဟာရာဟုလောဝါဒသုတ်,80,
"<font size=""1.5"">",၃-စူဠမာလုကျသုတ်,86,
"<font size=""1.5"">",၄-မဟာမာလုကျသုတ်,92,
"<font size=""1.5"">",၅-ဘဒ္ဒါလိသုတ်,97,
"<font size=""1.5"">",၆-လဋုကိကောပမသုတ်,108,
"<font size=""1.5"">",၇-စာတုမသုတ်,117,
"<font size=""1.5"">",၈-နဠကပါနသုတ်,122,
"<font size=""1.5"">",၉-ဂေါလိယာနိသုတ်,129,
"<font size=""1.5"">",၁၀-ကီဋာဂိရိသုတ်,133,
"<font size=""2"">",၃-ပရိဗ္ဗာဇကဝဂ်,142,
"<font size=""1.5"">",၁-တေဝိဇ္ဇဝစ္ဆသုတ်,142,
"<font size=""1.5"">",၂-အဂ္ဂိဝစ္ဆသုတ်,144,
"<font size=""1.5"">",၃-မဟာဝစ္ဆသုတ်,150,
"<font size=""1.5"">",၄-ဒီဃနခသုတ်,158,
"<font size=""1.5"">",၅-မာဂဏ္ဍိယသုတ်,162,
"<font size=""1.5"">",၆-သန္ဒကသုတ်,173,
"<font size=""1.5"">",၇-မဟာသကုလုဒါယိသုတ်,185,
"<font size=""1.5"">",၈-သမဏမုဏ္ဍိကသုတ်,203,
"<font size=""1.5"">",၉-စူဠသကုလုဒါယိသုတ်,209,
"<font size=""1.5"">",၁၀-ဝေခနသသုတ်,218,
"<font size=""2"">",၄-ရာဇဝဂ်,222,
"<font size=""1.5"">",၁-ဃဋိကာရသုတ်,222,
"<font size=""1.5"">",၂-ရဋ္ဌပါလသုတ်,230,
"<font size=""1.5"">",၃-မဃဒေဝသုတ်,243,
"<font size=""1.5"">",၄-မဓုရသုတ်,251,
"<font size=""1.5"">",၅-ဗောဓိရာဇကုမာရသုတ်,258,
"<font size=""1.5"">",၆-အင်္ဂုလိမာလသုတ်,277,
"<font size=""1.5"">",၇-ပိယဇာတိကသုတ်,284,
"<font size=""1.5"">",၈-ဗာဟိတိကသုတ်,289,
"<font size=""1.5"">",၉-ဓမ္မစေတိယသုတ်,293,
"<font size=""1.5"">",၁၀-ကဏ္ဏကတ္ထလသုတ်,299,
"<font size=""2"">",၅-ဗြာဟ္မဏဝဂ်,306,
"<font size=""1.5"">",၁-ဗြဟ္မာယုသုတ်,306,
"<font size=""1.5"">",၂-သေလသုတ်,317,
"<font size=""1.5"">",၃-အဿလာယနသုတ်,324,
"<font size=""1.5"">",၄-ဃောဋမုခသုတ်,332,
"<font size=""1.5"">",၅-စင်္ကီသုတ်,343,
"<font size=""1.5"">",၆-ဧသုကာရီသုတ်,356,
"<font size=""1.5"">",၇-ဓနဉ္ဇာနိသုတ်,363,
"<font size=""1.5"">",၈-ဝါသေဋ္ဌသုတ်,373,
"<font size=""1.5"">",၉-သုဘသုတ်,380,
"<font size=""1.5"">",၁၀-သင်္ဂါရဝသုတ်,391,
3,03_majjhima_03,ဥပရိပဏ္ဏာသ,332
"<font size=""2"">",၁ - ဒေဝဒဟဝဂ်,1,
"<font size=""1.5"">",၁-ဒေဝဒဟသုတ်,1,
"<font size=""1.5"">",၂-ပဉ္စတ္တယသုတ်,17,
"<font size=""1.5"">",၃-ကိန္တိသုတ်,26,
"<font size=""1.5"">",၄-သာမဂါမသုတ်,31,
"<font size=""1.5"">",၅-သုနက္ခတ္တသုတ်,38,
"<font size=""1.5"">",၆-အာနေဉ္ဇသပ္ပါယသုတ်,47,
"<font size=""1.5"">",၇-ဂဏက မောဂ္ဂလ္လာနသုတ်,52,
"<font size=""1.5"">",၈-ဂေါပက မောဂ္ဂလ္လာနသုတ်,58,
"<font size=""1.5"">",၉-မဟာပုဏ္ဏမသုတ်,66,
"<font size=""1.5"">",၁၀-စူဠပုဏ္ဏမသုတ်,70,
"<font size=""2"">",၂-အနုပဒဝဂ်,73,
"<font size=""1.5"">",၁-အနုပဒသုတ်,73,
"<font size=""1.5"">",၂-ဆဗ္ဗိသောဓနသုတ်,77,
"<font size=""1.5"">",၃-သပ္ပုရိသသုတ်,84,
"<font size=""1.5"">",၄- သေဝိတဗ္ဗာသေဝိတဗ္ဗသုတ်,90,
"<font size=""1.5"">",၅-ဗဟုဓာတုကသုတ်,102,
"<font size=""1.5"">",၆ - ဣသိဂိလိသုတ်,107,
"<font size=""1.5"">",၇-မဟာစတ္တာရီသကသုတ်,110,
"<font size=""1.5"">",၈-အာနာပါနဿတိသုတ်,116,
"<font size=""1.5"">",၉-ကာယဂတာသတိသုတ်,124,
"<font size=""1.5"">",၁၀-သင်္ခါရုပပတ္တိသုတ်,134,
"<font size=""2"">",၃-သုညတဝဂ်,139,
"<font size=""1.5"">",၁-စူဠသုညတသုတ်,139,
"<font size=""1.5"">",၂-မဟာသုညတသုတ်,144,
"<font size=""1.5"">",၃-အစ္ဆရိယအဗ္ဘုတသုတ်,152,
"<font size=""1.5"">",၄-ဗာကုလသုတ်,158,
"<font size=""1.5"">",၅-ဒန္တဘူမိသုတ်,160,
"<font size=""1.5"">",၆-ဘူမိဇသုတ်,168,
"<font size=""1.5"">",၇-အနုရုဒ္ဓသုတ်,175,
"<font size=""1.5"">",၈-ဥပက္ကိလေသသုတ်,182,
"<font size=""1.5"">",၉- ဗာလပဏ္ဍိတသုတ်,192,
"<font size=""1.5"">",၁၀- ဒေဝဒူတသုတ်,205,
"<font size=""2"">",၄-ဝိဘင်္ဂဝဂ်,213,
"<font size=""1.5"">",၁-ဘဒ္ဒေကရတ္တသုတ်,213,
"<font size=""1.5"">",၂-အာနန္ဒဘဒ္ဒေကရတ္တသုတ်,215,
"<font size=""1.5"">",၃-မဟာကစ္စာနဘဒ္ဒေကရတ္တသုတ်,218,
"<font size=""1.5"">",၄-လောမသကင်္ဂိယဘဒ္ဒေကရတ္တသုတ်,226,
"<font size=""1.5"">",၅-စူဠကမ္မဝိဘင်္ဂသုတ်,229,
"<font size=""1.5"">",၆-မဟာကမ္မဝိဘင်္ဂသုတ်,235,
"<font size=""1.5"">",၇-သဠာယတနဝိဘင်္ဂသုတ်,243,
"<font size=""1.5"">",၈-ဥဒ္ဒေသဝိဘင်္ဂသုတ်,250,
"<font size=""1.5"">",၉-အရဏဝိဘင်္ဂသုတ်,257,
"<font size=""1.5"">",၁၀- ဓာတုဝိဘင်္ဂသုတ်,265,
"<font size=""1.5"">",၁၁-သစ္စဝိဘင်္ဂသုတ်,275,
"<font size=""1.5"">",၁၂-ဒက္ခိဏာဝိဘင်္ဂသုတ်,280,
"<font size=""2"">",၅-သဠာယတနဝဂ်,285,
"<font size=""1.5"">",၁-အနာထပိဏ္ဍိကောဝါဒသုတ်,285,
"<font size=""1.5"">",၂-ဆန္ဒောဝါဒသုတ်,290,
"<font size=""1.5"">",၃-ပုဏ္ဏောဝါဒသုတ်,293,
"<font size=""1.5"">",၄-နန္ဒကောဝါဒသုတ်,297,
"<font size=""1.5"">",၅-စူဠရာဟုလောဝါဒသုတ်,306,
"<font size=""1.5"">",၆-ဆဆက္ကသုတ်,309,
"<font size=""1.5"">",၇-မဟာသဠာယတနိကသုတ်,316,
"<font size=""1.5"">",၈-နဂရဝိန္ဒေယျသုတ်,320,
"<font size=""1.5"">",၉-ပိဏ္ဍပါတပါရိသုဒ္ဓိသုတ်,324,
"<font size=""1.5"">",၁၀-ဣန္ဒြိယဘာဝနာသုတ်,328,
4,04_sanyutta_01,သဂါထာဝဂ္ဂသံယုတ်,256
"<font size=""2"">",၁-ဒေဝတာသံယုတ်,1,
"<font size=""1.5"">",၁-နဠဝဂ်,1,
"<font size=""1"">",၁-သြဃတရဏသုတ်,1,
"<font size=""1"">",၂-နိမောက္ခသုတ်,2,
"<font size=""1"">",၃-ဥပနီယသုတ်,2,
"<font size=""1"">",၄-အစ္စေန္တိသုတ်,3,
"<font size=""1"">",၅-ကတိဆိန္ဒသုတ်,3,
"<font size=""1"">",၆-ဇာဂရသုတ်,4,
"<font size=""1"">",၇-အပ္ပဋိဝိဒိတသုတ်,4,
"<font size=""1"">",၈-သုသမ္မုဋ္ဌသုတ်,5,
"<font size=""1"">",၉-မာနကာမသုတ်,5,
"<font size=""1"">",၁၀-အရညသုတ်,6,
"<font size=""1.5"">",၂-နန္ဒနဝဂ်,7,
"<font size=""1"">",၁-နန္ဒနသုတ်,7,
"<font size=""1"">",၂-နန္ဒတိသုတ်,7,
"<font size=""1"">",၃-နတ္ထိပုတ္တသမသုတ်,8,
"<font size=""1"">",၄-ခတ္ထိယသုတ်,8,
"<font size=""1"">",၅-သဏမာနသုတ်,9,
"<font size=""1"">",၆-နိဒ္ဒါတန္ဓီသုတ်,9,
"<font size=""1"">",၇-ဒုက္ကရသုတ်,9,
"<font size=""1"">",၈-ဟိရီသုတ်,10,
"<font size=""1"">",၉-ကုဋိကာသုတ်,10,
"<font size=""1"">",၁၀-သမိဒ္ဓိသုတ်,11,
"<font size=""1.5"">",၃-သတ္တိဝဂ်,15,
"<font size=""1"">",၁-သတ္တိသုတ်,15,
"<font size=""1"">",၂-ဖုသတိသုတ်,15,
"<font size=""1"">",၃-ဇဋာသုတ်,16,
"<font size=""1"">",၄-မနောနိဝါရဏသုတ်,16,
"<font size=""1"">",၅-အရဟန္တသုတ်,17,
"<font size=""1"">",၆-ပဇ္ဇောတသုတ်,17,
"<font size=""1"">",၇-သရသုတ်,18,
"<font size=""1"">",၈-မဟဒ္ဓနသုတ်,18,
"<font size=""1"">",၉-စတုစက္ကသုတ်,19,
"<font size=""1"">",၁၀-ဧဏိဇင်္ဂသုတ်,19,
"<font size=""1.5"">",၄-သတုလ္လပကာယိကဝဂ်,20,
"<font size=""1"">",၁-သဗ္ဘိသုတ်,20,
"<font size=""1"">",၂-မစ္ဆရိသုတ်,21,
"<font size=""1"">",၃-သာဓုသုတ်,23,
"<font size=""1"">",၄-န သန္တိသုတ်,25,
"<font size=""1"">",၅-ဥဇ္ဈာနသညိသုတ်,26,
"<font size=""1"">",၆-သဒ္ဓါသုတ်,28,
"<font size=""1"">",၇-သမယသုတ်,29,
"<font size=""1"">",၈-သကလိကသုတ်,30,
"<font size=""1"">",၉-ပဌမ ပဇ္ဇုန္နဓီတုသုတ်,32,
"<font size=""1"">",၁၀-ဒုတိယ ပဇ္ဇုန္နဓီတုသုတ်,33,
"<font size=""1.5"">",၅-အာဒိတ္တဝဂ်,34,
"<font size=""1"">",၁-အာဒိတ္တသုတ်,34,
"<font size=""1"">",၂-ကိံဒဒသုတ်,34,
"<font size=""1"">",၃-အန္နသုတ်,35,
"<font size=""1"">",၄-ဧကမူလသုတ်,35,
"<font size=""1"">",၅-အနောမသုတ်,35,
"<font size=""1"">",၆-အစ္ဆရာသုတ်,36,
"<font size=""1"">",၇-ဝနရောပသုတ်,36,
"<font size=""1"">",၈-ဇေတဝနသုတ်,37,
"<font size=""1"">",၉-မစ္ဆရိသုတ်,37,
"<font size=""1"">",၁၀-ဃဋိကာရသုတ်,38,
"<font size=""1.5"">",၆-ဇရာဝဂ်,40,
"<font size=""1"">",၁-ဇရာသုတ်,40,
"<font size=""1"">",၂-အဇရသာသုတ်,40,
"<font size=""1"">",၃-မိတ္တသုတ်,40,
"<font size=""1"">",၄-ဝတ္ထုသုတ်,41,
"<font size=""1"">",၅-ပဌမ ဇနသုတ်,41,
"<font size=""1"">",၆-ဒုတိယ ဇနသုတ်,41,
"<font size=""1"">",၇-တတိယ ဇနသုတ်,42,
"<font size=""1"">",၈-ဥပ္ပထသုတ်,42,
"<font size=""1"">",၉-ဒုတိယသုတ်,42,
"<font size=""1"">",၁၀-ကဝိသုတ်,43,
"<font size=""1.5"">",၇-အဒ္ဓဝဂ်,44,
"<font size=""1"">",၁-နာမသုတ်,44,
"<font size=""1"">",၂-စိတ္တသုတ်,44,
"<font size=""1"">",၃-တဏှာသုတ်,44,
"<font size=""1"">",၄-သံယောဇနသုတ်,45,
"<font size=""1"">",၅-ဗန္ဓနသုတ်,45,
"<font size=""1"">",၆-အတ္တဟတသုတ်,45,
"<font size=""1"">",၇-ဥဍ္ဍိတသုတ်,46,
"<font size=""1"">",၈-ပိဟိတသုတ်,46,
"<font size=""1"">",၉-ဣစ္ဆာသုတ်,46,
"<font size=""1"">",၁၀-လောကသုတ်,47,
"<font size=""1.5"">",၈-ဆေတွာဝဂ်,48,
"<font size=""1"">",၁-ဆေတွာသုတ်,48,
"<font size=""1"">",၂-ရထသုတ်,48,
"<font size=""1"">",၃-ဝိတ္တသုတ်,48,
"<font size=""1"">",၄-ဝုဋ္ဌိသုတ်,49,
"<font size=""1"">",၅-ဘီတာသုတ်,49,
"<font size=""1"">",၆-န ဇီရတိသုတ်,50,
"<font size=""1"">",၇-ဣဿရိယသုတ်,50,
"<font size=""1"">",၈-ကာမသုတ်,51,
"<font size=""1"">",၉-ပါထေယျသုတ်,51,
"<font size=""1"">",၁၀-ပဇ္ဇောတသုတ်,51,
"<font size=""1"">",၁၁-အရဏသုတ်,52,
"<font size=""2"">",၂-ဒေဝပုတ္တသံယုတ်,53,
"<font size=""1.5"">",၁-ပဌမဝဂ်,53,
"<font size=""1"">",၁-ပဌမ ကဿပသုတ်,53,
"<font size=""1"">",၂-ဒုတိယ ကဿပသုတ်,53,
"<font size=""1"">",၃-မာဃသုတ်,54,
"<font size=""1"">",၄-မာဂဓသုတ်,54,
"<font size=""1"">",၅-ဒါမလိသုတ်,55,
"<font size=""1"">",၆-ကာမဒသုတ်,55,
"<font size=""1"">",၇-ပဉ္စာလစဏ္ဍသုတ်,56,
"<font size=""1"">",၈-တာယနသုတ်,56,
"<font size=""1"">",၉-စန္ဒိမသုတ်,58,
"<font size=""1"">",၁၀-သူရိယသုတ်,59,
"<font size=""1.5"">",၂-အနာထပိဏ္ဍိကဝဂ်,60,
"<font size=""1"">",၁-စန္ဒိမသသုတ်,60,
"<font size=""1"">",၂-ဝေဏ္ဍုသုတ်,60,
"<font size=""1"">",၃-ဒီဃလဋ္ဌိသုတ်,61,
"<font size=""1"">",၄-နန္ဒနသုတ်,61,
"<font size=""1"">",၅-စန္ဒနသုတ်,62,
"<font size=""1"">",၆-ဝါသုဒတ္တသုတ်,62,
"<font size=""1"">",၇-သုဗြဟ္မသုတ်,63,
"<font size=""1"">",၈-ကကုဓသုတ်,63,
"<font size=""1"">",၉-ဥတ္တရသုတ်,64,
"<font size=""1"">",၁၀-အနာထပိဏ္ဍိကသုတ်,65,
"<font size=""1.5"">",၃-နာနာတိတ္ထိယဝဂ်,67,
"<font size=""1"">",၁-သိဝသုတ်,67,
"<font size=""1"">",၂-ခေမသုတ်,68,
"<font size=""1"">",၃-သေရီသုတ်,68,
"<font size=""1"">",၄-ဃဋိကာရသုတ်,71,
"<font size=""1"">",၅-ဇန္တုသုတ်,72,
"<font size=""1"">",၆-ရောဟိတဿသုတ်,73,
"<font size=""1"">",၇-နန္ဒသုတ်,74,
"<font size=""1"">",၈-နန္ဒိဝိသာလသုတ်,75,
"<font size=""1"">",၉-သုသိမသုတ်,75,
"<font size=""1"">",၁၀-နာနာတိတ္တိယသာဝကသုတ်,78,
"<font size=""2"">",၃-ကောသလသံယုတ်,80,
"<font size=""1.5"">",၁-ပဌမဝဂ်,80,
"<font size=""1"">",၁-ဒဟရသုတ်,80,
"<font size=""1"">",၂-ပုရိသသုတ်,82,
"<font size=""1"">",၃-ဇရာမရဏသုတ်,83,
"<font size=""1"">",၄-ပိယသုတ်,84,
"<font size=""1"">",၅-အတ္တရက္ခိတသုတ်,85,
"<font size=""1"">",၆-အပ္ပကသုတ်,87,
"<font size=""1"">",၇-အဍ္ဍ္ပကရဏသုတ်,88,
"<font size=""1"">",၈-မလ္လိကာသုတ်,89,
"<font size=""1"">",၉-ယညသုတ်,90,
"<font size=""1"">",၁၀-ဗန္ဓနသုတ်,91,
"<font size=""1.5"">",၂-ဒုတိယဝဂ်,92,
"<font size=""1"">",၁-သတ္တဇဋိလသုတ်,92,
"<font size=""1"">",၂-ပဉ္စရာဇသုတ်,94,
"<font size=""1"">",၃-ဒေါဏပါကသုတ်,96,
"<font size=""1"">",၄-ပဌမ သင်္ဂါမသုတ်,97,
"<font size=""1"">",၅-ဒုတိယ သင်္ဂါမသုတ်,98,
"<font size=""1"">",၆-မလ္လိကာသုတ်,100,
"<font size=""1"">",၇-အပ္ပမာဒသုတ်,100,
"<font size=""1"">",၈-ကလျာဏမိတ္တသုတ်,101,
"<font size=""1"">",၉-ပဌမ အပုတ္တကသုတ်,104,
"<font size=""1"">",၁၀-ဒုတိယ အပုတ္တကသုတ်,106,
"<font size=""1.5"">",၃-တတိယဝဂ်,108,
"<font size=""1"">",၁-ပုဂ္ဂလသုတ်,108,
"<font size=""1"">",၂-အယျိကာသုတ်,111,
"<font size=""1"">",၃-လောကသုတ်,112,
"<font size=""1"">",၄-ဣဿတ္တသုတ်,112,
"<font size=""1"">",၅-ပဗ္ဗတူပမသုတ်,115,
"<font size=""2"">",၄-မာရသံယုတ်,117,
"<font size=""1.5"">",၁-ပဌမဝဂ်,117,
"<font size=""1"">",၁-တပေါကမ္မသုတ်,117,
"<font size=""1"">",၂-ဟတ္တိရာဇဝဏ္ဏသုတ်,118,
"<font size=""1"">",၃-သုဘသုတ်,119,
"<font size=""1"">",၄-ပဌမ မာရပါသသုတ်,119,
"<font size=""1"">",၅-ဒုတိယ မာရပါသသုတ်,120,
"<font size=""1"">",၆-သပ္ပသုတ်,121,
"<font size=""1"">",၇-သုပတိသုတ်,122,
"<font size=""1"">",၈-နန္ဒတိသုတ်,123,
"<font size=""1"">",၉-ပဌမ အာယုသုတ်,123,
"<font size=""1"">",၁၀-ဒုတိယ အာယုသုတ်,124,
"<font size=""1.5"">",၂-ဒုတိယဝဂ်,125,
"<font size=""1"">",၁-ပါသာဏသုတ်,125,
"<font size=""1"">",၂-ကိန္နုသီဟသုတ်,125,
"<font size=""1"">",၃-သကလိကသုတ်,126,
"<font size=""1"">",၄-ပတိရူပသုတ်,127,
"<font size=""1"">",၅-မာနသသုတ်,127,
"<font size=""1"">",၆-ပတ္တသုတ်,128,
"<font size=""1"">",၇-ဆဖဿာယတနသုတ်,129,
"<font size=""1"">",၈-ပိဏ္ဍသုတ်,130,
"<font size=""1"">",၉-ကဿကသုတ်,131,
"<font size=""1"">",၁၀-ရဇ္ဇသုတ်,132,
"<font size=""1.5"">",၃-တတိယဝဂ်,134,
"<font size=""1"">",၁-သမ္ဗဟုလသုတ်,134,
"<font size=""1"">",၂-သမိဒ္ဓိသုတ်,135,
"<font size=""1"">",၃-ဂေါဓိကသုတ်,137,
"<font size=""1"">",၄-သတ္တဝဿာနုဗန္ဓသုတ်,139,
"<font size=""1"">",၅-မာရဓီတုသုတ်,140,
"<font size=""2"">",၅-ဘိက္ခုနီသံယုတ်,144,
"<font size=""1"">",၁-အာဠဝိကာသုတ်,144,
"<font size=""1"">",၂-သောမာသုတ်,145,
"<font size=""1"">",၃-ကိသာဂေါတမီသုတ်,146,
"<font size=""1"">",၄-ဝိဇယာသုတ်,147,
"<font size=""1"">",၅-ဥပ္ပလဝဏ္ဏာသုတ်,148,
"<font size=""1"">",၆-စာလာသုတ်,149,
"<font size=""1"">",၇-ဥပစာလာသုတ်,150,
"<font size=""1"">",၈-သီသုပစာလာသုတ်,151,
"<font size=""1"">",၉-သေလာသုတ်,152,
"<font size=""1"">",၁၀-ဝဇိရာသုတ်,153,
"<font size=""2"">",၆-ဗြဟ္မသံယုတ်,154,
"<font size=""1.5"">",၁-ပဌမဝဂ်,154,
"<font size=""1"">",၁-ဗြဟ္မာယာစနသုတ်,154,
"<font size=""1"">",၂-ဂါရဝသုတ်,156,
"<font size=""1"">",၃-ဗြဟ္မဒေဝသုတ်,158,
"<font size=""1"">",၄-ဗကဗြဟ္မာသုတ်,160,
"<font size=""1"">",၅-အညတရဗြဟ္မသုတ်,162,
"<font size=""1"">",၆-ဗြဟ္မာလောကသုတ်,164,
"<font size=""1"">",၇-ကောကာလိကသုတ်,165,
"<font size=""1"">",၈-ကတမောဒကတိဿသုတ်,165,
"<font size=""1"">",၉-တုရူဗြဟ္မသုတ်,166,
"<font size=""1"">",၁၀-ကောကာလိကသုတ်,167,
"<font size=""1.5"">",၂-ဒုတိယဝဂ်,169,
"<font size=""1"">",၁-သနင်္ကုမာရသုတ်,169,
"<font size=""1"">",၂-ဒေဝဒတ္တသုတ်,169,
"<font size=""1"">",၃-အန္ဓကဝိန္ဒသုတ်,170,
"<font size=""1"">",၄-အရုဏဝတီသုတ်,171,
"<font size=""1"">",၅-ပရိနိဗ္ဗာနသုတ်,173,
"<font size=""2"">",၇-ဗြာဟ္မဏသံယုတ်,175,
"<font size=""1.5"">",၁-အရဟန္တဝဂ်,175,
"<font size=""1"">",၁-ဓနဉ္စာနီသုတ်,175,
"<font size=""1"">",၂-အက္ကောသသုတ်,176,
"<font size=""1"">",၃-အသုရိန္ဒကသုတ်,178,
"<font size=""1"">",၄-ဗိလင်္ဂ ိကသုတ်,179,
"<font size=""1"">",၅-အဟိံသကသုတ်,179,
"<font size=""1"">",၆-ဇဋာသုတ်,180,
"<font size=""1"">",၇-သုဒ္ဓိကသုတ်,181,
"<font size=""1"">",၈-အဂ္ဂိကသုတ်,182,
"<font size=""1"">",၉-သုန္ဒရိကသုတ်,183,
"<font size=""1"">",၁၀-ဗဟုဓီတရသုတ်,185,
"<font size=""1.5"">",၂-ဥပါသကဝဂ်,187,
"<font size=""1"">",၁-ကသိဘာရဒွါဇသုတ်,187,
"<font size=""1"">",၂-ဥဒယသုတ်,188,
"<font size=""1"">",၃-ဒေဝဟိတသုတ်,189,
"<font size=""1"">",၄-မဟာသာလသုတ်,190,
"<font size=""1"">",၅-မာနတ္ထဒ္ဓသုတ်,192,
"<font size=""1"">",၆-ပစ္စနီကသုတ်,193,
"<font size=""1"">",၇-နဝကမ္မိကသုတ်,194,
"<font size=""1"">",၈-ကဋ္ဌဟာရသုတ်,195,
"<font size=""1"">",၉-မာတုပေါသကသုတ်,196,
"<font size=""1"">",၁၀-ဘိက္ခကသုတ်,196,
"<font size=""1"">",၁၁-သင်္ဂါရဝသုတ်,197,
"<font size=""1"">",၁၂-ခေါမဒုဿသုတ်,199,
"<font size=""2"">",၈-ဝင်္ဂီသသံယုတ်,200,
"<font size=""1"">",၁-နိက္ခန္တသုတ်,200,
"<font size=""1"">",၂-အရတီသုတ်,201,
"<font size=""1"">",၃-ပေသလသုတ်,202,
"<font size=""1"">",၄-အာနန္ဒသုတ်,203,
"<font size=""1"">",၅-သုဘာသိတသုတ်,204,
"<font size=""1"">",၆-သာရိပုတ္တသုတ်,205,
"<font size=""1"">",၇-ပဝါရဏာသုတ်,206,
"<font size=""1"">",၈-ပရောသဟဿသုတ်,207,
"<font size=""1"">",၉-ကောဏ္ဍညသုတ်,209,
"<font size=""1"">",၁၀-မောဂ္ဂလ္လာနသုတ်,210,
"<font size=""1"">",၁၁-ဂဂ္ဂရာသုတ်,211,
"<font size=""1"">",၁၂-ဝင်္ဂီသသုတ်,212,
"<font size=""2"">",၉-ဝနသံယုတ်,213,
"<font size=""1"">",၁-ဝိဝေကသုတ်,213,
"<font size=""1"">",၂-ဥပဋ္ဌာနသုတ်,214,
"<font size=""1"">",၃-ကဿပဂေါတ္တသုတ်,215,
"<font size=""1"">",၄-သမ္ဗဟုလသုတ်,215,
"<font size=""1"">",၅-အာနန္ဒသုတ်,216,
"<font size=""1"">",၆-အနုရုဒ္ဓသုတ်,216,
"<font size=""1"">",၇-နာဂဒတ္တသုတ်,217,
"<font size=""1"">",၈-ကုလဃရဏီသုတ်,217,
"<font size=""1"">",၉-ဝဇ္ဇိပုတ္တသုတ်,218,
"<font size=""1"">",၁၀-သဇ္ဈာယသုတ်,218,
"<font size=""1"">",၁၁-အကုသလဝိတက္ကသုတ်,219,
"<font size=""1"">",၁၂-မဇ္ဈနှိကသုတ်,219,
"<font size=""1"">",၁၃-ပါကတိန္ဒြိယသုတ်,220,
"<font size=""1"">",၁၄-ဂန္ဓတ္တေနသုတ်,221,
"<font size=""2"">",၁၀-ယက္ခသံယုတ်,222,
"<font size=""1"">",၁-ဣန္ဒကသုတ်,222,
"<font size=""1.5"">",၂-သက္ကနာမသုတ်,222,
"<font size=""1"">",၃-သူစိလောမသုတ်,223,
"<font size=""1"">",၄-မဏိဘဒ္ဒသုတ်,224,
"<font size=""1"">",၅-သာနုသုတ်,224,
"<font size=""1"">",၆-ပိယင်္ကရသုတ်,225,
"<font size=""1"">",၇-ပုနဗ္ဗသုသုတ်,226,
"<font size=""1"">",၈-သုဒတ္တသုတ်,227,
"<font size=""1"">",၉-ပဌမသုက္ကာသုတ်,228,
"<font size=""1"">",၁၀-ဒုတိယသုက္ကာသုတ်,228,
"<font size=""1"">",၁၁-စီရာသုတ်,228,
"<font size=""1"">",၁၂-အာဠဝကသုတ်,229,
"<font size=""2"">",၁၁-သက္ကသံယုတ်,231,
"<font size=""1.5"">",၁-ပဌမဝဂ်,231,
"<font size=""1"">",၁-သုဝီရသုတ်,231,
"<font size=""1"">",၂-သုသီမသုတ်,232,
"<font size=""1"">",၃-ဓဇဂ္ဂသုတ်,233,
"<font size=""1"">",၄-ဝေပစိတ္တိသုတ်,235,
"<font size=""1"">",၅-သုဘာသိတဇယသုတ်,237,
"<font size=""1"">",၆-ကုလာဝကသုတ်,239,
"<font size=""1"">",၇-န ဒုဗ္ဘိယသုတ်,239,
"<font size=""1"">",၈-ဝေရောစနအသုရိန္ဒသုတ်,240,
"<font size=""1"">",၉-အရညာယတနဣသိသုတ်,241,
"<font size=""1"">",၁၀-သမုဒ္ဒကသုတ်,242,
"<font size=""1.5"">",၂-ဒုတိယဝဂ်,243,
"<font size=""1"">",၁-ဝတပဒသုတ်,243,
"<font size=""1"">",၂-သက္ကနာမသုတ်,244,
"<font size=""1"">",၃-မဟာလိသုတ်,245,
"<font size=""1"">",၄-ဒလိဒ္ဒသုတ်,246,
"<font size=""1"">",၅-ရာမဏေယျကသုတ်,248,
"<font size=""1"">",၆-ယဇမာနသုတ်,248,
"<font size=""1"">",၇-ဗုဒ္ဓဝန္ဒနာသုတ်,249,
"<font size=""1"">",၈-ဂဟဋ္ဌ္ဓဝန္ဒနာသုတ်,249,
"<font size=""1"">",၉-သတ္ထာရဝန္ဒနာသုတ်,250,
"<font size=""1"">",၁၀-သံဃဝန္ဒနာသုတ်,251,
"<font size=""1.5"">",၃-တတိယဝဂ်,253,
"<font size=""1"">",၁-ဆေတွာသုတ်,253,
"<font size=""1"">",၂-ဒုဗ္ဗဏ္ဏိယသုတ်,253,
"<font size=""1"">",၃-သမ္ဗရိမာယာသုတ်,254,
"<font size=""1"">",၄-အစ္စယသုတ်,255,
"<font size=""1"">",၅-အက္ကောဓသုတ်,256,
4,04_sanyutta_02,နိဒါနဝဂ္ဂသံယုတ်,263
"<font size=""2"">",၁-နိဒါနသံယုတ်,1,
"<font size=""1.5"">",၁-ဗုဒ္ဓဝဂ်,1,
"<font size=""1"">",၁-ပဋိစ္စသမုပ္ပါဒသုတ်,1,
"<font size=""1"">",၂-ဝိဘင်္ဂသုတ်,2,
"<font size=""1"">",၃-ပဋိပဒါသုတ်,4,
"<font size=""1"">",၄-ဝိပဿီသုတ်,5,
"<font size=""1"">",၅-သိခီသုတ်,8,
"<font size=""1"">",၆-ဝေဿဘူသုတ်,9,
"<font size=""1"">",၇-ကကုသန္ဓသုတ်,9,
"<font size=""1"">",၈-ကောဏာဂမနသုတ်,9,
"<font size=""1"">",၉-ကဿပသုတ်,9,
"<font size=""1"">",၁၀-ဂေါတမသုတ်,10,
"<font size=""1.5"">",၂-အာဟာရဝဂ်,12,
"<font size=""1"">",၁-အာဟာရသုတ်,12,
"<font size=""1"">",၂-မောဠိယဖဂ္ဂုနသုတ်,13,
"<font size=""1"">",၃-သမဏဗြာဟ္မဏသုတ်,15,
"<font size=""1"">",၄-ဒုတိယ သမဏ ဗြာဟ္မဏသုတ်,16,
"<font size=""1"">",၅-ကစ္စာန ဂေါတ္တသုတ်,18,
"<font size=""1"">",၆-ဓမ္မကထိကသုတ်,19,
"<font size=""1"">",၇-အစေလကဿပသုတ်,20,
"<font size=""1"">",၈-တိမ္ဗရုကသုတ်,22,
"<font size=""1"">",၉-ဗာလ ပဏ္ဍိတသုတ်,23,
"<font size=""1"">",၁၀-ပစ္စယသုတ်,25,
"<font size=""1.5"">",၃-ဒသဗလဝဂ်,27,
"<font size=""1"">",၁-ဒသဗလသုတ်,27,
"<font size=""1"">",၂-ဒုတိယ ဒသဗလသုတ်,27,
"<font size=""1"">",၃-ဥပနိသသုတ်,29,
"<font size=""1"">",၄-အညတိတ္ထိယသုတ်,31,
"<font size=""1"">",၅-ဘူမိဇ သုတ်,35,
"<font size=""1"">",၆-ဥပဝါဏသုတ်,38,
"<font size=""1"">",၇-ပစ္စယသုတ်,39,
"<font size=""1"">",၈-ဘိက္ခုသုတ်,40,
"<font size=""1"">",၉-သမဏဗြာဟ္မဏသုတ်,42,
"<font size=""1"">",၁၀-ဒုတိယ သမဏဗြာဟ္မဏသုတ်,43,
"<font size=""1.5"">",၄-ကဠာရခတ္တိယဝဂ်,44,
"<font size=""1"">",၁-ဘူတသုတ်,44,
"<font size=""1"">",၂-ကဠာရသုတ်,46,
"<font size=""1"">",၃-ဉာဏဝတ္ထုသုတ်,50,
"<font size=""1"">",၄-ဒုတိယဉာဏဝတ္ထုသုတ်,53,
"<font size=""1"">",၅-အဝိဇ္ဇာပစ္စယသုတ်,54,
"<font size=""1"">",၆-ဒုတိယ အဝိဇ္ဇာပစ္စယသုတ်,56,
"<font size=""1"">",၇-န တုမှသုတ်,58,
"<font size=""1"">",၈-စေတနာသုတ်,58,
"<font size=""1"">",၉-ဒုတိယ စေတနာသုတ်,59,
"<font size=""1"">",၁၀-တတိယ စေတနာသုတ်,60,
"<font size=""1.5"">",၅-ဂဟပတိဝဂ်,61,
"<font size=""1"">",၁-ပဉ္စဝေရဘယသုတ်,61,
"<font size=""1"">",၂-ဒုတိယ ပဉ္စဝေရဘယသုတ်,63,
"<font size=""1"">",၃-ဒုက္ခသုတ်,64,
"<font size=""1"">",၄-လောကသုတ်,65,
"<font size=""1"">",၅-ဉာတိကသုတ်,66,
"<font size=""1"">",၆-အညတရ ဗြာဟ္မဏသုတ်,67,
"<font size=""1"">",၇-ဇာဏုဿောဏိသုတ်,68,
"<font size=""1"">",၈-လောကာယတိကသုတ်,69,
"<font size=""1"">",၉-အရိယသာဝကသုတ်,70,
"<font size=""1"">",၁၀-ဒုတိယ အရိယသာဝကသုတ်,71,
"<font size=""1.5"">",၆-ဒုက္ခဝဂ်,73,
"<font size=""1"">",၁-ပရိဝီမံသနသုတ်,73,
"<font size=""1"">",၂-ဥပါဒါနသုတ်,76,
"<font size=""1"">",၃-သံယောဇနသုတ်,77,
"<font size=""1"">",၄-ဒုတိယသံယောဇနသုတ်,78,
"<font size=""1"">",၅-မဟာရုက္ခသုတ်,79,
"<font size=""1"">",၆-ဒုတိယ မဟာရုက္ခသုတ်,80,
"<font size=""1"">",၇-တရုဏ ရုက္ခသုတ်,81,
"<font size=""1"">",၈-နာမရူပသုတ်,82,
"<font size=""1"">",၉-ဝိညာဏသုတ်,83,
"<font size=""1"">",၁၀-နိဒါနသုတ်,84,
"<font size=""1.5"">",၇-မဟာဝဂ်,86,
"<font size=""1"">",၁-အဿုတဝါသုတ်,86,
"<font size=""1"">",၂-ဒုတိယ အဿုတဝါသုတ်,87,
"<font size=""1"">",၃-ပုတ္တမံသူပမသုတ်,89,
"<font size=""1"">",၄-အတ္ထိရာဂသုတ်,92,
"<font size=""1"">",၅-နဂရသုတ်,94,
"<font size=""1"">",၆-သမ္မသသုတ်,96,
"<font size=""1"">",၇-နဠကလာပိသုတ်,100,
"<font size=""1"">",၈-ကောသမ္ဗိသုတ်,102,
"<font size=""1"">",၉-ဥပယန္တိသုတ်,105,
"<font size=""1"">",၁၀-သုသိမသုတ်,106,
"<font size=""1.5"">",၁-သမဏဗြာဟ္မဏဝဂ်,113,
"<font size=""1"">",၁-ဇရာမရဏသုတ်,113,
"<font size=""1"">",၂-၁၁-ဇာတိသုတ် အစရှိသော ဆယ်သုတ်,113,
"<font size=""1"">",၉-အန္တရပေယျာလ ၁-သတ္ထုသုတ်,114,
"<font size=""1"">",၂-၁၁-ဒုတိယသတ္ထုသုတ် စသည် ဆယ်သုတ်,115,
"<font size=""1"">",၂-၁၂-သိက္ခာသုတ်စသော ပေယျာလတစ်ဆယ့်တစ်သုတ်,116,
"<font size=""2"">",၂-အဘိသမယ သံယုတ်,117,
"<font size=""1"">",၁-နခသိခါသုတ်,117,
"<font size=""1"">",၂-ပေါက္ခရဏီသုတ်,118,
"<font size=""1"">",၃-သံဘေဇ္ဇဥဒကသုတ်,119,
"<font size=""1"">",၄-ဒုတိယ သံဘေဇ္ဇဥဒကသုတ်,119,
"<font size=""1"">",၅-ပထဝီသုတ်,120,
"<font size=""1"">",၆-ဒုတိယ ပထဝီသုတ်,120,
"<font size=""1"">",၇-သမုဒ္ဒသုတ်,121,
"<font size=""1"">",၈-ဒုတိယ သမုဒ္ဒသုတ်,121,
"<font size=""1"">",၉-ပဗ္ဗတသုတ်,122,
"<font size=""1"">",၁၀-ဒုတိယ ပဗ္ဗတသုတ်,122,
"<font size=""1"">",၁၁-တတိယ ပဗ္ဗတသုတ်,123,
"<font size=""2"">",၃-ဓာတုသံယုတ်,124,
"<font size=""1.5"">",၁-နာနတ္တဝဂ်,124,
"<font size=""1"">",၁-ဓာတုနာနတ္တသုတ်,124,
"<font size=""1"">",၂-ဖဿနာနတ္တသုတ်,124,
"<font size=""1"">",၃-နောဖဿနာနတ္တသုတ်,125,
"<font size=""1"">",၄-ဝေဒနာနာနတ္တသုတ်,125,
"<font size=""1"">",၅-ဒုတိယဝေဒနာနာနတ္တသုတ်,126,
"<font size=""1"">",၆-ဗာဟိရဓာတုနာနတ္တသုတ်,126,
"<font size=""1"">",၇-သညာနာနတ္တသုတ်,127,
"<font size=""1"">",၈-နော ပရိယေသနာ နာနတ္တသုတ်,128,
"<font size=""1"">",၉-ဗာဟိရဖဿနာနတ္တသုတ်,129,
"<font size=""1"">",၁၀-ဒုတိယ ဗာဟိရဖဿနာနတ္တသုတ်,130,
"<font size=""1.5"">",၂-ဒုတိယဝဂ်,131,
"<font size=""1"">",၁-သတ္တဓာတုသုတ်,131,
"<font size=""1"">",၂-သနိဒါနသုတ်,132,
"<font size=""1"">",၃-ဂိဉ္ဇကာဝသထသုတ်,134,
"<font size=""1"">",၄-ဟီနာဓိမုတ္တိကသုတ်,135,
"<font size=""1"">",၅-စင်္ကသုတ်,136,
"<font size=""1"">",၆-သဂါထာသုတ်,137,
"<font size=""1"">",၇-အဿဒ္ဓသံသန္ဒနသုတ်,139,
"<font size=""1"">",၈-အဿဒ္ဓမူလကသုတ်,141,
"<font size=""1"">",၉-အဟိရိကမူလကသုတ်,143,
"<font size=""1"">",၁၀-အနောတ္တပ္ပမူလကသုတ်,144,
"<font size=""1"">",၁၁ - အပ္ပဿုတမူလကသုတ်,145,
"<font size=""1"">",၁၂-ကုသိတမူလကသုတ်,146,
"<font size=""1.5"">",၃-ကမ္မပထဝဂ်,147,
"<font size=""1"">",၁-အသမာဟိတသုတ်,147,
"<font size=""1"">",၂-ဒုဿီလသုတ်,148,
"<font size=""1"">",၃-ပဉ္စသိက္ခာပဒသုတ်,149,
"<font size=""1"">",၄-သတ္တကမ္မပထသုတ်,150,
"<font size=""1"">",၅-ဒသကမ္မပထသုတ်,151,
"<font size=""1"">",၆-အဋ္ဌင်္ဂ ိကသုတ်,152,
"<font size=""1"">",၇-ဒသင်္ဂသုတ်,153,
"<font size=""1.5"">",၄-စတုတ္ထဝဂ်,154,
"<font size=""1"">",၁-စတုဓာတုသုတ်,154,
"<font size=""1"">",၂-ပုဗ္ဗေသမ္ဗောဓသုတ်,154,
"<font size=""1"">",၃-အစရိံသုတ်,155,
"<font size=""1"">",၄-နောစေဒံသုတ်,156,
"<font size=""1"">",၅-ဧကန္တဒုက္ခသုတ်,157,
"<font size=""1"">",၆-အဘိနန္ဒသုတ်,158,
"<font size=""1"">",၇-ဥပ္ပါဒသုတ်,158,
"<font size=""1"">",၈-သမဏဗြာဟ္မဏသုတ်,159,
"<font size=""1"">",၉-ဒုတိယ သမဏဗြာဟ္မဏသုတ်,159,
"<font size=""1"">",၁၀-တတိယ သမဏဗြာဟ္မဏသုတ်,160,
"<font size=""2"">",၄-အနမတဂ္ဂသံယုတ်,161,
"<font size=""1.5"">",၁-ပဌမဝဂ်,161,
"<font size=""1"">",-၁-တိဏကဋ္ဌသုတ်,161,
"<font size=""1"">",၂-ပထဝီသုတ်,162,
"<font size=""1"">",၃-အဿုသုတ်,162,
"<font size=""1"">",၄-ခီရသုတ်,164,
"<font size=""1"">",၅-ပဗ္ဗတသုတ်,164,
"<font size=""1"">",၆-သာသပသုတ်,165,
"<font size=""1"">",၇-သာဝကသုတ်,166,
"<font size=""1"">",၈-ဂင်္ဂါသုတ်,167,
"<font size=""1"">",၉-ဒဏ္ဍသုတ်,168,
"<font size=""1"">",၁၀-ပုဂ္ဂလသုတ်,169,
"<font size=""1.5"">",၂-ဒုတိယဝဂ်,170,
"<font size=""1"">",၁-ဒုဂ္ဂတသုတ်,170,
"<font size=""1"">",၂-သုခိတသုတ်,170,
"<font size=""1"">",၃-တိံသမတ္တသုတ်,171,
"<font size=""1"">",၄-မာတုသုတ်,172,
"<font size=""1"">",၅-ပိတုသုတ်,172,
"<font size=""1"">",၆-ဘာတုသုတ်,173,
"<font size=""1"">",၇-ဘဂိနိသုတ်,173,
"<font size=""1"">",၈-ပုတ္တသုတ်,173,
"<font size=""1"">",၉-ဓီတုသုတ်,174,
"<font size=""1"">",၁၀-ဝေပုလ္လပဗ္ဗတသုတ်,174,
"<font size=""2"">",၅-ကဿပသံယုတ်,177,
"<font size=""1"">",၁-သန္တုဋ္ဌသုတ်,177,
"<font size=""1"">",၂-အနောတ္တပ္ပီသုတ်,178,
"<font size=""1"">",၃-စန္ဒူပမသုတ်,180,
"<font size=""1"">",၄-ကုလူပကသုတ်,182,
"<font size=""1"">",၅-ဇိဏ္ဏသုတ်,184,
"<font size=""1"">",၆-သြဝါဒသုတ်,185,
"<font size=""1"">",၇-ဒုတိယ သြဝါဒသုတ်,187,
"<font size=""1"">",၈-တတိယ သြဝါဒသုတ်,189,
"<font size=""1"">",၉-ဈာနာဘိညသုတ်,191,
"<font size=""1"">",၁၀-ဥပဿယသုတ်,195,
"<font size=""1"">",၁၁-စီဝရသုတ်,197,
"<font size=""1"">",၁၂-ပရံမရဏသုတ်,200,
"<font size=""1"">",၁၃-သဒ္ဓမ္မပ္ပဋိရူပကသုတ်,201,
"<font size=""2"">",၆-လာဘသက္ကာရသံယုတ်,203,
"<font size=""1.5"">",၁-ပဌမဝဂ်,203,
"<font size=""1"">",၁-ဒါရုဏသုတ်,203,
"<font size=""1"">",၂-ဗဠိသသုတ်,203,
"<font size=""1"">",၃-ကုမ္မသုတ်,204,
"<font size=""1"">",၄-ဒီဃလောမိကသုတ်,205,
"<font size=""1"">",၅-မီဠှကသုတ်,205,
"<font size=""1"">",၆-အသနိသုတ်,206,
"<font size=""1"">",၇-ဒိဒ္ဓသုတ်,207,
"<font size=""1"">",၈-သိင်္ဂါလသုတ်,207,
"<font size=""1"">",၉-ဝေရမ္ဘသုတ်,208,
"<font size=""1"">",၁၀-သဂါထကသုတ်,209,
"<font size=""1.5"">",၂-ဒုတိယဝဂ်,210,
"<font size=""1"">",၁-သုဝဏ္ဏပါတိသုတ်,210,
"<font size=""1"">",၂-ရူပိယပါတိသုတ်,210,
"<font size=""1"">",၃-သုဝဏ္ဏနိက္ခသုတ်စသော (၈) သုတ်,211,
"<font size=""1.5"">",၃-တတိယဝဂ်,212,
"<font size=""1"">",၁-မာတုဂါမသုတ်,212,
"<font size=""1"">",၂-ကလျာဏီသုတ်,212,
"<font size=""1"">",၃-ဧကပုတ္တကသုတ်,213,
"<font size=""1"">",၄-ဧကဓိတုသုတ်,213,
"<font size=""1"">",၅-သမဏဗြာဟ္မဏသုတ်,214,
"<font size=""1"">",၆-ဒုတိယ သမဏဗြာဟ္မဏသုတ်,215,
"<font size=""1"">",၇-တတိယ သမဏဗြာဟ္မဏသုတ်,215,
"<font size=""1"">",၈-ဆဝိသုတ်,215,
"<font size=""1"">",၉-ရဇ္ဇုသုတ်,216,
"<font size=""1"">",၁၀-ဘိက္ခုသုတ်,217,
"<font size=""1.5"">",၄-စတုတ္ထဝဂ်,218,
"<font size=""1"">",၁-ဘိန္ဒိသုတ်,218,
"<font size=""1"">",၂-ကုသလမူလသုတ်,218,
"<font size=""1"">",၃-ကုသလဓမ္မသုတ်,218,
"<font size=""1"">",၄-သုက္ကဓမ္မသုတ်,219,
"<font size=""1"">",၅-အစိရပက္ကန္တသုတ်,219,
"<font size=""1"">",၆-ပဉ္စရထသတသုတ်,220,
"<font size=""1"">",၇-မာတုသုတ်,221,
"<font size=""1"">",၈-၁၃-ပိတုစသောခြောက်သုတ်,222,
"<font size=""2"">",၇-ရာဟုလသံယုတ်,223,
"<font size=""1.5"">",၁-ပဌမဝဂ်,223,
"<font size=""1"">",၁-စက္ခုသုတ်,223,
"<font size=""1"">",၂-ရူပသုတ်,224,
"<font size=""1"">",၃-ဝိညာဏသုတ်,224,
"<font size=""1"">",၄-သမ္ဖဿသုတ်,225,
"<font size=""1"">",၅-ဝေဒနာသုတ်,225,
"<font size=""1"">",၆-သညာသုတ်,226,
"<font size=""1"">",၇-သေဉ္ဇတနာသုတ်,226,
"<font size=""1"">",၈-တဏှာသုတ်,227,
"<font size=""1"">",၉-ဓာတုသုတ်,227,
"<font size=""1"">",၁၀-ခန္ဓသုတ်,228,
"<font size=""1.5"">",၂-ဒုတိယဝဂ်,229,
"<font size=""1"">",၁-စက္ခုသုတ်,229,
"<font size=""1"">",၂-၁၀-ရူပစသော ကိုးသုတ်,230,
"<font size=""1"">",၁၁-အနုသယသုတ်,231,
"<font size=""1"">",၁၂-အပဂတသုတ်,232,
"<font size=""2"">",၈-လက္ခဏသံယုတ်,233,
"<font size=""1.5"">",၁-ပဌမဝဂ်,233,
"<font size=""1"">",၁-အဋ္ဌိသုတ်,233,
"<font size=""1"">",၂-ပေသိသုတ်,234,
"<font size=""1"">",၃-ပိဏ္ဍသုတ်,234,
"<font size=""1"">",၄-နိစ္ဆဝိသုတ်,235,
"<font size=""1"">",၅-အသိလောမသုတ်,235,
"<font size=""1"">",၆-သတ္တိသုတ်,235,
"<font size=""1"">",၇-ဥသုလောမသုတ်,236,
"<font size=""1"">",၈-သူစိလောမသုတ်,236,
"<font size=""1"">",၉-ဒုတိယ သူစိလောမသုတ်,236,
"<font size=""1"">",၁၀-ကုမ္ဘဏ္ဍသုတ်,237,
"<font size=""1.5"">",၂-ဒုတိယဝဂ်,238,
"<font size=""1"">",၁-သသီသကသုတ်,238,
"<font size=""1"">",၂-ဂူထခါဒသုတ်,238,
"<font size=""1"">",၃-နိစ္ဆဝိတ္ထိသုတ်,238,
"<font size=""1"">",၄-မင်္ဂုလိတ္ထိသုတ်,239,
"<font size=""1"">",၅-သြကိလိနီသုတ်,239,
"<font size=""1"">",၆-အသီသကသုတ်,239,
"<font size=""1"">",၇-ပါပဘိက္ခုသုတ်,240,
"<font size=""1"">",၈-ပါပဘိက္ခုနီသုတ်,240,
"<font size=""1"">",၉-ပါပသိက္ခမာနသုတ်,240,
"<font size=""1"">",၁၀-ပါပသာမဏေရသုတ်,240,
"<font size=""1"">",၁၁-ပါပသာမဏေရီသုတ်,241,
"<font size=""2"">",၉-သြပမ္မသံယုတ်,242,
"<font size=""1"">",၁-ကူဋသုတ်,242,
"<font size=""1"">",၂-နခသိခသုတ်,242,
"<font size=""1"">",၃-ကုလသုတ်,243,
"<font size=""1"">",၄-သြက္ခာသုတ်,243,
"<font size=""1"">",၅-သတ္တိသုတ်,244,
"<font size=""1"">",၆-ဓနုဂ္ဂဟသုတ်,245,
"<font size=""1"">",၇-အာဏိသုတ်,246,
"<font size=""1"">",၈-ကလိင်္ဂရသုတ်,247,
"<font size=""1"">",၉-နာဂသုတ်,248,
"<font size=""1"">",၁၀-ဗိဠာရသုတ်,249,
"<font size=""1"">",၁၁-သိင်္ဂါလသုတ်,250,
"<font size=""1"">",၁၂-ဒုတိယ သိင်္ဂါလသုတ်,251,
"<font size=""2"">",၁၀-ဘိက္ခု သံယုတ်,252,
"<font size=""1"">",၁-ကောလိတသုတ်,252,
"<font size=""1"">",၂-ဥပတိဿသုတ်,253,
"<font size=""1"">",၃-ဃဋသုတ်,254,
"<font size=""1"">",၄-နဝသုတ်,255,
"<font size=""1"">",၅-သုဇာတသုတ်,256,
"<font size=""1"">",၆-လကုဏ္ဍကဘဒ္ဒိယသုတ်,257,
"<font size=""1"">",၇-ဝိသာခသုတ်,258,
"<font size=""1"">",၈-နန္ဒသုတ်,259,
"<font size=""1"">",၉-တိဿသုတ်,260,
"<font size=""1"">",၁၀-ထေရနာမကသုတ်,261,
"<font size=""1"">",၁၁-မဟာကပ္ပိနသုတ်,262,
"<font size=""1"">",၁၂-သဟာယကသုတ်,263,
4,04_sanyutta_03,ခန္ဓဝဂ္ဂသံယုတ်,158
"<font size=""2"">",၁-ခန္ဓသံယုတ်,1,
"<font size=""1.5"">",၁-နကုလပိတုဝဂ်,1,
"<font size=""1"">",၁-နကုလပိတုသုတ်,1,
"<font size=""1"">",၂-ဒေဝဒဟသုတ်,6,
"<font size=""1"">",၃-ဟာလိဒ္ဒိကာနိသုတ်,9,
"<font size=""1"">",၄-ဒုတိယ ဟာလိဒ္ဒိကာနိသုတ်,12,
"<font size=""1"">",၅-သမာဓိသုတ်,13,
"<font size=""1"">",၆-ပဋိသလ္လာဏသုတ်,14,
"<font size=""1"">",၇-ဥပါဒါပရိတဿနာသုတ်,15,
"<font size=""1"">",၈-ဒုတိယ ဥပါဒါပရိတဿနာသုတ်,17,
"<font size=""1"">",၉-ကာလတ္တယအနိစ္စသုတ်,18,
"<font size=""1"">",၁၀-ကာလတ္တယဒုက္ခသုတ်,18,
"<font size=""1"">",၁၁-ကာလတ္တယအနတ္တသုတ်,19,
"<font size=""1.5"">",၂-အနိစ္စဝဂ်,20,
"<font size=""1"">",၁-အနိစ္စသုတ်,20,
"<font size=""1"">",၂-ဒုက္ခသုတ်,20,
"<font size=""1"">",၃-အနတ္တသုတ်,21,
"<font size=""1"">",၄-ယဒနိစ္စသုတ်,21,
"<font size=""1"">",၅-ယံဒုက္ခသုတ်,22,
"<font size=""1"">",၆-ယဒနတ္တာသုတ်,22,
"<font size=""1"">",၇-သဟေတုအနိစ္စသုတ်,23,
"<font size=""1"">",၈-သဟေတုဒုက္ခသုတ်,23,
"<font size=""1"">",၉-သဟေတုအနတ္တသုတ်,24,
"<font size=""1"">",၁၀-အာနန္ဒသုတ်,24,
"<font size=""1.5"">",၃-ဘာရဝဂ်,25,
"<font size=""1"">",၁-ဘာရသုတ်,25,
"<font size=""1"">",၂-ပရိညသုတ်,26,
"<font size=""1"">",၃-အဘိဇာနသုတ်,26,
"<font size=""1"">",၄-ဆန္ဒရာဂသုတ်,27,
"<font size=""1"">",၅-အဿာဒသုတ်,28,
"<font size=""1"">",၆-ဒုတိယအဿာဒသုတ်,29,
"<font size=""1"">",၇-တတိယ အဿာဒသုတ်,30,
"<font size=""1"">",၈-အဘိနန္ဒနသုတ်,31,
"<font size=""1"">",၉-ဥပ္ပါဒသုတ်,31,
"<font size=""1"">",၁၀-အဃမူလသုတ်,32,
"<font size=""1"">",၁၁-ပဘင်္ဂုသုတ်,32,
"<font size=""1"">",၄-နတုမှာကဝဂ်,33,
"<font size=""1"">",၁-နတုမှာကသုတ်,33,
"<font size=""1"">",၂-ဒုတိယ နတုမှာကသုတ်,34,
"<font size=""1"">",၃-အညတရဘိက္ခုသုတ်,34,
"<font size=""1"">",၄-ဒုတိယ အညတရဘိက္ခုသုတ်,36,
"<font size=""1"">",၅-အာနန္ဒသုတ်,37,
"<font size=""1"">",၆-ဒုတိယ အာနန္ဒသုတ်,38,
"<font size=""1"">",၇-အနုဓမ္မသုတ်,40,
"<font size=""1"">",၈-ဒုတိယ အနုဓမ္မသုတ်,40,
"<font size=""1"">",၉-တတိယ အနုဓမ္မသုတ်,41,
"<font size=""1"">",၁၀-စတုတ္ထ အနုဓမ္မသုတ်,41,
"<font size=""1.5"">",၅-အတ္တဒီပဝဂ်,42,
"<font size=""1"">",၁-အတ္တဒီပသုတ်,42,
"<font size=""1"">",၂-ပဋိပဒါသုတ်,44,
"<font size=""1"">",၃-အနိစ္စသုတ်,45,
"<font size=""1"">",၄-ဒုတိယ အနိစ္စသုတ်,46,
"<font size=""1"">",၅-သမနုပဿနာသုတ်,47,
"<font size=""1"">",၆-ခန္ဓသုတ်,48,
"<font size=""1"">",၇-သောဏသုတ်,49,
"<font size=""1"">",၈-ဒုတိယ သောဏသုတ်,51,
"<font size=""1"">",၉-နန္ဒိက္ခယသုတ်,52,
"<font size=""1"">",၁၀-ဒုတိယ နန္ဒိက္ခယသုတ်,53,
"<font size=""1.5"">",(၆) ၁-ဥပယဝဂ်,54,
"<font size=""1"">",၁-ဥပယသုတ်,54,
"<font size=""1"">",၂-ဗီဇသုတ်,55,
"<font size=""1"">",၃-ဥဒါနသုတ်,56,
"<font size=""1"">",၄-ဥပါဒါနပရိပဝတ္တနသုတ်,58,
"<font size=""1"">",၅-သတ္တဋ္ဌာနသုတ်,61,
"<font size=""1"">",၆-သမ္မာသမ္ဗုဒ္ဓသုတ်,64,
"<font size=""1"">",၇-အနတ္တလက္ခဏသုတ်,65,
"<font size=""1"">",၈-မဟာလိသုတ်,67,
"<font size=""1"">",၉-အာဒိတ္တသုတ်,69,
"<font size=""1"">",၁၀-နိရုတ္တိပထသုတ်,69,
"<font size=""1"">",၁-ဥပါဒိယမာနသုတ်,71,
"<font size=""1"">",၂-မညမာနသုတ်,72,
"<font size=""1"">",၃-အဘိနန္ဒမာနသုတ်,73,
"<font size=""1"">",၄-အနိစ္စသုတ်,74,
"<font size=""1"">",၅-ဒုက္ခသုတ်,75,
"<font size=""1"">",၆-အနတ္တသုတ်,76,
"<font size=""1"">",၇-အနတ္တနိယသုတ်,77,
"<font size=""1"">",၈-ရဇနီယသဏ္ဌိတသုတ်,78,
"<font size=""1"">",၉-ရာဓသုတ်,79,
"<font size=""1"">",၁၀-သုရာဓသုတ်,80,
"<font size=""1.5"">",(၈) ၃-ခဇ္ဇနီယဝဂ်,81,
"<font size=""1"">",၁-အဿာဒသုတ်,81,
"<font size=""1"">",၂-သမုဒယသုတ်,81,
"<font size=""1"">",၃-ဒုတိယ သမုဒယသုတ်,82,
"<font size=""1"">",၄-အရဟန္တသုတ်,82,
"<font size=""1"">",၅-ဒုတိယ အရဟန္တသုတ်,84,
"<font size=""1"">",၆-သီဟသုတ်,84,
"<font size=""1"">",၇-ခဇ္ဇနီယသုတ်,86,
"<font size=""1"">",၈-ပိဏ္ဍောလျသုတ်,89,
"<font size=""1"">",၉-ပါလိလေယျသုတ်,92,
"<font size=""1"">",၁၀-ပုဏ္ဏမသုတ်,95,
"<font size=""1.5"">",(၉) ၄-ထေရဝဂ်,99,
"<font size=""1"">",၁-အာနန္ဒသုတ်,99,
"<font size=""1"">",၂-တိဿသုတ်,100,
"<font size=""1"">",၃-ယမကသုတ်,102,
"<font size=""1"">",၄-အနုရာဓသုတ်,107,
"<font size=""1"">",၅-ဝက္ကလိသုတ်,109,
"<font size=""1"">",၆-အဿဇိသုတ်,113,
"<font size=""1"">",၇-ခေမကသုတ်,115,
"<font size=""1"">",၈-ဆန္နသုတ်,118,
"<font size=""1"">",၉-ရာဟုလသုတ်,121,
"<font size=""1"">",၁၀-ဒုတိယ ရာဟုလသုတ်,122,
"<font size=""1.5"">",(၁၀) ၅-ပုပ္ဖဝဂ်,123,
"<font size=""1"">",၁-နဒီသုတ်,123,
"<font size=""1"">",၂-ပုပ္ဖသုတ်,124,
"<font size=""1"">",၄-ဂေါမယပိဏ္ဍသုတ်,128,
"<font size=""1"">",၅-နခသိခါသုတ်,130,
"<font size=""1"">",၆-သုဒိ္ဓကသုတ်,131,
"<font size=""1"">",၇-ဂဒ္ဒုလဗဒ္ဓသုတ်,132,
"<font size=""1"">",၈-ဒုတိယ ဂဒ္ဒုလဗဒ္ဓသုတ်,133,
"<font size=""1"">",၉-ဝါသိဇဋသုတ်,134,
"<font size=""1"">",၁၀-အနိစ္စသညာသုတ်,136,
"<font size=""1.5"">",(၁၁) ၁-အန္တဝဂ်,138,
"<font size=""1"">",၁-အန္တသုတ်,138,
"<font size=""1"">",၂-ဒုက္ခသုတ်,139,
"<font size=""1"">",၃-သက္ကာယသုတ်,140,
"<font size=""1"">",၄-ပရိညေယျသုတ်,140,
"<font size=""1"">",၅-သမဏသုတ်,141,
"<font size=""1"">",၆-ဒုတိယ သမဏသုတ်,141,
"<font size=""1"">",၇-သောတာပန္နသုတ်,141,
"<font size=""1"">",၈-အရဟန္တသုတ်,142,
"<font size=""1"">",၉-ဆန္ဒပ္ပဟာနသုတ်,142,
"<font size=""1"">",၁၀-ဒုတိယ ဆန္ဒပ္ပဟာနသုတ်,143,
"<font size=""1.5"">",(၁၂) ၂-ဓမ္မကထိကဝဂ်,144,
"<font size=""1"">",၁-အဝိဇ္ဇာသုတ်,144,
"<font size=""1"">",၂-ဝိဇ္ဇာသုတ်,144,
"<font size=""1"">",၃-ဓမ္မကထိကသုတ်,145,
"<font size=""1"">",၄-ဒုတိယ ဓမ္မကထိကသုတ်,145,
"<font size=""1"">",၅-ဗန္ဓနသုတ်,146,
"<font size=""1"">",၆-ပရိပုစ္ဆိတသုတ်,147,
"<font size=""1"">",၇-ဒုတိယ ပရိပုစ္ဆိတသုတ်,147,
"<font size=""1"">",၈-သံယောဇနိယသုတ်,148,
"<font size=""1"">",၉-ဥပဒါနိယသုတ်,148,
"<font size=""1"">",၁၀-သီလဝန္တသုတ်,149,
"<font size=""1"">",၁၁-သုတဝန္တသုတ်,151,
"<font size=""1"">",၁၂-ကပ္ပသုတ်,152,
"<font size=""1"">",၁၃-ဒုတိယကပ္ပသုတ်,153,
"<font size=""1.5"">",(၁၃) ၃-အဝိဇ္ဇာဝဂ်,154,
"<font size=""1"">",၁-သမုဒယဓမ္မသုတ်,154,
"<font size=""1"">",၂-ဒုတိယ သမုဒယဓမ္မသုတ်,155,
"<font size=""1"">",၃-တတိယ သမုဒယဓမ္မသုတ်,156,
"<font size=""1"">",၄-အဿာဒသုတ်,156,
"<font size=""1"">",၅-ဒုတိယ အဿာဒသုတ်,157,
"<font size=""1"">",၆-သမုဒယသုတ်,157,
"<font size=""1"">",၇-ဒုတိယ သမုဒယသုတ်,158,
"<font size=""1"">",၈-ကောဋ္ဌိကသုတ်,159,
"<font size=""1"">",၉-ဒုတိယ ကောဋ္ဌိကသုတ်,160,
"<font size=""1"">",၁၀-တတိယ ကောဋ္ဌိကသုတ်,161,
"<font size=""1.5"">",(၁၄) ၄-ကုက္ကုဠဝဂ်,162,
"<font size=""1"">",၁-ကုက္ကုဠသုတ်,162,
"<font size=""1"">",၂-အနိစ္စသုတ်,162,
"<font size=""1"">",၃-ဒုတိယ အနိစ္စသုတ်,162,
"<font size=""1"">",၄-တတိယ အနိစ္စသုတ်,163,
"<font size=""1"">",၅-ဒုက္ခသုတ်,163,
"<font size=""1"">",၆-ဒုတိယ ဒုက္ခသုတ်,163,
"<font size=""1"">",၈-အနတ္တသုတ်,164,
"<font size=""1"">",၉-ဒုတိယ အနတ္တသုတ်,164,
"<font size=""1"">",၁၀-တတိယ အနတ္တသုတ်,164,
"<font size=""1"">",၁၁-နိဗ္ဗိဒါ ဗဟုလသုတ်,165,
"<font size=""1"">",၁၂-အနိစ္စာနုပဿီသုတ်,165,
"<font size=""1"">",၁၃-ဒုက္ခာနုပဿီသုတ်,165,
"<font size=""1"">",၁၄-အနတ္တာနုပဿီသုတ်,166,
"<font size=""1.5"">",(၁၅) ၅-ဒိဋ္ဌိဝဂ်,167,
"<font size=""1"">",၁-အဇ္ဈတ္တသုတ်,167,
"<font size=""1"">",၂-ဧတံ မမသုတ်,168,
"<font size=""1"">",၃-သော အတ္တာသုတ်,168,
"<font size=""1"">",၄-နော စ မေ သိယာသုတ်,169,
"<font size=""1"">",၅-မိစ္ဆာဒိဋ္ဌိသုတ်,170,
"<font size=""1"">",၆-သက္ကာယဒိဋ္ဌိသုတ်,170,
"<font size=""1"">",၇-အတ္တာနုဒိဋ္ဌိသုတ်,171,
"<font size=""1"">",၈-အဘိနိဝေသသုတ်,171,
"<font size=""1"">",၉-ဒုတိယ အဘိနိဝေသသုတ်,172,
"<font size=""1"">",၁၀-အာနန္ဒသုတ်,173,
"<font size=""2"">",၂-ရာဓသံယုတ်,174,
"<font size=""1.5"">",၁-ပဌမဝဂ်,174,
"<font size=""1"">",၁-မာရသုတ်,174,
"<font size=""1"">",၂-သတ္တသုတ်,175,
"<font size=""1"">",၃-ဘဝနေတ္တိသုတ်,176,
"<font size=""1"">",၄-ပရိညေယျသုတ်,176,
"<font size=""1"">",၅-သမဏသုတ်,177,
"<font size=""1"">",၆-ဒုတိယ သမဏသုတ်,177,
"<font size=""1"">",၇-သောတာပန္နသုတ်,178,
"<font size=""1"">",၈-အရဟန္တသုတ်,178,
"<font size=""1"">",၉-ဆန္ဒရာဂသုတ်,179,
"<font size=""1"">",၁၀-ဒုတိယ ဆန္ဒရာဂသုတ်,180,
"<font size=""1.5"">",၂-ဒုတိယဝဂ်,181,
"<font size=""1"">",၁-မာရသုတ်,181,
"<font size=""1"">",၂-မာရဓမ္မသုတ်,181,
"<font size=""1"">",၃-အနိစ္စသုတ်,182,
"<font size=""1"">",၄-အနိစ္စဓမ္မသုတ်,182,
"<font size=""1"">",၅-ဒုက္ခသုတ်,182,
"<font size=""1"">",၆-ဒုက္ခဓမ္မသုတ်,183,
"<font size=""1"">",၇-အနတ္တသုတ်,183,
"<font size=""1"">",၈-အနတ္တဓမ္မသုတ်,183,
"<font size=""1"">",၉-ခယဓမ္မသုတ်,184,
"<font size=""1"">",၁၀-ဝယဓမ္မသုတ်,184,
"<font size=""1"">",၁၁-သမုဒယဓမ္မသုတ်,184,
"<font size=""1"">",၁၂-နိရောဓဓမ္မသုတ်,185,
"<font size=""1.5"">",၃-အာယာစနဝဂ်,186,
"<font size=""1"">",၁-မာရာဒိသုတ္တ ဧကာဒသကသုတ်,186,
"<font size=""1"">",၁၂-နိရောဓဓမ္မသုတ်,187,
"<font size=""1.5"">",၄-ဥပနိသိန္နဝဂ်,188,
"<font size=""1"">",၁-၁၁-မာရာဒိသုတ္တ ဧကာဒသကသုတ်,188,
"<font size=""1"">",၁၂-နိရောဓ ဓမ္မသုတ်,189,
"<font size=""2"">",၃-ဒိဋ္ဌိသံယုတ်,190,
"<font size=""1.5"">",၁-သောတာပတ္တိဝဂ်,190,
"<font size=""1"">",၁-ဝါတသုတ်,190,
"<font size=""1"">",၂-ဧတံ မမသုတ်,191,
"<font size=""1"">",၃-သောအတ္တာသုတ်,192,
"<font size=""1"">",၄-နော စ မေ သိယာသုတ်,193,
"<font size=""1"">",၅-နတ္ထိဒိန္နသုတ်,194,
"<font size=""1"">",၆-ကရောတောသုတ်,195,
"<font size=""1"">",၇-ဟေတုသုတ်,196,
"<font size=""1"">",၈-မဟာဒိဋ္ဌိသုတ်,198,
"<font size=""1"">",၉-သဿတဒိဋ္ဌိသုတ်,200,
"<font size=""1"">",၁၀-အသဿတဒိဋ္ဌိသုတ်,201,
"<font size=""1"">",၁၁-အန္တဝါသုတ်,201,
"<font size=""1"">",၁၃-တံ ဇီဝံ တံ သရီရံသုတ်,202,
"<font size=""1"">",၁၄-အညံ ဇီဝံ အညံ သရီရံသုတ်,202,
"<font size=""1"">",၁၅-ဟောတိ တထာဂတောသုတ်,203,
"<font size=""1"">",၁၆-န ဟောတိ တထာဂတောသုတ်,203,
"<font size=""1"">",၁၇-ဟောတိ စ န စ ဟောတိ တထာဂတောသုတ်,203,
"<font size=""1"">",၁၈-နေဝ ဟောတိ န န ဟောတိ တထာဂတောသုတ်,204,
"<font size=""1.5"">",၂-ဒုတိယဂမနဝဂ်,205,
"<font size=""1"">",၁-ဝါတသုတ်,205,
"<font size=""1"">",၁၈-နေဝ ဟောတိ န န ဟောတိသုတ်,206,
"<font size=""1"">",၁၉-ရူပီအတ္တာသုတ်,207,
"<font size=""1"">",၂၀-အရူပီအတ္တာသုတ်,207,
"<font size=""1"">",၂၁-ရူပီစ အရူပီစ အတ္တာသုတ်,208,
"<font size=""1"">",၂၂-နေဝ ရူပီ နာရူပီအတ္တာသုတ်,208,
"<font size=""1"">",၂၃-ဧကန္တသုခီသုတ်,208,
"<font size=""1"">",၂၄-ဧကန္တဒုက္ခီသုတ်,208,
"<font size=""1"">",၂၅-သုခဒုက္ခီသုတ်,209,
"<font size=""1"">",၂၆-အဒုက္ခမသုခီသုတ်,209,
"<font size=""1.5"">",၃-တတိယဂမနဝဂ်,210,
"<font size=""1"">",၁-န ဝါတသုတ်,210,
"<font size=""1"">",၂၆-အဒုက္ခမသုခီသုတ်,211,
"<font size=""1.5"">",၄-စတုတ္ထဂမနဝဂ်,212,
"<font size=""1"">",၁-န ဝါတသုတ်,212,
"<font size=""1"">",၂၆-အဒုက္ခမသုခီသုတ်,213,
"<font size=""2"">",၄-သြက္ကန္တသံယုတ်,214,
"<font size=""1"">",၁-စက္ခုသုတ်,214,
"<font size=""1"">",၂-ရူပသုတ်,215,
"<font size=""1"">",၃-ဝိညာဏသုတ်,215,
"<font size=""1"">",၄-သမ္ဖဿသုတ်,216,
"<font size=""1"">",၅-သမ္ဖဿဇာသုတ်,216,
"<font size=""1"">",၆-ရူပသညာသုတ်သုတ်,216,
"<font size=""1"">",၇-ရူပသေဉ္စတနာသုတ်,217,
"<font size=""1"">",၈-ရူပတဏှာသုတ်,217,
"<font size=""1"">",၉-ပထဝီဓာတုသုတ်,217,
"<font size=""1"">",၁၀-ခန္ဓသုတ်,218,
"<font size=""2"">",၅-ဥပ္ပါဒသံယုတ်,219,
"<font size=""1"">",၁-စက္ခုသုတ်,219,
"<font size=""1"">",၂-ရူပသုတ်,219,
"<font size=""1"">",၃-ဝိညာဏသုတ်,220,
"<font size=""1"">",၄-သမ္ဖဿသုတ်,220,
"<font size=""1"">",၅-သမ္ဖဿဇာသုတ်,220,
"<font size=""1"">",၆-သညာသုတ်,221,
"<font size=""1"">",၇-သေဉ္စတနာသုတ်,221,
"<font size=""1"">",၈-တဏှာသုတ်,222,
"<font size=""1"">",၉-ဓာတုသုတ်,222,
"<font size=""1"">",၁၀-ခန္ဓသုတ်,223,
"<font size=""2"">",၆-ကိလေသသံယုတ်,224,
"<font size=""1"">",၁-စက္ခုသုတ်,224,
"<font size=""1"">",၂-ရူပသုတ်,224,
"<font size=""1"">",၃-ဝိညာဏသုတ်,225,
"<font size=""1"">",၄-သမ္ဖဿသုတ်,225,
"<font size=""1"">",၅-သမ္ဖဿဇာသုတ်,225,
"<font size=""1"">",၆-သညာသုတ်,226,
"<font size=""1"">",၇-သေဉ္စတနာသုတ်,226,
"<font size=""1"">",၈-တဏှာသုတ်,226,
"<font size=""1"">",၉-ဓာတုသုတ်,227,
"<font size=""1"">",၁၀-ခန္ဓသုတ်,227,
"<font size=""2"">",၇-သာရိပုတ္တသံယုတ်,228,
"<font size=""1"">",၁-ဝိဝေကဇသုတ်,228,
"<font size=""1"">",၂-အဝိတက္ကသုတ်,229,
"<font size=""1"">",၃-ပီတိသုတ်,229,
"<font size=""1"">",၄-ဥပေက္ခာသုတ်,230,
"<font size=""1"">",၅-အာကာသာနဉ္စာယတနသုတ်,230,
"<font size=""1"">",၆-ဝိညာဏဉ္စာယတနသုတ်,231,
"<font size=""1"">",၇-အာကိဉ္စညာယတနသုတ်,231,
"<font size=""1"">",၈-နေဝသညာ နာသညာယတနသုတ်,231,
"<font size=""1"">",၉-နိရောဓသမာပတ္တိသုတ်,232,
"<font size=""1"">",၁၀-သုစိမုခီသုတ်,232,
"<font size=""2"">",၈-နာဂသံယုတ်,234,
"<font size=""1"">",၁-သုဒ္ဓိကသုတ်,234,
"<font size=""1"">",၂-ပဏီတတရသုတ်,234,
"<font size=""1"">",၃-ဥပေါသထသုတ်,235,
"<font size=""1"">",၄-ဒုတိယ ဥပေါသထသုတ်,235,
"<font size=""1"">",၅-တတိယ ဥပေါသထသုတ်,236,
"<font size=""1"">",၆-စတုတ္ထ ဥပေါသထသုတ်,236,
"<font size=""1"">",၇-သုတသုတ်,237,
"<font size=""1"">",၈-ဒုတိယ သုတသုတ်,237,
"<font size=""1"">",၉-တတိယ သုတသုတ်,238,
"<font size=""1"">",၁၀-စတုတ္ထ သုတသုတ်,238,
"<font size=""1"">",၁၁-၂၀-အဏ္ဍဇဒါနူပကာရသုတ် ဆယ်သုတ်,239,
"<font size=""1"">",၂၁-၅၀-ဇလာဗုဇာဒိဒါနူပကာရသုတ် သုံးဆယ်,240,
"<font size=""2"">",၉-သုပဏ္ဏသံယုတ်,241,
"<font size=""1"">",၁-သုဒ္ဓိကသုတ်,241,
"<font size=""1"">",၂-ဟရန္တိသုတ်,241,
"<font size=""1"">",၃-ဒွယကာရီသုတ်,242,
"<font size=""1"">",၄-၆-ဒုတိယာဒိ ဒွယကာရီသုတ် သုံးသုတ်,243,
"<font size=""1"">",၇-၁၆-အဏ္ဍဇဒါနူပကာရသုတ် ဆယ်သုတ်,244,
"<font size=""1"">",၁၇-၄၆-ဇလာဗုဇဒါနူပကာရသုတ်,245,
"<font size=""2"">",၁၀-ဂန္ဓဗ္ဗကာယသံယုတ်,246,
"<font size=""1"">",၁-သုဒ္ဓိကသုတ်,246,
"<font size=""1"">",၂-သုစရိတသုတ်,246,
"<font size=""1"">",၃-မူလဂန္ဓဒါတာသုတ်,247,
"<font size=""1"">",၄-၁၂-သာရဂန္ဓာဒိဒါတာသုတ်ကိုးသုတ်,248,
"<font size=""1"">",၁၃-၂၂-မူလဂန္ဓာဒါနူပကာရသုတ် ဆယ်သုတ်,249,
"<font size=""1"">",၂၃-၁၁၂-သာရဂန္ဓာဒိဒါနူပကာရ သုတ်ကိုးဆယ်,250,
"<font size=""2"">",၁၁-ဝလာဟကသံယုတ်,251,
"<font size=""1"">",<br/>,251,
"<font size=""1"">",၁-သုဒ္ဓိကသုတ်,251,
"<font size=""1"">",၂-သုစရိတသုတ်,251,
"<font size=""1"">",၃-၁၂-သီတဝလာဟကဒါနူပကာရ ဆယ်သုတ်,252,
"<font size=""1"">",၁၃-၅၂-ဥဏှဝလာဟကဒါနူပကာရသုတ်,253,
"<font size=""1"">",၅၃-သီတဝလာဟကသုတ်,253,
"<font size=""1"">",၅၄-ဥဏှဝလာဟကသုတ်,254,
"<font size=""1"">",၅၅-အဗ္ဘဝလာဟကသုတ်,254,
"<font size=""1"">",၅၆-ဝါတဝလာဟကသုတ်,255,
"<font size=""1"">",၅၇-ဝဿဝလာဟကသုတ်,255,
"<font size=""2"">",၁၂-ဝစ္ဆဂေါတ္တသံယုတ်,256,
"<font size=""1"">",၁-ရူပအညာဏသုတ်,256,
"<font size=""1"">",၂-ဝေဒနာအညာဏသုတ်,257,
"<font size=""1"">",၃-သညာအညာဏသုတ်,258,
"<font size=""1"">",၄-သင်္ခ ါရအညာဏသုတ်,259,
"<font size=""1"">",၅-ဝိညာဏအညာဏသုတ်,260,
"<font size=""1"">",၆-၁၀-ရူပအဒဿန စသောငါးသုတ်,260,
"<font size=""1"">",၁၁-၁၅-ရူပအနဘိသမယစသောငါးသုတ်,261,
"<font size=""1"">",၁၆-၂၀-ရူပအနနုဗောဓစသောငါးသုတ်,261,
"<font size=""1"">",၂၁-၂၅-ရူပအပ္ပဋိဝေဓစသောငါးသုတ်,262,
"<font size=""1"">",၂၆-၃၀-ရူပအသလ္လက္ခဏစသောငါးသုတ်,262,
"<font size=""1"">",၃၁-၃၅-ရူပအနုပလက္ခဏစသောငါးသုတ်,262,
"<font size=""1"">",၃၆-၄၀-ရူပအပ္ပစ္စုပလက္ခဏစသောငါးသုတ်,262,
"<font size=""1"">",၄၁-၄၅-ရူပအသမပေက္ခဏစသောငါးသုတ်,263,
"<font size=""1"">",၄၆-၅၀-ရူပအပ္ပစ္စုပေက္ခဏစသောငါးသုတ်,263,
"<font size=""1"">",၅၁-၅၄-ရူပအပ္ပစ္စက္ခကမ္မစသောလေးသုတ်,263,
"<font size=""1"">",၅၅-ဝိညာဏအပ္ပစ္စက္ခကမ္မသုတ်,264,
"<font size=""2"">",၁၃-ဈာနသံယုတ်,265,
"<font size=""1"">",၁-သမာဓိမူလကသမာပတ္တိသုတ်,265,
"<font size=""1"">",၂-သမာဓိမူလကဌိတိသုတ်,266,
"<font size=""1"">",၃-သမာဓိမူလကဝုဋ္ဌာနသုတ်,266,
"<font size=""1"">",၄-သမာဓိမူလကကလ္လိတသုတ်,267,
"<font size=""1"">",၅-သမာဓိမူလကအာရမ္မဏသုတ်,267,
"<font size=""1"">",၆-သမာဓိမူလကဂေါစရသုတ်,268,
"<font size=""1"">",၇-သမာဓိမူလကအဘိနီဟာရသုတ်,268,
"<font size=""1"">",၈-သမာဓိမူလကသက္ကစ္စကာရီသုတ်,269,
"<font size=""1"">",၉-သမာဓိမူလကသာတစ္စကာရီသုတ်,269,
"<font size=""1"">",၁၀-သမာဓိမူလကသပ္ပါယကာရီသုတ်,270,
"<font size=""1"">",၁၁-သမာပတ္တိမူလကဌိတိသုတ်,270,
"<font size=""1"">",၁၂-သမာပတ္တိမူလကဝုဋ္ဌာနသုတ်,271,
"<font size=""1"">",၁၃-သမာပတ္တိမူလကကလ္လိတသုတ်,271,
"<font size=""1"">",၁၄-သမာပတ္တိမူလကအာရမ္မဏသုတ်,272,
"<font size=""1"">",၁၅-သမာပတ္တိမူလကဂေါစရသုတ်,272,
"<font size=""1"">",၁၆-သမာပတ္တိမူလကအဘိနီဟာရသုတ်,273,
"<font size=""1"">",၁၇-သမာပတ္တိမူလကသက္ကစ္စသုတ်,273,
"<font size=""1"">",၁၈-သမာပတ္တိမူလကသာတစ္စသုတ်,274,
"<font size=""1"">",၁၉-သမာပတ္တိမူလကသပ္ပါယကာရီသုတ်,274,
"<font size=""1"">",၂၀-၂၇-ဌိတိမူလကဝုဋ္ဌာနသုတ်စသော ရှစ်သုတ်,275,
"<font size=""1"">",၂၈-၃၄-ဝုဋ္ဌာနမူလကကလ္လိတသုတ်စသော ခုနစ်သုတ်,275,
"<font size=""1"">",၃၅-၄၀-ကလ္လိတမူလကအာရမ္မဏသုတ်စသော ခြောက်သုတ်,275,
"<font size=""1"">",၄၁-၄၅-အာရမ္မဏမူလကဂေါစရသုတ်စသော ငါးသုတ်,276,
"<font size=""1"">",၄၆-၄၉-ဂေါစရမူလကအဘိနီဟာရသုတ်စသော လေးသုတ်,277,
"<font size=""1"">",၅၀-၅၂-အဘိနီဟာရမူလကသက္ကစ္စစသောသုံးသုတ်,278,
"<font size=""1"">",၅၃-၅၄-သက္ကစ္စမူလကသာတစ္စကာရီစသော နှစ်သုတ်,278,
"<font size=""1"">",၅၅-သာတစ္စမူလကသပ္ပါယကာရီသုတ်,279,
4,04_sanyutta_04,သဠာယတနဝဂ္ဂသံယုတ်,370
"<font size=""2"">",၁-သဠာယတနသံယုတ်,1,
"<font size=""1.5"">",၁-အနိစ္စဝဂ်,1,
"<font size=""1"">",၁-အဇ္ဈတ္တာနိစ္စသုတ်,1,
"<font size=""1"">",၂-အဇ္ဈတ္တဒုက္ခသုတ်,2,
"<font size=""1"">",၃-အဇ္ဈတ္တာနတ္တသုတ်,2,
"<font size=""1"">",၄-ဗာဟိရာနိစ္စသုတ်,3,
"<font size=""1"">",၅-ဗာဟိရဒုက္ခသုတ်,3,
"<font size=""1"">",၆-ဗာဟိရာနတ္တသုတ်,4,
"<font size=""1"">",၇-အဇ္ဈတ္တာနိစ္စာတီတာနာဂတသုတ်,5,
"<font size=""1"">",၈-အဇ္ဈတ္တဒုက္ခာတီတာနာဂတသုတ်,6,
"<font size=""1"">",၉-အဇ္ဈတ္တာနတ္တာတီတာနာဂတသုတ်,6,
"<font size=""1"">",၁၀-ဗာဟိရာနိစ္စာတီတာနာဂတသုတ်,7,
"<font size=""1"">",၁၁-ဗာဟိရဒုက္ခာတီတာနာဂတသုတ်,7,
"<font size=""1"">",၁၂-ဗာဟိရာနတ္တာတီတာနာဂတသုတ်,8,
"<font size=""1.5"">",၂-ယမကဝဂ်,9,
"<font size=""1"">",၁-ပဌမ ပုဗ္ဗေသမ္ဗောဓသုတ်,9,
"<font size=""1"">",၂-ဒုတိယ ပုဗ္ဗေသမ္မောဓ သုတ်,10,
"<font size=""1"">",၃-ပဌမ အဿာဒပရိယေသနသုတ်,11,
"<font size=""1"">",၄- ဒုတိယ အဿာဒပရိယေသနသုတ်,12,
"<font size=""1"">",၅-ပဌမ နောစေအဿာဒသုတ်,13,
"<font size=""1"">",၆-ဒုတိယ နောစေအဿာဒသုတ်,14,
"<font size=""1"">",၇-ပဌမာဘိနန္ဒသုတ်,15,
"<font size=""1"">",၈-ဒုတိယာဘိနန္ဒသုတ်,15,
"<font size=""1"">",၉-ပဌမ ဒုက္ခုပ္ပါဒသုတ်,16,
"<font size=""1"">",၁၀-ဒုတိယ ဒုက္ခုပ္ပါဒသုတ်,16,
"<font size=""1.5"">",၃-သဗ္ဗဝဂ်,17,
"<font size=""1"">",၁-သဗ္ဗသုတ်,17,
"<font size=""1"">",၂-ပဟာနသုတ်,17,
"<font size=""1"">",၃-အဘိညာပရိညာပဟာနသုတ်,18,
"<font size=""1"">",၄-ပဌမ အပရိဇာနနသုတ်,18,
"<font size=""1"">",၅-ဒုတိယ အပရိဇာနနသုတ်,20,
"<font size=""1"">",၆-အာဒိတ္တသုတ်,21,
"<font size=""1"">",၇-အဒ္ဓဘူတသုတ်,22,
"<font size=""1"">",၈-သမုဂ္ဃါတသာရုပ္ပသုတ်,23,
"<font size=""1"">",၉-ပဌမ သမုဂ္ဃါတသပ္ပါယသုတ်,24,
"<font size=""1"">",၁၀-ဒုတိယ သမုဂ္ဃါတသပ္ပါယသုတ်,25,
"<font size=""1.5"">",၄-ဇာတိဓမ္မဝဂ်,27,
"<font size=""1"">",၁-၁၀-ဇာတိဓမ္မစသောဆယ်သုတ်,27,
"<font size=""1.5"">",၅-သဗ္ဗအနိစ္စဝဂ်,28,
"<font size=""1"">",၁-၉-အနိစ္စစသောကိုးသုတ်,28,
"<font size=""1"">",၁၀-ဥပဿဋ္ဌသုတ်,30,
"<font size=""1.5"">",(၆) ၁-အဝိဇ္ဇာဝဂ်,31,
"<font size=""1"">",၁-အဝိဇ္ဇာပဟာနသုတ်,31,
"<font size=""1"">",၂-သံယောဇနပဟာနသုတ်,32,
"<font size=""1"">",၃-သံယောဇနသမုဂ္ဃါတသုတ်,32,
"<font size=""1"">",၄-အာသဝပဟာနသုတ်,33,
"<font size=""1"">",၅-အာသဝသမုဂ္ဃါတသုတ်,33,
"<font size=""1"">",၆-အနုသယပဟာနသုတ်,33,
"<font size=""1"">",၇-အနုသယသမုဂ္ဃါတသုတ်,33,
"<font size=""1"">",၈-သဗ္ဗုပါဒါနပရိညာသုတ်,34,
"<font size=""1"">",၉-ပဌမ သဗ္ဗုပါဒါနပရိယာဒါနသုတ်,35,
"<font size=""1"">",၁၀-ဒုတိယ သဗ္ဗုပါဒါနပရိယာဒါနသုတ်,36,
"<font size=""1.5"">",(၇) ၂-မိဂဇာလဝဂ်,37,
"<font size=""1"">",၁-ပဌမ မိဂဇာလသုတ်,37,
"<font size=""1"">",၂-ဒုတိယ မိဂဇာလသုတ်,38,
"<font size=""1"">",၃-ပဌမ သမိဒ္ဓိမာရပဥှာသုတ်,40,
"<font size=""1"">",၄-သမိဒ္ဓိသတ္တပဥှာသုတ်,41,
"<font size=""1"">",၅-သမိဒ္ဓိဒုက္ခပဥှာသုတ်,41,
"<font size=""1"">",၆-သမိဒ္ဓိလောကပဥှာသုတ်,41,
"<font size=""1"">",၇-ဥပသေနအာသီဝိသသုတ်,42,
"<font size=""1"">",၈-ဥပဝါဏသန္ဒိဋ္ဌိကသုတ်,43,
"<font size=""1"">",၉-ပဌမ ဆဖဿာယတနသုတ်,45,
"<font size=""1"">",၁၀-ဒုတိယ ဆဖဿာယတနသုတ်,46,
"<font size=""1"">",၁၁-တတိယ ဆဖဿာယတနသုတ်,47,
"<font size=""1.5"">",(၈) ၃-ဂိလာနဝဂ်,48,
"<font size=""1"">",၁-ပဌမ ဂိလာနသုတ်,48,
"<font size=""1"">",၂-ဒုတိယ ဂိလာနသုတ်,49,
"<font size=""1"">",၃-ရာဓအနိစ္စသုတ်,50,
"<font size=""1"">",၄-ရာဓဒုက္ခသုတ်,51,
"<font size=""1"">",၅-ရာဓ အနတ္တသုတ်,52,
"<font size=""1"">",၆-ပဌမ အဝိဇ္ဇာပဟာနသုတ်,52,
"<font size=""1"">",၇-ဒုတိယ အဝိဇ္ဇာပဟာနသုတ်,53,
"<font size=""1"">",၈-သမ္ဗဟုလဘိက္ခုသုတ်,54,
"<font size=""1"">",၉-လောကပဥှာသုတ်,55,
"<font size=""1"">",၁၀-ဖဂ္ဂုနပဥှာသုတ်,56,
"<font size=""1.5"">",(၉) ၄-ဆန္နဝဂ်,57,
"<font size=""1"">",၁-ပလောကဓမ္မသုတ်,57,
"<font size=""1"">",၂-သုညတလောကသုတ်,58,
"<font size=""1"">",၃-သံခိတ္တဓမ္မသုတ်,58,
"<font size=""1"">",၄-ဆန္နသုတ်,59,
"<font size=""1"">",၅-ပုဏ္ဏသုတ်,62,
"<font size=""1"">",၆-ဗာဟိယသုတ်,65,
"<font size=""1"">",၇-ပဌမ ဧဇာသုတ်,66,
"<font size=""1"">",၈-ဒုတိယ ဧဇာသုတ်,67,
"<font size=""1"">",၉-ပဌမ ဒွယသုတ်,68,
"<font size=""1"">",၁၀-ဒုတိယ ဒွယသုတ်,69,
"<font size=""1.5"">",(၁၀) ၅-သဠဝဂ်,71,
"<font size=""1"">",၁-အဒန္တအဂုတ္တသုတ်,71,
"<font size=""1"">",၂-မာလုကျပုတ္တသုတ်,73,
"<font size=""1"">",၃-ပရိဟာနဓမ္မသုတ်,77,
"<font size=""1"">",၄-ပမာဒဝိဟာရီသုတ်,79,
"<font size=""1"">",၅-သံဝရသုတ်,80,
"<font size=""1"">",၆-သမာဓိသုတ်,81,
"<font size=""1"">",၇-ပဋိသလ္လာနသုတ်,82,
"<font size=""1"">",၈-ပဌမ န တုမှာကသုတ်,82,
"<font size=""1"">",၉-ဒုတိယ န တုမှာကသုတ်,84,
"<font size=""1"">",၁၀-ဥဒကသုတ်,84,
"<font size=""1.5"">",(၁၁) ၁-ယောဂက္ခေမိဝဂ်,86,
"<font size=""1"">",၁-ယောဂက္ခေမိသုတ်,86,
"<font size=""1"">",၂-ဥပါဒါယသုတ်,86,
"<font size=""1"">",၃-ဒုက္ခသမုဒယသုတ်,87,
"<font size=""1"">",၄-လောကသမုဒယသုတ်,88,
"<font size=""1"">",၅-သေယျာဟမသ္မိသုတ်,90,
"<font size=""1"">",၆-သံယောဇနိယသုတ်,91,
"<font size=""1"">",၇-ဥပါဒါနိယသုတ်,91,
"<font size=""1"">",၈-အဇ္ဈတ္တိကာယတနပရိဇာနနသုတ်,92,
"<font size=""1"">",၉-ဗာဟိရာယတနပရိဇာနနသုတ်,92,
"<font size=""1"">",၁၀-ဥပဿုတိသုတ်,93,
"<font size=""1"">",(၁၂) ၂-လောကကာမဂုဏဝဂ်,95,
"<font size=""1"">",၂-ဒုတိယ မာရပါသသုတ်,96,
"<font size=""1"">",၃-လောကန္တဂမနသုတ်,97,
"<font size=""1"">",၄-ကာမဂုဏသုတ်,101,
"<font size=""1"">",၅-သက္ကပဥှသုတ်,104,
"<font size=""1"">",၆-ပဉ္စသိခသုတ်,106,
"<font size=""1"">",၇-သာရိပုတ္တသဒ္ဓိဝိဟာရိကသုတ်,107,
"<font size=""1"">",၈-ရာဟုလောဝါဒသုတ်,108,
"<font size=""1"">",၉-သံယောဇနိယဓမ္မသုတ်,110,
"<font size=""1"">",၁၀-ဥပါဒါနိယဓမ္မသုတ်,111,
"<font size=""1.5"">",(၁၃) ၃-ဂဟပတိဝဂ်,112,
"<font size=""1"">",၁-ဝေသာလီသုတ်,112,
"<font size=""1"">",၂-ဝဇ္ဇီသုတ်,113,
"<font size=""1"">",၃-နာဠန္ဒသုတ်,113,
"<font size=""1"">",၄-ဘာရဒွါဇသုတ်,114,
"<font size=""1"">",၅-သောဏသုတ်,116,
"<font size=""1"">",၆-ဃောသိတသုတ်,117,
"<font size=""1"">",၇-ဟာလိဒ္ဒိကာနိသုတ်,118,
"<font size=""1"">",၈-နကုလပိတုသုတ်,119,
"<font size=""1"">",၉-လောဟိစ္စသုတ်,120,
"<font size=""1"">",၁၀-ဝေရဟစ္စာနိသုတ်,123,
"<font size=""1.5"">",(၁၄) ၄-ဒေဝဒဟဝဂ်,126,
"<font size=""1"">",၁-ဒေဝဒဟသုတ်,126,
"<font size=""1"">",၂-ခဏသုတ်,127,
"<font size=""1"">",၃-ပဌမ ရူပါရာမသုတ်,128,
"<font size=""1"">",၄-ဒုတိယ ရူပါရာမသုတ်,129,
"<font size=""1"">",၅-ပဌမ န တုမှာကသုတ်,130,
"<font size=""1"">",၆-ဒုတိယ န တုမှာကသုတ်,131,
"<font size=""1"">",၇-အဇ္ဈတ္တ အနိစ္စဟေတုသုတ်,131,
"<font size=""1"">",၈-အဇ္ဈတ္တ ဒုက္ခဟေတုသုတ်,132,
"<font size=""1"">",၉-အဇ္ဈတ္တာနတ္တဟေတုသုတ်,132,
"<font size=""1"">",၁၀-ဗာဟိရာနိစ္စဟေတုသုတ်,133,
"<font size=""1"">",၁၁-ဗာဟိရဒုက္ခဟေတုသုတ်,133,
"<font size=""1"">",၁၂-ဗာဟိရာနတ္တဟေတုသုတ်,134,
"<font size=""1.5"">",(၁၅) ၅-နဝပုရာဏဝဂ်,135,
"<font size=""1"">",၁-ကမ္မနိရောဓသုတ်,135,
"<font size=""1"">",၂-အနိစ္စနိဗ္ဗာနသပ္ပါယသုတ်,136,
"<font size=""1"">",၃-ဒုက္ခနိဗ္ဗာနသပ္ပါယသုတ်,136,
"<font size=""1"">",၄-အနတ္တနိဗ္ဗာနသပ္ပါယသုတ်,137,
"<font size=""1"">",၅-နိဗ္ဗာနသပ္ပါယပဋိပဒါသုတ်,137,
"<font size=""1"">",၆-အန္တေဝါသိကသုတ်,138,
"<font size=""1"">",၇-ကိမတ္ထိယဗြဟ္မစရိယသုတ်,140,
"<font size=""1"">",၈-အတ္ထိနုခေါပရိယာယသုတ်,141,
"<font size=""1"">",၉-ဣန္ဒြိယသမ္ပန္နသုတ်,143,
"<font size=""1"">",၁၀-ဓမ္မကထိကပုစ္ဆသုတ်,144,
"<font size=""1.5"">",(၁၆) ၁-နန္ဒိက္ခယဝဂ်,145,
"<font size=""1"">",၁-အဇ္ဈတ္တနန္ဒိက္ခယသုတ်,145,
"<font size=""1"">",၂-ဗာဟိရနန္ဒိက္ခယသုတ်,145,
"<font size=""1"">",၃-အဇ္ဈတ္တအနိစ္စနန္ဒိက္ခယသုတ်,146,
"<font size=""1"">",၄-ဗာဟိရအနိစ္စနန္ဒိက္ခယသုတ်,146,
"<font size=""1"">",၅-ဇီဝကမ္ဗဝနသမာဓိသုတ်,147,
"<font size=""1"">",၆-ဇီဝကမ္ဗဝနပဋိသလ္လာနသုတ်,148,
"<font size=""1"">",၇-ကောဋ္ဌိကအနိစ္စသုတ်,148,
"<font size=""1"">",၈-ကောဋ္ဌိကဒုက္ခသုတ်,149,
"<font size=""1"">",၉-ကောဋ္ဌိကအနတ္တသုတ်,150,
"<font size=""1"">",၁၀-မိစ္ဆာဒိဋ္ဌိပဟာနသုတ်,151,
"<font size=""1"">",၁၁-သက္ကာယဒိဋ္ဌိပဟာနသုတ်,151,
"<font size=""1"">",၁၂-အတ္တာနုဒိဋ္ဌိပဟာနသုတ်,152,
"<font size=""1.5"">",(၁၇) ၂-သဋ္ဌိပေယျာလဝဂ်,153,
"<font size=""1"">",၁-အဇ္ဈတ္တအနိစ္စဆန္ဒသုတ်,153,
"<font size=""1"">",၂-အဇ္ဈတ္တအနိစ္စရာဂသုတ်,153,
"<font size=""1"">",၃-အဇ္ဈတ္တအနိစ္စဆန္ဒရာဂသုတ်,153,
"<font size=""1"">",၄-၆-ဒုက္ခဆန္ဒာဒိသုတ်,154,
"<font size=""1"">",၇-၉-အနတ္တဆန္ဒာဒိသုတ်,154,
"<font size=""1"">",၁၀-၁၂-ဗာဟိရာနိစ္စဆန္ဒာဒိသုတ်,155,
"<font size=""1"">",၁၃-၁၅-ဗာဟိရဒုက္ခဆန္ဒာဒိသုတ်,155,
"<font size=""1"">",၁၆-၁၈-ဗာဟိရာနတ္တဆန္ဒာဒိသုတ်,156,
"<font size=""1"">",၁၉-အဇ္ဈတ္တာတီတာနိစ္စသုတ်,156,
"<font size=""1"">",၂၀-အဇ္ဈတ္တာနာဂတာနိစ္စသုတ်,157,
"<font size=""1"">",၂၁-အဇ္ဈတ္တပစ္စုပ္ပန္နာနိစ္စသုတ်,157,
"<font size=""1"">",၂၂-၂၄-အဇ္ဈတ္တာတီတာဒိဒုက္ခသုတ်,157,
"<font size=""1"">",၂၅-၂၇-အဇ္ဈတ္တာတီတာဒိအနတ္တသုတ်,157,
"<font size=""1"">",၂၈-၃၀-ဗာဟိရာတီတာဒိအနိစ္စသုတ်,158,
"<font size=""1"">",၃၁-၃၃-ဗာဟိရာတီတာဒိဒုက္ခသုတ်,158,
"<font size=""1"">",၃၄-၃၆-ဗာဟိရာတီတာဒိအနတ္တသုတ်,158,
"<font size=""1"">",၃၇-အဇ္ဈတ္တာတီတယဒနိစ္စသုတ်,159,
"<font size=""1"">",၃၈-အဇ္ဈတ္တာနာဂတယဒနိစ္စသုတ်,159,
"<font size=""1"">",၃၉-အဇ္ဈတ္တပစ္စုပ္ပန္နယဒနိစ္စသုတ်,160,
"<font size=""1"">",အဇ္ဈတ္တာတီတာဒိယဒနိစ္စသုတ်၁,160,
"<font size=""1"">",၄၀-၄၂-အဇ္ဈတ္တာတီတာဒိယံဒုက္ခသုတ်,161,
"<font size=""1"">",၄၃-၄၅-အဇ္ဈတ္တာတီတာဒိယဒနတ္တသုတ်,161,
"<font size=""1"">",၄၆-၄၈-ဗာဟိရာတီတာဒိယဒနတ္တသုတ်,162,
"<font size=""1"">",၄၉-၅၁-ဗာဟိရာတီတာဒိယံဒုက္ခသုတ်,162,
"<font size=""1"">",၅၂-၅၄-ဗာဟိရာတီတာဒိယဒနတ္တသုတ်,163,
"<font size=""1"">",၅၅-အဇ္ဈတ္တာယတနအနိစ္စသုတ်,163,
"<font size=""1"">",၅၆-အဇ္ဈတ္တာယတနဒုက္ခသုတ်,163,
"<font size=""1"">",၅၇-အဇ္ဈတ္တာယတနအနတ္တသုတ်,163,
"<font size=""1"">",၅၈-ဗာဟိရာယတနအနိစ္စသုတ်,164,
"<font size=""1"">",၅၉-ဗာဟိရာယတနဒုက္ခသုတ်,164,
"<font size=""1"">",၆၀-ဗာဟိရာယတနအနတ္တသုတ်,164,
"<font size=""1.5"">",(၁၈) ၃-သမုဒ္ဒဝဂ်,165,
"<font size=""1"">",၃-ပဌမ သမုဒ္ဒသုတ်,165,
"<font size=""1"">",၂-ဒုတိယ သမုဒ္ဒသုတ်,166,
"<font size=""1"">",၃-ဗာဠိသိကောပမသုတ်,167,
"<font size=""1"">",၄-ခီရရုက္ခောပမသုတ်,168,
"<font size=""1"">",၅-ကောဋ္ဌိကသုတ်,171,
"<font size=""1"">",၆-ကာမဘူသုတ်,174,
"<font size=""1"">",၇-ဥဒါယီသုတ်,175,
"<font size=""1"">",၈-အာဒိတ္တပရိယာယသုတ်,176,
"<font size=""1"">",၉-ပဌမ ဟတ္တပါဒေါပမသုတ်,179,
"<font size=""1"">",၁၀-ဒုတိယ ဟတ္တပါဒေါပမသုတ်,180,
"<font size=""1.5"">",(၁၉) ၄-အာသီဝိသဝဂ်,181,
"<font size=""1"">",၁-အာသီဝိသောပမသုတ်,181,
"<font size=""1.5"">",၂-ရထောပမသုတ်,183,
"<font size=""1"">",၃-ကုမ္မောပမသုတ်,185,
"<font size=""1"">",၄-ပဌမ ဒါရုက္ခန္ဓောပမသုတ်,186,
"<font size=""1"">",၅-ဒုတိယ ဒါရုက္ခန္ဓောပမသုတ်,188,
"<font size=""1"">",၆-အဝဿုတပရိယာယသုတ်,188,
"<font size=""1"">",၇-ဒုက္ခဓမ္မသုတ်,192,
"<font size=""1"">",၈-ကိံသုကောပမသုတ်,196,
"<font size=""1"">",၉-ဝီဏောပမသုတ်,198,
"<font size=""1"">",၁၀-ဆပ္ပါဏကောပမသုတ်,200,
"<font size=""1"">",၁၁-ယဝကလာပိသုတ်,203,
"<font size=""2"">",၂-ဝေဒနာသံယုတ်,206,
"<font size=""1.5"">",၁-သဂါထာဝဂ်,206,
"<font size=""1"">",၁-သမာဓိသုတ်,206,
"<font size=""1"">",၂-သုခသုတ်,206,
"<font size=""1"">",၃-ပဟာနသုတ်,207,
"<font size=""1"">",၄-ပါတာလသုတ်,208,
"<font size=""1"">",၅-ဒဋ္ဌဗ္ဗသုတ်,209,
"<font size=""1"">",၆-သလ္လသုတ်,209,
"<font size=""1"">",၇-ပဌမ ဂေလညသုတ်,211,
"<font size=""1"">",၈-ဒုတိယ ဂေလညသုတ်,214,
"<font size=""1"">",၉-အနိစ္စသုတ်,215,
"<font size=""1"">",၁၀-ဖဿမူလကသုတ်,216,
"<font size=""1.5"">",၂-ရဟောဂတဝဂ်,217,
"<font size=""1"">",၁-ရဟောဂတသုတ်,217,
"<font size=""1"">",၂-ပဌမ အာကာသသုတ်,218,
"<font size=""1"">",၃-ဒုတိယ အာကာသသုတ်,219,
"<font size=""1"">",၄-အဂါရသုတ်,219,
"<font size=""1"">",၅-ပဌမ အာနန္ဒသုတ်,220,
"<font size=""1"">",၆-ဒုတိယ အာနန္ဒသုတ်,221,
"<font size=""1"">",၇-ပဌမ သမ္ဗဟုလသုတ်,222,
"<font size=""1"">",၈-ဒုတိယ သမ္ဗဟုလသုတ်,223,
"<font size=""1"">",၉-ပဉ္စကင်္ဂသုတ်,223,
"<font size=""1"">",၁၀-ဘိက္ခုသုတ်,228,
"<font size=""1.5"">",၃-အဋ္ဌသတပရိယာယဝဂ်,229,
"<font size=""1"">",၁-သီဝကသုတ်,229,
"<font size=""1"">",၂-အဋ္ဌသတပရိယာယသုတ်,230,
"<font size=""1"">",၃-အညတရဘိက္ခုသုတ်,231,
"<font size=""1"">",၄-ပုဗ္ဗသုတ်,232,
"<font size=""1"">",၅-ဉာဏသုတ်,232,
"<font size=""1"">",၆-သမ္ဗဟုလဘိက္ခုသုတ်,233,
"<font size=""1"">",၇-ပဌမ သမဏဗြာဟ္မဏသုတ်,233,
"<font size=""1"">",၈-ဒုတိယ သမဏဗြာဟ္မဏသုတ်,234,
"<font size=""1"">",၉-တတိယ သမဏဗြာဟ္မဏသုတ်,234,
"<font size=""1"">",၁၀-သုဒ္ဓိကသုတ်,235,
"<font size=""1"">",၁၁-နိရာမိသသုတ်,235,
"<font size=""2"">",၃-မာတုဂါမသံယုတ်,238,
"<font size=""1.5"">",၁-ပဌမ ပေယျာလဝဂ်,238,
"<font size=""1"">",၁-မာတုဂါမသုတ်,238,
"<font size=""1"">",၂-ပုရိသသုတ်,238,
"<font size=""1"">",၃-အာဝေဏိကဒုက္ခသုတ်,239,
"<font size=""1"">",၄-တီဟိ ဓမ္မေဟိသုတ်,240,
"<font size=""1"">",၅-ကောဓနသုတ်,240,
"<font size=""1"">",၆-ဥပနာဟီသုတ်,241,
"<font size=""1"">",၇-ဣဿုကီသုတ်,241,
"<font size=""1"">",၈-မစ္ဆရီသုတ်,241,
"<font size=""1"">",၉-အတိစာရီသုတ်,242,
"<font size=""1"">",၁၀-ဒုဿီလသုတ်,242,
"<font size=""1"">",၁၁-အပ္ပဿုတသုတ်,242,
"<font size=""1"">",၁၂-ကုသီတသုတ်,243,
"<font size=""1"">",၁၃-မုဋ္ဌဿတိသုတ်,243,
"<font size=""1"">",၁၄-ပဉ္စဝေရသုတ်,243,
"<font size=""1.5"">",၂-ဒုတိယ ပေယျာလဝဂ်,244,
"<font size=""1"">",၁-အက္ကောဓနသုတ်,244,
"<font size=""1"">",၂-အနုပနာဟီသုတ်,244,
"<font size=""1"">",၃-အနိဿုကီသုတ်,244,
"<font size=""1"">",၄-အမစ္ဆရီသုတ်,245,
"<font size=""1"">",၅-အနတိစာရီသုတ်,245,
"<font size=""1"">",၆-သုသီလသုတ်,245,
"<font size=""1"">",၇-ဗဟုဿုတသုတ်,245,
"<font size=""1"">",၈-အာရဒ္ဓဝီရိယသုတ်,245,
"<font size=""1"">",၉-ဥပဋ္ဌိတဿတိသုတ်,246,
"<font size=""1"">",၁၀-ပဉ္စသီလသုတ်,246,
"<font size=""1.5"">",၃-ဗလဝဂ်,247,
"<font size=""1"">",၁-ဝိသာရဒသုတ်,247,
"<font size=""1"">",၂-ပသယှသုတ်,247,
"<font size=""1"">",၃-အဘိဘုယျသုတ်,247,
"<font size=""1"">",၄-ဧကသုတ်,248,
"<font size=""1"">",၅-အင်္ဂသုတ်,248,
"<font size=""1"">",၆-နာသေန္တိသုတ်,249,
"<font size=""1"">",၇-ဟေတုသုတ်,250,
"<font size=""1"">",၈-ဌာနသုတ်,250,
"<font size=""1"">",၉-ပဉ္စသီလဝိသာရဒသုတ်,251,
"<font size=""1"">",၁၀-ဝဍ္ဎီသုတ်,252,
"<font size=""2"">",၄-ဇမ္ဗုခါဒကသံယုတ်,253,
"<font size=""1"">",၁-နိဗ္ဗာနပဥှာသုတ်,253,
"<font size=""1"">",၂-အရဟတ္တပဥှာသုတ်,254,
"<font size=""1"">",၃-ဓမ္မဝါဒီပဥှာသုတ်,255,
"<font size=""1"">",၄-ကိမတ္ထိယသုတ်,256,
"<font size=""1"">",၅-အဿာသပ္ပတ္တသုတ်,256,
"<font size=""1"">",၆-ပရမဿာသပ္ပတ္တသုတ်,257,
"<font size=""1"">",၇-ဝေဒနာပဥှာသုတ်,257,
"<font size=""1"">",၈-အာသဝပဥှာသုတ်,258,
"<font size=""1"">",၉-အဝိဇ္ဇာပဥှာသုတ်,259,
"<font size=""1"">",၁၀-တဏှာပဥှာသုတ်,259,
"<font size=""1"">",၁၁-သြဃပဥှာသုတ်,260,
"<font size=""1"">",၁၂-ဥပါဒါနပဥှာသုတ်,260,
"<font size=""1"">",၁၃-ဘဝပဥှာသုတ်,260,
"<font size=""1"">",၁၄-ဒုက္ခပဥှာသုတ်,260,
"<font size=""1"">",၁၅-သက္ကာယပဥှာသုတ်,261,
"<font size=""1"">",၁၆-ဒုက္ကရပဥှာသုတ်,261,
"<font size=""2"">",၅-သာမဏ္ဍကသံယုတ်,262,
"<font size=""1"">",၁-သာမဏ္ဍကသုတ်,262,
"<font size=""1"">",၁၆-ဒုက္ကရသုတ်,262,
"<font size=""2"">",၆-မောဂ္ဂလာနသံယုတ်,263,
"<font size=""1"">",၁-ပဌမ ဈာနပဥှာသုတ်,263,
"<font size=""1"">",၂-ဒုတိယ ဈာနပဥှာသုတ်,264,
"<font size=""1"">",၃-တတိယ ဈာနပဥှာသုတ်,265,
"<font size=""1"">",၄-စတုတ္ထ ဈာနပဥှာသုတ်,266,
"<font size=""1"">",၅-အာကာသာနဉ္စာယတန ပဥှာသုတ်,267,
"<font size=""1"">",၆-ဝိညာဏဉ္စာယတန ပဥှာသုတ်,268,
"<font size=""1"">",၇-အာကိဉ္စညာယတန ပဥှာသုတ်,269,
"<font size=""1"">",၈-နေဝသညာနာသညာယတနပဥှာသုတ်,270,
"<font size=""1"">",၉-အနိမိတ္တပဥှာသုတ်,271,
"<font size=""1"">",၁၀-သက္ကသုတ်,272,
"<font size=""1"">",၁၁-စန္ဒနသုတ်,281,
"<font size=""2"">",၇-စိတ္တသံယုတ်,282,
"<font size=""1"">",၁-သံယောဇနသုတ်,282,
"<font size=""1"">",၂-ပဌမ ဣသိဒတ္တသုတ်,283,
"<font size=""1"">",၃-ဒုတိယ ဣသိဒတ္တသုတ်,285,
"<font size=""1"">",၄-မဟကပါဋိဟာရိယသုတ်,287,
"<font size=""1"">",၅-ပဌမ ကာမဘူသုတ်,289,
"<font size=""1"">",၆-ဒုတိယ ကာမဘူသုတ်,290,
"<font size=""1"">",၇-ဂေါဒတ္တသုတ်,292,
"<font size=""1"">",၈-နိဂဏ္ဌနာဋပုတ္တသုတ်,295,
"<font size=""1"">",၉-အစေလကဿပသုတ်,297,
"<font size=""1"">",၁၀-ဂိလာနဒဿနသုတ်,298,
"<font size=""2"">",၈-ဂါမဏိသံယုတ်,301,
"<font size=""1"">",၁-စဏ္ဍသုတ်,301,
"<font size=""1"">",၂-တာလပုဋသုတ်,302,
"<font size=""1"">",၃-ယောဓာဇီဝသုတ်,304,
"<font size=""1"">",၄-ဟတ္ထာရောဟသုတ်,305,
"<font size=""1"">",၅-အဿာရောဟသုတ်,305,
"<font size=""1"">",၆-အသိဗန္ဓကပုတ္တသုတ်,306,
"<font size=""1"">",၇-ခေတ္တူပမသုတ်,308,
"<font size=""1"">",၈-သင်္ခဓမသုတ်,310,
"<font size=""1"">",၉-ကုလသုတ်,314,
"<font size=""1"">",၁၀-မဏိစူဠကသုတ်,316,
"<font size=""1"">",၁၁-ဘဒြကသုတ်,317,
"<font size=""1"">",၁၂-ရာသိယသုတ်,319,
"<font size=""1"">",၁၃-ပါဋလိယသုတ်,327,
"<font size=""2"">",၉-အသင်္ခတသံယုတ်,340,
"<font size=""1.5"">",၁-ပဌမဝဂ်,340,
"<font size=""1"">",၁-ကာယဂတာသတိသုတ်,340,
"<font size=""1"">",၂-သမထဝိပဿနာသုတ်,340,
"<font size=""1"">",၃-သဝိတက္ကသဝိစာရသုတ်,341,
"<font size=""1"">",၄-သုညတသမာဓိသုတ်,341,
"<font size=""1"">",၅-သတိပဋ္ဌာနသုတ်,341,
"<font size=""1"">",၆-သမ္မပ္ပဓာနသုတ်,342,
"<font size=""1"">",၇-ဣဒ္ဓိပါဒသုတ်,342,
"<font size=""1"">",၈-ဣန္ဒြိယသုတ်,342,
"<font size=""1"">",၉-ဗလသုတ်,343,
"<font size=""1"">",၁၀-ဗောဇ္ဈင်္ဂသုတ်,343,
"<font size=""1"">",၁၁-မဂ္ဂင်္ဂသုတ်,343,
"<font size=""1.5"">",၂-ဒုတိယဝဂ်,344,
"<font size=""1"">",၁-အသင်္ခတသုတ်,344,
"<font size=""1"">",၂-အနတသုတ်,348,
"<font size=""1"">",၃-၃၂-အနာသဝါဒိသုတ်,348,
"<font size=""1"">",၃၃-ပရာယနသုတ်,350,
"<font size=""2"">",၁၀-အဗျာကတသံယုတ်,351,
"<font size=""1"">",၁-ခေမာသုတ်,351,
"<font size=""1"">",၂-အနုရာဓသုတ်,355,
"<font size=""1"">",၃-ပဌမ သာရိပုတ္တ ကောဋ္ဌိကသုတ်,358,
"<font size=""1"">",၄-ဒုတိယ သာရိပုတ္တ ကောဋ္ဌိကသုတ်,359,
"<font size=""1"">",၅-တတိယ သာရိပုတ္တ ကောဋ္ဌိကသုတ်,360,
"<font size=""1"">",၆-စတုတ္ထ သာရိပုတ္တ ကောဋ္ဌိကသုတ်,361,
"<font size=""1"">",၇-မောဂ္ဂလာနသုတ်,363,
"<font size=""1"">",၈-ဝစ္ဆဂေါတ္တသုတ်,365,
"<font size=""1"">",၉-ကုတူဟလသာလာသုတ်,367,
"<font size=""1"">",၁၀-အာနန္ဒသုတ်,369,
"<font size=""1"">",၁၁-သဘိယကစ္စာနသုတ်,369,
4,04_sanyutta_05,မဟာဝဂ္ဂသံယုတ်,514
"<font size=""2"">",၁-မဂ္ဂသံယုတ်,1,
"<font size=""1.5"">",၁-အဝိဇ္ဇာဝဂ်,1,
"<font size=""1"">",၁-အဝိဇ္ဇာသုတ်,1,
"<font size=""1"">",၂-ဥပဍ္ဎသုတ်,2,
"<font size=""1"">",၃-သာရိပုတ္တသုတ်,3,
"<font size=""1"">",၄-ဇာဏုဿောဏိဗြာဟ္မဏသုတ်,4,
"<font size=""1"">",၅-ကိမတ္ထိယသုတ်,6,
"<font size=""1"">",၆-ပဌမ အညတရဘိက္ခုသုတ်,7,
"<font size=""1"">",၈-ဝိဘင်္ဂသုတ်,8,
"<font size=""1"">",၉-သူကသုတ်,10,
"<font size=""1"">",၁၀-နန္ဒိယသုတ်,11,
"<font size=""1.5"">",၂-ဝိဟာရဝဂ်,12,
"<font size=""1"">",၁-ပဌမ ဝိဟာရသုတ်,12,
"<font size=""1"">",၂-ဒုတိယ ဝိဟာရသုတ်,12,
"<font size=""1"">",၃-သေက္ခသုတ်,13,
"<font size=""1"">",၄-ပဌမ ဥပ္ပါဒသုတ်,14,
"<font size=""1"">",၅-ဒုတိယ ဥပ္ပါဒသုတ်,14,
"<font size=""1"">",၆-ပဌမ ပရိသုဒ္ဓသုတ်,15,
"<font size=""1"">",၇-ဒုတိယ ပရိသုဒ္ဓသုတ်,15,
"<font size=""1"">",၈-ပဌမ ကုက္ကုဋာရာမသုတ်,16,
"<font size=""1"">",၉-ဒုတိယ ကုက္ကုဋာရာမသုတ်,16,
"<font size=""1"">",၁၀-တတိယ ကုက္ကုဋာရာမသုတ်,17,
"<font size=""1.5"">",၃-မိစ္ဆတ္တဝဂ်,18,
"<font size=""1"">",၁-မိစ္ဆတ္တသုတ်,18,
"<font size=""1"">",၂-အကုသလဓမ္မသုတ်,18,
"<font size=""1"">",၃-ပဌမ ပဋိပဒါသုတ်,19,
"<font size=""1"">",၄-ဒုတိယ ပဋိပဒါသုတ်,19,
"<font size=""1"">",၅-ပဌမ အသပ္ပုရိသသုတ်,20,
"<font size=""1"">",၆-ဒုတိယ အသပ္ပုရိသသုတ်,20,
"<font size=""1"">",၇-ကုမ္ဘသုတ်,21,
"<font size=""1"">",၈-သမာဓိသုတ်,21,
"<font size=""1"">",၉-ဝေဒနာသုတ်,22,
"<font size=""1"">",၁၀-ဥတ္တိယသုတ်,22,
"<font size=""1.5"">",၄-ပဋိပတ္တိဝဂ်,24,
"<font size=""1"">",၁-ပဌမ ပဋိပတ္တိသုတ်,24,
"<font size=""1"">",၂-ဒုတိယ ပဋိပတ္တိသုတ်,24,
"<font size=""1"">",၃-ဝိရဒ္ဓသုတ်,25,
"<font size=""1"">",၄-ပါရံဂမသုတ်,25,
"<font size=""1"">",၅-ပဌမ သာမညသုတ်,26,
"<font size=""1"">",၆-ဒုတိယ သာမညသုတ်,27,
"<font size=""1"">",၇-ပဌမ ဗြဟ္မညသုတ်,27,
"<font size=""1"">",၈-ဒုတိယ ဗြဟ္မညသုတ်,28,
"<font size=""1"">",၉-ပဌမ ဗြဟ္မစရိယသုတ်,28,
"<font size=""1"">",၁၀-ဒုတိယ ဗြဟ္မစရိယသုတ်,29,
"<font size=""1.5"">",၅-အညတိတ္ထိယပေယျာလဝဂ်,30,
"<font size=""1"">",၁-ရာဂဝိရာဂသုတ်,30,
"<font size=""1"">",၂-၇-သံယောဇနပ္ပဟာန စသော ၆-သုတ်,31,
"<font size=""1"">",၈-အနုပါဒါပရိနိဗ္ဗာနသုတ်,32,
"<font size=""1.5"">",၆-သူရိယပေယျာလဝဂ်,33,
"<font size=""1"">",၁-ကလျာဏမိတ္တသုတ်,33,
"<font size=""1"">",၂-၆-သီလသမ္ပဒါ စသော ၅-သုတ်,33,
"<font size=""1"">",၇-ယောနိသောမနသိကာရသမ္ပဒါသုတ်,34,
"<font size=""1"">",၁-ကလျာဏမိတ္တသုတ်,35,
"<font size=""1"">",၂-၆-သီလသမ္ပဒါ စသော ၅-သုတ်,35,
"<font size=""1"">",၇-ယောနိသောမနသိကာရသမ္ပဒါသုတ်,36,
"<font size=""1.5"">",၇-ဧကဓမ္မပေယျာလဝဂ်,37,
"<font size=""1"">",၁-ကလျာဏမိတ္တသုတ်,37,
"<font size=""1"">",၂-၆-သီလသမ္ပဒါ စသော ၅-သုတ်,37,
"<font size=""1"">",၇-ယောနိသောမနသိကာရသမ္ပဒါသုတ်,38,
"<font size=""1"">",၁-ကလျာဏမိတ္တသုတ်,39,
"<font size=""1"">",၂-၆-သီလသမ္ပဒါ စသော ၅-သုတ်,39,
"<font size=""1"">",၇-ယောနိသောမနသိကာရသမ္ပဒါသုတ်,40,
"<font size=""1.5"">",၈-ဒုတိယ ဧကဓမ္မပေယျာလဝဂ်,41,
"<font size=""1"">",၁-ကလျာဏမိတ္တသုတ်,41,
"<font size=""1"">",၂-၆-သီလသမ္ပဒါ စသော ၅-သုတ်,41,
"<font size=""1"">",၇-ယောနိသောမနသိကာရသမ္ပဒါသုတ်,42,
"<font size=""1"">",၁-ကလျာဏမိတ္တသုတ်,43,
"<font size=""1"">",၂-၆-သီလသမ္ပဒါ စသော ၅-သုတ်,43,
"<font size=""1"">",၇-ယောနိသောမနသိကာရသမ္ပဒါသုတ်,44,
"<font size=""1.5"">",၉-ဂင်္ဂ ါပေယျာလဝဂ်,45,
"<font size=""1"">",၁-ပဌမ ပါစီနနိန္နသုတ်,45,
"<font size=""1"">",၂-၅-ဒုတိယာဒိ ပါစီနနိန္နသုတ် ၄-သုတ်,45,
"<font size=""1"">",၆-ဆဋ္ဌ ပါစီနနိန္နသုတ်,46,
"<font size=""1"">",၁-ပဌမ သမုဒ္ဒနိန္နသုတ်,46,
"<font size=""1"">",၂-၆-ဒုတိယာဒိ သမုဒ္ဒနိန္နသုတ် ၅-သုတ်,47,
"<font size=""1.5"">",၂-ဒုတိယ ဂင်္ဂ ါပေယျာလဝဂ်,48,
"<font size=""1"">",၁-ပဌမ ပါစီနနိန္နသုတ်,48,
"<font size=""1"">",၂-၆-ဒုတိယာဒိ ပါစီနနိန္နသုတ် ၅-သုတ်,48,
"<font size=""1"">",၇-ပဌမ သမုဒ္ဒနိန္နသုတ်,49,
"<font size=""1"">",၈-၁၂-ဒုတိယာဒိ သမုဒ္ဒနိန္နသုတ် ၅-သုတ်,49,
"<font size=""1"">",၁၃-ပဌမ ပါစီနနိန္နသုတ်,50,
"<font size=""1"">",၁၄-၁၈-ဒုတိယာဒိ ပါစီနနိန္နသုတ်,50,
"<font size=""1"">",၁၉-ပဌမ သမုဒ္ဒနိန္နသုတ်,51,
"<font size=""1"">",၂၀-၂၄-ဒုတိယာဒိ သမုဒ္ဒနိန္နသုတ်,51,
"<font size=""1"">",၂၅-ပဌမ ပါစီနနိန္နသုတ်,52,
"<font size=""1"">",၂၆-၃၀-ဒုတိယာဒိ ပါစီနနိန္နသုတ်,52,
"<font size=""1"">",၃၁-ပဌမ သမုဒ္ဒနိန္နသုတ်,53,
"<font size=""1"">",၃၂-၃၆-ဒုတိယာဒိ သမုဒ္ဒနိန္နသုတ်,53,
"<font size=""1.5"">",၅-အပ္ပမာဒပေယျာလဝဂ်,54,
"<font size=""1"">",၁-တထာဂတသုတ်,54,
"<font size=""1"">",၂-ပဒသုတ်,56,
"<font size=""1"">",၃-၇-ကူဋာဒိသုတ်,56,
"<font size=""1"">",၈-၁၀-စန္ဒိမာဒိသုတ်,57,
"<font size=""1.5"">",၆-ဗလကရဏီယဝဂ်,58,
"<font size=""1"">",၁-ဗလသုတ်,58,
"<font size=""1"">",၂-ဗီဇသုတ်,60,
"<font size=""1"">",၃-နာဂသုတ်,61,
"<font size=""1"">",၄-ရုက္ခသုတ်,62,
"<font size=""1"">",၅-ကုမ္ဘသုတ်,63,
"<font size=""1"">",၆-သူကသုတ်,64,
"<font size=""1"">",၇-အာကာသသုတ်,65,
"<font size=""1"">",၈-ပဌမ မေဃသုတ်,66,
"<font size=""1"">",၉-ဒုတိယ မေဃသုတ်,67,
"<font size=""1"">",၁၀-နာဝါသုတ်,68,
"<font size=""1"">",၁၁-အာဂန္တုကသုတ်,69,
"<font size=""1"">",၁၂-နဒီသုတ်,70,
"<font size=""1.5"">",၇-ဧသနာဝဂ်,71,
"<font size=""1"">",၁-ဧသနာသုတ်,71,
"<font size=""1"">",၂-ဝိဓာသုတ်,73,
"<font size=""1"">",၃-အာသဝသုတ်,73,
"<font size=""1"">",၄-ဘဝသုတ်,74,
"<font size=""1"">",၅-ဒုက္ခတာသုတ်,74,
"<font size=""1"">",၆-ခိလသုတ်,75,
"<font size=""1"">",၇-မလသုတ်,75,
"<font size=""1"">",၈-နီဃသုတ်,75,
"<font size=""1"">",၉-ဝေဒနာသုတ်,76,
"<font size=""1"">",၁၀-တဏှာသုတ်,76,
"<font size=""1"">",၁၁-တသိနာသုတ်,77,
"<font size=""1.5"">",၈-သြဃဝဂ်,78,
"<font size=""1"">",၁-သြဃသုတ်,78,
"<font size=""1"">",၂-ယောဂသုတ်,78,
"<font size=""1"">",၃-ဥပါဒါနသုတ်,78,
"<font size=""1"">",၄-ဂန္ထသုတ်,79,
"<font size=""1"">",၅-အနုသယသုတ်,79,
"<font size=""1"">",၆-ကာမဂုဏသုတ်,80,
"<font size=""1"">",၇-နီဝရဏသုတ်,80,
"<font size=""1"">",၈-ဥပါဒါနက္ခန္ဓသုတ်,81,
"<font size=""1"">",၉-သြရမ္ဘာဂိယသုတ်,81,
"<font size=""1"">",၁၀-ဥဒ္ဓံဘာဂိယသုတ်,82,
"<font size=""1"">",၂-ကာယသုတ်,84,
"<font size=""1"">",၃-သီလသုတ်,86,
"<font size=""1"">",၄-ဝတ္ထသုတ်,89,
"<font size=""1"">",၅-ဘိက္ခုသုတ်,90,
"<font size=""1"">",၆-ကုဏ္ဍလိယသုတ်,90,
"<font size=""1"">",၇-ကူဋာဂါရသုတ်,93,
"<font size=""1"">",၈-ဥပဝါနသုတ်,94,
"<font size=""1"">",၉-ပဌမ ဥပ္ပန္နသုတ်,95,
"<font size=""1"">",၁၀-ဒုတိယ ဥပ္ပန္နသုတ်,95,
"<font size=""1.5"">",၂-ဂိလာနဝဂ်,96,
"<font size=""1"">",၁-ပါဏသုတ်,96,
"<font size=""1"">",၂-ပဌမ သူရိယူပမသုတ်,96,
"<font size=""1"">",၃-ဒုတိယ သူရိယူပမသုတ်,97,
"<font size=""1"">",၄-ပဌမ ဂိလာနသုတ်,97,
"<font size=""1"">",၅-ဒုတိယ ဂိလာနသုတ်,98,
"<font size=""1"">",၆-တတိယ ဂိလာနသုတ်,99,
"<font size=""1"">",၇-ပါရင်္ဂမသုတ်,100,
"<font size=""1"">",၈-ဝိရဒ္ဓသုတ်,101,
"<font size=""1"">",၉-အရိယသုတ်,101,
"<font size=""1"">",၁၀-နိဗ္ဗိဒါသုတ်,102,
"<font size=""1.5"">",၃- ဥဒါယိဝဂ်,103,
"<font size=""1"">",၁-ဗောဓာယသုတ်,103,
"<font size=""1"">",၂-ဗောဇ္ဈင်္ဂဒေသနာသုတ်,103,
"<font size=""1"">",၃-ဌာနိယသုတ်,104,
"<font size=""1"">",၄-အယောနိသောမနသိကာရသုတ်,105,
"<font size=""1"">",၅-အပရိဟာနိယသုတ်,106,
"<font size=""1"">",၆-တဏှက္ခယသုတ်,106,
"<font size=""1"">",၈-နိဗ္ဗေဓဘာဂိယသုတ်,107,
"<font size=""1"">",၉-ဧကဓမ္မသုတ်,108,
"<font size=""1"">",၁၀-ဥဒါယိသုတ်,109,
"<font size=""1.5"">",၄-နီဝရဏဝဂ်,111,
"<font size=""1"">",၁-ပဌမ ကုသလသုတ်,111,
"<font size=""1"">",၂-ဒုတိယ ကုသလသုတ်,111,
"<font size=""1"">",၃-ဥပက္ကိလေသသုတ်,112,
"<font size=""1"">",၄-အနုပက္ကိလေသသုတ်,113,
"<font size=""1"">",၅-အယောနိသောမနသိကာရသုတ်,113,
"<font size=""1"">",၆-ယောနိသောမနသိကာရသုတ်,114,
"<font size=""1"">",၇-ဗုဒ္ဓိသုတ်,114,
"<font size=""1"">",၈-အာဝရဏနီဝရဏသုတ်,114,
"<font size=""1"">",၉-ရုက္ခသုတ်,116,
"<font size=""1"">",၁၀-နီဝရဏသုတ်,117,
"<font size=""1"">",၅-စက္ကဝတ္တိဝဂ်,118,
"<font size=""1.5"">",၁-ဝိဓာသုတ်,118,
"<font size=""1"">",၂-စက္ကဝတ္တိသုတ်,118,
"<font size=""1"">",၃-မာရသုတ်,119,
"<font size=""1"">",၄-ဒုပ္ပညသုတ်,119,
"<font size=""1"">",၅-ပညဝန္တသုတ်,119,
"<font size=""1"">",၆-ဒလိဒ္ဒသုတ်,120,
"<font size=""1"">",၇-အဒလိဒ္ဒသုတ်,120,
"<font size=""1"">",၈-အာဒိစ္စသုတ်,121,
"<font size=""1"">",၉-အဇ္ဈတ္တိကင်္ဂသုတ်,121,
"<font size=""1"">",၁၀-ဗာဟိရင်္ဂသုတ်,122,
"<font size=""1.5"">",၆-သာကစ္ဆဝဂ်,123,
"<font size=""1"">",၁-အာဟာရသုတ်,123,
"<font size=""1"">",၂ - ပရိယာယသုတ်,127,
"<font size=""1"">",၃ - အဂ္ဂိသုတ်,130,
"<font size=""1"">",၄ - မေတ္တာသဟဂတသုတ်,132,
"<font size=""1"">",၅ - သင်္ဂ ါရဝသုတ်,137,
"<font size=""1"">",၆-အဘယသုတ်,142,
"<font size=""1.5"">",၇-အာနာပါနဝဂ်,144,
"<font size=""1"">",၁-အဋ္ဌိကမဟပ္ဖလသုတ်,144,
"<font size=""1"">",အညတရဖလသုတ်,144,
"<font size=""1"">",မဟတ္ထသုတ်,145,
"<font size=""1"">",ယောဂက္ခေမသုတ်,145,
"<font size=""1"">",သံဝေဂသုတ်,146,
"<font size=""1"">",ဖာသုဝိဟာရသုတ်,146,
"<font size=""1"">",၂-ပုဠဝကသညာသုတ်,147,
"<font size=""1"">",၃-ဝိနီလကသုတ်,147,
"<font size=""1"">",၄-ဝိစ္ဆိဒ္ဒကသုတ်,147,
"<font size=""1"">",၅-ဥဒ္ဓုမာတကသုတ်,148,
"<font size=""1"">",၆-မေတ္တာသုတ်,148,
"<font size=""1"">",၇-ကရုဏာသုတ်,148,
"<font size=""1"">",၈-မုဒိတာသုတ်,148,
"<font size=""1"">",၉-ဥပေက္ခာသုတ်,149,
"<font size=""1"">",၁၀-အာနာပါနသုတ်,149,
"<font size=""1.5"">",၈-နိရောဓဝဂ်,150,
"<font size=""1"">",၁-အသုဘသုတ်,150,
"<font size=""1"">",၂-မရဏသုတ်,150,
"<font size=""1"">",၃-အာဟာရေပဋိကူလသုတ်,150,
"<font size=""1"">",၄-အနဘိရတိသုတ်,150,
"<font size=""1"">",၅-အနိစ္စသုတ်,151,
"<font size=""1"">",၆-ဒုက္ခသုတ်,151,
"<font size=""1"">",၇-အနတ္တသုတ်,151,
"<font size=""1"">",၈-ပဟာနသုတ်,151,
"<font size=""1"">",၉-ဝိရာဂသုတ်,152,
"<font size=""1"">",၁၀-နိရောဓသုတ်,152,
"<font size=""1"">",၁-၁၂-ဂင်္ဂ ါနဒီစသော ၁၂-သုတ်,154,
"<font size=""1.5"">",၁၀-အပ္ပမာဒဝဂ်,155,
"<font size=""1"">",၁-၁၀-တထာဂတာဒိသုတ်,155,
"<font size=""1.5"">",၁၁-ဗလကရဏီယဝဂ်,156,
"<font size=""1"">",၁-၁၂-ဗလာဒိသုတ်,156,
"<font size=""1.5"">",၁၂-ဧသနာဝဂ်,157,
"<font size=""1"">",၁-၁၀-ဧသနာဒိသုတ်,157,
"<font size=""1.5"">",၁၃-သြဃဝဂ်,158,
"<font size=""1"">",၁-၉-သြဃာဒိသုတ်,158,
"<font size=""1"">",၁၀-ဥဒ္ဓမ္ဘာဂိယသုတ်,158,
"<font size=""1.5"">",၁၄-ပုနဂင်္ဂ ါပေယျာလဝဂ်,159,
"<font size=""1"">",၃၁၂-၃၂၃- ပုနဂင်္ဂ ါနဒီအာဒိသုတ်,159,
"<font size=""1.5"">",၁၅-ပုနအပ္ပမာဒဝဂ်,159,
"<font size=""1"">",၃၂၄-၃၃၃-တထာဂတာဒိသုတ်,159,
"<font size=""1.5"">",၁၆-ပုနဗလကရဏီယဝဂ်,159,
"<font size=""1"">",၃၃၄-၃၄၅-ပုနဗလာဒိသုတ်,159,
"<font size=""1.5"">",၁၇-ပုနဧသနာဝဂ်,159,
"<font size=""1"">",၃၄၆-၃၅၆-ပုနဧသနာဒိသုတ်,159,
"<font size=""1.5"">",၁၈-ပုနသြဃဝဂ်,160,
"<font size=""1"">",၃၅၇-၃၆၆-ပုနသြဃာဒိသုတ်,160,
"<font size=""2"">",၃-သတိပဋ္ဌာနသံယုတ်,161,
"<font size=""1.5"">",၁-အမ္ဗပါလိဝဂ်,161,
"<font size=""1"">",၁-အမ္ဗပါလိသုတ်,161,
"<font size=""1"">",၂-သတိသုတ်,162,
"<font size=""1"">",၃-ဘိက္ခုသုတ်,163,
"<font size=""1"">",၄-သာလသုတ်,164,
"<font size=""1"">",၅-အကုသလရာသိသုတ်,166,
"<font size=""1"">",၆-သကုဏဂ္ဓိသုတ်,167,
"<font size=""1"">",၇-မက္ကဋသုတ်,168,
"<font size=""1"">",၈-သူဒသုတ်,170,
"<font size=""1"">",၉-ဂိလာနသုတ်,172,
"<font size=""1"">",၁၀-ဘိက္ခုနုပဿယသုတ်,174,
"<font size=""1.5"">",၂-နာလန္ဒဝဂ်,177,
"<font size=""1"">",၁-မဟာပုရိသသုတ်,177,
"<font size=""1"">",၂-နာလန္ဒသုတ်,178,
"<font size=""1"">",၃-စုန္ဒသုတ်,180,
"<font size=""1"">",၄-ဥက္ကစေလသုတ်,182,
"<font size=""1"">",၅-ဗာဟိယသုတ်,183,
"<font size=""1"">",၆-ဥတ္တိယသုတ်,184,
"<font size=""1"">",၇-အရိယသုတ်,185,
"<font size=""1"">",၈-ဗြဟ္မသုတ်,186,
"<font size=""1"">",၉။သေဒကသုတ်,188,
"<font size=""1"">",၁၀-ဇနပဒကလျာဏီသုတ်,189,
"<font size=""1.5"">",၃-သီလဋ္ဌိတိဝဂ်,190,
"<font size=""1"">",၁-သီလသုတ်,190,
"<font size=""1"">",၂-စိရဋ္ဌိတိသုတ်,191,
"<font size=""1"">",၃-ပရိဟာနသုတ်,192,
"<font size=""1"">",၄-သုဒ္ဓသုတ်,193,
"<font size=""1"">",၅-အညတရဗြာဟ္မဏသုတ်,193,
"<font size=""1"">",၆-ပဒေသသုတ်,194,
"<font size=""1"">",၇-သမတ္တသုတ်,195,
"<font size=""1"">",၈-လောကသုတ်,196,
"<font size=""1"">",၉-သိရိဝဍ္ဎသုတ်,196,
"<font size=""1"">",၁၀-မာနဒိန္နသုတ်,198,
"<font size=""1.5"">",၄-အနနုဿုတဝဂ်,199,
"<font size=""1"">",၁-အနနုဿုတသုတ်,199,
"<font size=""1"">",၂-ဝိရာဂသုတ်,200,
"<font size=""1"">",၃-ဝိရဒ္ဓသုတ်,201,
"<font size=""1"">",၄-ဘာဝိတသုတ်,201,
"<font size=""1"">",၅- သတိသုတ်,202,
"<font size=""1"">",၆-အညာသုတ်,202,
"<font size=""1"">",၇- ဆန္ဒသုတ်,203,
"<font size=""1"">",၈-ပရိညာတသုတ်,204,
"<font size=""1"">",၉-ဘာဝနာသုတ်,205,
"<font size=""1"">",၁၀-ဝိဘင်္ဂသုတ်,205,
"<font size=""1.5"">",၅-အမတဝဂ်,207,
"<font size=""1"">",၁-အမတသုတ်,207,
"<font size=""1"">",၂-သမုဒယသုတ်,207,
"<font size=""1"">",၃-မဂ္ဂသုတ်,208,
"<font size=""1"">",၄-သတိသုတ်,209,
"<font size=""1"">",၅-ကုသလရာသိသုတ်,210,
"<font size=""1"">",၆-ပါတိမောက္ခသံဝရသုတ်,210,
"<font size=""1"">",၇-ဒုစ္စရိတသုတ်,211,
"<font size=""1"">",၈-မိတ္တသုတ်,212,
"<font size=""1"">",၉-ဝေဒနာသုတ်,213,
"<font size=""1"">",၁၀-အာသဝသုတ်,213,
"<font size=""1.5"">",၆-ဂင်္ဂ ါပေယျာလဝဂ်,214,
"<font size=""1"">",၁-၁၂-ဂင်္ဂ ါ နဒီစသော ၁၂-သုတ်,214,
"<font size=""1.5"">",၇-အပ္ပမာဒဝဂ်,215,
"<font size=""1"">",၁-၁၀-တထာဂတစသော ၁၀-သုတ်,215,
"<font size=""1.5"">",၈-ဗလကရဏီယဝဂ်,215,
"<font size=""1"">",၁-၁၂-ဗလစသော ၁၂-သုတ်,215,
"<font size=""1.5"">",၉-ဧသနာဝဂ်,215,
"<font size=""1"">",၁-၁၀-ဧသနာစသော ၁၀-သုတ်,215,
"<font size=""1.5"">",၁၀-သြဃဝဂ်,216,
"<font size=""1"">",၁-၁၀- ဥဒ္ဓမ္ဘာဂိယစသော ၁၀-သုတ်,216,
"<font size=""2"">",၄-ဣန္ဒြိယသံယုတ်,217,
"<font size=""1.5"">",၁-သုဒ္ဓိကဝဂ်,217,
"<font size=""1"">",၁-သုဒ္ဓိကသုတ်,217,
"<font size=""1"">",၂-ပဌမ သောတာပန္နသုတ်,217,
"<font size=""1"">",၃-ဒုတိယ သောတာပန္နသုတ်,217,
"<font size=""1"">",၄-ပဌမ အရဟန္တသုတ်,218,
"<font size=""1"">",၅-ဒုတိယ အရဟန္တသုတ်,218,
"<font size=""1"">",၆-ပဌမ သမဏ ဗြာဟ္မဏသုတ်,219,
"<font size=""1"">",၇-ဒုတိယ သမဏဗြာဟ္မဏသုတ်,219,
"<font size=""1"">",၈-ဒဋ္ဌဗ္ဗသုတ်,220,
"<font size=""1"">",၉-ပဌမ ဝိဘင်္ဂသုတ်,220,
"<font size=""1"">",၁၀-ဒုတိယ ဝိဘင်္ဂသုတ်,222,
"<font size=""1.5"">",၂-မုဒုတရဝဂ်,224,
"<font size=""1"">",၁-ပဋိလာဘသုတ်,224,
"<font size=""1.5"">",၂-ပဌမ သံခိတ္တသုတ်,225,
"<font size=""1"">",၃-ဒုတိယ သံခိတ္တသုတ်,225,
"<font size=""1"">",၄-တတိယ သံခိတ္တသုတ်,226,
"<font size=""1"">",၅-ပဌမ ဝိတ္ထာရသုတ်,227,
"<font size=""1"">",၆-ဒုတိယ ဝိတ္ထာရသုတ်,228,
"<font size=""1"">",၇-တတိယ ဝိတ္ထာရသုတ်,229,
"<font size=""1"">",၈-ပဋိပန္နသုတ်,230,
"<font size=""1"">",၉-သမ္ပန္နသုတ်,230,
"<font size=""1"">",၁၀-အာသဝက္ခယသုတ်,231,
"<font size=""1.5"">",၃-ဆဠိန္ဒြိယဝဂ်,232,
"<font size=""1"">",၁-ပုနဗ္ဘဝသုတ်,232,
"<font size=""1"">",၂-ဇီဝိတိန္ဒြိယသုတ်,232,
"<font size=""1"">",၃-အညိန္ဒြိယသုတ်,233,
"<font size=""1"">",၄-ဧကဗီဇီသုတ်,233,
"<font size=""1"">",၅-သုဒ္ဓကသုတ်,234,
"<font size=""1"">",၆-သောတာပန္နသုတ်,234,
"<font size=""1"">",၇-အရဟန္တသုတ်,235,
"<font size=""1"">",၈-သမ္ဗုဒ္ဓသုတ်,235,
"<font size=""1"">",၉-ပဌမ သမဏဗြာဟ္မဏသုတ်,236,
"<font size=""1"">",၁၀-ဒုတိယ သမဏဗြာဟ္မဏသုတ်,237,
"<font size=""1.5"">",၄-သုခိန္ဒြိယဝဂ်,238,
"<font size=""1"">",၁-သုဒ္ဓိကသုတ်,238,
"<font size=""1"">",၂-သောတာပန္နသုတ်,238,
"<font size=""1"">",၃-အရဟန္တသုတ်,238,
"<font size=""1"">",၄-ပဌမ သမဏဗြာဟ္မဏသုတ်,239,
"<font size=""1"">",၅-ဒုတိယ သမဏဗြာဟ္မဏသုတ်,240,
"<font size=""1"">",၆-ပဌမ ဝိဘင်္ဂသုတ်,241,
"<font size=""1"">",၇-ဒုတိယ ဝိဘင်္ဂသုတ်,242,
"<font size=""1"">",၈-တတိယ ဝိဘင်္ဂသုတ်,243,
"<font size=""1"">",၉-ကဋ္ဌောပမသုတ်,244,
"<font size=""1"">",၁၀-ဥပ္ပဋိပါဋိကသုတ်,245,
"<font size=""1.5"">",၅-ဧရာဝဂ်,248,
"<font size=""1"">",၁-ဧရာဓမ္မသုတ်,248,
"<font size=""1"">",၂-ဥဏ္ဏာဘဗြာဟ္မဏသုတ်,249,
"<font size=""1"">",၃-သာကေတသုတ်,250,
"<font size=""1"">",၄-ပုဗ္ဗကောဋ္ဌကသုတ်,251,
"<font size=""1"">",၅-ပဌမ ပုဗ္ဗာရာမသုတ်,252,
"<font size=""1"">",၆-ဒုတိယ ပုဗ္ဗာရာမသုတ်,253,
"<font size=""1"">",၇-တတိယ ပုဗ္ဗာရာမသုတ်,254,
"<font size=""1"">",၈-စတုတ္ထ ပုဗ္ဗာရာမသုတ်,255,
"<font size=""1"">",၉-ပိဏ္ဍောလဘာရဒွါဇသုတ်,256,
"<font size=""1"">",၁၀-အာပဏသုတ်,257,
"<font size=""1.5"">",၆-သူကရခတဝဂ်,259,
"<font size=""1"">",၁-သာလသုတ်,259,
"<font size=""1"">",၂-မလ္လိကသုတ်,260,
"<font size=""1"">",၃-သေခသုတ်,261,
"<font size=""1"">",၄-ပဒသုတ်,263,
"<font size=""1"">",၅-သာရသုတ်,263,
"<font size=""1"">",၆-ပတိဋ္ဌိတသုတ်,264,
"<font size=""1"">",၇-သဟမ္ပတိဗြဟ္မသုတ်,264,
"<font size=""1"">",၈-သူကရခတသုတ်,265,
"<font size=""1"">",၉-ပဌမ ဥပ္ပါဒသုတ်,267,
"<font size=""1"">",၁၀-ဒုတိယ ဥပ္ပါဒသုတ်,267,
"<font size=""1.5"">",၇-ဗောဓိပက္ခိယဝဂ်,268,
"<font size=""1"">",၁-သံယောဇနသုတ်,268,
"<font size=""1"">",၂-အနုသယသုတ်,268,
"<font size=""1"">",၃-ပရိညာသုတ်,268,
"<font size=""1"">",၄-အာသဝက္ခယသုတ်,269,
"<font size=""1"">",၅-ပဌမ ဖလသုတ်,269,
"<font size=""1"">",၆-ဒုတိယ ဖလသုတ်,270,
"<font size=""1"">",၇-ပဌမ ရုက္ခသုတ်,271,
"<font size=""1"">",၈-ဒုတိယ ရုက္ခသုတ်,271,
"<font size=""1"">",၉-တတိယ ရုက္ခသုတ်,272,
"<font size=""1"">",၁၀-စတုတ္ထ ရုက္ခသုတ်,272,
"<font size=""1.5"">",၈-ဂင်္ဂ ါပေယျာလဝဂ်,273,
"<font size=""1"">",၁-၁၂-ပါစီန စသော ၁၂-သုတ်,273,
"<font size=""1.5"">",၁၂-သြဃဝဂ်,274,
"<font size=""1"">",၁-၁၀-သြဃ စသော ၁၀-သုတ်,274,
"<font size=""1.5"">",၁၃-ဂင်္ဂ ါပေယျာလဝဂ်,275,
"<font size=""1"">",၁-၁၂-ပါစီန စသော ၁၂-သုတ်,275,
"<font size=""1.5"">",၁၇-သြဃဝဂ်,276,
"<font size=""1"">",၁-၁၀-သြဃ စသော ၁၀-သုတ်,276,
"<font size=""2"">",၅-သမ္မပ္ပဓာနသံယုတ်,277,
"<font size=""1.5"">",၁-ဂင်္ဂ ါပေယျာလဝဂ်,277,
"<font size=""1"">",၁-၁၂-ပါစီန စသော ၁၂-သုတ်,277,
"<font size=""1.5"">",၂၊ အပ္ပမာဒဝဂ်,278,
"<font size=""1.5"">",၃-ဗလကရဏီယဝဂ်,278,
"<font size=""1"">",၁-၁၂-ဗလကရဏီယ စသော ၁၂-သုတ်,278,
"<font size=""1.5"">",၄-ဧသနာဝဂ်,279,
"<font size=""1"">",၁-၁၀-ဧသနာ စသော ၁၀-သုတ်,279,
"<font size=""1.5"">",၅-သြဃဝဂ်,280,
"<font size=""1"">",၁-၁၀-သြဃ စသော ၁၀-သုတ်,280,
"<font size=""2"">",၆-ဗလသံယုတ်,281,
"<font size=""1.5"">",၁-ဂင်္ဂ ါပေယျာလဝဂ်,281,
"<font size=""1"">",၁-၁၂-ဗလ စသော ၁၂-သုတ်,281,
"<font size=""1.5"">",၅-သြဃဝဂ်,282,
"<font size=""1"">",၁-၁၀-သြဃစသော ၁၀-သုတ်,282,
"<font size=""1.5"">",၆-ဂင်္ဂ ါပေယျာလဝဂ်,283,
"<font size=""1"">",၁-၁၂-ပါစီန စသော ၁၂-သုတ်,283,
"<font size=""1.5"">",၉-ဧသနာဝဂ်,284,
"<font size=""1"">",၁-၁၂-ဧသနာ စသော ၁၂-သုတ်,284,
"<font size=""1.5"">",၁၀-သြဃဝဂ်,284,
"<font size=""1"">",၁-၁၀-သြဃ စသော ၁၀-သုတ်,284,
"<font size=""2"">",၇-ဣဒ္ဓိပါဒသံယုတ်,285,
"<font size=""1.5"">",၁-စာပါလဝဂ်,285,
"<font size=""1"">",၁-အပါရသုတ်,285,
"<font size=""1"">",၂-ဝိရဒ္ဓသုတ်,286,
"<font size=""1"">",၃-အရိယသုတ်,286,
"<font size=""1"">",၄-နိဗ္ဗိဒါသုတ်,287,
"<font size=""1"">",၅-ဣဒ္ဓိပဒေသသုတ်,287,
"<font size=""1"">",၆-သမတ္တသုတ်,288,
"<font size=""1"">",၇-ဘိက္ခုသုတ်,289,
"<font size=""1"">",၈-ဗုဒ္ဓသုတ်,290,
"<font size=""1"">",၉-ဉာဏသုတ်,290,
"<font size=""1"">",၁၀-စေတိယသုတ်,291,
"<font size=""1"">",၂-ပါသာဒကမ္ပနဝဂ်,296,
"<font size=""1"">",၁-ပုဗ္ဗသုတ်,296,
"<font size=""1"">",၂-မဟပ္ဖလသုတ်,299,
"<font size=""1"">",၃-ဆန္ဒသမာဓိသုတ်,300,
"<font size=""1"">",၄-မောဂ္ဂလ္လာနသုတ်,301,
"<font size=""1"">",၅-ဥဏ္ဏာဘဗြာဟ္မဏသုတ်,303,
"<font size=""1"">",၆-ပဌမ သမဏဗြာဟ္မဏသုတ်,304,
"<font size=""1"">",၇-ဒုတိယ သမဏဗြာဟ္မဏသုတ်,305,
"<font size=""1"">",၈-ဘိက္ခုသုတ်,307,
"<font size=""1"">",၉-ဣဒ္ဓါဒိဒေသနာသုတ်,307,
"<font size=""1"">",၁၀-ဝိဘင်္ဂသုတ်,308,
"<font size=""1.5"">",၃-အယောဂုဠဝဂ်,312,
"<font size=""1"">",၁-မဂ္ဂသုတ်,312,
"<font size=""1"">",၂-အယောဂုဠသုတ်,313,
"<font size=""1"">",၃-ဘိက္ခုသုတ်,314,
"<font size=""1"">",၄-သုဒ္ဓိကသုတ်,314,
"<font size=""1"">",၅-ပဌမ ဖလသုတ်,315,
"<font size=""1"">",၆-ဒုတိယ ဖလသုတ်,316,
"<font size=""1"">",၇-ပဌမ အာနန္ဒသုတ်,317,
"<font size=""1"">",၈-ဒုတိယ အာနန္ဒသုတ်,318,
"<font size=""1"">",၉-ပဌမ ဘိက္ခုသုတ်,319,
"<font size=""1"">",၁၀-ဒုတိယ ဘိက္ခုသုတ်,320,
"<font size=""1"">",၁၁-မောဂ္ဂလ္လာနသုတ်,321,
"<font size=""1"">",၁၂-တထာဂတသုတ်,322,
"<font size=""1.5"">",၄ - ဂင်္ဂ ါပေယျာလဝဂ်,323,
"<font size=""1"">",၁ - ၁၂ - ဂင်္ဂ ါနဒီစသော ၁၂- သုတ်,323,
"<font size=""1.5"">",ဂ - သြဃဝဂ်,324,
"<font size=""1"">",၁ - ၁၀ - သြဃာဒိသုတ်,324,
"<font size=""2"">",ဂ - အနုရုဒ္ဓသံယုတ်,325,
"<font size=""1.5"">",၁ - ရဟောဂတဝဂ်,325,
"<font size=""1"">",၁ - ပဌမ ရဟောဂတသုတ်,325,
"<font size=""1"">",၂ - ဒုတိယ ရဟောဂတသုတ်,327,
"<font size=""1"">",၃ - သုတနုသုတ်,328,
"<font size=""1"">",၄ - ပဌမ ကဏ္ဍကီသုတ်,329,
"<font size=""1"">",၅ - ဒုတိယ ကဏ္ဍကီသုတ်,329,
"<font size=""1"">",၆ - တတိယ ကဏ္ဍကီသုတ်,330,
"<font size=""1"">",၇ - တဏှာက္ခယသုတ်,330,
"<font size=""1"">",၈ - သလဠာဂါရသုတ်,331,
"<font size=""1"">",၉ - အမ္ဗပါလိဝနသုတ်,332,
"<font size=""1"">",၁၀ - ဗာဠှဂိလာနသုတ်,333,
"<font size=""1.5"">",၂ - ဒုတိယဝဂ်,334,
"<font size=""1"">",၁ - ကပ္ပသဟဿသုတ်,334,
"<font size=""1"">",၂ - ဣဒ္ဓိဝိဓသုတ်,334,
"<font size=""1"">",၃- ဒိဗ္ဗသောတသုတ်,335,
"<font size=""1"">",၄ - စေတောပရိယသုတ်,335,
"<font size=""1"">",၅- ဌာနသုတ်,335,
"<font size=""1"">",၆ - ကမ္မသမာဒါနသုတ်,336,
"<font size=""1"">",၇ - သဗ္ဗတ္ထဂါမိနိသုတ်,336,
"<font size=""1"">",၈ - နာနာဓာတုသုတ်,336,
"<font size=""1"">",၉ - နာနာဓိမုတ္တိသုတ်,337,
"<font size=""1"">",၁၀ - ဣန္ဒြိယပရောပရိယတ္တသုတ်,337,
"<font size=""1"">",၁၁ - ဈာနာဒိသုတ်,337,
"<font size=""1"">",၁၂ - ပုဗ္ဗေနိဝါသသုတ်,338,
"<font size=""1"">",၁၃ - ဒိဗ္ဗစက္ခုသုတ်,338,
"<font size=""1"">",၁၄ - အာသဝက္ခယသုတ်,338,
"<font size=""2"">",၉ - ဈာနသံယုတ်,339,
"<font size=""1.5"">",၁ - ဂင်္ဂ ါပေယျာလဝဂ်,339,
"<font size=""1"">",၁ - ၁၂ - ဈာန်စသော ၁၂ -သုတ်,339,
"<font size=""1.5"">",၅ - သြဃဝဂ်,340,
"<font size=""1"">",၁ - ၁၀ - သြဃစသော ၁၀ - သုတ်,340,
"<font size=""2"">",၁၀-အာနာပါနသံယုတ်,341,
"<font size=""1.5"">",၁-ဧကဓမ္မဝဂ်,341,
"<font size=""1"">",၁-ဧကဓမ္မသုတ်,341,
"<font size=""1"">",၂-ဗောဇ္ဈင်္ဂသုတ်,342,
"<font size=""1"">",၃-သုဒ္ဓိကသုတ်,343,
"<font size=""1"">",၄-ပဌမ ဖလသုတ်,343,
"<font size=""1"">",-၅-ဒုတိယ ဖလသုတ်,344,
"<font size=""1"">",၆-အရိဋ္ဌသုတ်,345,
"<font size=""1"">",၇-မဟာကပ္ပိနသုတ်,346,
"<font size=""1"">",၈-ပဒီပေါပမသုတ်,347,
"<font size=""1"">",၉-ဝေသာလီသုတ်,350,
"<font size=""1"">",၁၀-ကိမိလသုတ်,352,
"<font size=""1.5"">",၂-ဒုတိယဝဂ်,355,
"<font size=""1"">",၁-ဣစ္ဆာနင်္ဂလသုတ်,355,
"<font size=""1"">",၂-ကင်္ခေယျသုတ်,356,
"<font size=""1"">",၃-ပဌမ အာနန္ဒသုတ်,358,
"<font size=""1"">",၄.ဒုတိယ အာနန္ဒသုတ်,362,
"<font size=""1"">",၅-ပဌမ ဘိက္ခုသုတ်,363,
"<font size=""1"">",၆-ဒုတိယ ဘိက္ခုသုတ်,364,
"<font size=""1"">",၇-သံယောဇနပ္ပဟာနသုတ်,367,
"<font size=""1"">",၈-အနုသယသမုဂ္ဃါတသုတ်,368,
"<font size=""1"">",၉-အဒ္ဓါနပရိညာသုတ်,368,
"<font size=""1"">",၁၀-အာသဝက္ခယသုတ်,368,
"<font size=""1"">",၂-ဗြဟ္မစရိယောဂဓသုတ်,371,
"<font size=""1"">",၃-ဒီဃာဝု ဥပါသကသုတ်,372,
"<font size=""1"">",၄-ပဌမ သာရိပုတ္တသုတ်,374,
"<font size=""1"">",၅-ဒုတိယ သာရိပုတ္တသုတ်,375,
"<font size=""1"">",၆-ထပတိသုတ်,376,
"<font size=""1"">",၇-ဝေဠုဒွါရေယျသုတ်,379,
"<font size=""1"">",၈-ပဌမ ဂိဉ္ဇကာဝသထသုတ်,382,
"<font size=""1"">",၉-ဒုတိယ ဂိဉ္ဇကာဝသထသုတ်,384,
"<font size=""1"">",၁၀-တတိယ ဂိဉ္ဇကာဝသထသုတ်,384,
"<font size=""1.5"">",၂-ရာဇကာရာမဝဂ်,386,
"<font size=""1"">",၂-ဗြာဟ္မဏသုတ်,387,
"<font size=""1"">",၃-အာနန္ဒတ္ထေရသုတ်,388,
"<font size=""1"">",၄-ဒုဂ္ဂတိဘယသုတ်,390,
"<font size=""1"">",၅-ဒုဂ္ဂတိ ဝိနိပါတဘယသုတ်,391,
"<font size=""1"">",၆-ပဌမ မိတ္တာမစ္စသုတ်,391,
"<font size=""1"">",၇-ဒုတိယ မိတ္တာမစ္စသုတ်,392,
"<font size=""1"">",၈-ပဌမ ဒေဝစာရိကသုတ်,393,
"<font size=""1"">",၉-ဒုတိယ ဒေဝစာရိကသုတ်,394,
"<font size=""1"">",၁၀-တတိယ ဒေဝစာရိကသုတ်,395,
"<font size=""1.5"">",၃-သရဏာနိဝဂ်,397,
"<font size=""1"">",၁-ပဌမ မဟာနာမသုတ်,397,
"<font size=""1"">",၂-ဒုတိယ မဟာနာမသုတ်,398,
"<font size=""1"">",၃-ဂေါဓသက္ကသုတ်,399,
"<font size=""1"">",၄-ပဌမ သရဏာနိသက္ကသုတ်,402,
"<font size=""1"">",၅-ဒုတိယ သရဏာနိသက္ကသုတ်,405,
"<font size=""1"">",၆-ပဌမ အနာထပိဏ္ဍိကသုတ်,408,
"<font size=""1"">",၇-ဒုတိယ အနာထပိဏ္ဍိကသုတ်,412,
"<font size=""1"">",၈-ပဌမ ဘယဝေရူပသန္တသုတ်,414,
"<font size=""1"">",၉-ဒုတိယ ဘယဝေရူပသန္တသုတ်,416,
"<font size=""1"">",၁၀-နန္ဒကလိစ္ဆဝိသုတ်,416,
"<font size=""1.5"">",၄-ပုညာဘိသန္ဒဝဂ်,418,
"<font size=""1"">",၁-ပဌမ ပုညာဘိသန္ဒသုတ်,418,
"<font size=""1"">",၂-ဒုတိယ ပုညာဘိသန္ဒသုတ်,419,
"<font size=""1"">",၄-ပဌမ ဒေဝပဒသုတ်,420,
"<font size=""1"">",၅-ဒုတိယ ဒေဝပဒသုတ်,421,
"<font size=""1.5"">",၆-ဒေဝ သဘာဂသုတ်,422,
"<font size=""1"">",၇-မဟာနာမသုတ်,423,
"<font size=""1"">",၈-ဝဿသုတ်,424,
"<font size=""1"">",၉-ကာဠိဂေါဓာသုတ်,424,
"<font size=""1"">",၁၀-နန္ဒိယသက္ကသုတ်,425,
"<font size=""1.5"">",၅-သဂါထကပုညာဘိသန္ဒဝဂ်,428,
"<font size=""1"">",၁-ပဌမ အဘိသန္ဒသုတ်,428,
"<font size=""1"">",၁-ဒုတိယ အဘိသန္ဒသုတ်,429,
"<font size=""1"">",၁-တတိယ အဘိသန္ဒသုတ်,430,
"<font size=""1"">",၄-ပဌမ မဟဒ္ဓနသုတ်,431,
"<font size=""1"">",၅-ဒုတိယ မဟဒ္ဓနသုတ်,432,
"<font size=""1"">",၆-သုဒ္ဓကသုတ်,432,
"<font size=""1"">",၇-နန္ဒိယသုတ်,433,
"<font size=""1"">",၈-ဘဒ္ဒိယသုတ်,434,
"<font size=""1"">",၉-မဟာနာမသုတ်,434,
"<font size=""1"">",၁၀-အင်္ဂသုတ်,435,
"<font size=""1.5"">",၆-သပ္ပညဝဂ်,436,
"<font size=""1"">",၁-သဂါထကသုတ်,436,
"<font size=""1"">",၂-ဝဿံဝုတ္ထသုတ်,437,
"<font size=""1"">",၃-ဓမ္မဒိန္နသုတ်,438,
"<font size=""1"">",၄-ဂိလာနသုတ်,439,
"<font size=""1"">",၅-သောတာပတ္တိဖလသုတ်,441,
"<font size=""1"">",၆-သကဒါဂါမိဖလသုတ်,441,
"<font size=""1"">",၇-အနာဂါမိဖလသုတ်,442,
"<font size=""1"">",၈-အရဟတ္တဖလသုတ်,442,
"<font size=""1"">",၉-ပညာပဋိလာဘသုတ်,442,
"<font size=""1"">",၁၀-ပညာဝုဒ္ဓိသုတ်,442,
"<font size=""1"">",၁၁-ပညာဝေပုလ္လသုတ်,442,
"<font size=""1.5"">",၇- မဟာပညဝဂ်,443,
"<font size=""1"">",၁-မဟာပညာသုတ်,443,
"<font size=""1"">",၂-ပုထုပညာသုတ်,443,
"<font size=""1"">",၃-ဝိပုလပညာသုတ်,443,
"<font size=""1"">",၄-ဂမ္ဘီရပညာသုတ်,443,
"<font size=""1"">",၅-အပ္ပမတ္တပညာသုတ်,444,
"<font size=""1"">",၆-ဘူရိပညာသုတ်,444,
"<font size=""1"">",၇-ပညာဗာဟုလ္လသုတ်,444,
"<font size=""1"">",၈-သီဃပညာသုတ်,444,
"<font size=""1"">",၉-လဟုပညာသုတ်,444,
"<font size=""1"">",၁၀-ဟာသပညာသုတ်,445,
"<font size=""1"">",၁၁-ဇဝနပညာသုတ်,445,
"<font size=""1"">",၁၂-တိက္ခပညာသုတ်,445,
"<font size=""1"">",၁၃-နိဗ္ဗေဓိကပညာသုတ်,445,
"<font size=""2"">",၁၂- သစ္စသံယုတ်,446,
"<font size=""1.5"">",၁-သမာဓိဝဂ်,446,
"<font size=""1"">",၁-သမာဓိသုတ်,446,
"<font size=""1"">",၂-ပဋိသလ္လာနသုတ်,446,
"<font size=""1"">",၃-ပဌမ ကုလပုတ္တသုတ်,447,
"<font size=""1"">",၄-ဒုတိယ ကုလပုတ္တသုတ်,447,
"<font size=""1"">",၅-ပဌမ သမဏ ဗြာဟ္မဏသုတ်,448,
"<font size=""1"">",၆-ဒုတိယ သမဏ ဗြာဟ္မဏသုတ်,449,
"<font size=""1"">",၇-ဝိတက္ကသုတ်,449,
"<font size=""1"">",၈-စိန္တသုတ်,450,
"<font size=""1"">",၉-ဝိဂ္ဂါဟိကကထာသုတ်,451,
"<font size=""1"">",၁၀-တိရစ္ဆာနကထာသုတ်,452,
"<font size=""1.5"">",၂-ဓမ္မစက္ကပ္ပဝတ္တနဝဂ်,453,
"<font size=""1"">",၁-ဓမ္မစက္ကပ္ပဝတ္တနသုတ်,453,
"<font size=""1"">",၂-တထာဂတသုတ်,456,
"<font size=""1"">",၃-ခန္ဓသုတ်,458,
"<font size=""1"">",၄-အဇ္ဈတ္တိကာယတနသုတ်,459,
"<font size=""1"">",၅-ပဌမ ဓာရဏသုတ်,460,
"<font size=""1"">",၆-ဒုတိယ ဓာရဏသုတ်,461,
"<font size=""1"">",၇-အဝိဇ္ဇာသုတ်,462,
"<font size=""1"">",၈-ဝိဇ္ဇာသုတ်,462,
"<font size=""1"">",၉-သင်္ကာသနသုတ်,463,
"<font size=""1"">",၁၀-တထသုတ်,464,
"<font size=""1.5"">",၃-ကောဋိဂါမဝဂ်,465,
"<font size=""1"">",၁-ပဌမ ကောဋိဂါမသုတ်,465,
"<font size=""1"">",၂-ဒုတိယ ကောဋိဂါမသုတ်,466,
"<font size=""1"">",၃-သမ္မာသမ္ဗုဒ္ဓသုတ်,467,
"<font size=""1"">",၄-အရဟန္တသုတ်,467,
"<font size=""1"">",၅-အာသဝက္ခယသုတ်,468,
"<font size=""1"">",၆-မိတ္တသုတ်,469,
"<font size=""1"">",၇-တထသုတ်,469,
"<font size=""1"">",၈-လောကသုတ်,470,
"<font size=""1"">",၉-ပရိညေယျသုတ်,471,
"<font size=""1"">",၁၀-ဂဝမ္ပတိသုတ်,472,
"<font size=""1.5"">",၄-သီသပါဝနဝဂ်,473,
"<font size=""1"">",၁-သီသပါဝနသုတ်,473,
"<font size=""1"">",၂-ခဒိရပတ္တသုတ်,474,
"<font size=""1"">",၃-ဒဏ္ဍသုတ်,475,
"<font size=""1"">",၄-စေလသုတ်,475,
"<font size=""1"">",၅-သတ္တိသတသုတ်,476,
"<font size=""1"">",၆-ပါဏသုတ်,477,
"<font size=""1"">",၇-ပဌမ သူရိယသုတ်,477,
"<font size=""1"">",၈-ဒုတိယ သူရိယသုတ်,478,
"<font size=""1"">",၉-ဣန္ဒခီလသုတ်,479,
"<font size=""1"">",၁၀-ဝါဒတ္ထိကသုတ်,480,
"<font size=""1.5"">",၅-ပပါတဝဂ်,481,
"<font size=""1"">",၁-လောကစိန္တာသုတ်,481,
"<font size=""1"">",၂-ပပါတသုတ်,482,
"<font size=""1"">",၃-မဟာပရိဠာဟသုတ်,484,
"<font size=""1"">",၄-ကူဋာဂါရသုတ်,485,
"<font size=""1"">",၅-ဝါလသုတ်,486,
"<font size=""1"">",၆-အန္ဓကာရသုတ်,487,
"<font size=""1"">",၇-ပဌမ ဆိဂ္ဂဠယုဂသုတ်,488,
"<font size=""1"">",၈-ဒုတိယ ဆိဂ္ဂဠယုဂသုတ်,489,
"<font size=""1"">",၉-ပဌမ သိနေရုပဗ္ဗတရာဇသုတ်,490,
"<font size=""1"">",၁၀-ဒုတိယ သိနေရုပဗ္ဗတရာဇသုတ်,491,
"<font size=""1"">",၆-အဘိသမယဝဂ်,492,
"<font size=""1"">",၁-နခသိခသုတ်,492,
"<font size=""1"">",၂-ပေါက္ခရဏီသုတ်,492,
"<font size=""1"">",၃-ပဌမ သံဘေဇ္ဇသုတ်၊,493,
"<font size=""1"">",၄-ဒုတိယ သံဘေဇ္ဇသုတ်,493,
"<font size=""1"">",၅-ပဌမ မဟာပထဝီသုတ်,494,
"<font size=""1"">",၆-ဒုတိယ မဟာပထဝီသုတ်,494,
"<font size=""1"">",၇-ပဌမ မဟာသမုဒ္ဒသုတ်,495,
"<font size=""1"">",၈-ဒုတိယ မဟာသမုဒ္ဒသုတ်,495,
"<font size=""1"">",၉-ပဌမ ပဗ္ဗတူပမသုတ်,496,
"<font size=""1"">",၁၀-ဒုတိယ ပဗ္ဗတူပမသုတ်,497,
"<font size=""1.5"">",၇-ပဌမ အာမကဓညပေယျာလဝဂ်,498,
"<font size=""1"">",၁-အညတြသုတ်,498,
"<font size=""1"">",၂-ပစ္စန္တသုတ်,498,
"<font size=""1"">",၃-ပညာသုတ်,499,
"<font size=""1"">",၄-သုရာမေရယသုတ်,499,
"<font size=""1"">",၅-သြဒကသုတ်,499,
"<font size=""1"">",၆-မတ္တေယျသုတ်,500,
"<font size=""1"">",၇-ပေတ္တေယျသုတ်,500,
"<font size=""1"">",၈-သာမညသုတ်,500,
"<font size=""1"">",၉-ဗြဟ္မညသုတ်,501,
"<font size=""1"">",၁၀-ပစာယိကသုတ်,501,
"<font size=""1.5"">",၈-ဒုတိယ အာမကဓညပေယျာလဝဂ်,502,
"<font size=""1"">",၁-ပါဏာတိပါတသုတ်,502,
"<font size=""1"">",၁-အဒိန္နာဒါနသုတ်,502,
"<font size=""1"">",၃-ကာမေသုမိစ္ဆာစာရသုတ်,502,
"<font size=""1"">",၄-မုသာဝါဒသုတ်,502,
"<font size=""1"">",၅-ပေသုညသုတ်,503,
"<font size=""1"">",၆-ဖရုသဝါစာသုတ်,503,
"<font size=""1"">",၇-သပ္ဖပ္ပလာပသုတ်,503,
"<font size=""1"">",၈-ဗီဇဂါမသုတ်,503,
"<font size=""1"">",၉-ဝိကာလဘောဇနသုတ်,504,
"<font size=""1"">",၁၀-ဂန္ဓဝိလေပနသုတ်,504,
"<font size=""1.5"">",၉-တတိယ အာမကဓညပေယျာလဝဂ်,505,
"<font size=""1"">",၁-နစ္စဂီတသုတ်,505,
"<font size=""1"">",၂-ဥစ္စာသယနသုတ်,505,
"<font size=""1"">",၃-ဇာတရူပရဇတသုတ်,505,
"<font size=""1"">",၄-အာမကဓညသုတ်,505,
"<font size=""1"">",၅-အာမကမံသသုတ်,506,
"<font size=""1"">",ကုမာရိကသုတ်,506,
"<font size=""1"">",၇-ဒါသိဒါသသုတ်,506,
"<font size=""1"">",၈-အဇေဠကသုတ်,506,
"<font size=""1"">",၉-ကုက္ကုဋ သူကရသုတ်,507,
"<font size=""1"">",၁၀-ဟတ္ထိ ဂဝဿသုတ်,507,
"<font size=""1.5"">",၁၀-စတုတ္ထ အာမကဓညပေယျာလဝဂ်,508,
"<font size=""1"">",၁-ခေတ္တ ဝတ္ထုသုတ်,508,
"<font size=""1"">",၂-ကယ ဝိက္ကယသုတ်,508,
"<font size=""1"">",၃-ဒူတေယျသုတ်,508,
"<font size=""1"">",၄-တုလာ ကူဋသုတ်,508,
"<font size=""1"">",၅-ဥက္ကောဋနသုတ်,509,
"<font size=""1"">",၆-၁၁-ဆေဒနာဒိသုတ်,509,
"<font size=""1.5"">",၁၁-ပဉ္စ ဂတိပေယျာလဝဂ်,510,
"<font size=""1"">",၁-မနုဿစုတိ နိရယသုတ်,510,
"<font size=""1"">",၂-မနုဿစုတိ တိရ စ္ဆာနသုတ်,510,
"<font size=""1"">",၃-မနုဿစုတိ ပေတ္တိဝိသယသုတ်,510,
"<font size=""1"">",၄-၅-၆-မနုဿစုတိ ဒေဝနိရယာဒိသုတ်,511,
"<font size=""1"">",၇-၉-ဒေဝစုတိ နိရယာဒိသုတ်,511,
"<font size=""1"">",၁၀-၁၂-ဒေဝမနုဿနိရယသုတ်,511,
"<font size=""1"">",၁၃-၁၅-နိရယမနုဿနိရယာဒိသုတ်,512,
"<font size=""1"">",၁၆-၁၈-နိရယဒေဝနိရယာဒိသုတ်,512,
"<font size=""1"">",၁၉-၂၁-တိရစ္ဆာနမနုဿနိရယာဒိသုတ်,512,
"<font size=""1"">",၂၂-၂၄-တိရ စ္ဆာနဒေဝနိရယာဒိသုတ်,513,
"<font size=""1"">",၂၅-၂၇-ပေတ္တိမနုဿနိရယာဒိသုတ်,513,
"<font size=""1"">",၂၈-၂၉-ပေတ္တိဒေဝနိရယာဒိသုတ်,513,
"<font size=""1"">",၃၀-ပေတ္တိဒေဝပေတ္တိဝိသယသုတ်,514,
5,05_anguttara_01,ဧကကနိပါတ်,65
"<font size=""2"">",ဧကကနိပါတ်,1,
"<font size=""1.5"">",၁-ပဌမပဏ္ဏာသက,1,
"<font size=""1"">",၁-ရူပါဒိဝဂ်,1,
"<font size=""1"">",၂-နီဝရဏပ္ပဟာနဝဂ်,4,
"<font size=""1"">",၃-အကမ္မနိယဝဂ်,7,
"<font size=""1"">",၄-အဒန္တဝဂ်,9,
"<font size=""1"">",၅-ပဏိဟိတအစ္ဆဝဂ်,11,
"<font size=""1"">",၆-အစ္ဆရာသင်္ဃာတဝဂ်,14,
"<font size=""1"">",၇-ဝီရိယာရမ္ဘာဒိဝဂ်,17,
"<font size=""1"">",၈-ကလျာဏမိတ္တာဒိဝဂ်,20,
"<font size=""1"">",၉- ပမာဒါဒိဝဂ်,23,
"<font size=""1"">",၁၀-ဒုတိယ ပမာဒါဒိဝဂ်,26,
"<font size=""1"">",၁၁-အဓမ္မဝဂ်,31,
"<font size=""1"">",၁၂-အနာပတ္တိဝဂ်,32,
"<font size=""1"">",၁၃-ဧကပုဂ္ဂလဝဂ်,34,
"<font size=""1"">",၁၄-ဧတဒဂ္ဂဝဂ်,36,
"<font size=""1"">",၁-ပဌမဝဂ်,36,
"<font size=""1"">",၂- ဒုတိယဝဂ်,37,
"<font size=""1"">",၃-တတိယဝဂ်,38,
"<font size=""1"">",၄-စတုတ္ထဝဂ်,39,
"<font size=""1"">",၅-ပဉ္စမဝဂ်,41,
"<font size=""1"">",၆-ဆဋ္ဌဝဂ်,42,
"<font size=""1"">",၇-သတ္တမဝဂ်,43,
"<font size=""1"">",၁၅-အဋ္ဌာနပါဠိ,44,
"<font size=""1"">",၁-ပဌမဝဂ်,44,
"<font size=""1"">",၂-ဒုတိယဝဂ်,45,
"<font size=""1"">",၃-တတိယဝဂ်,46,
"<font size=""1"">",၁၆-ဧကဓမ္မပါဠိ,48,
"<font size=""1"">",၁-ပဌမဝဂ်,48,
"<font size=""1"">",၂-ဒုတိယဝဂ်,49,
"<font size=""1"">",၃-တတိယဝဂ်,52,
"<font size=""1"">",၄-စတုတ္ထဝဂ်,54,
"<font size=""1"">",၁၇-ပသာဒကရဓမ္မဝဂ်,57,
"<font size=""1"">",၁၈- အပရအစ္ဆရာသင်္ဃာတဝဂ်,57,
"<font size=""1"">",၁၉-ကာယဂတာသတိဝဂ်,61,
"<font size=""1"">",၂၀-အမတဝဂ်,64,
5,05_anguttara_02,ဒုကနိပါတ်,54
"<font size=""2"">",ဒုကနိပါတ်,1,
"<font size=""2"">",၁-ပဌမပဏ္ဏာသက,1,
"<font size=""1.5"">",၁ - ကမ္မကာရဏဝဂ်,1,
"<font size=""1"">",၁ - ဝဇ္ဇသုတ်,1,
"<font size=""1"">",၂ – ပဓာနသုတ်,4,
"<font size=""1"">",၃ – တပနီယသုတ်,4,
"<font size=""1"">",၄ – အတပနီယသုတ်,5,
"<font size=""1"">",၅ – ဥပညာသသုတ်,5,
"<font size=""1"">",၇ – ကဏှသုတ်,6,
"<font size=""1"">",၈ – သုက္ကသုတ်,6,
"<font size=""1"">",၉ – စရိယသုတ်,7,
"<font size=""1"">",၁၀ - ဝဿူပနာယိကသုတ်,7,
"<font size=""1.5"">",၂ – အဓိကရဏဝဂ်,8,
"<font size=""1.5"">",၃- ဗာလဝဂ်,14,
"<font size=""1.5"">",၄၊ သမစိတ္တဝဂ်,16,
"<font size=""1.5"">",၅၊ ပရိသဝဂ်,23,
"<font size=""2"">",၂-ဒုတိယပဏ္ဏာသက,28,
"<font size=""1.5"">",(၆) ၁-ပုဂ္ဂလဝဂ်,29,
"<font size=""1.5"">",(၇) ၂-သုခဝဂ်,32,
"<font size=""1.5"">",(၈) ၃-သနိမိတ္တဝဂ်,34,
"<font size=""1.5"">",(၉) ၄-ဓမ္မဝဂ်,35,
"<font size=""1.5"">",(၁၀) ၅-ဗာလဝဂ်,36,
"<font size=""2"">",၃-တတိယပဏ္ဏာသက,39,
"<font size=""1.5"">",(၁၁) ၁-အာသာဒုပ္ပဇဟဝဂ်,39,
"<font size=""1.5"">",(၁၂) ၂-အာယာစနဝဂ်,41,
"<font size=""1.5"">",(၁၃) ၃-ဒါနဝဂ်,44,
"<font size=""1.5"">",(၁၄) ၄-သန္ထာရဝဂ်,46,
"<font size=""1.5"">",(၁၅) ၅-သမာပတ္တိဝဂ်,48,
"<font size=""1.5"">",၁-ကောဓပေယျာလ,50,
"<font size=""1.5"">",၂-အကုသလပေယျာလ,52,
"<font size=""1.5"">",၃-ဝိနယပေယျာလ,52,
"<font size=""1.5"">",၄-ရာဂပေယျာလ,54,
5,05_anguttara_03,တိကနိပါတ်,227
"<font size=""2"">",တိကနိပါတ်,1,
"<font size=""1.5"">",၁-ပဌမပဏ္ဏာသက,1,
"<font size=""1.5"">",၁-ဗာလဝဂ်,1,
"<font size=""1"">",၁-ဘယသုတ်,1,
"<font size=""1"">",၂-လက္ခဏသုတ်,2,
"<font size=""1"">",၃-စိန္တီသုတ်,3,
"<font size=""1"">",၄-အစ္စယသုတ်,4,
"<font size=""1"">",၅-အယောနိသောသုတ်,4,
"<font size=""1"">",၆-အကုသလသုတ်,5,
"<font size=""1"">",၇-သာဝဇ္ဇသုတ်,5,
"<font size=""1"">",၈-သဗျာဗဇ္ဈသုတ်,5,
"<font size=""1"">",၉-ခတသုတ်,6,
"<font size=""1"">",၁၀-မလသုတ်,7,
"<font size=""1.5"">",၂-ရထကာရဝဂ်,8,
"<font size=""1"">",၁-ဉာတသုတ်,8,
"<font size=""1"">",၂-သာရဏီယသုတ်,9,
"<font size=""1"">",၃-အာသံသသုတ်,10,
"<font size=""1"">",၄-စက္ကဝတ္တိသုတ်,12,
"<font size=""1"">",၅-သစေတနသုတ်,13,
"<font size=""1"">",၆-အပဏ္ဏကသုတ်,16,
"<font size=""1"">",၇-အတ္တဗျာဗာဓသုတ်,17,
"<font size=""1"">",၈-ဒေဝလောကသုတ်,18,
"<font size=""1"">",၉-ပဌမ ပါပဏိကသုတ်,19,
"<font size=""1"">",၁၀-ဒုတိယ ပါပဏိကသုတ်,20,
"<font size=""1.5"">",၃-ပုဂ္ဂလဝဂ်,22,
"<font size=""1"">",၁-သမိဒ္ဓသုတ်,22,
"<font size=""1"">",၂-ဂိလာနသုတ်,24,
"<font size=""1"">",၃-သခ ၤါရသုတ်,26,
"<font size=""1"">",၄-ဗဟုကာရသုတ်,27,
"<font size=""1"">",၅-ဝဇိရူပမသုတ်,28,
"<font size=""1"">",၆-သေဝိတဗ္ဗသုတ်,29,
"<font size=""1"">",၇-ဇိဂုစ္ဆိတဗ္ဗသုတ်,30,
"<font size=""1"">",၈-ဂူထဘာဏီသုတ်,32,
"<font size=""1"">",၉-အန္ဓသုတ်,33,
"<font size=""1"">",၁၀-အဝကုဇ္ဇသုတ်,34,
"<font size=""1.5"">",၄-ဒေဝဒူတဝဂ်,36,
"<font size=""1"">",၁-သဗြဟ္မကသုတ်,36,
"<font size=""1"">",၂-အာနန္ဒ္ဒသုတ်,37,
"<font size=""1"">",၃-သာရိပုတ္တသုတ်,39,
"<font size=""1"">",၄-နိဒါနသုတ်,40,
"<font size=""1"">",၅-ဟတ္ထကသုတ်,42,
"<font size=""1"">",၆-ဒေဝဒူတသုတ်,44,
"<font size=""1"">",၇-ယမရာဇသုတ်,47,
"<font size=""1"">",၈-စတုမဟာရာဇသုတ်,48,
"<font size=""1"">",၉-သုခုမာလသုတ်,51,
"<font size=""1"">",၁၀-အာဓိပတေယျသုတ်,53,
"<font size=""1.5"">",၅-စူဠဝဂ်,56,
"<font size=""1"">",၁-သမ္မုခီဘာဝသုတ်,56,
"<font size=""1"">",၂-တိဌာနသုတ်,56,
"<font size=""1"">",၃-အတ္တဝသသုတ်,57,
"<font size=""1"">",၄-ကထာပဝတ္ထိသုတ်,57,
"<font size=""1"">",၅-ပဏ္ဍိတသုတ်,57,
"<font size=""1"">",၆-သီလဝန္တသုတ်,58,
"<font size=""1"">",၇-သင်္ခတလက္ခဏာသုတ်,58,
"<font size=""1"">",၈-အသင်္ခတလက္ခဏာသုတ်,59,
"<font size=""1"">",၉-ပဗ္ဗတရာဇသုတ်,59,
"<font size=""1"">",၁၀-အာတပ္ပကရဏီယသုတ်,60,
"<font size=""1"">",၁၁-မဟာစောရသုတ်,60,
"<font size=""1.5"">",၂-ဒုတိယပဏ္ဏာသက,62,
"<font size=""1.5"">",(၆) ဗြာဟ္မဏဝဂ်,62,
"<font size=""1"">",၁-ပဌမ ဒွေ ဗြာဟ္မဏသုတ်,62,
"<font size=""1"">",၂-ဒုတိယ ဒွေဗြာဟ္မဏသုတ်,63,
"<font size=""1"">",၃-အညရတဗြာဟ္မဏသုတ်,64,
"<font size=""1"">",၄-ပရိဗ္ဗာဇကသုတ်,65,
"<font size=""1"">",၅-နိဗ္ဗုတသုတ်,67,
"<font size=""1"">",၆-ပလောကသုတ်,68,
"<font size=""1"">",၇-ဝစ္ဆဂေါတ္တသုတ်,69,
"<font size=""1"">",၈-တိကဏ္ဏသုတ်,71,
"<font size=""1"">",၉-ဇာဏုဿောဏိသုတ်,74,
"<font size=""1"">",၁၀-သင်္ဂါရဝသုတ်,77,
"<font size=""1.5"">",(၇) ၂ မဟာဝဂ်,82,
"<font size=""1"">",၁-တိတ္ထာယတနသုတ်,82,
"<font size=""1"">",၂-ဘယသုတ်,87,
"<font size=""1"">",၃-ဝေနာဂပုရသုတ်,89,
"<font size=""1"">",၄-သရဘသုတ်,93,
"<font size=""1"">",၅ -ကေသမုတ္တိသုတ်,95,
"<font size=""1"">",၆-သာဠှသုတ်,101,
"<font size=""1"">",၇-ကထာဝတ္ထုသုတ်,105,
"<font size=""1"">",၈-အညတိတ္ထိယသုတ်,107,
"<font size=""1"">",၉-အကုသလမူလသုတ်,109,
"<font size=""1"">",၁၀-ဥပေါသထသုတ်,113,
"<font size=""1.5"">",(၈) ၃-အာနန္ဒဝဂ်,122,
"<font size=""1"">",၁-ဆန္နသုတ်,122,
"<font size=""1"">",၂-အာဇီဝကသုတ်,124,
"<font size=""1"">",၃-မဟာနာမသက္ကသုတ်,126,
"<font size=""1"">",၄-နိဂဏ္ဌသုတ်,127,
"<font size=""1"">",၅-နိဝေသကသုတ်,129,
"<font size=""1"">",၆-ပဌမ ဘဝသုတ်,131,
"<font size=""1"">",၇-ဒုတိယ ဘဝသုတ်,132,
"<font size=""1"">",၈-သီလဗ္ဗတသုတ်,133,
"<font size=""1"">",၉-ဂန္ဓဇာတသုတ်,134,
"<font size=""1"">",၁၀-စူဠနိုကာသုတ်,135,
"<font size=""1.5"">",(၉) ၄-သမဏဝဂ်,138,
"<font size=""1"">",၁-သမဏသုတ်,138,
"<font size=""1"">",၂-ဂ ဒြ ဘသုတ်,138,
"<font size=""1"">",၃-ခေတ္တသုတ်,139,
"<font size=""1"">",၄-ဝဇ္ဇိပုတ္တသုတ်,140,
"<font size=""1"">",၅-သေက္ခသုတ်,141,
"<font size=""1"">",၆-ပဌမ သိက္ခာသုတ်,142,
"<font size=""1"">",၇-ဒုတိယ သိက္ခာသုတ်,144,
"<font size=""1"">",၈-တတိယ သိက္ခာသုတ်,146,
"<font size=""1"">",၉-ပဌမ သိက္ခတ္တယသုတ်,148,
"<font size=""1"">",၁၀-ဒုတိယ သိက္ခတ္တယသုတ်,149,
"<font size=""1"">",၁၁-သင်္ကဝါသုတ်,150,
"<font size=""1.5"">",(၁၀) ၅-လောဏကပလ္လဝဂ်,153,
"<font size=""1"">",၁-အစ္စာယိကသုတ်,153,
"<font size=""1"">",၂-ပဝိဝေကသုတ်,154,
"<font size=""1"">",၃-သရဒသုတ်,156,
"<font size=""1"">",၄-ပရိသာသုတ်,156,
"<font size=""1"">",၅-ပဌမ အာဇာနီယသုတ်,158,
"<font size=""1"">",၆-ဒုတိယ အာဇာနီယသုတ်,159,
"<font size=""1"">",၇-တတိယ အာဇာနီယသုတ်,160,
"<font size=""1"">",၈-ပေါတ္ထကသုတ်,161,
"<font size=""1"">",၉-လောဏကပလ္လသုတ်,163,
"<font size=""1"">",၁၀-ပံသုဓောဝကသုတ်,167,
"<font size=""1"">",၁၁-နိမိတ္တသုတ်,170,
"<font size=""1.5"">",၃-တတိယပဏ္ဏာသက,172,
"<font size=""1.5"">",(၁၁) ၁-သမ္ဗောဓဝဂ်,172,
"<font size=""1"">",၁-ပုဗ္ဗေဝသမ္ဗောဓသုတ်,172,
"<font size=""1"">",၂-ပဌမ အဿာဒသုတ်,173,
"<font size=""1"">",၃-ဒုတိယ အဿာဒသုတ်,174,
"<font size=""1"">",၄-သမဏဗြာဟ္မဏသုတ်,175,
"<font size=""1"">",၅-ရုဏ္ဏသုတ်,175,
"<font size=""1"">",၆-အတိတ္တိသုတ်,176,
"<font size=""1"">",၇-အရက္ခိတသုတ်,176,
"<font size=""1"">",၈-ဗျာပန္နသုတ်,178,
"<font size=""1"">",၉-ပဌမ နိဒါနသုတ်,179,
"<font size=""1"">",၁၀-ဒုတိယ နိဒါနသုတ်,180,
"<font size=""1.5"">",(၁၂) ၂-အာပါယိကဝဂ်,182,
"<font size=""1"">",၁-အာပါယိကသုတ်,182,
"<font size=""1"">",၂-ဒုလ္လဘသုတ်,182,
"<font size=""1"">",၃-အပ္ပမေယျသုတ်,183,
"<font size=""1"">",၄-အာနေဉ္ဇသုတ်,184,
"<font size=""1"">",၅-ဝိပတ္တိသမ္ပဒါသုတ်,186,
"<font size=""1"">",၆-အပဏ္ဏကသုတ်,188,
"<font size=""1"">",၇-ကမ္မန္တသုတ်,190,
"<font size=""1"">",၈-ပဌမ သောစေယျသုတ်,191,
"<font size=""1"">",၉-ဒုတိယ သောစေယျသုတ်,191,
"<font size=""1"">",၁၀-မောနေယျသုတ်,193,
"<font size=""1.5"">",(၁၃) ၃-ကုသိနာရဝဂ်,194,
"<font size=""1"">",၁-ကုသိနာရသုတ်,194,
"<font size=""1"">",၂-ဘဏ္ဍနသုတ်,196,
"<font size=""1"">",၃-ဂေါတမကစေတိယသုတ်,197,
"<font size=""1"">",၄-ဘရဏ္ဍုကာလာမသုတ်,198,
"<font size=""1"">",၅-ဟတ္ထကသုတ်,200,
"<font size=""1"">",၆-ကဋုဝိယသုတ်,201,
"<font size=""1"">",၇-ပဌမ အနုရုဒ္ဓသုတ်,202,
"<font size=""1"">",၈-ဒုတိယ အနုရုဒ္ဓသုတ်,203,
"<font size=""1"">",၉-ပဋိ စ္ဆ န္နသုတ်,204,
"<font size=""1"">",၁၀-လေခသုတ်,205,
"<font size=""1.5"">",(၁၄) ၄-ယောဓာဇီဝဝဂ်,206,
"<font size=""1"">",၁-ယောဓာဇီဝသုတ်,206,
"<font size=""1"">",၂-ပရိသာသုတ်,207,
"<font size=""1"">",၃-မိတ္တသုတ်,207,
"<font size=""1"">",၄-ဥပ္ပါဒါသုတ်,208,
"<font size=""1"">",၅-ကေသကမ္ဗလသုတ်,209,
"<font size=""1"">",၆-သမ္ပဒါသုတ်,210,
"<font size=""1"">",၇-ဝုဒ္ဓိသုတ်,210,
"<font size=""1"">",၈-အဿခဠုင်္ကသုတ်,210,
"<font size=""1"">",၉-အဿပရဿသုတ်,212,
"<font size=""1"">",၁၀-အဿာဇာနီယသုတ်,214,
"<font size=""1"">",၁၁-ပဌမ မောရနိဝါပသုတ်,215,
"<font size=""1"">",၁၂-ဒုတိယ မောရနိဝါပသုတ်,215,
"<font size=""1"">",၁၃-တတိယ မောရနိဝါပသုတ်,216,
"<font size=""1.5"">",(၁၅) ၅-မင်္ဂလဝဂ်,217,
"<font size=""1"">",၁-အကုသလသုတ်,217,
"<font size=""1"">",၂-သာဝဇ္ဇသုတ်,217,
"<font size=""1"">",၃-ဝိသမသုတ်,218,
"<font size=""1"">",၄-အသုစိသုတ်,218,
"<font size=""1"">",၅-ပဌမ ခတသုတ်,219,
"<font size=""1"">",၆-ဒုတိယ ခတသုတ်,219,
"<font size=""1"">",၇-တတိယ ခတသုတ်,219,
"<font size=""1"">",၈-စတုတ္ထ ခတသုတ်,220,
"<font size=""1"">",၉-ဝန္ဒနာသုတ်,220,
"<font size=""1"">",၁၀-ပုဗ္ဗဏှသုတ်,221,
"<font size=""1.5"">",(၁၆) ၆-အစေလကဝဂ်,222,
"<font size=""1.5"">",(၁၇) ၇-ကမ္မပထပေယျာလ,225,
"<font size=""1.5"">",(၁၈) ၈-ရာဂပေယျာလ,227,
5,05_anguttara_04,စတုက္ကနိပါတ်,302
"<font size=""2"">",စတုက္ကနိပါတ်,1,
"<font size=""2"">",၁-ပဌမပဏ္ဏာသက,1,
"<font size=""1.5"">",၁-ဘဏ္ဍဂါမဝဂ်,1,
"<font size=""1"">",၁-အနုဗုဒ္ဓသုတ်,1,
"<font size=""1"">",၂-ပပတိတသုတ်,2,
"<font size=""1"">",၃-ပဌမ ခတသုတ်,3,
"<font size=""1"">",၄-ဒုတိယ ခတသုတ်,4,
"<font size=""1"">",၅-အနုသောတသုတ်,5,
"<font size=""1"">",၆-အပ္ပဿုတသုတ်,6,
"<font size=""1"">",၇-သောဘနသုတ်,8,
"<font size=""1"">",၈-ဝေသာရဇ္ဇသုတ်,9,
"<font size=""1"">",၉-တဏှုပ္ပါဒသုတ်,10,
"<font size=""1"">",၁၀-ယောဂသုတ်,11,
"<font size=""1.5"">",၂-စရဝဂ်,14,
"<font size=""1"">",၁-စရသုတ်,14,
"<font size=""1"">",၂-သီလသုတ်,15,
"<font size=""1"">",၃-ပဓာနသုတ်,17,
"<font size=""1"">",၄-သံဝရသုတ်,17,
"<font size=""1"">",၅-ပညတ္တိသုတ်,19,
"<font size=""1"">",၆-သောခုမ္မသုတ်,19,
"<font size=""1"">",၇-ပဌမ အဂတိဂမနသုတ်,21,
"<font size=""1"">",၈-ဒုတိယ အဂတိဂမနသုတ်,22,
"<font size=""1"">",၉-တတိယ အဂတိဂမနသုတ်,22,
"<font size=""1"">",၁၀-ဘတ္တုဒ္ဒေသကသုတ်,23,
"<font size=""1.5"">",၃-ဥရုဝေလဝဂ်,24,
"<font size=""1"">",၁-ပဌမ ဥရုဝေလသုတ်,24,
"<font size=""1"">",၂-ဒုတိယ ဥရုဝေလသုတ်,26,
"<font size=""1"">",၃-လောကသုတ်,27,
"<font size=""1"">",၄-ကာဠကာရာမသုတ်,29,
"<font size=""1"">",၅-ဗြဟ္မစရိယသုတ်,30,
"<font size=""1"">",၆-ကုဟသုတ်,31,
"<font size=""1"">",၇-သန္တုဋ္ဌိသုတ်,31,
"<font size=""1"">",၈-အရိယဝံသသုတ်,32,
"<font size=""1"">",၉-ဓမ္မပဒသုတ်,34,
"<font size=""1"">",၁၀-ပရိဗ္ဗာဇကသုတ်,35,
"<font size=""1.5"">",၄-စက္ကဝဂ်,37,
"<font size=""1"">",၁-စက္ကသုတ်,37,
"<font size=""1"">",၂-သင်္ဂဟသုတ်,38,
"<font size=""1"">",၃-သီဟသုတ်,39,
"<font size=""1"">",၄-အဂ္ဂပသာဒသုတ်,40,
"<font size=""1"">",၅-ဝဿကာရသုတ်,41,
"<font size=""1"">",၆-ဒေါဏသုတ်,43,
"<font size=""1"">",၇-အပရိဟာနိယသုတ်,44,
"<font size=""1"">",၈-ပတိလီနသုတ်,46,
"<font size=""1"">",၉-ဥဇ္ဇယသုတ်,47,
"<font size=""1"">",၁၀-ဥဒါယီသုတ်,48,
"<font size=""1.5"">",၅-ရောဟိတဿဝဂ်,50,
"<font size=""1"">",၁-သမာဓိဘာဝနာသုတ်,50,
"<font size=""1"">",၂-ပဥှဗျာကရဏသုတ်,51,
"<font size=""1"">",၃-ပဌမ ကောဓဂရုသုတ်,52,
"<font size=""1"">",၄-ဒုတိယ ကောဓဂရုသုတ်,53,
"<font size=""1"">",၅-ရောဟိတဿသုတ်,54,
"<font size=""1"">",၆-ဒုတိယ ရောဟိတဿသုတ်,55,
"<font size=""1"">",၇-သုဝိဒူရသုတ်,57,
"<font size=""1"">",၈-ဝိသာခသုတ်,58,
"<font size=""1"">",၉-ဝိပလ္လာသသုတ်,59,
"<font size=""1"">",၁၀-ဥပက္ကိလေသသုတ်,60,
"<font size=""2"">",၂-ဒုတိယပဏ္ဏာသက,62,
"<font size=""1.5"">",(၆) ၁-ပုညာဘိသန္ဒဝဂ်,62,
"<font size=""1"">",၁-ပဌမ ပုညာဘိသန္ဒသုတ်,62,
"<font size=""1"">",၂-ဒုတိယ ပုညာဘိသန္ဒသုတ်,64,
"<font size=""1"">",၃-ပဌမ သံဝါသသုတ်,66,
"<font size=""1"">",၄-ဒုတိယ သံဝါသသုတ်,68,
"<font size=""1"">",၅-ပဌမ သမဇီဝီသုတ်,70,
"<font size=""1"">",၆-ဒုတိယ သမဇီဝီသုတ်,71,
"<font size=""1"">",၇-သုပ္ပဝါသာသုတ်,71,
"<font size=""1"">",၈-သုဒတ္တသုတ်,72,
"<font size=""1"">",၉-ဘောဇနသုတ်,73,
"<font size=""1"">",၁၀-ဂိဟိသာမီစိသုတ်,74,
"<font size=""1.5"">",(၇) ၂ - ပတ္တကမ္မဝဂ်,75,
"<font size=""1"">",၁-ပတ္တကမ္မသုတ်,75,
"<font size=""1"">",၂-အာနဏျသုတ်,79,
"<font size=""1"">",၃-ဗြဟ္မသုတ်,80,
"<font size=""1"">",၄-နိရယသုတ်,81,
"<font size=""1"">",၅-ရူပသုတ်,81,
"<font size=""1"">",၆-သရာဂသုတ်,82,
"<font size=""1"">",၇-အဟိရာဇသုတ်,82,
"<font size=""1"">",၈-ဒေဝဒတ္တသုတ်,84,
"<font size=""1"">",၉-ပဓာနသုတ်,85,
"<font size=""1"">",၁၀-အဓမ္မိကသုတ်,86,
"<font size=""1.5"">",(ဂ) ၃-အပဏ္ဏကဝဂ်,87,
"<font size=""1"">",၁-ပဓာနသုတ်,87,
"<font size=""1"">",၂-သမ္မာဒိဋ္ဌိသုတ်,87,
"<font size=""1"">",၃-သပ္ပုရိသသုတ်,88,
"<font size=""1"">",၄-ပဌမ အဂ္ဂသုတ်,89,
"<font size=""1"">",၅-ဒုတိယ အဂ္ဂသုတ်,90,
"<font size=""1"">",၆-ကုသိနာရသုတ်,90,
"<font size=""1"">",၇-အစိန္တေယျသုတ်,91,
"<font size=""1"">",၈-ဒက္ခိဏသုတ်,92,
"<font size=""1"">",၉-ဝဏိဇ္ဇသုတ်,93,
"<font size=""1"">",၁၀-ကမ္ဗောဇသုတ်,94,
"<font size=""1.5"">",(၉) ၄-မစလဝဂ်,95,
"<font size=""1"">",၁-ပါဏာတိပါတသုတ်,95,
"<font size=""1"">",၂-မုသာဝါဒသုတ်,95,
"<font size=""1"">",၃-အဝဏ္ဏာရဟသုတ်,96,
"<font size=""1"">",၄-ကောဓဂရုသုတ်,97,
"<font size=""1"">",၅-တမောတမသုတ်,98,
"<font size=""1"">",၆-သြဏတောဏတသုတ်,99,
"<font size=""1"">",၇-ပုတ္တသုတ်,100,
"<font size=""1"">",၈-သံယောဇနသုတ်,102,
"<font size=""1"">",၉-သမ္မာဒိဋ္ဌိသုတ်,103,
"<font size=""1"">",၁၀-ခန္ဓသုတ်,104,
"<font size=""1.5"">",(၁၀) ၅-အသုရဝဂ်,105,
"<font size=""1"">",၁-အသုရသုတ်,105,
"<font size=""1"">",၂-ပဌမ သမာဓိသုတ်,106,
"<font size=""1"">",၃-ဒုတိယ သမာဓိသုတ်,106,
"<font size=""1"">",၄-တတိယ သမာဓိသုတ်,107,
"<font size=""1"">",၅-ဆဝါလာတသုတ်,109,
"<font size=""1"">",၆-ရာဂဝိနယသုတ်,110,
"<font size=""1"">",၇-ခိပ္ပနိသနိ ္တသုတ်,111,
"<font size=""1"">",၈-အတ္တဟိတသုတ်,112,
"<font size=""1"">",၉-သိက္ခာပဒသုတ်,113,
"<font size=""1"">",၁၀-ပေါတလိယသုတ်,114,
"<font size=""2"">",၃-တတိယပဏ္ဏာသက,116,
"<font size=""1.5"">",(၁၁) ၁-ဝလာဟကဝဂ်,116,
"<font size=""1"">",၁-ပဌမ ဝလာဟကသုတ်,116,
"<font size=""1"">",၂-ဒုတိယ ဝလာဟကသုတ်,117,
"<font size=""1"">",၃-ကုမ္ဘသုတ်,118,
"<font size=""1"">",၄-ဥဒကရဟဒသုတ်,119,
"<font size=""1"">",၅-အမ္ဗသုတ်,120,
"<font size=""1"">",၆-ဒုတိယ အမ္ဗူပမသုတ်,121,
"<font size=""1"">",၇-မူသိကသုတ်,122,
"<font size=""1"">",၈-ဗလီဗဒ္ဓသုတ်,123,
"<font size=""1"">",၉-ရုက္ခသုတ်,125,
"<font size=""1"">",၁၀-အာသီဝိသသုတ်,126,
"<font size=""1.5"">",(၁၂) ၂-ကေသိဝဂ်,127,
"<font size=""1"">",၁-ကေသိသုတ်,127,
"<font size=""1"">",၂-ဇဝသုတ်,128,
"<font size=""1"">",၃-ပတောဒသုတ်,129,
"<font size=""1"">",၄-နာဂသုတ်,131,
"<font size=""1"">",၅-ဌာနသုတ်,132,
"<font size=""1"">",၆-အပ္ပမာဒသုတ်,134,
"<font size=""1"">",၇-အာရက္ခသုတ်,135,
"<font size=""1"">",၈-သံဝေဇနိယသုတ်,136,
"<font size=""1"">",၉-ပဌမဘယသုတ်,136,
"<font size=""1"">",၁၀-ဒုတိယ ဘယသုတ်,137,
"<font size=""1.5"">",(၁၃) ၃-ဘယဝဂ်,138,
"<font size=""1"">",၁-အတ္တာနုဝါဒသုတ်,138,
"<font size=""1"">",၂-ဦမိဘယသုတ်,140,
"<font size=""1"">",၃-ပဌမ နာနာကရဏသုတ်,142,
"<font size=""1"">",၄-ဒုတိယ နာနာကရဏသုတ်,144,
"<font size=""1"">",၅-ပဌမ မေတ္တာသုတ်,145,
"<font size=""1"">",၆-ဒုတိယ မေတ္တာသုတ်,147,
"<font size=""1"">",၇-ပဌမ တထာဂတအစ္ဆရိယသုတ်,148,
"<font size=""1"">",၈-ဒုတိယ တထာဂတအစ္ဆရိယသုတ်,150,
"<font size=""1"">",၉-အာနန္ဒအစ္ဆရိယသုတ်,151,
"<font size=""1"">",၁၀-စက္ကဝတ္တိအစ္ဆရိယသုတ်,151,
"<font size=""1.5"">",(၁၄) ၄-ပုဂ္ဂလဝဂ်,153,
"<font size=""1"">",၁-သံယောဇနသုတ်,153,
"<font size=""1"">",၂-ပဋိဘာနသုတ်,154,
"<font size=""1"">",၃-ဥဂ္ဃဋိတညူသုတ်,154,
"<font size=""1"">",၄-ဥဋ္ဌာနဖလသုတ်,155,
"<font size=""1"">",၅-သာဝဇ္ဇသုတ်,155,
"<font size=""1"">",၆-ပဌမ သီလသုတ်,156,
"<font size=""1"">",၇-ဒုတိယ သီလသုတ်,156,
"<font size=""1"">",၈-နိကဋ္ဌသုတ်,157,
"<font size=""1"">",၉-ဓမ္မကထိကသုတ်,158,
"<font size=""1"">",၁၀-ဝါဒီသုတ်,159,
"<font size=""1.5"">",(၁၅) ၅-အာဘာဝဂ်,160,
"<font size=""1"">",၁-အာဘာသုတ်,160,
"<font size=""1"">",၂-ပဘာသုတ်,160,
"<font size=""1"">",၃-အာလောကသုတ်,160,
"<font size=""1"">",၄-သြဘာသသုတ်,161,
"<font size=""1"">",၅-ပဇ္ဇောတသုတ်,161,
"<font size=""1"">",၆-ပဌမ ကာလသုတ်,161,
"<font size=""1"">",၇-ဒုတိယ ကာလသုတ်,162,
"<font size=""1"">",၈-ဒုစ္စရိတသုတ်,162,
"<font size=""1"">",၉-သုစရိတသုတ်,163,
"<font size=""1"">",၁၀-သာရသုတ်,163,
"<font size=""2"">",၄-စတုတ္ထပဏ္ဏာသက,164,
"<font size=""1.5"">",(၁၆) ၁-ဣန္ဒြိယဝဂ်,164,
"<font size=""1"">",၁-ဣန္ဒြိယသုတ်,164,
"<font size=""1"">",၂-သဒ္ဓါဗလသုတ်,164,
"<font size=""1"">",၃-ပညာဗလသုတ်,164,
"<font size=""1"">",၄-သတိဗလသုတ်,165,
"<font size=""1"">",၅-ပဋိုသင်္ခါနဗလသုတ်,165,
"<font size=""1"">",၆-ကပ္ပသုတ်,165,
"<font size=""1"">",၇-ရောဂသုတ်,166,
"<font size=""1"">",၈-ပရိဟာနိသုတ်,167,
"<font size=""1"">",၉-ဘိက္ခုနီသုတ်,168,
"<font size=""1"">",၁၀-သုဂတဝိနယသုတ်,170,
"<font size=""1.5"">",(၁၇) ၂-ပဋိပဒါဝဂ်,172,
"<font size=""1"">",၁-သံခိတ္တသုတ်,172,
"<font size=""1"">",၂-ဝိတ္ထာရသုတ်,172,
"<font size=""1"">",၃-အသုဘသုတ်,174,
"<font size=""1"">",၄-ပဌမ ခမသုတ်,176,
"<font size=""1"">",၅-ဒုတိယ ခမသုတ်,177,
"<font size=""1"">",၆-ဥဘယသုတ်,178,
"<font size=""1"">",၇-မဟာမောဂ္ဂလ္လာနသုတ်,179,
"<font size=""1"">",၈-သာရိပုတ္တသုတ်,180,
"<font size=""1"">",၉-သသင်္ခါရသုတ်,181,
"<font size=""1"">",၁၀-ယုဂနန္ဓသုတ်,182,
"<font size=""1.5"">",(၁၈) ၃-သဉ္စေတနိယဝဂ်,184,
"<font size=""1"">",၁-စေတနာသုတ်,184,
"<font size=""1"">",၂-ဝိဘတ္တိသုတ်,187,
"<font size=""1"">",၃-မဟာကောဋ္ဌိကသုတ်,188,
"<font size=""1"">",၄-အာနန္ဒသုတ်,189,
"<font size=""1"">",၅-ဥပဝါဏသုတ်,190,
"<font size=""1"">",၆-အာယာစနသုတ်,191,
"<font size=""1"">",၇-ရာဟုလသုတ်,192,
"<font size=""1"">",၈-ဇမ္ဗာလီသုတ်,193,
"<font size=""1"">",၉-နိဗ္ဗာနသုတ်,195,
"<font size=""1"">",၁၀-မဟာပဒေသသုတ်,196,
"<font size=""1.5"">",(၁၉) ၄-ဗြာဟ္မဏဝဂ်,199,
"<font size=""1"">",၁-ယောဓာဇီဝသုတ်,199,
"<font size=""1"">",၂-ပါဋိဘောဂသုတ်,200,
"<font size=""1"">",၃-သုတသုတ်,201,
"<font size=""1"">",၄-အဘယသုတ်,202,
"<font size=""1"">",၅-သမဏသစ္စာသုတ်,204,
"<font size=""1"">",၆-ဥမ္မဂ္ဂသုတ်,206,
"<font size=""1"">",၇-ဝဿကာရဗြာဟ္မဏသုတ်,208,
"<font size=""1"">",၈-ဥပကသုတ်,210,
"<font size=""1"">",၉-သစ္ဆိကရဏီယသုတ်,212,
"<font size=""1"">",၁၀-ဥပေါသထသုတ်,213,
"<font size=""1.5"">",(၂၀) ၅-မဟာဝဂ်,215,
"<font size=""1"">",၁-သောတာနုဂတသုတ်,215,
"<font size=""1"">",၂-ဌာနသုတ်,217,
"<font size=""1"">",၃-ဘဒ္ဒိယသုတ်,220,
"<font size=""1"">",၄-သာမုဂိယာသုတ်,224,
"<font size=""1"">",၅-ဝပ္ပသုတ်,226,
"<font size=""1"">",၆-သာဠှသုတ်,230,
"<font size=""1"">",၇-မလ္လိကာဒေဝီသုတ်,233,
"<font size=""1"">",၈-အတ္တန္တပသုတ်,236,
"<font size=""1"">",၉-တဏှာသုတ်,241,
"<font size=""1"">",၁၀-ပေမသုတ်,244,
"<font size=""2"">",၅-ပဉ္စမပဏ္ဏာသက,249,
"<font size=""1.5"">",(၂၁) ၁-သပ္ပုရိသဝဂ်,249,
"<font size=""1"">",၁-သိက္ခာပဒသုတ်,249,
"<font size=""1"">",၂-အဿဒ္ဓသုတ်,250,
"<font size=""1"">",၃-သတ္တကမ္မသုတ်,251,
"<font size=""1"">",၄-ဒသကမ္မသုတ်,252,
"<font size=""1"">",၅-အဋ္ဌင်္ဂ ိကသုတ်,253,
"<font size=""1"">",၆-ဒသမဂ္ဂသုတ်,254,
"<font size=""1"">",၇-ပဌမ ပါပဓမ္မသုတ်,255,
"<font size=""1"">",၈-ဒုတိယ ပါပဓမ္မသုတ်,256,
"<font size=""1"">",၉-တတိယ ပါပဓမ္မသုတ်,257,
"<font size=""1"">",၁၀-စတုတ္ထ ပါပဓမ္မသုတ်,258,
"<font size=""1.5"">",(၂၂) ၂-ပရိသာဝဂ်,259,
"<font size=""1"">",၁-ပရိသာသုတ်,259,
"<font size=""1"">",၂-ဒိဋ္ဌိသုတ်,259,
"<font size=""1"">",၃-အကတညုတာသုတ်,260,
"<font size=""1"">",၄-ပါဏာတိပါတီသုတ်,260,
"<font size=""1"">",၅-ပဌမ မဂ္ဂသုတ်,261,
"<font size=""1"">",၆-ဒုတိယ မဂ္ဂသုတ်,261,
"<font size=""1"">",၇-ပဌမ ဝေါဟာရ ပထသုတ်,261,
"<font size=""1"">",၈-ဒုတိယ ဝေါဟာရ ပထသုတ်,262,
"<font size=""1"">",၉-အဟိရိကသုတ်,262,
"<font size=""1"">",၁၀-ဒုဿီလသုတ်,263,
"<font size=""1.5"">",(၂၃) ၃-ဒုစ္စရိတဝဂ်,264,
"<font size=""1"">",၁-ဒုစ္စရိတသုတ်,264,
"<font size=""1"">",၂-ဒိဋ္ဌိသုတ်,264,
"<font size=""1"">",၃-အကတညုတာသုတ်,265,
"<font size=""1"">",၄-ပါဏာတိပါတီသုတ်,265,
"<font size=""1"">",၅-ပဌမ မဂ္ဂသုတ်,265,
"<font size=""1"">",၆-ဒုတိယ မဂ္ဂသုတ်,266,
"<font size=""1"">",၇-ပဌမ ဝေါဟာရ ပထသုတ်,266,
"<font size=""1"">",၈-ဒုတိယ ဝေါဟာရပထသုတ်,266,
"<font size=""1"">",၉-အဟိရိကသုတ်,267,
"<font size=""1"">",၁၀-ဒုပ္ပညသုတ်,267,
"<font size=""1"">",၁၁-ကဝိသုတ်,267,
"<font size=""1.5"">",(၂၄) ၄-ကမ္မဝဂ်,268,
"<font size=""1"">",၁-သံခိတ္တသုတ်,268,
"<font size=""1"">",၂-ဝိတ္ထာရသုတ်,268,
"<font size=""1"">",၃-သောဏကာယနသုတ်,270,
"<font size=""1"">",၄-ပဌမ သိက္ခာပဒသုတ်,272,
"<font size=""1"">",၅-ဒုတိယ သိက္ခာပဒသုတ်,273,
"<font size=""1"">",၆-အရိယမဂ္ဂသုတ်,274,
"<font size=""1"">",၇-ဗောဇ္ဈင်္ဂသုတ်,275,
"<font size=""1"">",၈-သာဝဇ္ဇသုတ်,276,
"<font size=""1"">",၉-အဗျာဗဇ္ဈသုတ်,276,
"<font size=""1"">",၁၀-သမဏသုတ်,277,
"<font size=""1"">",၁၁-သပ္ပုရိသာနိသံသသုတ်,278,
"<font size=""1.5"">",(၂၅) ၅-အာပတ္တိ ဘယဝဂ်,279,
"<font size=""1"">",၁-သံဃဘေဒကသုတ်,279,
"<font size=""1"">",၂-အာပတ္တိဘယသုတ်,280,
"<font size=""1"">",၃-သိက္ခာနိသံသသုတ်,282,
"<font size=""1"">",၄-သေယျာသုတ်,283,
"<font size=""1"">",၅-ထူပါရဟသုတ်,284,
"<font size=""1"">",၆-ပညာဝုဒ္ဓိသုတ်,284,
"<font size=""1"">",၇-ဗဟုကာရသုတ်,285,
"<font size=""1"">",၈-ပဌမ ဝေါဟာရသုတ်,285,
"<font size=""1"">",၉-ဒုတိယ ဝေါဟာရသုတ်,285,
"<font size=""1"">",၁၀-တတိယ ဝေါဟာရသုတ်,286,
"<font size=""1"">",၁၁-စတုတ္ထ ဝေါဟာရသုတ်,286,
"<font size=""1.5"">",(၂၆) ၆-အဘိညာဝဂ်,287,
"<font size=""1"">",၁-အဘိညာသုတ်,287,
"<font size=""1"">",၂-ပရိယေသနသုတ်,288,
"<font size=""1"">",၃-သင်္ဂဟဝတ္ထုသုတ်,288,
"<font size=""1"">",၄-မာလုကျပုတ္တသုတ်,289,
"<font size=""1"">",၅-ကုလသုတ်,290,
"<font size=""1"">",၆-ပဌမ အာဇာနီယသုတ်,291,
"<font size=""1"">",၇-ဒုတိယ အာဇာနီယသုတ်,292,
"<font size=""1"">",၈-ဗလသုတ်,293,
"<font size=""1"">",၉-အရညသုတ်,293,
"<font size=""1"">",၁၀-ကမ္မသုတ်,294,
"<font size=""1.5"">",(၂၇) ၇-ကမ္မပထဝဂ်,295,
"<font size=""1"">",၁-ပါဏာတိပါတီသုတ်,295,
"<font size=""1"">",၂-အဒိန္နာဒါယီသုတ်,295,
"<font size=""1"">",၃-မိစ္ဆာစာရီသုတ်,296,
"<font size=""1"">",၄-မုသာဝါဒီသုတ်,296,
"<font size=""1"">",၅-ပိသုဏဝါစာသုတ်,297,
"<font size=""1"">",၆-ဖရုသဝါစာသုတ်,297,
"<font size=""1"">",၇-သမ ္ဖ ပ္ပလာပသုတ်,298,
"<font size=""1"">",၈-အဘိဇ္ဈာလုသုတ်,298,
"<font size=""1"">",၉-ဗျာပန္နစိတ္တသုတ်,299,
"<font size=""1"">",၁၀-မိစ္ဆာဒိဋ္ဌိသုတ်,299,
"<font size=""1.5"">",(၂၈) ၈-ရာဂပေယျာလ,300,
"<font size=""1"">",၁-သတိပဋ္ဌာနသုတ်,300,
"<font size=""1"">",၂-သမ္မပ္ပဓာနသုတ်,300,
"<font size=""1"">",၃-ဣဒ္ဓိပါဒသုတ်,301,
"<font size=""1"">",၄-၃၀-ပရိညာဒိသုတ်,301,
"<font size=""1"">",၃၁-၅၁၀-ဒေါသအဘိညာဒိသုတ်,302,
5,05_anguttara_05,ပဉ္စကနိပါတ်,345
"<font size=""2"">",ပဉ္စကနိပါတ်,1,
"<font size=""2"">",၁-ပဌမပဏ္ဏာသက,1,
"<font size=""1.5"">",၁-သေခဗလဝဂ်,1,
"<font size=""1"">",၁-သံခိတ္တသုတ်,1,
"<font size=""1"">",၂-ဝိတ္ထတသုတ်,2,
"<font size=""1"">",၃-ဒုက္ခသုတ်,3,
"<font size=""1"">",၄-ယထာဘတသုတ်,4,
"<font size=""1"">",၅-သိက္ခာသုတ်,5,
"<font size=""1"">",၆-သမာပတ္တိသုတ်,6,
"<font size=""1"">",၇-ကာမသုတ်,7,
"<font size=""1"">",၈-စဝနသုတ်,8,
"<font size=""1"">",၉-ပဌမ အဂါရဝသုတ်,9,
"<font size=""1"">",၁၀-ဒုတိယ အဂါရဝသုတ်,10,
"<font size=""1.5"">",၂-ဗလဝဂ်,11,
"<font size=""1"">",၁-အနနုဿုတသုတ်,11,
"<font size=""1"">",၂-ကူဋသုတ်,11,
"<font size=""1"">",၃-သံခိတ္တသုတ်,12,
"<font size=""1"">",၄-ဝိတ္ထတသုတ်,13,
"<font size=""1"">",၅-ဒဋ္ဌဗ္ဗသုတ်,15,
"<font size=""1"">",၆-ပုနကူဋသုတ်,16,
"<font size=""1"">",၇-ပဌမ ဟိတသုတ်,16,
"<font size=""1"">",၈-ဒုတိယ ဟိတသုတ်,17,
"<font size=""1"">",၉-တတိယ ဟိတသုတ်,17,
"<font size=""1"">",၁၀-စတုတ္ထဟိတသုတ်,18,
"<font size=""1.5"">",၃-ပဉ္စင်္ဂ ိကဝဂ်,19,
"<font size=""1"">",၁-ပဌမ အဂါရဝသုတ်,19,
"<font size=""1"">",၂-ဒုတိယ အဂါရဝသုတ်,20,
"<font size=""1"">",၃-ဥပက္ကိလေသသုတ်,21,
"<font size=""1"">",၄-ဒုဿီလသုတ်,24,
"<font size=""1"">",၅-အနုဂ္ဂဟိတသုတ်,25,
"<font size=""1"">",၆-ဝိမုတ္တာယတနသုတ်,26,
"<font size=""1"">",၇-သမာဓိသုတ်,29,
"<font size=""1"">",၈-ပဉ္စင်္ဂ ိကသုတ်,30,
"<font size=""1"">",၉-စင်္ကမသုတ်,34,
"<font size=""1"">",၁၀-နာဂိတသုတ်,35,
"<font size=""1.5"">",၄-သုမနဝဂ်,38,
"<font size=""1"">",၁-သုမနသုတ်,38,
"<font size=""1"">",၂-စုန္ဒီသုတ်,40,
"<font size=""1"">",၃-ဥဂ္ဂဟသုတ်,42,
"<font size=""1"">",၄-သီဟသေနာပတိသုတ်,44,
"<font size=""1"">",၅-ဒါနာနိသံသသုတ်,46,
"<font size=""1"">",၆-ကာလဒါနသုတ်,47,
"<font size=""1"">",၇-ဘောဇနသုတ်,48,
"<font size=""1"">",၈-သဒ္ဓသုတ်,49,
"<font size=""1"">",၉-ပုတ္တသုတ်,50,
"<font size=""1"">",၁၀-မဟာသာလပုတ္တသုတ်,51,
"<font size=""1.5"">",၅-မုဏ္ဍရာဇဝဂ်,52,
"<font size=""1"">",၁-အာဒိယသုတ်,52,
"<font size=""1"">",၂-သပ္ပုရိသသုတ်,54,
"<font size=""1"">",၃-ဣဋ္ဌသုတ်,55,
"<font size=""1"">",၄-မနာပဒါယီသုတ်,57,
"<font size=""1"">",၅-ပုညာဘိသန္ဒသုတ်,59,
"<font size=""1"">",၆-သမ္ပဒါသုတ်,61,
"<font size=""1"">",၇-ဓနသုတ်,61,
"<font size=""1"">",၈-ဌာနသုတ်,63,
"<font size=""1"">",၉-ကောသလသုတ်,65,
"<font size=""1"">",၁၀-နာရဒသုတ်,66,
"<font size=""2"">",၂-ဒုတိယပဏ္ဏာသက,71,
"<font size=""1.5"">",(၆) ၁-နီဝရဏဝဂ်,71,
"<font size=""1"">",၁-အာဝရဏသုတ်,71,
"<font size=""1"">",၂-အကုသလရာသိသုတ်,73,
"<font size=""1"">",၃-ပဓာနိယင်္ဂသုတ်,74,
"<font size=""1"">",၄-သမယသုတ်,75,
"<font size=""1"">",၅-မာတာပုတ္တသုတ်,76,
"<font size=""1"">",၆-ဥပဇ္ဈာယသုတ်,78,
"<font size=""1"">",၇- (အဘိဏှပစ္စဝေက္ခိတဗ္ဗ) ဌာနသုတ်,80,
"<font size=""1"">",၈-လိစ္ဆဝိကုမာရကသုတ်,83,
"<font size=""1"">",၉ - ပဌမ ဝုဍ္ဎပဗ္ဗဇိတသုတ်,86,
"<font size=""1"">",၁၀- ဒုတိယ ဝုဍ္ဎပဗ္ဗဇိတသုတ်,86,
"<font size=""1.5"">",(၇) ၂-သညာဝဂ်,87,
"<font size=""1"">",၁-ပဌမ သညာသုတ်,87,
"<font size=""1"">",၂- ဒုတိယ သညာသုတ်,87,
"<font size=""1"">",၃-ပဌမ ဝဍ္ဎိသုတ်,88,
"<font size=""1"">",၄-ဒုတိယ ဝဍ္ဎိသုတ်,88,
"<font size=""1"">",၅-သာကစ္ဆသုတ်,89,
"<font size=""1"">",၆-သာဇီဝသုတ်,90,
"<font size=""1"">",၇-ပဌမ ဣဒ္ဓိပါဒသုတ်,91,
"<font size=""1"">",၈-ဒုတိယ ဣဒ္ဓိပါဒသုတ်,92,
"<font size=""1"">",၉-နိဗ္ဗိဒါသုတ်,93,
"<font size=""1"">",၁၀-အာသဝက္ခယသုတ်,94,
"<font size=""1.5"">",(ဂ) ၃-ယောဓာဇီဝဝဂ်,95,
"<font size=""1"">",၁-ပဌမစေတောဝိမုတ္တိဖလသုတ်,95,
"<font size=""1"">",၂-ဒုတိယစေတောဝိမုတ္တိဖလသုတ်,96,
"<font size=""1"">",၃-ပဌမ ဓမ္မဝိဟာရီသုတ်,98,
"<font size=""1"">",၄-ဒုတိယ ဓမ္မဝိဟာရီသုတ်,99,
"<font size=""1"">",၅-ပဌမသုတ် ယောဓာဇီဝသုတ်,100,
"<font size=""1"">",၆-ဒုတိယယောဓာဇီဝသုတ်,105,
"<font size=""1"">",၇-ပဌမ အနာဂတဘယသုတ်,111,
"<font size=""1"">",၈-ဒုတိယ အနာဂတဘယသုတ်,113,
"<font size=""1"">",၉-တတိယ အနာဂတဘယသုတ်,116,
"<font size=""1"">",၁၀-စတုတ္ထ အနာဂတဘယသုတ်,119,
"<font size=""1.5"">",(၉) ၄-ထေရဝဂ်,121,
"<font size=""1"">",၁-ရဇနီယသုတ်,121,
"<font size=""1"">",၂-ဝီတရာဂသုတ်,122,
"<font size=""1"">",၃-ကုဟကသုတ်,123,
"<font size=""1"">",၄-အဿဒ္ဓသုတ်,124,
"<font size=""1"">",၅-အက္ခမသုတ်,125,
"<font size=""1"">",၆-ပဋိသမ္ဘိဒါပတ္တသုတ်,126,
"<font size=""1"">",၇-သီလဝန္တသုတ်,127,
"<font size=""1"">",၈-ထေရသုတ်,128,
"<font size=""1"">",၉-ပဌမသေခသုတ်,130,
"<font size=""1"">",၁၀-ဒုတိယ သေက္ခသုတ်,131,
"<font size=""1.5"">",(၁၀) ၅-ကကုဓဝဂ်,133,
"<font size=""1"">",၁-ပဌမ သမ္ပဒါသုတ်,133,
"<font size=""1"">",၂-ဒုတိယ သမ္ပဒါသုတ်,133,
"<font size=""1"">",၃-ဗျာကရဏသုတ်,134,
"<font size=""1"">",၄-ဖာသုဝိဟာရသုတ်,134,
"<font size=""1"">",၅-အကုပ္ပသုတ်,135,
"<font size=""1"">",၆-သုတဓရသုတ်,135,
"<font size=""1"">",၇-ကထာသုတ်,136,
"<font size=""1"">",၈-အာရညကသုတ်,137,
"<font size=""1"">",၉-သီဟသုတ်,138,
"<font size=""1"">",၁၀-ကကုဓထေရသုတ်,139,
"<font size=""2"">",၃-တတိယပဏ္ဏာသက,143,
"<font size=""1.5"">",(၁၁) ၁-ဖာသုဝိဟာရဝဂ်,143,
"<font size=""1"">",၁-သာရဇ္ဇသုတ်,143,
"<font size=""1"">",၂-ဥဿင်္က ိတသုတ်,144,
"<font size=""1"">",၃-မဟာစောရသုတ်,145,
"<font size=""1"">",၄-သမဏ သုခုမာလသုတ်,148,
"<font size=""1"">",၅-ဖာသုဝိဟာရသုတ်,150,
"<font size=""1"">",၆-အာနန္ဒသုတ်,151,
"<font size=""1"">",၇-သီလသုတ်,152,
"<font size=""1"">",၈-အသေခသုတ်,153,
"<font size=""1"">",၉-စာတုဒ္ဒိသသုတ်,154,
"<font size=""1"">",၁၀-အရညသုတ်,155,
"<font size=""1.5"">",(၁၂) ၂-အန္ဓကဝိန္ဒဝဂ်,156,
"<font size=""1"">",၁-ကုလူပကသုတ်,156,
"<font size=""1"">",၂-ပစ္ဆာသမဏသုတ်,157,
"<font size=""1"">",၃-သမ္မာသမာဓိသုတ်,158,
"<font size=""1"">",၄-အန္ဓကဝိန္ဒသုတ်,159,
"<font size=""1"">",၅-မစ္ဆရိနီသုတ်,160,
"<font size=""1"">",၆-ဝဏ္ဏနာသုတ်,161,
"<font size=""1"">",၇-ဣဿုကိနီသုတ်,162,
"<font size=""1"">",၈-မိစ္ဆာဒိဋ္ဌိကသုတ်,163,
"<font size=""1"">",၉-မိစ္ဆာဝါစာသုတ်,164,
"<font size=""1"">",၁၀-မိစ္ဆာဝါယာမသုတ်,165,
"<font size=""1.5"">",(၁၃) ၃-ဂိလာနဝဂ်,166,
"<font size=""1"">",၁-ဂိလာနသုတ်,166,
"<font size=""1"">",၂-သတိသူပဋ္ဌိတသုတ်,167,
"<font size=""1"">",၃-ပဌမ ဥပဋ္ဌာကသုတ်,168,
"<font size=""1"">",၄-ဒုတိယ ဥပဋ္ဌာကသုတ်,169,
"<font size=""1"">",၅-ပဌမ အနာယုဿာသုတ်,170,
"<font size=""1"">",၆-ဒုတိယ အနာယုဿာသုတ်,171,
"<font size=""1"">",၇-ဝပကာသသုတ်,172,
"<font size=""1"">",၈-သမဏသုခသုတ်,173,
"<font size=""1"">",၉-ပရိကုပ္ပသုတ်,174,
"<font size=""1"">",၁၀-ဗျသနသုတ်,175,
"<font size=""1.5"">",(၁၄) ၄-ရာဇဝဂ်,176,
"<font size=""1"">",၁-ပဌမ စက္ကာနုဝတ္တနသုတ်,176,
"<font size=""1"">",၂-ဒုတိယ စက္ကာနုဝတ္တနသုတ်,177,
"<font size=""1"">",၃-ဓမ္မရာဇာသုတ်,178,
"<font size=""1"">",၄-ယဿံဒိသံသုတ်,180,
"<font size=""1"">",၅-ပဌမ ပတ္ထနာသုတ်,181,
"<font size=""1"">",၆-ဒုတိယ ပတ္ထနာသုတ်,184,
"<font size=""1"">",၇-အပ္ပံသုပတိသုတ်,186,
"<font size=""1"">",၈-ဘတ္တာဒကသုတ်,187,
"<font size=""1"">",၉-အက္ခမသုတ်,188,
"<font size=""1"">",၁၀-သောတသုတ်,193,
"<font size=""1.5"">",(၁၅) ၅-တိကဏ္ဍကီဝဂ်,196,
"<font size=""1"">",၁-အဝဇာနာတိသုတ်,196,
"<font size=""1"">",၂-အာရဘတိသုတ်,197,
"<font size=""1"">",၃-သာရန္ဒဒသုတ်,199,
"<font size=""1"">",၄-တိကဏ္ဍကီသုတ်,201,
"<font size=""1"">",၅-နိရယသုတ်,203,
"<font size=""1"">",၆ - မိတ္တသုတ်,204,
"<font size=""1"">",၇-အသပ္ပုရိသဒါနသုတ်,205,
"<font size=""1"">",၈-သပ္ပုရိသဒါနသုတ်,206,
"<font size=""1"">",၉-ပဌမ သမယဝိမုတ္တသုတ်,207,
"<font size=""1"">",၁၀-ဒုတိယ သမယဝိမုတ္တသုတ်,208,
"<font size=""2"">",၄-စတုတ္ထပဏ္ဏာသက,209,
"<font size=""1.5"">",(၁၆) ၁-သဒ္ဓမ္မဝဂ်,209,
"<font size=""1"">",၁-ပဌမ သမ္မတ္တနိယာမသုတ်,209,
"<font size=""1"">",၂-ဒုတိယ သမ္မတ္တနိယာမသုတ်,210,
"<font size=""1"">",၃-တတိယ သမ္မတ္တနိယာမသုတ်,211,
"<font size=""1"">",၄-ပဌမ သဒ္ဓမ္မသမ္မောသသုတ်,212,
"<font size=""1"">",၅-ဒုတိယ သဒ္ဓမ္မသမ္မောသသုတ်,213,
"<font size=""1"">",၆-တတိယ သဒ္ဓမ္မသမ္မောသသုတ်,215,
"<font size=""1"">",၇-ဒုက္ကထာသုတ်,217,
"<font size=""1"">",၈-သာရဇ္ဇသုတ်,221,
"<font size=""1"">",၉-ဥဒါယီသုတ်,222,
"<font size=""1"">",၁၀-ဒုပ္ပဋိဝိနောဒယသုတ်,223,
"<font size=""1.5"">",(၁၇) ၂-အာဃာတဝဂ်,224,
"<font size=""1"">",၁-ပဌမ အာဃာတပဋိဝိနယသုတ်,224,
"<font size=""1"">",၁-ဒုတိယ အာဃာတပဋိဝိနယသုတ်,225,
"<font size=""1"">",၃-သာကစ္ဆသုတ်,228,
"<font size=""1"">",၄-သာဇီဝသုတ်,229,
"<font size=""1"">",၅-ပဥှပုစ္ဆာသုတ်,230,
"<font size=""1"">",၆-နိရောဓသုတ်,231,
"<font size=""1"">",၇-စောဒနာသုတ်,235,
"<font size=""1"">",၈-သီလသုတ်,239,
"<font size=""1"">",၉-ခိပ္ပနိသန္တိသုတ်,240,
"<font size=""1"">",၁၀-ဘဒ္ဒဇိသုတ်,241,
"<font size=""1.5"">",(၁၈) ၃-ဥပါသကဝဂ်,243,
"<font size=""1"">",၁-သာရဇ္ဇသုတ်,243,
"<font size=""1"">",၂-ဝိသာရဒသုတ်,244,
"<font size=""1"">",၃-နိရယသုတ်,245,
"<font size=""1"">",၄-ဝေရသုတ်,246,
"<font size=""1"">",၅-စဏ္ဍာလသုတ်,247,
"<font size=""1"">",၆-ပီတိသုတ်,248,
"<font size=""1"">",၇-ဝဏိဇ္ဇာသုတ်,250,
"<font size=""1"">",၈-ရာဇာသုတ်,250,
"<font size=""1"">",၉-ဂိဟိသုတ်,254,
"<font size=""1"">",၁၀-ဂဝေသီသုတ်,257,
"<font size=""1.5"">",(၁၉) ၄-အရညဝဂ်,261,
"<font size=""1"">",၁-အာရညိကသုတ်,261,
"<font size=""1"">",၂-စီဝရသုတ်,262,
"<font size=""1"">",၃-ရုက္ခမူလိကသုတ်,262,
"<font size=""1"">",၄-သောသာနိကသုတ်,263,
"<font size=""1"">",၅-အဗ္ဘောကာသိကသုတ်,263,
"<font size=""1"">",၆-နေသဇ္ဇိကသုတ်,263,
"<font size=""1"">",၇-ယထာသန္ထတိကသုတ်,263,
"<font size=""1"">",၈-ဧကာသနိကသုတ်,264,
"<font size=""1"">",၉-ခလုပစ္ဆာဘတ္တိကသုတ်,264,
"<font size=""1"">",၁၀-ပတ္တပိဏ္ဍိကသုတ်,264,
"<font size=""1.5"">",(၂၀) ၅-ဗြာဟ္မဏဝဂ်,266,
"<font size=""1"">",၁-သောဏသုတ်,266,
"<font size=""1"">",၂-ဒေါဏဗြာဟ္မဏသုတ်,267,
"<font size=""1"">",၃-သင်္ဂ ါရဝသုတ်,274,
"<font size=""1"">",၄-ကာရဏပါလီသုတ်,278,
"<font size=""1"">",၅-ပိင်္ဂ ိယာနီသုတ်,280,
"<font size=""1"">",၆-မဟာသုပိနသုတ်,282,
"<font size=""1"">",၇-ဝဿသုတ်,284,
"<font size=""1"">",၈-ဝါစာသုတ်,285,
"<font size=""1"">",၉-ကုလသုတ်,285,
"<font size=""1"">",၁၀-နိဿာရဏီယသုတ်,286,
"<font size=""2"">",၅-ပဉ္စမ ပဏ္ဏာသက,288,
"<font size=""1.5"">",(၂၁) ၁-ကိမိလဝဂ်,288,
"<font size=""1"">",၁-ကိမိလသုတ်,288,
"<font size=""1"">",၂-ဓမ္မဿဝနသုတ်,289,
"<font size=""1"">",၃-အဿာဇာနီယသုတ်,289,
"<font size=""1"">",၄-ဗလသုတ်,290,
"<font size=""1"">",၅-စေတောခိလသုတ်,291,
"<font size=""1"">",၆-ဝိနိဗန္ဓသုတ်,291,
"<font size=""1"">",၇-ယာဂုသုတ်,292,
"<font size=""1"">",၈-ဒန္တကဋ္ဌသုတ်,293,
"<font size=""1"">",၉-ဂီတဿရသုတ်,294,
"<font size=""1"">",၁၀-မုဋ္ဌဿတိသုတ်,294,
"<font size=""1.5"">",(၂၂) ၂-အက္ကောသကဝဂ်,295,
"<font size=""1"">",၁-အက္ကောသကသုတ်,295,
"<font size=""1"">",၂-ဘဏ္ဍနကာရကသုတ်,295,
"<font size=""1"">",၃-သီလသုတ်,296,
"<font size=""1"">",၄-ဗဟုဘာဏိသုတ်,297,
"<font size=""1"">",၅-ပဌမ အက္ခန္ထိသုတ်,298,
"<font size=""1"">",၆- ဒုတိယ အက္ခန္ထိသုတ်,299,
"<font size=""1"">",၇-ပဌမ အပါသာဒိကသုတ်,300,
"<font size=""1"">",၈-ဒုတိယ အပါသာဒိကသုတ်,301,
"<font size=""1"">",၉-အဂ္ဂိသုတ်,302,
"<font size=""1"">",၁၀-မဓုရာသုတ်,302,
"<font size=""1.5"">",(၂၃) ၃-ဒီဃစာရိကဝဂ်,303,
"<font size=""1"">",၁-ပဌမ ဒီဃစာရိကသုတ်,303,
"<font size=""1"">",၂-ဒုတိယ ဒီဃစာရိကသုတ်,304,
"<font size=""1"">",၃-အတိနိဝါသသုတ်,305,
"<font size=""1"">",၄-မစ္ဆရီသုတ်,306,
"<font size=""1"">",၅-ပဌမ ကုလူပကသုတ်,307,
"<font size=""1"">",၆-ဒုတိယ ကုလူပကသုတ်,307,
"<font size=""1"">",၇-ဘောဂသုတ်,308,
"<font size=""1"">",၈-ဥဿူရဘတ္တသုတ်,309,
"<font size=""1"">",၉-ပဌမ ကဏှသပ္ပသုတ်,310,
"<font size=""1"">",၁၀-ဒုတိယ ကဏှသပ္ပသုတ်,311,
"<font size=""1.5"">",(၂၄) ၄-အာဝါသိကဝဂ်,312,
"<font size=""1"">",၂-ပိယသုတ်,313,
"<font size=""1"">",၃-သောဘနသုတ်,314,
"<font size=""1"">",၄-ဗဟူပကာရသုတ်,315,
"<font size=""1"">",၅-အနုကမ္ပသုတ်,316,
"<font size=""1"">",၆-ပဌမ အဝဏ္ဏာရဟသုတ်,317,
"<font size=""1"">",၇-ဒုတိယ အဝဏ္ဏာရဟသုတ်,318,
"<font size=""1"">",၈-တတိယ အဝဏ္ဏာရဟသုတ်,319,
"<font size=""1"">",၉-ပဌမ မစ္ဆရိယသုတ်,320,
"<font size=""1"">",၁၀-ဒုတိယ မစ္ဆရိယသုတ်,321,
"<font size=""1.5"">",(၂၅) ၅-ဒုစ္စရိတဝဂ် ၁-ပဌမ ဒုစ္စရိတသုတ်,322,
"<font size=""1"">",၁-ပဌမ ဒုစ္စရိတသုတ်,322,
"<font size=""1"">",၂-ပဌမ ကာယဒုစ္စရိတသုတ်,323,
"<font size=""1"">",၃-ပဌမ ဝစီဒုစ္စရိတသုတ်,323,
"<font size=""1"">",၄-ပဌမ မနောဒုစ္စရိတသုတ်,323,
"<font size=""1"">",၅-ဒုတိယ ဒုစ္စရိတသုတ်,324,
"<font size=""1"">",၆-ဒုတိယ ကာယဒုစ္စရိတသုတ်,324,
"<font size=""1"">",၇-ဒုတိယ ဝစီဒုစ္စရိတသုတ်,325,
"<font size=""1"">",၈-ဒုတိယ မနောဒုစ္စရိတသုတ်,325,
"<font size=""1"">",၉-သိဝထိကသုတ်,326,
"<font size=""1"">",၁၀-ပုဂ္ဂလပ္ပသာဒသုတ်,327,
"<font size=""1.5"">",(၂၆) ၆-ဥပသမ္ပဒါဝဂ်,329,
"<font size=""1"">",၂-နိဿယသုတ်,329,
"<font size=""1"">",၃-သာမဏေရသုတ်,330,
"<font size=""1"">",၄-ပဉ္စ မစ္ဆရိယသုတ်,330,
"<font size=""1"">",၅-မစ္ဆရိယပ္ပဟာနသုတ်,331,
"<font size=""1"">",၆-ပဌမ ဈာနသုတ်,332,
"<font size=""1"">",၇-၁၃-ဒုတိယ ဈာနသုတ်စသည် ခုနစ်သုတ်,333,
"<font size=""1"">",၁၄-အပရပဌမဈာနသုတ်,334,
"<font size=""1"">",၁၅-၂၁-အပရ ဒုတိယ ဈာနသုတ်စသည်,334,
"<font size=""1.5"">",၁-သမ္မုတိပေယျာလ,336,
"<font size=""1"">",၁-ဘတ္တုဒ္ဒေသကသုတ်,336,
"<font size=""1"">",၂-၁၄-သေနာသနပညာပကသုတ်စသည်,337,
"<font size=""1"">",၂-သိက္ခာပဒပေယျာလ ၁-ဘိက္ခုသုတ်,340,
"<font size=""1"">",၂-၇-ဘိက္ခုနီသုတ်စသည်,341,
"<font size=""1"">",၈-အာဇီဝကသုတ်,342,
"<font size=""1"">",၉-၁၇-နိဂဏ္ဌသုတ် စသည်,343,
"<font size=""1"">",၃-ရာဂပေယျာလသုတ်,344,
5,05_anguttara_06,ဆက္ကနိပါတ်,184
"<font size=""2"">",ဆက္ကနိပါတ်,1,
"<font size=""1.5"">",၁-ပဌမပဏ္ဏာသက,1,
"<font size=""1.5"">",၁-အာဟုနေယျဝဂ်,1,
"<font size=""1"">",၁-ပဌမ အာဟုနေယျသုတ်,1,
"<font size=""1"">",၂-ဒုတိယ အာဟုနေယျသုတ်,2,
"<font size=""1"">",၃-ဣန္ဒြိယသုတ်,4,
"<font size=""1"">",၄-ဗလသုတ်,4,
"<font size=""1"">",၅-ပဌမ အာဇာနီယသုတ်,5,
"<font size=""1"">",၆-ဒုတိယ အာဇာနီယသုတ်,6,
"<font size=""1"">",၇-တတိယ အာဇာနီယသုတ်,7,
"<font size=""1"">",၈-အနုတ္တရိယသုတ်,8,
"<font size=""1"">",၉-အနုဿတိဋ္ဌာနသုတ်,9,
"<font size=""1"">",၁၀။ မဟာနာမသုတ်,10,
"<font size=""1.5"">",၂-သာရဏီယဝဂ်,14,
"<font size=""1"">",၁-ပဌမ သာရဏီယသုတ်,14,
"<font size=""1"">",၂-ဒုတိယ သာရဏီယသုတ်,15,
"<font size=""1"">",၃-နိဿာရဏီယသုတ်,16,
"<font size=""1"">",၄-ဘဒ္ဒကသုတ်,19,
"<font size=""1"">",၅-အနုတပ္ပိယသုတ်,20,
"<font size=""1"">",၆-နကုလပိတုသုတ်,21,
"<font size=""1"">",၇-သောပ္ပသုတ်,24,
"<font size=""1"">",၈-မစ္ဆဗန္ဓသုတ်,26,
"<font size=""1"">",၉-ပဌမ မရဏဿတိသုတ်,28,
"<font size=""1"">",၁၀-ဒုတိယ မရဏဿတိသုတ်,31,
"<font size=""1.5"">",၃-အနုတ္တရိယဝဂ်,33,
"<font size=""1"">",၁-သာမကသုတ်,33,
"<font size=""1"">",၂-အပရိဟာနိယသုတ်,35,
"<font size=""1"">",၃-ဘယသုတ်,36,
"<font size=""1"">",၄-ဟိမဝန္တသုတ်,37,
"<font size=""1"">",၅-အနုဿတိဋ္ဌာနသုတ်,37,
"<font size=""1"">",၆-မဟာကစ္စာနသုတ်,40,
"<font size=""1"">",၇-ပဌမ သမယသုတ်,43,
"<font size=""1"">",၈-ဒုတိယ သမယသုတ်,45,
"<font size=""1"">",၉-ဥဒါယီသုတ်,48,
"<font size=""1"">",၁၀-အနုတ္တရိယသုတ်,51,
"<font size=""1.5"">",၄-ဒေဝတာဝဂ်,55,
"<font size=""1"">",၁-သေခသုတ်,55,
"<font size=""1"">",၂-ပဌမ အပရိဟာနသုတ်,56,
"<font size=""1"">",၃-ဒုတိယ အပရိဟာနသုတ်,57,
"<font size=""1"">",၄-မဟာမောဂ္ဂလ္လာနသုတ်,58,
"<font size=""1"">",၅-ဝိဇ္ဇာဘာဂိယသုတ်,60,
"<font size=""1"">",၆-ဝိဝါဒမူလသုတ်,61,
"<font size=""1"">",၇-ဒါန (ဆဠင်္ဂဒါန) သုတ်,62,
"<font size=""1"">",၈-အတ္တကာရီသုတ်,64,
"<font size=""1"">",၉-နိဒါနသုတ်,65,
"<font size=""1"">",၁၀-ကိမိလသုတ်,67,
"<font size=""1"">",၁၁-ဒါရုက္ခန္ဓသုတ်,68,
"<font size=""1"">",၁၂-နာဂိတသုတ်,69,
"<font size=""1.5"">",၅-ဓမ္မိကဝဂ်,72,
"<font size=""1"">",၁-နာဂသုတ်,72,
"<font size=""1"">",၂-မိဂသာလာသုတ်,75,
"<font size=""1"">",၃-ဣဏသုတ်,79,
"<font size=""1"">",၄-မဟာစုန္ဒသုတ်,81,
"<font size=""1"">",၅-ပဌမ သန္ဒိဋ္ဌိကသုတ်,83,
"<font size=""1"">",၆-ဒုတိယ သန္ဒိဋ္ဌိကသုတ်,84,
"<font size=""1"">",၇-ခေမသုတ်,85,
"<font size=""1"">",၈-ဣန္ဒြိယသံဝရသုတ်,87,
"<font size=""1"">",၉-အာနန္ဒာသုတ်,88,
"<font size=""1"">",၁၀-ခတ္တိယသုတ်,89,
"<font size=""1"">",၁၁-အပ္ပမာဒသုတ်,91,
"<font size=""1"">",၁၂-ဓမ္မိကသုတ်,92,
"<font size=""2"">",၂-ဒုတိယပဏ္ဏာသက,99,
"<font size=""1.5"">",၆-မဟာဝဂ်,99,
"<font size=""1"">",၁-သောဏသုတ်,99,
"<font size=""1"">",၂-ဖဂ္ဂုနသုတ်,104,
"<font size=""1"">",၃-ဆဠဘိဇာတိသုတ်,107,
"<font size=""1"">",၄-အာသဝသုတ်,111,
"<font size=""1"">",၅-ဒါရုကမ္မိကသုတ်,114,
"<font size=""1"">",၆-ဟတ္ထိသာရိပုတ္တသုတ်,116,
"<font size=""1"">",၇-မဇ္ဈေသုတ်,120,
"<font size=""1"">",၈-ပုရိသိန္ဒြိယဉာဏသုတ်,123,
"<font size=""1"">",၉-နိဗ္ဗေဓိကသုတ်,129,
"<font size=""1"">",၁၀-သီဟနာဒသုတ်,136,
"<font size=""1"">",၇-ဒေဝတာဝဂ် ၁-အနာဂါမိဖလသုတ်,140,
"<font size=""1"">",၂-အရဟတ္တသုတ်,140,
"<font size=""1"">",၃-မိတ္တသုတ်,141,
"<font size=""1"">",၄-သင်္ဂဏိကာရာမသုတ်,142,
"<font size=""1"">",၅ -ဒေဝတာသုတ်,143,
"<font size=""1"">",၆-သမာဓိသုတ်,145,
"<font size=""1"">",၇-သက္ခိဘဗ္ဗသုတ်,147,
"<font size=""1"">",၈-ဗလသုတ်,148,
"<font size=""1"">",၉-ပဌမ တဇ္ဈာနသုတ်,149,
"<font size=""1"">",၁၀-ဒုတိယ တဇ္ဈာနသုတ်,150,
"<font size=""1"">",၈-အရဟတ္တဝဂ် ၁-ဒုက္ခသုတ်,151,
"<font size=""1"">",၂-အရဟတ္တသုတ်,152,
"<font size=""1"">",၃-ဥတ္တရိမနူဿဓမ္မသုတ်,152,
"<font size=""1"">",၄-သုခသောမနဿသုတ်,153,
"<font size=""1"">",၅-အဓိဂမသုတ်,154,
"<font size=""1"">",၆-မဟန္တတ္တသုတ်,155,
"<font size=""1"">",၇-ပဌမ နိရယသုတ်,155,
"<font size=""1"">",၉-အဂ္ဂဓမ္မသုတ်,157,
"<font size=""1"">",၁၀-ရတ္တိဒိဝသသုတ်,158,
"<font size=""1"">",၉-သီတိဝဂ် ၁-သီတိဘာဝသုတ်,159,
"<font size=""1"">",၂-အာဝရဏသုတ်,159,
"<font size=""1"">",၃-ဝေါရောပိတသုတ်,160,
"<font size=""1"">",၄-သုဿူသတိသုတ်,161,
"<font size=""1"">",၅-အပ္ပဟာယသုတ်,162,
"<font size=""1"">",၆-ပဟီနသုတ်,163,
"<font size=""1"">",၇-အဘဗ္ဗသုတ်,163,
"<font size=""1"">",၈-ပဌမ အဘဗ္ဗဋ္ဌာနသုတ်,164,
"<font size=""1"">",၉-ဒုတိယ အဘဗ္ဗဋ္ဌာနသုတ်,164,
"<font size=""1"">",၁၀-တတိယ အဘဗ္ဗဋ္ဌာနသုတ်,165,
"<font size=""1"">",၁၁-စတုတ္ထ အဘဗ္ဗဋ္ဌာနသုတ်,166,
"<font size=""1"">",၁၀-အာနိသံသဝဂ် ၁-ပါတုဘာဝသုတ်,167,
"<font size=""1"">",၂-အာနိသံသသုတ်,167,
"<font size=""1"">",၃-အနိစ္စသုတ်,168,
"<font size=""1"">",၄-ဒုက္ခသုတ်,168,
"<font size=""1"">",၅-အနတ္တသုတ်,169,
"<font size=""1"">",၆-နိဗ္ဗာနသုတ်,169,
"<font size=""1"">",၇-အနဝတ္ထိတသုတ်,170,
"<font size=""1"">",၈-ဥက္ခိတ္တာသိကသုတ်,170,
"<font size=""1"">",၉-အတမ္မယသုတ်,171,
"<font size=""1"">",၁၀-ဘဝသုတ်,172,
"<font size=""1"">",၁၁-တဏှာသုတ်,173,
"<font size=""1.5"">",၁-တိကဝဂ်,174,
"<font size=""1"">",၁-ရာဂသုတ်,174,
"<font size=""1"">",၂-ဒုစ္စရိတသုတ်,174,
"<font size=""1"">",၃-ဝိတက္ကသုတ်,175,
"<font size=""1"">",၄-သညာသုတ်,176,
"<font size=""1"">",၅-ဓာတုသုတ်,176,
"<font size=""1"">",၆-အဿာဒသုတ်,177,
"<font size=""1"">",၇-အရတိသုတ်,178,
"<font size=""1"">",၈-သန္တုဋ္ဌိတာသုတ်,178,
"<font size=""1"">",၉-ဒေါဝစဿတာသုတ်,179,
"<font size=""1"">",၁၀-ဥဒ္ဓစ္စသုတ်,180,
"<font size=""1.5"">",၁၂-သာမညဝဂ် ,181,
"<font size=""1"">",၁-ကာယာနုပဿီသုတ်,181,
"<font size=""1"">",၂-ဓမ္မာနုပဿီသုတ်,181,
"<font size=""1"">",၃-တပုဿသုတ်,182,
"<font size=""1"">",၄-၂၃-ဘလ္လိကာဒိသုတ်,182,
"<font size=""1"">",၂၄-ရာဂပေယျာလ,183,
5,05_anguttara_07,သတ္တကနိပါတ်,144
"<font size=""2"">",သတ္တကနိပါတ်,1,
"<font size=""2"">",ပဏ္ဏာသက,1,
"<font size=""1.5"">",၁-ဓနဝဂ်,1,
"<font size=""1"">",၁-ပဌမပိယသုတ်,1,
"<font size=""1"">",၂-ဒုတိယ ပိယသုတ်,3,
"<font size=""1"">",၃-သံခိတ္တဗလသုတ်,4,
"<font size=""1"">",၄-ဝိတ္ထတဗလသုတ်,4,
"<font size=""1"">",၅-သံခိတ္တဓနသုတ်,6,
"<font size=""1"">",၆-ဝိတ္ထတဓနသုတ်,7,
"<font size=""1"">",၇-ဥဂ္ဂသုတ်,9,
"<font size=""1"">",၈-သံယောဇနသုတ်,10,
"<font size=""1"">",၉-ပဟာနသုတ်,10,
"<font size=""1"">",၁၀-မစ္ဆရိယသုတ်,11,
"<font size=""1.5"">",၂-အနုသယဝဂ်,12,
"<font size=""1"">",၁-ပဌမ အနုသယသုတ်,12,
"<font size=""1"">",၂-ဒုတိယ အနုသယသုတ်,12,
"<font size=""1"">",၃-ကုလသုတ်,13,
"<font size=""1"">",၄-ပုဂ္ဂလသုတ်,14,
"<font size=""1"">",၅-ဥဒကူပမာသုတ်,15,
"<font size=""1"">",၆-အနိစ္စာနုပဿီသုတ်,17,
"<font size=""1"">",၇-ဒုက္ခာနုပဿီသုတ်,18,
"<font size=""1"">",၈-အနတ္တာနုပဿီသုတ်,19,
"<font size=""1"">",၉-နိဗ္ဗာနသုတ်,19,
"<font size=""1"">",၁၀-နိဒ္ဒသဝတ္ထုသုတ်,20,
"<font size=""1.5"">",၃-ဝဇ္ဇိသတ္တကဝဂ်,21,
"<font size=""1"">",၁-သာရန္ဒဒသုတ်,21,
"<font size=""1"">",၂-ဝဿကာရသုတ်,22,
"<font size=""1"">",၃-ပဌမ သတ္တကသုတ်,26,
"<font size=""1"">",၄-ဒုတိယ သတ္တကသုတ်,27,
"<font size=""1"">",၅-တတိယ သတ္တကသုတ်,28,
"<font size=""1"">",၆-ဗောဇ္ဈင်္ဂသုတ်,29,
"<font size=""1"">",၇-သညာသုတ်,30,
"<font size=""1"">",၈-ပဌမ ပရိဟာနိသုတ်,31,
"<font size=""1"">",၉-ဒုတိယ ပရိဟာနိသုတ်,32,
"<font size=""1"">",၁၀-ဝိပတ္တိသုတ်,33,
"<font size=""1"">",၁၁-ပရာဘဝသုတ်,33,
"<font size=""1.5"">",၄-ဒေဝတာဝဂ်,35,
"<font size=""1"">",၃-အပ္ပမာဒဂါရဝသုတ်,35,
"<font size=""1"">",၂-ဟိရီဂါရဝသုတ်,36,
"<font size=""1"">",၃-ပဌမ သောဝစဿတာသုတ်,36,
"<font size=""1"">",၄-ဒုတိယ သောဝစဿတာသုတ်,37,
"<font size=""1"">",၅-ပဌမ မိတ္တသုတ်,38,
"<font size=""1"">",၆-ဒုတိယ မိတ္တသုတ်,39,
"<font size=""1"">",၇-ပဌမ ပဋိသမ္ဘိဒါသုတ်,40,
"<font size=""1"">",၈-ဒုတိယ ပဋိသမ္ဘိဒါသုတ်,41,
"<font size=""1"">",၉-ပဌမ ဝသသုတ်,42,
"<font size=""1"">",၁၀-ဒုတိယ ဝသသုတ်,42,
"<font size=""1"">",၁၀-ပဌမ နိဒ္ဒသသုတ်,43,
"<font size=""1"">",၁၂-ဒုတိယ နိဒ္ဒသသုတ်,45,
"<font size=""1.5"">",၅-မဟာယညဝဂ်,47,
"<font size=""1"">",၁-သတ္တဝိညာဏဋ္ဌိတိသုတ်,47,
"<font size=""1"">",၂-သမာဓိပရိက္ခာရသုတ်,48,
"<font size=""1"">",၃-ပဌမ အဂ္ဂိသုတ်,48,
"<font size=""1"">",၄-ဒုတိယ အဂ္ဂိသုတ်,49,
"<font size=""1"">",၅-ပဌမ သညာသုတ်,53,
"<font size=""1"">",၆-ဒုတိယသညာသုတ်,53,
"<font size=""1"">",၇-မေထုနသုတ်,60,
"<font size=""1"">",၈-သံယောဂသုတ်,62,
"<font size=""1"">",၉-ဒါနမဟပ္ဖလသုတ်,64,
"<font size=""1"">",၁၀-နန္ဒမာတာသုတ်,67,
"<font size=""1.5"">",၆-အဗျာကတဝဂ်,71,
"<font size=""1"">",၁-အဗျာကတသုတ်,71,
"<font size=""1"">",၂-ပုရိသဂတိသုတ်,73,
"<font size=""1"">",၃-တိဿဗြဟ္မာသုတ်,77,
"<font size=""1"">",၄-သီဟသေနာပတိသုတ်,81,
"<font size=""1"">",၅-အရက္ခေယျသုတ်,84,
"<font size=""1"">",၆-ကိမိလသုတ်,86,
"<font size=""1"">",၇-သတ္တဓမ္မသုတ်,87,
"<font size=""1"">",၈-ပစလာယမာနသုတ်,87,
"<font size=""1"">",၉-မေတ္တသုတ်,90,
"<font size=""1"">",၁၀-ဘရိယာသုတ်,91,
"<font size=""1"">",၁၁-ကောဓနသုတ်,93,
"<font size=""1.5"">",၇-မဟာဝဂ်,97,
"<font size=""1"">",၁-ဟိရီသြတ္တပ္ပသုတ်,97,
"<font size=""1"">",၂-သတ္တသူရိယသုတ်,98,
"<font size=""1"">",၃-နဂရောပမသုတ်,102,
"<font size=""1"">",၄-ဓမ္မညူသုတ်,107,
"<font size=""1"">",၅-ပါရိဆတ္တကသုတ်,110,
"<font size=""1"">",၆-သက္ကစ္စသုတ်,112,
"<font size=""1"">",၇-ဘာဝနာသုတ်,116,
"<font size=""1"">",၈-အဂ္ဂိက္ခန္ဓောပမသုတ်,119,
"<font size=""1"">",၉-သုနေတ္တသုတ်,126,
"<font size=""1"">",၁၀-အရကသုတ်,127,
"<font size=""1.5"">",၈-ဝိနယဝဂ်,130,
"<font size=""1"">",၁-ပဌမ ဝိနယဓရသုတ်,130,
"<font size=""1"">",၂-ဒုတိယ ဝိနယဓရသုတ်,130,
"<font size=""1"">",၃-တတိယ ဝိနယဓရသုတ်,131,
"<font size=""1"">",၄-စတုတ္ထ ဝိနယဓရသုတ်,131,
"<font size=""1"">",၅-ပဌမ ဝိနယဓရသောဘနသုတ်,132,
"<font size=""1"">",၆-ဒုတိယ ဝိနယဓရသောဘနသုတ်,132,
"<font size=""1"">",၇-တတိယ ဝိနယဓရသောဘနသုတ်,133,
"<font size=""1"">",၈- စတုတ္ထ ဝိနယဓရသောဘနသုတ်,133,
"<font size=""1"">",၉-သတ္ထုသာသနသုတ်,134,
"<font size=""1"">",၁၀-အဓိကရဏသမထသုတ်,135,
"<font size=""1.5"">",၉-သမဏဝဂ်,136,
"<font size=""1"">",၁-ဘိက္ခုသုတ်,136,
"<font size=""1"">",၂-သမဏသုတ်,136,
"<font size=""1"">",၃-ဗြာဟ္မဏသုတ်,136,
"<font size=""1"">",၄-သောတ္တိယသုတ်,137,
"<font size=""1"">",၅-နှာတကသုတ်,137,
"<font size=""1"">",၆-ဝေဒဂူသုတ်,137,
"<font size=""1"">",၇-အရိယသုတ်,137,
"<font size=""1"">",၈-အရဟာသုတ်,138,
"<font size=""1"">",၉-အသဒ္ဓမ္မသုတ်,138,
"<font size=""1"">",၁၀-သဒ္ဓမ္မသုတ်,139,
"<font size=""1.5"">",၁၀-အာဟုနေယျဝဂ်,140,
"<font size=""1.5"">",၁၁-ရာဂပေယျာလ,143,
5,05_anguttara_08,အဋ္ဌကနိပါတ်,153
"<font size=""2"">",အဋ္ဌကနိပါတ်,1,
"<font size=""1.5"">",၁-ပဌမပဏ္ဏာသက,1,
"<font size=""1.5"">",၁-မေတ္တာဝဂ်,1,
"<font size=""1"">",၁-မေတ္တာသုတ်,1,
"<font size=""1"">",၂-ပညာသုတ်,2,
"<font size=""1"">",၃-ပဌမ အပ္ပိယသုတ်,5,
"<font size=""1"">",၄-ဒုတိယ အပ္ပိယသုတ်,6,
"<font size=""1"">",၅-ပဌမ လောက ဓမ္မသုတ်,7,
"<font size=""1"">",၆-ဒုတိယ လောကဓမ္မသုတ်,7,
"<font size=""1"">",၇-ဒေဝဒတ္တဝိပတ္တိသုတ်,9,
"<font size=""1"">",၈-ဥတ္တရဝိပတ္တိသုတ်,11,
"<font size=""1"">",၉-နန္ဒသုတ်,14,
"<font size=""1"">",၁၀-ကာရဏ္ဍဝသုတ်,15,
"<font size=""1.5"">",၂-မဟာဝဂ်,18,
"<font size=""1"">",၁-ဝေရဉ္ဇသုတ်,18,
"<font size=""1"">",၂-သီဟသုတ်,23,
"<font size=""1"">",၃-အဿာဇာနီယသုတ်,30,
"<font size=""1"">",၄-အဿခဠုင်္ကသုတ်,31,
"<font size=""1"">",၅-မလသုတ်,34,
"<font size=""1"">",၆-ဒူတေယျသုတ်,35,
"<font size=""1"">",၇-ပဌမ ဗန္ဓနသုတ်,35,
"<font size=""1"">",၈-ဒုတိယ ဗန္ဓနသုတ်,36,
"<font size=""1"">",၉-ပဟာရာဒသုတ်,36,
"<font size=""1"">",၁၀-ဥပေါသထသုတ်,40,
"<font size=""1.5"">",၃-ဂဟပတိဝဂ်,43,
"<font size=""1"">",၁-ပဌမ ဥဂ္ဂသုတ်,43,
"<font size=""1"">",၂ - ဒုတိယ ဥဂ္ဂသုတ်,45,
"<font size=""1"">",၃ - ပဌမ ဟတ္ထကသုတ်,48,
"<font size=""1"">",၄ - ဒုတိယ ဟတ္ထကသုတ်,49,
"<font size=""1"">",၅ - မဟာနာမသုတ်,50,
"<font size=""1"">",၆ - ဇီဝကသုတ်,52,
"<font size=""1"">",၇ - ပဌမ ဗလသုတ်,53,
"<font size=""1"">",၈ - ဒုတိယဗလသုတ်,54,
"<font size=""1"">",၉ - အက္ခဏသုတ်,55,
"<font size=""1"">",၁၀ - အနုရုဒ္ဓမဟာဝိတက္ကသုတ်,58,
"<font size=""1.5"">",၄-ဒါနဝဂ်,64,
"<font size=""1"">",၁-ပဌမဒါနသုတ်,64,
"<font size=""1"">",၂-ဒုတိယဒါနသုတ်,64,
"<font size=""1"">",၃-ဒါနဝတ္ထုသုတ်,64,
"<font size=""1"">",၄-ခေတ္တသုတ်,65,
"<font size=""1"">",၅-ဒါနူပပတ္တိသုတ်,66,
"<font size=""1"">",၆-ပုညကိရိယဝတ္ထုသုတ်,68,
"<font size=""1"">",၇-သပ္ပုရိသဒါနသုတ်,69,
"<font size=""1"">",၈-သပ္ပုရိသသုတ်,70,
"<font size=""1"">",၉-အဘိသန္ဒသုတ်,71,
"<font size=""1"">",၁၀-ဒုစ္စရိတဝိပါကသုတ်,73,
"<font size=""1.5"">",၅-ဥပေါသထဝဂ်,74,
"<font size=""1"">",၁-သံခိတ္တူပေါသထသုတ်,74,
"<font size=""1"">",၂-ဝိတ္ထတူပေါသထသုတ်,76,
"<font size=""1"">",၃-ဝိသာခါသုတ်,78,
"<font size=""1"">",၄-ဝါသေဋ္ဌသုတ်,80,
"<font size=""1"">",၅-ဗောဇ္ဈသုတ်,81,
"<font size=""1"">",၆-အနုရုဒ္ဓသုတ်,83,
"<font size=""1"">",၇-ဒုတိယ ဝိသာခါသုတ်,86,
"<font size=""1"">",၈-နကုလမာတာသုတ်,87,
"<font size=""1"">",၉-ပဌမ ဣဓလောကိကသုတ်,88,
"<font size=""1"">",၁၀-ဒုတိယ ဣဓလောကိကသုတ်,90,
"<font size=""2"">",၂-ဒုတိယ ပဏ္ဏာသက,92,
"<font size=""1.5"">",(၆) ၁-ဂေါတမီဝဂ်,92,
"<font size=""1"">",၁-ဂေါတမီသုတ်,92,
"<font size=""1"">",၂-သြဝါဒသုတ်,96,
"<font size=""1"">",၃-သံခိတ္တသုတ်,97,
"<font size=""1"">",၄-ဒီဃဇာဏုသုတ်,98,
"<font size=""1"">",၅-ဥဇ္ဇယသုတ်,101,
"<font size=""1"">",၆ - ဘယသုတ်,104,
"<font size=""1"">",၇ - ပဌမ အာဟုနေယျသုတ်,105,
"<font size=""1"">",၈ - ဒုတိယ အာဟုနေယျသုတ်,106,
"<font size=""1"">",၉ - ပဌမ ပုဂ္ဂလသုတ်,107,
"<font size=""1"">",၁၀ - ဒုတိယ ပုဂ္ဂလသုတ်,107,
"<font size=""1.5"">",(၇) ၂ - ဘူမိစာလဝဂ်,108,
"<font size=""1"">",၁- ဣ စ္ဆာသုတ်,108,
"<font size=""1"">",၂ - အလံသုတ်,109,
"<font size=""1"">",၃ - သံခိတ္တသုတ်,112,
"<font size=""1"">",၄ - ဂယာသီသသုတ်,114,
"<font size=""1"">",၅ - အဘိဘာယတနသုတ်,116,
"<font size=""1"">",၆ - ဝိမောက္ခသုတ်,117,
"<font size=""1"">",၇ - အနရိယဝေါဟာရသုတ်,118,
"<font size=""1"">",၈ - အရိယဝေါဟာရသုတ်,118,
"<font size=""1"">",၉ - ပရိသာသုတ်,118,
"<font size=""1"">",၁၀-ဘူမိစာလသုတ်,119,
"<font size=""1.5"">",(ဂ) ၃-ယမကဝဂ်,124,
"<font size=""1"">",၁-ပဌမ သဒ္ဓါသုတ်,124,
"<font size=""1"">",၂-ဒုတိယ သဒ္ဓါသုတ်,125,
"<font size=""1"">",၃-ပဌမ မရဏဿတိသုတ်,126,
"<font size=""1"">",၄-ဒုတိယ မရဏဿတိသုတ်,129,
"<font size=""1"">",၅-ပဌမ သမ္ပဒါသုတ်,131,
"<font size=""1"">",၆-ဒုတိယ သမ္ပဒါသုတ်,131,
"<font size=""1"">",၇-ဣစ္ဆာသုတ်,133,
"<font size=""1"">",၈-အလံသုတ်,135,
"<font size=""1"">",၉-ပရိဟာနသုတ်,137,
"<font size=""1"">",၁၀-ကုသီတာရ မ္ဘဝတ္ထုသုတ်,138,
"<font size=""1.5"">",(၉) ၄-သတိဝဂ်,141,
"<font size=""1"">",၁-သမ္ပဇညသုတ်,141,
"<font size=""1"">",၂-ပုဏ္ဏိယသုတ်,142,
"<font size=""1"">",၃-မူလကသုတ်,142,
"<font size=""1"">",၄-စောရသုတ်,144,
"<font size=""1"">",၅-သမဏသုတ်,144,
"<font size=""1"">",၆-ယသသုတ်,145,
"<font size=""1"">",၇-ပတ္တနိကုဇ္ဇနသုတ်,148,
"<font size=""1"">",၈-အပ္ပသာဒပဝေဒနီယသုတ်,149,
"<font size=""1"">",၉ - ပဋိသာရဏီယသုတ်,149,
"<font size=""1"">",၁၀ - သမ္မာဝတ္တနသုတ်,150,
"<font size=""1.5"">",(၁၀) ၅ - သာမညဝဂ်,151,
"<font size=""1.5"">",၁၁- ရာဂပေယျာလ,152,
5,05_anguttara_09,နဝကနိပါတ်,97
"<font size=""2"">",နဝကနိပါတ်,1,
"<font size=""2"">",၁- ပဌမပဏ္ဏာသက,1,
"<font size=""1.5"">",၁- သမ္ဗောဓိဝဂ်,1,
"<font size=""1"">",၁- သမ္ဗောဓိသုတ်,1,
"<font size=""1"">",၂ - နိဿယသုတ်,3,
"<font size=""1"">",၃ - မေဃိယသုတ်,4,
"<font size=""1"">",၄ - နန္ဒကသုတ်,7,
"<font size=""1"">",၅ - ဗလသုတ်,10,
"<font size=""1"">",၆-သေဝနာသုတ်,12,
"<font size=""1"">",၇-သုတဝါသုတ်,14,
"<font size=""1"">",၈-သဇ္ဈသုတ်,15,
"<font size=""1"">",၉-ပုဂ္ဂလသုတ်,16,
"<font size=""1"">",၁၀-အာဟုနေယျသုတ်,17,
"<font size=""1.5"">",၂-သီဟနာဒဝဂ်,18,
"<font size=""1"">",၁-သီဟနာဒသုတ်,18,
"<font size=""1"">",၂-သဥပါဒိသေသသုတ်,21,
"<font size=""1"">",၃-ကောဋ္ဌိကသုတ်,24,
"<font size=""1"">",၄-သမိဒ္ဓိသုတ်,26,
"<font size=""1"">",၅-ဂဏ္ဍသုတ်,27,
"<font size=""1"">",၆-သညာသုတ်,28,
"<font size=""1"">",၇-ကုလသုတ်,29,
"<font size=""1"">",၈-နဝင်္ဂုပေါသထသုတ်,30,
"<font size=""1"">",၉-ဒေဝတာသုတ်,31,
"<font size=""1"">",၁၀-ဝေလာမသုတ်,32,
"<font size=""1.5"">",၃-သတ္တာဝါသဝဂ်,35,
"<font size=""1"">",၁-တိဌာနသုတ်,35,
"<font size=""1"">",၂-အဿခဠုင်္ကသုတ်,36,
"<font size=""1"">",၃-တဏှာမူလကသုတ်,39,
"<font size=""1"">",၄-သတ္တာဝါသသုတ်,40,
"<font size=""1"">",၅-ပညာသုတ်,41,
"<font size=""1"">",၆-သိလာယူပသုတ်,42,
"<font size=""1"">",၇-ပဌမ ဝေရသုတ်,44,
"<font size=""1"">",၈-ဒုတိယ ဝေရသုတ်,46,
"<font size=""1"">",၉-အာဃာတဝတ္ထုသုတ်,47,
"<font size=""1"">",၁၀-အာဃာတပဋိဝိနယသုတ်,47,
"<font size=""1"">",၁၁-အနုပုဗ္ဗနိရောဓသုတ်,48,
"<font size=""1.5"">",၄-မဟာဝဂ်,49,
"<font size=""1"">",၁-အနုပုဗ္ဗဝိဟာရသုတ်,49,
"<font size=""1"">",၂-အနုပုဗ္ဗဝိဟာရသမာပတ္တိသုတ်,49,
"<font size=""1"">",၃-နိဗ္ဗာနသုခသုတ်,52,
"<font size=""1"">",၄-ဂါဝီဥပမာသုတ်,55,
"<font size=""1"">",၅-ဈာနသုတ်,58,
"<font size=""1"">",၆-အာနန္ဒသုတ်,62,
"<font size=""1"">",၇-လောကာယတိကသုတ်,63,
"<font size=""1"">",၈-ဒေဝါသုရသင်္ဂါမသုတ်,66,
"<font size=""1"">",၉-နာဂသုတ်,68,
"<font size=""1"">",၁၀-တပုဿသုတ်,70,
"<font size=""1.5"">",၅-သာမညဝဂ်,77,
"<font size=""1"">",၁-သမ္ဗာဓသုတ်,77,
"<font size=""1"">",၂-ကာယသက္ခိသုတ်,79,
"<font size=""1"">",၃-ပညာဝိမုတ္တသုတ်,80,
"<font size=""1"">",၄-ဥဘတောဘာဂဝိမုတ္တသုတ်,80,
"<font size=""1"">",၅-သန္ဒိဋ္ဌိကဓမ္မသုတ်,81,
"<font size=""1"">",၆-သန္ဒိဋ္ဌိကနိဗ္ဗာနသုတ်,81,
"<font size=""1"">",၇-နိဗ္ဗာနသုတ်,82,
"<font size=""1"">",၈-ပရိနိဗ္ဗာနသုတ်,82,
"<font size=""1"">",၉-တဒင်္ဂနိဗ္ဗာနသုတ်,82,
"<font size=""1"">",၁၀-ဒိဋ္ဌဓမ္မာနိဗ္ဗာနသုတ်,83,
"<font size=""2"">",၂-ဒုတိယ ပဏ္ဏာသက,84,
"<font size=""1.5"">",(၆) ၁-ခေမဝဂ်,84,
"<font size=""1"">",၁-ခေမသုတ်,84,
"<font size=""1"">",၂-ခေမပ္ပတ္တသုတ်,84,
"<font size=""1"">",၃-အမတသုတ်,84,
"<font size=""1"">",၄-အမတပ္ပတ္တသုတ်,85,
"<font size=""1"">",၅-အဘယသုတ်,85,
"<font size=""1"">",၆-အဘယပ္ပတ္တသုတ်,85,
"<font size=""1"">",၇-ပဿဒ္ဓိသုတ်,85,
"<font size=""1"">",၈-အနုပုဗ္ဗပဿဒ္ဓိသုတ်,85,
"<font size=""1"">",၉-နိရောဓသုတ်,86,
"<font size=""1"">",၁၀-အနုပုဗ္ဗနိရောဓသုတ်,86,
"<font size=""1"">",၁၁-အဘဗ္ဗသုတ်,87,
"<font size=""1.5"">",(၇) ၂-သတိပဋ္ဌာနဝဂ်,88,
"<font size=""1"">",၁-သိက္ခဒုဗ္ဗလျသုတ်,88,
"<font size=""1"">",၂-နီဝရဏသုတ်,89,
"<font size=""1"">",၃-ကာမဂုဏသုတ်,89,
"<font size=""1"">",၄-ဥပါဒါနက္ခန္ဓသုတ်,90,
"<font size=""1"">",၅-သြရမ္ဘာဂိယသုတ်,90,
"<font size=""1"">",၆-ဂတိသုတ်,91,
"<font size=""1"">",၇-မစ္ဆရိယသုတ်,91,
"<font size=""1"">",၈-ဥဒ္ဓံဘာဂိယသုတ်,92,
"<font size=""1"">",၉-စေတောခီလသုတ်,92,
"<font size=""1"">",၁၀-စေတသောဝိနိဗနိံသုတ်,93,
"<font size=""1.5"">",(ဂ) ၃-သမ္မပ္ပဓာနဝဂ်,94,
"<font size=""1"">",၁-သိက္ခာသုတ်,94,
"<font size=""1"">",၁၀-စေတသောဝိနိဗန္ဓသုတ်,95,
"<font size=""1.5"">",(၉) ၄-ဣဒ္ဓိပါဒဝဂ်,96,
"<font size=""1"">",၁-သိက္ခာသုတ်,96,
"<font size=""1"">",၁၀-စေတသောဝိနိဗန္ဓသုတ်,96,
"<font size=""1"">",(၁၀) ၅-ရာဂပေယျာလ,97,
5,05_anguttara_10,ဒသကနိပါတ်,242
"<font size=""2"">",ဒသကနိပါတ်,1,
"<font size=""2"">",၁-ပဌမ ပဏ္ဏာသက,1,
"<font size=""1.5"">",၁-အာနိသံသဝဂ် ၁-ကိမတ္ထိယသုတ်,1,
"<font size=""1"">",၂-စေတနာကရဏီယသုတ်,2,
"<font size=""1"">",၃-ပဌမ ဥပနိသသုတ်,3,
"<font size=""1"">",၄-ဒုတိယ ဥပနိသသုတ်,5,
"<font size=""1"">",၅-တတိယ ဥပနိသသုတ်,6,
"<font size=""1"">",၆-သမာဓိသုတ်,7,
"<font size=""1"">",၇-သာရိပုတ္တသုတ်,8,
"<font size=""1"">",၈-ဈာနသုတ်,9,
"<font size=""1"">",၉-သန္တဝိမောက္ခသုတ်,10,
"<font size=""1"">",၁၀-ဝိဇ္ဇာသုတ်,11,
"<font size=""1.5"">",၂-နာထဝဂ်,13,
"<font size=""1"">",၁-သေနာသနသုတ်,13,
"<font size=""1"">",၂-ပဉ္စင်္ဂသုတ်,14,
"<font size=""1"">",၃-သံယောဇနသုတ်,14,
"<font size=""1"">",၄-စေတောခီလသုတ်,15,
"<font size=""1"">",၅ - အပ္ပမာဒသုတ်,18,
"<font size=""1"">",၆ - အာဟုနေယျသုတ်,19,
"<font size=""1"">",၇ - ပဌမ နာထသုတ်,20,
"<font size=""1"">",၈ - ဒုတိယ နာထသုတ်,22,
"<font size=""1"">",၉ - ပဌမ အရိယာဝါသသုတ်,25,
"<font size=""1"">",၁၀ - ဒုတိယ အရိယာဝါသသုတ်,25,
"<font size=""1.5"">",၃ - မဟာဝဂ်,28,
"<font size=""1"">",၁- သီဟနာဒသုတ်,28,
"<font size=""1"">",၂ - အဓိဝုတ္တိပဒသုတ်,31,
"<font size=""1"">",၃ - ကာယသုတ်,32,
"<font size=""1"">",၄ - မဟာစုန္ဒသုတ်,34,
"<font size=""1"">",၅ - ကသိဏသုတ်,37,
"<font size=""1"">",၆ - ကာဠီသုတ်,37,
"<font size=""1"">",၇ - ပဌမ မဟာပဥှာသုတ်,38,
"<font size=""1"">",၈ - ဒုတိယ မဟာပဥှာသုတ်,42,
"<font size=""1"">",၉ - ပဌမ ကောသလသုတ်,44,
"<font size=""1"">",၁၀-ဒုတိယ ကောသလသုတ်,49,
"<font size=""1.5"">",၄-ဥပါလိဝဂ်,53,
"<font size=""1"">",၁-ဥပါလိသုတ်,53,
"<font size=""1"">",၂-ပါတိမောက္ခဋ္ဌပနာသုတ်,53,
"<font size=""1"">",၃-ဥဗ္ဗာဟိကာသုတ်,54,
"<font size=""1"">",၄-ဥပသမ္ပဒါသုတ်,55,
"<font size=""1"">",၅-နိဿယသုတ်,56,
"<font size=""1"">",၆-သာမဏေရသုတ်,56,
"<font size=""1"">",၇-သံဃဘေဒသုတ်,57,
"<font size=""1"">",၈-သံဃသာမဂ္ဂီသုတ်,57,
"<font size=""1"">",၉-ပဌမအာနန္ဒသုတ်,58,
"<font size=""1"">",၁၀-ဒုတိယအာနန္ဒသုတ်,59,
"<font size=""1.5"">",၅-အက္ကောသဝဂ်,60,
"<font size=""1"">",၁-ဝိဝါဒသုတ်,60,
"<font size=""1"">",၂-ပဌမ ဝိဝါဒမူလသုတ်,60,
"<font size=""1"">",၃-ဒုတိယ ဝိဝါဒမူလသုတ်,61,
"<font size=""1"">",၄-ကုသိနာရသုတ်,61,
"<font size=""1"">",၅-ရာဇန္တေပုရပ္ပဝေသနသုတ်,63,
"<font size=""1"">",၆-သက္ကသုတ်,64,
"<font size=""1"">",၇-မဟာလိသုတ်,66,
"<font size=""1"">",၈-ပဗ္ဗဇိတအဘိဏှသုတ်,67,
"<font size=""1"">",၉-သရီရဋ္ဌဓမ္မသုတ်,68,
"<font size=""1"">",၁၀-ဘဏ္ဍနသုတ်,68,
"<font size=""2"">",၂-ဒုတိယ ပဏ္ဏာသက,71,
"<font size=""1.5"">",(၆) ၁-သစိတ္တဝဂ်,71,
"<font size=""1"">",၁-သစိတ္တသုတ်,71,
"<font size=""1"">",၂-သာရိပုတ္တသုတ်,72,
"<font size=""1"">",၃-ဌိတိသုတ်,73,
"<font size=""1"">",၄-သမထသုတ်,75,
"<font size=""1"">",၅-ပရိဟာနသုတ်,77,
"<font size=""1"">",၆-ပဌမ သညာသုတ်,79,
"<font size=""1"">",၇-ဒုတိယ သညာသုတ်,80,
"<font size=""1"">",၈-မူလကသုတ်,80,
"<font size=""1"">",၉-ပဗ္ဗဇ္ဇာသုတ်,81,
"<font size=""1"">",၁၀-ဂိရိမာနန္ဒသုတ်,82,
"<font size=""1.5"">",(၇) ၂-ယမကဝဂ်,86,
"<font size=""1"">",၁-အဝိဇ္ဇာသုတ်,86,
"<font size=""1"">",၂-တဏှာသုတ်,88,
"<font size=""1"">",၃-နိဋ္ဌင်္ဂတသုတ်,90,
"<font size=""1"">",၄-အဝေစ္စပ္ပသန္နသုတ်,91,
"<font size=""1"">",၅-ပဌမ သုခသုတ်,91,
"<font size=""1"">",၆-ဒုတိယ သုခသုတ်,92,
"<font size=""1"">",၇-ပဌမ နဠကပါနသုတ်,92,
"<font size=""1"">",၈-ဒုတိယ နဠကပါနသုတ်,95,
"<font size=""1"">",၉-ပဌမ ကထာဝတ္ထုသုတ်,96,
"<font size=""1"">",၁၀။ ဒုတိယ ကထာဝတ္ထုသုတ်,98,
"<font size=""1.5"">",(ဂ) ၃-အာကင်္ခဝဂ်,100,
"<font size=""1"">",၁-အာကင်္ခသုတ်,100,
"<font size=""1"">",၂-ကဏ္ဋကသုတ်,101,
"<font size=""1"">",၃-ဣဋ္ဌဓမ္မသုတ်,103,
"<font size=""1"">",၄-ဝဍ္ဎိသုတ်,104,
"<font size=""1"">",၅-မိဂသာလာသုတ်,104,
"<font size=""1"">",၆-တယောဓမ္မသုတ်,109,
"<font size=""1"">",၇-ကာကသုတ်,112,
"<font size=""1"">",၈-နိဂဏ္ဌသုတ်,112,
"<font size=""1"">",၉-အာဃာတဝတ္ထုသုတ်,113,
"<font size=""1"">",၁၀-အာဃာတပဋိဝိနယသုတ်,113,
"<font size=""1.5"">",(၉) ၄-ထေရဝဂ်,114,
"<font size=""1"">",၁-ဝါဟနသုတ်,114,
"<font size=""1"">",၂-အာနန္ဒသုတ်,114,
"<font size=""1"">",၃-ပုဏ္ဏိယသုတ်,116,
"<font size=""1"">",၄-ဗျာကရဏသုတ်,117,
"<font size=""1"">",၅-ကတ္ထီသုတ်,119,
"<font size=""1"">",၆-အဓိမာနသုတ်,122,
"<font size=""1"">",၇-နပ္ပိယသုတ်,124,
"<font size=""1"">",၈ - အက္ကောသကသုတ်,127,
"<font size=""1"">",၉ - ကောကာလိကသုတ်,128,
"<font size=""1"">",၁၀ - ခီဏာသဝဗလသုတ်,130,
"<font size=""1.5"">",(၁၀) ၅ - ဥပါလိဝဂ်,132,
"<font size=""1"">",၁- ကာမဘောဂီသုတ်,132,
"<font size=""1"">",၂ - ဘယသုတ်,136,
"<font size=""1"">",၃ - ကိံဒိဋ္ဌိကသုတ်,138,
"<font size=""1"">",၄-ဝဇ္ဇိယမာဟိတသုတ်,141,
"<font size=""1"">",၅-ဥတ္တိယသုတ်,143,
"<font size=""1"">",၆-ကောကနုဒသုတ်,145,
"<font size=""1"">",၇-အာဟုနေယျသုတ်,147,
"<font size=""1"">",၈-ထေရသုတ်,149,
"<font size=""1"">",၉-ဥပါလိသုတ်,149,
"<font size=""1"">",၁၀-အဘဗ္ဗသုတ်,155,
"<font size=""2"">",၃-တတိယပဏ္ဏာသက,156,
"<font size=""1.5"">",(၁၁) ၁-သမဏသညာဝဂ်,156,
"<font size=""1"">",၁-သမဏသညာသုတ်,156,
"<font size=""1"">",၂-ဗောဇ္ဈင်္ဂသုတ်,156,
"<font size=""1"">",၃-မိစ္ဆတ္တသုတ်,157,
"<font size=""1"">",၄-ဗီဇသုတ်,157,
"<font size=""1"">",၅-ဝိဇ္ဇာသုတ်,159,
"<font size=""1"">",၆-နိဇ္ဇရသုတ်,159,
"<font size=""1"">",၇-ဓောဝနသုတ်,161,
"<font size=""1"">",၈-တိကိစ္ဆကသုတ်,162,
"<font size=""1"">",၉-ဝမနသုတ်,164,
"<font size=""1"">",၁၀-နိဒ္ဓမနီယသုတ်,165,
"<font size=""1"">",၁၁-ပဌမ အသေခသုတ်,166,
"<font size=""1"">",၁၂-ဒုတိယ အသေခသုတ်,166,
"<font size=""1.5"">",(၁၂) ၂-ပစ္စောရောဟဏိဝဂ်,167,
"<font size=""1"">",၁-ပဌမ အဓမ္မသုတ်,167,
"<font size=""1"">",၂-ဒုတိယ အဓမ္မသုတ်,167,
"<font size=""1"">",၃-တတိယ အဓမ္မသုတ်,169,
"<font size=""1"">",၄-အဇိတသုတ်,173,
"<font size=""1"">",၅-သင်္ဂါရဝသုတ်,174,
"<font size=""1"">",၆-သြရိမ တီရသုတ်,175,
"<font size=""1"">",၇-ပဌမ ပစ္စောရောဟဏီသုတ်,176,
"<font size=""1"">",၈-ဒုတိယ ပစ္စောရောဟဏီသုတ်,178,
"<font size=""1"">",၉-ပုဗ္ဗင်္ဂမသုတ်,178,
"<font size=""1"">",၁၀-အာသဝက္ခယသုတ်,179,
"<font size=""1.5"">",(၁၃) ၃-ပရိသုဒ္ဓဝဂ်,180,
"<font size=""1"">",၁-ပဌမသုတ်,180,
"<font size=""1"">",၂-ဒုတိယသုတ်,180,
"<font size=""1"">",၃-တတိယသုတ်,180,
"<font size=""1"">",၄-စတုတ္ထသုတ်,181,
"<font size=""1"">",၅-ပဉ္စမသုတ်,181,
"<font size=""1"">",၆-ဆဋ္ဌသုတ်,181,
"<font size=""1"">",၇-သတ္တမသုတ်,182,
"<font size=""1"">",၈-အဋ္ဌမသုတ်,182,
"<font size=""1"">",၉-နဝမသုတ်,182,
"<font size=""1"">",၁၀-ဒသမသုတ်,183,
"<font size=""1"">",၁၁-ဧကာဒသမသုတ်,183,
"<font size=""1.5"">",(၁၄) ၄-သာဓုဝဂ်,184,
"<font size=""1"">",၁-သာဓုသုတ်,184,
"<font size=""1"">",၂-အရိယဓမ္မသုတ်,184,
"<font size=""1"">",၃-အကုသလသုတ်,185,
"<font size=""1"">",၄-အတ္ထသုတ်,185,
"<font size=""1"">",၅-ဓမ္မသုတ်,185,
"<font size=""1"">",၆-သာသဝသုတ်,186,
"<font size=""1"">",၇-သာဝဇ္ဇသုတ်,186,
"<font size=""1"">",၈-တပနီယသုတ်,186,
"<font size=""1"">",၉-အာစယဂါမိသုတ်,187,
"<font size=""1"">",၁၀-ဒုက္ခုဒြယသုတ်,187,
"<font size=""1"">",၁၁-ဒုက္ခဝိပါကသုတ်,187,
"<font size=""1.5"">",(၁၅) ၅-အရိယဝဂ်,188,
"<font size=""1"">",၁-အရိယမဂ္ဂသုတ်,188,
"<font size=""1"">",၂-ကဏှာမဂ္ဂသုတ်,188,
"<font size=""1"">",၃-သဒ္ဓမ္မသုတ်,188,
"<font size=""1"">",၄-သပ္ပုရိသဓမ္မသုတ်,189,
"<font size=""1"">",၅-ဥပ္ပါဒေတဗ္ဗသုတ်,189,
"<font size=""1"">",၆-အာသေဝိတဗ္ဗသုတ်,189,
"<font size=""1"">",၇-ဘာဝေတဗ္ဗသုတ်,190,
"<font size=""1"">",၈-ဗဟုလီကာတဗ္ဗသုတ်,190,
"<font size=""1"">",၉-အနုဿရိတဗ္ဗသုတ်,190,
"<font size=""1"">",၁၀-သစ္ဆိကာတဗ္ဗသုတ်,191,
"<font size=""2"">",၄-စတုတ္ထပဏ္ဏာသက,192,
"<font size=""1.5"">",(၁၆) ၁-ပုဂ္ဂလဝဂ်,192,
"<font size=""1"">",၁-သေဝိတဗ္ဗသုတ်,192,
"<font size=""1"">",၂-၁၂-ဘဇိတဗ္ဗာဒိသုတ်,192,
"<font size=""1.5"">",(၁၇) ၂-ဇာဏုဿောဏိဝဂ်,193,
"<font size=""1"">",၁-ဗြဟ္မဏပစ္စောရောဟဏီသုတ်,193,
"<font size=""1"">",၂-အရိယပစ္စော ရောဟဏီသုတ်,195,
"<font size=""1"">",၃-သင်္ဂါရဝသုတ်,196,
"<font size=""1"">",၄-သြရိမသုတ်,197,
"<font size=""1"">",၅-ပဌမ အဓမ္မသုတ်,198,
"<font size=""1"">",၆-ဒုတိယ အဓမ္မသုတ်,198,
"<font size=""1"">",၇-တတိယ အဓမ္မသုတ်,203,
"<font size=""1"">",၈-ကမ္မနိဒါနသုတ်,204,
"<font size=""1"">",၉-ပရိက္ကမနသုတ်,205,
"<font size=""1"">",၁၀-စုန္ဒသုတ်,205,
"<font size=""1"">",၁၁-ဇာဏုဿောဏိသုတ်,209,
"<font size=""1.5"">",(၁၈) ၃-သာဓုဝဂ်,213,
"<font size=""1"">",၁-သာဓုသုတ်,213,
"<font size=""1"">",၂-အရိယဓမ္မသုတ်,213,
"<font size=""1"">",၃-ကုသလသုတ်,214,
"<font size=""1"">",၄-အတ္ထသုတ်,214,
"<font size=""1"">",၅-ဓမ္မသုတ်,214,
"<font size=""1"">",၆-အာသဝသုတ်,215,
"<font size=""1"">",၇-ဝဇ္ဇသုတ်,215,
"<font size=""1"">",၈-တပနီယသုတ်,215,
"<font size=""1"">",၉-အာစယဂါမိသုတ်,216,
"<font size=""1"">",၁၀-ဒုက္ခုဒြယသုတ်,216,
"<font size=""1"">",၁၁-ဝိပါကသုတ်,216,
"<font size=""1.5"">",(၁၉) ၄-အရိယမဂ္ဂဝဂ်,217,
"<font size=""1"">",၁-အရိယမဂ္ဂသုတ်,217,
"<font size=""1"">",၂-ကဏှမဂ္ဂသုတ်,217,
"<font size=""1"">",၃-သဒ္ဓမ္မသုတ်,217,
"<font size=""1"">",၄-သပ္ပုရိသဓမ္မသုတ်,218,
"<font size=""1"">",၅-ဥပ္ပါဒေတဗ္ဗဓမ္မသုတ်,218,
"<font size=""1"">",၆-ဗျာပါဒေတဗ္ဗဓမ္မသုတ်,218,
"<font size=""1"">",၇-အာသေဝိတဗ္ဗဓမ္မသုတ်,219,
"<font size=""1"">",၈-ဘာဝေတဗ္ဗဓမ္မသုတ်,219,
"<font size=""1"">",၉-ဗဟုလီကာတဗ္ဗသုတ်,219,
"<font size=""1"">",၁၀-အနုဿရိတဗ္ဗသုတ်,220,
"<font size=""1"">",၁၁-သစ္ဆိကာတဗ္ဗသုတ်,220,
"<font size=""1.5"">",(၂၀) ၅-အပရပုဂ္ဂလဝဂ်,221,
"<font size=""1"">",န သေဝိတဗ္ဗာဒိသုတ်များ,221,
"<font size=""1.5"">",(၂၁) ၁-ကရဇကာယဝဂ်,222,
"<font size=""1.5"">",၁-ပဌမ နိရယသဂ္ဂသုတ်,222,
"<font size=""1"">",၂-ဒုတိယ နိရယသဂ္ဂသုတ်,224,
"<font size=""1"">",၃-မာတုဂါမသုတ်,225,
"<font size=""1"">",၄-ဥပါသိကာသုတ်,225,
"<font size=""1"">",၅-ဝိသာရဒသုတ်,226,
"<font size=""1"">",၆-သံသပ္ပနီယသုတ်,226,
"<font size=""1"">",၇-ပဌမ သေဉ္စတနိကသုတ်,228,
"<font size=""1"">",၈-ဒုတိယ သေဉ္စတနိကသုတ်,232,
"<font size=""1"">",၉-ကရဇကာယသုတ်,234,
"<font size=""1"">",၁၀-အဓမ္မစရိယာသုတ်,235,
"<font size=""1"">",(၂၂) ၂-သာမညဝဂ်,237,
"<font size=""1"">",၂၃-ရာဂပေယျာလ,242,
5,05_anguttara_11,ဧကာဒသကနိပါတ်,41
"<font size=""2"">",ဧကာဒကကနိပါတ်,1,
"<font size=""1.5"">",၁-နိဿယဝဂ်,1,
"<font size=""1"">",၁-ကိမတ္ထိယသုတ်,1,
"<font size=""1"">",၂-စေတနာကရဏီယသုတ်,3,
"<font size=""1"">",၃-ပဌမ ဥပနိသာသုတ်,4,
"<font size=""1"">",၄-ဒုတိယ ဥပနိသာသုတ်,5,
"<font size=""1"">",၅-တတိယ ဥပနိသာသုတ်,6,
"<font size=""1"">",၆-ဗျသနသုတ်,7,
"<font size=""1"">",၇-ပဌမ သညာသုတ်,8,
"<font size=""1"">",၈-မနသိကာရသုတ်,10,
"<font size=""1"">",၉-သဒ္ဓသုတ်,11,
"<font size=""1"">",၁၀-မောရနိဝါပသုတ်,13,
"<font size=""1.5"">",၂-အနုဿတိဝဂ်,15,
"<font size=""1"">",၁-ပဌမ မဟာနာမသုတ်,15,
"<font size=""1"">",၂-ဒုတိယ မဟာနာမသုတ်,18,
"<font size=""1"">",၃-နန္ဒိယသုတ်,20,
"<font size=""1"">",၄-သုဘူတိသုတ်,22,
"<font size=""1"">",၅-မေတ္တာသုတ်,25,
"<font size=""1"">",၆-အဋ္ဌကနာဂရသုတ်,26,
"<font size=""1"">",၇-ဂေါပါလသုတ်,29,
"<font size=""1"">",၈-ပဌမ သမာဓိသုတ်,34,
"<font size=""1"">",၉-ဒုတိယ သမာဓိသုတ်,35,
"<font size=""1"">",၁၀-တတိယ သမာဓိသုတ်,36,
"<font size=""1"">",၁၁-စတုတ္ထ သမာဓိသုတ်,37,
"<font size=""1"">",၃-သာမညဝဂ်,39,
"<font size=""1"">",၄-ရာဂပေယျာလ,41,
6,06_khuddaka_01,ခုဒ္ဒကပါဌ,12
"<font size=""2"">",၁-သရဏဂုံသုံးပါး,1,
"<font size=""2"">",၂-သိက္ခာပုဒ်ဆယ်ပါး,2,
"<font size=""2"">",၃-သုံးဆယ့်နှစ်ကောဋ္ဌာသ,3,
"<font size=""2"">",၄-ကုမာရပဥှာ,3,
"<font size=""2"">",၅-မင်္ဂလသုတ်,4,
"<font size=""2"">",၆-ရတနသုတ်,5,
"<font size=""2"">",၇-တိရောကုဋ္ဋသုတ်,8,
"<font size=""2"">",၈-နိဓိကဏ္ဍသုတ်,9,
"<font size=""2"">",၉-မေတ္တသုတ်,11,
6,06_khuddaka_02,ဓမ္မပဒ,84
"<font size=""2"">",၁-ယမကဝဂ်,1,
"<font size=""1.5"">",၁-စက္ခုပါလတ္ထေရဝတ္ထု,1,
"<font size=""1.5"">",၂-မဋ္ဌကုဏ္ဍလီဝတ္ထု,1,
"<font size=""1.5"">",၃-တိဿတ္ထေရဝတ္ထု,1,
"<font size=""1.5"">",၄-ကာဠယက္ခိနီဝတ္ထု,2,
"<font size=""1.5"">",၅-ကောသမ္ဗကဝတ္ထု,2,
"<font size=""1.5"">",၆-မဟာကာဠတ္ထေရဝတ္ထု,2,
"<font size=""1.5"">",၇-ဒေဝဒတ္တဝတ္ထု,2,
"<font size=""1.5"">",၈-သာရိပုတ္တတ္ထေရဝတ္ထု,3,
"<font size=""1.5"">",၉-နန္ဒတ္ထေရဝတ္ထု,3,
"<font size=""1.5"">",၁၀-စုန္ဒသူကရိကဝတ္ထု,3,
"<font size=""1.5"">",၁၁-ဓမ္မိကဥပါသကဝတ္ထု,3,
"<font size=""1.5"">",၁၂-ဒေဝဒတ္ထဝတ္ထု,4,
"<font size=""1.5"">",၁၃-သုမနဒေဝီဝတ္ထု,4,
"<font size=""1.5"">",၁၄-ဒွေသဟာယကဘိက္ခုဝတ္ထု,4,
"<font size=""2"">",၂-အပ္ပမာဒဝဂ်,5,
"<font size=""1.5"">",၁-သာမာဝတီဝတ္ထု,5,
"<font size=""1.5"">",၂-ကုမ္ဘဃောသကဝတ္ထု,5,
"<font size=""1.5"">",၃-စူဠပန္ထကဝတ္ထု,5,
"<font size=""1.5"">",၄-ဗာလနက္ခတ္တဝတ္ထု,6,
"<font size=""1.5"">",၅-မဟာကဿပတ္ထေရဝတ္ထု,6,
"<font size=""1.5"">",၆-ဒွေသဟာယကဘိက္ခုဝတ္ထု,6,
"<font size=""1.5"">",၇-မဃဝတ္ထု,6,
"<font size=""1.5"">",၈-အညတရဘိက္ခုဝတ္ထု,7,
"<font size=""1.5"">",၉-နိဂမဝါသီတိဿတ္ထေရဝတ္ထု,7,
"<font size=""2"">",၃-စိတ္တဝဂ်,8,
"<font size=""1.5"">",၁-မေဃိယတ္ထေရဝတ္ထု,8,
"<font size=""1.5"">",၂-အညတရဘိက္ခုဝတ္ထု,8,
"<font size=""1.5"">",၃-ဥက္ကဏ္ဌိတဘိက္ခုဝတ္ထု,8,
"<font size=""1.5"">",၄-သံဃရက္ခိတတ္ထေရဝတ္ထု,8,
"<font size=""1.5"">",၅-စိတ္တဟတ္ထတ္ထေရဝတ္ထု,9,
"<font size=""1.5"">",၆-ပဉ္စသတဘိက္ခုဝတ္ထု,9,
"<font size=""1.5"">",၇-ပူတိဂတ္တတိဿတ္ထေရဝတ္ထု,9,
"<font size=""1.5"">",၈-နန္ဒဂေါပါလကဝတ္ထု,9,
"<font size=""1.5"">",၉-သော ရေယျဝတ္ထု,9,
"<font size=""2"">",၄-ပုပ္ဖဝဂ်,10,
"<font size=""1.5"">",၁-ပဉ္စသတဘိက္ခုဝတ္ထု,10,
"<font size=""1.5"">",၂-မရီစိကမ္မဋ္ဌာနိကဘိက္ခုဝတ္ထု,10,
"<font size=""1.5"">",၃-ဝိဋဋူဘဝတ္ထု,10,
"<font size=""1.5"">",၄-ပတိပူဇိကကုမာရီဝတ္ထု,10,
"<font size=""1.5"">",၅-မစ္ဆရိယကောသိယသေဋ္ဌိဝတ္ထု,11,
"<font size=""1.5"">",၆-ပါဝေယျအာဇီဝကဝတ္ထု,11,
"<font size=""1.5"">",၇-ဆတ္တပါဏိဥပါသကဝတ္ထု,11,
"<font size=""1.5"">",၈-ဝိသာခါဝတ္ထု,11,
"<font size=""1.5"">",၉-အာနန္ဒတ္ထေရပဥှာဝတ္ထု,12,
"<font size=""1.5"">",၁၀-မဟာကဿပတ္ထေရဝတ္ထု,12,
"<font size=""1.5"">",၁၁-ဂေါဓိကတ္ထေရဝတ္ထု,12,
"<font size=""1.5"">",၁၂-ဂရဟဒိန္နဝတ္ထု,12,
"<font size=""2"">",၅-ဗာလဝဂ်,13,
"<font size=""1.5"">",၁-အညတရပုရိသဝတ္ထု,13,
"<font size=""1.5"">",၂-မဟာကဿပသဒ္ဓိဝိဟာရိကဝတ္ထု,13,
"<font size=""1.5"">",၃-အာနန္ဒသေဋ္ဌိဝတ္ထု,13,
"<font size=""1.5"">",၄-ဂဏ္ဌိဘေဒကစောရဝတ္ထု,13,
"<font size=""1.5"">",၅-ဥဒါယိတ္ထေရဝတ္ထု,13,
"<font size=""1.5"">",၆-တိံသပါဝေယျကဘိက္ခုဝတ္ထု,14,
"<font size=""1.5"">",၇-သုပ္ပဗုဒ္ဓကုဋ္ဌိဝတ္ထု,14,
"<font size=""1.5"">",၈-ကဿကဥပါသကဝတ္ထု,14,
"<font size=""1.5"">",၉-သုမနမာလာကာရဝတ္ထု,14,
"<font size=""1.5"">",၁၀-ဥပ္ပလဝဏ္ဏတ္ထေရီဝတ္ထု,14,
"<font size=""1.5"">",၁၁-ဇမ္ဗုကတ္ထေရဝတ္ထု,15,
"<font size=""1.5"">",၁၂-အဟိပေတဝတ္ထု,15,
"<font size=""1.5"">",၁၃-သဋ္ဌိကူဋပေတဝတ္ထု,15,
"<font size=""1.5"">",၁၄-စိတ္တဂဟပတိဝတ္ထု,15,
"<font size=""1.5"">",၁၅-ဝနဝါသီတိဿသာမဏေရဝတ္ထု,16,
"<font size=""2"">",၆-ပဏ္ဍိတဝဂ်,17,
"<font size=""1.5"">",၁-ရာဓတ္ထေရဝတ္ထု,17,
"<font size=""1.5"">",၂-အဿဇိပုနဗ္ဗသုကဝတ္ထု,17,
"<font size=""1.5"">",၃-ဆန္နတ္ထေရဝတ္ထု,17,
"<font size=""1.5"">",၄-မဟာကပ္ပိနတ္ထေရဝတ္ထု,17,
"<font size=""1.5"">",၅-ပဏ္ဍိတသာမဏေရဝတ္ထု,17,
"<font size=""1.5"">",၆-လကုဏ္ဍကဘဒ္ဒိယဝတ္ထု,18,
"<font size=""1.5"">",၇-ကာဏမာတာဝတ္ထု,18,
"<font size=""1.5"">",၈-ပဉ္စသတဘိက္ခုဝတ္ထု,18,
"<font size=""1.5"">",၉-ဓမ္မိကတ္ထေရဝတ္ထု,18,
"<font size=""1.5"">",၁၀-ဓမ္မဿဝနတ္ထေရဝတ္ထု,19,
"<font size=""1.5"">",၁၁-ပဉ္စသတအာဂန္တုကဘိက္ခုဝတ္ထု,19,
"<font size=""2"">",၇-အရဟန္တဝဂ်,20,
"<font size=""1.5"">",၁-ဇီဝကပဥှာဝတ္ထု,20,
"<font size=""1.5"">",၂-မဟာကဿပတ္ထေရဝတ္ထု,20,
"<font size=""1.5"">",၃-ဗေလဋ္ဌသီသတ္ထေရဝတ္ထု,20,
"<font size=""1.5"">",၄-အနုရုဒ္ဓတ္ထေရဝတ္ထု,20,
"<font size=""1.5"">",၅-မဟာကစ္စာယနတ္ထေရဝတ္ထု,21,
"<font size=""1.5"">",၆-သာရိပုတ္တတ္ထေရဝတ္ထု,21,
"<font size=""1.5"">",၇-ကောသမ္ဗိဝါသီတိဿတ္ထေရသာမဏေရဝတ္ထု,21,
"<font size=""1.5"">",၈-သာရိပုတ္တတ္ထေရဝတ္ထု,21,
"<font size=""1.5"">",၉-ခဒိရရေဝတတ္ထေရဝတ္ထု,22,
"<font size=""1.5"">",၁၀-အညတရဣတ္ထိဝတ္ထု,22,
"<font size=""2"">",၈-သဟဿဝဂ်,23,
"<font size=""1.5"">",၁-တမ္ဗဒါဌိကစောရဃာတကဝတ္ထု,23,
"<font size=""1.5"">",၂-ဗာဟိယဒါရုစီရိယဝတ္ထု,23,
"<font size=""1.5"">",၃-ကုဏ္ဍလကေသီထေရီဝတ္ထု,23,
"<font size=""1.5"">",၄-အနတ္တပုစ္ဆကဗြာဟ္မဏဝတ္ထု,23,
"<font size=""1.5"">",၅-သာရိပုတ္တတ္ထေရဿမာတုလဗြာဟ္မဏဝတ္ထု,24,
"<font size=""1.5"">",၆-သာရိပုတ္တတ္ထေရဿဘာဂိနေယျဝတ္ထု,24,
"<font size=""1.5"">",၇-သာရိပုတ္တတ္ထေရဿသဟာယကဗြာဟ္မဏဝတ္ထု,24,
"<font size=""1.5"">",၈-အာယုဝဎ်ဍနကုမာရဝတ္ထု,24,
"<font size=""1.5"">",၉-သံကိစ္စသာမဏေရဝတ္ထု,25,
"<font size=""1.5"">",၁၀-ခါဏုကောဏ္ဍညတ္ထေရဝတ္ထု,25,
"<font size=""1.5"">",၁၁-သဗ္ဗဒါသတ္ထေရဝတ္ထု,25,
"<font size=""1.5"">",၁၂-ပဋာစာရာထေရီဝတ္ထု,25,
"<font size=""1.5"">",၁၃-ကိသာဂေါတမီဝတ္ထု,25,
"<font size=""1.5"">",၁၄-ဗဟုပုတ္တိကတ္ထေရီဝတ္ထု,25,
"<font size=""2"">",၉-ပါပဝဂ်,26,
"<font size=""1.5"">",၁-စူဠေကသာဋကဝတ္ထု,26,
"<font size=""1.5"">",၂-သေယျသကတ္ထေရဝတ္ထု,26,
"<font size=""1.5"">",၃-လာဇဒေဝဓီတာဝတ္ထု,26,
"<font size=""1.5"">",၄-အနာထပိဏ္ဍိကသေဋ္ဌိဝတ္ထု,26,
"<font size=""1.5"">",၅-အသညတပရိက္ခာရဝတ္ထု,27,
"<font size=""1.5"">",၆-ဗိဠာလပါဒကသေဋ္ဌိဝတ္ထု,27,
"<font size=""1.5"">",၇-မဟာဓနဝါဏိဇဝတ္ထု,27,
"<font size=""1.5"">",၈-ကုက္ကုဋမိတ္တနေသာဒဝတ္ထု,27,
"<font size=""1.5"">",၉-ကောကသုနခလုဒ္ဒကဝတ္ထု,28,
"<font size=""1.5"">",၁၀-မဏိကာရကုလူပကတိဿတ္ထေရဝတ္ထု,28,
"<font size=""1.5"">",၁၁-တယောဇနဝတ္ထု,28,
"<font size=""1.5"">",၁၂-သုပ္ပဗုဒ္ဓသကျဝတ္ထု,28,
"<font size=""2"">",၁၀-ဒဏ္ဍဝဂ်,29,
"<font size=""1.5"">",၁-ဆဗ္ဗဂ္ဂိယဘိက္ခုဝတ္ထု,29,
"<font size=""1.5"">",၂-ဆဗ္ဗဂ္ဂိယဝတ္ထု,29,
"<font size=""1.5"">",၃-သမ္ဗဟုလကုမာရဝတ္ထု,29,
"<font size=""1.5"">",၄-ကောဏ္ဍဓာနတ္ထေရဝတ္ထု,29,
"<font size=""1.5"">",၅-ဥပေါသထိကဣတ္ထီနံဝတ္ထု,30,
"<font size=""1.5"">",၆-အဇဂရပေတဝတ္ထု,30,
"<font size=""1.5"">",၇-မဟာမောဂ္ဂလ္လာနဝတ္ထု,30,
"<font size=""1.5"">",၈-ဗဟုဘဏ္ဍိကဘိက္ခုဝတ္ထု,30,
"<font size=""1.5"">",၉-သန္တတိမဟာမတ္တဝတ္ထု,31,
"<font size=""1.5"">",၁၀-ပိလောတိကတိဿတ္ထေရဝတ္ထု,31,
"<font size=""1.5"">",၁၁-သုခသာမဏေရဝတ္ထု,31,
"<font size=""2"">",၁၁-ဇရာဝဂ်,32,
"<font size=""1.5"">",၁-ဝိသာခါယ သဟာယိကာ (ပဉ္စသတဥပါသိကာ) ဝတ္ထု,32,
"<font size=""1.5"">",၂-သိရိမာဝတ္ထု,32,
"<font size=""1.5"">",၃-ဥတ္တရာထေရီဝတ္ထု,32,
"<font size=""1.5"">",၄-သမ္ဗဟုလအဓိမာနိကဘိက္ခုဝတ္ထု,32,
"<font size=""1.5"">",၅- (ဇနပဒကလျာဏီ) ရူပနန္ဒာထေရီဝတ္ထု,32,
"<font size=""1.5"">",၆-မလ္လိကာဒေဝီဝတ္ထု,33,
"<font size=""1.5"">",၇-လာလုဒါယီထေရဝတ္ထု,33,
"<font size=""1.5"">",၈-ဥဒါနဝတ္ထု,33,
"<font size=""1.5"">",၉-မဟာဓနသေဋ္ဌိဝတ္ထု,33,
"<font size=""2"">",၁၂-အတ္တဝဂ်,34,
"<font size=""1.5"">",၁-ဗောဓိရာဇကုမာရဝတ္ထု,34,
"<font size=""1.5"">",၂-ဥပနန္ဒသကျပုတ္တတ္ထေရဝတ္ထု,34,
"<font size=""1.5"">",၃-ပဓာနိကတိဿတ္ထေရဝတ္ထု,34,
"<font size=""1.5"">",၄-ကုမာရကဿပမာတုတ္ထေရီဝတ္ထု,34,
"<font size=""1.5"">",၅-မဟာကာလဥပါသကဝတ္ထု,34,
"<font size=""1.5"">",၆-ဒေဝဒတ္တဝတ္ထု,35,
"<font size=""1.5"">",၇-သံဃဘေဒပရိသက္ကနဝတ္ထု,35,
"<font size=""1.5"">",၈-ကာလတ္ထေရဝတ္ထု,35,
"<font size=""1.5"">",၉-စူဠကာလဥပါသကဝတ္ထု,35,
"<font size=""1.5"">",၁၀-အတ္တဒတ္တတ္ထေရဝတ္ထု,35,
"<font size=""2"">",၁၃-လောကဝဂ်,36,
"<font size=""1.5"">",၁-ဒဟရဘိက္ခုဝတ္ထု,36,
"<font size=""1.5"">",၂-သုဒ္ဓေါဒနဝတ္ထု,36,
"<font size=""1.5"">",၃-ပဉ္စသတဝိပဿကဘိက္ခုဝတ္ထု,36,
"<font size=""1.5"">",၄-အဘယရာဇကုမာရဝတ္ထု,36,
"<font size=""1.5"">",၅-သမ္မဇ္ဇနတ္ထေရဝတ္ထု,36,
"<font size=""1.5"">",၆-အင်္ဂုလိမာလတ္ထေရဝတ္ထု,37,
"<font size=""1.5"">",၇-ပေသကာရဓီတာဝတ္ထု,37,
"<font size=""1.5"">",၈-တိံသဘိက္ခုဝတ္ထု,37,
"<font size=""1.5"">",၉-စိဉ္စမာဏဝိကာဝတ္ထု,37,
"<font size=""1.5"">",၁၀-အသဒိသဒါနဝတ္ထု,37,
"<font size=""1.5"">",၁၁-အနာထပိဏ္ဍိကပုတ္တကာလဝတ္ထု,38,
"<font size=""2"">",၁၄-ဗုဒ္ဓဝဂ်,39,
"<font size=""1.5"">",၁-မာရဓီတရဝတ္ထု,39,
"<font size=""1.5"">",၂-ဒေဝေါရောဟနဝတ္ထု,39,
"<font size=""1.5"">",၃-ဧရကပတ္တနာဂရာဇဝတ္ထု,39,
"<font size=""1.5"">",၄-အာနန္ဒတ္ထေရပဥှာဝတ္ထု,40,
"<font size=""1.5"">",၅-အနဘိရတိဘိက္ခုဝတ္ထု,40,
"<font size=""1.5"">",၆-အဂ္ဂိဒတ္တဗြာဟ္မဏဝတ္ထု,40,
"<font size=""1.5"">",၇-အာနန္ဒတ္ထေရပဥှာဝတ္ထု,41,
"<font size=""1.5"">",၈-သမ္ဗဟုလဘိက္ခုဝတ္ထု,41,
"<font size=""1.5"">",၉-ကဿပဒသဗလဿသုဝဏ္ဏစေတိယဝတ္ထု,41,
"<font size=""2"">",၁၅-သုခဝဂ်,42,
"<font size=""1.5"">",၁-ဉာတိကလဟဝူပသမနဝတ္ထု,42,
"<font size=""1.5"">",၂-မာရဝတ္ထု,42,
"<font size=""1.5"">",၃-ကောသလရညော ပရာဇယဝတ္ထု,42,
"<font size=""1.5"">",၄-အညတရကုလဒါရိကာဝတ္ထု,42,
"<font size=""1.5"">",၅-ဧကဥပါသကဝတ္ထု,43,
"<font size=""1.5"">",၆-ပသေနဒိကောသလဝတ္ထု,43,
"<font size=""1.5"">",၇-တိဿတ္ထေရဝတ္ထု,43,
"<font size=""1.5"">",၈-သက္ကဝတ္ထု,43,
"<font size=""2"">",၁၆-ပိယဝဂ်,44,
"<font size=""1.5"">",၁-တယောဇနပဗ္ဗဇိတဝတ္ထု,44,
"<font size=""1.5"">",၂-အညတရကုဋမ္ဗိကဝတ္ထု,44,
"<font size=""1.5"">",၃-ဝိသာခါဝတ္ထု,44,
"<font size=""1.5"">",၄-လိစ္ဆဝီဝတ္ထု,44,
"<font size=""1.5"">",၅-အနိတ္ထိဂန္ဓကုမာရဝတ္ထု,44,
"<font size=""1.5"">",၆-အညတရဗြာဟ္မဏဝတ္ထု,45,
"<font size=""1.5"">",၇-ပဉ္စသတဒါရကဝတ္ထု,45,
"<font size=""1.5"">",၈-ဧကအနာဂါမိတ္ထေရဝတ္ထု,45,
"<font size=""1.5"">",၉-နန္ဒိယဝတ္ထု,45,
"<font size=""2"">",၁၇-ကောဓဝဂ်,46,
"<font size=""1.5"">",၁-ရောဟိနီခတ္တိယကညာဝတ္ထု,46,
"<font size=""1.5"">",၂-အညတရဘိက္ခုဝတ္ထု,46,
"<font size=""1.5"">",၃-ဥတ္တရာဥပါသိကာဝတ္ထု,46,
"<font size=""1.5"">",၄-မဟာမောဂ္ဂလ္လာနပဥှာဝတ္ထု,46,
"<font size=""1.5"">",၅-ဗုဒ္ဓပိတုဗြာဟ္မဏဝတ္ထု,46,
"<font size=""1.5"">",၆-ပုဏ္ဏဒါသီဝတ္ထု,47,
"<font size=""1.5"">",၇-အတုလဥပါသကဝတ္ထု,47,
"<font size=""2"">",၁၈-မလဝဂ်,48,
"<font size=""1.5"">",၁-ဂေါဃာတကပုတ္တဝတ္ထု,48,
"<font size=""1.5"">",၂-အညတရဗြာဟ္မဏဝတ္ထု,48,
"<font size=""1.5"">",၃-တိဿတ္ထေရဝတ္ထု,48,
"<font size=""1.5"">",၄-လာဠုဒါယီဝတ္ထု,49,
"<font size=""1.5"">",၅-အညတရကုလပုတ္တဝတ္ထု,49,
"<font size=""1.5"">",၆-စူဠသာရိဘိက္ခုဝတ္ထု,49,
"<font size=""1.5"">",၇-ပဉ္စဥပါသကဝတ္ထု,50,
"<font size=""1.5"">",၈-တိဿဒဟရဝတ္ထု,50,
"<font size=""1.5"">",၉-ပဉ္စဥပါသကဝတ္ထု,50,
"<font size=""1.5"">",၁၀-မေဏ္ဍကသေဋ္ဌိဝတ္ထု,50,
"<font size=""1.5"">",၁၁-ဥဇ္ဈာနသညိတ္ထေရဝတ္ထု,51,
"<font size=""1.5"">",၁၂-သုဘဒ္ဒပရိဗ္ဗာဇကဝတ္ထု,51,
"<font size=""2"">",၁၉-ဓမ္မဋ္ဌဝဂ်,52,
"<font size=""1.5"">",၁-ဝိနိစ္ဆယမဟာမတ္တဝတ္ထု,52,
"<font size=""1.5"">",၂-ဆဗ္ဗဂ္ဂိယဝတ္ထု,52,
"<font size=""1.5"">",၃-ဧကုဒါနခီဏာသဝဝတ္ထု,52,
"<font size=""1.5"">",၄-လကုဏ္ဍကဘဒ္ဒိယတ္ထေရဝတ္ထု,52,
"<font size=""1.5"">",၅-သမ္ဗဟုလဘိက္ခုဝတ္ထု,53,
"<font size=""1.5"">",၆-ဟတ္ထကဝတ္ထု,53,
"<font size=""1.5"">",၇-အညတရဗြာဟ္မဏဝတ္ထု,53,
"<font size=""1.5"">",၈-တိတ္ထိယဝတ္ထု,54,
"<font size=""1.5"">",၉-ဗာဠိသိကဝတ္ထု,54,
"<font size=""1.5"">",၁၀-သမ္ဗဟုလသီလာဒိသမ္ပန္နဘိက္ခုဝတ္ထု,54,
"<font size=""2"">",၂၀-မဂ္ဂဝဂ်,55,
"<font size=""1.5"">",၁-ပဉ္စသတဘိက္ခုဝတ္ထု,55,
"<font size=""1.5"">",၂-အနိစ္စလက္ခဏဝတ္ထု,55,
"<font size=""1.5"">",၃-ဒုက္ခလက္ခဏဝတ္ထု,55,
"<font size=""1.5"">",၄-အနတ္တလက္ခဏဝတ္ထု,56,
"<font size=""1.5"">",၅-ပဓာနကမ္မိကတိဿတ္ထေရဝတ္ထု,56,
"<font size=""1.5"">",၆-သူကရပေတဝတ္ထု,56,
"<font size=""1.5"">",၇-ပေါဋ္ဌိလတ္ထေရဝတ္ထု,56,
"<font size=""1.5"">",၈-ပဉ္စမဟလ္လကဘိက္ခုဝတ္ထု,57,
"<font size=""1.5"">",၉-သုဝဏ္ဏကာရတ္ထေရဝတ္ထု,57,
"<font size=""1.5"">",၁၀-မဟာဓနဝါဏိဇဝတ္ထု,57,
"<font size=""1.5"">",၁၁-ကိသာဂေါတမီဝတ္ထု,57,
"<font size=""1.5"">",၁၂-ပဋာစာရာဝတ္ထု,58,
"<font size=""2"">",၂၁-ပကိဏ္ဏကဝဂ်,59,
"<font size=""1.5"">",၁-အတ္တနောပုဗ္ဗကမ္မဝတ္ထု,59,
"<font size=""1.5"">",၂-ကုက္ကုဋဏ္ဍခါဒိကာဝတ္ထု,59,
"<font size=""1.5"">",၃-ဘဒ္ဒိယာနံဘိက္ခူနံဝတ္ထု,59,
"<font size=""1.5"">",၄-လကုဏ္ဍကဘဒ္ဒိယဝတ္ထု,59,
"<font size=""1.5"">",၅-ဒါရုသာကဋိကပုတ္တဝတ္ထု,60,
"<font size=""1.5"">",၆-ဝဇ္ဇိပုတ္တကဘိက္ခုဝတ္ထု,60,
"<font size=""1.5"">",၇-စိတ္တဂဟပတိဝတ္ထု,60,
"<font size=""1.5"">",၈-စူဠသုဘဒ္ဒါဝတ္ထု,61,
"<font size=""1.5"">",၉-ဧကဝိဟာရိတ္ထေရဝတ္ထု,61,
"<font size=""2"">",၂၂-နိရယဝဂ်,62,
"<font size=""1.5"">",၁-သုန္ဒရီပရိဗ္ဗာဇိကာဝတ္ထု,62,
"<font size=""1.5"">",၂-ဒုစ္စရိတဖလပီဠိတဝတ္ထု,62,
"<font size=""1.5"">",၃-ဝဂ္ဂုမုဒါတီရိယဘိက္ခုဝတ္ထု,62,
"<font size=""1.5"">",၄-ခေမကသေဋ္ဌိပုတ္တဝတ္ထု,62,
"<font size=""1.5"">",၅-ဒုဗ္ဗစဘိက္ခုဝတ္ထု,63,
"<font size=""1.5"">",၆-ဣဿာပကတဣတ္ထိဝတ္ထု,63,
"<font size=""1.5"">",၇-သမ္ဗဟုလဘိက္ခုဝတ္ထု,63,
"<font size=""1.5"">",၈-နိဂဏ္ဌဝတ္ထု,63,
"<font size=""1.5"">",၉-တိတ္ထိယသာဝကဝတ္ထု,64,
"<font size=""2"">",၂၃-နာဂဝဂ်,65,
"<font size=""1.5"">",၁-အတ္တဒန္တဝတ္ထု,65,
"<font size=""1.5"">",၂-ဟတ္ထာစရိယပုဗ္ဗကဘိက္ခုဝတ္ထု,65,
"<font size=""1.5"">",၃-ပရိဇိဏ္ဏဗြာဟ္မဏပုတ္တဝတ္ထု,65,
"<font size=""1.5"">",၄-ပသေနဒီကောသလဝတ္ထု,66,
"<font size=""1.5"">",၅-သာနုသာမဏေရဝတ္ထု,66,
"<font size=""1.5"">",၆-ပါဝေယျကဟတ္ထိဝတ္ထု,66,
"<font size=""1.5"">",၇-သမ္ဗဟုလဘိက္ခုဝတ္ထု,66,
"<font size=""1.5"">",၈-မာရဝတ္ထု,67,
"<font size=""2"">",၂၄-တဏှာဝဂ်,68,
"<font size=""1.5"">",၁-ကပိလမစ္ဆဝတ္ထု,68,
"<font size=""1.5"">",၂-သူကရပေါတိကာဝတ္ထု,68,
"<font size=""1.5"">",၃-ဝိဗ္ဘန္ထဘိက္ခုဝတ္ထု,69,
"<font size=""1.5"">",၄-ဗန္ဓနာဂါရဝတ္ထု,69,
"<font size=""1.5"">",၅-ခေမာထေရီဝတ္ထု,69,
"<font size=""1.5"">",၆-ဥဂ္ဂသေနဝတ္ထု,70,
"<font size=""1.5"">",၇-စူဠဓနုဂ္ဂဟပဏ္ဍိတဝတ္ထု,70,
"<font size=""1.5"">",၈-မာရဝတ္ထု,70,
"<font size=""1.5"">",၉-ဥပကာဇီဝကဝတ္ထု,71,
"<font size=""1.5"">",၁၀-သက္ကပဥှဝတ္ထု,71,
"<font size=""1.5"">",၁၁-အပုတ္တကသေဋ္ဌိဝတ္ထု,71,
"<font size=""1.5"">",၁၂-အင်္ကုရဝတ္ထု,71,
"<font size=""2"">",၂၅-ဘိက္ခုဝဂ်,72,
"<font size=""1.5"">",၁-ပဉ္စဘိက္ခုဝတ္ထု,72,
"<font size=""1.5"">",၂-ဟံသဃာတကဘိက္ခုဝတ္ထု,72,
"<font size=""1.5"">",၃-ကောကာလိကဝတ္ထု,72,
"<font size=""1.5"">",၄-ဓမ္မာရာမတ္ထေရဝတ္ထု,72,
"<font size=""1.5"">",၅-ဝိပေက္ခသေဝကဘိက္ခုဝတ္ထု,73,
"<font size=""1.5"">",၆-ပဉ္စဂ္ဂဒါယကဗြာဟ္မဏဝတ္ထု,73,
"<font size=""1.5"">",၇-သမ္ဗဟုလဘိက္ခုဝတ္ထု,73,
"<font size=""1.5"">",၈-ပဉ္စသတဘိက္ခုဝတ္ထု,74,
"<font size=""1.5"">",၉-သန္တကာယတ္ထေရဝတ္ထု,74,
"<font size=""1.5"">",၁၀-နင်္ဂလကုလတ္ထေရဝတ္ထု,74,
"<font size=""1.5"">",၁၁-ဝက္ကလိတ္ထေရဝတ္ထု,75,
"<font size=""1.5"">",၁၂-သုမနသာမဏေရဝတ္ထု,75,
"<font size=""2"">",၂၆-ဗြာဟ္မဏဝဂ်,76,
"<font size=""1.5"">",၁-ပသာဒဗဟုလဗြာဟ္မဏဝတ္ထု,76,
"<font size=""1.5"">",၂-သမ္ဗဟုလဘိက္ခုဝတ္ထု,76,
"<font size=""1.5"">",၃-မာရဝတ္ထု,76,
"<font size=""1.5"">",၄-အညတရဗြာဟ္မဏဝတ္ထု,76,
"<font size=""1.5"">",၅-အာနန္ဒတ္ထေရဝတ္ထု,76,
"<font size=""1.5"">",၆-အညတရဗြာဟ္မဏပဗ္ဗဇိတဝတ္ထု,77,
"<font size=""1.5"">",၇-သာရိပုတ္တတ္ထေရဝတ္ထု,77,
"<font size=""1.5"">",၈-မဟာပဇာပတိဂေါတမီဝတ္ထု,77,
"<font size=""1.5"">",၉-သာရိပုတ္တတ္ထေရဝတ္ထု,77,
"<font size=""1.5"">",၁၀-ဇဋိလဗြာဟ္မဏဝတ္ထု,78,
"<font size=""1.5"">",၁၁-ကုဟကဗြာဟ္မဏဝတ္ထု,78,
"<font size=""1.5"">",၁၂-ကိသာဂေါတမီဝတ္ထု,78,
"<font size=""1.5"">",၁၃-ဧကဗြာဟ္မဏဝတ္ထု,78,
"<font size=""1.5"">",၁၄-ဥဂ္ဂသေနသေဋ္ဌိပုတ္တဝတ္ထု,78,
"<font size=""1.5"">",၁၅-ဒွေဗြာဟ္မဏဝတ္ထု,79,
"<font size=""1.5"">",၁၆-အက္ကောသကဘာရဒွါဇဝတ္ထု,79,
"<font size=""1.5"">",၁၇-သာရိပုတ္တတ္ထေရဝတ္ထု,79,
"<font size=""1.5"">",၁၈-ဥပ္ပလဝဏ္ဏာတ္ထေရီဝတ္ထု,79,
"<font size=""1.5"">",၁၉-အညတရဗြာဟ္မဏဝတ္ထု,79,
"<font size=""1.5"">",၂၀-ခေမာဘိက္ခုနီဝတ္ထု,80,
"<font size=""1.5"">",၂၁-ပဗ္ဘာရဝါသီတိဿတ္ထေရဝတ္ထု,80,
"<font size=""1.5"">",၂၂-အညတရဘိက္ခုဝတ္ထု,80,
"<font size=""1.5"">",၂၃-သာမဏေရာနံဝတ္ထု,80,
"<font size=""1.5"">",၂၄-မဟာပန္တကတ္ထေဝတ္ထု,80,
"<font size=""1.5"">",၂၅-ပိလိန္ဒဝစ္ဆတ္ထေရဝတ္ထု,81,
"<font size=""1.5"">",၂၆-အညတရတ္ထေရဝတ္ထု,81,
"<font size=""1.5"">",၂၇-သာရိပုတ္တတ္ထေရဝတ္ထု,81,
"<font size=""1.5"">",၂၈-မဟာမောဂ္ဂလ္လာနတ္ထေရဝတ္ထု,81,
"<font size=""1.5"">",၂၉-ရေဝတတ္ထေရဝတ္ထု,81,
"<font size=""1.5"">",၃၀-စန္ဒာဘတ္ထေရဝတ္ထု,82,
"<font size=""1.5"">",၃၁-သီဝလိတ္ထေရဝတ္ထု,82,
"<font size=""1.5"">",၃၂-သုန္ဒရသမုဒ္ဒတ္ထေရဝတ္ထု,82,
"<font size=""1.5"">",၃၃-ဇဋိလတ္ထေရဝတ္ထု,82,
"<font size=""1.5"">",၃၄-ဇောတိကတ္ထေရဝတ္ထု,82,
"<font size=""1.5"">",၃၅-နဋပုတ္တကတ္ထေရဝတ္ထု,83,
"<font size=""1.5"">",၃၆-နဋပုတ္တကတ္ထေရဝတ္ထု,83,
"<font size=""1.5"">",၃၇-ဝင်္ဂီသတ္ထေရဝတ္ထု,83,
"<font size=""1.5"">",၃၈-ဓမ္မဒိန္နာတ္ထေရီဝတ္ထု,83,
"<font size=""1.5"">",၃၉-အင်္ဂုလိမာလတ္ထေရဝတ္ထု,83,
"<font size=""1.5"">",၄၀-ဒေဝဟိတဗြာဟ္မဏဝတ္ထု,84,
6,06_khuddaka_03,ဥဒါန်း,111
"<font size=""2"">",၁-ဗောဓိဝဂ်,1,
"<font size=""1.5"">",၁-ပဌမဗောဓိသုတ်,1,
"<font size=""1.5"">",၂-ဒုတိယဗောဓိသုတ်,2,
"<font size=""1.5"">",၃-တတိယဗောဓိသုတ်,3,
"<font size=""1.5"">",၄-ဟုံဟုင်္ကသုတ်,4,
"<font size=""1.5"">",၅-ဗြာဟ္မဏသုတ်,5,
"<font size=""1.5"">",၆-မဟာကဿပသုတ်,6,
"<font size=""1.5"">",၇-အဇကလာပကသုတ်,7,
"<font size=""1.5"">",၈-သင်္ဂါမဇိသုတ်,8,
"<font size=""1.5"">",၉-ဇဋိလသုတ်,9,
"<font size=""1.5"">",၁၀-ဗာဟိယသုတ်,10,
"<font size=""2"">",၂-မုစလိန္ဒဝဂ်,13,
"<font size=""1.5"">",၁-မုစလိန္ဒသုတ်,13,
"<font size=""1.5"">",၂-ရာဇသုတ်,14,
"<font size=""1.5"">",၃-ဒဏ္ဍသုတ်,15,
"<font size=""1.5"">",၄-သက္ကာရသုတ်,16,
"<font size=""1.5"">",၅-ဥပါသကသုတ်,17,
"<font size=""1.5"">",၆-ဂဗ္ဘိနီသုတ်,18,
"<font size=""1.5"">",၇-ဧကပုတ္တကသုတ်,19,
"<font size=""1.5"">",၈-သုပ္ပဝါသာသုတ်,20,
"<font size=""1.5"">",၉-ဝိသာခါသုတ်,23,
"<font size=""1.5"">",၁၀-ဘဒ္ဒိယသုတ်,24,
"<font size=""2"">",၃-နန္ဒဝဂ်,26,
"<font size=""1.5"">",၁-ကမ္မဝိပါကဇသုတ်,26,
"<font size=""1.5"">",၂-နန္ဒသုတ်,26,
"<font size=""1.5"">",၃-ယသောဇသုတ်,29,
"<font size=""1.5"">",၄-သာရိပုတ္တသုတ်,32,
"<font size=""1.5"">",၅-မဟာမောဂ္ဂလ္လာနသုတ်,32,
"<font size=""1.5"">",၆-ပိလိန္ဒဝစ္ဆသုတ်,33,
"<font size=""1.5"">",၇-သက္ကုဒါနသုတ်,34,
"<font size=""1.5"">",၈-ပိဏ္ဍပါတိကသုတ်,35,
"<font size=""1.5"">",၉-သိပ္ပသုတ်,36,
"<font size=""1.5"">",၁၀-လောကသုတ်,38,
"<font size=""2"">",၄-မေဃိယဝဂ်,39,
"<font size=""1.5"">",၁-မေဃိယသုတ်,39,
"<font size=""1.5"">",၂-ဥဒ္ဓတသုတ်,43,
"<font size=""1.5"">",၃-ဂေါပါလကသုတ်,43,
"<font size=""1.5"">",၄-ယက္ခပဟာရသုတ်,45,
"<font size=""1.5"">",၅-နာဂသုတ်,46,
"<font size=""1.5"">",၆-ပိဏ္ဍောလသုတ်,48,
"<font size=""1.5"">",၇-သာရိပုတ္တသုတ်,49,
"<font size=""1.5"">",၈-သုန္ဒရီသုတ်,49,
"<font size=""1.5"">",၉-ဥပသေနသုတ်,52,
"<font size=""1.5"">",၁၀-သာရိပုတ္တဥပသမသုတ်,53,
"<font size=""2"">",၅-သောဏဝဂ်,54,
"<font size=""1.5"">",၁-ပိယတရသုတ်,54,
"<font size=""1.5"">",၂-အပ္ပါယုကသုတ်,55,
"<font size=""1.5"">",၃-သုပ္ပဗုဒ္ဓကုဋ္ဌိသုတ်,55,
"<font size=""1.5"">",၄-ကုမာရကသုတ်,58,
"<font size=""1.5"">",၅-ဥပေါသထသုတ်,58,
"<font size=""1.5"">",၆-သောဏသုတ်,63,
"<font size=""1.5"">",၇-ကင်္ခါရေဝတသုတ်,67,
"<font size=""1.5"">",၈-သံဃဘေဒသုတ်,68,
"<font size=""1.5"">",၉-သဓာယမာနသုတ်,69,
"<font size=""1.5"">",၁၀-စူဠပန္ထကသုတ်,69,
"<font size=""2"">",၆-ဇစ္စန္ဓဝဂ်,70,
"<font size=""1.5"">",၁-အာယုသင်္ခါရောဿဇ္ဇနသုတ်,70,
"<font size=""1.5"">",၂-သတ္တဇဋိလသုတ်,74,
"<font size=""1.5"">",၃-ပစ္စဝေက္ခဏသုတ်,76,
"<font size=""1.5"">",၄-ပဌမနာနာတိတ္ထိယသုတ်,76,
"<font size=""1.5"">",၅-ဒုတိယနာနာတိတ္ထိယသုတ်,79,
"<font size=""1.5"">",၆-တတိယနာနာတိတ္ထိယသုတ်,82,
"<font size=""1.5"">",၇-သုဘူတိသုတ်,84,
"<font size=""1.5"">",၈-ဂဏိကာသုတ်,85,
"<font size=""1.5"">",၉-ဥပါတိဓာဝန္တိသုတ်,86,
"<font size=""1.5"">",၁၀-ဥပ္ပဇ္ဇန္တိသုတ်,86,
"<font size=""2"">",၇-စူဠဝဂ်,88,
"<font size=""1.5"">",၁-ပဌမလကုဏ္ဍကဘန္ဒိယသုတ်,88,
"<font size=""1.5"">",၂-ဒုတိယလကုဏ္ဍကဘန္ဒိယသုတ်,89,
"<font size=""1.5"">",၃-ပဌမသတ္တသုတ်,90,
"<font size=""1.5"">",၄-ဒုတိယသတ္တသုတ်,91,
"<font size=""1.5"">",၅-အပရလကုဏ္ဍကဘဒ္ဒိယသုတ်,92,
"<font size=""1.5"">",၆-တဏှာသင်္ခယသုတ်,93,
"<font size=""1.5"">",၇-ပပဉ္စခယသုတ်,93,
"<font size=""1.5"">",၈-ကစ္စာနသုတ်,94,
"<font size=""1.5"">",၉-ဥဒပါနသုတ်,94,
"<font size=""1.5"">",၁၀-ဥတေနသုတ်,96,
"<font size=""2"">",၈-ပါဋလိဂါမိယဝဂ်,97,
"<font size=""1.5"">",၁-ပဌမနိဗ္ဗာနပဋိသံယုတ္တသုတ်,97,
"<font size=""1.5"">",၂-ဒုတိယနိဗ္ဗာနပဋိသံယုတ္တသုတ်,97,
"<font size=""1.5"">",၃-တတိယနိဗ္ဗာနပဋိသံယုတ္တသုတ်,98,
"<font size=""1.5"">",၄-စတုတ္ထနိဗ္ဗာနပဋိသံယုတ္တသုတ်,99,
"<font size=""1.5"">",၅-စုန္ဒသုတ်,99,
"<font size=""1.5"">",၆-ပါဋလိဂါမိယသုတ်,103,
"<font size=""1.5"">",၇-ဒွိဓာပထသုတ်,107,
"<font size=""1.5"">",၈-ဝိသာခါသုတ်,108,
"<font size=""1.5"">",၉-ပဌမဒဗ္ဗသုတ်,110,
"<font size=""1.5"">",၁၀-ဒုတိယဒဗ္ဗသုတ်,111,
6,06_khuddaka_04,ဣတိဝုတ်,103
"<font size=""2"">",၁-ဧကကနိပါတ်,1,
"<font size=""1.5"">",၁-ပဌမဝဂ်,1,
"<font size=""1"">",၁-လောဘသုတ်,1,
"<font size=""1"">",၂-ဒေါသသုတ်,2,
"<font size=""1"">",၃-မောဟသုတ်,2,
"<font size=""1"">",၄-ကောဓသုတ်,3,
"<font size=""1"">",၅-မက္ခသုတ်,3,
"<font size=""1"">",၆-မာနသုတ်,4,
"<font size=""1"">",၇-သဗ္ဗပရိညာသုတ်,4,
"<font size=""1"">",၈-မာနပရိညာသုတ်,5,
"<font size=""1"">",၉-လောဘပရိညာသုတ်,5,
"<font size=""1"">",၁၀-ဒေါသပရိညာသုတ်,6,
"<font size=""1.5"">",၂-ဒုတိယဝဂ်,7,
"<font size=""1"">",၁-မောဟပရိညာသုတ်,7,
"<font size=""1"">",၂-ကောဓပရိညာသုတ်,7,
"<font size=""1"">",၃-မက္ခပရိညာသုတ်,8,
"<font size=""1"">",၄-အဝိဇ္ဇာနီဝရဏသုတ်,9,
"<font size=""1"">",၅-တဏှာသံယောဇနသုတ်,10,
"<font size=""1"">",၆-ပဌမသေခသုတ်,10,
"<font size=""1"">",၇-ဒုတိယသေခသုတ်,11,
"<font size=""1"">",၈-သံဃဘေဒသုတ်,12,
"<font size=""1"">",၉-သံဃသာမဂ္ဂီသုတ်,13,
"<font size=""1"">",၁၀-ပဒုဋ္ဌစိတ္တသုတ်,14,
"<font size=""1.5"">",၃-တတိယဝဂ်,15,
"<font size=""1"">",၁-ပသန္နစိတ္တသုတ်,15,
"<font size=""1"">",၂-မေတ္တသုတ်,16,
"<font size=""1"">",၃-ဥဘယတ္ထသုတ်,17,
"<font size=""1"">",၄-အဋ္ဌိပုဉ္ဇသုတ်,18,
"<font size=""1"">",၅-မုသာဝါဒသုတ်,19,
"<font size=""1"">",၆-ဒါနသုတ်,20,
"<font size=""1"">",၇-မေတ္တာဘာဝနာသုတ်,21,
"<font size=""2"">",ဒုကနိပါတ်,23,
"<font size=""1.5"">",၁-ပဌမဝဂ်,23,
"<font size=""1"">",၁-ဒုက္ခဝိဟာရသုတ်,23,
"<font size=""1"">",၂-သုခဝိဟာရသုတ်,24,
"<font size=""1"">",၃-တပနီယသုတ်,25,
"<font size=""1"">",၄-အတပနီယသုတ်,25,
"<font size=""1"">",၅-ပဌမသီလသုတ်,26,
"<font size=""1"">",၆-ဒုတိယသီလသုတ်,26,
"<font size=""1"">",၇-အာတာပီသုတ်,27,
"<font size=""1"">",၈-ပဌမ နကုဟနသုတ်,28,
"<font size=""1"">",၉-ဒုတိယ နကုဟနသုတ်,29,
"<font size=""1"">",၁၀-သောမနဿသုတ်,30,
"<font size=""1.5"">",၂-ဒုတိယဝဂ်,31,
"<font size=""1"">",၁-ဝိတက္ကသုတ်,31,
"<font size=""1"">",၂-ဒေသနာသုတ်,32,
"<font size=""1"">",၃-ဝိဇ္ဇာသုတ်,33,
"<font size=""1"">",၄-ပညာပရိဟီနသုတ်,34,
"<font size=""1"">",၅-သုက္ကဓမ္မသုတ်,35,
"<font size=""1"">",၆-အဇာတသုတ်,36,
"<font size=""1"">",၇-နိဗ္ဗာနဓာတုသုတ်,37,
"<font size=""1"">",၈-ပဋိသလ္လာနသုတ်,38,
"<font size=""1"">",၉-သိက္ခာနိသံသသုတ်,39,
"<font size=""1"">",၁၀-ဇာဂရိယသုတ်,40,
"<font size=""1"">",၁၁-အာပါယိကသုတ်,41,
"<font size=""1"">",၁၂-ဒိဋ္ဌိဂတသုတ်,42,
"<font size=""2"">",၃-တိကနိပါတ်,43,
"<font size=""1.5"">",၁-ပဌမဝဂ်,43,
"<font size=""1"">",၁-မူလသုတ်,43,
"<font size=""1"">",၂-ဓာတုသုတ်,43,
"<font size=""1"">",၃-ပဌမဝေဒနာသုတ်,44,
"<font size=""1"">",၄-ဒုတိယဝေဒနာသုတ်,44,
"<font size=""1"">",၅-ပဌမဧသနာသုတ်,45,
"<font size=""1"">",၆-ဒုတိယဧသနာသုတ်,46,
"<font size=""1"">",၇-ပဌမအာသဝသုတ်,46,
"<font size=""1"">",၈-ဒုတိယအာသဝသုတ်,47,
"<font size=""1"">",၉-တဏှာသုတ်,47,
"<font size=""1"">",၁၀-မာရဓေယျသုတ်,48,
"<font size=""1.5"">",၂-ဒုတိယဝဂ်,49,
"<font size=""1"">",၁-ပုညကိရိယဝတ္ထုသုတ်,49,
"<font size=""1"">",၂-စက္ခုသုတ်,49,
"<font size=""1"">",၃-ဣနြ္ဒိယသုတ်,50,
"<font size=""1"">",၄-အဒ္ဓါသုတ်,51,
"<font size=""1"">",၅-ဒုစ္စရိတသုတ်,51,
"<font size=""1"">",၆-သုစရိတသုတ်,52,
"<font size=""1"">",၇-သောစေယျသုတ်,52,
"<font size=""1"">",၈-မောနေယျသုတ်,53,
"<font size=""1"">",၉-ပဌမရာဂသုတ်,53,
"<font size=""1"">",၁၀-ဒုတိယရာဂသုတ်,54,
"<font size=""1.5"">",၃-တတိယဝဂ်,55,
"<font size=""1"">",၁-မိစ္ဆာဒိဋ္ဌိကသုတ်,55,
"<font size=""1"">",၂-သမ္မာဒိဋ္ဌိကသုတ်,56,
"<font size=""1"">",၃-နိဿရဏိယသုတ်,57,
"<font size=""1"">",၄-သန္တတရသုတ်,58,
"<font size=""1"">",၅-ပုတ္တသုတ်,59,
"<font size=""1"">",၆-အဝုဋ္ဌိကသုတ်,61,
"<font size=""1"">",၇-သုခပတ္ထနာသုတ်,62,
"<font size=""1"">",၈-ဘိဒုရသုတ်,63,
"<font size=""1"">",၉-ဓာတုသော သံသန္ဒနသုတ်,64,
"<font size=""1"">",၁၀-ပရိဟာနသုတ်,65,
"<font size=""1.5"">",၄-စတုတ္ထဝဂ်,66,
"<font size=""1"">",၁-ဝိတက္ကသုတ်,66,
"<font size=""1"">",၂-သက္ကာရသုတ်,67,
"<font size=""1"">",၃-ဒေဝသဒ္ဒသုတ်,68,
"<font size=""1"">",၄-ပဉ္စပုဗ္ဗနိမိတ္တသုတ်,69,
"<font size=""1"">",၅-ဗဟုဇနဟိတသုတ်,71,
"<font size=""1"">",၆-အသုဘာနုပဿီသုတ်,72,
"<font size=""1"">",၇-ဓမ္မာနုဓမ္မပဋိပန္နသုတ်,73,
"<font size=""1"">",၈-အန္ဓကရဏသုတ်,73,
"<font size=""1"">",၉-အန္တရာမလသုတ်,75,
"<font size=""1"">",၁၀-ဒေဝဒတ္တသုတ်,76,
"<font size=""1.5"">",၅-ပဉ္စမဝဂ်,77,
"<font size=""1"">",၁-အဂ္ဂပ္ပသာဒသုတ်,77,
"<font size=""1"">",၂-ဇီဝိကသုတ်,78,
"<font size=""1"">",၃-သင်္ဃာဋိကဏ္ဏသုတ်,79,
"<font size=""1"">",၄-အဂ္ဂိသုတ်,80,
"<font size=""1"">",၅-ဥပပရိက္ခသုတ်,81,
"<font size=""1"">",၆-ကာမူပပတ္တိသုတ်,82,
"<font size=""1"">",၇-ကာမယောဂသုတ်,83,
"<font size=""1"">",၈-ကလျာဏသီလသုတ်,84,
"<font size=""1"">",၉-ဒါနသုတ်,85,
"<font size=""1"">",၁၀-တေဝိဇ္ဇသုတ်,86,
"<font size=""2"">",၄-စတုက္ကနိပါတ်,88,
"<font size=""1.5"">",၁-ဗြာဟ္မဏဓမ္မယာဂသုတ်,88,
"<font size=""1.5"">",၂-သုလဘသုတ်,89,
"<font size=""1.5"">",၃-အာသဝက္ခယသုတ်,90,
"<font size=""1.5"">",၄-သမဏဗြာဟ္မဏသုတ်,91,
"<font size=""1.5"">",၅-သီလသမ္ပန္နသုတ်,92,
"<font size=""1.5"">",၆-တဏှုပ္ပါဒသုတ်,93,
"<font size=""1.5"">",၇-သဗြဟ္မကသုတ်,94,
"<font size=""1.5"">",၈-ဗဟုကာရသုတ်,95,
"<font size=""1.5"">",၉-ကုဟသုတ်,96,
"<font size=""1.5"">",၁၀-နဒီသောတသုတ်,97,
"<font size=""1.5"">",၁၁-စရသုတ်,98,
"<font size=""1.5"">",၁၂-သမ္ပန္နသီလသုတ်,100,
"<font size=""1.5"">",၁၃-လောကသုတ်,102,
6,06_khuddaka_05,သုတ္တနိပါတ်,159
"<font size=""2"">",၁-ဥရဂဝဂ်,1,
"<font size=""1.5"">",၁-ဥရဂသုတ်,1,
"<font size=""1.5"">",၂-ဓနိယသုတ်,3,
"<font size=""1.5"">",၃-ခဂ္ဂဝိသာဏသုတ်,5,
"<font size=""1.5"">",၄-ကသိဘာရဒွါဇသုတ်,9,
"<font size=""1.5"">",၅-စုန္ဒသုတ်,12,
"<font size=""1.5"">",၆-ပရာဘဝသုတ်,13,
"<font size=""1.5"">",၇-ဝသလသုတ်,16,
"<font size=""1.5"">",၈-မေတ္တသုတ်,19,
"<font size=""1.5"">",၉-ဟေမဝတသုတ်,20,
"<font size=""1.5"">",၁၀-အာဠဝကသုတ်,24,
"<font size=""1.5"">",၁၁-ဝိဇယသုတ်,26,
"<font size=""1.5"">",၁၂-မုနိသုတ်,27,
"<font size=""2"">",၂-စူဠဝဂ်,30,
"<font size=""1.5"">",၁-ရတနသုတ်,30,
"<font size=""1.5"">",၂-အာမဂန္ဓသုတ်,32,
"<font size=""1.5"">",၃-ဟိရိသုတ်,34,
"<font size=""1.5"">",၄-မင်္ဂလသုတ်,35,
"<font size=""1.5"">",၅-သူစိလောမသုတ်,36,
"<font size=""1.5"">",၆-ဓမ္မစရိယသုတ်,38,
"<font size=""1.5"">",၇-ဗြာဟ္မဏဓမ္မိကသုတ်,39,
"<font size=""1.5"">",၈-နာဝါသုတ်,42,
"<font size=""1.5"">",၉-ကိံသီလသုတ်,43,
"<font size=""1.5"">",၁၀-ဥဋ္ဌာနသုတ်,44,
"<font size=""1.5"">",၁၁-ရာဟုလသုတ်,45,
"<font size=""1.5"">",၁၂-နိဂြောဓကပ္ပသုတ်,46,
"<font size=""1.5"">",၁၃-သမ္မာပရိဗ္ဗာဇနီယသုတ်,48,
"<font size=""1.5"">",၁၄-ဓမ္မိကသုတ်,50,
"<font size=""2"">",၃-မဟာဝဂ်,54,
"<font size=""1.5"">",၁-ပဗ္ဗဇ္ဇာသုတ်,54,
"<font size=""1.5"">",၂-ပဓာနသုတ်,56,
"<font size=""1.5"">",၃-သုဘာသိတသုတ်,58,
"<font size=""1.5"">",၄-သုန္ဒရိကဘာရဒွါဇသုတ်,59,
"<font size=""1.5"">",၅-မာဃသုတ်,64,
"<font size=""1.5"">",၆-သဘိယသုတ်,68,
"<font size=""1.5"">",၇-သေလသုတ်,75,
"<font size=""1.5"">",၈-သလ္လသုတ်,82,
"<font size=""1.5"">",၉-ဝါသေဋ္ဌသုတ်,84,
"<font size=""1.5"">",၁၀-ကောကာလိကသုတ်,90,
"<font size=""1.5"">",၁၁-နာလကသုတ်,94,
"<font size=""1.5"">",၁၂-ဒွယတာနုပဿနာသုတ်,98,
"<font size=""2"">",၄-အဋ္ဌကဝဂ်,105,
"<font size=""1.5"">",၁-ကာမသုတ်,105,
"<font size=""1.5"">",၂-ဂုဟဋ္ဌကသုတ်,106,
"<font size=""1.5"">",၃-ဒုဋ္ဌဋ္ဌကသုတ်,107,
"<font size=""1.5"">",၄-သုဒ္ဓဋ္ဌကသုတ်,108,
"<font size=""1.5"">",၅-ပရမဋ္ဌကသုတ်,109,
"<font size=""1.5"">",၆-ဇရာသုတ်,110,
"<font size=""1.5"">",၇-တိဿမေတ္တေယျသုတ်,111,
"<font size=""1.5"">",၈-ပသူရသုတ်,112,
"<font size=""1.5"">",၉-မာဂဏ္ဍိယသုတ်,113,
"<font size=""1.5"">",၁၀-ပုရာဘေဒသုတ်,115,
"<font size=""1.5"">",၁၁-ကလဟဝိဝါဒသုတ်,117,
"<font size=""1.5"">",၁၂-စူဠဗျူဟသုတ်,119,
"<font size=""1.5"">",၁၃-မဟာဗျုဟသုတ်,121,
"<font size=""1.5"">",၁၄-တုဝဋကသုတ်,124,
"<font size=""1.5"">",၁၅-အတ္တဒဏ္ဍသုတ်,126,
"<font size=""1.5"">",၁၆-သာရိပုတ္တသုတ်,128,
"<font size=""2"">",၅-ပါရာယနဝဂ်,131,
"<font size=""1.5"">",၁-ဝတ္ထုဂါထာ,131,
"<font size=""1.5"">",၁-အဇိတမာဏဝပုစ္ဆာ,135,
"<font size=""1.5"">",၂-တိဿမေတ္တေယျမာဏဝပုစ္ဆာ,137,
"<font size=""1.5"">",၄-မေတ္တဂူမာဏဝပုစ္ဆာ,139,
"<font size=""1.5"">",၅-ဓောတကမာဏဝပုစ္ဆာ,141,
"<font size=""1.5"">",၆-ဥပသီဝမာဏဝပုစ္ဆာ,142,
"<font size=""1.5"">",၇-နန္ဒမာဏဝပုစ္ဆာ,143,
"<font size=""1.5"">",၈-ဟေမကမာဏဝပုစ္ဆာ,145,
"<font size=""1.5"">",၉-တောဒေယျမာဏဝပုစ္ဆာ,146,
"<font size=""1.5"">",၁၀-ကပ္ပမာဏဝပုစ္ဆာ,147,
"<font size=""1.5"">",၁၁-ဇတုကဏ္ဏိမာဏဝပုစ္ဆာ,148,
"<font size=""1.5"">",၁၂-ဘဒြာဝုဓမာဏဝပုစ္ဆာ,149,
"<font size=""1.5"">",၁၃-ဥဒယမာဏဝပုစ္ဆာ,150,
"<font size=""1.5"">",၁၄-ပေါသာလမာဏဝပုစ္ဆာ,151,
"<font size=""1.5"">",၁၅-မောဃရာဇမာဏဝပုစ္ဆာ,152,
"<font size=""1.5"">",၁၆-ပိင်္ဂိယမာဏဝပုစ္ဆာ,153,
"<font size=""1.5"">",ပါရာယနတ္ထုတိဂါထာ,154,
"<font size=""1.5"">",ပါရာယနာနုဂီတိဂါထာ,155,
"<font size=""1.5"">",သုတ်၏ ဥဒါန်း,157,
6,06_khuddaka_06,ဝိမာနဝတ္ထု,138
"<font size=""2"">",၁-ဣတ္ထိဝိမာန,1,
"<font size=""1.5"">",၁-ပီဌဝဂ္ဂ,1,
"<font size=""1"">",၁-ပဌမပီဌဝိမာနဝတ္ထု,1,
"<font size=""1"">",၂-ဒုတိယပီဌဝိမာနဝတ္ထု,2,
"<font size=""1"">",၃-တတိယပီဌဝိမာနဝတ္ထု,3,
"<font size=""1"">",၄-စတုတ္ထပီဌဝိမာနဝတ္ထု,4,
"<font size=""1"">",၅-ကုဉ္ဇရဝိမာနဝတ္ထု,5,
"<font size=""1"">",၆-ပဌမနာဝါဝိမာနဝတ္ထု,7,
"<font size=""1"">",၇-ဒုတိယနာဝါဝိမာနဝတ္ထု,8,
"<font size=""1"">",၈-တတိယနာဝါဝိမာနဝတ္ထု,9,
"<font size=""1"">",၉-ဒီပဝိမာနဝတ္ထု,10,
"<font size=""1"">",၁၀-တိလဒက္ခိဏဝိမာနဝတ္ထု,12,
"<font size=""1"">",၁၁-ပဌမပတိဗ္ဗတာဝိမာနဝတ္ထု,13,
"<font size=""1"">",၁၂-ဒုတိယပတိဗ္ဗတာဝိမာနဝတ္ထု,14,
"<font size=""1"">",၁၃-ပဌမသုဏိသာဝိမာနဝတ္ထု,15,
"<font size=""1"">",၁၄-ဒုတိယသုဏိသာဝိမာနဝတ္ထု,16,
"<font size=""1"">",၁၅-ဥတ္တရာဝိမာနဝတ္ထု,17,
"<font size=""1"">",၁၆-သိရိမာဝိမာနဝတ္ထု,18,
"<font size=""1"">",၁၇-ကေသကာရီဝိမာနဝတ္ထု,20,
"<font size=""1.5"">",၂-စိတ္တလတာဝဂ်,22,
"<font size=""1"">",၁-ဒါသိဝိမာနဝတ္ထု,22,
"<font size=""1"">",၂-လခုမာဝိမာနဝတ္ထု,23,
"<font size=""1"">",၃-အာစာမဒါယိကာဝိမာနဝတ္ထု,25,
"<font size=""1"">",၄-စဏ္ဍာလိဝိမာနဝတ္ထု,26,
"<font size=""1"">",၅-ဘဒ္ဒိတ္ထိဝိမာနဝတ္ထု,27,
"<font size=""1"">",၆-သော ဏဒိန္နာဝိမာနဝတ္ထု,29,
"<font size=""1"">",၇-ဥပေါသထာဝိမာနဝတ္ထု,30,
"<font size=""1"">",၈-နိဒ္ဒါဝိမာနဝတ္ထု,32,
"<font size=""1"">",၉-သုနိဒ္ဒါဝိမာနဝတ္ထု,33,
"<font size=""1"">",၁၀-ပဌမဘိက္ခာဒါယိကာဝိမာနဝတ္ထု,34,
"<font size=""1"">",၁၁-ဒုတိယဘိက္ခာဒါယိကာဝိမာနဝတ္ထု,35,
"<font size=""1.5"">",၃-ပါရိစ္ဆတ္တဝဂ်,36,
"<font size=""1"">",၁-ဥဠာရဝိမာနဝတ္ထု,36,
"<font size=""1"">",၂-ဥစ္ဆုဒါယိကာဝိမာနဝတ္ထု,37,
"<font size=""1"">",၃-ပလ္လင်္ကဝိမာနဝတ္ထု,39,
"<font size=""1"">",၄-လတာဝိမာနဝတ္ထု,40,
"<font size=""1"">",၅-ဂုတ္တိလဝိမာနဝတ္ထု,41,
"<font size=""1"">",၁-ဝတ္ထုတ္တမဒါယိကာဝိမာနဝတ္ထု,41,
"<font size=""1"">",၂-ပုပ္ဖုတ္တမဒါယိကာဝိမာနဝတ္ထု (၁),43,
"<font size=""1"">",၃-ဂန္ဓုတ္တမဒါယိကာဝိမာနဝတ္ထု (၂),44,
"<font size=""1"">",၄-ဖလုတ္တမဒါယိကာဝိမာနဝတ္ထု (၃),45,
"<font size=""1"">",၅-ရသုတ္တမဒါယိကာဝိမာနဝတ္ထု (၄),46,
"<font size=""1"">",၆-ဂန္ဓပဉ္စင်္ဂုလိကဒါယိကာဝိမာနဝတ္ထု,47,
"<font size=""1"">",၇-ဧကူပေါသထဝိမာနဝတ္ထု (၁),48,
"<font size=""1"">",၈-ဥဒကဒါယိကာဝိမာနဝတ္ထု (၂),49,
"<font size=""1"">",၉-ဥပဋ္ဌာနဝိမာနဝတ္ထု (၃),50,
"<font size=""1"">",၁၀-အပရကမ္မကာရိနီဝိမာနဝတ္ထု (၄),51,
"<font size=""1"">",၁၁-ခီရောဒနာဒါယိကာဝိမာနဝတ္ထု,52,
"<font size=""1"">",၁၂-ဖာဏိတဒါယိကာဝိမာနဝတ္ထု (၁),53,
"<font size=""1"">",၁၃-ဥစ္ဆုခဏ္ဍိကဒါယိကာဝတ္ထု (၂),53,
"<font size=""1"">",၁၄-တိမ္ဗရုသကဒါယိကာဝိမာနဝတ္ထု (၃),53,
"<font size=""1"">",၁၅-ကက္ကာရိကဒါယိကာဝိမာနဝတ္ထု (၄),53,
"<font size=""1"">",၁၆-ဧဠာလုကဒါယိကာဝိမာနဝတ္ထု (၅),54,
"<font size=""1"">",၁၇-ဝလ္လိဖလဒါယိကာဝိမာနဝတ္ထု (၆),54,
"<font size=""1"">",၁၈-ဖာရုသကဒါယိကာဝိမာနဝတ္ထု (၇),54,
"<font size=""1"">",၁၉-ဟတ္ထပ္ပတာပကဒါယိကာဝိမာနဝတ္ထု (၈),54,
"<font size=""1"">",၂၀-သာကမုဋ္ဌိဒါယိကာဝိမာနဝတ္ထု (၉),54,
"<font size=""1"">",၂၁-ပုပ္ပကမုဋ္ဌိဒါယိကာဝိမာနဝတ္ထု (၁၀),55,
"<font size=""1"">",၂၂-မူလကဒါယိကာဝိမာနဝတ္ထု (၁၁),55,
"<font size=""1"">",၂၃-နိမ္ဗမုဋ္ဌိဒါယိကာဝိမာနဝတ္ထု (၁၂),55,
"<font size=""1"">",၂၄-အမ္ဗကဉ္စိကဒါယိကာဝိမာနဝတ္ထု (၁၃),55,
"<font size=""1"">",၂၅-မူလကဒါယိကာဝိမာနဝတ္ထု (၁၄),55,
"<font size=""1"">",၂၆-ကာယဗန္ဓနဒါယိကာဝိမာနဝတ္ထု (၁၅),56,
"<font size=""1"">",၂၇-အံသဗဒ္ဓကဒါယိကာဝိမာနဝတ္ထု (၁၆),56,
"<font size=""1"">",၂၈-အာယောဂပဋ္ဋဒါယိကာဝိမာနဝတ္ထု (၁၇),56,
"<font size=""1"">",၂၉-ဝိဓူပနဒါယိကာဝိမာနဝတ္ထု (၁၈),56,
"<font size=""1"">",၃၀-တာလဝဏ္ဋဒါယိကာဝိမာနဝတ္ထု (၁၉),56,
"<font size=""1"">",၃၁-မောရဟတ္ထဒါယိကာဝိမာနဝတ္ထု (၂၀),57,
"<font size=""1"">",၃၂-ဆတ္တဒါယိကာဝိမာနဝတ္ထု (၂၁),57,
"<font size=""1"">",၃၃-ဥပါဟနဒါယိကာဝိမာနဝတ္ထု (၂၂),57,
"<font size=""1"">",၃၄-ပူဝဒါယိကာဝိမာနဝတ္ထု (၂၃),57,
"<font size=""1"">",၃၅-မောဒကဒါယိကာဝိမာနဝတ္ထု (၂၄),57,
"<font size=""1"">",၃၆-သက္ခလိကာဒါယိကာဝိမာနဝတ္ထု (၂၅),58,
"<font size=""1"">",၆-ဒဒ္ဒလ္လဝိမာနဝတ္ထု,59,
"<font size=""1"">",၇-ပေသဝတီဝိမာနဝတ္ထု,62,
"<font size=""1"">",၈-မလ္လိကာဝိမာနဝတ္ထု,64,
"<font size=""1"">",၉-ဝိသာလက္ခိဝိမာနဝတ္ထု,65,
"<font size=""1"">",၁၀-ပါရိစ္ဆတ္တကဝိမာနဝတ္ထု,66,
"<font size=""1.5"">",၄-မဉ္ဇိဋ္ဌကဝဂ်,68,
"<font size=""1"">",၁-မဥ္ဇိဋ္ဌကဝိမာနဝတ္ထု,68,
"<font size=""1"">",၂-ပဘဿရဝိမာနဝတ္ထု,69,
"<font size=""1"">",၃-နာဂဝိမာနဝတ္ထု,70,
"<font size=""1"">",၄-အလောမဝိမာနဝတ္ထု,71,
"<font size=""1"">",၅-ကဉ္ဇိကဒါယိကာဝိမာနဝတ္ထု,72,
"<font size=""1"">",၆-ဝိဟာရဝိမာနဝတ္ထု,73,
"<font size=""1"">",၇-စတုရိတ္ထိဝိမာနဝတ္ထု,75,
"<font size=""1"">",၈-အမ္ဗဝိမာနဝတ္ထု,77,
"<font size=""1"">",၉-ပီတဝိမာနဝတ္ထု,78,
"<font size=""1"">",၁၀-ဥ စ္ဆုဝိမာနဝတ္ထု,79,
"<font size=""1"">",၁၁-ဝန္ဒနဝိမာနဝတ္ထု,81,
"<font size=""1"">",၁၂-ရဇ္ဇုမာလာဝိမာနဝတ္ထု,82,
"<font size=""1.5"">",၅-မဟာရထဝဂ်,85,
"<font size=""1"">",၁-မဏ္ဍူကဒေဝပုတ္တဝိမာနဝတ္ထု,85,
"<font size=""1"">",၂-ရေဝတီဝိမာနဝတ္ထု,86,
"<font size=""1"">",၃-ဆတ္တမာဏဝကဝိမာနဝတ္ထု,88,
"<font size=""1"">",၄-ကက္ကဋက ရသ ဒါယကဝိမာနဝတ္ထု,92,
"<font size=""1"">",၅-ဒွါရပါလက ဝိမာနဝတ္ထု,93,
"<font size=""1"">",၆-ပဌမကရဏီယဝိမာနဝတ္ထု,94,
"<font size=""1"">",၇-ဒုတိယကရဏီယဝိမာနဝတ္ထု,95,
"<font size=""1"">",၈-ပဌမသူစိဝိမာနဝတ္ထု,96,
"<font size=""1"">",၉-ဒုတိယသူစိဝိမာနဝတ္ထု,97,
"<font size=""1"">",၁၀-ပဌမနာဂဝိမာနဝတ္ထု,98,
"<font size=""1"">",၁၁-ဒုတိယနာဂဝိမာနဝတ္ထု,99,
"<font size=""1"">",၁၂-တတိယနာဂဝိမာနဝတ္ထု,100,
"<font size=""1"">",၁၃-စူဠရထဝိမာနဝတ္ထု,101,
"<font size=""1"">",၁၄-မဟာရထဝိမာနဝတ္ထု,104,
"<font size=""1.5"">",၆-ပါယာသိဝဂ်,109,
"<font size=""1"">",၁-ပဌမအဂါရိယဝိမာနဝတ္ထု,109,
"<font size=""1"">",၂-ဒုတိယအဂါရိယဝိမာနဝတ္ထု,110,
"<font size=""1"">",၃-ဖလဒါယကဝိမာနဝတ္ထု,111,
"<font size=""1"">",၄-ပဌမဥပဿယဒါယကဝိမာနဝတ္ထု,112,
"<font size=""1"">",၅-ဒုတိယဥပဿယဒါယကဝိမာနဝတ္ထု,112,
"<font size=""1"">",၆-ဘိက္ခာဒါယကဝိမာနဝတ္ထု,113,
"<font size=""1"">",၇-ယဝပါလကဝိမာနဝတ္ထု,114,
"<font size=""1"">",၈-ပဌမကုဏ္ဍလီဝိမာနဝတ္ထု,115,
"<font size=""1"">",၉-ဒုတိယကုဏ္ဍလီဝိမာနဝတ္ထု,116,
"<font size=""1"">",၁၀-ပါယာသိဝိမာနဝတ္ထု,117,
"<font size=""1.5"">",၇-သုနိက္ခိတ္တဝဂ်,118,
"<font size=""1"">",၁-စိတ္တလတာဝိမာနဝတ္ထု,118,
"<font size=""1"">",၂-နန္ဒနဝိမာနဝတ္ထု,119,
"<font size=""1"">",၃-မဏိထူဏဝိမာနဝတ္ထု,120,
"<font size=""1"">",၄-သုဝဏ္ဏဝိမာနဝတ္ထု,121,
"<font size=""1"">",၅-အမ္ဗဝိမာနဝတ္ထု,122,
"<font size=""1"">",၆-ဂေါပါလဝိမာနဝတ္ထု,123,
"<font size=""1"">",၇-ကဏ္ဍကဝိမာနဝတ္ထု,125,
"<font size=""1"">",၈-အနေကဝဏ္ဏဝိမာနဝတ္ထု,127,
"<font size=""1"">",၉-မဋ္ဌကုဏ္ဍလီဝိမာနဝတ္ထု,129,
"<font size=""1"">",၁၀-သေရီသကဝိမာနဝတ္ထု,131,
"<font size=""1"">",၁၁-သုနိက္ခိတ္တဝိမာနဝတ္ထု,137,
6,06_khuddaka_07,ပေတဝတ္ထု,91
"<font size=""2"">",၁-ဥရဂဝဂ်,1,
"<font size=""1.5"">",၁-ခေတ္တူပမပေတဝတ္ထု,1,
"<font size=""1.5"">",၂-သူကရမုခပေတဝတ္ထု,2,
"<font size=""1.5"">",၃-ပူတိမုခပေတဝတ္ထု,2,
"<font size=""1.5"">",၄-ပိဋ္ဌဓီတလိကပေတဝတ္ထု,3,
"<font size=""1.5"">",၅-တိရောကုဋ္ဋပေတဝတ္ထု,3,
"<font size=""1.5"">",၆-ပဉ္စပုတ္တခါဒပေတိဝတ္ထု,5,
"<font size=""1.5"">",၇-သတ္တပုတ္တခါဒပေတိဝတ္ထု,6,
"<font size=""1.5"">",၈-ဂေါဏပေတဝတ္ထု,7,
"<font size=""1.5"">",၉-မဟာပေသကာရပေတိဝတ္ထု,8,
"<font size=""1.5"">",၁၀-ခလ္လာဋိယပေတိဝတ္ထု,9,
"<font size=""1.5"">",၁၁-နာဂပေတဝတ္ထု,10,
"<font size=""1.5"">",၁၂-ဥရဂပေတဝတ္ထု,12,
"<font size=""2"">",၂-ဥဗ္ဗရိဝဂ်,13,
"<font size=""1.5"">",၁-သံသာရမောစကပေတိဝတ္ထု,13,
"<font size=""1.5"">",၂-သာရိပုတ္တတ္ထေရမာတုပေတိဝတ္ထု,15,
"<font size=""1.5"">",၃-မတ္တာပေတိဝတ္ထု,17,
"<font size=""1.5"">",၄-နန္ဒာပေတိဝတ္ထု,20,
"<font size=""1.5"">",၅-မဋ္ဌကုဏ္ဍလီပေတဝတ္ထု,21,
"<font size=""1.5"">",၆-ကဏှပေတဝတ္ထု,24,
"<font size=""1.5"">",၇-ဓနပါလသေဋ္ဌိပေတဝတ္ထု,26,
"<font size=""1.5"">",၈-စူဠသေဋ္ဌိပေတဝတ္ထု,28,
"<font size=""1.5"">",၉-အကုင်္ရပေတဝတ္ထု,29,
"<font size=""1.5"">",၁၀-ဥတ္တရမာတုပေတိဝတ္ထု,35,
"<font size=""1.5"">",၁၁-သုတ္တပေတဝတ္ထု,36,
"<font size=""1.5"">",၁၂-ကဏ္ဏမုဏ္ဍပေတိဝတ္ထု,37,
"<font size=""1.5"">",၁၃-ဥဗ္ဗရိပေတဝတ္ထု,39,
"<font size=""2"">",၃-စူဠဝဂ်,42,
"<font size=""1.5"">",၁-အဘိဇ္ဇမာနပေတဝတ္ထု,42,
"<font size=""1.5"">",၂-သာဏဝါသီထေရပေတဝတ္ထု,44,
"<font size=""1.5"">",၃-ရထကာရပေတိဝတ္ထု,47,
"<font size=""1.5"">",၄-ဘုသပေတဝတ္ထု,48,
"<font size=""1.5"">",၅-ကုမာရပေတဝတ္ထု,49,
"<font size=""1.5"">",၆-သေရိဏီပေတိဝတ္ထု,50,
"<font size=""1.5"">",၇-မိဂလုဒ္ဒကပေတဝတ္ထု,52,
"<font size=""1.5"">",၈-ဒုတိယမိဂလုဒ္ဒကပေတဝတ္ထု,53,
"<font size=""1.5"">",၉-ကူဋဝိနိစ္ဆယိကပေတဝတ္ထု,54,
"<font size=""1.5"">",၁၀-ဓာတုဝိဝဏ္ဏပေတဝတ္ထု,55,
"<font size=""2"">",၄-မဟာဝဂ်,57,
"<font size=""1.5"">",၁-အမ္ဗသက္ကရပေတဝတ္ထု,57,
"<font size=""1.5"">",၂-သေရီသကပေတဝတ္ထု,66,
"<font size=""1.5"">",၃-နန္ဒကပေတဝတ္ထု,72,
"<font size=""1.5"">",၄-ရေဝတီပေတဝတ္ထု,77,
"<font size=""1.5"">",၅-ဥစ္ဆုပေတဝတ္ထု,79,
"<font size=""1.5"">",၆-ကုမာရပေတဝတ္ထု,81,
"<font size=""1.5"">",၇-ရာဇပုတ္တပေတဝတ္ထု,82,
"<font size=""1.5"">",၈-ဂူထခါဒကပေတဝတ္ထု,83,
"<font size=""1.5"">",၉-ဂူထခါဒကပေတိဝတ္ထု,84,
"<font size=""1.5"">",၁၀-ဂဏပေတဝတ္ထု,85,
"<font size=""1.5"">",၁၁-ပါဋလိပုတ္တပေတဝတ္ထု,87,
"<font size=""1.5"">",၁၂-အမ္ဗဝနပေတဝတ္ထု,88,
"<font size=""1.5"">",၁၃-အက္ခရုက္ခပေတဝတ္ထု,89,
"<font size=""1.5"">",၁၄-ဘောဂသံဟရပေတဝတ္ထု,89,
"<font size=""1.5"">",၁၅-သေဋ္ဌိပုတ္တပေတဝတ္ထု,90,
"<font size=""1.5"">",၁၆-သဋ္ဌိကူဋပေတဝတ္ထု,91,
6,06_khuddaka_08,ထေရာပဒါန်,662
"<font size=""2"">",၁-ဗုဒ္ဓဝဂ်,1,
"<font size=""1.5"">",၁-ဗုဒ္ဓအပဒါန်,1,
"<font size=""1.5"">",၂-ပစ္စေကဗုဒ္ဓအပဒါန်,8,
"<font size=""1.5"">",၃-၁-သာရိပုတ္တတ္ထေရအပဒါန်,14,
"<font size=""1.5"">",၃-၂-မဟာမောဂ္ဂလ္လာနတ္ထေရအပဒါန်,32,
"<font size=""1.5"">",၃-၃-မဟာကဿပတ္ထေရအပဒါန်,34,
"<font size=""1.5"">",၃-၄-အနုရုဒ္ဓတ္ထေရအပဒါန်,36,
"<font size=""1.5"">",၃-၅-ပုဏ္ဏမန္တာဏိပုတ္တတ္ထေရအပဒါန်,37,
"<font size=""1.5"">",၃-၆-ဥပါလိတ္ထေရအပဒါန်,38,
"<font size=""1.5"">",၃-၇- အညာသိကောဏ္ဍညတ္ထေရအပဒါန်,49,
"<font size=""1.5"">",၃-၈-ပိဏ္ဍောလဘာရဒွါဇတ္ထေရအပဒါန်,51,
"<font size=""1.5"">",၃-၉-ခဒိရဝနိယရေဝတတ္ထေရအပဒါန်,52,
"<font size=""1.5"">",၃-၁၀-အာနန္ဒတ္ထေရအပဒါန်,54,
"<font size=""2"">",၂-သီဟာသနိယဝဂ်,56,
"<font size=""1.5"">",၁-သီဟာသနဒါယကတ္ထေရအပဒါန်,56,
"<font size=""1.5"">",၂-ဧကတ္ထမ္ဘိကတ္ထေရအပဒါန်,57,
"<font size=""1.5"">",၃-နန္ဒတ္ထေရအပဒါန်,59,
"<font size=""1.5"">",၄-စူဠပန္ထကတ္ထေရအပဒါန်,60,
"<font size=""1.5"">",၅-ပိလိန္ဒဝစ္ဆတ္ထေရအပဒါန်,62,
"<font size=""1.5"">",၆-ရာဟုလတ္ထေရအပဒါန်,63,
"<font size=""1.5"">",၇-ဥပသေနဝင်္ဂန္တပုတ္တတ္ထေရအပဒါန်,64,
"<font size=""1.5"">",၈-ရဋ္ဌပါလတ္ထေရအပဒါန်,65,
"<font size=""1.5"">",၉-သောပါကတ္ထေရအပဒါန်,67,
"<font size=""1.5"">",၁၀-သုမဂင်္လတ္ထေရအပဒါန်,68,
"<font size=""2"">",၃-သုဘူတိဝဂ်,70,
"<font size=""1.5"">",၁-သုဘူတိတ္ထေရအပဒါန်,70,
"<font size=""1.5"">",၂-ဥပဝါနတ္ထေရအပဒါန်,74,
"<font size=""1.5"">",၃-တိသရဏဂမနိယတ္ထေရအပဒါန်,78,
"<font size=""1.5"">",၄-ပဉ္စသီလသမာဒါနိယတ္ထေရအပဒါန်,80,
"<font size=""1.5"">",၅-အန္နသံသာဝကတ္ထေရအပဒါန်,82,
"<font size=""1.5"">",၆-ဓူပဒါယကတ္ထေရအပဒါန်,83,
"<font size=""1.5"">",၇-ပုလိနပူဇကတ္ထေရအပဒါန်,83,
"<font size=""1.5"">",၈-ဥတ္တိယတ္ထေရအပဒါန်,84,
"<font size=""1.5"">",၉-ဧကဉ္ဇလိကတ္ထေရအပဒါန်,85,
"<font size=""1.5"">",၁၀-ခေါမဒါယကတ္ထေရအပဒါန်,86,
"<font size=""2"">",၄-ကုဏ္ဍဓာနဝဂ်,87,
"<font size=""1.5"">",၁-ကုဏ္ဍဓာနတ္ထေရအပဒါန်,87,
"<font size=""1.5"">",၂-သာဂတတ္ထေရအပဒါန်,88,
"<font size=""1.5"">",၃-မဟာကစ္စာနတ္ထေရအပဒါန်,90,
"<font size=""1.5"">",၄-ကာဠုဒါယိတ္ထေရအပဒါန်,92,
"<font size=""1.5"">",၅-မောဃရာဇတ္ထေရအပဒါန်,93,
"<font size=""1.5"">",၆-အဓိမုတ္တတ္ထေရအပဒါန်,95,
"<font size=""1.5"">",၇-လသုဏဒါယကတ္ထေရအပဒါန်,95,
"<font size=""1.5"">",၈-အာယာဂဒါယကတ္ထေရအပဒါန်,96,
"<font size=""1.5"">",၉-ဓမ္မစက္ကိကတ္ထေရအပဒါန်,97,
"<font size=""1.5"">",၁၀-ကပ္ပရုက္ခိယတ္ထေရအပဒါန်,98,
"<font size=""2"">",၅-ဥပါလိဝဂ်,99,
"<font size=""1.5"">",၁-ဘာဂိနေယျုပါလိတ္ထေရအပဒါန်,99,
"<font size=""1.5"">",၂-သောဏကောဠိဝိသတ္ထေရအပဒါန်,101,
"<font size=""1.5"">",၃-ကာဠိဂေါဓာပုတ္တဘဒ္ဒိယတ္ထေရအပဒါန်,103,
"<font size=""1.5"">",၄-သန္နိဋ္ဌာပကတ္ထေရအပဒါန်,105,
"<font size=""1.5"">",၅-ပဉ္စဟတ္ထိယတ္ထေရအပဒါန်,106,
"<font size=""1.5"">",၆-ပဒုမစ္ဆဒနိယတ္ထေရအပဒါန်,107,
"<font size=""1.5"">",၇-သယနဒါယကတ္ထေရအပဒါန်,108,
"<font size=""1.5"">",၈-စကင်္မနဒါယကတ္ထေရအပဒါန်,109,
"<font size=""1.5"">",၉-သုဘဒ္ဒတ္ထေရအပဒါန်,110,
"<font size=""1.5"">",၁၀-စုန္ဒ္ဒတ္ထေရအပဒါန်,112,
"<font size=""2"">",၆-ဗီဇနိဝဂ်,114,
"<font size=""1.5"">",၁-ဝိဓူပနဒါယကတ္ထေရအပဒါန်,114,
"<font size=""1.5"">",၂-သတရံသိတ္ထေရအပဒါန်,115,
"<font size=""1.5"">",၃-သယနဒါယကတ္ထေရအပဒါန်,116,
"<font size=""1.5"">",၄-ဂန္ဓောဒကိယတ္ထေရအပဒါန်,117,
"<font size=""1.5"">",၅-ဩပဝယှတ္ထေရအပဒါန်,118,
"<font size=""1.5"">",၆-သပရိဝါရာသနတ္ထေရအပဒါန်,119,
"<font size=""1.5"">",၇-ပဉ္စဒီပကတ္ထေရအပဒါန်,120,
"<font size=""1.5"">",၈-ဓဇဒါယကတ္ထေရအပဒါန်,121,
"<font size=""1.5"">",၉-ပဒုမတ္ထေရအပဒါန်,122,
"<font size=""1.5"">",၁၀-အသနဗောဓိယတ္ထေရအပဒါန်,123,
"<font size=""2"">",၇-သကစိန္တနိယဝဂ်,125,
"<font size=""1.5"">",၁-သကစိန္တနိယတ္တေရအပဒါန်,125,
"<font size=""1.5"">",၂-အဝေါပုပ္ဖိယတ္ထေရအပဒါန်,126,
"<font size=""1.5"">",၃-ပစ္စာဂမနိယတ္ထေရအပဒါန်,127,
"<font size=""1.5"">",၄-ပရပ္ပသာဒကတ္ထေရအပဒါန်,128,
"<font size=""1.5"">",၅-ဘိသဒါယကတ္ထေရအပဒါန်,129,
"<font size=""1.5"">",၆-သုစိန္တိတတ္ထေရအပဒါန်,130,
"<font size=""1.5"">",၇-ဝတ္ထဒါယကတ္ထေရအပဒါန်,131,
"<font size=""1.5"">",၈-အမ္ဗဒါယကတ္ထေရအပဒါန်,132,
"<font size=""1.5"">",၉-သုမနတ္ထေရအပဒါန်,133,
"<font size=""1.5"">",၁၀-ပုပ္ဖစင်္ကောဋိယတ္ထေရအပဒါန်,134,
"<font size=""2"">",၈- နာဂသမာလဝဂ်,135,
"<font size=""1.5"">",၁-နာဂသမာလတ္ထေရအပဒါန်,135,
"<font size=""1.5"">",၂-ပဒသညကတ္ထေရအပဒါန်,136,
"<font size=""1.5"">",၃-ဗုဒ္ဓသညကတ္ထေရအပဒါန်,136,
"<font size=""1.5"">",၄-ဘိသာလုဝဒါယကတ္ထေရအပဒါန်,137,
"<font size=""1.5"">",၅-ဧကသညကတ္ထေရအပဒါန်,137,
"<font size=""1.5"">",၆-တိဏသန္ထရဒါယကတ္ထေရအပဒါန်,138,
"<font size=""1.5"">",၇-သူစိဒါယကတ္ထေရအပဒါန်,139,
"<font size=""1.5"">",၈-ပါဋလိပုပ္ဖိယတ္ထေရအပဒါန်,140,
"<font size=""1.5"">",၉-ဌိတဉ္ဇလိယတ္ထေရအပဒါန်,141,
"<font size=""1.5"">",၁၀-တိပဒုမိယတ္ထေရအပဒါန်,142,
"<font size=""2"">",၉-တိမိရဝဂ်,144,
"<font size=""1.5"">",၁-တိမိရပုပ္ဖိယတ္ထေရအပဒါန်,144,
"<font size=""1.5"">",၂-ဂတသညကတ္ထေရအပဒါန်,145,
"<font size=""1.5"">",၃-နိပန္နဉ္ဇလိကတ္ထေရအပဒါန်,146,
"<font size=""1.5"">",၄-အဓောပုပ္ဖိယတ္ထေရအပဒါန်,147,
"<font size=""1.5"">",၅-ရံသိသညကတ္ထေရအပဒါန်,148,
"<font size=""1.5"">",၆-ဒုတိယ ရံသိသညကတ္ထေရအပဒါန်,148,
"<font size=""1.5"">",၇-ဖလဒါယကတ္ထေရအပဒါန်,149,
"<font size=""1.5"">",၈-သဒ္ဒသညကတ္ထေရအပဒါန်,149,
"<font size=""1.5"">",၉-ဗောဓိသိဉ္စကတ္ထေရအပဒါန်,150,
"<font size=""1.5"">",၁၀-ပဒုမပုပ္ဖိယတ္ထေရအပဒါန်,151,
"<font size=""2"">",၁၀-သုဓာဝဂ်,152,
"<font size=""1.5"">",၁-သုဓာပိဏ္ဍိယတ္ထေရအပဒါန်,152,
"<font size=""1.5"">",၂-သုစိန္တိကတ္ထေရအပဒါန်,153,
"<font size=""1.5"">",၃-အဍ္ဎစေဠကတ္ထေရအပဒါန်,154,
"<font size=""1.5"">",၄-သူစိဒါယကတ္ထေရအပဒါန်,154,
"<font size=""1.5"">",၅-ဂန္ဓမာလိယတ္ထေရအပဒါန်,155,
"<font size=""1.5"">",၆-တိပုပ္ဖိယတ္ထေရအပဒါန်,156,
"<font size=""1.5"">",၇-မဓုပိဏ္ဍိကတ္ထေရအပဒါန်,157,
"<font size=""1.5"">",၈-သေနာသနဒါယကတ္ထေရအပဒါန်,158,
"<font size=""1.5"">",၉-ဝေယျာဝစ္စကတ္ထေရအပဒါန်,159,
"<font size=""1.5"">",၁၀-ဗုဒ္ဓုပဋ္ဌာကတ္ထေရအပဒါန်,160,
"<font size=""2"">",၁၁-ဘိက္ခဒါယိဝဂ်,161,
"<font size=""1.5"">",၁- ဘိက္ခဒါယကတ္ထေရအပဒါန်,161,
"<font size=""1.5"">",၂-ဉာဏသညိကတ္ထေရအပဒါန်,162,
"<font size=""1.5"">",၃-ဥပ္ပလဟတ္ထိယတ္ထေရအပဒါန်,163,
"<font size=""1.5"">",၄-ပဒပူဇကတ္ထေရအပဒါန်,163,
"<font size=""1.5"">",၅-မုဋ္ဌိပုပ္ဖိယတ္ထေရအပဒါန်,164,
"<font size=""1.5"">",၆-ဥဒကပူဇကတ္ထေရအပဒါန်,165,
"<font size=""1.5"">",၇-နဠမာလိယတ္ထေရအပဒါန်,166,
"<font size=""1.5"">",၈-အာသနုပဋ္ဌာဟကတ္ထေရအပဒါန်,167,
"<font size=""1.5"">",၉-ဗိဠာလိဒါကယတ္ထေရအပဒါန်,168,
"<font size=""1.5"">",၁၀-ရေဏုပူဇကတ္ထေရအပဒါန်,169,
"<font size=""2"">",၁၂-မဟာပရိဝါရဝဂ်,170,
"<font size=""1.5"">",၁-မဟာပရိဝါရကတ္ထေရအပဒါန်,170,
"<font size=""1.5"">",၂-သုမဂင်္လတ္ထေရအပဒါန်,171,
"<font size=""1.5"">",၃-သရဏဂမနိယတ္ထေရအပဒါန်,172,
"<font size=""1.5"">",၄-ဧကာသနိယတ္ထေရအပဒါန်,173,
"<font size=""1.5"">",၅-သုဝဏ္ဏပုပ္ဖိယတ္ထေရအပဒါန်,174,
"<font size=""1.5"">",၆-စိတကပူဇကတ္ထေရအပဒါန်,175,
"<font size=""1.5"">",၇-ဗုဒ္ဓသညကတ္ထေရအပဒါန်,176,
"<font size=""1.5"">",၈-မဂ္ဂသညကတ္ထေရအပဒါန်,177,
"<font size=""1.5"">",၉-ပစ္စုပဋ္ဌာနသညကတ္ထေရအပဒါန်,178,
"<font size=""1.5"">",၁၀-ဇာတိပူဇကတ္ထေရအပဒါန်,179,
"<font size=""2"">",၁၃-သေရေယျဝဂ်,180,
"<font size=""1.5"">",၁-သေရေယျကတ္ထေရအပဒါန်,180,
"<font size=""1.5"">",၂-ပုပ္ဖထူပိယတ္ထေရအပဒါန်,181,
"<font size=""1.5"">",၃-ပါယသဒါယကတ္ထေရအပဒါန်,182,
"<font size=""1.5"">",၄-ဂန္ဓောဒကိယတ္ထေရအပဒါန်,183,
"<font size=""1.5"">",၅-သမ္မုခါထဝိကတ္ထေရအပဒါန်,184,
"<font size=""1.5"">",၆-ကုသုမာသနိယတ္ထေရအပဒါန်,186,
"<font size=""1.5"">",၇-ဖလဒါယကတ္ထေရအပဒါန်,187,
"<font size=""1.5"">",၈-ဉာဏသညိကတ္ထေရအပဒါန်,188,
"<font size=""1.5"">",၉-ဂဏ္ဌိပုပ္ဖိယတ္ထေရအပဒါန်,189,
"<font size=""1.5"">",၁၀-ပဒုမပူဇကတ္ထေရအပဒါန်,190,
"<font size=""2"">",၁၄-သောဘိတဝဂ်,191,
"<font size=""1.5"">",၁-သောဘိတတ္ထေရအပဒါန်,191,
"<font size=""1.5"">",၂-သုဒဿနတ္ထေရအပဒါန်,192,
"<font size=""1.5"">",၃-စန္ဒနပူဇနကတ္ထေရအပဒါန်,193,
"<font size=""1.5"">",၄-ပုပ္ဖစ္ဆဒနိယတ္ထေရအပဒါန်,194,
"<font size=""1.5"">",၅-ရဟောသညကတ္ထေရအပဒါန်,195,
"<font size=""1.5"">",၆-စမ္ပကပုပ္ဖိယတ္ထေရအပဒါန်,196,
"<font size=""1.5"">",၇-အတ္ထသန္ဒဿကတ္ထေရအပဒါန်,197,
"<font size=""1.5"">",၈-ဧကပသာဒနိယတ္ထေရအပဒါန်,198,
"<font size=""1.5"">",၉-သာလပုပ္ဖဒါယကတ္ထေရအပဒါန်,199,
"<font size=""1.5"">",၁၀-ပိယာလဖလဒါယကတ္ထေရအပဒါန်,200,
"<font size=""2"">",၁၅-ဆတ္တဝဂ်,201,
"<font size=""1.5"">",၁-အတိဆတ္တိယတ္ထေရအပဒါန်,201,
"<font size=""1.5"">",၂-ထမ္ဘာရောပကတ္ထေရအပဒါန်,201,
"<font size=""1.5"">",၃-ဝေဒိကာရကတ္ထေရအပဒါန်,202,
"<font size=""1.5"">",၄-သပရိဝါရိယတ္ထေရအပဒါန်,202,
"<font size=""1.5"">",၅-ဥမာပုပ္ဖိယတ္ထေရအပဒါန်,203,
"<font size=""1.5"">",၆-အနုလေပဒါယကတ္ထေရအပဒါန်,204,
"<font size=""1.5"">",၇-မဂ္ဂဒါယကတ္ထေရအပဒါန်,204,
"<font size=""1.5"">",၈-ဖလကဒါယကတ္ထေရအပဒါန်,205,
"<font size=""1.5"">",၉-ဝဋံသကိယတ္ထေရအပဒါန်,206,
"<font size=""1.5"">",၁၀-ပလ္လကင်္ဒါယကတ္ထေရအပဒါန်,207,
"<font size=""2"">",၁၆-ဗန္ဓုဇီဝကဝဂ်,208,
"<font size=""1.5"">",၁-ဗန္ဓုဇီဝကတ္ထေရအပဒါန်,208,
"<font size=""1.5"">",၂-တမ္ဗပုပ္ဖိယတ္ထေရအပဒါန်,209,
"<font size=""1.5"">",၃-ဝီထိသမ္မဇ္ဇကတ္ထေရအပဒါန်,210,
"<font size=""1.5"">",၄-ကက္ကာရုပုပ္ဖပူဇကတ္ထေရအပဒါန်,211,
"<font size=""1.5"">",၅-မန္ဒာရဝပုပ္ဖပူဇကတ္ထေရအပဒါန်,211,
"<font size=""1.5"">",၆-ကဒမ္ဗပုပ္ဖိယတ္ထေရအပဒါန်,212,
"<font size=""1.5"">",၇-တိဏသူလကတ္ထေရအပဒါန်,212,
"<font size=""1.5"">",၈-နာဂပုပ္ဖိယတ္ထေရအပဒါန်,213,
"<font size=""1.5"">",၉-ပုန္နာဂပုပ္ဖိယတ္ထေရအပဒါန်,214,
"<font size=""1.5"">",၁၀-ကုမုဒဒါယကတ္ထေရအပဒါန်,215,
"<font size=""2"">",၁၇-သုပါရိစရိယဝဂ်,216,
"<font size=""1.5"">",၁-သုပါရိစရိယတ္ထေရအပဒါန်,216,
"<font size=""1.5"">",၂-ကဏဝေရပုပ္ဖိယတ္ထေရအပဒါန်,217,
"<font size=""1.5"">",၃-ခဇ္ဇကဒါယကတ္ထေရအပဒါန်,218,
"<font size=""1.5"">",၄-ဒေသပူဇကတ္ထေရအပဒါန်,219,
"<font size=""1.5"">",၅-ကဏိကာရဆတ္တိယတ္ထေရအပဒါန်,220,
"<font size=""1.5"">",၆-သပ္ပိဒါယကတ္ထေရအပဒါန်,221,
"<font size=""1.5"">",၇-ယူထိကပုပ္ဖိယတ္ထေရအပဒါန်,222,
"<font size=""1.5"">",၈-ဒုဿဒါယကတ္ထေရအပဒါန်,223,
"<font size=""1.5"">",၉-သမာဒပကတ္ထေရအပဒါန်,224,
"<font size=""1.5"">",၁၀-ပဉ္စဂုင်္လိယတ္ထေရအပဒါန်,225,
"<font size=""2"">",၁၈-ကုမုဒဝဂ်,226,
"<font size=""1.5"">",၁-ကုမုဒမာလိယတ္ထေရအပဒါန်,226,
"<font size=""1.5"">",၂-နိဿေဏိဒါယကတ္ထေရအပဒါန်,227,
"<font size=""1.5"">",၃-ရတ္တိပုပ္ဖိယတ္ထေရအပဒါန်,227,
"<font size=""1.5"">",၄-ဥဒပါနဒါယကတ္ထေရအပဒါန်,228,
"<font size=""1.5"">",၅-သီဟာသနဒါယကတ္ထေရအပဒါန်,228,
"<font size=""1.5"">",၆-မဂ္ဂဒတ္တိကတ္ထေရအပဒါန်,229,
"<font size=""1.5"">",၇-ဧကဒီပိယတ္ထေရအပဒါန်,229,
"<font size=""1.5"">",၈-မဏိပူဇကတ္ထေရအပဒါန်,230,
"<font size=""1.5"">",၉-တိကိစ္ဆကတ္ထေရအပဒါန်,230,
"<font size=""1.5"">",၁၀-သံဃုပဋ္ဌာကတ္ထေရအပဒါန်,231,
"<font size=""2"">",၁၉-ကုဋဇပုပ္ဖိယဝဂ်,232,
"<font size=""1.5"">",၁-ကုဋဇပုပ္ဖိယတ္ထေရအပဒါန်,232,
"<font size=""1.5"">",၂-ဗန္ဓုဇီဝကတ္ထေရအပဒါန်,233,
"<font size=""1.5"">",၃-ကောဋ ုမ္ဗရိယတ္ထေရအပဒါန်,234,
"<font size=""1.5"">",၄-ပဉ္စဟတ္ထိယတ္ထေရအပဒါန်,235,
"<font size=""1.5"">",၅-ဣသိမုဂ္ဂဒါယကတ္ထေရအပဒါန်,236,
"<font size=""1.5"">",၆-ဗောဓိဥပဋ္ဌာကတ္ထေရအပဒါန်,236,
"<font size=""1.5"">",၇-ဧကစိန္တိကတ္ထေရအပဒါန်,237,
"<font size=""1.5"">",၈-တိကဏ္ဏိပုပ္ဖိယတ္ထေရအပဒါန်,238,
"<font size=""1.5"">",၉-ဧကစာရိယတ္ထေရအပဒါန်,239,
"<font size=""1.5"">",၁၀-တိဝဏ္ဋိပုပ္ဖိယတ္ထေရအပဒါန်,240,
"<font size=""2"">",၂၀-တမာလပုပ္ဖိယဝဂ်,241,
"<font size=""1.5"">",၁-တမာလပုပ္ဖိယတ္ထေရအပဒါန်,241,
"<font size=""1.5"">",၂-တိဏသန္ထာရကတ္ထေရအပဒါန်,241,
"<font size=""1.5"">",၄-အသောကပူဇကတ္ထေရအပဒါန်,243,
"<font size=""1.5"">",၅-အင်္ကောလကတ္ထေရအပဒါန်,243,
"<font size=""1.5"">",၆-ကိသလယပူဇကတ္ထေရအပဒါန်,244,
"<font size=""1.5"">",၇-တိန္ဒုကဒါယကတ္ထေရအပဒါန်,245,
"<font size=""1.5"">",၈-မုဋ္ဌိပူဇကတ္ထေရအပဒါန်,246,
"<font size=""1.5"">",၉-ကိံကဏိကပုပ္ဖိယတ္ထေရအပဒါန်,246,
"<font size=""1.5"">",၁၀-ယူထိကပုပ္ဖိယတ္ထေရအပဒါန်,247,
"<font size=""2"">",၂၁-ကဏိကာရပုပ္ဖိယဝဂ်,248,
"<font size=""1.5"">",၁-ကဏိကာရပုပ္ဖိယတ္ထေရအပဒါန်,248,
"<font size=""1.5"">",၂-မိနေလပုပ္ဖိယတ္ထေရအပဒါန်,248,
"<font size=""1.5"">",၃-ကိကင်္ဏိပုပ္ဖိယတ္ထေရအပဒါန်,249,
"<font size=""1.5"">",၄-တရဏိယတ္ထေရအပဒါန်,249,
"<font size=""1.5"">",၅-နိဂ္ဂုဏ္ဍိပုပ္ဖိယတ္ထေရအပဒါန်,250,
"<font size=""1.5"">",၆-ဥဒကဒါယကတ္ထေရအပဒါန်,251,
"<font size=""1.5"">",၇-သလလမာလိယတ္ထေရအပဒါန်,251,
"<font size=""1.5"">",၈-ကောရဏ္ဍပုပ္ဖိယတ္ထေရအပဒါန်,252,
"<font size=""1.5"">",၉-အာဓာရဒါယကတ္ထေရအပဒါန်,252,
"<font size=""1.5"">",၁၀-ပါပနိဝါရိယတ္ထေရအပဒါန်,253,
"<font size=""2"">",၂၂-ဟတ္ထိဝဂ်,254,
"<font size=""1.5"">",၁-ဟတ္ထိဒါယကတ္ထေရအပဒါန်,254,
"<font size=""1.5"">",၂-ပါနဓိဒါယကတ္ထေရအပဒါန်,254,
"<font size=""1.5"">",၃-သစ္စသညကတ္ထေရအပဒါန်,255,
"<font size=""1.5"">",၄-ဧကသညကတ္ထေရအပဒါန်,256,
"<font size=""1.5"">",၅-ရံသိသညကတ္ထေရအပဒါန်,256,
"<font size=""1.5"">",၆-သန္ဓိတတ္ထေရအပဒါန်,257,
"<font size=""1.5"">",၇-တာလဝဏ္ဋဒါယကတ္ထေရအပဒါန်,257,
"<font size=""1.5"">",၈-အက္ကန္တသညကတ္ထေရအပဒါန်,258,
"<font size=""1.5"">",၉-သပ္ပိဒါယကတ္ထေရအပဒါန်,259,
"<font size=""1.5"">",၁၀-ပါပနိဝါရိယတ္ထေရအပဒါန်,260,
"<font size=""2"">",၂၃-အာလမ္ဗဏဒါယကဝဂ်,261,
"<font size=""1.5"">",၁-အာလမ္ဗဏဒါယကတ္ထေရအပဒါန်,261,
"<font size=""1.5"">",၂-အဇိနဒါယကတ္ထေရအပဒါန်,261,
"<font size=""1.5"">",၃-ဒွေရတနိယတ္ထေရအပဒါန်,262,
"<font size=""1.5"">",၄-အာရက္ခဒါယကတ္ထေရအပဒါန်,263,
"<font size=""1.5"">",၅-အဗျာဓိကတ္ထေရအပဒါန်,263,
"<font size=""1.5"">",၆-အင်္ကောလပုပ္ဖိယတ္ထေရအပဒါန်,264,
"<font size=""1.5"">",၇-သောဝဏ္ဏဝဋံသကိယတ္ထေရအပဒါန်,265,
"<font size=""1.5"">",၈-မိဉ္ဇဝဋံသကိယတ္ထေရအပဒါန်,265,
"<font size=""1.5"">",၉-သုကတာဝေဠိယတ္ထေရအပဒါန်,266,
"<font size=""1.5"">",၁၀-ဧကဝန္ဒနိယတ္တေရအပဒါန်,267,
"<font size=""2"">",၂၄-ဥဒကာသနဝဂ်,268,
"<font size=""1.5"">",၁-ဥဒကာသနဒါယကတ္ထေရအပဒါန်,268,
"<font size=""1.5"">",၂-ဘာဇနပါလကတ္ထေရအပဒါန်,268,
"<font size=""1.5"">",၃-သာလပုပ္ဖိယတ္ထေရအပဒါန်,269,
"<font size=""1.5"">",၄-ကိလဉ္ဇဒါယကတ္ထေရအပဒါန်,269,
"<font size=""1.5"">",၅-ဝေဒိကာရကတ္ထေရအပဒါန်,270,
"<font size=""1.5"">",၆-ဝဏ္ဏကာရတ္ထေရအပဒါန်,271,
"<font size=""1.5"">",၇-ပိယာလပုပ္ဖိယတ္ထေရအပဒါန်,271,
"<font size=""1.5"">",၈-အမ္ဗယာဂဒါယကတ္ထေရအပဒါန်,272,
"<font size=""1.5"">",၉-ဇဂတိကာရကတ္ထေရအပဒါန်,272,
"<font size=""1.5"">",၁၀-ဝါသိဒါယကတ္ထေရအပဒါန်,273,
"<font size=""2"">",၂၅-တုဝရဒါယကဝဂ်,274,
"<font size=""1.5"">",၁-တုဝရဒါယကတ္ထေရအပဒါန်,274,
"<font size=""1.5"">",၂-နာဂကေသရိယတ္ထေရအပဒါန်,274,
"<font size=""1.5"">",၃-နဠိနကေသရိယတ္ထေရအပဒါန်,275,
"<font size=""1.5"">",၄-ဝိရဝပုပ္ဖိယတ္ထေရအပဒါန်,276,
"<font size=""1.5"">",၅-ကုဋိဓူပကတ္ထေရအပဒါန်,276,
"<font size=""1.5"">",၆-ပတ္တဒါယကတ္ထေရအပဒါန်,277,
"<font size=""1.5"">",၇-ဓာတုပူဇကတ္ထေရအပဒါန်,277,
"<font size=""1.5"">",၈-သတ္တလိပုပ္ဖပူဇကတ္ထေရအပဒါန်,278,
"<font size=""1.5"">",၉-ဗိမ္ဗိဇာလိယတ္ထေရအပဒါန်,278,
"<font size=""1.5"">",၁၀-ဥဒ္ဒါလကဒါယကတ္ထေရအပဒါန်,279,
"<font size=""2"">",၂၆-ထောမကဝဂ်,280,
"<font size=""1.5"">",၁-ထောမကတ္ထေရအပဒါန်,280,
"<font size=""1.5"">",၂-ဧကာသနဒါယကတ္ထေရအပဒါန်,280,
"<font size=""1.5"">",၃-စိတကပူဇကတ္ထေရအပဒါန်,281,
"<font size=""1.5"">",၄-တိစမ္ပကပုပ္ဖိယတ္ထေရအပဒါန်,281,
"<font size=""1.5"">",၅-သတ္တပါဋလိယတ္ထေရအပဒါန်,282,
"<font size=""1.5"">",၆-ဥပါဟနဒါယကတ္ထေရအပဒါန်,282,
"<font size=""1.5"">",၇-မဉ္ဇရိပူဇကတ္ထေရအပဒါန်,283,
"<font size=""1.5"">",၈-ပဏ္ဏဒါယကတ္ထေရအပဒါန်,283,
"<font size=""1.5"">",၉-ကုဋိဒါယကတ္ထေရအပဒါန်,284,
"<font size=""1.5"">",၁၀-အဂ္ဂပုပ္ဖိယတ္ထေရအပဒါန်,285,
"<font size=""2"">",၂၇-ပဒုမုက္ခိပဝဂ်,286,
"<font size=""1.5"">",၁-အာကာသုက္ခိပိယတ္ထေရအပဒါန်,286,
"<font size=""1.5"">",၂-တေလမက္ခိယတ္ထေရအပဒါန်,286,
"<font size=""1.5"">",၃-အဍ္ဎစန္ဒိယတ္ထေရအပဒါန်,287,
"<font size=""1.5"">",၄-ပဒီပဒါယကတ္ထေရအပဒါန်,287,
"<font size=""1.5"">",၅-ဗိဠာလိဒါယကတ္ထေရအပဒါန်,288,
"<font size=""1.5"">",၆-မစ္ဆဒါယကတ္ထေရအပဒါန်,288,
"<font size=""1.5"">",၇-ဇဝဟံသကတ္ထေရအပဒါန်,289,
"<font size=""1.5"">",၈-သဠလပုပ္ဖိယတ္ထေရအပဒါန်,289,
"<font size=""1.5"">",၉- ဥပါဂတာသယတ္ထေရအပဒါန်,290,
"<font size=""1.5"">",၁၀-တရဏိယတ္ထေရအပဒါန်,291,
"<font size=""2"">",၂၈-သုဝဏ္ဏဗိဗ္ဗောဟနဝဂ်,292,
"<font size=""1.5"">",၁-သုဝဏ္ဏဗိဗ္ဗောဟနိယတ္ထေရအပဒါန်,292,
"<font size=""1.5"">",၂-တိလမုဋ္ဌိဒါယကတ္ထေရအပဒါန်,292,
"<font size=""1.5"">",၃-စင်္ကောဋကိယတ္ထေရအပဒါန်,293,
"<font size=""1.5"">",၄-အဗ္ဘဉ္ဇနဒါယကတ္ထေရအပဒါန်,293,
"<font size=""1.5"">",၅-ဧကဉ္ဇလိကတ္ထေရအပဒါန်,294,
"<font size=""1.5"">",၆-ပေါတ္ထကဒါယကတ္ထေရအပဒါန်,294,
"<font size=""1.5"">",၇-စိတကပူဇကတ္ထေရအပဒါန်,295,
"<font size=""1.5"">",၈-အာလုဝဒါယကတ္ထေရအပဒါန်,295,
"<font size=""1.5"">",၉-ဧကပုဏ္ဍရီကတ္ထေရအပဒါန်,296,
"<font size=""1.5"">",၁၀-တရဏီယတ္ထေရအပဒါန်,296,
"<font size=""2"">",၂၉-ပဏ္ဏဒါယကဝဂ်,297,
"<font size=""1.5"">",၁-ပဏ္ဏဒါယကတ္ထေရအပဒါန်,297,
"<font size=""1.5"">",၂-ဖလဒါယကတ္ထေရအပဒါန်,297,
"<font size=""1.5"">",၃-ပစ္စုဂ္ဂမနိယတ္ထေရအပဒါန်,298,
"<font size=""1.5"">",၄-ဧကပုပ္ဖိယတ္ထေရအပဒါန်,299,
"<font size=""1.5"">",၅-မဃဝပုပ္ဖိယတ္ထေရအပဒါန်,299,
"<font size=""1.5"">",၆-ဥပဋ္ဌာကဒါယကတ္ထေရအပဒါန်,300,
"<font size=""1.5"">",၇-အပဒါနိယတ္ထေရအပဒါန်,300,
"<font size=""1.5"">",၈-သတ္တာဟပဗ္ဗဇိတတ္ထေရအပဒါန်,301,
"<font size=""1.5"">",၉-ဗုဒ္ဓုပဋ္ဌာယိကတ္ထေရအပဒါန်,302,
"<font size=""1.5"">",၁၀-ပုဗ္ဗဂင်္မိယတ္ထေရအပဒါန်,303,
"<font size=""2"">",၃၀-စိတကပူဇကဝဂ်,304,
"<font size=""1.5"">",၁-စိတကပူဇကတ္ထေရအပဒါန်,304,
"<font size=""1.5"">",၂-ပုပ္ဖဓာရကတ္ထေရအပဒါန်,304,
"<font size=""1.5"">",၃-ဆတ္တဒါယကတ္ထေရအပဒါန်,305,
"<font size=""1.5"">",၄-သဒ္ဒသညကတ္ထေရအပဒါန်,306,
"<font size=""1.5"">",၅-ဂေါသီသနိက္ခေပကတ္ထေရအပဒါန်,306,
"<font size=""1.5"">",၆-ပါဒပူဇကတ္ထေရအပဒါန်,307,
"<font size=""1.5"">",၇-ဒေသကိတ္တကတ္ထေရအပဒါန်,308,
"<font size=""1.5"">",၈-သရဏဂမနိယတ္ထေရအပဒါန်,308,
"<font size=""1.5"">",၉-အမ္ဗပိဏ္ဍိယတ္ထေရအပဒါန်,309,
"<font size=""1.5"">",၁၀-အနုသံသာဝကတ္ထေရအပဒါန်,310,
"<font size=""2"">",၃၁-ပဒုမကေသရဝဂ်,311,
"<font size=""1.5"">",၁-ပဒုမကေသရိယတ္ထေရအပဒါန်,311,
"<font size=""1.5"">",၂-သဗ္ဗဂန္ဓိယတ္ထေရအပဒါန်,311,
"<font size=""1.5"">",၃-ပရမန္နဒါယကတ္ထေရအပဒါန်,312,
"<font size=""1.5"">",၄-ဓမ္မသညကတ္ထေရအပဒါန်,312,
"<font size=""1.5"">",၅-ဖလဒါယကတ္ထေရအပဒါန်,313,
"<font size=""1.5"">",၆-သမ္ပသာဒကတ္ထေရအပဒါန်,314,
"<font size=""1.5"">",၇-အာရာမဒါယကတ္ထေရအပဒါန်,315,
"<font size=""1.5"">",၈-အနုလေပဒါယကတ္ထေရအပဒါန်,316,
"<font size=""1.5"">",၉-ဗုဒ္ဓသညကတ္ထေရအပဒါန်,316,
"<font size=""1.5"">",၁၀-ပဗ္ဘာရဒါယကတ္ထေရအပဒါန်,317,
"<font size=""2"">",၃၂-အာရက္ခဒါယကဝဂ်,318,
"<font size=""1.5"">",၁-အာရက္ခဒါယကတ္ထေရအပဒါန်,318,
"<font size=""1.5"">",၂-ဘောဇနဒါယကတ္ထေရအပဒါန်,318,
"<font size=""1.5"">",၃-ဂတသညကတ္ထေရအပဒါန်,319,
"<font size=""1.5"">",၄-သတ္တပဒုမိယတ္ထေရအပဒါန်,319,
"<font size=""1.5"">",၅-ပုပ္ဖါသနဒါယကတ္ထေရအပဒါန်,320,
"<font size=""1.5"">",၆-အာသနသန္ထဝိကတ္ထေရအပဒါန်,321,
"<font size=""1.5"">",၇-သဒ္ဒသညကတ္ထေရအပဒါန်,322,
"<font size=""1.5"">",၈-တိရံသိယတ္ထေရအပဒါန်,323,
"<font size=""1.5"">",၉-ကန္ဒလိပုပ္ဖိယတ္ထေရအပဒါန်,324,
"<font size=""1.5"">",၁၀-ကုမုဒမာလိယတ္ထေရအပဒါန်,325,
"<font size=""2"">",၃၃-ဥမာပုပ္ဖိယဝဂ်,326,
"<font size=""1.5"">",၁-ဥမာပုပ္ဖိယတ္ထေရအပဒါန်,326,
"<font size=""1.5"">",၂-ပုလိနပူဇကတ္ထေရအပဒါန်,327,
"<font size=""1.5"">",၃-ဟာသဇနကတ္ထေရအပဒါန်,328,
"<font size=""1.5"">",၄-ယညသာမိကတ္ထေရအပဒါန်,329,
"<font size=""1.5"">",၅-နိမိတ္တသညကတ္ထေရအပဒါန်,330,
"<font size=""1.5"">",၆-အန္နသံသာဝကတ္ထေရအပဒါန်,331,
"<font size=""1.5"">",၇-နိဂ္ဂုဏ္ဍိပုပ္ဖိယတ္ထေရအပဒါန်,332,
"<font size=""1.5"">",၈-သုမနာဝေဠိယတ္ထေရအပဒါန်,334,
"<font size=""1.5"">",၉-ပုပ္ဖစ္ဆ တ္တိယတ္ထေရအပဒါန်,335,
"<font size=""1.5"">",၁၀-သပရိဝါရဆတ္တဒါယကတ္ထေရအပဒါန်,336,
"<font size=""2"">",၃၄-ဂန္ဓောဒကဝဂ်,338,
"<font size=""1.5"">",၁-ဂန္ဓဓူပိယတ္ထေရအပဒါန်,338,
"<font size=""1.5"">",၂-ဥဒကပူဇကတ္ထေရအပဒါန်,339,
"<font size=""1.5"">",၃-ပုန္နာဂပုပ္ဖိယတ္ထေရအပဒါန်,340,
"<font size=""1.5"">",၄-ဧကဒုဿဒါယကတ္ထေရအပဒါန်,340,
"<font size=""1.5"">",၅-ဖုသိတကမ္ပိယတ္ထေရအပဒါန်,342,
"<font size=""1.5"">",၆-ပဘကင်္ရတ္ထေရအပဒါန်,343,
"<font size=""1.5"">",၇-တိဏကုဋိဒါယကတ္ထေရအပဒါန်,345,
"<font size=""1.5"">",၈-ဥတ္တရေယျဒါယကတ္ထေရအပဒါန်,346,
"<font size=""1.5"">",၉-ဓမ္မသဝနိယတ္ထေရအပဒါန်,348,
"<font size=""1.5"">",၁၀-ဥက္ခိတ္တပဒုမိယတ္ထေရအပဒါန်,349,
"<font size=""2"">",၃၅-ဧကပဒုမိယဝဂ်,351,
"<font size=""1.5"">",၁-ဧကပဒုမိယတ္ထေရအပဒါန်,351,
"<font size=""1.5"">",၂-တီဏုပ္ပလမာလိယတ္ထေရအပဒါန်,352,
"<font size=""1.5"">",၃-ဓဇဒါယကတ္ထေရအပဒါန်,353,
"<font size=""1.5"">",၄-တိကိကင်္ဏိပူဇကတ္ထေရအပဒါန်,354,
"<font size=""1.5"">",၅-နဠာဂါရိကတ္ထေရအပဒါန်,354,
"<font size=""1.5"">",၆-စမ္ပကပုပ္ဖိယတ္ထေရအပဒါန်,355,
"<font size=""1.5"">",၇-ပဒုမပူဇကတ္ထေရအပဒါန်,356,
"<font size=""1.5"">",၈-တိဏမုဋ္ဌိဒါယကတ္ထေရအပဒါန်,357,
"<font size=""1.5"">",၉-တိန္ဒုကဖလဒါယကတ္ထေရအပဒါန်,358,
"<font size=""1.5"">",၁၀-ဧကဉ္ဇလိယတ္ထေရအပဒါန်,358,
"<font size=""2"">",၃၆-သဒ္ဒသညကဝဂ်,359,
"<font size=""1.5"">",၁-သဒ္ဒသညကတ္ထေရအပဒါန်,359,
"<font size=""1.5"">",၂-ယဝကလာပိယတ္ထေရအပဒါန်,360,
"<font size=""1.5"">",၃-ကိံသုကပူဇကတ္ထေရအပဒါန်,360,
"<font size=""1.5"">",၄-သကောသကကောရဏ္ဍဒါယကတ္ထေရအပဒါန်,361,
"<font size=""1.5"">",၅-ဒဏ္ဍဒါယကတ္ထေရအပဒါန်,361,
"<font size=""1.5"">",၆-အမ္ဗယာဂုဒါယကတ္ထေရအပဒါန်,362,
"<font size=""1.5"">",၇-သုပုဋကပူဇကတ္ထေရအပဒါန်,362,
"<font size=""1.5"">",၈-မဉ္စဒါယကတ္ထေရအပဒါန်,363,
"<font size=""1.5"">",၉-သရဏဂမနိယတ္ထေရအပဒါန်,363,
"<font size=""1.5"">",၁၀-ပိဏ္ဍပါတိကတ္ထေရအပဒါန်,364,
"<font size=""2"">",၃၇-မန္ဒာရဝပုပ္ဖိယဝဂ်,365,
"<font size=""1.5"">",၁-မန္ဒာရဝပုပ္ဖိယတ္ထေရအပဒါန်,365,
"<font size=""1.5"">",၂-ကက္ကာရုပုပ္ဖိယတ္ထေရအပဒါန်,365,
"<font size=""1.5"">",၃-ဘိသမုဠာလဒါယကတ္ထေရအပဒါန်,366,
"<font size=""1.5"">",၄-ကေသရပုပ္ဖိယတ္ထေရအပဒါန်,366,
"<font size=""1.5"">",၅-အင်္ကောလပုပ္ဖိယတ္ထေရအပဒါန်,367,
"<font size=""1.5"">",၆-ကဒမ္ဗပုပ္ဖိယတ္ထေရအပဒါန်,367,
"<font size=""1.5"">",၇-ဥဒ္ဒါလကပုပ္ဖိယတ္ထေရအပဒါန်,368,
"<font size=""1.5"">",၈-ဧကစမ္ပကပုပ္ဖိယတ္ထေရအပဒါန်,368,
"<font size=""1.5"">",၉-တိမိရပုပ္ဖိယတ္ထေရအပဒါန်,369,
"<font size=""1.5"">",၁၀-သဠလပုပ္ဖိယတ္ထေရအပဒါန်,370,
"<font size=""2"">",၃၈-ဗောဓိဝန္ဒနဝဂ်,371,
"<font size=""1.5"">",၁-ဗောဓိဝန္ဒကတ္ထေရအပဒါန်,371,
"<font size=""1.5"">",၂-ပါဋလိပုပ္ဖိယတ္ထေရအပဒါန်,372,
"<font size=""1.5"">",၃-တီဏုပ္ပလမာလိယတ္ထေရအပဒါန်,373,
"<font size=""1.5"">",၄-ပဋ္ဋိပုပ္ဖိယတ္ထေရအပဒါန်,374,
"<font size=""1.5"">",၅-သတ္တပဏ္ဏိယတ္ထေရအပဒါန်,375,
"<font size=""1.5"">",၆-ဂန္ဓမုဋ္ဌိယတ္ထေရအပဒါန်,376,
"<font size=""1.5"">",၇-စိတကပူဇကတ္ထေရအပဒါန်,376,
"<font size=""1.5"">",၈-သုမနတာလဝဏ္ဋိယတ္ထေရအပဒါန်,377,
"<font size=""1.5"">",၉-သုမနဒါမိယတ္ထေရအပဒါန်,378,
"<font size=""1.5"">",၁၀-ကာသုမာရိဖလဒါယကတ္ထေရအပဒါန်,379,
"<font size=""2"">",၃၉-အဝဋဖလဝဂ်,380,
"<font size=""1.5"">",၁-အဝဋဖလဒါယကတ္ထေရအပဒါန်,380,
"<font size=""1.5"">",၂-လဗုဇဒါယကတ္ထေရအပဒါန်,381,
"<font size=""1.5"">",၃-ဥဒုမ္ဗရဖလဒါယကတ္ထေရအပဒါန်,382,
"<font size=""1.5"">",၄-ပိလက္ခဖလဒါယကတ္ထေရအပဒါန်,383,
"<font size=""1.5"">",၅-ဖာရုသဖလဒါယကတ္ထေရအပဒါန်,383,
"<font size=""1.5"">",၆-ဝလ္လိဖလဒါယကတ္ထေရအပဒါန်,384,
"<font size=""1.5"">",၇-ကဒလိဖလဒါယကတ္ထေရအပဒါန်,385,
"<font size=""1.5"">",၈-ပနသဖလဒါယကတ္ထေရအပဒါန်,386,
"<font size=""1.5"">",၉-သောဏကောဋိဝီသတ္ထေရအပဒါန်,387,
"<font size=""1.5"">",၁၀-ပုဗ္ဗကမ္မပိလောတိကဗုဒ္ဓအပဒါန်,388,
"<font size=""2"">",၄၀-ပိလိန္ဒ္ဒဝစ္ဆဝဂ်,391,
"<font size=""1.5"">",၁-ပိလိန္ဒဝစ္ဆတ္ထေရအပဒါန်,391,
"<font size=""1"">",ပထမ,391,
"<font size=""1"">",(စိန္တနာကာရ) ကြံစည်စဉ်းစားပုံ,391,
"<font size=""1"">",(ဒါနဝတ္ထုသမ္ပာဒန) လှူဖွယ်ဝတ္ထုကို စီစဉ်ခြင်း,391,
"<font size=""1"">",(ဒါနောကာသယာစနာ) လှူဒါန်းခွင့် တောင်းခြင်း,393,
"<font size=""1"">",(နိမန္တနကထာ) ပင့်ဖိတ်လျှောက်ထားခြင်း,394,
"<font size=""1"">",(ဒါနပဋိယာဒန) လှူဖွယ်ဝတ္ထုစီရင်ခြင်း,395,
"<font size=""1"">",(ဒါနကထာ) လှူဒါန်းခြင်းနှင့် သက်ဆိုင်သော စကား,395,
"<font size=""1"">",((ဗျာကရဏ) ဟောကြားတော်မူခြင်း,396,
"<font size=""1"">",(ဒါနာနိသံသကထာ) ဒါန၏ အကျိုးဆက်ကို ဖော်ပြခြင်း,397,
"<font size=""1"">",(၁-ဆတ္တာနိသံသ) ထီးလှူဒါန်းခြင်း၏ အကျိုး,397,
"<font size=""1"">",(၂-ဒုဿာနိသံသ) အဝတ်ပုဆိုးလှူဒါန်းခြင်း၏ အကျိုး,397,
"<font size=""1"">",(၃-ပတ္တာနိသံသ) သပိတ်လှူခြင်း၏ အကျိုး,398,
"<font size=""1"">",(၄-ဝါသိအာနိသံသ) ပဲခွပ်လှူဒါန်းခြင်း၏ အကျိုး,398,
"<font size=""1"">",(၅-သတ္ထကာနိသံသ) ဓားငယ်လှူဒါန်းခြင်း၏ အကျိုး,398,
"<font size=""1"">",(၆-သူစိအာနိသံသ)အပ်လှူဒါန်းခြင်း၏ အကျိုး,399,
"<font size=""1"">",(၇-နခစ္ဆေဒနာနိသံသ) လက်သည်းလှီးဓားလှူဒါန်းခြင်း၏ အကျိုး,399,
"<font size=""1"">",(၈-ဝိဓူပနတာလဝဏ္ဋာနိသံသ) ယပ်လှူဒါန်းခြင်း၏ အကျိုး,399,
"<font size=""1"">","(၉-မောရဟတ္ထ စာမရ) ဥဒေါင်းမြီးယပ်, သားမြီးယပ်လှူဒါန်းခြင်း၏ အကျိုး",399,
"<font size=""1"">","(၁၀-ပရိဿာဝန ဓမ္မကရဏ) ရေစစ်, ဓမကရိုဏ်လှူဒါန်းခြင်း၏ အကျိုး",399,
"<font size=""1"">",(၁၁-တေလဓာရာနိသံသ) ဆီကျည်လှူဒါန်းခြင်း၏ အကျိုး,400,
"<font size=""1"">",(၁၂-သူစိဃရာနိသံသ)အပ်ကျည်လှူဒါန်းခြင်း၏ အကျိုး,400,
"<font size=""1"">",(၁၃-အံသဗဒ္ဓါနိသံသ) အံသကိုက်လှူဒါန်းခြင်း၏ အကျိုး,400,
"<font size=""1"">",(၁၄-ကာယဗန္ဓနာနိသံသ) ခါးပန်း၊ ကိးလှူဒါန်းခြင်း၏ အကျိုး,400,
"<font size=""1"">",(၁၅-အာဓာရကာနိသံသ) သပိတ်ခြေလှူဒါန်းခြင်း၏ အကျိုး,401,
"<font size=""1"">",(၁၆-ဘာဇနာနိသံသ) အိုးလှူဒါန်းခြင်း၏ အကျိုး,401,
"<font size=""1"">",(၁၇-ထာလကာနိသံသ) ခွက်လှူဒါန်းခြင်း၏ အကျိုး,401,
"<font size=""1"">",(၁၈-ဘေသဇ္ဇာနိသံသ) ဆေးလှူဒါန်းခြင်း၏ အကျိုး,402,
"<font size=""1"">",(၁၉-ဥပါဟနာနိသံသ) ဖိနပ်လှူဒါန်းခြင်း၏ အကျိုး,402,
"<font size=""1"">",(၂၀-ပါဒုကာနိသံသ) ခြေနင်းလှူဒါန်းခြင်း၏ အကျိုး,402,
"<font size=""1"">",(၂၁-ဥဒကပုဉ ္ဆနာနိသံသ) ရေသုတ်ပုဆိုးလှူဒါန်းခြင်း၏ အကျိုး,402,
"<font size=""1"">",(၂၂-ကတ္တရဒဏ္ဍာနိသံသ) တောင်ဝှေးလှူဒါန်းခြင်း၏ အကျိုး,403,
"<font size=""1"">",(၂၃-ဩသဓဉ္ဇနာနိသံသ) မျက်စဉ်းဆေးလှူဒါန်းခြင်း၏ အကျိုး,403,
"<font size=""1"">",(၂၄-ကုဉ္စိကာနိသံသ) သံကောက်လှူဒါန်းခြင်း၏ အကျိုး,403,
"<font size=""1"">",(၂၅-ကုဉ္စိကာဃရာနိသံသ) သံကောက်အိမ်လှူဒါန်းခြင်း၏ အကျိုး,403,
"<font size=""1"">",(၂၆-အာယောဂါနိသံသ) အာယောဂပတ်လှူဒါန်းခြင်း၏ အကျိုး,403,
"<font size=""1"">",(၂၇-ဓူမနေတ္တာနိသံသ) အခိုးတံလှူဒါန်းခြင်း၏ အကျိုး,404,
"<font size=""1"">",(၂၈-ဒီပဓာရာနိသံသ) ဆီမီးတိုင်လှူဒါန်းခြင်း၏ အကျိုး,404,
"<font size=""1"">",(၂၉-တုမ္ဗကကရဏ္ဍ) ဗူးနှင့် ကြုတ်လှူဒါန်းခြင်း၏ အကျိုး,404,
"<font size=""1"">",(၃၀-မလဟရဏာနိသံသ) လက်သုတ်ပုဝါလှူဒါန်းခြင်း၏ အကျိုး,404,
"<font size=""1"">",(၃၁-ပိပ္ဖလာနိသံသ) သင်တုန်းလှူဒါန်းခြင်း၏ အကျိုး,404,
"<font size=""1"">",(၃၂-သဏ္ဍာသာနိသံသ) မွေးညှပ်လှူဒါန်းခြင်း၏ အကျိုး,405,
"<font size=""1"">",(၃၃-နတ္ထုကာနိသံသ) နှာနှတ်တံလှူဒါန်းခြင်း၏ အကျိုး,405,
"<font size=""1"">",(၃၄-ပီဌကာနိသံသ) အင်းပျဉ်လှူဒါန်းခြင်း၏ အကျိုး,405,
"<font size=""1"">",(၃၅-ဘိသိအာနိသံသ) ဘုံလျှိုလှူဒါန်းခြင်း၏ အကျိုး,405,
"<font size=""1"">",(၃၆-ဗိဗ္ဗောဟနာနိသံသ) ခေါင်းအုံးလှူဒါန်းခြင်း၏ အကျိုး,406,
"<font size=""1"">",(၃၇-ဖလပီဌာနိသံသ) ပျဉ်ချပ်လှူဒါန်းခြင်း၏ အကျိုး,406,
"<font size=""1"">",(၃၈-ပါဒပီဌာနိသံသ) ခြေဆေးအင်းပျဉ်လှူဒါန်းခြင်း၏ အကျိုး,407,
"<font size=""1"">",(၃၉-တေလဗ္ဘဉ္ဇနာနိသံသ) ခြေနယ်ဆီလှူဒါန်းခြင်း၏ အကျိုး,407,
"<font size=""1"">",(၄၀-သပ္ပိတေလာနိသံသ) ထောပတ်ဆီလှူဒါန်းခြင်း၏ အကျိုး,407,
"<font size=""1"">",(၄၁-မုခသောဓနကာနိသံသ) သွားတိုက်ဆေးလှူဒါန်းခြင်း၏ အကျိုး,407,
"<font size=""1"">",(၄၂-ဒဓိအာနိသံသ) နို့ဓမ်းလှူဒါန်းခြင်း၏ အကျိုး,407,
"<font size=""1"">",(၄၃-မဓုအာနိသံသ) ပျားရည်လှူဒါန်းခြင်း၏ အကျိုး,407,
"<font size=""1"">",(၄၄-ရသာနိသံသ) အရသာလှူဒါန်းခြင်း၏ အကျိုး,408,
"<font size=""1"">",(၄၅-အန္နပါနာနိသံသ) ထမင်းအဖျော်လှူဒါန်းခြင်း၏ အကျိုး,408,
"<font size=""1"">",(၄၆-ဓူပါနိသံသ) အမွှေးတိုင်လှူဒါန်းခြင်း၏ အကျိုး,408,
"<font size=""1"">",(၄၇-သာဓာရဏာနိသံသ) အလှူအားလုံးနှင့် ဆက်ဆံသော အကျိုး,408,
"<font size=""1.5"">",၂-သေလတ္ထေရအပဒါန်,409,
"<font size=""1.5"">",၃-သဗ္ဗကိတ္တိကတ္ထေရအပဒါန်,417,
"<font size=""1.5"">",၄-မဓုဒါယကတ္ထေရအပဒါန်,420,
"<font size=""1.5"">",၅-ပဒုမကူဋာဂါရိယထ္ထေရအပဒါန်,422,
"<font size=""1.5"">",၆-ဗာကုလတ္ထေရအပဒါန်,424,
"<font size=""1.5"">",၇-ဂိရိမာနန္ဒတ္ထေရအပဒါန်,427,
"<font size=""1.5"">",၈-သဠလမဏ္ဍပိယတ္ထေရအပဒါန်,429,
"<font size=""1.5"">",၉-သဗ္ဗဒါယကတ္ထေရအပဒါန်,430,
"<font size=""1.5"">",၁၀-အဇိတထ္ထေရအပဒါန်,432,
"<font size=""2"">",၄၁-မေတ္တေယျဝဂ်,435,
"<font size=""1.5"">",၁-တိဿမေတ္တေယျတ္ထေရအပဒါန်,435,
"<font size=""1.5"">",၂-ပုဏ္ဏကတ္ထေရအပဒါန်,437,
"<font size=""1.5"">",၃-မေတ္တဂုတ္ထေရအပဒါန်,438,
"<font size=""1.5"">",၄-ဓောတကတ္ထေရအပဒါန်,440,
"<font size=""1.5"">",၅-ဥပသီဝတ္ထေရအပဒါန်,442,
"<font size=""1.5"">",၆-နန္ဒကတ္ထေရအပဒါန်,447,
"<font size=""1.5"">",၇-ဟေမကတ္ထေရအပဒါန်,449,
"<font size=""1.5"">",၈-တောဒေယျတ္ထေရအပဒါန်,452,
"<font size=""1.5"">",၉-ဇတုကဏ္ဏိတ္ထေရအပဒါန်,456,
"<font size=""1.5"">",၁၀-ဥဒေနတ္ထေရအပဒါန်,460,
"<font size=""2"">",၄၂-ဘဒ္ဒါလိဝဂ်,464,
"<font size=""1.5"">",၁-ဘဒ္ဒါလိတ္ထေရအပဒါန်,464,
"<font size=""1.5"">",၂-ဧကဆတ္တိယတ္ထေ္ထရအပဒါန်,466,
"<font size=""1.5"">",၃-တိဏသူလကဆာဒနိယတ္ထေရအပဒါန်,470,
"<font size=""1.5"">",၄-မဓုမံသဒါယကတ္ထေရအပဒါန်,472,
"<font size=""1.5"">",၅-နာဂပလ္လဝတ္ထေရအပဒါန်,473,
"<font size=""1.5"">",၆-ဧကဒီပိယတ္ထေရအပဒါန်,473,
"<font size=""1.5"">",၇-ဥစ္ဆဂင်္ပုပ္ဖိယတ္ထေရအပဒါန်,475,
"<font size=""1.5"">",၈-ယာဂုဒါယကတ္ထေရအပဒါန်,476,
"<font size=""1.5"">",၉-ပတ္ထောဒနဒါယကတ္ထေရအပဒါန်,477,
"<font size=""1.5"">",၁၀-မဉ္စဒါယကထ္ထေရအပဒါန်,479,
"<font size=""2"">",၄၃-သကိံသမ္မဇ္ဇကဝဂ်,481,
"<font size=""1.5"">",၁-သကိံသမ္မဇ္ဇကတ္ထေရအပဒါန်,481,
"<font size=""1.5"">",၂-ဧကဒုဿဒါယကတ္ထေရအပဒါန်,482,
"<font size=""1.5"">",၃-ဧကာသနဒါယကတ္ထေရအပဒါန်,484,
"<font size=""1.5"">",၄-သတ္တကဒမ္ဗပုပ္ဖိယတ္ထေရအပဒါန်,486,
"<font size=""1.5"">",၅-ကောရဏ္ဍပုပ္ဖိယတ္ထေရအပဒါန်,487,
"<font size=""1.5"">",၆-ဃတမဏ္ဍဒါယကတ္ထေရအပဒါန်,488,
"<font size=""1.5"">",၇-ဧကဓမ္မဿဝနိယတ္ထေရအပဒါန်,489,
"<font size=""1.5"">",၈-သုစိန္တိတတ္ထေရအပဒါန်,490,
"<font size=""1.5"">",၉-သောဝဏ္ဏကိင်္ကဏိယတ္ထေရအပဒါန်,493,
"<font size=""1.5"">",၁၀-သောဏ္ဏကောန္တရိကတ္ထေရအပဒါန်,494,
"<font size=""2"">",၄၄-ဧကဝိဟာရိဝဂ်,496,
"<font size=""1.5"">",၁-ဧကဝိဟာရိကတ္ထေရအပဒါန်,496,
"<font size=""1.5"">",၂-ဧကသင်္ခ ိယတ္ထေရအပဒါန်,497,
"<font size=""1.5"">",၃-ပါဋိဟီရသညကတ္ထေရအပဒါန်,498,
"<font size=""1.5"">",၄-ဉာဏတ္ထဝိကတ္ထေရအပဒါန်,499,
"<font size=""1.5"">",၅-ဥစ္ဆုခဏ္ဍိကတ္ထေရအပဒါန်,500,
"<font size=""1.5"">",၆-ကဠမ္ဗဒါယကတ္ထေရအပဒါန်,500,
"<font size=""1.5"">",၇-အမ္ဗာဋကဒါယကတ္ထေရအပဒါန်,501,
"<font size=""1.5"">",၈-ဟရီတကဒါယကတ္ထေရအပဒါန်,502,
"<font size=""1.5"">",၉-အမ္ဗပိဏ္ဍိယတ္ထေရအပဒါန်,503,
"<font size=""1.5"">",၁၀-အမ္ဗဖလိယတ္ထေရအပဒါန်,504,
"<font size=""2"">",၄၅-ဝိဘီတကဝဂ်,505,
"<font size=""1.5"">",၁-ဝိဘီတကမိဉ္ဇိယတ္ထေရအပဒါန်,505,
"<font size=""1.5"">",၂-ကောလဒါယကတ္ထေရအပဒါန်,506,
"<font size=""1.5"">",၃-ဗိလ္လိယတ္ထေရအပဒါန်,507,
"<font size=""1.5"">",၄-ဘလ္လာတဒါယကတ္ထေရအပဒါန်,508,
"<font size=""1.5"">",၅-ဥတ္တလိပုပ္ဖိယတ္ထေရအပဒါန်,509,
"<font size=""1.5"">",၆-အမ္ဗာဋကိယတ္ထေရအပဒါန်,509,
"<font size=""1.5"">",၇-သီဟာသနိကတ္ထေရအပဒါန်,510,
"<font size=""1.5"">",၈-ပါဒပီဌိယတ္ထေရအပဒါန်,511,
"<font size=""1.5"">",၉-ဝေဒိကာရကတ္ထေရအပဒါန်,512,
"<font size=""1.5"">",၁၀-ဗောဓိဃရဒါယကတ္ထေရအပဒါန်,513,
"<font size=""2"">",၄၆-ဇဂတိဒါယကဝဂ်,514,
"<font size=""1.5"">",၁-ဇဂတိဒါယကတ္ထေရအပဒါန်,514,
"<font size=""1.5"">",၂-မောရဟတ္ထိယတ္ထေရအပဒါန်,515,
"<font size=""1.5"">",၃-သီဟာသနဗီဇိယတ္ထေရအပဒါန်,516,
"<font size=""1.5"">",၄-တိဏုက္ကဓာရိယတ္ထေရအပဒါန်,516,
"<font size=""1.5"">",၅-အက္ကမနဒါယကတ္ထေရအပဒါန်,517,
"<font size=""1.5"">",၆-ဝနကောရဏ္ဍိယတ္ထေရအပဒါန်,517,
"<font size=""1.5"">",၇-ဧကဆတ္တိယတ္ထေရအပဒါန်,518,
"<font size=""1.5"">",၈-ဇာတိပုပ္ဖိယတ္ထေရအပဒါန်,519,
"<font size=""1.5"">",၉-ပဋ္ဋိပုပ္ဖိယတ္ထေရအပဒါန်,519,
"<font size=""1.5"">",၁၀-ဂန္ဓပူဇကတ္ထေရအပဒါန်,520,
"<font size=""2"">",၄၇-သာလကုသုမိယဝဂ်,521,
"<font size=""1.5"">",၁-သာလကုသုမိယတ္ထေရအပဒါန်,521,
"<font size=""1.5"">",၂-စိတကပူဇကတ္ထေရအပဒါန်,521,
"<font size=""1.5"">",၃-စိတကနိဗ္ဗာပကတ္ထေရအပဒါန်,522,
"<font size=""1.5"">",၄-သေတုဒါယကတ္ထေရအပဒါန်,522,
"<font size=""1.5"">",၅-သုမနတာလဝဏ္ဋိယတ္ထေရအပဒါန်,523,
"<font size=""1.5"">",၆-အဝဋဖလိယတ္ထေရအပဒါန်,523,
"<font size=""1.5"">",၇-လဗုဇဖလဒါယကတ္ထေရအပဒါန်,524,
"<font size=""1.5"">",၈-ပိလက္ခဖလဒါယကတ္ထေရအပဒါန်,524,
"<font size=""1.5"">",၉-သယံပဋိဘာနိယတ္ထေရအပဒါန်,525,
"<font size=""1.5"">",၁၀-နိမိတ္တဗျာကရဏိယတ္ထေရအပဒါန်,526,
"<font size=""2"">",၄၈-နဠမာလိဝဂ်,528,
"<font size=""1.5"">",၁-နဠမာလိယတ္ထေရအပဒါန်,528,
"<font size=""1.5"">",၂-မဏိပူဇကတ္ထေရအပဒါန်,529,
"<font size=""1.5"">",၃-ဥက္ကာသတိကတ္ထေရအပဒါန်,531,
"<font size=""1.5"">",၄-သုမနဗီဇနိယတ္ထေရအပဒါန်,532,
"<font size=""1.5"">",၅-ကုမ္မာသဒါယကတ္ထေရအပဒါန်,533,
"<font size=""1.5"">",၆-ကုသဋ္ဌကဒါယကတ္ထေရအပဒါန်,533,
"<font size=""1.5"">",၇-ဂိရိပုန္နာဂိယတ္ထေရအပဒါန်,534,
"<font size=""1.5"">",၈-ဝလ္လိကာရဖလဒါယကတ္ထေရအပဒါန်,534,
"<font size=""1.5"">",၉-ပါနဓိဒါယကတ္ထေရအပဒါန်,535,
"<font size=""1.5"">",၁၀-ပုလိနစင်္ကမိယတ္ထေရအပဒါန်,536,
"<font size=""2"">",၄၉-ပံသုကူလဝဂ်,537,
"<font size=""1.5"">",၁-ပံသုကူလသညကတ္ထေရအပဒါန်,537,
"<font size=""1.5"">",၂-ဗုဒ္ဓသညကတ္ထေရအပဒါန်,538,
"<font size=""1.5"">",၃-ဘိသဒါယကတ္ထေရအပဒါန်,539,
"<font size=""1.5"">",၄-ဉာဏထဝိကတ္ထေရအပဒါန်,541,
"<font size=""1.5"">",၅-စန္ဒနမာလိယတ္ထေရအပဒါန်,543,
"<font size=""1.5"">",၆-ဓာတုပူဇကတ္ထေရအပဒါန်,545,
"<font size=""1.5"">",၇-ပုလိနုပ္ပါဒကတ္ထေရအပဒါန်,546,
"<font size=""1.5"">",၈-တရဏိယတ္ထေရအပဒါန်,549,
"<font size=""1.5"">",၉-ဓမ္မရုစိယတ္ထေရအပဒါန်,550,
"<font size=""1.5"">",၁၀-သာလမဏ္ဍပိယတ္ထေရအပဒါန်,552,
"<font size=""2"">",၅၀-ကိင်္ကဏိပုပ္ဖဝဂ်,555,
"<font size=""1.5"">",၁-တိကိင်္ကဏိပုပ္ဖိယတ္ထေရအပဒါန်,555,
"<font size=""1.5"">",၂-ပံသုကူလပူဇကတ္ထေရအပဒါန်,556,
"<font size=""1.5"">",၃-ကောရဏ္ဍပုပ္ဖိယတ္ထေရအပဒါန်,557,
"<font size=""1.5"">",၄-ကိံသုကပုပ္ဖိယတ္ထေရအပဒါန်,558,
"<font size=""1.5"">",၅-ဥပဍ္ဎဒုဿဒါယကတ္ထေရအပဒါန်,558,
"<font size=""1.5"">",၆-ဃတမဏ္ဍဒါယကတ္ထေရအပဒါန်,559,
"<font size=""1.5"">",၇-ဥဒကဒါယကတ္ထေရအပဒါန်,560,
"<font size=""1.5"">",၈-ပုလိနထူပိယတ္ထေရအပဒါန်,561,
"<font size=""1.5"">",၉-နဠကုဋိဒါယကတ္ထေရအပဒါန်,564,
"<font size=""1.5"">",၁၀-ပိယာလဖလဒါယကတ္ထေရအပဒါန်,565,
"<font size=""2"">",၅၁-ကဏိကာရဝဂ်,566,
"<font size=""1.5"">",၁-တိကဏိကာရပုပ္ဖိယတ္ထေရအပဒါန်,566,
"<font size=""1.5"">",၂-ဧကပတ္တဒါယကတ္ထေရအပဒါန်,569,
"<font size=""1.5"">",၃-ကာသုမာရဖလိယတ္ထေရအပဒါန်,570,
"<font size=""1.5"">",၄-အဝဋဖလိယတ္ထေရအပဒါန်,571,
"<font size=""1.5"">",၅-ပါဒဖလိယတ္ထေရအပဒါန်,571,
"<font size=""1.5"">",၆-မာတုလုင်္ဂဖလဒါယကတ္ထေရအပဒါန်,572,
"<font size=""1.5"">",၇-အဇေလိဖလဒါယကတ္ထေရအပဒါန်,572,
"<font size=""1.5"">",၈-အမောဒဖလိယတ္ထေရအပဒါန်,573,
"<font size=""1.5"">",၉-တာလဖလဒါယကတ္ထေရအပဒါန်,573,
"<font size=""1.5"">",၁၀-နာဠိကေရဖလဒါယကတ္ထေရအပဒါန်,574,
"<font size=""2"">",၅၂-ဖလဒါယကဝဂ်,575,
"<font size=""1.5"">",၁-ကုရဉ္စိယဖလဒါယကတ္ထေရအပဒါန်,575,
"<font size=""1.5"">",၂-ကပိတ္ထဖလဒါယကတ္ထေရအပဒါန်,576,
"<font size=""1.5"">",၃-ကောသမ္ဗဖလိယတ္ထေရအပဒါန်,576,
"<font size=""1.5"">",၄-ကေတကပုပ္ဖိယတ္ထေရအပဒါန်,577,
"<font size=""1.5"">",၅-နာဂပုပ္ဖိယတ္ထေရအပဒါန်,577,
"<font size=""1.5"">",၆-အဇ္ဇုနပုပ္ဖိယတ္ထေရအပဒါန်,578,
"<font size=""1.5"">",၇-ကုဋဇပုပ္ဖိယတ္ထေရအပဒါန်,579,
"<font size=""1.5"">",၈-ဃောသသညကတ္ထေရအပဒါန်,579,
"<font size=""1.5"">",၉-သဗ္ဗဖလဒါယကတ္ထေရအပဒါန်,580,
"<font size=""1.5"">",၁၀-ပဒုမဓာရိကတ္ထေရအပဒါန်,582,
"<font size=""2"">",၅၃-တိဏဒါယကဝဂ်,583,
"<font size=""1.5"">",၁-တိဏမုဋ္ဌိဒါယကတ္ထေရအပဒါန်,583,
"<font size=""1.5"">",၂-မဉ္ဇဒါယကတ္ထေရအပဒါန်,584,
"<font size=""1.5"">",၃-သရဏဂမနိယတ္ထေရအပဒါန်,584,
"<font size=""1.5"">",၄-အဗ္ဘ ဉ္ဇနဒါယကတ္ထေရအပဒါန်,585,
"<font size=""1.5"">",၅-သုပဋဒါယကတ္ထေရအပဒါန်,585,
"<font size=""1.5"">",၆-ဒဏ္ဍဒါယကတ္ထေရအပဒါန်,586,
"<font size=""1.5"">",၇-ဂိရိနေလပူဇကတ္ထေရအပဒါန်,586,
"<font size=""1.5"">",၈-ဗောဓိသမ္မဇ္ဇကတ္ထေရအပဒါန်,587,
"<font size=""1.5"">",၉-အာမဏ္ဍဖလဒါယကတ္ထေရအပဒါန်,589,
"<font size=""1.5"">",၁၀-သုဂန္ဓတ္ထေရအပဒါန်,590,
"<font size=""2"">",၅၄-ကစ္စာယနဝဂ်,594,
"<font size=""1.5"">",၁-မဟာကစ္စာယနတ္ထေရအပဒါန်,594,
"<font size=""1.5"">",၂-ဝက္ကလိတ္ထေရအပဒါန်,596,
"<font size=""1.5"">",၃-မဟာကပ္ပိနတ္ထေရအပဒါန်,599,
"<font size=""1.5"">",၄-ဒဗ္ဗမလ္လပုတ္တတ္ထေရအပဒါန်,602,
"<font size=""1.5"">",၅-ကုမာရကဿပတ္ထေရအပဒါန်,605,
"<font size=""1.5"">",၆-ဗာဟိယတ္ထေရအပဒါန်,607,
"<font size=""1.5"">",၇-မဟာကောဋ္ဌိကတ္ထေရအပဒါန်,610,
"<font size=""1.5"">",၈-ဥရုဝေဠကဿပတ္ထေရအပဒါန်,612,
"<font size=""1.5"">",၉-ရာဓတ္ထေရအပဒါန်,615,
"<font size=""1.5"">",၁၀-မောဃရာဇတ္ထေရအပဒါန်,618,
"<font size=""2"">",၅၅-ဘဒ္ဒိယဝဂ်,621,
"<font size=""1.5"">",၁-လကုဏ္ဍဘဒ္ဒိယတ္ထေရအပဒါန်,621,
"<font size=""1.5"">",၂-ကင်္ခါရေဝတတ္ထေရအပဒါန်,623,
"<font size=""1.5"">",၃-သီဝလိတ္ထေရအပဒါန်,625,
"<font size=""1.5"">",၄-ဝင်္ဂီသတ္ထေရအပဒါန်,628,
"<font size=""1.5"">",၅-နန္ဒကတ္ထေရအပဒါန်,632,
"<font size=""1.5"">",၆-ကာဠုဒါယိတ္ထေရအပဒါန်,634,
"<font size=""1.5"">",၇-အဘယတ္ထေရအပဒါန်,636,
"<font size=""1.5"">",၈-လောမသကင်္ဂံယတ္ထေရအပဒါန်,638,
"<font size=""1.5"">",၉-ဝနဝစ္ဆတ္ထေရအပဒါန်,640,
"<font size=""1.5"">",၁၀-စူဠသုဂန္ဓတ္ထေရအပဒါန်,642,
"<font size=""2"">",၅၆-ယသဝဂ်,645,
"<font size=""1.5"">",၁-ယသတ္ထေရအပဒါန်,645,
"<font size=""1.5"">",၂-နဒီကဿပတ္ထေရအပဒါန်,647,
"<font size=""1.5"">",၃-ဂယာကဿပတ္ထေရအပဒါန်,648,
"<font size=""1.5"">",၄-ကိမိလတ္ထေရအပဒါန်,649,
"<font size=""1.5"">",၅-ဝဇ္ဇီပုတ္တတ္ထေရအပဒါန်,650,
"<font size=""1.5"">",၆-ဥတ္တရတ္ထေရအပဒါန်,651,
"<font size=""1.5"">",၇-အပရဥတ္တရတ္ထေရအပဒါန်,654,
"<font size=""1.5"">",၈-ဘဒ္ဒဇိတ္ထေရအပဒါန်,654,
"<font size=""1.5"">",၉-သိဝကတ္ထေရအပဒါန်,656,
"<font size=""1.5"">",၁၀-ဥပဝါနတ္ထေရအပဒါန်,657,
"<font size=""1.5"">",၁၁-ရဋ္ဌပါလတ္ထေရအပဒါန်,661,
6,06_khuddaka_09,ထေရီပဒါန်,108
"<font size=""2"">",၁-သုမေဓာဝဂ်,1,
"<font size=""1.5"">",၁-သုမေဓာထေရီအပဒါန်,1,
"<font size=""1.5"">",၂-မေခလာဒါယိကာထေရီအပဒါန်,3,
"<font size=""1.5"">",၃-မဏ္ဍပဒါယိကာထေရီအပဒါန်,3,
"<font size=""1.5"">",၄-သင်္ကမနတ္ထာထေရီအပဒါန်,4,
"<font size=""1.5"">",၅-နဠမာလိကာထေရီအပဒါန်,5,
"<font size=""1.5"">",၆-ဧကပိဏ္ဍပါတဒါယိကာထေရီအပဒါန်,6,
"<font size=""1.5"">",၇-ကဋစ္ဆုဘိက္ခာဒါယိကာထေရီအပဒါန်,7,
"<font size=""1.5"">",၈-သတ္တုပ္ပလမာလိကာထေရီအပဒါန်,8,
"<font size=""1.5"">",၉-ပဉ္စဒီပိကာထေရီအပဒါန်,9,
"<font size=""1.5"">",၁၀-ဥဒကဒါယိကာထေရီအပဒါန်,11,
"<font size=""2"">",၂-ဧကူပေါသထိကဝဂ်,13,
"<font size=""1.5"">",၁-ဧကူပေါသထိကာထေရီအပဒါန်,13,
"<font size=""1.5"">",၂-သဠလပုပ္ဖိကာထေရီအပဒါန်,15,
"<font size=""1.5"">",၃-မောဒကဒါယိကာထေရီအပဒါန်,16,
"<font size=""1.5"">",၄-ဧကာသနဒါယိကာထေရီအပဒါန်,17,
"<font size=""1.5"">",၅-ပဉ္စဒီပဒါယိကာထေရီအပဒါန်,19,
"<font size=""1.5"">",၆-နဠမာလိကာထေရီအပဒါန်,21,
"<font size=""1.5"">",၇-မဟာပဇာပတိဂေါတမီထေရီအပဒါန်,22,
"<font size=""1.5"">",၈-ခေမာထေရီအပဒါန်,36,
"<font size=""1.5"">",၉-ဥပ္ပလဝဏ္ဏာထေရီအပဒါန်,43,
"<font size=""1.5"">",၁၀-ပဋာစာရာထေရီအပဒါန်,49,
"<font size=""2"">",၃-ကုဏ္ဍလကေသီဝဂ်,52,
"<font size=""1.5"">",၁-ကုဏ္ဍလကေသာထေရီအပဒါန်,52,
"<font size=""1.5"">",၂-ကိသာဂေါတမီထေရီအပဒါန်,56,
"<font size=""1.5"">",၃-ဓမ္မဒိန္နာထေရီအပဒါန်,59,
"<font size=""1.5"">",၄-သကုလာထေရီအပဒါန်,61,
"<font size=""1.5"">",၅-နန္ဒာထေရီအပဒါန်,64,
"<font size=""1.5"">",၆-သောဏာထေရီအပဒါန်,68,
"<font size=""1.5"">",၇-ဘဒ္ဒကာပိလာနီထေရီအပဒါန်,70,
"<font size=""1.5"">",၈-ယသောဓရာထေရီအပဒါန်,75,
"<font size=""1.5"">",၉-ယသောဓရာပမုခဒသဘိက္ခုနီသဟဿအပဒါန်,82,
"<font size=""1.5"">",၁၀-ယသောဓရာပမုခအဋ္ဌာရသဘိက္ခုနီသဟဿအပဒါန်,84,
"<font size=""2"">",၄-ခတ္တိယာဝဂ်,89,
"<font size=""1.5"">",၁-ယသဝတီပမုခဘိက္ခုနီသဟဿအပဒါန်,89,
"<font size=""1.5"">",၂-စတုရာသီတိဘိက္ခုနီသဟဿအပဒါန်,90,
"<font size=""1.5"">",၃-ဥပ္ပလဒါယိကာထေရီအပဒါန်,94,
"<font size=""1.5"">",၄-သိင်္ဂါလမာတုထေရီအပဒါန်,96,
"<font size=""1.5"">",၅-သုက္ကာထေရီအပဒါန်,98,
"<font size=""1.5"">",၆-အဘိရူပနန္ဒာထေရီအပဒါန်,101,
"<font size=""1.5"">",၇-အဎ်ဍကာသိထေရီအပဒါန်,103,
"<font size=""1.5"">",၈-ပုဏ္ဏိကာထေရီအပဒါန်,104,
"<font size=""1.5"">",၉-အမ္ဗပါလိထေရီအပဒါန်,106,
"<font size=""1.5"">",၁၀-ပေသလာထေရီအပဒါန်,107,
6,06_khuddaka_10,ဗုဒ္ဓဝံသ,91
"<font size=""2"">",၁-ရတနစင်္ကမနကဏ္ဍ,1,
"<font size=""2"">",၂-သုမေဓပတ္ထနာကထာ,8,
"<font size=""2"">",၃-ဒီပင်္ကရာဗုဒ္ဓဝင်,21,
"<font size=""2"">",၄-ကောဏ္ဍညဗုဒ္ဓဝင်,24,
"<font size=""2"">",၅-မင်္ဂလဗုဒ္ဓဝင်,27,
"<font size=""2"">",၆-သုမနဗုဒ္ဓဝင်,30,
"<font size=""2"">",၇-ရေဝတဗုဒ္ဓဝင်,33,
"<font size=""2"">",၈-သောဘိတဗုဒ္ဓဝင်,36,
"<font size=""2"">",၉-အနောမဒဿီဗုဒ္ဓဝင်,39,
"<font size=""2"">",၁၀-ပဒုမဗုဒ္ဓဝင်,42,
"<font size=""2"">",၁၁-နာရဒဗုဒ္ဓဝင်,45,
"<font size=""2"">",၁၂-ပဒုမုတ္တရဗုဒ္ဓဝင်,48,
"<font size=""2"">",၁၃-သုမေဓဗုဒ္ဓဝင်,51,
"<font size=""2"">",၁၄-သုဇာတဗုဒ္ဓဝင်,54,
"<font size=""2"">",၁၅-ပိယဒဿီဗုဒ္ဓဝင်,57,
"<font size=""2"">",၁၆-အတ္ထဒဿီဗုဒ္ဓဝင်,59,
"<font size=""2"">",၁၇-ဓမ္မဒဿီဗုဒ္ဓဝင်,61,
"<font size=""2"">",၁၈-သိဒ္ဓတ္ထဗုဒ္ဓဝင်,63,
"<font size=""2"">",၁၉-တိဿဗုဒ္ဓဝင်,65,
"<font size=""2"">",၂၀-ဖုဿဗုဒ္ဓဝင်,68,
"<font size=""2"">",၂၁-ဝိပဿီဗုဒ္ဓဝင်,70,
"<font size=""2"">",၂၂-သိခီဗုဒ္ဓဝင်,73,
"<font size=""2"">",၂၃-ဝေဿဘူဗုဒ္ဓဝင်,75,
"<font size=""2"">",၂၄-ကကုသန္ဓဗုဒ္ဓဝင်,77,
"<font size=""2"">",၂၅-ကောဏာဂမနဗုဒ္ဓဝင်,79,
"<font size=""2"">",၂၆-ကဿပဗုဒ္ဓဝင်,82,
"<font size=""2"">",၂၇-ဂေါတမဗုဒ္ဓဝင်,86,
"<font size=""2"">",၂၉-ဓာတုဘာဇနီယကထာ,90,
6,06_khuddaka_11,စရိယာပိဋက,38
"<font size=""2"">",၁-အကိတ္တိဝဂ်,1,
"<font size=""1.5"">",(အကိတ္တိရသေ့အကျင့်),1,
"<font size=""1.5"">",(သင်္ခပုဏ္ဏားအကျင့်),2,
"<font size=""1.5"">",(ကုရုမင်းအကျင့်),3,
"<font size=""1.5"">",(မဟာသုဒဿနစကြဝတေးမင်း အကျင့်),4,
"<font size=""1.5"">",(မဟာဂေါဝိန္ဒပုဏ္ဏား အကျင့်),5,
"<font size=""1.5"">",(နိမိမင်း အကျင့်),5,
"<font size=""1.5"">",(စန္ဒကုမာရမင်းသား အကျင့်),6,
"<font size=""1.5"">",(သိဝိမင်းအကျင့်),7,
"<font size=""1.5"">",(ဝေဿန္တရမင်းအကျင့်),8,
"<font size=""1.5"">",(ယုန်ပညာရှိအကျင့်),12,
"<font size=""1.5"">",(အမိကို လုပ်ကျွေးသော သီလဝဆင်အကျင့်),14,
"<font size=""1.5"">",(ဘူရိဒတ္တနဂါးမင်းအကျင့်),15,
"<font size=""1.5"">",(စမ္ပေယျနဂါးမင်းအကျင့်),16,
"<font size=""1.5"">",(စူဠဗောဓိပုဏ္ဏားအကျင့်),17,
"<font size=""1.5"">",(ကျွဲမင်းအကျင့်),18,
"<font size=""1.5"">",(ဆတ်မင်းအကျင့်),19,
"<font size=""1.5"">",(မာတင်္ဂရသေ့အကျင့်),20,
"<font size=""1.5"">",(ဓမ္မနတ်သားအကျင့်),21,
"<font size=""1.5"">",(အလီနသတ္တုမင်းသားအကျင့်),22,
"<font size=""1.5"">",(သင်္ခပါလနဂါးမင်းအကျင့်),23,
"<font size=""1.5"">",(သောမနဿမင်းသားအကျင့်),25,
"<font size=""1.5"">",(အယောဃရမင်းသားအကျင့်),27,
"<font size=""1.5"">",(မဟာကဉ္စနသတို့သားအကျင့်),28,
"<font size=""1.5"">",(သောဏပညာရှိအကျင့်),29,
"<font size=""1.5"">",(တေမိမင်းသားအကျင့်),30,
"<font size=""1.5"">",(မျောက်မင်းအကျင့်),31,
"<font size=""1.5"">",(သစ္စရသေ့အကျင့်),32,
"<font size=""1.5"">",(ငုံးငယ်အကျင့်),32,
"<font size=""1.5"">",(ငါးမင်းအကျင့်),33,
"<font size=""1.5"">",(ကဏှဒီပါယနရသေ့အကျင့်),34,
"<font size=""1.5"">",(သုတသောမမင်းအကျင့်),35,
"<font size=""1.5"">",(သုဝဏ္ဏသာမသတို့သားအကျင့်),35,
"<font size=""1.5"">",(ဧကရာဇမင်းအကျင့်),36,
"<font size=""1.5"">",(မဟာလောမဟံသရသေ့အကျင့်),37,
"<font size=""1.5"">",(နိဂုံးနှင့် ဥယျောဇဉ်),38,
6,06_khuddaka_12,ပဋိသမ္ဘိဒါမဂ်,488
"<font size=""2"">",၁-မဟာဝဂ်,1,
"<font size=""1.5"">",ဉာဏ်စဉ် မာတိကာ,1,
"<font size=""1.5"">",၁-ဉာဏ ကထာ,5,
"<font size=""1"">",၁-သုတမယဉာဏ် အကျယ်ပြခြင်း,5,
"<font size=""1"">",ဒုတိယအခန်း,18,
"<font size=""1"">",တတိယအခန်း,30,
"<font size=""1"">",စတုတ္ထအခန်း,36,
"<font size=""1"">",၂-သီလမယဉာဏ် အကျယ်ပြခြင်း,53,
"<font size=""1"">",၃-သမာဓိဘာဝနာမယဉာဏ် အကျယ်ပြခြင်း,60,
"<font size=""1"">",၄-ဓမ္မဋ္ဌိတိဉာဏ် အကျယ်ပြခြင်း,62,
"<font size=""1"">",၅-သမ္မသနဉာဏ် အကျယ်ပြခြင်း,66,
"<font size=""1"">",၆-ဥဒယဗ္ဗယဉာဏ် အကျယ်ပြခြင်း,68,
"<font size=""1"">",၇-ဘင်္ဂါနုပဿနာဉာဏ် အကျယ်ပြခြင်း,72,
"<font size=""1"">",၈-အာဒီနဝဉာဏ် အကျယ်ပြခြင်း,74,
"<font size=""1"">",၉-သင်္ခါရုပေက္ခာဉာဏ် အကျယ်ပြခြင်း,77,
"<font size=""1"">",၁၀-ဂေါတြဘူဉာဏ် အကျယ်ပြခြင်း,83,
"<font size=""1"">",၁၁-မဂ်ဉာဏ် အကျယ်ပြခြင်း,87,
"<font size=""1"">",၁၂-ဖိုလ်ဉာဏ် အကျယ်ပြခြင်း,89,
"<font size=""1"">",၁၃-ဝိမုတ္တိဉာဏ် အကျယ်ပြခြင်း,91,
"<font size=""1"">",၁၄-ပစ္စဝေက္ခဏာဉာဏ် အကျယ်ပြခြင်း,92,
"<font size=""1"">",၁၅-ဝတ္ထုနာနတ္တဉာဏ် အကျယ်ပြခြင်း,97,
"<font size=""1"">",၁၆-ဂေါစရနာနတ္တဉာဏ် အကျယ်ပြခြင်း,100,
"<font size=""1"">",၁၇-စရိယာနာနတ္တဉာဏ် အကျယ်ပြခြင်း,102,
"<font size=""1"">",၁၈-ဘူမိနာနတ္တဉာဏ် အကျယ်ပြခြင်း,109,
"<font size=""1"">",၁၉-ဓမ္မနာနတ္တဉာဏ် အကျယ်ပြခြင်း,110,
"<font size=""1"">",၂၀-၂၄-ဉာဏပဉ္စက အကျယ်ပြခြင်း,113,
"<font size=""1"">",၂၅-၂၈-ပဋိသမ္ဘိဒါဉာဏ် အကျယ်ပြခြင်း,114,
"<font size=""1"">",၂၉-၃၁-ဉာဏ်သုံးပါး အကျယ်ပြခြင်း,119,
"<font size=""1"">",၃၂-အာနန္တရိကသမာဓိဉာဏ် အကျယ်ပြခြင်း,122,
"<font size=""1"">",၃၃-အရဏဝိဟာရဉာဏ် အကျယ်ပြခြင်း,124,
"<font size=""1"">",၃၄-နိရောဓသမာပတ္တိဉာဏ် အကျယ်ပြခြင်း,126,
"<font size=""1"">",၃၅-ပရိနိဗ္ဗာနဉာဏ် အကျယ်ပြခြင်း,129,
"<font size=""1"">",၃၆-သမသီသဋ္ဌဉာဏ် အကျယ်ပြခြင်း,130,
"<font size=""1"">",၃၇-သလ္လေခဋ္ဌဉာဏ် အကျယ်ပြခြင်း,132,
"<font size=""1"">",၃၈-ဝီရိယာရမ္ဘဉာဏ် အကျယ်ပြခြင်း,133,
"<font size=""1"">",၃၉-အတ္ထသန္ဒဿနဉာဏ် အကျယ်ပြခြင်း,134,
"<font size=""1"">",၄၀-ဒဿနဝိသုဒ္ဓိဉာဏ် အကျယ်ပြခြင်း,136,
"<font size=""1"">",၄၁-ခန္တိဉာဏ် အကျယ်ပြခြင်း,137,
"<font size=""1"">",၄၂-ပရိယောဂါဟဏဉာဏ် အကျယ်ပြခြင်း,137,
"<font size=""1"">",၄၃-ပဒေသဝိဟာရဉာဏ် အကျယ်ပြခြင်း,138,
"<font size=""1"">","၄၄-၄၉-ဆဝိဝဋ္ဋဉာဏ်, သညာဝိဝဋ္ဋဉာဏ် အကျယ်ပြခြင်း",139,
"<font size=""1"">",စေတောဝိဝဋ္ဋဉာဏ် အကျယ်ပြခြင်း,140,
"<font size=""1"">",စိတ္တဝိဝဋ္ဋဉာဏ် အကျယ်ပြခြင်း,140,
"<font size=""1"">",ဉာဏဝိဝဋ္ဋဉာဏ် အကျယ်ပြခြင်း,141,
"<font size=""1"">",ဝိမောက္ခဝိဝဋ္ဋဉာဏ် အကျယ်ပြခြင်း,141,
"<font size=""1"">",သစ္စဝိဝဋ္ဋဉာဏ် အကျယ်ပြခြင်း,142,
"<font size=""1"">",၅၀-ဣဒ္ဓိဝိဓဉာဏ် အကျယ်ပြခြင်း,143,
"<font size=""1"">",၅၁-သောတဓာတုဝိသုဒ္ဓိဉာဏ် အကျယ်ပြခြင်း,144,
"<font size=""1"">",၅၂-စေတောပရိယဉာဏ် အကျယ်ပြခြင်း,145,
"<font size=""1"">",၅၃-ပုဗ္ဗေနိဝါသာနုဿတိဉာဏ် အကျယ်ပြခြင်း,146,
"<font size=""1"">",၅၄-ဒိဗ္ဗစက္ခုဉာဏ် အကျယ်ပြခြင်း,147,
"<font size=""1"">",၅၅-အာသဝက္ခယဉာဏ် အကျယ်ပြခြင်း,148,
"<font size=""1"">","၅၆-၆၃-သစ္စဉာဏ်, စတုက္ကနှစ်ပါး အကျယ်ပြခြင်း",151,
"<font size=""1"">",၆၄-၆၇-သုဒ္ဓိကပဋိသမ္ဘိဒါဉာဏ် အကျယ်ပြခြင်း,152,
"<font size=""1"">",၆၈-ဣနြ္ဒိယပရောပရိယတ္တဉာဏ် အကျယ်ပြခြင်း,154,
"<font size=""1"">",၆၉-အာသယာနုသယဉာဏ် အကျယ်ပြခြင်း,157,
"<font size=""1"">",၇၀-ယမကပါဋိဟာရိယဉာဏ် အကျယ်ပြခြင်း,160,
"<font size=""1"">",၇၁-မဟာကရုဏာဉာဏ် အကျယ်ပြခြင်း,162,
"<font size=""1"">",၇၂-၇၃-သဗ္ဗညုတဉာဏ် အကျယ်ပြခြင်း,167,
"<font size=""1.5"">",၂-ဒိဋ္ဌိကထာ,171,
"<font size=""1"">",ဒိဋ္ဌိအမျိုးမျိုး ပြခြင်း,171,
"<font size=""1"">",၁-အဿာဒဒိဋ္ဌိ အကျယ်ပြခြင်း,178,
"<font size=""1"">",၂-အတ္တာနုဒိဋ္ဌိ အကျယ်ပြခြင်း,181,
"<font size=""1"">",၃-မိစ္ဆာဒိဋ္ဌိ အကျယ်ပြခြင်း,191,
"<font size=""1"">",၄-သက္ကာယဒိဋ္ဌိ အကျယ်ပြခြင်း,192,
"<font size=""1"">",၅-သဿတဒိဋ္ဌိ အကျယ်ပြခြင်း,193,
"<font size=""1"">",၆-ဥစ္ဆေဒဒိဋ္ဌိ အကျယ်ပြခြင်း,194,
"<font size=""1"">",၇-အန္တဂ္ဂါဟိကဒိဋ္ဌိ အကျယ်ပြခြင်း,195,
"<font size=""1"">",၈-ပုဗ္ဗန္တာနုဒိဋ္ဌိ အကျယ်ပြခြင်း,200,
"<font size=""1"">",၉-အပရန္တာနုဒိဋ္ဌိ အကျယ်ပြခြင်း,200,
"<font size=""1"">",၁၀-၁၂-သညောဇနိကဒိဋ္ဌိ အကျယ်ပြခြင်း,201,
"<font size=""1"">",၁၃-အတ္တဝါဒပဋိသံယုတ္တဒိဋ္ဌိ အကျယ်ပြခြင်း,202,
"<font size=""1"">",၁၄-လောကဝါဒပဋိသံယုတ္တဒိဋ္ဌိ အကျယ်ပြခြင်း,203,
"<font size=""1"">",၁၅-၁၆-ဘဝဒိဋ္ဌိ-ဝိဘဝဒိဋ္ဌိ အကျယ်ပြခြင်း,204,
"<font size=""1.5"">",၃-အာနာပါနဿတိကထာ,209,
"<font size=""1"">",၁-ဂဏနဝါရပြခြင်း,209,
"<font size=""1"">",၂-သောဠသဉာဏ် အကျယ်ပြခြင်း,210,
"<font size=""1"">",၃-ဥပက္ကိလေသဉာဏ် အကျယ်ပြခြင်း,212,
"<font size=""1"">",ပဌမဆက္က,212,
"<font size=""1"">",ဒုတိယဆက္က,213,
"<font size=""1"">",တတိယဆက္က,214,
"<font size=""1"">",၄-ဝေါဒါနဉာဏ် အကျယ်ပြခြင်း,216,
"<font size=""1"">",၅-သတောကာရိဉာဏ် အကျယ်ပြခြင်း,224,
"<font size=""1"">",ပဌမ စတုက္က အကျယ်ပြခြင်း,226,
"<font size=""1"">",ဒုတိယ စတုက္က အကျယ်ပြခြင်း,236,
"<font size=""1"">",တတိယ စတုက္က အကျယ်ပြခြင်း,240,
"<font size=""1"">",စတုတ္ထ စတုက္က အကျယ်ပြခြင်း,243,
"<font size=""1"">",၆-ဉာဏရာသီဆက္က အကျယ်ပြခြင်း,248,
"<font size=""1.5"">",၄-ဣနြ္ဒိယကထာ,250,
"<font size=""1"">",၁-ပဌမသုတ္တန် အကျယ်ပြခြင်း,250,
"<font size=""1"">",၂။ ဒုတိယသုတ္တန် အကျယ်ပြခြင်း,254,
"<font size=""1"">",က-အဿာဒ အကျယ်ပြခြင်း,258,
"<font size=""1"">",ခ-အာဒီနဝ အကျယ်ပြခြင်း,259,
"<font size=""1"">",ဂ-နိဿရဏ အကျယ်ပြခြင်း,260,
"<font size=""1"">",၃-တတိယသုတ္တန် အကျယ်ပြခြင်း,264,
"<font size=""1"">",က-ပဘေဒဂဏန အကျယ်ပြခြင်း,265,
"<font size=""1"">",ခ-စရိယဝါရ,267,
"<font size=""1"">",စာရဝိဟာရ အကျယ်ပြခြင်း,269,
"<font size=""1"">",၄ – စတုတ္တ သုတ္တန် အကျယ်ပြခြင်း,272,
"<font size=""1"">",က-အာဓိပတေယျဋ္ဌ အကျယ်ပြခြင်း,273,
"<font size=""1"">",ဃ-အဓိဋ္ဌာနဋ္ဌ အကျယ်ပြခြင်း,278,
"<font size=""1"">",င-ပရိယာဒါနဋ္ဌ အကျယ်ပြခြင်း,279,
"<font size=""1"">",စ-ပတိဋ္ဌာပကဋ္ဌ အကျယ်ပြခြင်း,280,
"<font size=""1"">",၅-ဣနြ္ဒိယသမောဓာန အကျယ်ပြခြင်း,281,
"<font size=""1.5"">",၅-ဝိမောက္ခကထာ,289,
"<font size=""1"">",အကျဉ်းပြခြင်း,289,
"<font size=""1"">",အကျယ်ပြခြင်း,291,
"<font size=""1.5"">",၆-ဂတိကထာ,326,
"<font size=""1.5"">",၇-ကမ္မကထာ,330,
"<font size=""1.5"">",၈-ဝိပလ္လာသကထာ,331,
"<font size=""1.5"">",၉-မဂ္ဂကထာ,333,
"<font size=""1.5"">",၁၀-မဏ္ဍပေယျကထာ,337,
"<font size=""2"">",၂-ယုဂနဒ္ဓဝဂ်,342,
"<font size=""1.5"">",၁-ယုဂနဒ္ဓကထာ,342,
"<font size=""1"">",၁-သုတ္တန် အကျယ်ပြခြင်း,343,
"<font size=""1"">",၂-ဓမ္မုဒ္ဓစ္စဝါရ အကျယ်ပြခြင်း,350,
"<font size=""1.5"">",၂-သစ္စကထာ,352,
"<font size=""1"">",၁-ပဌမသုတ္တန် အကျယ်ပြခြင်း,352,
"<font size=""1"">",၂-ဒုတိယသုတ္တန်ပါဠိ,357,
"<font size=""1"">",၃-ဒုတိယသုတ္တန် အကျယ်ပြခြင်း,358,
"<font size=""1.5"">",၃-ဗောဇ္ဈင်္ဂကထာ,362,
"<font size=""1"">",မူလမူလကာဒိ ဒသက,363,
"<font size=""1"">",သုတ္တန် အကျယ်ပြခြင်း,373,
"<font size=""1.5"">",၄-မေတ္တာကထာ,375,
"<font size=""1"">",မေတ္တာအကျိုး တစ်ဆယ့်တစ်ပါး,376,
"<font size=""1"">",၁-ဣနြ္ဒိယဝါရ,379,
"<font size=""1"">",၂-ဗလဝါရ,380,
"<font size=""1"">",၃-ဗောဇ္ဈင်္ဂဝါရ,382,
"<font size=""1"">",၄-မဂ္ဂင်္ဂဝါရ,383,
"<font size=""1.5"">",၅-ဝိရာဂကထာ,388,
"<font size=""1.5"">",၆-ပဋိသမ္ဘိဒါကထာ,393,
"<font size=""1"">",၁-ဓမ္မစက္ကပဝတ္တနဝါရ,393,
"<font size=""1"">",ဒုက္ခသစ္စာ၌ ဉာဏ်သုံးပါး,395,
"<font size=""1"">",သမုဒယသစ္စာ၌ ဉာဏ်သုံးပါး,395,
"<font size=""1"">",နိရောဓသစ္စာ၌ ဉာဏ်သုံးပါး,396,
"<font size=""1"">",မဂ္ဂသစ္စာ၌ ဉာဏ်သုံးပါး,396,
"<font size=""1"">",သစ္စာလေးပါး မသိသေးသမျှ ဘုရားဟု ဝန်မခံ,397,
"<font size=""1"">",ဘုရားဟု ဝန်ခံချိန်,397,
"<font size=""1"">",နတ်ဗြဟ္မာတို့ ကြွေးကြော်ကြခြင်း,398,
"<font size=""1"">",၂-သတိပဋ္ဌာနဝါရ,402,
"<font size=""1"">",၃-ဣဒ္ဓိပါဒဝါရ,404,
"<font size=""1"">",၄-သတ္တဗောဓိသတ္တဝါရ,406,
"<font size=""1"">",၅ - အဘိညာဒိဝါရ,407,
"<font size=""1"">",၆ - ခန္ဓာဒိဝါရ,408,
"<font size=""1"">",၇ - သစ္စဝါရ,408,
"<font size=""1"">",၈ - ပဋိသမ္ဘိဒါဝါရ,409,
"<font size=""1.5"">",ရ -ဓမ္မစက္ကကထာ,411,
"<font size=""1"">",၁- သစ္စဝါရ,411,
"<font size=""1"">",၂ - သတိပဋ္ဌာနဝါရ,415,
"<font size=""1"">",၃ - ဣဒ္ဓိပါဒဝါရ,416,
"<font size=""1.5"">",၈ - လောကုတ္တရကထာ,418,
"<font size=""1.5"">",၉ - ဗလကထာ,420,
"<font size=""1.5"">",၁၀-သုညကထာ,428,
"<font size=""1"">",၁-မာတိကာ,429,
"<font size=""1"">",၂-နိဒ္ဒေသ,430,
"<font size=""2"">",၃-ပညာဝဂ်,437,
"<font size=""1.5"">",၁-မဟာပညာကထာ,437,
"<font size=""1"">",၁-သောဠသပညာ အကျယ်ပြခြင်း,441,
"<font size=""1"">",၂-ပုဂ္ဂလဝိသေသ အကျယ်ပြခြင်း,451,
"<font size=""1.5"">",၂-ဣဒ္ဓိကထာ,453,
"<font size=""1"">",တန်ခိုး 'ဣဒ္ဓိ' ဆယ်ပါး အကျယ်ပြခြင်း,455,
"<font size=""1.5"">",၃-အဘိသမယကထာ,460,
"<font size=""1.5"">",၄-ဝိဝေကကထာ,464,
"<font size=""1"">",၁-မဂ္ဂင် အကျယ်ပြခြင်း,465,
"<font size=""1"">",၂-ဣနြ္ဒိယ အကျယ်ပြခြင်း,468,
"<font size=""1.5"">",၅-စရိယာကထာ,469,
"<font size=""1.5"">",၆-ပါဋိဟာရိယကထာ,470,
"<font size=""1.5"">",၇-သမသီသကထာ,473,
"<font size=""1.5"">",၈-သတိပဋ္ဌာနကထာ,474,
"<font size=""1.5"">",၉-ဝိပဿနာကထာ,478,
"<font size=""1.5"">",၁၀-မာတိကာကထာ,485,
6,06_khuddaka_13,မိလိန္ဒပဉှာ,434
"<font size=""2"">",ရှေးဆုတောင်း ပုဗ္ဗယောဂ,2,
"<font size=""2"">",၁-ဗာဟိရကထာ,3,
"<font size=""1.5"">",ပုဗ္ဗယောဂစသည်,3,
"<font size=""1.5"">",မိလိန္ဒမင်းအကြောင်း,4,
"<font size=""1.5"">",အတတ်တစ်ဆယ့်ကိုးမျိုး,4,
"<font size=""1.5"">",ပညာရှိစူးစမ်းခန်း,6,
"<font size=""1.5"">",ပူရဏကဿပသို့ မေးမြန်းခန်း,7,
"<font size=""1.5"">",မက္ခလိဂေါသာလသို့ မေးမြန်းခန်း,7,
"<font size=""1.5"">",နာဂသေနနတ်သားကို တောင်းပန်ခန်း,9,
"<font size=""1.5"">",အသျှင်ရောဟဏကို ဒဏ်ပေးခန်း,10,
"<font size=""1.5"">",နာဂသေနသူငယ် ဖွားမြင်ခန်း,11,
"<font size=""1.5"">",နာဂသေန ပညာသင်ခန်း,12,
"<font size=""1.5"">",ရောဟဏမထေရ်နှင့် နာဂသေနတွေ့ဆုံခန်း,13,
"<font size=""1.5"">",နာဂသေန ရှင်ပြုခန်း,14,
"<font size=""1.5"">",အသျှင်နာဂသေန ဆရာကို ပြစ်မှား၍ ဒဏ်ထားခန်း,16,
"<font size=""1.5"">",သျှင်နာဂသေန ပိဋကတ်သင်ကြွခန်း,18,
"<font size=""1.5"">",သံဃာတော်တို့ သာဂလပြည်သို့ ဝင်ရောက်ခန်း,20,
"<font size=""1.5"">",အသျှင်အာယုပါလသို့ မိလိန္ဒမင်းမေးခန်း,21,
"<font size=""1.5"">",မိလိန္ဒမင်းနှင့် သျှင်နာဂသေနတွေ့ဆုံခန်း,23,
"<font size=""2"">",၂-မိလိန္ဒပဥှာ,26,
"<font size=""1.5"">",၁-မဟာဝဂ်,26,
"<font size=""1"">",(ဘွဲ့မည်တော်ကို မေးခြင်း),26,
"<font size=""1"">",(သိက္ခာတော်ကို မေးခြင်း),29,
"<font size=""1"">",(စုံစမ်းလျှောက်မေးခြင်း,30,
"<font size=""1"">",(အနန္တကာယအမတ်၏ လျှောက်ထားမေးမြန်းချက်),31,
"<font size=""1"">",ရဟန်းပြုခြင်းဆိုင်ရာ ပြဿနာ,33,
"<font size=""1"">",ပဋိသန္ဓေ နေ မနေ ပြဿနာ,34,
"<font size=""1"">",၇-ယောနိသောမနသိကာရပဥှာ,34,
"<font size=""1"">",ယောနိသောမနသိကာရ ပြဿနာ,34,
"<font size=""1"">",မနသိကာရလက္ခဏာ ပြဿနာ,35,
"<font size=""1"">",၉-သီလလက္ခဏပဥှာ,35,
"<font size=""1"">",သီလလက္ခဏာ ပြဿနာ,35,
"<font size=""1"">",သဒ္ဓါ၏ ကြည်လင်းခြင်းလက္ခဏာ ပြဿနာ,37,
"<font size=""1"">",သဒ္ဓါ၏ ပြေးဝင်ခြင်းလက္ခဏာ ပြဿနာ,38,
"<font size=""1"">",ဝီရိယလက္ခဏာ ပြဿနာ,39,
"<font size=""1"">",သတိလက္ခဏာ ပြဿနာ,40,
"<font size=""1"">",သမာဓိလက္ခဏာ ပြဿနာ,42,
"<font size=""1"">",ပညာလက္ခဏာ ပြဿနာ,43,
"<font size=""1"">",တရားအသီးသီးတို့ အကျိုးတစ်ခုတည်းကို ပြီးစီးခြင်း ပြဿနာ,44,
"<font size=""1.5"">",၂-အဒ္ဓါနဝဂ်,45,
"<font size=""1"">",တရားအစဉ်အဆက် ဆက်စပ်ပုံ ပြဿနာ,45,
"<font size=""1"">",ပဋိသန္ဓေ မနေရမှုကို သိ မသိ ပြဿနာ,47,
"<font size=""1"">",ဉာဏ်နှင့် ပညာ ပြဿနာ,48,
"<font size=""1"">",ပဋိသန္ဓေမနေသူ ဝေဒနာခံစား မခံစားပြဿနာ,50,
"<font size=""1"">",ဝေဒနာပြဿနာ,51,
"<font size=""1"">",နာမ်ရုပ် တူ မတူ ပြဿနာ,52,
"<font size=""1"">",နာဂသေနမထေရ် တစ်ဖန်ပဋိသန္ဓေနေ မနေ ပြဿနာ,55,
"<font size=""1"">",နာမ်ရုပ်နှင့် ပဋိသန္ဓေနေမှု ပြဿနာ,56,
"<font size=""1"">",ကာလ ပြဿနာ,57,
"<font size=""1.5"">",၃-ဝိစာရဝဂ်,58,
"<font size=""1"">",ကာလ၏ အရင်းမူလ ပြဿနာ,58,
"<font size=""1"">",ရှေးအစွန်း ပြဿနာ,58,
"<font size=""1"">",ရှေးအစွန်း ထင်မထင် ပြဿနာ,60,
"<font size=""1"">",ဖြစ်ဆဲသင်္ခါရ ရှိ မရှိ ပြဿနာ,61,
"<font size=""1"">",ဖြစ်ရာမရှိဘဲ သင်္ခါရ ဖြစ် မဖြစ် ပြဿနာ,62,
"<font size=""1"">",ဇီဝမည်သော လိပ်ပြာကောင်အတ္တပြဿနာ,64,
"<font size=""1"">",စက္ခုဝိညာဏ်စသည် ဖြစ်ပုံ ပြဿနာ,67,
"<font size=""1"">",ဖဿလက္ခဏာပြဿနာ,70,
"<font size=""1"">",ဝေဒနာလက္ခဏာပြဿနာ,71,
"<font size=""1"">",သညာလက္ခဏာပြဿနာ,72,
"<font size=""1"">",စေတနာလက္ခဏာပြဿနာ,73,
"<font size=""1"">",ဝိညာဏ်လက္ခဏာပြဿနာ,74,
"<font size=""1"">",ဝိတက်လက္ခဏာပြဿနာ,75,
"<font size=""1"">",ဝိစာရလက္ခဏာပြဿနာ,75,
"<font size=""1.5"">",၄-နိဗ္ဗာနဝဂ်,76,
"<font size=""1"">",ဖဿစသည်တို့ကို ခွဲခြား၍ သိ၊ မသိ ပြဿနာ,76,
"<font size=""1"">",အသျှင်နာဂသေနမေးသော ပြဿနာ,77,
"<font size=""1"">",အာယတနငါးပါး ကံကြောင့် ဖြစ်ပုံ ပြဿနာ,78,
"<font size=""1"">",ကုသိုလ်ကံ၊ အကုသိုလ်ကံ ခြားနားမှု ပြဿနာ,79,
"<font size=""1"">",လုံ့လဝီရိယထုတ်ခြင်း ပြဿနာ,80,
"<font size=""1"">",ငရဲမီးပူလောင်ပုံ ပြဿနာ,81,
"<font size=""1"">",မြေကြီးတည်နေပုံ ပြဿနာ,83,
"<font size=""1"">",ချုပ်ခြင်းသည် နိဗ္ဗာန်မည် မမည် ပြဿနာ,83,
"<font size=""1"">",နိဗ္ဗာန်ရခြင်း ပြဿနာ,84,
"<font size=""1"">",နိဗ္ဗာန်ချမ်းသာကို သိမသိ ပြဿနာ,85,
"<font size=""1.5"">",၅-ဗုဒ္ဓဝဂ်,86,
"<font size=""1"">",မြတ်စွာဘုရား ရှိ မရှိ ပြဿနာ,86,
"<font size=""1"">",မြတ်စွာဘုရား အတုမရှိမြတ်ပုံ ပြဿနာ,87,
"<font size=""1"">",မြတ်စွာဘုရား၏ အတုမရှိသည့်အဖြစ်ကို သိ မသိ ပြဿနာ,88,
"<font size=""1"">",တရားတော်ကို မြင် မမြင် ပြဿနာ,88,
"<font size=""1"">",မပြောင်းရွှေ့ဘဲ ပဋိသန္ဓေနေ မနေ ပြဿနာ,89,
"<font size=""1"">",ဝေဒဂူ 'အတ္တလိပ်ပြာကောင်'ပြဿနာ,89,
"<font size=""1"">",အခြားကိုယ်သို့ ပြောင်းသော သတ္တဝါ ရှိ မရှိပြဿနာ,90,
"<font size=""1"">",ကံ၏ အကျိုးရှိသည်၏ အဖြစ်ပြဿနာ,91,
"<font size=""1"">","ပဋိသန္ဓေဖြစ်တည်မှုကို သိ, မသိပြဿနာ",91,
"<font size=""1"">",မြတ်စွာဘုရားကို ပြနိုင်၊ မပြနိုင်ပြဿနာ,92,
"<font size=""1.5"">",၆-သတိဝဂ်,93,
"<font size=""1"">",မိမိကိုယ်ကို ချစ်၊ မချစ်ပြဿနာ,93,
"<font size=""1"">",မြတ်စွာဘုရား တရားအားလုံးကို သိ၊ မသိပြဿနာ,94,
"<font size=""1"">",မြတ်စွာဘုရား မဟာပုရိသလက္ခဏာ ပြည့်စုံ၊ မပြည့်စုံပြဿနာ,95,
"<font size=""1"">",မြတ်စွာဘုရား ဗြဟ္မစာရီ မည်၊ မမည်ပြဿနာ,96,
"<font size=""1"">",မြတ်စွာဘုရား ပဉ္စင်း ဖြစ်၊ မဖြစ်ပြဿနာ,97,
"<font size=""1"">",မျက်ရည်၏ ဆေးနှင့် ဘေးဖြစ်ပုံပြဿနာ,97,
"<font size=""1"">",ရာဂရှိသူနှင့်ရာဂကင်းသူ ထူးပုံ ပြဿနာ,98,
"<font size=""1"">",ပညာ၏ တည်နေရာ ပြဿနာ,98,
"<font size=""1"">",သံသရာ ပြဿနာ,99,
"<font size=""1"">",ကြာမြင့်စွာက ပြုပြီးသည်ကို အောက်မေ့နိုင်မှု ပြဿနာ,99,
"<font size=""1"">",သတိသည် အမြဲသိမှတ်၍ ဖြစ်၊ မဖြစ် ပြဿနာ,100,
"<font size=""1.5"">",၇-အရူပဓမ္မဝဝတ္တာနဝဂ်,101,
"<font size=""1"">",သတိဖြစ်ပေါ်ပုံ ပြဿနာ,101,
"<font size=""1"">",ဘုရားဂုဏ်တော်ကို သတိရမှု ပြဿနာ,103,
"<font size=""1"">",ဒုက္ခကို ပယ်စွန့်ခြင်း ပြဿနာ,104,
"<font size=""1"">",ဗြဟ္မာ့ပြည်နှင့် လူ့ပြည် အကွာအဝေး ပြဿနာ,106,
"<font size=""1"">",လောကနှစ်ခု၌ ဖြစ်ရမှု၏ တူမျှပုံ ပြဿနာ,107,
"<font size=""1"">",ဗောဇ္ဈင်ပြဿနာ,108,
"<font size=""1"">",အကုသိုလ်နှင့် ကုသိုလ် အနည်းအများ ပြဿနာ,108,
"<font size=""1"">",သိလျက် မကောင်းမှုကို ပြုခြင်း၊ မသိဘဲ မကောင်းမှုကို ပြုခြင်း ပြဿနာ,109,
"<font size=""1"">",မြောက်ကျွန်းစသည်သို့ သွားနိုင်၊ မသွားနိုင် ပြဿနာ,110,
"<font size=""1"">",အရိုးရှည်ပြဿနာ,110,
"<font size=""1"">",ထွက်သက်၊ ဝင်သက်ချုပ်ရန် တတ်နိုင်၊ မတတ်နိုင်ပြဿနာ,111,
"<font size=""1"">",သမုဒ္ဒရာပြဿနာ,111,
"<font size=""1"">",သမုဒ္ဒရာ၏ အငန်အရသာတစ်ခုတည်းရှိပုံပြဿနာ,112,
"<font size=""1"">",သိမ်မွေ့သော အရာဝတ္ထုပြဿနာ,112,
"<font size=""1"">",ဝိညာဏ်၏ အနက်အထူးထူးပြဿနာ,113,
"<font size=""1"">",နာမ်တရားကို ပိုင်းခြားခြင်း၌ ခဲယဉ်းပုံ ပြဿနာ,114,
"<font size=""1.5"">",မိလိန္ဒမင်း၏ ပြဿနာနှင့် အမေးအဖြေများ,115,
"<font size=""2"">",၃-မေဏ္ဍကပဥှာရမ္ဘကထာ,117,
"<font size=""1.5"">",တိုင်ပင်ခြင်း၏ ရှောင်ကြဉ်ရာ အရပ်ရှစ်မျိုး,117,
"<font size=""1.5"">",တိုင်ပင်မှုကို ဖျက်ဆီးတတ်သော ပုဂ္ဂိုလ်ရှစ်ယောက်,119,
"<font size=""1.5"">",လျှို့ဝှက်တိုင်ပင်ချက်ကို ဖျက်ဆီးတတ်သော ပုဂ္ဂိုလ်ကိုးယောက်,120,
"<font size=""1.5"">",ပညာကြီးရင့်ကြောင်းရှစ်ပါး,121,
"<font size=""1.5"">",ဆရာ၏ ဂုဏ်အင်္ဂါ,122,
"<font size=""1.5"">",ဥပါသကာ၏ ဂုဏ်အင်္ဂါ,123,
"<font size=""2"">",၄-မေဏ္ဍကပဥှာ,124,
"<font size=""1.5"">",၁-ဣဒ္ဓိဗလဝဂ်,124,
"<font size=""1"">",သဗ္ဗညုတဉာဏ် ဖြစ်ပုံပြဿနာ,130,
"<font size=""1"">",ဒေဝဒတ်အား ရဟန်းပြုပေးမှု ပြဿနာ,135,
"<font size=""1"">",မြေလှုပ်ပုံ ပြဿနာ,140,
"<font size=""1"">",သိဝိမင်း မျက်လုံးကို ထုတ်၍ ပေးလှူခြင်း ပြဿနာ,145,
"<font size=""1"">",ကိုယ်ဝန်တည် ပြဿနာ,148,
"<font size=""1"">",သာသနာကွယ် မကွယ်ပြဿနာ,154,
"<font size=""1"">",မြတ်စွာဘုရားအား ထပ်မံပွါးများရမှု ရှိ မရှိ ပြဿနာ,161,
"<font size=""1"">",ဣဒ္ဓိပါဒ်စွမ်းအားကို ပြခြင်း ပြဿနာ,163,
"<font size=""1.5"">",၂-အဘေဇ္ဇဝဂ်,165,
"<font size=""1"">",မြတ်စွာဘုရား ဖြေကြားခြင်းမပြုသော ပုစ္ဆာပြဿနာ,166,
"<font size=""1"">",သေခြင်းမှ ကြောက် မကြောက် ပြဿနာ,168,
"<font size=""1"">",သေမင်းကျော့ကွင်းမှ လွတ် မလွတ် ပြဿနာ,172,
"<font size=""1"">",မြတ်စွာဘုရားအား လာဘ်အန္တရာယ် ရှိ မရှိ ပြဿနာ,175,
"<font size=""1"">",မကောင်းမှု ပွားစီး၊ မပွားစီး ပြဿနာ,179,
"<font size=""1"">",ရဟန်းသံဃာကို ထိန်းသိမ်းဆောင်ရွက်ခြင်း ပြဿနာ,180,
"<font size=""1"">",မြတ်စွာဘုရားအား မကွဲပျက်သော ပရိသတ် ရှိ မရှိ ပြဿနာ,181,
"<font size=""1.5"">",၃-ပဏာမိတဝဂ်,183,
"<font size=""1"">",တရားတော်သည် အမြတ်ဆုံး ဖြစ် မဖြစ် ပြဿနာ,183,
"<font size=""1"">",မြတ်စွာဘုရားသည် သတ္တဝါအားလုံးတို့၏ အကျိုးစီးပွားကို ဆောင် မဆောင်ပြဿနာ,186,
"<font size=""1"">",လျှို့ဝှက်သော အင်္ဂါကို ပြခြင်းဆိုင်ရာ ပြဿနာ,189,
"<font size=""1"">",မြတ်စွာဘုရား စကားကြမ်းသည်၏ အဖြစ်ကို ပြသော ပြဿနာ,192,
"<font size=""1"">",သစ်ပင်တို့ စိတ်စေတနာမရှိသည့်အဖြစ် ပြဿနာ,194,
"<font size=""1"">",ဆွမ်းနှစ်မျိုး၏ အကျိုးကြီးမှု တူပုံပြဿနာ,195,
"<font size=""1"">",မြတ်စွာဘုရားအား ပူဇော်ခြင်း ပြဿနာ,198,
"<font size=""1"">",ခြေတော်၌ ကျောက်ချပ်လွှာထိခြင်း ပြဿနာ,200,
"<font size=""1"">",အမြတ်ဆုံးရဟန်း ပြဿနာ,202,
"<font size=""1"">",ဂုဏ်ကို ပြောဆိုခြင်း ပြဿနာ,203,
"<font size=""1"">",မညှဉ်းဆဲခြင်းနှင့် ဖိနှိပ်ခြင်း ပြဿနာ,205,
"<font size=""1"">",ရဟန်းတို့ကို မြတ်စွာဘုရား နှင်ထုတ်ခြင်း ပြဿနာ,206,
"<font size=""1.5"">",၄-သဗ္ဗညုတဉာဏဝဂ်,208,
"<font size=""1"">",တန်ခိုးနှင့် ကံ၏အကျိုး ပြဿနာ,208,
"<font size=""1"">",ဓမ္မဝိနယကို ဖုံးထားသင့် မထားသင့် ပြဿနာ,209,
"<font size=""1"">","မုသားစကား၏ အလေး, အပေါ့ဖြစ်ပုံ ပြဿနာ",212,
"<font size=""1"">",ဘုရားလောင်းဓမ္မတာ ပြဿနာ,213,
"<font size=""1"">",မိမိကိုယ်ကို သတ်ခြင်း ပြဿနာ,215,
"<font size=""1"">",မေတ္တာပွားများကျိုး ပြဿနာ,217,
"<font size=""1"">",ကုသိုလ်နှင့် အကုသိုလ် အကျိုးတူ၊ မတူ ပြဿနာ,220,
"<font size=""1"">",အမရာဒေဝီ ''မကောင်းမှုမပြုသော' ပြဿနာ,224,
"<font size=""1"">",ရဟန္တာပုဂ္ဂိုလ် ကြောက်ရွံ့ခြင်း ကင်း၊ မကင်း ပြဿနာ,226,
"<font size=""1"">",မြတ်စွာဘုရား အလုံးစုံကို သိတော်မူပုံ ပြဿနာ,228,
"<font size=""1.5"">",၅-သန္ထဝဝဂ်,230,
"<font size=""1"">",သန္ထဝ စသော ဂါထာနှင့် စပ်သော ပြဿနာ,230,
"<font size=""1"">",ဝမ်း 'အစာအိမ်'၌ စောင့်စည်းမှု ပြဿနာ,232,
"<font size=""1"">",မြတ်စွာဘုရားနှင့် အနာကင်းသူ ပြဿနာ,234,
"<font size=""1"">",မဂ်ကို ဖြစ်စေပုံ ပြဿနာ,236,
"<font size=""1"">",မြတ်စွာဘုရား သတ္တဝါတို့ကို မညှဉ်းဆဲပုံ ပြဿနာ,238,
"<font size=""1"">",ဆဒ္ဒန်ဆင်မင်းနှင့် ဇောတိပါလလုလင်တို့၏ အပြုအမူ ပြဿနာ,240,
"<font size=""1"">",ဃဋိကာရအိုးထိန်းသည် 'အိမ် ' ပြဿနာ,242,
"<font size=""1"">","မြတ်စွာဘုရား၏ ဗြာဟ္မဏ, ရာဇဟူသော စကားပြဿနာ",243,
"<font size=""1"">",ဂါထာတို့ကို သီဆို၍ ရအပ်သော ဘောဇဉ်ကို မသုံးဆောင်ဟူသော စကားဆိုင်ရာ ပြဿနာ,246,
"<font size=""1"">",မြတ်စွာဘုရား တရားဟောမှု၌ ကြောင့်ကြမဲ့ နေလိုခြင်း ပြဿနာ,250,
"<font size=""1"">",မြတ်စွာဘုရားအား ဆရာ ရှိ၊ မရှိ ပြဿနာ,253,
"<font size=""1.5"">",၁-ဗုဒ္ဓဝဂ်,255,
"<font size=""1"">",ဘုရားနှစ်ဆူ တစ်ပြိုင်နက် မပွင့်ခြင်း ပြဿနာ,255,
"<font size=""1"">",မိထွေးတော်ဂေါတမီ သင်္ကန်းလှူခြင်း ပြဿနာ,258,
"<font size=""1"">",လူနှင့် ရဟန်းတို့ ကောင်းစွာ ကျင့်ခြင်း ပြဿနာ,261,
"<font size=""1"">",ဒုက္ကရစရိယာအကျင့်၏ အပြစ် ပြဿနာ,262,
"<font size=""1"">",သာသနာတော်မှ ပြန်လည်ဆုတ်နစ် 'လူထွက်' ခြင်း ပြဿနာ,264,
"<font size=""1"">",ရဟန္တာဝေဒနာခံစားခြင်း ပြဿနာ,270,
"<font size=""1"">",တရားကို ထိုးထွင်းသိမြင်ခြင်း၏ အန္တရာယ် ပြဿနာ,272,
"<font size=""1"">",ဒုဿီလ 'ရဟန်းနှင့် လူ အထူး' ပြဿနာ,274,
"<font size=""1"">",ရေသည် သတ္တဇီဝ ဟုတ်၊ မဟုတ် ပြဿနာ,276,
"<font size=""1.5"">",၂-နိပ္ပပဉ္စဝဂ်,280,
"<font size=""1"">",သံသရာမချဲ့တတ်သော တရား ပြဿနာ,280,
"<font size=""1"">",လူ့အသွင်ဖြင့် ရဟန္တာအဖြစ် ပြဿနာ,282,
"<font size=""1"">",ရဟန္တာနှင့် သတိမေ့လျော့မှုပြဿနာ,283,
"<font size=""1"">",လောက၌ မရှိသော ဝတ္ထု ပြဿနာ,285,
"<font size=""1"">",ကံစသည်ကြောင့် မဖြစ်သော အရာဝတ္ထု ပြဿနာ,286,
"<font size=""1"">",ကံစသည်ကြောင့် ဖြစ်သော အရာဝတ္ထု ပြဿနာ,289,
"<font size=""1"">",ဘီလူး ရှိ၊ မရှိ ပြဿနာ,290,
"<font size=""1"">",သိက္ခာပုဒ်ကို အကြွင်းမဲ့ ပညတ်ခဲ့ခြင်း ပြဿနာ,291,
"<font size=""1"">",နေ၏ ထွန်းလင်းတောက်ပမှု ပြဿနာ,292,
"<font size=""1"">",နေ၏ ပြင်းစွာ ထွန်းလင်းတောက်ပမှု ပြဿနာ,293,
"<font size=""1.5"">",၃-ဝေဿန္တရဝဂ်,294,
"<font size=""1"">",ဝေဿန္တရာမင်းကြီး၏ ပေးလှူမှု ပြဿနာ,294,
"<font size=""1"">",ဒုက္ကရစရိယာ အကျင့် ပြဿနာ,302,
"<font size=""1"">",ကုသိုလ် အကုသိုလ်၏ အားကြီးမှု ပြဿနာ,307,
"<font size=""1"">",ရှေးက သေလွန်ပြီးသူတို့အား ရည်ညွှန်း၍ လှူသော အလှူပြဿနာ,311,
"<font size=""1"">",အိပ်မက် ပြဿနာ,314,
"<font size=""1"">",သေချိန်မရောက်မီ သေခြင်း ပြဿနာ,317,
"<font size=""1"">",စေတီ တန်ခိုးပြခြင်း ပြဿနာ,323,
"<font size=""1"">",မဂ်ဖိုလ်ကို ထိုးထွင်း၍ သိခြင်း ပြဿနာ,325,
"<font size=""1"">",နိဗ္ဗာန်၏ စင်စစ် ချမ်းသာအတိ ဖြစ်ပုံ ပြဿနာ,327,
"<font size=""1"">",နိဗ္ဗာန်၏ အဆင်း အသွင်သဏ္ဌာန် ပြဿနာ,330,
"<font size=""1"">",နိဗ္ဗာန်သို့ မျက်မှောက်ပြုပုံ ပြဿနာ,335,
"<font size=""1"">",နိဗ္ဗာန်၏ တည်ရာ ပြဿနာ,338,
"<font size=""1.5"">",၄-အနုမာနဝဂ်,340,
"<font size=""1"">",မှန်းဆ၍ 'မြတ်စွာဘုရားရှိကြောင်း' သိရပုံ ပြဿနာ,340,
"<font size=""1"">",ဓူတင်အကျင့် ပြဿနာ,354,
"<font size=""2"">",၆-ဩပမ္မကထာပဥှာ,367,
"<font size=""1.5"">",မာတိကာ,367,
"<font size=""1.5"">",၁-ဂဒြဘဝဂ်,371,
"<font size=""1"">",မြည်း၏ အင်္ဂါ ပြဿနာ,371,
"<font size=""1"">",ကြက်၏ အင်္ဂါပြဿနာ,371,
"<font size=""1"">",ရှဉ့်၏ အင်္ဂါ ပြဿနာ,373,
"<font size=""1"">",သစ်မ၏ အင်္ဂါ ပြဿနာ,373,
"<font size=""1"">",သစ်ဖို၏ အင်္ဂါ ပြဿနာ,374,
"<font size=""1"">",လိပ်၏ အင်္ဂါပြဿနာ,375,
"<font size=""1"">",ဝါး၏ အင်္ဂါ ပြဿနာ,376,
"<font size=""1"">",လေး၏ အင်္ဂါ ပြဿနာ,376,
"<font size=""1"">",ကျီးငှက်၏ အင်္ဂါပြဿနာ,377,
"<font size=""1"">",မျောက်၏ အင်္ဂါ ပြဿနာ,378,
"<font size=""1.5"">",၂-သမုဒ္ဒဝဂ်,379,
"<font size=""1"">",ဗူးနွယ်၏ အင်္ဂါ ပြဿနာ,379,
"<font size=""1"">",ပဒုမ္မာကြာ၏ အင်္ဂါ ပြဿနာ,379,
"<font size=""1"">",မျိုးစေ့၏ အင်္ဂါ ပြဿနာ,380,
"<font size=""1"">",သာလကလျာဏီပင်၏ အင်္ဂါ ပြဿနာ,381,
"<font size=""1"">",လှေ၏ အင်္ဂါပြဿနာ,382,
"<font size=""1"">",ကျောက်ဆူး၏ အင်္ဂါပြဿနာ,383,
"<font size=""1"">",လင်းယဉ်တိုင်၏ အင်္ဂါပြဿနာ,384,
"<font size=""1"">",လှေသူကြီး၏ အင်္ဂါပြဿနာ,384,
"<font size=""1"">",လှေထိုးသား၏ အင်္ဂါပြဿနာ,385,
"<font size=""1"">",သမုဒ္ဒရာ၏ အင်္ဂါပြဿနာ,386,
"<font size=""1.5"">",၃-ပထဝီဝဂ်,388,
"<font size=""1"">",မြေကြီး၏ အင်္ဂါပြဿနာ,388,
"<font size=""1"">",ရေ၏ အင်္ဂါပြဿနာ,389,
"<font size=""1"">",မီး၏ အင်္ဂါပြဿနာ,390,
"<font size=""1"">",လေ၏ အင်္ဂါ ပြဿနာ,391,
"<font size=""1"">",တောင်၏ အင်္ဂါ ပြဿနာ,392,
"<font size=""1"">",ကောင်းကင်၏ အင်္ဂါ ပြဿနာ,393,
"<font size=""1"">",လ၏ အင်္ဂါ ပြဿနာ,394,
"<font size=""1"">",နေ၏ အင်္ဂါ ပြဿနာ,395,
"<font size=""1"">",သိကြားမင်း၏ အင်္ဂါ ပြဿနာ,397,
"<font size=""1"">",စကြဝတေးမင်း၏ အင်္ဂါ ပြဿနာ,398,
"<font size=""1.5"">",၄-ဥပစိကာဝဂ်,399,
"<font size=""1"">",ခြ၏ အင်္ဂါ ပြဿနာ,399,
"<font size=""1"">",ကြောင်၏ အင်္ဂါ ပြဿနာ,399,
"<font size=""1"">",ကြွက်၏ အင်္ဂါ ပြဿနာ,400,
"<font size=""1"">",ကင်းမြီးကောက်၏ အင်္ဂါ ပြဿနာ,401,
"<font size=""1"">",မြွေပါ၏ အင်္ဂါ ပြဿနာ,401,
"<font size=""1"">",မြေခွေးအို၏ အင်္ဂါ ပြဿနာ,402,
"<font size=""1"">",သမင်၏ အင်္ဂါ ပြဿနာ,403,
"<font size=""1"">",နွားအပေါင်း၏ အင်္ဂါပြဿနာ,404,
"<font size=""1"">",ဝက်၏ အင်္ဂါ ပြဿနာ,405,
"<font size=""1"">",ဆင်၏ အင်္ဂါပြဿနာ,405,
"<font size=""1.5"">",၅-သီဟဝဂ်,407,
"<font size=""1"">",ခြင်္သေ့၏ အင်္ဂါ ပြဿနာ,407,
"<font size=""1"">",စက္ကဝါက်ငှက်၏ အင်္ဂါပြဿနာ,408,
"<font size=""1"">",အောက်ချင်းငှက်၏ အင်္ဂါပြဿနာ,409,
"<font size=""1"">",အိမ်ခို၏ အင်္ဂါပြဿနာ,410,
"<font size=""1"">",ခင်ပုပ်ငှက်၏ အင်္ဂါပြဿနာ,411,
"<font size=""1"">",ခေါက်ရှာငှက်၏ အင်္ဂါပြဿနာ,411,
"<font size=""1"">",လင်းနို့၏ အင်္ဂါပြဿနာ,412,
"<font size=""1"">",မျှော့၏ အင်္ဂါပြဿနာ,413,
"<font size=""1"">",မြွေ၏ အင်္ဂါပြဿနာ,413,
"<font size=""1"">",စပါးကြီးမြွေ၏ အင်္ဂါပြဿနာ,414,
"<font size=""1.5"">",၆-မက္ကဋကဝဂ်,415,
"<font size=""1"">",ပင့်ကူ၏ အင်္ဂါပြဿနာ,415,
"<font size=""1"">",နို့စို့သူငယ်၏ အင်္ဂါပြဿနာ,415,
"<font size=""1"">",ကုန်းလိပ်ပြောက်၏ အင်္ဂါပြဿနာ,416,
"<font size=""1"">",တောအုပ်၏ အင်္ဂါပြဿနာ,416,
"<font size=""1"">",သစ်ပင်၏ အင်္ဂါ ပြဿနာ,417,
"<font size=""1"">",မိုး၏ အင်္ဂါပြဿနာ,419,
"<font size=""1"">",ပတ္တမြား၏ အင်္ဂါ ပြဿနာ,420,
"<font size=""1"">",သားမုဆိုး၏ အင်္ဂါပြဿနာ,421,
"<font size=""1"">",ငါးမျှားသူ၏ အင်္ဂါပြဿနာ,422,
"<font size=""1"">",တစည်းသမား၏ အင်္ဂါပြဿနာ,423,
"<font size=""1.5"">",၇-ကုမ္ဘဝဂ်,424,
"<font size=""1"">",အိုး၏ အင်္ဂါပြဿနာ,424,
"<font size=""1"">",တီးတုတ်ငှက်၏ အင်္ဂါ ပြဿနာ,425,
"<font size=""1"">",ထီး၏ အင်္ဂါပြဿနာ,426,
"<font size=""1"">",လယ်၏ အင်္ဂါပြဿနာ,427,
"<font size=""1"">",အဆိပ်ဖြေဆေး၏ အင်္ဂါပြဿနာ,428,
"<font size=""1"">",ဘောဇဉ်၏ အင်္ဂါပြဿနာ,429,
"<font size=""1"">",လေးသမား၏ အင်္ဂါပြဿနာ,430,
"<font size=""2"">",နိဂုံး,432,
"<font size=""2"">",မိလိန္ဒမင်း ရဟန်းပြုခြင်း,433,
"<font size=""2"">",ကျမ်းပြီးနိဂုံး,434,
7,07_abhidhamma_01,ဓမ္မသင်္ဂဏီ,675
"<font size=""2"">",မာတိကာ (ခေါင်းစဉ်),1,
"<font size=""1.5"">",(က) တိကမာတိကာ,1,
"<font size=""1.5"">",(ခ) ဒုကမာတိကာ,6,
"<font size=""1.5"">",ကုသိုလ်တရားစုကို ဝေဖန်ခြင်း,29,
"<font size=""1"">",ကာမဝစရကုသိုလ်,29,
"<font size=""1"">",ပဌမစိတ်,29,
5->,တရားတို့ကို ပိုင်းခြား၍ ဟောကြားခြင်း,29,
6->,အကျဉ်းအားဖြင့် ဟောကြားခြင်း,29,
6->,အကျယ်အားဖြင့် ဟောကြားခြင်း,31,
5->,စုပေါင်းဟောကြားခြင်း,46,
6->,အကျဉ်းချုပ်ဟောကြားခြင်း,46,
6->,အကျယ်ပြခြင်း နှင့် ထပ်၍ အကျယ်ပြခြင်း,47,
5->,ဓမ္မတို့၏ အတ္တမှ ဆိတ်သုဉ်းသည်ကို ပြရန် ဟောကြားခြင်း,66,
6->,အကျဉ်းချုပ် ဟောကြားခြင်း,66,
6->,အကျယ်ဟောကြားခြင်း,66,
"<font size=""1"">",ဒုတိယစိတ်,70,
"<font size=""1"">",တတိယစိတ်,70,
5->,တရားတို့ကို ပိုင်းခြား၍ ဟောကြားခြင်း,70,
5->,စုပေါင်းဟောကြားခြင်း,71,
6->,အကျဉ်းချုပ်ဟောကြားခြင်း,71,
6->,အကျယ်ဟောကြားခြင်း,72,
"<font size=""1"">",စတုတ္ထစိတ်,73,
"<font size=""1"">",ပဉ္စမစိတ်,73,
5->,တရားတို့ကို ပိုင်းခြား၍ ဟောကြားခြင်း,73,
6->,အကျဉ်းချုပ်ဟောကြားခြင်း,73,
6->,အကျယ်ဟောကြားခြင်း,74,
5->,စုပေါင်းဟောကြားခြင်း),76,
6->,အကျဉ်းချုပ်ဟောကြားခြင်း,76,
6->,အကျယ်ဟောကြားခြင်း,76,
"<font size=""1"">",ဆဋ္ဌမစိတ်,77,
"<font size=""1"">",သတ္တမစိတ်,78,
5->,တရားတို့ကို ပိုင်းခြား၍ ဟောကြားခြင်း,78,
6->,အကျဉ်းချုပ်ဟောကြားခြင်း,78,
5->,စုပေါင်းဟောကြားခြင်း),79,
6->,အကျဉ်းချုပ်ဟောကြားခြင်း,79,
6->,အကျယ်ဟောကြားခြင်း,79,
"<font size=""1"">",ကာမာဝစရကုသိုလ်အဋ္ဌမစိတ်,80,
"<font size=""1"">",ရူပါဝစရကုသိုလ်,81,
"<font size=""1"">",(၁) ဈာန်လေးပါးဖြစ်ပုံကို ပြသော စတုက္ကနည်း,81,
5->,ရူပါဝစရကုသိုလ်ပဌမဈာန်စိတ်,81,
5->,ရူပါဝစရကုသိုလ် ဒုတိယဈာန်စိတ်,81,
5->,ရူပါဝစရကုသိုလ် တတိယဈာန်စိတ်,83,
5->,ရူပါဝစရကုသိုလ် စတုတ္ထဈာန်စိတ်,85,
"<font size=""1"">",(၂) ဈာန်ငါးပါးဖြစ်ပုံကို ပြသော ပဉ္စကနည်း,87,
5->,ရူပါဝစရကုသိုလ်ပဌမဈာန်စိတ်,87,
5->,ရူပါဝစရကုသိုလ်ဒုတိယဈာန်စိတ်,87,
5->,ရူပါဝစရကုသိုလ် တတိယဈာန်စိတ်,89,
5->,ရူပါဝစရကုသိုလ် စတုတ္ထဈာန်စိတ်,90,
5->,ရူပါဝစရကုသိုလ်ပဉ္စမဈာန်စိတ်,92,
"<font size=""1"">",အကျင့်လေးပါး 'စတဿော ပဋိပဒါ',93,
5->,ဒုက္ခပဋိပဒါဒန္ဓာဘိညဈာန်,93,
5->,ဒုက္ခပဋိပဒါခိပ္ပါဘိညဈာန်,93,
5->,သုခပဋိပဒါဒန္ဓာဘိညဈာန်,94,
5->,သုခပဋိပဒါခိပ္ပါဘိညဈာန်,94,
5->,ဒုတိယဈာန်စသည်များ,94,
"<font size=""1"">",အာရုံလေးပါး 'စတ္ထာရိ အာရမ္မဏာနိ',95,
5->,ပရိတ္တပရိတ္တာရမ္မဏဈာန်,95,
5->,ပရိတ္တအပ္ပမာဏာရမ္မဏဈာန်,95,
5->,အပ္ပမာဏပရိတ္တာရမ္မဏဈာန်,95,
5->,အပ္ပမာဏအပ္ပမာဏာရမ္မဏဈာန်,95,
5->,ဒုတိယဈာန်စသည်များ,96,
"<font size=""1"">",အာရမ္မဏပဋိပဒါမိဿကသောဠသက္ခတ္တုက'နည်း,96,
5->,(၁) ဒုက္ခပဋိပဒါဒန္ဓာဘိည ပရိတ္တပရိတ္တာရမ္မဏဈာန်,96,
5->,(၂) ဒုက္ခပဋိပဒါဒန္ဓာဘိည ပရိတ္တအပ္ပမာဏာရမ္မဏဈာန်,97,
5->,(၃) ဒုက္ခပဋိပဒါဒန္ဓာဘိည အပ္ပမာဏပရိတ္တာရမ္မဏဈာန်,97,
5->,(၄) ဒုက္ခပဋိပဒါဒန္ဓာဘိည အပ္ပမာဏအပ္ပမာဏာရမ္မဏဈာန်,97,
5->,(၅) ဒုက္ခပဋိပဒါခိပ္ပါဘိည ပရိတ္တပရိတ္တာရမ္မဏဈာန်,97,
5->,(၆) ဒုက္ခပဋိပဒါခိပ္ပါဘိည ပရိတ္တအပ္ပမာဏာရမ္မဏဈာန်,98,
5->,(၇) ဒုက္ခပဋိပဒါခိပ္ပါဘိည အပ္ပမာဏပရိတ္တာရမ္မဏဈာန်,98,
5->,(၈) ဒုက္ခပဋိပဒါခိပ္ပါဘိည အပ္ပမာဏအပ္ပမာဏရမ္မဏဈာန်,98,
5->,(၉) သုခပဋိပဒါဒန္ဓာဘိည ပရိတ္တပရိတ္တာရမ္မဏဈာန်,98,
5->,(၁၀) သုခပဋိပဒါဒန္ဓာဘိည ပရိတ္တအပ္ပမာဏာရမ္မဏဈာန်,99,
5->,(၁၁) သုခပဋိပဒါဒန္ဓာဘိည အပ္ပမာဏာပရိတ္တာရမ္မဏဈာန်,99,
5->,(၁၂) သုခပဋိပဒါဒန္ဓာဘိည အပ္ပမာဏအပ္ပမာဏာရမ္မဏဈာန်,99,
5->,(၁၃) သုခပဋိပဒါခိပ္ပါဘိည ပရိတ္တပရိတ္တရမ္မဏဈာန်,99,
5->,(၁၄) သုခပဋိပဒါခိပ္ပါဘိည ပရိတ္တအပ္ပမာဏာရမ္မဏဈာန်,100,
5->,(၁၅) သုခပဋိပဒါခိပ္ပါဘိည အပ္ပမာဏပရိတ္တာရမ္မဏဈာန်,100,
5->,(၁၆) သုခပဋိပဒါခိပ္ပါဘိည အပ္ပမာဏအပ္ပမာဏာရမ္မဏဈာန်,100,
5->,ဒုက္ခပဋိပဒါဒန္ဓာဘိည ပရိတ္တပရိတ္တာရမ္မဏဈာန်စသည်များ,101,
"<font size=""1"">",အဋ္ဌကသိဏ သောဠသက္ခတ္တုက'နည်း,103,
"<font size=""1"">",အဘိဘာယတန' ဈာန်များ,104,
5->,သုဒ္ဓိကနည်း,104,
"<font size=""1"">",အရူပါဝစရကုသိုလ်,128,
"<font size=""1"">",သောဠသက္ခတ္တုက (၁၆-ကြိမ်ရှိသော) အရူပဈာန်လေးပါး,128,
5->,ပဌမာရုပ္ပဈာန်,128,
5->,ဒုတိယာရုပ္ပဈာန်,128,
5->,တတိယာရုပ္ပဈာန်,128,
5->,စတုတ္ထာရုပ္ပဈာန်,129,
"<font size=""1"">",ဘုံသုံးပါး၌ ဖြစ်သော 'တေဘူမက'ကုသိုလ်,130,
"<font size=""1"">",ကာမာဝစရကုသိုလ်,130,
"<font size=""1"">",ရူပါဝစရကုသိုလ်,132,
"<font size=""1"">",အရူပါဝစရကုသိုလ်,134,
"<font size=""1"">",လောကုတ္တရာကုသိုလ်,138,
"<font size=""1"">",အကျင့်သက်သက်ဟောခြင်း 'သုဒ္ဓိကပဋိပဒါ',138,
"<font size=""1.5"">",'အကုသလ ပဒဘာဇနီ'',174,
"<font size=""1"">",လောဘမူ ပဌမစိတ်,174,
"<font size=""1"">",လောဘမူ ဒုတိယစိတ်,184,
"<font size=""1"">",လောဘမူ တတိယစိတ်,185,
"<font size=""1"">",လောဘမူ စတုတ္ထစိတ်,187,
"<font size=""1"">",လောဘမူ ပဉ္စမစိတ်,188,
"<font size=""1"">",လောဘမူ ဆဋ္ဌစိတ်,191,
"<font size=""1"">",လောဘမူ သတ္တမစိတ်,192,
"<font size=""1"">",လောဘမူ အဋ္ဌမစိတ်,194,
"<font size=""1"">",ဒေါသမူ ပဌမစိတ်,195,
"<font size=""1"">",ဒေါသမူ ဒုတိယစိတ်,198,
"<font size=""1"">",မောဟမူ ပဌမစိတ်,199,
"<font size=""1"">",မောဟမူ ဒုတိယစိတ်,202,
"<font size=""1.5"">",အဗျာကတ,205,
"<font size=""1"">",ဟိတ်မရှိသောကုသိုလ်၏အကျိုး 'ဝိပါက်' ဝိညာဏ်ငါးပါး,205,
"<font size=""1"">",ကုသိုလ်၏အကျိုး (အာရုံကို) သိကာမျှသဘော (သမ္ပဋိ စ္ဆနစိတ်),213,
"<font size=""1"">","ကုသိုလ်၏အကျိုး, ဝမ်းမြောက်ခြင်း စိတ်ချမ်းသာမှုနှင့်တကွဖြစ်သော (အာရုံကို) အထူးသိမှုသဘော (သန္တီရဏစိတ်)",218,
"<font size=""1"">",ကုသိုလ်၏အကျိုး လျစ်လျူရှုမှုနှင့် တကွဖြစ်သော (အာရုံကို) အထူးသိမှုသဘော (သန္တီရဏစိတ်),223,
"<font size=""1"">",မဟာဝိပါက်စိတ်ရှစ်ပါး,228,
"<font size=""1"">",ရူပါဝစရဝိပါက်စိတ် ငါးပါး,229,
"<font size=""1"">",အရူပါဝစရဝိပါက်စိတ် လေးပါး,230,
"<font size=""1"">",လောကုတ္တရာဝိပါက်,232,
"<font size=""1"">",အကုသလဝိပါက်အဗျာကတစိတ်,261,
"<font size=""1"">",အဟိတ်ကိရိယာအဗျာကတစိတ်,268,
"<font size=""1"">",မဟာကိရိယာစိတ်များ,275,
"<font size=""1"">",ရူပါဝစရကိရိယာစိတ်,276,
"<font size=""1"">",အရူပါဝစရကိရိယာစိတ်,277,
"<font size=""2"">",၂-ရူပကဏ္ဍ,279,
"<font size=""1.5"">",ရူပဝိဘတ္တိဥဒ္ဒေသ,280,
"<font size=""1"">",ဧကက,280,
"<font size=""1"">",ဒုက,282,
"<font size=""1"">",ပကိဏ္ဏကဒုက်,282,
"<font size=""1"">",ဝတ္ထုဒုက်,283,
"<font size=""1"">",အာရမ္မဏဒုက်,284,
"<font size=""1"">",အာယတနဒုက်,285,
"<font size=""1"">",ဓာတုဒုက်,285,
"<font size=""1"">",ဣန္ဒြိယဒုက်,286,
"<font size=""1"">",သုခုမရူပဒုက်,287,
"<font size=""1"">",တိက,289,
"<font size=""1"">",ပကိဏ္ဏကတိက်,289,
"<font size=""1"">",ဝတ္ထုတိက်,292,
"<font size=""1"">",အာရမ္မဏတိက်,293,
"<font size=""1"">",အာယတနတိက်,294,
"<font size=""1"">",ဓာတုတိက်,295,
"<font size=""1"">",ဣန္ဒြိယတိက်,296,
"<font size=""1"">",သုခုမရူပတိက်,298,
"<font size=""1"">",စတုက္က,301,
"<font size=""1"">",ပဉ္စက,308,
"<font size=""1"">",ခြောက်မျိုးခြောက်စားအားဖြင့် ဟောကြားခြင်း,309,
"<font size=""1"">",ဆက္က,309,
"<font size=""1"">",ခုနစ်မျိုး (ခုနစ်စား) အားဖြင့် ဟောကြားခြင်း,310,
"<font size=""1"">",သတ္တက,310,
"<font size=""1"">",အဋ္ဌက,311,
"<font size=""1"">",နဝက,312,
"<font size=""1"">",ဒသက,313,
"<font size=""1"">",ဧကာဒသက,314,
"<font size=""1.5"">",ရူပဝိဘတ္တိနိဒ္ဒေသ,315,
"<font size=""1"">",ဧကကနိဒ္ဒေသ,315,
"<font size=""1"">",ဒုကနိဒ္ဒေသ,317,
"<font size=""1"">",တိကနိဒ္ဒေသ,362,
"<font size=""1"">",စတုက္ကနိဒ္ဒေသ,388,
"<font size=""1"">",ပဉ္စကနိဒ္ဒေသ,411,
"<font size=""1"">",ဆက္ကနိဒ္ဒေသ,413,
"<font size=""1"">",သတ္တကနိဒ္ဒေသ,414,
"<font size=""1"">",နဝကနိဒ္ဒေသ,416,
"<font size=""1"">",ဒသကနိဒ္ဒေသ,417,
"<font size=""1"">",ဧကာဒသကနိဒ္ဒေသ,418,
"<font size=""2"">",၃-နိက္ခေပကဏ္ဍ,419,
"<font size=""1.5"">",တိကနိက္ခေပ,419,
"<font size=""1.5"">",ဒုကနိက္ခေပ,444,
"<font size=""1"">",၂-စူဠန္တရဒုက်,456,
"<font size=""1"">",၃-အာသဝဂေါစ္ဆက,461,
"<font size=""1"">",၄-သညောဇနဂေါစ္ဆက,467,
"<font size=""1"">",၅-ဂန္ထဂေါစ္ဆက,476,
"<font size=""1"">",၇-ယောဂဂေါစ္ဆက,483,
"<font size=""1"">",၈-နီဝရဏဂေါစ္ဆက,484,
"<font size=""1"">",၉-ပရာမာသဂေါစ္ဆက,493,
"<font size=""1"">",၁၀-မဟန္တရဒုက်,498,
"<font size=""1"">",၁၁-ဥပါဒါနဂေါစ္ဆက,508,
"<font size=""1"">",၁၂-ကိလေသဂေါစ္ဆက,516,
"<font size=""1"">",၁၃-ပိဋ္ဌိဒုက်,532,
"<font size=""1.5"">",သုတ္တန္တိကဒုကနိက္ခေပ,552,
"<font size=""2"">",အဋ္ဌကထာကဏ္ဍ,580,
"<font size=""1.5"">",တိကအတ္ထုဒ္ဓါရ,580,
"<font size=""1"">",၁-ကုသလတိက်,580,
"<font size=""1"">",၂-ဝေဒနာတိက်,581,
"<font size=""1"">",၃-ဝိပါကတိက်,582,
"<font size=""1"">",၄-ဥပါဒိဏ္ဏတိက်,582,
"<font size=""1"">",၅-သံကိလိဋ္ဌတိက်,583,
"<font size=""1"">",၆-ဝိတက္ကတိက်,584,
"<font size=""1"">",၇-ပီတိတိက်,585,
"<font size=""1"">",၉-ဒဿနဟေတုတိက်,588,
"<font size=""1"">",၁၀-အာစယဂါမိတိက်,589,
"<font size=""1"">",၁၁-သေက္ခတိက်,590,
"<font size=""1"">",၁၂-ပရိတ္တတိက်,591,
"<font size=""1"">",၁၃-ပရိတ္တာရမ္မဏတိက်,592,
"<font size=""1"">",၁၄-ဟီနတိက်,594,
"<font size=""1"">",၁၅-မိစ္ဆတ္တတိက်,594,
"<font size=""1"">",၁၆-မဂ္ဂါရမ္မဏတိက်,595,
"<font size=""1"">",၁၇-ဥပ္ပန္နတိက်,596,
"<font size=""1"">",၁၈-အတီတတိက်,597,
"<font size=""1"">",၁၉-အတီတာရမ္မဏတိက်,597,
"<font size=""1"">",၂၀-အဇ္ဈတ္တတိက်,598,
"<font size=""1"">",၂၁-အဇ္ဈတ္တာရမ္မဏတိက်,599,
"<font size=""1"">",၂၂-သနိဒဿနတိက်,600,
"<font size=""1.5"">",ဒုကအတ္ထုဒ္ဓါရ,601,
"<font size=""1"">",(၁) ဟေတုဂေါစ္ဆက,601,
"<font size=""1"">",၂-စူဠန္တရဒုက်,606,
"<font size=""1"">",၃-အာသဝဂေါစ္ဆက,610,
"<font size=""1"">",၄-သညောဇနဂေါစ္ဆက,615,
"<font size=""1"">",ဂန္ထဂေါစ္ဆက,621,
"<font size=""1"">",၆-ဩဃဂေါစ္ဆက,627,
"<font size=""1"">",၇-ယောဂဂေါစ္ဆက,627,
"<font size=""1"">",၈-နီဝရဏဂေါစ္ဆက,628,
"<font size=""1"">",၉-ပရာမာသဂေါစ္ဆက,633,
"<font size=""1"">",၁၀-မဟန္တရဒုက်,637,
"<font size=""1"">",၁၁-ဥပါဒါနဂေါစ္ဆက,647,
"<font size=""1"">",၁၂-ကိလေသဂေါစ္ဆက,653,
"<font size=""1"">",၁၃-ပိဋ္ဌိဒုက်,660,
7,07_abhidhamma_02,ဝိဘင်း,1132
"<font size=""2"">",၁-ခန္ဓဝိဘင်္ဂ,1,
"<font size=""1.5"">",၁-သုတ္တန္တဘာဇနီယ,1,
"<font size=""1"">",၁-ရူပက္ခန္ဓ (ရုပ်အစု),1,
"<font size=""1"">",၂-ဝေဒနာက္ခန္ဓ (ခံစားမှုအစု),5,
"<font size=""1"">",၃-သညာက္ခန္ဓ (မှတ်သားမှုအစု),11,
"<font size=""1"">",၄-သင်္ခါရက္ခန္ဓ (ပြုပြင်စီရင်မှုအစု),17,
"<font size=""1"">",၅-ဝိညာဏက္ခန္ဓ (သိမှုအစု),23,
"<font size=""1.5"">",၂-အဘိဓမ္မဘာဇနီယ,28,
"<font size=""1"">",၁-ရူပက္ခန္ဓာ,28,
"<font size=""1"">",ဧကကနည်း ၄၃-ပါး,28,
"<font size=""1"">",ဒုကနည်း ၁၀၄-ပါး,31,
"<font size=""1"">",တိကနည်း ၁၀၃-ပါး,40,
"<font size=""1"">",စတုက္ကနည်း ၂၂-ပါး,67,
"<font size=""1"">",ပဉ္စကနည်း,79,
"<font size=""1"">",ဆက္ကနည်း,80,
"<font size=""1"">",သတ္တကနည်း,81,
"<font size=""1"">",ခုနစ်ပါးပြားသော နည်းအားဖြင့် ဟောကြားသော 'သတ္တက'နည်း,81,
"<font size=""1"">",အဋ္ဌကနည်း,82,
"<font size=""1"">",နဝကနည်း,83,
"<font size=""1"">",ဒသကနည်း,84,
"<font size=""1"">",ဧကာဒသကနည်း,85,
"<font size=""1"">",၂-ဝေဒနာက္ခန္ဓာ,87,
"<font size=""1"">",ဒုကမူလကနည်း,87,
"<font size=""1"">",တိကမူလကနည်း,107,
"<font size=""1"">",သတ္တကနည်း,129,
"<font size=""1"">",စတုဝီသတိဝိဓနည်း,130,
"<font size=""1"">",တိံသဝိဓနည်း,133,
"<font size=""1"">",ဗဟုဝိဓနည်း,134,
"<font size=""1"">",၃-သညာက္ခန္ဓ,138,
"<font size=""1"">",ဒုကမူလကနည်း,138,
"<font size=""1"">",တိကမူလကနည်း,156,
"<font size=""1"">",ဥဘတောဝဍ္ဎကနည်း,159,
"<font size=""1"">",သတ္တကနည်း,171,
"<font size=""1"">",စတုဝီသတိဝိဓနည်း,172,
"<font size=""1"">",တိံသဝိဓနည်း,174,
"<font size=""1"">",ဗဟုဝိဓနည်း,175,
"<font size=""1"">",၄-သင်္ခါရက္ခန္ဓ,179,
"<font size=""1"">",ဒုကမူလကနည်း,179,
"<font size=""1"">",တိကမူလကနည်း,201,
"<font size=""1"">",ဥဘတောဝဍ္ဎကနည်း,204,
"<font size=""1"">",သတ္တကနည်း,217,
"<font size=""1"">",စတုဝီသတိဝိဓနည်း,219,
"<font size=""1"">",တိံသဝိဓနည်း,222,
"<font size=""1"">",ဗဟုဝိဓနည်း,223,
"<font size=""1"">",၅-ဝိညာဏက္ခန္ဓ,227,
"<font size=""1"">",ဒုကမူလကနည်း,227,
"<font size=""1"">",ဥဘတောဝဍ္ဎကနည်း,248,
"<font size=""1"">",သတ္တကနည်း,260,
"<font size=""1"">",စတုဝီသတိဝိဓနည်း,262,
"<font size=""1"">",တိံသဝိဓနည်း,264,
"<font size=""1"">",ဗဟုဝိဓနည်း,265,
"<font size=""1.5"">",၃-ပဥှာပုစ္ဆက,267,
"<font size=""1"">",အမေးပုစ္ဆာ,267,
"<font size=""1"">",၁-တိက်တို့ဖြင့် ဝေဖန်၍ အမေးပုစ္ဆာကို ပြခြင်း,267,
"<font size=""1"">",၂-ဒုက်တို့ဖြင့် ဝေဖန်၍ အမေးပုစ္ဆာကို ပြခြင်း,267,
"<font size=""1"">",အဖြေဝိသဇ္ဇနာ,268,
"<font size=""1"">",တိကဝိသဇ္ဇနာ,268,
"<font size=""1"">",၂-ဒုကဝိသဇ္ဇနာ,276,
"<font size=""2"">",၂-အာယတနဝိဘင်္ဂ,298,
"<font size=""1.5"">",၁-သုတ္တန္တဘာဇနီယ,298,
"<font size=""1.5"">",၂-အဘိဓမ္မဘာဇနီယ,300,
"<font size=""1.5"">",၃-ပဥှာပုစ္ဆက,317,
"<font size=""1"">",အမေးပုစ္ဆာ,318,
"<font size=""1"">",အဖြေဝိသဇ္ဇနာ,319,
"<font size=""1"">",၁-တိကဝိသဇ္ဇနာ,319,
"<font size=""1"">",၂-ဒုကဝိသဇ္ဇနာ,328,
"<font size=""2"">",၃-ဓာတုဝိဘင်္ဂ,357,
"<font size=""1.5"">",၁-သုတ္တန္တဘာဇနီယ,357,
"<font size=""1"">",ဓာတ် ၆-ပါး,357,
"<font size=""1"">",၁-ပထဝီဓာတ်,358,
"<font size=""1"">",၂-အာပေါဓာတ်,360,
"<font size=""1"">",၃-တေဇောဓာတ်,362,
"<font size=""1"">",၄-ဝါယောဓာတ်,364,
"<font size=""1"">",၅-အာကာသဓာတ်,366,
"<font size=""1"">",၆-ဝိညာဏဓာတ်,368,
"<font size=""1"">",တစ်နည်း ဓာတ် ၆-ပါး,368,
"<font size=""1"">",(၁) သုခဓာတ် ,368,
"<font size=""1"">",(၂) ဒုက္ခဓာတ်,368,
"<font size=""1"">",(၃) သောမနဿဓာတ်,368,
"<font size=""1"">",(၄) ဒေါမနဿဓာတ်,369,
"<font size=""1"">",(၅) ဥပေက္ခာဓာတ်,369,
"<font size=""1"">",(၆) အဝိဇ္ဇာဓာတ်,370,
"<font size=""1"">",တစ်နည်း ဓာတ်-၆-ပါး,371,
"<font size=""1"">",(၁) ကာမဓာတ်,371,
"<font size=""1"">",(၂) ဗျာပါဒဓာတ်,372,
"<font size=""1"">",(၃) ဝိဟိံသဓာတ်,373,
"<font size=""1"">",(၄) နေက္ခမ္မဓာတ်,373,
"<font size=""1"">",(၅) အဗျာပါဒဓာတ်,374,
"<font size=""1"">",(၆) အဝိဟိံသဓာတ်,374,
"<font size=""1.5"">",၂-အဘိဓမ္မဘာဇနီယ,375,
"<font size=""1"">",ဓာတ် ၁၈-ပါး,375,
"<font size=""1"">",(၁) စက္ခုဓာတ် ,376,
"<font size=""1"">",(၂) ရူပဓာတ်,376,
"<font size=""1"">",(၃) စက္ခုဝိညာဏဓာတ်,376,
"<font size=""1"">",(၄) သောတဓာတ်,377,
"<font size=""1"">",(၅) သဒ္ဒဓာတ်,377,
"<font size=""1"">",(၆) သောတဝိညာဏဓာတ်,377,
"<font size=""1"">",(၇) ဃာနဓာတ်,377,
"<font size=""1"">",(၈) ဂန္ဓဓာတ်,378,
"<font size=""1"">",(၉) ဃာနဝိညာဏဓာတ်,378,
"<font size=""1"">",(၁၀) ဇိဝှါဓာတ်,378,
"<font size=""1"">",(၁၁) ရသဓာတ်,378,
"<font size=""1"">",(၁၂) ဇိဝှါဝိညာဏဓာတ်,379,
"<font size=""1"">",(၁၃) ကာယဓာတ်,379,
"<font size=""1"">",(၁၄) ဖောဋ္ဌဗ္ဗဓာတ်,379,
"<font size=""1"">",(၁၅) ကာယဝိညာဏဓာတ်,379,
"<font size=""1"">",(၁၆) မနောဓာတ်,380,
"<font size=""1"">",(၁၇) ဓမ္မဓာတ်,381,
"<font size=""1.5"">",၃-ပဥှာပုစ္ဆက,385,
"<font size=""1"">",အမေးပုစ္ဆာ,386,
"<font size=""1"">",အဖြေဝိသဇ္ဇနာ,388,
"<font size=""1"">",၁-တိကဝိသဇ္ဇနာ,388,
"<font size=""1"">",၂-ဒုကဝိသဇ္ဇနာ,399,
"<font size=""2"">",၄-သစ္စဝိဘင်္ဂ,428,
"<font size=""1.5"">",၁-သုတ္တန္တဘာဇနီယ,428,
"<font size=""1"">",အရိယသစ္စာလေးပါး,428,
"<font size=""1"">",၁-ဒုက္ခအရိယသစ္စာ,429,
"<font size=""1"">",၂-သမုဒယ အရိယသစ္စာ,435,
"<font size=""1"">",၃-နိရောဓအရိယသစ္စာ,444,
"<font size=""1"">",၄-မဂ္ဂအရိယသစ္စာ,452,
5->,မဂ္ဂင် ၈-ပါး,452,
"<font size=""1.5"">",၂-အဘိဓမ္မဘာဇနီယ,458,
"<font size=""1"">",အဋ္ဌင်္ဂိကဝါရ,458,
"<font size=""1"">",၁-အဋ္ဌင်္ဂိကဝါရ ပဌမနည်း ,459,
"<font size=""1"">",၂-အဋ္ဌင်္ဂိကဝါရ ဒုတိယနည်း ,465,
"<font size=""1"">",၃-အဋ္ဌင်္ဂိကဝါရ တတိယနည်း ,467,
"<font size=""1"">",၄-အဋ္ဌင်္ဂိကဝါရ-စတုတ္ထနည်း ,469,
"<font size=""1"">",၅-အဋ္ဌင်္ဂိကဝါရ-ပဉ္စမနည်း ,471,
"<font size=""1"">",၂-ပဉ္စင်္ဂိကဝါရ,473,
"<font size=""1"">",၁-ပဉ္စင်္ဂိကဝါရ-ပထမနည်း,473,
"<font size=""1"">",၅-ပဉ္စင်္ဂိကဝါရ ပဉ္စမနည်း ,477,
"<font size=""1"">",၃-သဗ္ဗသင်္ဂါဟိကဝါရ,479,
"<font size=""1"">",၅-သဗ္ဗသင်္ဂါဟိကဝါရ ပဉ္စမနည်း ,481,
"<font size=""1.5"">",၃-ပဥှာပုစ္ဆက,483,
"<font size=""1"">",အမေးပုစ္ဆာ,484,
"<font size=""1"">",အဖြေဝိသဇ္ဇနာ,485,
"<font size=""1"">",၁-တိက ဝိသဇ္ဇနာ,485,
"<font size=""1"">",၂-ဒုကဝိသဇ္ဇနာ,496,
"<font size=""2"">",၅-ဣန္ဒြိယဝိဘင်္ဂ,525,
"<font size=""1.5"">",၁-အဘိဓမ္မဘာဇနီယ,525,
"<font size=""1"">",ဣန္ဒြေ ၂၂-ပါး,525,
"<font size=""1"">",ဣန္ဒြေ ၂၂-ပါး အမေးအဖြေ,527,
"<font size=""1.5"">",၂-ပဥှာပုစ္ဆက,534,
"<font size=""1"">",အမေးပုစ္ဆာ,535,
"<font size=""1"">",အဖြေဝိသဇ္ဇနာ,536,
"<font size=""1"">",၁။ တိကဝိသဇ္ဇနာ,536,
"<font size=""1"">",၂။ ဒုကဝိသဇ္ဇနာ,543,
"<font size=""2"">",၆-ပဋိစ္စသမုပ္ပါဒဝိဘင်္ဂ,564,
"<font size=""1.5"">",၁-သုတ္တန္တဘာဇနီယ,564,
"<font size=""1"">",ပဋိစ္စသမုပါဒ်အင်္ဂါ၁၂-ပါး အကျယ်ပြခြင်း,565,
"<font size=""1.5"">",၂ -အဘိဓမ္မာဘာဇနီယ,572,
"<font size=""1"">",၁-အကုသိုလ်တရားတို့၌ ပဋိစ္စသမုပ္ပါဒ်လှည့်နည်းအကျဉ်း,572,
"<font size=""1"">",၁-အဝိဇ္ဇာကို အဦးထားသော အဝိဇ္ဇာမူလကနယအကျဉ်း,572,
5->,၁-ပစ္စယသဒ္ဒါနှင့် ဟောသော ဝါရလေးမျိုးအကျဉ်း,572,
5->,၂ -ဟေတုသဒ္ဒါနှင့် ဟောသော ဝါရလေးမျိုးအကျဉ်း,576,
5->,၃-သမ္ပယုတ္တသဒ္ဒါနှင့်ဟောသော ဝါရလေးမျိုးအကျဉ်း,580,
5->,၄-အညမည (အချင်းချင်းအပြန်အလှန်ကြောင်းကျိုးဖြစ်ပုံ) ဟောသော ဝါရလေးမျိုးအကျဉ်း,584,
"<font size=""1"">",၂-သင်္ခါရကို အဦးထားသော 'သင်္ခါရမူလကနယ' အကျဉ်း,588,
"<font size=""1"">",၃-ဝိညာဏ်ကို အဦးထားသော 'ဝိညာဏမူလကနယ' အကျဉ်း,588,
"<font size=""1"">",၄-နာမ်ကို အဦးထားသော 'နာမမူလကနယ' အကျဉ်း,588,
"<font size=""1"">",၅-ဆဠာယတနကို အဦးထားသော 'ဆဠာယတနမူလကနယ' အကျဉ်း,588,
"<font size=""1"">",၆-ဖဿကို အဦးထားသော 'ဖဿမူလကနယ' အကျဉ်း,588,
"<font size=""1"">",၇-ဝေဒနာကို အဦးထားသော 'ဝေဒနာမူလကနယ' အကျဉ်း,588,
"<font size=""1"">",၈-တဏှာကို အဦးထားသော 'တဏှာမူလကနယ' အကျဉ်း,588,
"<font size=""1"">",၉-ဥပါဒါန်ကို အဦးထားသော 'ဥပါဒါနမူလကနယ' အကျဉ်း,589,
"<font size=""1"">",အကုသိုလ်စိတ္တက္ခဏတစ်ခု၌ ပဋိစ္စသမုပ္ပါဒ်အင်္ဂါ၁၂-ပါးဖြစ်ပုံ အကျဉ်း,589,
"<font size=""1"">",၂-အကုသိုလ်တရားတို့၌ ပဋိစ္စသမုပ္ပါဒ်လှည့်နည်းအကျယ်,590,
"<font size=""1"">",၁-အဝိဇ္ဇာကိုအဦးထားသော (အဝိဇ္ဇာမူလကနယ) အကျယ်,590,
5->,၅-ပစ္စယသဒ္ဒါဖြင့်ဟောသော (ဝါရလေးမျိုး) အကျယ်,590,
5->,၆-ဟေတုသဒ္ဒါဖြင့် ဟောသော ဝါရလေးမျိုးအကျယ်,602,
5->,၇-သမ္ပယုတ္တသဒ္ဒါဖြင့် ဟောသော ဝါရလေးမျိုးအကျယ်,615,
5->,၈-အညမည (အချင်းချင်းကြောင်းကျိုးဖြစ်ပုံ) ဟောသော ဝါရလေးမျိုးအကျယ်,627,
5->,၉-အကုသိုလ်စိတ် ပဋိစ္စသမုပ္ပါဒ်လှည့်နည်းအကျယ်,643,
5->,၁၀-ကုသိုလ်တရားတို့၌ ပဋိစ္စသမုပ္ပါဒ်လှည့်နည်း ,654,
5->,လောကုတ္တရာကုသိုလ်စိတ်၌ ပဋိစ္စသမုပ္ပါဒ်လှည့်နည်း,667,
5->,၁၁-အဗျာကတတရားတို့၌ ပဋိစ္စသမုပ္ပါဒ်လှည့်နည်း ,670,
5->,သောတဝိညာဏ် စသည်တို့၌ ပဋိစ္စသမုပ္ပါဒ်လှည့်နည်း,676,
5->,သမ္ပဋိစ္ဆိုန်းခေါ် မနောဓာတ်၌ ပဋိစ္စသမုပ္ပါဒ်လှည့်နည်း,678,
5->,သောမနဿ သန္တီရဏစိတ်၌ ပဋိစ္စသမုပ္ပါဒ်လှည့်နည်း,680,
5->,ဥပေက္ခာသန္တီရဏစိတ်၌ ပဋိစ္စသမုပ္ပါဒ်လှည့်နည်း,682,
5->,မဟာဝိပါက်စိတ် ၈-ခုတို့၌ ပဋိစ္စသမုပ္ပါဒ်လှည့်နည်း,684,
5->,ရူပါဝစရဝိပါက်စိတ်၌ ပဋိစ္စသမုပ္ပါဒ်လှည့်နည်း,686,
5->,အရူပါဝစရဝိပါက်စိတ်၌ ပဋိစ္စသမုပ္ပါဒ်လှည့်နည်း,687,
5->,လောကုတ္တရာဝိပါက်စိတ်၌ ပဋိစ္စသမုပ္ပါဒ်လှည့်နည်း,688,
5->,အကုသလဝိပါက်စိတ်ငါးခု၌ ပဋိစ္စသမုပ္ပါဒ်လှည့်နည်း,689,
5->,အကုသလဝိပါက် သမ္ပဋိစ္ဆိုန်းစိတ်၌ ပဋိစ္စသမုပ္ပါဒ်လှည့်နည်း,691,
5->,အကုသလဝိပါက် သန္တီရဏစိတ်၌ ပဋိစ္စသမုပ္ပါဒ်လှည့်နည်း,693,
5->,အဟိတ်ကြိယာပဉ္စဒွါရာဝဇ္ဇန်းစိတ်၌ ပဋိစ္စသမုပ္ပါဒ်လှည့်နည်း,694,
5->,အဟိတ်ကြိယာဟသိတုပ္ပါဒ်စိတ်၌ ပဋိစ္စသမုပ္ပါဒ်လှည့်နည်း,695,
5->,အဟိတ်ကြိယာမနောဒွါရာဝဇ္ဇာန်းစိတ်၌ ပဋိစ္စသမုပ္ပါဒ်လှည့်နည်း,695,
5->,မဟာကြိယာစိတ် ၈-ခုတို့၌ ပဋိစ္စသမုပ္ပါဒ်လှည့်နည်း,696,
5->,ရူပါဝစရကြိယာစိတ်ငါးခု၌ ပဋိစ္စသမုပ္ပါဒ်လှည့်နည်း,697,
5->,အရူပါဝစရစိတ်လေးခု၌ ပဋိစ္စသမုပ္ပါဒ်လှည့်နည်း,698,
"<font size=""1"">",၁၂-အဝိဇ္ဇာမူလက ကုသလနိဒ္ဒေသ,699,
5->,၁-မဟာကုသိုလ် ပဌမစိတ်၌ ပဋိစ္စသမုပ္ပါဒ်လှည့်နည်း ,699,
5->,(၂-၈) မဟာကုသိုလ်ဒုတိယစိတ်စသည်တို့၌ ပဋိစ္စသမုပ္ပါဒ်လှည့်နည်း,704,
5->,ရူပါဝစရကုသိုလ်စိတ်၌ ပဋိစ္စသမုပ္ပါဒ်လှည့်နည်း,705,
5->,အရူပါဝစရကုသိုလ်စိတ်၌ ပဋိစ္စသမုပ္ပါဒ်လှည့်နည်း,706,
5->,လောကုတ္တရာကုသိုလ်စိတ်၌ ပဋိစ္စသမုပ္ပါဒ်လှည့်နည်း,707,
"<font size=""1"">",(၁၃) ကုသလမူလကဝိပါကနိဒ္ဒေသ,708,
5->,အဟိတ်ကုသလဝိပါက် စက္ခုဝိညာဏ်စိတ်၌ ပဋိစ္စသမုပ္ပါဒ်လှည့်နည်း,708,
5->,အဟိတ်ကုသလဝိပါက် သောတဝိညာဏ်စိတ် စသည်တို့၌ ပဋိစ္စသမုပ္ပါဒ်လှည့်နည်း,709,
5->,မဟာဝိပါက်စိတ် ၈-ခုတို့၌ ပဋိစ္စသမုပ္ပါဒ်လှည့်နည်း,710,
5->,ရူပါဝစရဝိပါက်စိတ်တို့၌ ပဋိစ္စသမုပ္ပါဒ်လှည့်နည်း,711,
5->,အရူပါဝစရဝိပါက်စိတ်တို့၌ ပဋိစ္စသမုပ္ပါဒ်လှည့်နည်း,712,
5->,လောကုတ္တရာဝိပါက်စိတ်တို့၌ ပဋိစ္စသမုပ္ပါဒ်လှည့်နည်း,713,
"<font size=""1"">",၁၄။ အကုသလမူလကဝိပါကနိဒ္ဒေသ,714,
5->,စက္ခုဝိညာဏ်စိတ်၌ ပဋိစ္စသမုပ္ပါဒ်လှည့်နည်း,714,
5->,သောတဝိညာဏ်စသည်တို့၌ ပဋိစ္စသမုပ္ပါဒ်လှည့်နည်း,715,
5->,ဥပေက္ခာသန္တီရဏစိတ်တို့၌ ပဋိစ္စသမုပ္ပါဒ်လှည့်နည်း,716,
"<font size=""2"">",၇-သတိပဋ္ဌာနဝိဘင်္ဂ,720,
"<font size=""1.5"">",၁-သုတ္တန္တဘာဇနီယနည်း ,720,
"<font size=""1"">",သတိပဋ္ဌာန်လေးပါး,720,
"<font size=""1"">",၁-ကာယာနုပဿနာအကျယ်,722,
5->,မိမိ၏ခန္ဓာကိုယ်၌ ရှူနည်း,722,
"<font size=""1"">",သူတစ်ပါးခန္ဓာကိုယ်၌ ရှူနည်း,722,
5->,မိမိသူတစ်ပါးနှစ်ဦးသားတို့ကိုယ်၌ ရှူနည်း,723,
"<font size=""1"">",၂-ဝေဒနာနုပဿနာအကျယ်,725,
5->,မိမိ၏ခံစားမှု 'ဝေဒနာ' တို့၌ ရှူနည်း,725,
5->,မိမိသူတစ်ပါးခံစားမှု 'ဝေဒနာ'တို့၌ ရှူနည်း,726,
"<font size=""1"">",၃-စိတ္တာနုပဿနာအကျယ်,728,
5->,မိမိစိတ်၌ ရှူနည်း,728,
5->,သူတစ်ပါးစိတ်၌ ရှူနည်း,729,
5->,မိမိသူတစ်ပါးစိတ်၌ ရှူနည်း,730,
5->,၄-ဓမ္မာနုပဿနာအကျယ်,732,
5->,မိမိသန္တာန်၌ ဖြစ်သော နီဝရဏတရားတို့၌ ရှုနည်း,732,
5->,မိမိသန္တာန်၌ ဖြစ်သော ဗောဇ္ဈင်တရားတို့၌ ရှုနည်း,733,
5->,သူတစ်ပါးသန္တာန်၌ ဖြစ်သော နီဝရဏတရားတို့၌ ရှုနည်း,734,
5->,သူတစ်ပါးသန္တာန်၌ ဖြစ်သော ဗောဇ္ဈင်တရားတို့၌ ရှုနည်း,735,
5->,"မိမိ, သူတစ်ပါးသန္တာန်၌ ဖြစ်သောနီဝရဏတရားတို့၌ ရှူနည်း",736,
5->,"မိမိ, သူတစ်ပါးသန္တာန်၌ ဖြစ်သော ဗောဇ္ဈင်တရားတို့၌ ရှုနည်း",737,
"<font size=""1.5"">",၂- အဘိဓမ္မာဘာဇနီယနည်း ,740,
"<font size=""1"">",ကုသိုလ်သတိပဋ္ဌာန်လေးပါး,740,
"<font size=""1"">",ဝိပါက်သတိပဋ္ဌာန်လေးပါး,743,
"<font size=""1.5"">",၃- ပဥှာပုစ္ဆကနည်း ,746,
"<font size=""1"">",အမေးပုစ္ဆာ,747,
"<font size=""1"">",အဖြေဝိသဇ္ဇနာ,748,
"<font size=""1"">",တိကဝိသဇ္ဇနာ,748,
"<font size=""1"">",တိက်-၂၂-ပါးတို့ဖြင့် ဝေဖန်၍အဖြေဝိသဇ္ဇနာကို ပြခြင်း,748,
"<font size=""1"">",ဒုကဝိသဇ္ဇနာ,750,
"<font size=""2"">",၈-သမ္မပ္ပဓာနဝိဘင်္ဂ,758,
"<font size=""1.5"">",၁-သုတ္တန္တဘာဇနီယနည်း,758,
"<font size=""1"">",သမ္မပ္ပဓာန်လေးပါး,758,
"<font size=""1"">",သမ္မပ္ပဓာန်လေးပါးအကျယ်,759,
"<font size=""1"">",(၁) အကုသိုလ်မဖြစ်ရန် ကြိုးစားမှု အကျယ်။,759,
"<font size=""1"">",(၂) အကုသိုလ်ပယ်ရန် ကြိုးစားမှု အကျယ်,760,
"<font size=""1"">",(၃) ကုသိုလ်ဖြစ်ရန် ကြိုးစားမှု အကျယ်,762,
"<font size=""1"">",(၄) ကုသိုလ်တည်တံ့တိုးပွါးရန် ကြိုးစားမှု အကျယ်,763,
"<font size=""1.5"">",၂-အဘိဓမ္မဘာဇနီယနည်း ,764,
"<font size=""1"">",သမ္မပ္ပဓာန်လေးပါး,764,
"<font size=""1"">",သမ္မပ္ပဓာန်လေးပါးအကျယ်,765,
"<font size=""1"">",(၁) အကုသိုလ်မဖြစ်ရန်ကြိုးစားမှု အကျယ်,765,
"<font size=""1"">",(၂) အကုသိုလ်မဖြစ်ရန် ကြိုးစားမှု အကျယ်,766,
"<font size=""1"">",(၃) ကုသိုလ်ဖြစ်ရန်ကြိုးစားမှု အကျယ်,767,
"<font size=""1"">",(၄) ကုသိုလ်တည်တံ့တိုးပွါးရန် ကြိုးစားမှု အကျယ်,768,
"<font size=""1"">",သမ္မပ္ပဓာန်အရကောက်,769,
"<font size=""1.5"">",၃-ပဥှာပုစ္ဆကနည်း ,770,
"<font size=""1"">",သမ္မပ္ပဓာန်လေးပါး,770,
"<font size=""1"">",အမေးပုစ္ဆာ,771,
"<font size=""1"">",အဖြေဝိသဇ္ဇနာ,772,
"<font size=""1"">",တိကဝိသဇ္ဇနာ,772,
"<font size=""1"">",ဒုကဝိသဇ္ဇနာ,775,
"<font size=""2"">",၉-ဣဒ္ဓိပါဒဝိဘင်္ဂ,784,
"<font size=""1.5"">",၁-သုတ္တန္တဘာဇနီယနည်း ,784,
"<font size=""1"">",ဣဒ္ဓိပါဒ်လေးပါး,784,
"<font size=""1"">",ဣဒ္ဓိပါဒ်လေးပါးအကျယ်,785,
"<font size=""1"">",(၁) ဆန္ဒိဒ္ဓိပါဒ်,785,
"<font size=""1"">",(၂) ဝီရိယိဒ္ဓိပါဒ်,786,
"<font size=""1"">",(၃) စိတ္တိဒ္ဓိပါဒ်,787,
"<font size=""1"">",(၄) ဝီမံသိဒ္ဓိပါဒ်,788,
"<font size=""1.5"">",၂-အဘိဓမ္မဘာဇနီယနည်း,790,
"<font size=""1"">",ဣဒ္ဓိပါဒ်လေးပါးအကျဉ်း,790,
"<font size=""1"">",ဣဒ္ဓိပါဒ်လေးပါးအကျယ်,791,
"<font size=""1"">",(၁) ဆန္ဒိဒ္ဓိပါဒ်,791,
"<font size=""1"">",(၂) ဝီရိယိဒ္ဓိပါဒ်,792,
"<font size=""1"">",(၃) စိတ္တိဒ္ဓိပါဒ်,793,
"<font size=""1"">",(၄) ဝီမံသိဒ္ဓိပါဒ်,794,
"<font size=""1"">",တစ်နည်း ဣဒ္ဓိပါဒ်လေးပါး,795,
"<font size=""1"">",(၁) ဆန္ဒိဒ္ဓိပါဒ်,795,
"<font size=""1"">",(၂) ဝီရိယိဒ္ဓိပါဒ်,795,
"<font size=""1"">",(၃) စိတ္တိဒ္ဓိပါဒ်,795,
"<font size=""1"">",(၄) ဝီမံသိဒ္ဓိပါဒ်,796,
"<font size=""1.5"">",၃-ပဥှာပုစ္ဆကနည်း,797,
"<font size=""1"">",အမေးပုစ္ဆာ,797,
"<font size=""1"">",အဖြေဝိသဇ္ဇနာ,798,
"<font size=""1"">",တိကဝိသဇ္ဇနာ,798,
"<font size=""1"">",ဒုကဝိသဇ္ဇနာ,801,
"<font size=""2"">",၁၀-ဗောဇ္ဈင်္ဂဝိဘင်္ဂ,809,
"<font size=""1.5"">",၁-သုတ္တန္တဘာဇနီယနည်း,809,
"<font size=""1"">",ဗောဇ္ဈင် ၇-ပါး,809,
"<font size=""1"">",ဗောဇ္ဈင် ၇-ပါးအကျယ် (ပဌမနည်း),810,
"<font size=""1"">",ဗောဇ္ဈင်-၇-ပါးအကျယ် (ဒုတိယနည်း),811,
"<font size=""1"">",ဗောဇ္ဈင် ၇-ပါးအကျယ် (တတိယနည်း),813,
"<font size=""1.5"">",၂-အဘိဓမ္မဘာဇနီယနည်း,814,
"<font size=""1"">",လောကုတ္တရာကုသိုလ်စိတ်၌ ပဌမနည်း,814,
"<font size=""1"">",လောကုတ္တရာကုသိုလ်စိတ်၌ ဒုတိယနည်း,816,
"<font size=""1"">",လောကုတ္တရာဝိပါက်စိတ်၌ ပဌမနည်း,818,
"<font size=""1"">",လောကုတ္တရာဝိပါက်စိတ်၌ ဒုတိယနည်း,819,
"<font size=""1.5"">",၃-ပဥှာပုစ္ဆက,821,
"<font size=""1"">",ဗောဇ္ဈင် ၇-ပါး,821,
"<font size=""1"">",>အမေးပုစ္ဆာ,822,
"<font size=""1"">",အဖြေဝိသဇ္ဇနာ,823,
"<font size=""1"">",တိကဝိသဇ္ဇနာ,823,
"<font size=""1"">",ဒုကဝိသဇ္ဇနာ,826,
"<font size=""2"">",၁၁-မဂ္ဂင်္ဂဝိဘင်္ဂ,834,
"<font size=""1.5"">",၁-သုတ္တန္တဘာဇနီယနည်း,834,
"<font size=""1"">",မဂ္ဂင်ရှစ်ပါး,834,
"<font size=""1"">",မဂ္ဂင်ရှစ်ပါးဒုတိယနည်း,837,
"<font size=""1.5"">",၂-အဘိဓမ္မဘာဇနီယနည်း,838,
"<font size=""1"">",လောကုတ္တရာကုသိုလ်စိတ်၌ အဋ္ဌင်္ဂိကမဂ်နည်း,838,
"<font size=""1"">",လောကုတ္တရာကုသိုလ်စိတ်၌ ပဉ္စင်္ဂိကမဂ် ပဌမနည်း,840,
"<font size=""1"">",ပဉ္စင်္ဂိကမဂ် ဒုတိယနည်း,842,
"<font size=""1"">",လောကုတ္တရာဝိပါက်စိတ်၌ အဋ္ဌင်္ဂိကမဂ်နည်း,844,
"<font size=""1"">",လောကုတ္တရာဝိပါက်စိတ်၌ ပဉ္စင်္ဂိကမဂ် ပဌမနည်း,845,
"<font size=""1"">",ပဉ္စင်္ဂိကမဂ် ဒုတိယနည်း,846,
"<font size=""1.5"">",၃-ပဥှာပုစ္ဆကနည်း,848,
"<font size=""1"">",အမေးပုစ္ဆာ,848,
"<font size=""1"">",အဖြေဝိသဇ္ဇနာ,849,
"<font size=""1"">",တိကဝိသဇ္ဇနာ,849,
"<font size=""1"">",ဒုကဝိသဇ္ဇနာ,852,
"<font size=""2"">",၁၂-ဈာနဝိဘင်္ဂ,860,
"<font size=""1.5"">",၁-သုတ္တန္တဘာဇနီယနည်း (အကျဉ်း),860,
"<font size=""1"">",တရားအားထုတ်ရန် ရှေးဦးကျင့်စဉ်,860,
"<font size=""1"">",နီဝရဏငါးပါးပယ်ပုံ,861,
"<font size=""1"">",ရူပဈာန်လေးပါးသို့ရောက်ပုံ,862,
"<font size=""1"">",အရူပဈာန်လေးပါးသို့ရောက်ပုံ,863,
"<font size=""1.5"">",၂-သုတ္တန္တဘာဇနီယနည်း (အကျယ်),864,
"<font size=""1"">",မကျင့်အပ်သောအကျင့်များ,865,
"<font size=""1"">",ကျင့်အပ်သောအကျင့်များ,866,
"<font size=""1"">",ကျက်စားသင့်သောနေရာ,867,
"<font size=""1"">",ဗောဓိပက္ခိယတရားများ,870,
"<font size=""1"">",၁-ပဌမဈာန်အဖွင့်,879,
"<font size=""1"">",၂-ဒုတိယဈာန်အဖွင့်,880,
"<font size=""1"">",၃-တတိယဈာန်အဖွင့်,882,
"<font size=""1"">",၄-စတုတ္ထဈာန်အဖွင့်,884,
"<font size=""1"">",အာကာသာနဉ္စာယတနဈာန်,886,
"<font size=""1"">",ဝိညာဏဉ္စာယတနဈာန်,887,
"<font size=""1"">",အာကိဉ္စညာယတနဈာန်,887,
"<font size=""1"">",နေဝသညာနာသညာယတနဈာန်,888,
"<font size=""1.5"">",၂-အဘိဓမ္မဘာဇနီယနည်း,889,
"<font size=""1"">",၁-စတုက္ကနည်း ရူပါဝစရကုသိုလ်ဈာန်လေးပါး,889,
"<font size=""1"">",ပဉ္စကနည်း ရူပါဝစရကုသိုလ်ဈာန်ငါးပါး,891,
"<font size=""1"">",၂-အရူပါဝစရကုသိုလ်ဈာန်လေးပါး,893,
"<font size=""1"">",၃-စတုက္ကနည်း လောကုတ္တရာကုသိုလ်ဈာန်လေးပါး,893,
"<font size=""1"">",ပဉ္စကနည်း လောကုတ္တရာကုသိုလ်ဈာန်ငါးပါး,895,
"<font size=""1"">",၄-စတုက္ကနည်း ရူပါဝစရဝိပါက်ဈာန်လေးပါး,897,
"<font size=""1"">",ပဉ္စကနည်း ရူပါဝစရဝိပါက်ဈာန်ငါးပါး,898,
"<font size=""1"">",၅-အရူပါဝစရဝိပါက်ဈာန်လေးခု,898,
"<font size=""1"">",၆-စတုက္ကနည်း လောကုတ္တရာဝိပါက်ဈာန်လေးခု,898,
"<font size=""1"">",ပဉ္စကနည်း လောကုတ္တရာဝိပါက်ဈာန်ငါးခု,899,
"<font size=""1"">",စတုက္ကနည်း ရူပါဝစရကြိယာဈာန်လေးပါး,900,
"<font size=""1"">",ပဉ္စကနည်း ရူပါဝစရကြိယာဈာန်ငါးပါး,900,
"<font size=""1"">",အရူပါဝစရကြိယာဈာန်လေးပါး,901,
"<font size=""1.5"">",၃-ပဥှာပုစ္ဆကနည်း,902,
"<font size=""1"">",အမေးပုစ္ဆာ,902,
"<font size=""1"">",အဖြေဝိသဇ္ဇနာ,903,
"<font size=""1"">",တိကဝိသဇ္ဇနာ,903,
"<font size=""1"">",ဒုကဝိသဇ္ဇနာ,907,
"<font size=""2"">",၁၃-အပ္ပမညာဝိဘင်္ဂ,915,
"<font size=""1.5"">",၁-သုတ္တန္တဘာဇနီယနည်း (အကျဉ်း),915,
"<font size=""1.5"">",၂-သုတ္တန္တဘာဇနီယနည်း (အကျယ်),916,
"<font size=""1"">",၁-မေတ္တာ,916,
"<font size=""1"">",၂-ကရုဏာ,917,
"<font size=""1"">",၃-မုဒိတာ,919,
"<font size=""1"">",၄-ဥပေက္ခာ,921,
"<font size=""1.5"">",၂-အဘိဓမ္မဘာဇနီယနည်း,923,
"<font size=""1"">",စတုက္ကနည်း ကုသိုလ်မေတ္တာဈာန်သုံးပါး,923,
"<font size=""1"">",ပဉ္စကနည်း ကုသိုလ်မေတ္တာဈာန်လေးပါး,924,
"<font size=""1"">",စတုက္ကနည်း ကုသိုလ်ကရုဏာဈာန်သုံးပါး,926,
"<font size=""1"">",ပဉ္စကနည်း ကုသိုလ်ကရုဏာဈာန်လေးပါး,927,
"<font size=""1"">",စတုက္ကနည်း ကုသိုလ်မုဒိတာဈာန်သုံးပါး,928,
"<font size=""1"">",ပဉ္စကနည်း ကုသိုလ်မုဒိတာဈာန်လေးပါး,929,
"<font size=""1"">",စတုက္ကနည်း ကုသိုလ်ဥပေက္ခာဈာန် ၁-ပါး,931,
"<font size=""1"">",စတုက္ကနည်း ဝိပါက်မေတ္တာဈာန် သုံးပါး,932,
"<font size=""1"">",ပဉ္စကနည်း ဝိပါက်မေတ္တာဈာန် လေးပါး,933,
"<font size=""1"">",စတုက္ကနည်း ဝိပါက်ကရုဏာဈာန် သုံးပါး,933,
"<font size=""1"">",ပဉ္စကနည်း ဝိပါက်ကရုဏာဈာန် လေးပါး,934,
"<font size=""1"">",စတုက္ကနည်း ဝိပါက်မုဒိတာဈာန် သုံးပါး,934,
"<font size=""1"">",ပဉ္စကနည်း ဝိပါက်မုဒိတာဈာန် လေးပါး,935,
"<font size=""1"">",စတုက္ကနည်း ဝိပါက်ဥပေက္ခာဈာန် ၁-ပါး,935,
"<font size=""1"">",စတုက္ကနည်း ကြိယာမေတ္တာဈာန် သုံးပါး,936,
"<font size=""1"">",ပဉ္စကနည်း ကြိယာမေတ္တာဈာန် လေးပါး,936,
"<font size=""1.5"">",၃-ပဥှာပုစ္ဆကနည်း,938,
"<font size=""1"">",အမေးပုစ္ဆာ,939,
"<font size=""1"">",အဖြေဝိသဇ္ဇနာ,939,
"<font size=""1"">",တိကဝိသဇ္ဇနာ,939,
"<font size=""1"">",ဒုကဝိသဇ္ဇနာ,942,
"<font size=""2"">",၁၄-သိက္ခာပဒဝိဘင်္ဂ,950,
"<font size=""1.5"">",၁-အဘိဓမ္မာဘာဇနီယနည်း ,950,
"<font size=""1"">",ငါးပါးသီလအကျဉ်း,950,
"<font size=""1"">",ငါးပါးသီလအကျယ်,951,
"<font size=""1"">",ပဌမသိက္ခာပုဒ်,951,
"<font size=""1"">",ငါးပါးသီလ ဒုတိယသိက္ခာပုဒ် စသည်အကျယ်,953,
"<font size=""1"">",ဒုတိယနည်း ငါးပါးသီလအကျဉ်း,956,
"<font size=""1"">",ဒုတိယနည်း ငါးပါးသီလအကျယ်,956,
"<font size=""1.5"">",၂-ပဥှာပုစ္ဆကနည်း ,963,
"<font size=""1"">",အမေးပုစ္ဆာ,963,
"<font size=""1"">",အဖြေဝိသဇ္ဇနာ,964,
"<font size=""1"">",တိကဝိသဇ္ဇနာ,964,
"<font size=""1"">",ဒုကဝိသဇ္ဇနာ,967,
"<font size=""2"">",၁၅-ပဋိသမ္ဘိဒါဝိဘင်္ဂ,975,
"<font size=""1.5"">",၁-သုတ္တန္တဘာဇနီယနည်း,975,
"<font size=""1"">",၁-အကျဉ်းချုပ်ပြဆိုခြင်း (သင်္ဂဟဝါရ),975,
"<font size=""1"">",၂-သစ္စာလေးပါးကို ပြဆိုခြင်း (သစ္စဝါရ),976,
"<font size=""1"">",၃-အကြောင်း (အကျိုး) တရားတို့ကို ပြဆိုခြင်း (ဟေတုဝါရ),976,
"<font size=""1"">",၄-ရုပ်နာမ်တို့၏ အကျိုးအကြောင်းတို့ကို ပြဆိုခြင်း (ဓမ္မဝါရ),977,
"<font size=""1"">",၅-ပဋိစ္စသမုပ္ပါဒ်ကို ပြဆိုခြင်း (ပဋိစ္စသမုပ္ပါဒဝါရ),978,
"<font size=""1"">",၆-ပိဋကသုံးပုံကို ပြဆိုခြင်း (ပရိယတ္တိဝါရ),979,
"<font size=""1.5"">",၂-အဘိဓမ္မဘာဇနီယနည်း,980,
"<font size=""1"">",၁-ကုသိုလ်တရားတို့ကို ပြဆိုခြင်း (ကုသလဝါရ),980,
"<font size=""1"">",မဟာကုသိုလ်ပဌမစိတ်,980,
"<font size=""1"">",မဟာကုသိုလ်ဒုတိယစိတ်စသည်,981,
"<font size=""1"">",ရူပကုသိုလ်ငါးခု,982,
"<font size=""1"">",အရူပကုသိုလ်လေးခု,983,
"<font size=""1"">",လောကုတ္တရာကုသိုလ်,984,
"<font size=""1"">",၂-အကုသိုလ်တရားတို့ကို ပြဆိုခြင်း (အကုသလဝါရ),985,
"<font size=""1"">",အကုသိုလ်ပဌမစိတ်,985,
"<font size=""1"">",အကုသိုလ်ဒုတိယစိတ်စသည်,986,
"<font size=""1"">",၃-ဝိပါက်တရားတို့ကို ပြဆိုခြင်း (ဝိပါကဝါရ),987,
"<font size=""1"">",အဟိတ်ကုသလဝိပါက်,987,
"<font size=""1"">",သောတဝိညာဏ်စသည်,988,
"<font size=""1"">",သမ္ပဋိစ္ဆိုင်း,989,
"<font size=""1"">",သောမနဿသန္တီရဏ,990,
"<font size=""1"">",ဥပေက္ခာသန္တီရဏ,991,
"<font size=""1"">",သဟိတ်ဝိပါက်,992,
5->,မဟာဝိပါက်,992,
5->,ရူပဝိပါက်,993,
5->,အရူပဝိပါက်,994,
5->,လောကုတ္တရာဝိပါက်,995,
"<font size=""1"">",အကုသလဝိပါက်,995,
5->,ပဉ္စဝိညာဏ်,996,
5->,"သမ္ပဋိစ္ဆိုင်း, သန္တီရဏ",997,
"<font size=""1"">",၄-ကိရိယာတရားတို့ကို ပြဆိုခြင်း (ကိရိယဝါရ),998,
"<font size=""1"">",အဟိတ်ကိရိယာ,998,
5->,ပဉ္စဒွါရာဝဇ္ဇန်း,998,
5->,မနောဒွါရာဝဇ္ဇန်းနှင့် ဟသိတုပ္ပါဒ်,999,
"<font size=""1"">",မဟာကြိယာစိတ်,1000,
"<font size=""1"">",ရူပါဝစရနှင့် အရူပါဝစရကြိယာ,1001,
"<font size=""1.5"">",၃-ပဥှာပုစ္ဆကနည်း,1002,
"<font size=""1"">",အမေးပုစ္ဆာ,1002,
"<font size=""1"">",အဖြေဝိသဇ္ဇနာ,1003,
"<font size=""1"">",တိကဝိသဇ္ဇနာ,1003,
"<font size=""1"">",ဒုကဝိသဇ္ဇနာ,1007,
"<font size=""2"">",၁၆-ဉာဏဝိဘင်္ဂ,1015,
"<font size=""1"">",အကျဉ်းပြဆိုခြင်း,1015,
"<font size=""1"">",၁-တစ်ခုသော အဖို့အစုအားဖြင့် ဉာဏ်အရေအတွက်ကို အကျဉ်းပြဆိုခြင်း,1015,
"<font size=""1"">",၂-နှစ်ခုသော အဖို့အစုအားဖြင့် ဉာဏ်အရေအတွက်ကို အကျဉ်းပြဆိုခြင်း,1018,
"<font size=""1"">",၃-သုံးခုသော အဖို့အစုအားဖြင့် ဉာဏ်အရေအတွက်ကို အကျဉ်းပြဆိုခြင်း,1020,
"<font size=""1"">",၄-လေးခုသော အဖို့အစုအားဖြင့် ဉာဏ်အရေအတွက်ကို အကျဉ်းပြဆိုခြင်း,1026,
"<font size=""1"">",၅-ငါးခုသော အဖို့အစုအားဖြင့် ဉာဏ်အရေအတွက်ကို အကျဉ်းပြဆိုခြင်း,1027,
"<font size=""1"">",၆-ခြောက်ခုသော အဖို့အစုအားဖြင့် ဉာဏ်အရေအတွက်ကို အကျဉ်းပြဆိုခြင်း,1027,
"<font size=""1"">",၇-ခုနစ်ခုသော အဖို့အစုအားဖြင့် ဉာဏ်အရေအတွက်ကို အကျဉ်းပြဆိုခြင်း,1028,
"<font size=""1"">",၈-ရှစ်ခုသော အဖို့အစုအားဖြင့် ဉာဏ်အရေအတွက်ကို အကျဉ်းပြဆိုခြင်း,1028,
"<font size=""1"">",၉-ကိုးခုသော အဖို့အစုအားဖြင့် ဉာဏ်အရေအတွက်ကို အကျဉ်းပြဆိုခြင်း,1028,
"<font size=""1"">",၁၀-ဆယ်ခုသော အဖို့အစုအားဖြင့် ဉာဏ်အရေအတွက်ကို အကျဉ်းပြဆိုခြင်း,1029,
"<font size=""1.5"">",အကျယ်ပြဆိုခြင်း,1031,
"<font size=""1"">",၁ – တစ်ခုသော အဖို့အစုအားဖြင့် ဉာဏ်များကို အကျယ်ပြဆိုခြင်း,1031,
"<font size=""1"">",နှစ်ခုသော အဖို့အစုအားဖြင့် ဉာဏ်များကို အကျယ်ပြဆိုခြင်း,1034,
"<font size=""1"">",၃-သုံးခုသော အဖို့အစုအားဖြင့် ဉာဏ်များကိုအကျယ်ပြဆိုခြင်း,1037,
"<font size=""1"">",၄-လေးခုသော အဖို့အစုအားဖြင့် ဉာဏ်များကိုအကျယ်ပြဆိုခြင်း,1041,
"<font size=""1"">",၅-ငါးခုသော အဖို့အစုအားဖြင့် ဉာဏ်များကိုအကျယ်ပြဆိုခြင်း,1048,
"<font size=""1"">",၆-ခြောက်ခုသော အဖို့အစုအားဖြင့် ဉာဏ်များကို အကျယ်ပြဆိုခြင်း,1048,
"<font size=""1"">",၇-ခုနစ်ခုသော အဖို့အစုရှိအားဖြင့် ဉာဏ်များကိုအကျယ်ပြဆိုခြင်း,1049,
"<font size=""1"">",၈-ရှစ်ခုသော အဖို့အစုအားဖြင့် ဉာဏ်များကိုအကျယ်ပြဆိုခြင်း,1050,
"<font size=""1"">",၉-ကိုးခုသော အဖို့အစုအားဖြင့် ဉာဏ်များကိုအကျယ်ပြဆိုခြင်း,1050,
"<font size=""1"">",၁၀-ဆယ်ခုသော အဖို့အစုအားဖြင့် ဉာဏ်များကို အကျယ်ပြဆိုခြင်း,1051,
"<font size=""1"">",(၁)ပထမဉာဏ်တော်အဖွင့်,1051,
"<font size=""1"">",(၂) ဒုတိယဉာဏ်တော်အဖွင့်,1053,
"<font size=""1"">",(၃) တတိယဉာဏ်တော်အဖွင့်,1054,
"<font size=""1"">",(၄) စတုတ္ထဉာဏ်တော်အဖွင့်,1055,
"<font size=""1"">",(၅) ပဉ္စမဉာဏ်တော်အဖွင့်,1055,
"<font size=""1"">",(၆) ဆဋ္ဌဉာဏ်တော်အဖွင့်,1056,
"<font size=""1"">",(၇) သတ္တမဉာဏ်တော်အဖွင့်,1059,
"<font size=""1"">",(၈) အဋ္ဌ္စမဉာဏ်တော်အဖွင့်,1060,
"<font size=""1"">",(၉) နဝမဉာဏ်တော်အဖွင့်,1061,
"<font size=""1"">",(၁၀) ဒသမဉာဏ်တော်အဖွင့်,1062,
"<font size=""2"">",၁၇။ ခုဒ္ဒကဝတ္ထုဝိဘင်္ဂ,1063,
"<font size=""1.5"">",မာတိကာ,1063,
"<font size=""1"">",၁-ဧကကမာတိကာ,1063,
"<font size=""1"">",၂-ဒုကမာတိကာ,1064,
"<font size=""1"">",၃-တိကမာတိကာ,1065,
"<font size=""1"">",၄-စတုက္ကမာတိကာ,1066,
"<font size=""1"">",၅-ပဉ္စကမာတိကာ,1066,
"<font size=""1"">",၆-ဆက္ကမာတိကာ,1067,
"<font size=""1"">",၇-သတ္တကမာတိကာ,1067,
"<font size=""1"">",၈-အဋ္ဌကမာတိကာ,1067,
"<font size=""1"">",၉-နဝကမာတိကာ,1068,
"<font size=""1"">",၁၀-ဒသကမာတိကာ,1068,
"<font size=""1.5"">",နိဒ္ဒေသ,1069,
"<font size=""1"">",၁-ဧကကနိဒ္ဒေသ,1069,
"<font size=""1"">",၂-ဒုကနိဒ္ဒေသ,1085,
"<font size=""1"">",၃-တိကနိဒ္ဒေသ,1094,
"<font size=""1"">",(၁) အကုသိုလ်အခြေအမြစ်သုံးပါး,1094,
"<font size=""1"">",(၂) အကုသိုလ်ဝိတက်သုံးပါး,1096,
"<font size=""1"">",(၃) အကုသိုလ်သညာသုံးပါး,1096,
"<font size=""1"">",(၄) အကုသိုလ်ဓာတ်သုံးပါး,1097,
"<font size=""1"">",(၅) ဒုစရိုက် ၃-ပါး,1098,
"<font size=""1"">",တစ်နည်း ဒုစရိုက် ၃-ပါး,1098,
"<font size=""1"">",(၆) အလွန်ယိုစီးမှု 'အာသဝတရား' သုံးပါး။,1099,
"<font size=""1"">",(၇) သံယောဇဉ် သုံးပါး,1100,
"<font size=""1"">",(၈) တဏှာသုံးပါး,1101,
"<font size=""1"">",(၉) တစ်နည်း တဏှာသုံးပါး,1102,
"<font size=""1"">",(၁၀) တစ်နည်း တဏှာသုံးပါး,1102,
"<font size=""1"">",(၁၁) ရှာမှီးမှုဧသနာ သုံးပါး,1103,
"<font size=""1"">",(၁၃) ဘေးသုံးပါး,1104,
"<font size=""1"">",(၁၄) အမိုက်သုံးပါး,1104,
"<font size=""1"">",(၁၅) ဆိပ်ကမ်းပမာ တိတ္ထိတို့၏ အယူမှားပေါက်ဖွားရာ အကြောင်းသုံးပါး,1105,
"<font size=""1"">",(၁၆) ကြောင့်ကြခြင်းသုံးပါး,1105,
"<font size=""1"">",(၁၇) ကိလေသာ 'အင်္ဂဏ' သုံးပါး,1105,
"<font size=""1"">",(၁၈) အညစ်အကြေးသုံးပါး,1105,
"<font size=""1"">",(၁၉) မညီညွတ်ခြင်းသုံးပါး,1106,
"<font size=""1"">",(၂၀) တစ်နည်း မညီညွတ်ခြင်းသုံးပါး,1106,
"<font size=""1"">",(၂၁) မီးသုံးပါး,1106,
"<font size=""1"">",(၂၂) ဖန်ရည်သုံးပါး,1106,
"<font size=""1"">",(၂၃) တစ်နည်း ဖန်ရည်သုံးပါး,1106,
"<font size=""1"">",(၂၄) သာယာမှုနှင့်စပ်သော မှားသောအယူ 'အဿာဒဒိဋ္ဌိ',1107,
"<font size=""1"">",(၂၅) မမွေ့လျော်မှု 'အရတိ',1108,
"<font size=""1"">",(၂၆) ဆိုဆုံးမခက်မှု 'ဒေါဝစဿတာ',1109,
"<font size=""1"">",(၂၇) ပျံ့လွင့်မှု 'ဥဒ္စစ္စ',1110,
"<font size=""1"">",(၂၈) မရောင့်ရဲမှု 'အသန္တုဋ္ဌိတာ',1111,
"<font size=""1"">",(၂၉) အရှက်မရှိခြင်း 'အဟိရိက',1112,
"<font size=""1"">",(၃၀) မရိုသေခြင်း 'အနာဒရိယ',1113,
"<font size=""1"">",(၃၁) ယုံကြည်မှုမရှိခြင်း 'အဿဒ္ဓိယ',1114,
"<font size=""1"">",(၃၂) ပျံ့လွင့်မှု 'ဥဒ္စစ္စ',1115,
"<font size=""1"">",(၃၃) အရိယာတို့ကို မဖူးမြင်လိုမှု,1116,
"<font size=""1"">",(၃၄) သတိလွတ်မှု 'မုဋ္ဌဿစ္စ',1117,
"<font size=""1"">",၃၅-မသင့်မတင့်နှလုံးသွင်းမှု 'အယောနိသော မနသိကာရ',1118,
"<font size=""1"">",၄-စတုက္ကနိဒ္ဒေသ,1119,
"<font size=""1"">",(၁) အရက်နှင့် တူသော အာသဝတရား,1119,
"<font size=""1"">",(၂-၅) ဆက်စပ်ထုံးဖွဲ့တတ်သောဂန္တလေးပါးစသည်။,1120,
"<font size=""1"">",(၆) တဏှာဖြစ်ခြင်း 'တဏှုပ္ပါဒ'လေးပါး,1121,
"<font size=""1"">",(၇) မလိုက်အပ်သည့်ဘက်သို့ လိုက်ခြင်း 'အဂတိ ဂမန' လေးပါး,1121,
"<font size=""1"">",(၈) ဖောက်ပြန်သော သဘောတရား လေးပါး,1122,
"<font size=""1"">",(၉) အရိယာမဟုတ်သူတို့၏ ပြောဆိုခြင်းလေးပါး,1122,
"<font size=""1"">",(၁၀) တစ်နည်း အရိယာမဟုတ်သူတို့၏ ပြောဆိုခြင်းလေးပါး,1122,
"<font size=""1"">",(၁၁) ဒုစရိုက်လေးပါး,1122,
"<font size=""1"">",(၁၂) တစ်နည်း ဒုစရိုက်လေးပါး,1123,
"<font size=""1"">",(၁၃) ဘေးလေးပါး,1123,
"<font size=""1"">",(၁၄) တစ်နည်း ဘေးလေးပါး,1123,
"<font size=""1"">",(၁၅) တစ်နည်း ဘေးလေးပါး,1123,
"<font size=""1"">",(၁၆) တစ်နည်း ဘေးလေးပါး,1123,
"<font size=""1"">",(၁၇) ဒိဋ္ဌိလေးပါး,1124,
"<font size=""1"">",၅-ပဉ္စကနိဒ္ဒေသ,1124,
"<font size=""1"">",(၁) အောက်ပိုင်းသံယောဇဉ်ငါးပါး,1124,
"<font size=""1"">",(၂) အထက်ပိုင်းသံယောဇဉ်ငါးပါး။,1124,
"<font size=""1"">",(၃) ဝန်တိုခြင်း မစ္ဆရိယငါးမျိုုး,1124,
"<font size=""1"">",(၄) ကပ်ငြိခြင်းငါးပါး,1124,
"<font size=""1"">",(၅) မြားငါးပါး,1125,
"<font size=""1"">",(၆) ဆူးငါးပါး,1125,
"<font size=""1"">",(၇) စိတ်အနှောင်အဖွဲ့ငါးပါးး,1125,
"<font size=""1"">",(၈) ပိတ်ပင်တားဆီးတတ်သောတရားငါးပါး။,1126,
"<font size=""1"">",(၉) အာနန္တရိကကံငါးပါး,1126,
"<font size=""1"">",(၁၀) မှားသော အယူငါးမျိုး။,1126,
"<font size=""1"">",(၁၁) ရန်ငါးပါး။,1127,
"<font size=""1"">",(၁၂) ပျက်စီးခြင်းငါးပါး။,1127,
"<font size=""1"">",(၁၃) သည်းမခံခြင်း၏ အပြစ်ငါးမျိုး။,1127,
"<font size=""1"">",(၁၄) ဘေးငါးမျိုး,1128,
"<font size=""1"">",(၁၅) မျက်မှောက်နိဗ္ဗာန်ဝါဒငါးမျိုး။,1128,
"<font size=""1"">",၆-ဆက္ကနိဒ္ဒေသ,1130,
"<font size=""1"">",(၁) ငြင်းခုန်မှု အခြေခံတရားခြောက်ပါး,1130,
"<font size=""1"">",(၂) ပြင်းစွာတပ်မက်မှု ခြောက်ပါး,1130,
"<font size=""1"">",(၃) ဆန့်ကျင်မှု ဝတ္ထုခြောက်ပါး,1131,
"<font size=""1"">",(၄) တဏှာအပေါင်းခြောက်ပါး,1131,
"<font size=""1"">",(၅) မရိုသေခြင်းခြောက်ပါး,1131,
"<font size=""1"">",(၆) ဆုတ်ယုတ်ကြောင်းတရား ခြောက်ပါး,1132,
"<font size=""1"">",(၇) တစ်နည်း ဆုတ်ယုတ်ကြောင်းတရား ခြောက်ပါး,1132,
"<font size=""1"">",(၈) ဝမ်းမြောက်ဝမ်းသာဆင်ခြင်ခြင်း ခြောက်ပါး,1132,
"<font size=""1"">",(၉) ဝမ်းနည်းဆင်ခြင်ခြင်း ခြောက်ပါး,1133,
"<font size=""1"">",(၁၀) လျစ်လျူရှုဆင်ခြင်မှု ခြောက်ပါး,1133,
"<font size=""1"">",(၁၁) ကိလေသာအိမ်ကိုမှီသော ဝမ်းမြောက်ခြင်း ခြောက်ပါး,1134,
"<font size=""1"">",(၁၂) ကိလေသာအိမ်ကိုမှီသော ဝမ်းနည်းခြင်း ခြောက်ပါး,1134,
"<font size=""1"">",(၁၃) ကိလေသာအိမ်ကိုမှီသော လျစ်လျူရှုခြင်း ခြောက်ပါး,1135,
"<font size=""1"">",(၁၄) မှားသောအယူ ခြောက်ပါး,1135,
"<font size=""1"">",၇-သတ္တကနိဒ္ဒေသ,1136,
"<font size=""1"">",၈-အဋ္ဌကနိဒ္ဒေသ,1139,
"<font size=""1"">",နဝကနိဒ္ဒေသ,1143,
"<font size=""1"">",ဒသကနိဒ္ဒေသ,1145,
"<font size=""1"">",တဏှာဖြစ်ခြင်းတို့ကို အကျယ်ပြဆိုခြင်း,1147,
"<font size=""1"">",အတွင်းသန္တာန်ကို စွဲ၍ တဏှာဖြစ်ခြင်း၁၈-ပါး,1147,
"<font size=""1"">",အပသန္တာန်ကို စွဲ၍ တဏှာဖြစ်ခြင်း၁၈-ပါး,1151,
"<font size=""2"">",၁၈-ဓမ္မဟဒယဝိဘင်္ဂ,1156,
"<font size=""1.5"">",၁-သဗ္ဗသင်္ဂါဟိကဝါရ,1156,
"<font size=""1"">",တရား၁၂-မျိုး အမေး,1156,
"<font size=""1"">",တရား၁၂-မျိုး အဖြေ,1156,
"<font size=""1.5"">",၂-ဥပ္ပတ္တာနုပ္ပတ္တိဝါရ,1160,
"<font size=""1"">",၁-ကာမဓာတ်တရားများ,1160,
"<font size=""1"">",အမေးပုစ္ဆာ,1160,
"<font size=""1"">",အဖြေဝိသဇ္ဇနာ,1160,
"<font size=""1"">",၂-ရူပဓာတ်တရားများ,1164,
"<font size=""1"">",အမေးပုစ္ဆာ,1164,
"<font size=""1"">",အဖြေဝိသဇ္ဇနာ,1164,
"<font size=""1"">",၃-အရူပဓာတ်တရားများ,1167,
"<font size=""1"">",အမေးပုစ္ဆာ,1167,
"<font size=""1"">",အဖြေဝိသဇ္ဇနာ,1167,
"<font size=""1"">",၄-ဓာတ်သုံးပါး၌ အကျုံးမဝင်သော (လောကုတ္တရာ) တရားများ,1169,
"<font size=""1"">",အမေးပုစ္ဆာ,1169,
"<font size=""1"">",အဖြေဝိသဇ္ဇနာ,1169,
"<font size=""1.5"">",၃-ပရိယာပန္နာပရိယာပန္နဝါရ,1172,
"<font size=""1"">",၁-ကာမဓာတ်တရားများ,1172,
"<font size=""1"">",အမေးပုစ္ဆာ,1172,
"<font size=""1"">",အဖြေဝိသဇ္ဇနာ,1172,
"<font size=""1"">",၂-ရူပဓာတ်တရားများ,1174,
"<font size=""1"">",အမေးပုစ္ဆာ,1174,
"<font size=""1"">",အဖြေ ဝိသဇ္ဇနာ,1174,
"<font size=""1"">",(၃) အရူပဓာတ်တရားများ,1176,
"<font size=""1"">",အမေးပုစ္ဆာ,1176,
"<font size=""1"">",အဖြေဝိသဇ္ဇနာ,1176,
"<font size=""1.5"">",၄-ဓမ္မဒဿနဝါရ,1178,
"<font size=""1"">",၁-ကာမဓာတ်တရားများ,1178,
"<font size=""1"">",အမေးပုစ္ဆာ,1178,
"<font size=""1"">",အဖြေဝိသဇ္ဇနာ,1178,
"<font size=""1"">",အကျယ်ဖွင့်ပြခြင်း,1180,
"<font size=""1"">",၂-ရူပဓာတ်တရားများ,1185,
"<font size=""1"">",အမေးပုစ္ဆာ,1185,
"<font size=""1"">",အဖြေဝိသဇ္ဇနာအကျဉ်း,1185,
"<font size=""1"">",အဖြေဝိသဇ္ဇနာ အကျယ်ဖွင့်ပြခြင်း,1185,
"<font size=""1"">",၃-အသညသတ်ဗြဟ္မာ,1187,
"<font size=""1"">",အမေးပုစ္ဆာ,1187,
"<font size=""1"">",အဖြေဝိသဇ္ဇနာ,1187,
"<font size=""1"">",၄-အရူပဓာတ်တရားများ,1188,
"<font size=""1"">",အမေးပုစ္ဆာ,1188,
"<font size=""1"">",အဖြေဝိသဇ္ဇနာအကျဉ်း,1188,
"<font size=""1"">",အဖြေဝိသဇ္ဇနာအကျယ် ဖွင့်ပြခြင်း,1188,
"<font size=""1"">",၅-ဘူမန္တရဒဿနဝါရ,1190,
"<font size=""1"">",၆-ဥပ္ပါဒကကမ္မ အာယုပ္ပမာဏဝါရ,1192,
"<font size=""1"">",၁-ဥပ္ပါဒကကမ္မ,1192,
"<font size=""1"">",၂-အာယုပ္ပမာဏ,1193,
"<font size=""1"">",၇-အဘိညေယျာဒိဝါရ,1202,
"<font size=""1"">",အမေးပုစ္ဆာ,1202,
"<font size=""1"">",အဖြေဝိသဇ္ဇနာ,1202,
"<font size=""1"">",၈-သာရမ္မဏာ နာရမ္မဏဝါရ,1205,
"<font size=""1"">",အမေးပုစ္ဆာ,1205,
"<font size=""1"">",အဖြေဝိသဇ္ဇနာ,1205,
"<font size=""1"">",၉-ဒိဋ္ဌသုတာဒိဒဿနဝါရ,1209,
"<font size=""1"">",အမေးပုစ္ဆာ,1209,
"<font size=""1"">",အဖြေဝိသဇ္ဇနာ,1210,
"<font size=""1"">",၁၀-တိကာဒိဒဿနဝါရ,1211,
"<font size=""1"">",၁-ကုသလတိက်,1211,
5->,အမေးပုစ္ဆာ,1211,
5->,အဖြေဝိသဇ္ဇနာ,1211,
"<font size=""1"">",၂-ဝေဒနာတိက်,1213,
5->,အမေးပုစ္ဆာ,1213,
5->,အဖြေဝိသဇ္ဇနာ,1213,
"<font size=""1"">",၃-ဝိပါကတိက်,1216,
5->,အမေးပုစ္ဆာ,1216,
5->,အဖြေဝိသဇ္ဇနာ,1216,
"<font size=""1"">",၄-ဥပါဒိန္နတိက်,1219,
5->,အမေးပုစ္ဆာ,1219,
5->,အဖြေဝိသဇ္ဇနာ,1219,
"<font size=""1"">",၅-ဝိတက္ကတိက်,1222,
5->,အမေးပုစ္ဆာ,1222,
5->,အဖြေဝိသဇ္ဇနာ,1222,
"<font size=""1"">",၁-ရူပဒုက်,1224,
5->,အမေးပုစ္ဆာ,1224,
5->,အဖြေဝိသဇ္ဇနာ,1224,
"<font size=""1"">",၂-လောကီယဒုက်,1226,
5->,အမေးပုစ္ဆာ,1226,
5->,အဖြေဝိသဇ္ဇနာ,1226,
7,07_abhidhamma_03,ပုဂ္ဂလပညတ်,84
"<font size=""2"">",မာတိကာ,1,
"<font size=""1.5"">",၁-ဧကကဥဒ္ဒေသ,1,
"<font size=""1.5"">",၂-ဒုကဥဒ္ဒေသ,4,
"<font size=""1.5"">",၃-တိကဥဒ္ဒေသ,5,
"<font size=""1.5"">",၄-စတုက္ကဥဒ္ဒေသ,7,
"<font size=""1.5"">",၅-ပဉ္စကဥဒ္ဒေသ,10,
"<font size=""1.5"">",၆-ဆက္ကဥဒ္ဒေသ,12,
"<font size=""1.5"">",၇-သတ္တကဥဒ္ဒေသ,13,
"<font size=""1.5"">",၈-အဋ္ဌကဥဒ္ဒေသ,13,
"<font size=""1.5"">",၉-နဝကဥဒ္ဒေသ,14,
"<font size=""1.5"">",၁၀-ဒသကဥဒ္ဒေသ,14,
"<font size=""2"">",နိဒ္ဒေသ,15,
"<font size=""1.5"">",၁-ဧကကပုဂ္ဂလပညတ်,15,
"<font size=""1.5"">",၂-ဒုကပုဂ္ဂလပညတ်,22,
"<font size=""1.5"">",၃-တိကပုဂ္ဂလပညတ်,31,
"<font size=""1.5"">",၄-စတုက္ကပုဂ္ဂလပညတ်,44,
"<font size=""1.5"">",၅-ပဉ္စကပုဂ္ဂလပညတ်,71,
"<font size=""1.5"">",၆-ဆက္ကပုဂ္ဂလပညတ်,78,
"<font size=""1.5"">",၇-သတ္တကပုဂ္ဂလပညတ်,79,
"<font size=""1.5"">",၈-အဋ္ဌကပုဂ္ဂလပညတ်,81,
"<font size=""1.5"">",၉-နဝကပုဂ္ဂလပညတ်,82,
"<font size=""1.5"">",၁၀-ဒသကပုဂ္ဂလပညတ်,84,
7,07_abhidhamma_05,ကထာဝတ္ထု,798
"<font size=""1.5"">",၂-သြကာသသစ္စိကဋ္ဌ,12,
"<font size=""1"">",၁-အနုလောမပစ္စနိက် (ဂ) တတိယနိဂ္ဂဟ,12,
"<font size=""1.5"">",၃-ကာလသစ္စိကဋ္ဌ,13,
"<font size=""1"">",၁-အနုလောမပစ္စနိက် (ဃ) စတုတ္ထနိဂ္ဂဟ,13,
"<font size=""1.5"">",၄-အဝယဝသစ္စိကဋ္ဌ,14,
"<font size=""1"">",၁-အနုလောမပစ္စနိက် (င) ပဉ္စမနိဂ္ဂဟ,14,
"<font size=""1.5"">",၃-ကာလသစ္စိကဋ္ဌ,16,
"<font size=""1.5"">",၄-အဝယဝသစ္စိကဋ္ဌ,17,
"<font size=""1.5"">",၆-သြပမ္မသံသန္ဒနာ,25,
"<font size=""1.5"">",၇-စတုက္ကနယသံသန္ဒနာ,33,
"<font size=""1.5"">",၈-လက္ခဏယုတ္တိကထာ,39,
"<font size=""1.5"">",၁၀-ပညတ္တာနုယောဂ,42,
"<font size=""1.5"">",၁၂-ဥပါဒါပညတ္တာနုယောဂ,56,
"<font size=""1.5"">",၁၃-ပုရိသကာရာနုယောဂ,69,
"<font size=""1.5"">",၁၄-အဘိညာနုယောဂ,82,
"<font size=""1.5"">",၁၅-၁၈-ဉာတကာနုယောဂါဒိ,83,
"<font size=""1.5"">",၁၉-ပဋိဝေဓာနုယောဂ,85,
"<font size=""1.5"">",၂၀-သံဃာနုယောဂ,87,
"<font size=""1.5"">",၂-ပရိဟာနိကထာ,100,
"<font size=""1"">",၁-ဝါဒယုတ္တိပရိဟာနိ,100,
"<font size=""1.5"">",၂-အရိယပုဂ္ဂလသံသန္ဒနပရိဟာနိ၁,103,
"<font size=""1.5"">",၃-သုတ္တသာဓနပရိဟာနိ,127,
"<font size=""1.5"">",၃-ဗြဟ္မစရိယကထာ,132,
"<font size=""1.5"">",၂-သံသန္ဒနဗြဟ္မစရိယကထာ,141,
"<font size=""1.5"">",၃-သြဓိသောကထာ၁,145,
"<font size=""1.5"">",၄-ဇဟတိကထာ,151,
"<font size=""1.5"">",၂-သုတ္တာဟရဏကထာ,156,
"<font size=""1.5"">",၅-သဗ္ဗမတ္ထီတိကထာ,158,
"<font size=""1.5"">",၂-ကာလသံသန္ဒနာ,160,
"<font size=""1"">",အတီတစက္ခုရူပါဒိကထာ,172,
"<font size=""1.5"">",အရဟန္တာဒိကထာ,178,
"<font size=""1.5"">",အတီတက္ခန္ဓာဒိသမောဓာနကထာ,185,
"<font size=""1.5"">",ပဒသောဓနကထာ,187,
"<font size=""1.5"">",၆-အတီတက္ခန္ဓာဒိကထာ,194,
"<font size=""1.5"">",၇-ဧကစ္စံ အတ္ထီတိကထာ,203,
"<font size=""1"">",၁-အတီတာဒိဧကစ္စကထာ,203,
"<font size=""1.5"">",၂-အနာဂတာဒိဧကစ္စကထာ,207,
"<font size=""1.5"">",၈-သတိပဋ္ဌာနကထာ,209,
"<font size=""1.5"">",၉-ဟေဝတ္ထိကထာ၁,214,
"<font size=""2"">",၂-ဒုတိယဝဂ်,219,
"<font size=""1.5"">",(၁၀) ၁-ပရူပဟာရကထာ၁,219,
"<font size=""1.5"">",(၁၁) ၂-အညာဏကထာ၁,230,
"<font size=""1.5"">",(၁၂) ၃-ကင်္ခါကထာ,238,
"<font size=""1.5"">",၂-ဒုတိယဝဂ် (၁၃) ၄-ပရဝိတာရဏကထာ,245,
"<font size=""1.5"">",၂-ဒုတိယဝဂ် (၁၄) ၅-ဝစီဘေဒကထာ၁,251,
"<font size=""1.5"">",(၁၅) ၆-ဒုက္ခာဟာရကထာ၁,261,
"<font size=""1.5"">",(၁၆) ၇-စိတ္တဋ္ဌိတိကထာ၁,262,
"<font size=""1.5"">",(၁၇) ၈-ကုက္ကုဠကထာ၁,267,
"<font size=""1.5"">",(၁၈) ၉-အနုပုဗ္ဗာဘိသမယကထာ၁,272,
"<font size=""1.5"">",(၁၉) ၁၀-ဝေါဟာရကထာ၁,282,
"<font size=""1.5"">",၂-ဒုတိယဝဂ် (၂၀) ၁၁-နိရောဓကထာ၁,287,
"<font size=""2"">",၃-တတိယဝဂ်,290,
"<font size=""1.5"">",(၂၁) ၁-ဗလကထာ၁,290,
"<font size=""1.5"">",(၂၂) ၂-အရိယနိ ္တကထာ၁,296,
"<font size=""1.5"">",(၂၃) ၃-ဝိမုတ္တိကထာ၁,304,
"<font size=""1.5"">",၃-တတိယဝဂ် (၂၄) ၄-ဝိမုစ္စမာနကထာ၁,308,
"<font size=""1.5"">",(၂၅) ၅-အဋ္ဌမကကထာ၁,311,
"<font size=""1.5"">",၃-တတိယဝဂ် (၂၆) ၆-အဋ္ဌမကဿ ဣနြ္ဒိယကထာ၁,316,
"<font size=""1.5"">",၃-တတိယဝဂ် (၂၇) ၇-ဒိဗ္ဗစက္ခုကထာ၁,321,
"<font size=""1.5"">",(၂၈) ၈-ဒိဗ္ဗသောတကထာ,324,
"<font size=""1.5"">",(၂၉) ၉-ယထာကမ္မူပဂတဉာဏကထာ၁,325,
"<font size=""1.5"">",(၃၀) ၁၀-သံဝရကထာ၁,328,
"<font size=""1.5"">",(၃၁) ၁၁-အသညကထာ၁,332,
"<font size=""1.5"">",(၃၂) ၁၂-နေဝသညာနာသညာယတနကထာ၁,335,
"<font size=""2"">",၄-စတုတ္ထဝဂ်,339,
"<font size=""1.5"">",(၃၃) ၁-ဂိဟိဿ အရဟာတိကထာ၁,339,
"<font size=""2"">",၄-စတုတ္ထဝဂ်,341,
"<font size=""1.5"">",(၃၄) ၂-ဥပပတ္တိကထာ၁,341,
"<font size=""1.5"">",(၃၅) ၃-အနာသဝကထာ၁,344,
"<font size=""1.5"">",(၃၆) ၄-သမန္နာဂတကထာ၁,349,
"<font size=""1.5"">",(၃၇) ၅-ဥပေက္ခာသမန္နာဂတကထာ,356,
"<font size=""1.5"">",(၃၈) ၆-ဗောဓိယာဗုဒ္ဓေါတိကထာ၁,357,
"<font size=""1.5"">",(၃၉) ၇-လက္ခဏကထာ၁,361,
"<font size=""1.5"">",၄-စတုတ္ထဝဂ် (၄၀) ၈-နိယာမောက္ကန္တိကထာ၁,364,
"<font size=""1.5"">",(၄၁) ၉-အပရာပိ သမန္နာဂတကထာ၁,368,
"<font size=""1.5"">",(၄၂) ၁၀-သဗ္ဗသံယောဇနပ္ပဟာနကထာ၁,376,
"<font size=""2"">",၅-ပဉ္စမဝဂ်,379,
"<font size=""1.5"">",(၄၃) ၁-ဝိမုတ္တိကထာ၁,379,
"<font size=""1.5"">",(၄၄) ၂-အသေခဉာဏကထာ၁,382,
"<font size=""1.5"">",(၄၅) ၃-ဝိပရီတကထာ၁,384,
"<font size=""1.5"">",(၄၆) ၄-နိယာမကထာ၁,387,
"<font size=""1.5"">",(၄၇) ၅-ပဋိသမ္ဘိဒါကထာ၁,390,
"<font size=""1.5"">",(၄၈) ၆-သမ္မုတိဉာဏ ကထာ၁,392,
"<font size=""1.5"">",(၄၉) ၇-စိတ္တာရမ္မဏကထာ၁,393,
"<font size=""1.5"">",(၅၀) ၈-အနာဂတဉာဏကထာ၁,395,
"<font size=""1.5"">",(၅၁) ၉-ပဋုပ္ပန္နကထာ၁,397,
"<font size=""1.5"">",(၅၂) ၁၀-ဖလဉာဏကထာ၁,399,
"<font size=""2"">",၆-ဆဋ္ဌဝဂ်,401,
"<font size=""1.5"">",(၅၃) ၁-နိယာမကထာ၁,401,
"<font size=""1.5"">",(၅၄) ၂-ပဋိစ္စသမုပ္ပါဒကထာ၁,404,
"<font size=""1.5"">",(၅၅) ၃-သစ္စကထာ၁,408,
"<font size=""1.5"">",(၅၆) ၄-အာရုပ္ပကထာ၁,412,
"<font size=""1.5"">",(၅၇) ၅-နိရောဓသမာပတ္တိကထာ၁,414,
"<font size=""1.5"">",(၅၈) ၆-အာကာသကထာ၁,416,
"<font size=""1.5"">",(၅၉) ၇-အာကာသော သနိဒဿနောတိကထာ၁,418,
"<font size=""1.5"">",(၆၀) ၈-ပထဝီဓာတု သနိဒဿနာတိအာဒီကထာ၁,420,
"<font size=""1.5"">",(၆၁) ၉-စက္ခုနြ္ဒိယံ သနိဒဿနန္တိအာဒိကထာ,422,
"<font size=""1.5"">",(၆၂) ၁၀-ကာယကမ္မံ သနိဒဿနန္တိကထာ,422,
"<font size=""2"">",၇-သတ္တမဝဂ် (၆၃),422,
"<font size=""1.5"">",၁-သင်္ဂဟိတကထာ၁,422,
"<font size=""1.5"">",(၆၄) ၂-သမ္ပယုတ္တကထာ၁,424,
"<font size=""1.5"">",(၆၅) ၃-စေတသိကကထာ၁,426,
"<font size=""1.5"">",(၆၆) ၄-ဒါနကထာ၁,428,
"<font size=""1.5"">",(၆၇) ၅-ပရိဘောဂမယပုညကထာ၁,432,
"<font size=""1.5"">",(၆၈) ၆-ဣတော ဒိန္နကထာ၁,436,
"<font size=""1.5"">",(၆၉) ၇-ပထဝီကမ္မဝိပါကောတိကထာ၁,439,
"<font size=""1.5"">",(၇၀) ၈-ဇရာမရဏံ ဝိပါကောတိကထာ၁,443,
"<font size=""1.5"">",(၇၂) ၁၀-ဝိပါကော ဝိပါကဓမ္မဓမ္မောတိကထာ၁,450,
"<font size=""2"">",၈-အဋ္ဌမဝဂ်,452,
"<font size=""1.5"">",(၇၃) ၁-ဆဂတိကထာ၁,452,
"<font size=""1.5"">",(၇၄) ၂-အန္တရာဘဝကထာ၁,454,
"<font size=""1.5"">",(၇၅) ၃-ကာမဂုဏကထာ၁,461,
"<font size=""1.5"">",(၇၆) ၄-ကာမကထာ၁,465,
"<font size=""1.5"">",၈-အဋ္ဌမဝဂ် (၇၇) ၅-ရူပဓာတုကထာ၁,467,
"<font size=""1.5"">",(၇၈) ၆-အရူပဓာတုကထာ၁,469,
"<font size=""1.5"">",(၇၉) ၇-ရူပဓာတုယာ အာယတနကထာ၁,472,
"<font size=""1.5"">",၈-အဋ္ဌမဝဂ် (၈၀) ၈-အရူပေ ရူပကထာ၁,477,
"<font size=""1.5"">",၈-အဋ္ဌမဝဂ် (၈၁) ၉-ရူပံ ကမ္မန္တိကထာ၁,479,
"<font size=""1.5"">",(၈၂) ၁၀-ဇီဝိတိနြ္ဒိယကထာ၁,493,
"<font size=""1.5"">",(၈၃) ၁၁-ကမ္မဟေတုကထာ,498,
"<font size=""2"">",၉-နဝမဝဂ်,500,
"<font size=""1.5"">",(၈၄) ၁-အာနိသံသဒဿာဝီကထာ၁,500,
"<font size=""1.5"">",(၈၆) ၃-ရူပံ သာရမ္မဏန္တိကထာ ၁,506,
"<font size=""1.5"">",(၈၇) ၄-အနုသယာအနာရမ္မဏကထာ၁,508,
"<font size=""1.5"">",(၈၈) ၅-ဉာဏံ အနာရမ္မဏန္တိကထာ၁,512,
"<font size=""1.5"">",(၈၉) ၆-အတီတာနာဂတာရမ္မဏကထာ၁,514,
"<font size=""1.5"">",(၉၀) ၇-ဝိတက္ကာနုပတိတကထာ၁,516,
"<font size=""1.5"">",(၉၁) ၈-ဝိတက္ကဝိပ္ဖါရသဒ္ဒကထာ၁,517,
"<font size=""1.5"">",(၉၂) ၉-န ယထာစိတ္တဿ ဝါစာတိကထာ၁,519,
"<font size=""1.5"">",(၉၃) ၁၀-န ယထာစိတ္တဿ ကာယကမ္မန္တိကထာ၁,521,
"<font size=""1.5"">",(၉၄) ၁၁-အတီတာနာဂတသမန္နာဂတကထာ၁,523,
"<font size=""2"">",၁၀-ဒသမဝဂ်,526,
"<font size=""1.5"">",(၉၅) ၁-နိရောဓကထာ၁,526,
"<font size=""1.5"">",(၉၇) ၃-ပဉ္စဝိညာဏသမင်္ဂိဿ မဂ္ဂကထာ၁,531,
"<font size=""1.5"">",(၉၈) ၄-ပဉ္စဝိညာဏာကုသလာပိ အကုသလာပီတိကထာ,534,
"<font size=""1.5"">",(၉၉) ၅-သာဘောဂါတိကထာ၁,537,
"<font size=""1.5"">",၁၀-ဒသမဝဂ် (၁၀ဝ) ၆-ဒွီဟိ သီလေဟိကထာ၁,540,
"<font size=""1.5"">",၁၀-ဒသမဝဂ် (၁၀၁) ၇-သီလံ အစေတသိကန္တိကထာ၁,543,
"<font size=""1.5"">",(၁၀၂) ၈-သီလံ န စိတ္တာနုပရိဝတ္တီတိကထာ,547,
"<font size=""1.5"">",(၁၀၃) ၉-သမာဒါနဟေတုကထာ၁,549,
"<font size=""1.5"">",(၁၀၄) ၁၀-ဝိညတ္တိ သီလန္တိကထာ ၁,551,
"<font size=""1.5"">",(၁၀၅) ၁၁-အဝိညတ္တိ ဒုဿိလျန္တိကထာ ၁,552,
"<font size=""2"">",၁၁-ဧကာဒသမဝဂ်,555,
"<font size=""1.5"">",(၁၀၆-၁၀၈) ၁-၃-တိဿောပိ အနုသယကထာ၁,555,
"<font size=""1.5"">",(၁၀၉) ၄-ဉာဏကထာ၁,563,
"<font size=""1.5"">",(၁၁၀) ၅-ဉာဏံ စိတ္တဝိပ္ပယုတ္တန္တိကထာ၁,564,
"<font size=""1.5"">",(၁၁၁) ၆-ဣဒံ ဒုက္ခန္တိကထာ၁,567,
"<font size=""1.5"">",(၁၁၂) ၇-ဣဒ္ဓိဗလကထာ၁,570,
"<font size=""1.5"">",(၁၁၃) ၈-သမာဓိကထာ၁,573,
"<font size=""1.5"">",၁၁-ဧကာဒသမဝဂ် (၁၁၄) ၉-ဓမ္မဋ္ဌိတတာ ကထာ၁,575,
"<font size=""1.5"">",၁၁-ဧကာဒသမဝဂ် (၁၁၅) ၁၀-အနိစ္စတာကထာ၁,576,
"<font size=""2"">",၁၂-ဒွါဒသမဝဂ်,578,
"<font size=""1.5"">",(၁၁၆) ၁-သံဝရော ကမ္မန္တိကထာ၁,578,
"<font size=""1.5"">",(၁၁၇) ၂-ကမ္မကထာ၁,581,
"<font size=""1.5"">",(၁၁၈) ၃-သဒ္ဒေါ ဝိပါကောတိကထာ၁,583,
"<font size=""1.5"">",(၁၁၉) ၄-သဠာယတနကထာ၁,585,
"<font size=""1.5"">",(၁၂၀) ၅-သတ္တက္ခတ္တုပရမကထာ၁,587,
"<font size=""1.5"">",(၁၂၁) ၆-ကောလံကောလကထာ,590,
"<font size=""1.5"">",(၁၂၂) ၇-ဧကဗီဇီကထာ,590,
"<font size=""1.5"">",(၁၂၃) ၈-ဇီဝိတာ ဝေါရောပနကထာ၁,591,
"<font size=""1.5"">",(၁၂၄) ၉-ဒုဂ္ဂတိကထာ၁,593,
"<font size=""1.5"">",(၁၂၅) ၁၀-သတ္တမဘဝိကကထာ,595,
"<font size=""1.5"">",(၁၂၆) ၁-ကပ္ပဋ္ဌကထာ၁,596,
"<font size=""1.5"">",(၁၂၇) ၂-ကုသလပဋိလာဘကထာ၁,598,
"<font size=""1.5"">",(၁၂၈) ၃-အနန္တရာပယုတ္တကထာ၁,599,
"<font size=""1.5"">",(၁၂၉) ၄-နိယတဿ နိယာမကထာ၁,601,
"<font size=""1.5"">",(၁၃၀) ၅-နိဝုတကထာ၁,603,
"<font size=""1.5"">",(၁၃၁) ၆-သမ္မုခီဘူတကထာ,605,
"<font size=""1.5"">",(၁၃၂) ၇-သမာပန္နော အဿာဒေတိကထာ၁,607,
"<font size=""1.5"">",(၁၃၃) ၈-အသာတရာဂကထာ၁,609,
"<font size=""1.5"">",(၁၃၄) ၉-ဓမ္မတဏှာ အဗျာကတာတိကထာ၁,610,
"<font size=""1.5"">",(၁၃၅) ၁၀-ဓမ္မတဏှာ န ဒုက္ခသမုဒယောတိကထာ၁,613,
"<font size=""2"">",၁၄-စုဒ္ဒသမဝဂ်,616,
"<font size=""1.5"">",(၁၃၆) ၁-ကုသလာကုသလပဋိသန္ဒဟနကထာ ၁,616,
"<font size=""1.5"">",(၁၃၇) ၂-သဠာယတနုပ္ပတ္တိကထာ၁,619,
"<font size=""1.5"">",(၁၃၈) ၃-အနန္တရပစ္စယကထာ၁,621,
"<font size=""1.5"">",(၁၃၉) ၄-အရိယရူပကထာ၁,625,
"<font size=""1.5"">",(၁၄၀) ၅-အညော အနုသယောတိကထာ၁,627,
"<font size=""1.5"">",(၁၄၁) ၆-ပရိယုဋ္ဌာနံ စိတ္တဝိပ္ပယုတ္တန္တိကထာ၁,630,
"<font size=""1.5"">",(၁၄၂) ၇-ပရိယာပန္နကထာ၁,631,
"<font size=""1.5"">",(၁၄၃) ၈-အဗျာကတ ကထာ၁,634,
"<font size=""1.5"">",(၁၄၄) ၉-အပရိယာပန္နကထာ ၁,637,
"<font size=""2"">",၁၅-ပန္နရသမဝဂ်,638,
"<font size=""1.5"">",(၁၄၅) ၁-ပစ္စယတာကထာ ၁,638,
"<font size=""1.5"">",(၁၄၆) ၂-အညမညပစ္စယကထာ ၁,641,
"<font size=""1.5"">",(၁၄၇) ၃- အဒ္ဓါကထာ၁,643,
"<font size=""1.5"">",(၁၄၈) ၄- ခဏလယမုဟုတ္တကထာ,646,
"<font size=""1.5"">",(၁၄၉) ၅-အာသဝကထာ၁,647,
"<font size=""1.5"">",(၁၅၁) ၇- သညာဝေဒယိတကထာ၁,649,
"<font size=""1.5"">",(၁၅၂) ၈- ဒုတိယ သညာဝေဒယိတကထာ၁,650,
"<font size=""1.5"">",(၁၅၃) ၉- တတိယ သညာဝေဒယိတကထာ၁,651,
"<font size=""1.5"">",(၁၅၄) ၁၀-အသညသတ္တုပိကကထာ၁,654,
"<font size=""1.5"">",(၁၅၅) ၁၁-ကမ္ဗူပစယကထာ၁,656,
"<font size=""1.5"">",(၁၅၆) ၁-နိဂ္ဂဟကထာ၁,660,
"<font size=""1.5"">",၁၆-သောဠသမဝဂ် (၁၅၇) ၂-ပဂ္ဂဟကထာ,662,
"<font size=""1.5"">",(၁၅၈) ၃-သုခါနုပ္ပဒါနကထာ၁,664,
"<font size=""1.5"">",၁၆-သောဠသမဝဂ် (၁၅၉) ၄-အဓိဂယှမနသိကာရကထာ၁,666,
"<font size=""1.5"">",(၁၆၀) ၅-ရူပံ ဟေတူတိကထာ၁,670,
"<font size=""1.5"">",(၁၆၁) ၆-ရူပံ သဟေတုကန္တိကထာ,672,
"<font size=""1.5"">",(၁၆၂) ၇-ရူပံ ကုသလာကုသလန္တိကထာ၁,674,
"<font size=""1.5"">",(၁၆၃) ၈-ရူပံ ဝိပါကောတိကထာ၁,677,
"<font size=""1.5"">",(၁၆၄) ၉-ရူပံ ရူပါဝစရာ ရူပါဝစရန္တိကထာ၁,679,
"<font size=""1.5"">",(၁၆၅) ၁၀-ရူပါ ရူပဓာတုပရိယာပန္နကထာ၁,681,
"<font size=""2"">",၁၇-သတ္တရသမဝဂ်,684,
"<font size=""1.5"">",(၁၆၆) ၁-အရဟတော ပုညူပစယကထာ၁,684,
"<font size=""1.5"">",(၁၆၇) ၂-နတ္ထိ အရဟတော အကာလမစ္စူတိကထာ ၁,686,
"<font size=""1.5"">",(၁၆၈) ၃-သဗ္ဗမိဒံ ကမ္မတောတိကထာ ၁,688,
"<font size=""1.5"">",(၁၆၉) ၄-ဣနြ္ဒိယဗဒ္ဓကထာ၁,691,
"<font size=""1.5"">",(၁၇၁) ၆-န ဝတ္တဗ္ဗံ သံဃော ဒက္ခိဏံ ပဋိဂ္ဂဏှာတိကထာ၁,695,
"<font size=""1.5"">",(၁၇၂) ၇-န ဝတ္တဗ္ဗံ သံဃော ဒက္ခိဏံ ဝိသောဓေတီတိကထာ၁,697,
"<font size=""1.5"">",(၁၇၃) ၈-န ဝတ္တဗ္ဗံ သံဃော ဘုဉ္ဇတီတိကထာ ၁,699,
"<font size=""1.5"">",(၁၇၄) ၉-န ဝတ္တဗ္ဗံ။ပ။ မဟပ္ဖလန္တိကထာ၁,701,
"<font size=""1.5"">",(၁၇၅) ၁၀-န ဝတ္တဗ္ဗံ ဗုဒ္ဓဿ ဒိန္နံ မဟပ္ဖလန္တိကထာ၁,703,
"<font size=""1.5"">",(၁၇၆) ၁၁-ဒက္ခိဏာဝိသုဒ္ဓိကထာ ၁,705,
"<font size=""1.5"">",(၁၇၇) ၁-မနုဿလောကကထာ၁,708,
"<font size=""1.5"">",(၁၇၈) ၂- ဓမ္မဒေသနာကထာ၁,710,
"<font size=""1.5"">",(၁၇၉) ၃- ကရုဏာကထာ၁,712,
"<font size=""1.5"">",(၁၈၀) ၄- ဂန္ဓဇာတိကထာ ၁,714,
"<font size=""1.5"">",(၁၈၁) ၅- ဧကမဂ္ဂကထာ၁,715,
"<font size=""1.5"">",(၁၈၂) ၆- ဈာနသင်္ကန္တိကထာ၁,718,
"<font size=""1.5"">",(၁၈၃) ၇- ဈာနန္တရိကကထာ၁,722,
"<font size=""1.5"">",(၁၈၄) ၈-သဒ္ဒံ သုဏာတီတိကထာ၁,726,
"<font size=""1.5"">",(၁၈၅) ၉-စက္ခုနာ ရူပံ ပဿတီတိကထာ၁,728,
"<font size=""2"">",၁၉-ဧကူနဝီသတိမဝဂ်,730,
"<font size=""1.5"">",(၁၈၆) ၁-ကိလေသဇဟနကထာ၁,730,
"<font size=""1.5"">",(၁၈၇) ၂-သုညတာကထာ၁,733,
"<font size=""1.5"">",(၁၈၈) ၃-သာမညဖလကထာ၁,735,
"<font size=""1.5"">",(၁၈၉) ၄-ပတ္တိကထာ၁,737,
"<font size=""1.5"">",(၁၉၀) ၅-တထတာကတာ၁,740,
"<font size=""1.5"">",(၁၉၁) ၆-ကုသလကထာ၁,742,
"<font size=""1.5"">",(၁၉၂) ၇-အစ္စန္တနိယာမကထာ၁,744,
"<font size=""1.5"">",(၁၉၃) ၈-ဣနြ္ဒိယကထာ၁,748,
"<font size=""2"">",၂၀-ဝီသတိမဝဂ်,752,
"<font size=""1.5"">",(၁၉၄) ၁-အသဉ္စိစ္စကထာ၁,752,
"<font size=""1.5"">",(၁၉၅) ၂-ဉာဏကထာ၁,755,
"<font size=""1.5"">",(၁၉၆) ၃-နိရယပါလကထာ၁,756,
"<font size=""1.5"">",(၁၉၇) ၄-တိရစ္ဆာနကထာ၁,759,
"<font size=""1.5"">",(၁၉၈) ၅-မဂ္ဂကထာ၁,761,
"<font size=""1.5"">",(၁၉၉) ၆-ဉာဏကထာ ၁,764,
"<font size=""1.5"">",(၂၀ဝ) ၁-သာသနကထာ၁,766,
"<font size=""1.5"">",၂၁-ဧကဝီသတိမဝဂ် (၂၀၁) ၂-အဝိဝိတ္တကထာ၁,768,
"<font size=""1.5"">",(၂၀၂) ၃-သံယောဇနကထာ၁,769,
"<font size=""1.5"">",(၂၀၃) ၄-ဣဒ္ဓိကထာ၁,770,
"<font size=""1.5"">",(၂၀၄) ၅-ဗုဒ္ဓကထာ၁,772,
"<font size=""1.5"">",(၂၀၅) ၆-သဗ္ဗဒိသာကထာ၁,773,
"<font size=""1.5"">",(၂၀၆) ၇-ဓမ္မကထာ၁,775,
"<font size=""1.5"">",(၂၀၇) ၈-ကမ္မကထာ ၁,777,
"<font size=""2"">",၂၂-ဗာဝီသတိမဝဂ်,779,
"<font size=""1.5"">",(၂၀၈) ၁-ပရိနိဗ္ဗာနကထာ၁,779,
"<font size=""1.5"">",(၂၀၉) ၂-ကုသလစိတ္တကထာ၁,780,
"<font size=""1.5"">",(၂၁၀) ၃-အာနေဉ္ဇကထာ၁,782,
"<font size=""1.5"">",(၂၁၁) ၄-ဓမ္မာဘိသမယကထာ၁,783,
"<font size=""1.5"">",(၂၁၂-၂၁၄) ၅-၇-တိဿောပိကထာ၁,785,
"<font size=""1.5"">",(၂၁၅) ၈-အဗျာကတကထာ၁,786,
"<font size=""1.5"">",(၂၁၆) ၉-အာသေဝနပစ္စယကထာ၁,787,
"<font size=""1.5"">",(၂၁၇) ၁၀-ခဏိကကထာ၁,789,
"<font size=""2"">",၂၃-တေဝီသတိမဝဂ်,791,
"<font size=""1.5"">",(၂၁၈) ၁-ဧကာဓိပ္ပါယကထာ၁,791,
"<font size=""1.5"">",(၂၁၉) ၂-အရဟန္တဝဏ္ဏကထာ၁,792,
"<font size=""1.5"">",(၂၂၀-၂၂၄) ၃-၇ ဣဿရိယ ကာမကာရိကာကထာ၁,793,
"<font size=""1.5"">",(၂၂၅) ၈-ပတိရူပကထာ၁,796,
"<font size=""1.5"">",(၂၂၆) ၉-အပရိနိပ္ဖန္နကထာ ၁,797,