id,book_id,page,content,paranum
1871,mula_vi_05,1,"<p class=""nikaya"">ဝိနယပိဋကေ</p>
<a name=""vin5""></a><p class=""book"">ပရိဝါရပါဠိ</p>
<p class=""centered""> နမော တဿ ဘဂဝတော အရဟတော သမ္မာသမ္ဗုဒ္ဓဿ</p>
<a name=""vin5_1""></a><p class=""chapter"">သောဠသမဟာဝါရော</p>
<p class=""title"">၁။ ဘိက္ခုဝိဘင်္ဂေါ</p>
<p class=""title"">၁။ ကတ္ထပညတ္တိဝါရော</p>
<p class=""subhead"">၁။ ပါရာဇိကကဏ္ဍံ</p>
<p class=""bodytext""><a name=""para1""></a><a name=""para1_vin5""></a><span class=""paranum"">၁</span>။ ယံ <a name=""T0.0001""></a><a name=""P5.0001""></a><a name=""M0.0001""></a><a name=""V0.0001""></a> တေန ဘဂဝတာ ဇာနတာ ပဿတာ အရဟတာ သမ္မာသမ္ဗုဒ္ဓေန ပဌမံ ပါရာဇိကံ ကတ္ထ ပညတ္တံ, ကံ အာရဗ္ဘ, ကိသ္မိံ ဝတ္ထုသ္မိံ? အတ္ထိ တတ္ထ ပညတ္တိ, အနုပညတ္တိ, အနုပ္ပန္နပညတ္တိ? သဗ္ဗတ္ထပညတ္တိ, ပဒေသပညတ္တိ? သာဓာရဏပညတ္တိ, အသာဓာရဏပညတ္တိ? ဧကတောပညတ္တိ, ဥဘတောပညတ္တိ? ပဉ္စန္နံ ပါတိမောက္ခုဒ္ဒေသာနံ ကတ္ထောဂဓံ ကတ္ထ ပရိယာပန္နံ? ကတမေန ဥဒ္ဒေသေန ဥဒ္ဒေသံ အာဂစ္ဆတိ? စတုန္နံ ဝိပတ္တီနံ ကတမာ ဝိပတ္တိ? သတ္တန္နံ အာပတ္တိက္ခန္ဓာနံ <a name=""V0.0002""></a> ကတမော အာပတ္တိက္ခန္ဓော? ဆန္နံ အာပတ္တိသမုဋ္ဌာနာနံ ကတိဟိ သမုဋ္ဌာနေဟိ သမုဋ္ဌာတိ? စတုန္နံ အဓိကရဏာနံ ကတမံ အဓိကရဏံ? သတ္တန္နံ သမထာနံ ကတိဟိ သမထေဟိ သမ္မတိ? ကော တတ္ထ ဝိနယော, ကော တတ္ထ အဘိဝိနယော? ကိံ တတ္ထ ပါတိမောက္ခံ, ကိံ တတ္ထ အဓိပါတိမောက္ခံ? ကာ ဝိပတ္တိ? ကာ သမ္ပတ္တိ? ကာ ပဋိပတ္တိ? ကတိ အတ္ထဝသေ ပဋိစ္စ ဘဂဝတာ ပဌမံ ပါရာဇိကံ ပညတ္တံ? ကေ သိက္ခန္တိ? ကေ သိက္ခိတသိက္ခာ? ကတ္ထ ဌိတံ? ကေ ဓာရေန္တိ? ကဿ ဝစနံ? ကေနာဘတန္တိ?</p>
<p class=""bodytext""><a name=""para2""></a><a name=""para2_vin5""></a><span class=""paranum"">၂</span>။ ယံ တေန ဘဂဝတာ ဇာနတာ ပဿတာ အရဟတာ သမ္မာသမ္ဗုဒ္ဓေန ပဌမံ <a name=""T0.0002""></a> ပါရာဇိကံ ကတ္ထ ပညတ္တန္တိ? ဝေသာလိယံ ပညတ္တံ။ ကံ အာရဗ္ဘာတိ? သုဒိန္နံ ကလန္ဒပုတ္တံ အာရဗ္ဘ။ ကိသ္မိံ ဝတ္ထုသ္မိန္တိ? သုဒိန္နော ကလန္ဒပုတ္တော ပုရာဏဒုတိယိကာယ မေထုနံ <a name=""P5.0002""></a> ဓမ္မံ ပဋိသေဝိ, တသ္မိံ ဝတ္ထုသ္မိံ။ အတ္ထိ တတ္ထ ပညတ္တိ, အနုပညတ္တိ, အနုပ္ပန္နပညတ္တီတိ? ဧကာ ပညတ္တိ, ဒွေ အနုပညတ္တိယော။</p>
",-1-2-
1872,mula_vi_05,2,"<p class=""noindentbodytext""> အနုပ္ပန္နပညတ္တိ<a name=""M0.0002""></a> တသ္မိံ နတ္ထိ။ သဗ္ဗတ္ထပညတ္တိ, ပဒေသပညတ္တီတိ? သဗ္ဗတ္ထပညတ္တိ။ သာဓာရဏပညတ္တိ, အသာဓာရဏပညတ္တီတိ? သာဓာရဏပညတ္တိ။ ဧကတောပညတ္တိ, ဥဘတောပညတ္တီတိ? ဥဘတောပညတ္တိ။ ပဉ္စန္နံ ပါတိမောက္ခုဒ္ဒေသာနံ ကတ္ထောဂဓံ ကတ္ထ ပရိယာပန္နန္တိ? နိဒါနောဂဓံ, နိဒါနပရိယာပန္နံ။ ကတမေန ဥဒ္ဒေသေန ဥဒ္ဒေသံ အာဂစ္ဆတီတိ? ဒုတိယေန ဥဒ္ဒေသေန ဥဒ္ဒေသံ အာဂစ္ဆတိ။ စတုန္နံ ဝိပတ္တီနံ ကတမာ ဝိပတ္တီတိ? သီလဝိပတ္တိ။ သတ္တန္နံ အာပတ္တိက္ခန္ဓာနံ ကတမော အာပတ္တိက္ခန္ဓောတိ? ပါရာဇိကာပတ္တိက္ခန္ဓော။ ဆန္နံ အာပတ္တိသမုဋ္ဌာနာနံ ကတိဟိ သမုဋ္ဌာနေဟိ သမုဋ္ဌာတီတိ? ဧကေန သမုဋ္ဌာနေန သမုဋ္ဌာတိ – ကာယတော စ စိတ္တတော စ သမုဋ္ဌာတိ, န ဝါစတော။ စတုန္နံ အဓိကရဏာနံ ကတမံ အဓိကရဏန္တိ? အာပတ္တာဓိကရဏံ။ သတ္တန္နံ သမထာနံ ကတိဟိ သမထေဟိ သမ္မတီတိ? ဒွီဟိ သမထေဟိ သမ္မတိ – သမ္မုခါဝိနယေန စ ပဋိညာတကရဏေန စ။ ကော တတ္ထ ဝိနယော, ကော တတ္ထ အဘိဝိနယောတိ? ပညတ္တိ ဝိနယော, ဝိဘတ္တိ အဘိဝိနယော။ ကိံ တတ္ထ ပါတိမောက္ခံ, ကိံ တတ္ထ အဓိပါတိမောက္ခန္တိ? ပညတ္တိ ပါတိမောက္ခံ, ဝိဘတ္တိ အဓိပါတိမောက္ခံ။ ကာ ဝိပတ္တီတိ? အသံဝရော ဝိပတ္တိ။ ကာ <a name=""T0.0003""></a> သမ္ပတ္တီတိ? သံဝရော သမ္ပတ္တိ။ ကာ ပဋိပတ္တီတိ? န ဧဝရူပံ ကရိဿာမီတိ ယာဝဇီဝံ အာပါဏကောဋိကံ သမာဒါယ သိက္ခတိ သိက္ခာပဒေသု။ <span class=""note"">[အ။ နိ။ ၁၀။၃၁]</span> ကတိ အတ္ထဝသေ ပဋိစ္စ ဘဂဝတာ ပဌမံ ပါရာဇိကံ ပညတ္တန္တိ? ဒသ အတ္ထဝသေ ပဋိစ္စ ဘဂဝတာ ပဌမံ ပါရာဇိကံ ပညတ္တံ – သံဃသုဋ္ဌုတာယ, သံဃဖာသုတာယ, ဒုမ္မင်္ကူနံ ပုဂ္ဂလာနံ နိဂ္ဂဟာယ, ပေသလာနံ ဘိက္ခူနံ ဖာသုဝိဟာရာယ, ဒိဋ္ဌဓမ္မိကာနံ အာသဝါနံ သံဝရာယ, သမ္ပရာယိကာနံ အာသဝါနံ ပဋိဃာတာယ, အပ္ပသန္နာနံ ပသာဒါယ, ပသန္နာနံ ဘိယျောဘာဝါယ, သဒ္ဓမ္မဋ္ဌိတိယာ, ဝိနယာနုဂ္ဂဟာယ။ ကေ သိက္ခန္တီတိ? သေက္ခာ စ ပုထုဇ္ဇနကလျာဏကာ စ သိက္ခန္တိ။ ကေ သိက္ခိတသိက္ခာတိ? အရဟန္တော သိက္ခိတသိက္ခာ<a name=""V0.0003""></a>။ ကတ္ထ ဌိတန္တိ? သိက္ခာကာမေသု ဌိတံ။ ကေ ဓာရေန္တီတိ? ယေသံ ဝတ္တတိ တေ ဓာရေန္တိ။ ကဿ ဝစနန္တိ? ဘဂဝတော ဝစနံ အရဟတော သမ္မာသမ္ဗုဒ္ဓဿ။ ကေနာဘတန္တိ? ပရမ္ပရာဘတံ –</p>
<p class=""hangnum""><a name=""para3""></a><a name=""para3_vin5""></a><span class=""paranum"">၃</span>။</p>
<p class=""gatha1""> ဥပါလိ ဒါသကော စေဝ, သောဏကော သိဂ္ဂဝေါ တထာ၊</p>
<p class=""gathalast"">မောဂ္ဂလိပုတ္တေန <span class=""note"">[မောဂ္ဂလီပုတ္တေန (သျာ။)]</span> ပဉ္စမာ, ဧတေ ဇမ္ဗုသိရိဝှယေ <span class=""note"">[ဇမ္ဗုသရိဝှယေ (သာရတ္ထ)]</span>။</p>
<p class=""gatha1"">တတော <a name=""P5.0003""></a> မဟိန္ဒော ဣဋ္ဋိယော <span class=""note"">[ဣဋ္ဌိယော (သီ။)]</span>, ဥတ္တိယော သမ္ဗလော <span class=""note"">[ဥဋ္ဋိယော သမ္ပလော (ဣတိပိ)]</span> တထာ၊</p>
<p class=""gathalast"">ဘဒ္ဒနာမော စ ပဏ္ဍိတော။</p>
",-3-
1873,mula_vi_05,3,"<p class=""gatha1"">ဧတေ <a name=""M0.0003""></a> နာဂါ မဟာပညာ, ဇမ္ဗုဒီပါ ဣဓာဂတာ၊</p>
<p class=""gathalast"">ဝိနယံ တေ ဝါစယိံသု, ပိဋကံ တမ္ဗပဏ္ဏိယာ။</p>
<p class=""gatha1"">နိကာယေ <a name=""T0.0004""></a> ပဉ္စ ဝါစေသုံ, သတ္တ စေဝ ပကရဏေ၊</p>
<p class=""gathalast"">တတော အရိဋ္ဌော မေဓာဝီ, တိဿဒတ္တော စ ပဏ္ဍိတော။</p>
<p class=""gatha1"">ဝိသာရဒေါ ကာဠသုမနော, ထေရော စ ဒီဃနာမကော၊</p>
<p class=""gathalast"">ဒီဃသုမနော စ ပဏ္ဍိတော။</p>
<p class=""gatha1"">ပုနဒေဝ <span class=""note"">[ပုနရေဝ (သျာ။)]</span> ကာဠသုမနော, နာဂတ္ထေရော စ ဗုဒ္ဓရက္ခိတော၊</p>
<p class=""gathalast"">တိဿတ္ထေရော စ မေဓာဝီ, ဒေဝတ္ထေရော <span class=""note"">[ရေဝတ္ထေရော (ဣတိပိ)]</span> စ ပဏ္ဍိတော။</p>
<p class=""gatha1"">ပုနဒေဝ <a name=""V0.0004""></a> သုမနော မေဓာဝီ, ဝိနယေ စ ဝိသာရဒေါ၊</p>
<p class=""gathalast"">ဗဟုဿုတော စူဠနာဂေါ, ဂဇောဝ ဒုပ္ပဓံသိယော။</p>
<p class=""gatha1"">ဓမ္မပါလိတနာမော စ, ရောဟဏေ <span class=""note"">[ရောဟဏော (သီ။)]</span> သာဓုပူဇိတော၊</p>
<p class=""gathalast"">တဿ သိဿော မဟာပညော ခေမနာမော တိပေဋကော။</p>
<p class=""gatha1"">ဒီပေ တာရကရာဇာဝ ပညာယ အတိရောစထ၊</p>
<p class=""gathalast"">ဥပတိဿော စ မေဓာဝီ, ဖုဿဒေဝေါ မဟာကထီ။</p>
<p class=""gatha1"">ပုနဒေဝ သုမနော မေဓာဝီ, ပုပ္ဖနာမော ဗဟုဿုတော၊</p>
<p class=""gathalast"">မဟာကထီ မဟာသိဝေါ, ပိဋကေ သဗ္ဗတ္ထ ကောဝိဒေါ။</p>
<p class=""gatha1"">ပုနဒေဝ ဥပါလိ မေဓာဝီ, ဝိနယေ စ ဝိသာရဒေါ၊</p>
<p class=""gathalast"">မဟာနာဂေါ မဟာပညော, သဒ္ဓမ္မဝံသကောဝိဒေါ။</p>
<p class=""gatha1"">ပုနဒေဝ အဘယော မေဓာဝီ, ပိဋကေ သဗ္ဗတ္ထ ကောဝိဒေါ၊</p>
<p class=""gathalast"">တိဿတ္ထေရော စ မေဓာဝီ, ဝိနယေ စ ဝိသာရဒေါ။</p>
<p class=""gatha1"">တဿ သိဿော မဟာပညော, ပုပ္ဖနာမော ဗဟုဿုတော၊</p>
<p class=""gathalast"">သာသနံ <a name=""T0.0005""></a> အနုရက္ခန္တော, ဇမ္ဗုဒီပေ ပတိဋ္ဌိတော။</p>
<p class=""gatha1"">စူဠာဘယော စ မေဓာဝီ, ဝိနယေ စ ဝိသာရဒေါ၊</p>
<p class=""gathalast"">တိဿတ္ထေရော စ မေဓာဝီ, သဒ္ဓမ္မဝံသကောဝိဒေါ။</p>
<p class=""gatha1"">စူဠဒေဝေါ <span class=""note"">[ဖုဿဒေဝေါ (သီ။)]</span> စ မေဓာဝီ, ဝိနယေ စ ဝိသာရဒေါ၊</p>
<p class=""gathalast"">သိဝတ္ထေရော စ မေဓာဝီ, ဝိနယေ သဗ္ဗတ္ထ ကောဝိဒေါ။</p>
",
1874,mula_vi_05,4,"<p class=""gatha1"">ဧတေ <a name=""M0.0004""></a> နာဂါ မဟာပညာ, ဝိနယညူ မဂ္ဂကောဝိဒါ၊</p>
<p class=""gathalast"">ဝိနယံ ဒီပေ ပကာသေသုံ, ပိဋကံ တမ္ဗပဏ္ဏိယာတိ။</p>
<p class=""bodytext""><a name=""para4""></a><a name=""para4_vin5""></a><span class=""paranum"">၄</span>။ ယံ တေန ဘဂဝတာ ဇာနတာ ပဿတာ အရဟတာ သမ္မာသမ္ဗုဒ္ဓေန ဒုတိယံ ပါရာဇိကံ ကတ္ထ ပညတ္တန္တိ? ရာဇဂဟေ ပညတ္တံ။ ကံ အာရဗ္ဘာတိ? ဓနိယံ ကုမ္ဘကာရပုတ္တံ အာရဗ္ဘ။ ကိသ္မိံ ဝတ္ထုသ္မိန္တိ? ဓနိယော ကုမ္ဘကာရပုတ္တော ရညော ဒါရူနိ အဒိန္နံ အာဒိယိ, တသ္မိံ ဝတ္ထုသ္မိံ။ ဧကာ ပညတ္တိ, ဧကာ အနုပညတ္တိ။ ဆန္နံ အာပတ္တိသမုဋ္ဌာနာနံ ကတိဟိ သမုဋ္ဌာနေဟိ သမုဋ္ဌာတီတိ? တီဟိ သမုဋ္ဌာနေဟိ သမုဋ္ဌာတိ – သိယာ ကာယတော စ စိတ္တတော စ သမုဋ္ဌာတိ<a name=""P5.0004""></a>, န ဝါစတော၊ သိယာ ဝါစတော စ စိတ္တတော စ သမုဋ္ဌာတိ, န ကာယတော၊ သိယာ ကာယတော စ ဝါစတော စ စိတ္တတော စ သမုဋ္ဌာတိ…ပေ…။</p>
<p class=""bodytext""><a name=""para5""></a><a name=""para5_vin5""></a><span class=""paranum"">၅</span>။ တတိယံ ပါရာဇိကံ ကတ္ထ ပညတ္တန္တိ? ဝေသာလိယံ ပညတ္တံ။ ကံ အာရဗ္ဘာတိ? သမ္ဗဟုလေ <a name=""V0.0005""></a> ဘိက္ခူ အာရဗ္ဘ။ ကိသ္မိံ ဝတ္ထုသ္မိန္တိ? သမ္ဗဟုလာ ဘိက္ခူ အညမညံ ဇီဝိတာ ဝေါရောပေသုံ, တသ္မိံ ဝတ္ထုသ္မိံ။ ဧကာ ပညတ္တိ, ဧကာ အနုပညတ္တိ။ ဆန္နံ <a name=""T0.0006""></a> အာပတ္တိသမုဋ္ဌာနာနံ ကတိဟိ သမုဋ္ဌာနေဟိ သမုဋ္ဌာတီတိ? တီဟိ သမုဋ္ဌာနေဟိ သမုဋ္ဌာတိ – သိယာ ကာယတော စ စိတ္တတော စ သမုဋ္ဌာတိ, န ဝါစတော၊ သိယာ ဝါစတော စ စိတ္တတော စ သမုဋ္ဌာတိ, န ကာယတော၊ သိယာ ကာယတော စ ဝါစတော စ စိတ္တတော စ သမုဋ္ဌာတိ…ပေ…။</p>
<p class=""bodytext""><a name=""para6""></a><a name=""para6_vin5""></a><span class=""paranum"">၆</span>။ စတုတ္ထံ ပါရာဇိကံ ကတ္ထ ပညတ္တန္တိ? ဝေသာလိယံ ပညတ္တံ။ ကံ အာရဗ္ဘာတိ? ဝဂ္ဂုမုဒါတီရိယေ ဘိက္ခူ အာရဗ္ဘ။ ကိသ္မိံ ဝတ္ထုသ္မိန္တိ? ဝဂ္ဂုမုဒါတီရိယာ ဘိက္ခူ ဂိဟီနံ အညမညဿ ဥတ္တရိမနုဿဓမ္မဿ ဝဏ္ဏံ ဘာသိံသု, တသ္မိံ ဝတ္ထုသ္မိံ။ ဧကာ ပညတ္တိ, ဧကာ အနုပညတ္တိ။ ဆန္နံ အာပတ္တိသမုဋ္ဌာနာနံ ကတိဟိ သမုဋ္ဌာနေဟိ သမုဋ္ဌာတီတိ? တီဟိ သမုဋ္ဌာနေဟိ သမုဋ္ဌာတိ – သိယာ ကာယတော စ စိတ္တတော စ သမုဋ္ဌာတိ, န ဝါစတော၊ သိယာ ဝါစတော စ စိတ္တတော စ သမုဋ္ဌာတိ, န ကာယတော၊ သိယာ ကာယတော စ ဝါစတော စ စိတ္တတော စ သမုဋ္ဌာတိ…ပေ…။</p>
<p class=""centered"">စတ္တာရော ပါရာဇိကာ နိဋ္ဌိတာ။</p>
",-4-5-6-
1875,mula_vi_05,5,"<p class=""centered"">တဿုဒ္ဒါနံ –</p>
<p class=""gatha1"">မေထုနာဒိန္နာဒါနဉ္စ<a name=""M0.0005""></a>, မနုဿဝိဂ္ဂဟုတ္တရိ၊</p>
<p class=""gathalast"">ပါရာဇိကာနိ စတ္တာရိ, ဆေဇ္ဇဝတ္ထူ အသံသယာတိ။</p>
<p class=""subhead"">၂။ သံဃာဒိသေသကဏ္ဍံ</p>
<p class=""bodytext""><a name=""para7""></a><a name=""para7_vin5""></a><span class=""paranum"">၇</span>။ ယံ တေန ဘဂဝတာ ဇာနတာ ပဿတာ အရဟတာ သမ္မာသမ္ဗုဒ္ဓေန ဥပက္ကမိတွာ အသုစိံ မောစေန္တဿ သံဃာဒိသေသော ကတ္ထ ပညတ္တော? ကံ အာရဗ္ဘ? ကိသ္မိံ ဝတ္ထုသ္မိံ? အတ္ထိ တတ္ထ ပညတ္တိ, အနုပညတ္တိ<a name=""T0.0007""></a>, အနုပ္ပန္နပညတ္တိ? သဗ္ဗတ္ထပညတ္တိ, ပဒေသပညတ္တိ? သာဓာရဏပညတ္တိ, အသာဓာရဏပညတ္တိ? ဧကတောပညတ္တိ, ဥဘတောပညတ္တိ? ပဉ္စန္နံ ပါတိမောက္ခုဒ္ဒေသာနံ ကတ္ထောဂဓံ ကတ္ထ ပရိယာပန္နံ? ကတမေန ဥဒ္ဒေသေန ဥဒ္ဒေသံ အာဂစ္ဆတိ? စတုန္နံ ဝိပတ္တီနံ ကတမာ ဝိပတ္တိ? သတ္တန္နံ အာပတ္တိက္ခန္ဓာနံ ကတမော အာပတ္တိက္ခန္ဓော? ဆန္နံ အာပတ္တိသမုဋ္ဌာနာနံ ကတိဟိ သမုဋ္ဌာနေဟိ သမုဋ္ဌာတိ? စတုန္နံ အဓိကရဏာနံ ကတမံ အဓိကရဏံ? သတ္တန္နံ သမထာနံ ကတိဟိ သမထေဟိ သမ္မတိ? ကော တတ္ထ ဝိနယော, ကော တတ္ထ အဘိဝိနယော? ကိံ တတ္ထ ပါတိမောက္ခံ, ကိံ တတ္ထ အဓိပါတိမောက္ခံ<a name=""V0.0006""></a>? ကာ ဝိပတ္တိ, ကာ သမ္ပတ္တိ, ကာ ပဋိပတ္တိ? ကတိ အတ္ထဝသေ ပဋိစ္စ ဘဂဝတာ ဥပက္ကမိတွာ အသုစိံ မောစေန္တဿ သံဃာဒိသေသော ပညတ္တော? ကေ သိက္ခန္တိ, ကေ သိက္ခိတသိက္ခာ? ကတ္ထ ဌိတံ? ကေ ဓာရေန္တိ? ကဿ ဝစနံ? ကေနာဘတန္တိ?</p>
<p class=""bodytext""><a name=""para8""></a><a name=""para8_vin5""></a><span class=""paranum"">၈</span>။ ယံ တေန ဘဂဝတာ ဇာနတာ ပဿတာ အရဟတာ သမ္မာသမ္ဗုဒ္ဓေန ဥပက္ကမိတွာ အသုစိံ မောစေန္တဿ သံဃာဒိသေသော ကတ္ထ ပညတ္တောတိ? သာဝတ္ထိယံ ပညတ္တော။ ကံ အာရဗ္ဘာတိ? အာယသ္မန္တံ သေယျသကံ အာရဗ္ဘ။ ကိသ္မိံ ဝတ္ထုသ္မိန္တိ? အာယသ္မာ သေယျသကော ဟတ္ထေန ဥပက္ကမိတွာ အသုစိံ မောစေသိ, တသ္မိံ ဝတ္ထုသ္မိံ။ အတ္ထိ တတ္ထ ပညတ္တိ, အနုပညတ္တိ, အနုပ္ပန္နပညတ္တီတိ? ဧကာ ပညတ္တိ, ဧကာ အနုပညတ္တိ။ အနုပ္ပန္နပညတ္တိ တသ္မိံ နတ္ထိ။ သဗ္ဗတ္ထ ပညတ္တိ, ပဒေသပညတ္တီတိ? သဗ္ဗတ္ထပညတ္တိ။ သာဓာရဏပညတ္တိ, အသာဓာရဏပညတ္တီတိ<a name=""T0.0008""></a>? အသာဓာရဏပညတ္တိ။ ဧကတောပညတ္တိ, ဥဘတောပညတ္တီတိ? ဧကတောပညတ္တိ။ ပဉ္စန္နံ ပါတိမောက္ခုဒ္ဒေသာနံ ကတ္ထောဂဓံ ကတ္ထ ပရိယာပန္နန္တိ? နိဒါနောဂဓံ နိဒါနပရိယာပန္နံ။ ကတမေန ဥဒ္ဒေသေန ဥဒ္ဒေသံ အာဂစ္ဆတီတိ?</p>
",-7-8-
1876,mula_vi_05,6,"<p class=""noindentbodytext""> တတိယေ<a name=""M0.0006""></a> ဥဒ္ဒေသေန ဥဒ္ဒေသံ အာဂစ္ဆတိ<a name=""P5.0005""></a>။ စတုန္နံ ဝိပတ္တီနံ ကတမာ ဝိပတ္တီတိ? သီလဝိပတ္တိ။ သတ္တန္နံ အာပတ္တိက္ခန္ဓာနံ ကတမော အာပတ္တိက္ခန္ဓောတိ? သံဃာဒိသေသော အာပတ္တိက္ခန္ဓော။ ဆန္နံ အာပတ္တိသမုဋ္ဌာနာနံ ကတိဟိ သမုဋ္ဌာနေဟိ သမုဋ္ဌာတီတိ? ဧကေန သမုဋ္ဌာနေန သမုဋ္ဌာတိ – ကာယတော စ စိတ္တတော စ သမုဋ္ဌာတိ, န ဝါစတော။ စတုန္နံ အဓိကရဏာနံ ကတမံ အဓိကရဏန္တိ? အာပတ္တာဓိကရဏံ။ သတ္တန္နံ သမထာနံ ကတိဟိ သမထေဟိ သမ္မတီတိ? ဒွီဟိ သမထေဟိ သမ္မတိ – သမ္မုခါဝိနယေန စ ပဋိညာတကရဏေန စ။ ကော တတ္ထ ဝိနယော, ကော တတ္ထ အဘိဝိနယောတိ? ပညတ္တိ ဝိနယော, ဝိဘတ္တိ အဘိဝိနယော။ ကိံ တတ္ထ ပါတိမောက္ခံ, ကိံ တတ္ထ အဓိပါတိမောက္ခန္တိ? ပညတ္တိ ပါတိမောက္ခံ, ဝိဘတ္တိ အဓိပါတိမောက္ခံ။ ကာ ဝိပတ္တီတိ? အသံဝရော ဝိပတ္တိ။ ကာ သမ္ပတ္တီတိ? သံဝရော သမ္ပတ္တိ။ ကာ ပဋိပတ္တီတိ? န ဧဝရူပံ ကရိဿာမီတိ ယာဝဇီဝံ အာပါဏကောဋိကံ သမာဒါယ သိက္ခတိ သိက္ခာပဒေသု။ <span class=""note"">[အ။ နိ။ ၁၀။၃၁]</span> ကတိ အတ္ထဝသေ ပဋိစ္စ ဘဂဝတာ ဥပက္ကမိတွာ အသုစိံ မောစေန္တဿ သံဃာဒိသေသော ပညတ္တောတိ? ဒသ အတ္ထဝသေ ပဋိစ္စ ဘဂဝတာ ဥပက္ကမိတွာ အသုစိံ မောစေန္တဿ သံဃာဒိသေသော ပညတ္တော – သံဃသုဋ္ဌုတာယ, သံဃဖာသုတာယ, ဒုမ္မင်္ကူနံ ပုဂ္ဂလာနံ နိဂ္ဂဟာယ, ပေသလာနံ ဘိက္ခူနံ ဖာသုဝိဟာရာယ, ဒိဋ္ဌဓမ္မိကာနံ အာသဝါနံ သံဝရာယ, သမ္ပရာယိကာနံ အာသဝါနံ <a name=""T0.0009""></a> ပဋိဃာတာယ, အပ္ပသန္နာနံ ပသာဒါယ, ပသန္နာနံ ဘိယျောဘာဝါယ, သဒ္ဓမ္မဋ္ဌိတိယာ, ဝိနယာနုဂ္ဂဟာယ။ ကေ သိက္ခန္တီတိ? သေက္ခာ စ ပုထုဇ္ဇနကလျာဏကာ စ သိက္ခန္တိ။ ကေ သိက္ခိတသိက္ခာတိ? အရဟန္တော သိက္ခိတသိက္ခာ။ ကတ္ထ ဌိတန္တိ? သိက္ခာကာမေသု ဌိတံ။ ကေ ဓာရေန္တီတိ? ယေသံ ဝတ္တတိ<a name=""V0.0007""></a>, တေ ဓာရေန္တိ။ ကဿ ဝစနန္တိ? ဘဂဝတော ဝစနံ အရဟတော သမ္မာသမ္ဗုဒ္ဓဿ။ ကေနာဘတန္တိ? ပရမ္ပရာဘတံ –</p>
<p class=""gatha1"">ဥပါလိ ဒါသကော စေဝ, သောဏကော သိဂ္ဂဝေါ တထာ၊</p>
<p class=""gathalast"">မောဂ္ဂလိပုတ္တေန ပဉ္စမာ, ဧတေ ဇမ္ဗုသိရိဝှယေ။</p>
<p class=""gatha1"">တတော မဟိန္ဒော ဣဋ္ဋိယော, ဥတ္တိယော သမ္ဗလော တထာ၊</p>
<p class=""gathalast"">ဘဒ္ဒနာမော စ ပဏ္ဍိတော။</p>
<p class=""gatha1"">ဧတေ နာဂါ မဟာပညာ, ဇမ္ဗုဒီပါ ဣဓာဂတာ၊</p>
<p class=""gathalast"">ဝိနယံ တေ ဝါစယိံသု, ပိဋကံ တမ္ဗပဏ္ဏိယာ။</p>
<p class=""gatha1"">နိကာယေ ပဉ္စ ဝါစေသုံ, သတ္တ စေဝ ပကရဏေ၊</p>
<p class=""gathalast"">တတော အရိဋ္ဌော မေဓာဝီ, တိဿဒတ္တော စ ပဏ္ဍိတော။</p>
",
1877,mula_vi_05,7,"<p class=""gatha1"">ဝိသာရဒေါ <a name=""M0.0007""></a> ကာဠသုမနော, ထေရော စ ဒီဃနာမကော၊</p>
<p class=""gathalast"">ဒီဃသုမနော စ ပဏ္ဍိတော။</p>
<p class=""gatha1"">ပုနဒေဝ ကာဠသုမနော, နာဂတ္ထေရော စ ဗုဒ္ဓရက္ခိတော၊</p>
<p class=""gathalast"">တိဿတ္ထေရော စ မေဓာဝီ, ဒေဝတ္ထေရော စ ပဏ္ဍိတော။</p>
<p class=""gatha1"">ပုနဒေဝ သုမနော မေဓာဝီ, ဝိနယေ စ ဝိသာရဒေါ၊</p>
<p class=""gathalast"">ဗဟုဿုတော စူဠနာဂေါ, ဂဇောဝ ဒုပ္ပဓံသိယော။</p>
<p class=""gatha1"">ဓမ္မပါလိတနာမော စ, ရောဟဏေ သာဓုပူဇိတော၊</p>
<p class=""gathalast"">တဿ သိဿော မဟာပညော, ခေမနာမော တိပေဋကော။</p>
<p class=""gatha1"">ဒီပေ တာရကရာဇာဝ, ပညာယ အတိရောစထ၊</p>
<p class=""gathalast"">ဥပတိဿော စ မေဓာဝီ, ဖုဿဒေဝေါ မဟာကထီ။</p>
<p class=""gatha1"">ပုနဒေဝ <a name=""V0.0008""></a> သုမနော မေဓာဝီ, ပုပ္ဖနာမော ဗဟုဿုတော၊</p>
<p class=""gathalast"">မဟာကထီ မဟာသိဝေါ, ပိဋကေ သဗ္ဗတ္ထ ကောဝိဒေါ။</p>
<p class=""gatha1"">ပုနဒေဝ ဥပါလိ မေဓာဝီ, ဝိနယေ စ ဝိသာရဒေါ၊</p>
<p class=""gathalast"">မဟာနာဂေါ မဟာပညော, သဒ္ဓမ္မဝံသကောဝိဒေါ။</p>
<p class=""gatha1"">ပုနဒေဝ အဘယော မေဓာဝီ, ပိဋကေ သဗ္ဗတ္ထ ကောဝိဒေါ၊</p>
<p class=""gathalast"">တိဿတ္ထေရော စ မေဓာဝီ, ဝိနယေ စ ဝိသာရဒေါ။</p>
<p class=""gatha1"">တဿ သိဿော မဟာပညော, ပုပ္ဖနာမော ဗဟုဿုတော၊</p>
<p class=""gathalast"">သာသနံ အနုရက္ခန္တော, ဇမ္ဗုဒီပေ ပတိဋ္ဌိတော။</p>
<p class=""gatha1"">စူဠာဘယော စ မေဓာဝီ, ဝိနယေ စ ဝိသာရဒေါ၊</p>
<p class=""gathalast"">တိဿတ္ထေရော စ မေဓာဝီ, သဒ္ဓမ္မဝံသကောဝိဒေါ။</p>
<p class=""gatha1"">စူဠဒေဝေါ စ မေဓာဝီ, ဝိနယေ စ ဝိသာရဒေါ၊</p>
<p class=""gathalast"">သိဝတ္ထေရော စ မေဓာဝီ, ဝိနယေ သဗ္ဗတ္ထ ကောဝိဒေါ။</p>
<p class=""gatha1"">ဧတေ နာဂါ မဟာပညာ, ဝိနယညူ မဂ္ဂကောဝိဒေါ၊</p>
<p class=""gathalast"">ဝိနယံ ဒီပေ ပကာသေသုံ, ပိဋကံ တမ္ဗပဏ္ဏိယာတိ။</p>
<p class=""bodytext""><a name=""para9""></a><a name=""para9_vin5""></a><span class=""paranum"">၉</span>။ ယံ တေန ဘဂဝတာ ဇာနတာ ပဿတာ အရဟတာ သမ္မာသမ္ဗုဒ္ဓေန မာတုဂါမေန သဒ္ဓိံ ကာယသံသဂ္ဂံ သမာပဇ္ဇန္တဿ သံင်္ဃာဒိသေသော ကတ္ထ ပညတ္တောတိ? သာဝတ္ထိယံ ပညတ္တော။ ကံ အာရဗ္ဘာတိ? အာယသ္မန္တံ ဥဒါယိံ</p>
",-9-
1878,mula_vi_05,8,"<p class=""noindentbodytext""> အာရဗ္ဘ<a name=""M0.0008""></a>။ ကိသ္မိံ ဝတ္ထုသ္မိန္တိ? အာယသ္မာ ဥဒါယီ မာတုဂါမေန <a name=""T0.0010""></a> သဒ္ဓိံ ကာယသံသဂ္ဂံ သမာပဇ္ဇိ, တသ္မိံ ဝတ္ထုသ္မိံ။ ဧကာ ပညတ္တိ။ ဆန္နံ အာပတ္တိသမုဋ္ဌာနာနံ ဧကေန သမုဋ္ဌာနေန သမုဋ္ဌာတိ – ကာယတော စ စိတ္တတော စ သမုဋ္ဌာတိ, န ဝါစတော…ပေ…။</p>
<p class=""bodytext""><a name=""para10""></a><a name=""para10_vin5""></a><span class=""paranum"">၁၀</span>။ မာတုဂါမံ ဒုဋ္ဌုလ္လာဟိ ဝါစာဟိ ဩဘာသန္တဿ သံဃာဒိသေသော ကတ္ထ ပညတ္တောတိ? သာဝတ္ထိယံ ပညတ္တော။ ကံ အာရဗ္ဘာတိ? အာယသ္မန္တံ ဥဒါယိံ အာရဗ္ဘ။ ကိသ္မိံ ဝတ္ထုသ္မိန္တိ? အာယသ္မာ <a name=""V0.0009""></a> ဥဒါယီ မာတုဂါမံ ဒုဋ္ဌုလ္လာဟိ ဝါစာဟိ ဩဘာသိ, တသ္မိံ ဝတ္ထုသ္မိံ။ ဧကာ ပညတ္တိ။ ဆန္နံ အာပတ္တိသမုဋ္ဌာနာနံ တီဟိ သမုဋ္ဌာနေဟိ သမုဋ္ဌာတိ – သိယာ ကာယတော စ စိတ္တတော စ သမုဋ္ဌာတိ, န ဝါစတော၊ သိယာ ဝါစတော စ စိတ္တတော စ သမုဋ္ဌာတိ, န ကာယတော၊ သိယာ ကာယတော စ ဝါစတော စ စိတ္တတော စ သမုဋ္ဌာတိ…ပေ…။</p>
<p class=""bodytext""><a name=""para11""></a><a name=""para11_vin5""></a><span class=""paranum"">၁၁</span>။ မာတုဂါမဿ သန္တိကေ အတ္တကာမပါရိစရိယာယ ဝဏ္ဏံ ဘာသန္တဿ သံဃာဒိသေသော ကတ္ထ ပညတ္တောတိ? သာဝတ္ထိယံ ပညတ္တော။ ကံ အာရဗ္ဘာတိ? အာယသ္မန္တံ ဥဒါယိံ အာရဗ္ဘ။ ကိသ္မိံ ဝတ္ထုသ္မိန္တိ? အာယသ္မာ <a name=""T0.0011""></a> ဥဒါယီ မာတုဂါမဿ သန္တိကေ အတ္တကာမပါရိစရိယာယ ဝဏ္ဏံ အဘာသိ, တသ္မိံ ဝတ္ထုသ္မိံ။ ဧကာ ပညတ္တိ။ ဆန္နံ အာပတ္တိသမုဋ္ဌာနာနံ တီဟိ သမုဋ္ဌာနေဟိ သမုဋ္ဌာတိ – သိယာ ကာယတော စ စိတ္တတော စ သမုဋ္ဌာတိ, န ဝါစတော၊ သိယာ ဝါစတော စ စိတ္တတော စ သမုဋ္ဌာတိ, န ကာယတော၊ သိယာ ကာယတော စ ဝါစတော စ စိတ္တတော စ သမုဋ္ဌာတိ…ပေ…။</p>
<p class=""bodytext""><a name=""para12""></a><a name=""para12_vin5""></a><span class=""paranum"">၁၂</span>။ သဉ္စရိတ္တံ သမာပဇ္ဇန္တဿ သံဃာဒိသေသော ကတ္ထ ပညတ္တောတိ? သာဝတ္ထိယံ ပညတ္တော။ ကံ အာရဗ္ဘာတိ? အာယသ္မန္တံ ဥဒါယိံ အာရဗ္ဘ။ ကိသ္မိံ ဝတ္ထုသ္မိန္တိ? အာယသ္မာ ဥဒါယီ သဉ္စရိတ္တံ သမာပဇ္ဇိ, တသ္မိံ ဝတ္ထုသ္မိံ။ ဧကာ ပညတ္တိ, ဧကာ အနုပညတ္တိ။ ဆန္နံ အာပတ္တိသမုဋ္ဌာနာနံ ဆဟိ သမုဋ္ဌာနေဟိ သမုဋ္ဌာတိ – သိယာ ကာယတော သမုဋ္ဌာတိ, န ဝါစတော န စိတ္တတော၊ သိယာ ဝါစတော သမုဋ္ဌာတိ, န ကာယတော န စိတ္တတော၊ သိယာ ကာယတော စ ဝါစတော စ သမုဋ္ဌာတိ, န စိတ္တတော၊ သိယာ ကာယတော စ စိတ္တတော စ သမုဋ္ဌာတိ, န ဝါစတော<a name=""P5.0006""></a>၊ သိယာ ဝါစတော စ စိတ္တတော စ သမုဋ္ဌာတိ, န ကာယတော၊ သိယာ ကာယတော စ ဝါစတော စ စိတ္တတော စ သမုဋ္ဌာတိ…ပေ…။</p>
",-10-11-12-
1879,mula_vi_05,9,"<p class=""bodytext""><a name=""para13""></a><a name=""para13_vin5""></a><span class=""paranum"">၁၃</span>။ သညာစိကာ <a name=""M0.0009""></a> ကုဋိံ ကာရာပေန္တဿ သံဃာဒိသေသော ကတ္ထ ပညတ္တောတိ? အာဠဝိယံ ပညတ္တော။ ကံ အာရဗ္ဘာတိ? အာဠဝကေ ဘိက္ခူ အာရဗ္ဘ။ ကိသ္မိံ ဝတ္ထုသ္မိန္တိ? အာဠဝကာ ဘိက္ခူ သညာစိကာယ ကုဋိယော ကာရာပေသုံ, တသ္မိံ ဝတ္ထုသ္မိံ။ ဧကာ ပညတ္တိ။ ဆန္နံ အာပတ္တိသမုဋ္ဌာနာနံ ဆဟိ သမုဋ္ဌာနေဟိ သမုဋ္ဌာတိ…ပေ…။</p>
<p class=""bodytext""><a name=""para14""></a><a name=""para14_vin5""></a><span class=""paranum"">၁၄</span>။ မဟလ္လကံ ဝိဟာရံ ကာရာပေန္တဿ သံဃာဒိသေသော ကတ္ထ ပညတ္တောတိ? ကောသမ္ဗိယံ ပညတ္တော။ ကံ အာရဗ္ဘာတိ? အာယသ္မန္တံ ဆန္နံ အာရဗ္ဘ။ ကိသ္မိံ ဝတ္ထုသ္မိန္တိ? အာယသ္မာ ဆန္နော ဝိဟာရဝတ္ထုံ သောဓေန္တော အညတရံ စေတိယရုက္ခံ ဆေဒါပေသိ, တသ္မိံ ဝတ္ထုသ္မိံ။ ဧကာ ပညတ္တိ။ ဆန္နံ အာပတ္တိသမုဋ္ဌာနာနံ ဆဟိ သမုဋ္ဌာနေဟိ သမုဋ္ဌာတိ…ပေ…။</p>
<p class=""bodytext""><a name=""para15""></a><a name=""para15_vin5""></a><span class=""paranum"">၁၅</span>။ ဘိက္ခုံ <a name=""V0.0010""></a> အမူလကေန ပါရာဇိကေန ဓမ္မေန အနုဒ္ဓံသေန္တဿ သံဃာဒိသေသော <a name=""T0.0012""></a> ကတ္ထ ပညတ္တောတိ? ရာဇဂဟေ ပညတ္တော။ ကံ အာရဗ္ဘာတိ? မေတ္တိယဘူမဇကေ ဘိက္ခူ အာရဗ္ဘ။ ကိသ္မိံ ဝတ္ထုသ္မိန္တိ? မေတ္တိယဘူမဇကာ ဘိက္ခူ အာယသ္မန္တံ ဒဗ္ဗံ မလ္လပုတ္တံ အမူလကေန ပါရာဇိကေန ဓမ္မေန အနုဒ္ဓံသေသုံ, တသ္မိံ ဝတ္ထုသ္မိံ။ ဧကာ ပညတ္တိ။ ဆန္နံ အာပတ္တိသမုဋ္ဌာနာနံ တီဟိ သမုဋ္ဌာနေဟိ သမုဋ္ဌာတိ…ပေ…။</p>
<p class=""bodytext""><a name=""para16""></a><a name=""para16_vin5""></a><span class=""paranum"">၁၆</span>။ ဘိက္ခုံ အညဘာဂိယဿ အဓိကရဏဿ ကိဉ္စိ ဒေသံ လေသမတ္တံ ဥပါဒါယ ပါရာဇိကေန ဓမ္မေန အနုဒ္ဓံသေန္တဿ သံဃာဒိသေသော ကတ္ထ ပညတ္တောတိ? ရာဇဂဟေ ပညတ္တော။ ကံ အာရဗ္ဘာတိ? မေတ္တိယဘူမဇကေ ဘိက္ခူ အာရဗ္ဘ။ ကိသ္မိံ ဝတ္ထုသ္မိန္တိ? မေတ္တိယဘူမဇကာ ဘိက္ခူ အာယသ္မန္တံ ဒဗ္ဗံ မလ္လပုတ္တံ အညဘာဂိယဿ အဓိကရဏဿ ကိဉ္စိ ဒေသံ လေသမတ္တံ ဥပါဒါယ ပါရာဇိကေန ဓမ္မေန အနုဒ္ဓံသေသုံ, တသ္မိံ ဝတ္ထုသ္မိံ။ ဧကာ ပညတ္တိ။ ဆန္နံ အာပတ္တိသမုဋ္ဌာနာနံ တီဟိ သမုဋ္ဌာနေဟိ သမုဋ္ဌာတိ…ပေ…။</p>
<p class=""bodytext""><a name=""para17""></a><a name=""para17_vin5""></a><span class=""paranum"">၁၇</span>။ သံဃဘေဒကဿ ဘိက္ခုနော ယာဝတတိယံ သမနုဘာသနာယ န ပဋိနိဿဇ္ဇန္တဿ သံဃာဒိသေသော ကတ္ထ ပညတ္တောတိ? ရာဇဂဟေ ပညတ္တော။ ကံ အာရဗ္ဘာတိ? ဒေဝဒတ္တံ အာရဗ္ဘ။ ကိသ္မိံ ဝတ္ထုသ္မိန္တိ? ဒေဝဒတ္တော သမဂ္ဂဿ သံဃဿ ဘေဒါယ ပရက္ကမိ, တသ္မိံ ဝတ္ထုသ္မိံ။ ဧကာ ပညတ္တိ။ ဆန္နံ အာပတ္တိသမုဋ္ဌာနာနံ ဧကေန သမုဋ္ဌာနေန သမုဋ္ဌာတိ – ကာယတော စ ဝါစတော စ စိတ္တတော စ သမုဋ္ဌာတိ…ပေ…။</p>
",-13-14-15-16-17-
1880,mula_vi_05,10,"<p class=""bodytext""><a name=""para18""></a><a name=""para18_vin5""></a><span class=""paranum"">၁၈</span>။ ဘေဒါနုဝတ္တကာနံ <a name=""M0.0010""></a> ဘိက္ခူနံ ယာဝတတိယံ သမနုဘာသနာယ န ပဋိနိဿဇ္ဇန္တာနံ သံဃာဒိသေသော ကတ္ထ ပညတ္တောတိ? ရာဇဂဟေ ပညတ္တော။ ကံ အာရဗ္ဘာတိ? သမ္ဗဟုလေ ဘိက္ခူ အာရဗ္ဘ။ ကိသ္မိံ ဝတ္ထုသ္မိန္တိ? သမ္ဗဟုလာ ဘိက္ခူ ဒေဝဒတ္တဿ သံဃဘေဒါယ ပရက္ကမန္တဿ <a name=""T0.0013""></a> အနုဝတ္တကာ အဟေသုံ ဝဂ္ဂဝါဒကာ, တသ္မိံ ဝတ္ထုသ္မိံ။ ဧကာ ပညတ္တိ။ ဆန္နံ အာပတ္တိသမုဋ္ဌာနာနံ ဧကေန သမုဋ္ဌာနေန သမုဋ္ဌာတိ – ကာယတော စ ဝါစတော စ စိတ္တတော စ သမုဋ္ဌာတိ…ပေ…။</p>
<p class=""bodytext""><a name=""para19""></a><a name=""para19_vin5""></a><span class=""paranum"">၁၉</span>။ ဒုဗ္ဗစဿ ဘိက္ခုနော ယာဝတတိယံ သမနုဘာသနာ <a name=""P5.0007""></a> န ပဋိနိဿဇ္ဇန္တဿ သံဃာဒိသေသော ကတ္ထ ပညတ္တောတိ? ကောသမ္ဗိယံ ပညတ္တော။ ကံ အာရဗ္ဘာတိ? အာယသ္မန္တံ ဆန္နံ အာရဗ္ဘ။ ကိသ္မိံ ဝတ္ထုသ္မိန္တိ? အာယသ္မာ ဆန္နော ဘိက္ခူဟိ သဟဓမ္မိကံ ဝုစ္စမာနော အတ္တာနံ အဝစနီယံ အကာသိ, တသ္မိံ ဝတ္ထုသ္မိံ။ ဧကာ ပညတ္တိ။ ဆန္နံ အာပတ္တိသမုဋ္ဌာနာနံ ဧကေန သမုဋ္ဌာနေန သမုဋ္ဌာတိ – ကာယတော စ ဝါစတော စ စိတ္တတော စ သမုဋ္ဌာတိ…ပေ…။</p>
<p class=""bodytext""><a name=""para20""></a><a name=""para20_vin5""></a><span class=""paranum"">၂၀</span>။ ကုလဒူသကဿ <a name=""V0.0011""></a> ဘိက္ခုနော ယာဝတတိယံ သမနုဘာသနာယ န ပဋိနိဿဇ္ဇန္တဿ သံဃာဒိသေသော ကတ္ထ ပညတ္တောတိ? သာဝတ္ထိယံ ပညတ္တော။ ကံ အာရဗ္ဘာတိ? အဿဇိပုနဗ္ဗသုကေ ဘိက္ခူ အာရဗ္ဘ။ ကိသ္မိံ ဝတ္ထုသ္မိန္တိ? အဿဇိပုနဗ္ဗသုကာ ဘိက္ခူ သံဃေန ပဗ္ဗာဇနီယကမ္မကတာ ဘိက္ခူ ဆန္ဒဂါမိတာ ဒေါသဂါမိတာ မောဟဂါမိတာ ဘယဂါမိတာ ပါပေသုံ, တသ္မိံ ဝတ္ထုသ္မိံ။ ဧကာ ပညတ္တိ။ ဆန္နံ အာပတ္တိသမုဋ္ဌာနာနံ ဧကေန သမုဋ္ဌာနေန သမုဋ္ဌာတိ – ကာယတော စ ဝါစတော စ စိတ္တတော စ သမုဋ္ဌာတိ…ပေ…။</p>
<p class=""centered"">တေရသ သံဃာဒိသေသာ နိဋ္ဌိတာ။</p>
<p class=""centered"">တဿုဒ္ဒါနံ –</p>
<p class=""gatha1"">ဝိဿဋ္ဌိ <a name=""T0.0014""></a> ကာယသံသဂ္ဂံ, ဒုဋ္ဌုလ္လံ အတ္တကာမဉ္စ၊</p>
<p class=""gathalast"">သဉ္စရိတ္တံ ကုဋီ စေဝ, ဝိဟာရော စ အမူလကံ။</p>
<p class=""gatha1"">ကိဉ္စိဒေသဉ္စ ဘေဒေါ စ, တဿေဝ <span class=""note"">[တထေဝ (က။)]</span> အနုဝတ္တကာ၊</p>
<p class=""gathalast"">ဒုဗ္ဗစံ ကုလဒူသဉ္စ, သံဃာဒိသေသာ တေရသာတိ။</p>
",-18-19-20-
1881,mula_vi_05,11,"<p class=""subhead"">၃။ အနိယတကဏ္ဍံ</p>
<p class=""bodytext""><a name=""para21""></a><a name=""para21_vin5""></a><span class=""paranum"">၂၁</span>။ ယံ <a name=""M0.0011""></a> တေန ဘဂဝတာ ဇာနတာ ပဿတာ အရဟတာ သမ္မာသမ္ဗုဒ္ဓေန ပဌမော အနိံယတော ကတ္ထ ပညတ္တော? ကံ အာရဗ္ဘ? ကိသ္မိံ ဝတ္ထုသ္မိံ? အတ္ထိ တတ္ထ ပညတ္တိ, အနုပညတ္တိ, အနုပ္ပန္နပညတ္တိ, သဗ္ဗတ္ထပညတ္တိ ပဒေသပညတ္တိ, သာဓာရဏပညတ္တိ အသာဓာရဏပညတ္တိ, ဧကတောပညတ္တိ ဥဘတောပညတ္တိ, ပဉ္စန္နံ ပါတိမောက္ခုဒ္ဒေသာနံ ကတ္ထောဂဓံ ကတ္ထ ပရိယာပန္နံ, ကတမေန ဥဒ္ဒေသေန ဥဒ္ဒေသံ အာဂစ္ဆတိ, စတုန္နံ ဝိပတ္တီနံ ကတမာ ဝိပတ္တိ, သတ္တန္နံ အာပတ္တိက္ခန္ဓာနံ ကတမော အာပတ္တိက္ခန္ဓော, ဆန္နံ အာပတ္တိသမုဋ္ဌာနာနံ ကတိဟိ သမုဋ္ဌာနေဟိ သမုဋ္ဌာတိ, စတုန္နံ အဓိကရဏာနံ ကတမံ အဓိကရဏံ, သတ္တန္နံ သမထာနံ ကတိဟိ သမထေဟိ သမ္မတိ, ကော တတ္ထ ဝိနယော, ကော တတ္ထ အဘိဝိနယော, ကိံ တတ္ထ ပါတိမောက္ခံ, ကိံ တတ္ထ အဓိပါတိမောက္ခံ, ကာ ဝိပတ္တိ, ကာ သမ္ပတ္တိ, ကာ ပဋိပတ္တိ, ကတိ အတ္ထဝသေ ပဋိစ္စ ဘဂဝတာ ပဌမော အနိယတော ပညတ္တော, ကေ <a name=""T0.0015""></a> သိက္ခန္တိ, ကေ သိက္ခိတသိက္ခာ, ကတ္ထ ဌိတံ, ကေ ဓာရေန္တိ, ကဿ ဝစနံ ကေနာဘတန္တိ။</p>
<p class=""bodytext""><a name=""para22""></a><a name=""para22_vin5""></a><span class=""paranum"">၂၂</span>။ ယံ တေန ဘဂဝတာ ဇာနတာ ပဿတာ အရဟတာ သမ္မာသမ္ဗုဒ္ဓေန ပဌမော အနိယတော ကတ္ထ <a name=""V0.0012""></a> ပညတ္တောတိ? သာဝတ္ထိယံ ပညတ္တော။ ကံ အာရဗ္ဘာတိ? အာယသ္မန္တံ ဥဒါယိံ အာရဗ္ဘ။ ကိသ္မိံ ဝတ္ထုသ္မိန္တိ? အာယသ္မာ ဥဒါယီ မာတုဂါမေန သဒ္ဓိံ ဧကော ဧကာယ ရဟော ပဋိစ္ဆန္နေ အာသနေ အလင်္ကမ္မနိယေ နိသဇ္ဇံ ကပ္ပေသိ, တသ္မိံ ဝတ္ထုသ္မိံ။ အတ္ထိ တတ္ထ ပညတ္တိ, အနုပညတ္တိ, အနုပ္ပန္နပညတ္တီတိ? ဧကာ ပညတ္တိ။ အနုပညတ္တိ အနုပ္ပန္နပညတ္တိ တသ္မိံ နတ္ထိ။ သဗ္ဗတ္ထပညတ္တိ, ပဒေသပညတ္တီတိ? သဗ္ဗတ္ထပညတ္တိ။ သာဓာရဏပညတ္တိ, အသာဓာရဏပညတ္တီတိ? အသာဓာရဏပညတ္တိ။ ဧကတောပညတ္တိ, ဥဘတောပညတ္တီတိ? ဧကတောပညတ္တိ။ ပဉ္စန္နံ ပါတိမောက္ခုဒ္ဒေသာနံ ကတ္ထောဂဓံ ကတ္ထ ပရိယာပန္နန္တိ? နိဒါနောဂဓံ နိဒါနပရိယာပန္နံ။ ကတမေန ဥဒ္ဒေသေန ဥဒ္ဒေသံ အာဂစ္ဆတီတိ? စတုတ္ထေန ဥဒ္ဒေသေန ဥဒ္ဒေသံ အာဂစ္ဆတိ။ စတုန္နံ ဝိပတ္တီနံ ကတမာ ဝိပတ္တီတိ? သိယာ သီလဝိပတ္တိ သိယာ အာစာရဝိပတ္တိ။ သတ္တန္နံ အာပတ္တိက္ခန္ဓာနံ ကတမော အာပတ္တိက္ခန္ဓောတိ? သိယာ ပါရာဇိကာပတ္တိက္ခန္ဓော သိယာ သံဃာဒိသေသာပတ္တိက္ခန္ဓော သိယာ ပါစိတ္တိယာပတ္တိက္ခန္ဓော။ ဆန္နံ အာပတ္တိသမုဋ္ဌာနာနံ ကတိဟိ သမုဋ္ဌာနေဟိ သမုဋ္ဌာတီတိ?</p>
",-21-22-
1882,mula_vi_05,12,"<p class=""noindentbodytext""> ဧကေ<a name=""M0.0012""></a> သမုဋ္ဌာနေန သမုဋ္ဌာတိ – ကာယတော စ <a name=""T0.0016""></a> စိတ္တတော စ သမုဋ္ဌာတိ, န ဝါစတော။ စတုန္နံ အဓိကရဏာနံ ကတမံ အဓိကရဏန္တိ? အာပတ္တာဓိကရဏံ။ သတ္တန္နံ သမထာနံ ကတိဟိ သမထေဟိ သမ္မတီတိ? တီဟိ သမထေဟိ သမ္မတိ – သိယာ သမ္မုခါဝိနယေန စ ပဋိညာတကရဏေန စ, သိယာ သမ္မုခါဝိနယေန စ တိဏဝတ္ထာရကေန စ။ ကော တတ္ထ ဝိနယော, ကော တတ္ထ အဘိဝိနယောတိ? ပညတ္တိ ဝိနယော, ဝိဘတ္တိ အဘိဝိနယော။ ကိံ တတ္ထ ပါတိမောက္ခံ, ကိံ တတ္ထ အဓိပါတိမောက္ခန္တိ? ပညတ္တိ ပါတိမောက္ခံ, ဝိဘတ္တိ အဓိပါတိမောက္ခံ။ ကာ ဝိပတ္တီတိ? အသံဝရော ဝိပတ္တိ။ ကာ သမ္ပတ္တီတိ? သံဝရော သမ္ပတ္တိ။ ကာ ပဋိပတ္တီတိ? န ဧဝရူပံ ကရိဿာမီတိ ယာဝဇီဝံ အာပါဏကောဋိကံ သမာဒါယ သိက္ခတိ သိက္ခာပဒေသု။ <span class=""note"">[အ။ နိ။ ၁၀။၃၁]</span> ကတိ အတ္ထဝသေ ပဋိစ္စ ဘဂဝတာ ပဌမော အနိယတော ပညတ္တောတိ<a name=""P5.0008""></a>? ဒသ အတ္ထဝသေ ပဋိစ္စ ဘဂဝတာ ပဌမော အနိယတော ပညတ္တော – သံဃသုဋ္ဌုတာယ, သံဃဖာသုတာယ, ဒုမ္မင်္ကူနံ ပုဂ္ဂလာနံ နိဂ္ဂဟာယ, ပေသလာနံ ဘိက္ခူနံ ဖာသုဝိဟာရာယ, ဒိဋ္ဌဓမ္မိကာနံ အာသဝါနံ သံဝရာယ, သမ္ပရာယိကာနံ အာသဝါနံ ပဋိဃာတာယ, အပ္ပသန္နာနံ ပသာဒါယ, ပသန္နာနံ ဘိယျောဘာဝါယ, သဒ္ဓမ္မဋ္ဌိတိယာ, ဝိနယာနုဂ္ဂဟာယ။ ကေ သိက္ခန္တီတိ? သေက္ခာ စ ပုထုဇ္ဇနကလျာဏကာ စ သိက္ခန္တိ။ ကေ သိက္ခိတသိက္ခာတိ? အရဟန္တော သိက္ခိတသိက္ခာ။ ကတ္ထ ဌိတန္တိ? သိက္ခာကာမေသု ဌိတံ။ ကေ ဓာရေန္တီတိ? ယေသံ ဝတ္တတိ တေ ဓာရေန္တိ။ ကဿ ဝစနန္တိ? ဘဂဝတော ဝစနံ အရဟတော သမ္မာသမ္ဗုဒ္ဓဿ။ ကေနာဘတန္တိ? ပရမ္ပရာဘတံ –</p>
<p class=""gatha1"">ဥပါလိ <a name=""T0.0017""></a> ဒါသကော စေဝ, သောဏကော သိဂ္ဂဝေါ တထာ၊</p>
<p class=""gathalast"">မောဂ္ဂလိပုတ္တေန ပဉ္စမာ, ဧတေ ဇမ္ဗုသိရိဝှယေ။</p>
<p class=""gatha1"">တတော <a name=""V0.0013""></a> မဟိန္ဒော ဣဋ္ဋိယော, ဥတ္တိယော သမ္ဗလော တထာ၊</p>
<p class=""gathalast"">ဘဒ္ဒနာမော စ ပဏ္ဍိတော။</p>
<p class=""gatha1"">ဧတေ နာဂါ မဟာပညာ, ဇမ္ဗုဒီပါ ဣဓာဂတာ၊</p>
<p class=""gathalast"">ဝိနယံ တေ ဝါစယိံသု, ပိဋကံ တမ္ဗပဏ္ဏိယာ။</p>
<p class=""gatha1"">နိကာယေ ပဉ္စ ဝါစေသုံ, သတ္တ စေဝ ပကရဏေ၊</p>
<p class=""gathalast"">တတော အရိဋ္ဌော မေဓာဝီ, တိဿဒတ္တော စ ပဏ္ဍိတော။</p>
<p class=""gatha1"">ဝိသာရဒေါ ကာဠသုမနော, ထေရော စ ဒီဃနာမကော၊</p>
<p class=""gathalast"">ဒီဃသုမနော စ ပဏ္ဍိတော။</p>
",
1883,mula_vi_05,13,"<p class=""gatha1"">ပုနဒေဝ <a name=""M0.0013""></a> ကာဠသုမနော, နာဂတ္ထေရော စ ဗုဒ္ဓရက္ခိတော၊</p>
<p class=""gathalast"">တိဿတ္ထေရော စ မေဓာဝီ, ဒေဝတ္ထေရော စ ပဏ္ဍိတော။</p>
<p class=""gatha1"">ပုနဒေဝ သုမနော မေဓာဝီ, ဝိနယေ စ ဝိသာရဒေါ၊</p>
<p class=""gathalast"">ဗဟုဿုတော စူဠနာဂေါ, ဂဇောဝ ဒုပ္ပဓံသိယော။</p>
<p class=""gatha1"">ဓမ္မပါလိတနာမော စ, ရောဟဏေ သာဓုပူဇိတော၊</p>
<p class=""gathalast"">တဿ သိဿော မဟာပညော, ခေမနာမော တိပေဋကော။</p>
<p class=""gatha1"">ဒီပေ တာရကရာဇာဝ ပညာယ အတိရောစထ၊</p>
<p class=""gathalast"">ဥပတိဿော စ မေဓာဝီ, ဖုဿဒေဝေါ မဟာကထီ။</p>
<p class=""gatha1"">ပုနဒေဝ သုမနော မေဓာဝီ, ပုပ္ဖနာမော ဗဟုဿုတော၊</p>
<p class=""gathalast"">မဟာကထီ မဟာသိဝေါ, ပိဋကေ သဗ္ဗတ္ထ ကောဝိဒေါ။</p>
<p class=""gatha1"">ပုနဒေဝ ဥပါလိ မေဓာဝီ, ဝိနယေ စ ဝိသာရဒေါ၊</p>
<p class=""gathalast"">မဟာနာဂေါ မဟာပညော, သဒ္ဓမ္မဝံသကောဝိဒေါ။</p>
<p class=""gatha1"">ပုနဒေဝ <a name=""V0.0014""></a> အဘယော မေဓာဝီ, ပိဋကေ သဗ္ဗတ္ထ ကောဝိဒေါ၊</p>
<p class=""gathalast"">တိဿတ္ထေရော စ မေဓာဝီ, ဝိနယေ စ ဝိသာရဒေါ။</p>
<p class=""gatha1"">တဿ သိဿော မဟာပညော, ပုပ္ဖနာမော ဗဟုဿုတော၊</p>
<p class=""gathalast"">သာသနံ အနုရက္ခန္တော, ဇမ္ဗုဒီပေ ပတိဋ္ဌိတော။</p>
<p class=""gatha1"">စူဠာဘယော စ မေဓာဝီ, ဝိနယေ စ ဝိသာရဒေါ၊</p>
<p class=""gathalast"">တိဿတ္ထေရော စ မေဓာဝီ, သဒ္ဓမ္မဝံသကောဝိဒေါ။</p>
<p class=""gatha1"">စူဠဒေဝေါ စ မေဓာဝီ, ဝိနယေ စ ဝိသာရဒေါ၊</p>
<p class=""gathalast"">သိဝတ္ထေရော စ မေဓာဝီ, ဝိနယေ သဗ္ဗတ္ထ ကောဝိဒေါ။</p>
<p class=""gatha1"">ဧတေ နာဂါ မဟာပညာ, ဝိနယညူ မဂ္ဂကောဝိဒါ၊</p>
<p class=""gathalast"">ဝိနယံ ဒီပေ ပကာသေသုံ, ပိဋကံ တမ္ဗပဏ္ဏိယာတိ။</p>
<p class=""bodytext""><a name=""para23""></a><a name=""para23_vin5""></a><span class=""paranum"">၂၃</span>။ ယံ တေန ဘဂဝတာ ဇာနတာ ပဿတာ အရဟတာ သမ္မာသမ္ဗုဒ္ဓေန ဒုတိယော အနိယတော ကတ္ထ ပညတ္တောတိ? သာဝတ္ထိယံ ပညတ္တော။ ကံ အာရဗ္ဘာတိ? အာယသ္မန္တံ ဥဒါယိံ အာရဗ္ဘ။ ကိသ္မိံ ဝတ္ထုသ္မိန္တိ? အာယသ္မာ ဥဒါယီ မာတုဂါမေန သဒ္ဓိံ ဧကော ဧကာယ ရဟော နိသဇ္ဇံ ကပ္ပေသိ, တသ္မိံ ဝတ္ထုသ္မိံ။ အတ္ထိ တတ္ထ ပညတ္တိ, အနုပညတ္တိ အနုပ္ပန္နပညတ္တီတိ? ဧကာ ပညတ္တိ။</p>
",-23-
1884,mula_vi_05,14,"<p class=""noindentbodytext""> အနုပညတ္တိ<a name=""M0.0014""></a> အနုပ္ပန္နပညတ္တိ တသ္မိံ နတ္ထိ။ သဗ္ဗတ္ထပညတ္တိ, ပဒေသပညတ္တီတိ? သဗ္ဗတ္ထပညတ္တိ။ သာဓာရဏပညတ္တိ အသာဓာရဏပညတ္တီတိ? အသာဓာရဏပညတ္တိ။ ဧကတောပညတ္တိ ဥဘတောပညတ္တီတိ? ဧကတောပညတ္တိ။ ပဉ္စန္နံ ပါတိမောက္ခုဒ္ဒေသာနံ ကတ္ထောဂဓံ ကတ္ထ ပရိယာပန္နန္တိ? နိဒါနောဂဓံ နိဒါနပရိယာပန္နံ။ ကတမေန ဥဒ္ဒေသေန ဥဒ္ဒေသံ အာဂစ္ဆတီတိ? စတုတ္ထေန ဥဒ္ဒေသေန ဥဒ္ဒေသံ အာဂစ္ဆတိ။ စတုန္နံ ဝိပတ္တီနံ ကတမာ ဝိပတ္တီတိ? သိယာ သီလဝိပတ္တိ, သိယာ အာစာရဝိပတ္တိ။ သတ္တန္နံ အာပတ္တိက္ခန္ဓာနံ ကတမော အာပတ္တိက္ခန္ဓောတိ? သိယာ <a name=""T0.0018""></a> သံဃာဒိသေသာပတ္တိက္ခန္ဓော, သိယာ ပါစိတ္တိယာပတ္တိက္ခန္ဓော။ ဆန္နံ အာပတ္တိသမုဋ္ဌာနာနံ ကတိဟိ သမုဋ္ဌာနေဟိ သမုဋ္ဌာတီတိ? တီဟိ သမုဋ္ဌာနေဟိ သမုဋ္ဌာတိ – သိယာ ကာယတော စ စိတ္တတော စ သမုဋ္ဌာတိ, န ဝါစတော၊ သိယာ ဝါစတော စ စိတ္တတော စ သမုဋ္ဌာတိ, န ကာယတော၊ သိယာ ကာယတော စ ဝါစတော စ စိတ္တတော စ သမုဋ္ဌာတိ။ စတုန္နံ အဓိကရဏာနံ ကတမံ အဓိကရဏန္တိ? အာပတ္တာဓိကရဏံ။ သတ္တန္နံ သမထာနံ ကတိဟိ သမထေဟိ သမ္မတီတိ? တီဟိ သမထေဟိ သမ္မတိ – သိယာ <a name=""V0.0015""></a> သမ္မုခါဝိနယေန စ ပဋိညာတကရဏေန စ, သိယာ သမ္မုခါဝိနယေန စ တိဏဝတ္ထာရကေန စ…ပေ…။</p>
<p class=""centered"">ဒွေ အနိယတာ နိဋ္ဌိတာ။</p>
<p class=""centered"">တဿုဒ္ဒါနံ –</p>
<p class=""gatha1"">အလင်္ကမ္မနိယဉ္စေဝ, တထေဝ စ န ဟေဝ ခေါ၊</p>
<p class=""gathalast"">အနိယတာ သုပညတ္တာ, ဗုဒ္ဓသေဋ္ဌေန တာဒိနာတိ။</p>
<p class=""subhead"">၄။ နိဿဂ္ဂိယကဏ္ဍံ</p>
<p class=""subhead"">၁။ ကထိနဝဂ္ဂေါ</p>
<p class=""bodytext""><a name=""para24""></a><a name=""para24_vin5""></a><span class=""paranum"">၂၄</span>။ ယံ တေန ဘဂဝတာ ဇာနတာ ပဿတာ အရဟတာ သမ္မာသမ္ဗုဒ္ဓေန အတိရေကစီဝရံ ဒသာဟံ အတိက္ကာမေန္တဿ နိဿဂ္ဂိယံ ပါစိတ္တိယံ ကတ္ထ ပညတ္တန္တိ? ဝေသာလိယံ ပညတ္တံ။ ကံ အာရဗ္ဘာတိ? ဆဗ္ဗဂ္ဂိယေ ဘိက္ခူ အာရဗ္ဘ။ ကိသ္မိံ ဝတ္ထုသ္မိန္တိ? ဆဗ္ဗဂ္ဂိယာ ဘိက္ခူ အတိရေကစီဝရံ ဓာရေသုံ, တသ္မိံ ဝတ္ထုသ္မိံ။ ဧကာ ပညတ္တိ, ဧကာ အနုပညတ္တိ။ ဆန္နံ အာပတ္တိသမုဋ္ဌာနာနံ ဒွီဟိ</p>
",-24-
1885,mula_vi_05,15,"<p class=""noindentbodytext""> သမုဋ္ဌာနေဟိ<a name=""M0.0015""></a> သမုဋ္ဌာတိ <a name=""T0.0019""></a> – သိယာ ကာယတော စ ဝါစတော စ သမုဋ္ဌာတိ, န စိတ္တတော၊ သိယာ ကာယတော စ ဝါစတော စ စိတ္တတော စ သမုဋ္ဌာတိ…ပေ…။</p>
<p class=""bodytext""><a name=""para25""></a><a name=""para25_vin5""></a><span class=""paranum"">၂၅</span>။ ဧကရတ္တံ တိစီဝရေန ဝိပ္ပဝသန္တဿ နိဿဂ္ဂိယံ ပါစိတ္တိယံ ကတ္ထ ပညတ္တန္တိ? သာဝတ္ထိယံ ပညတ္တံ။ ကံ အာရဗ္ဘာတိ? သမ္ဗဟုလေ ဘိက္ခူ အာရဗ္ဘ။ ကိသ္မိံ ဝတ္ထုသ္မိန္တိ? သမ္ဗဟုလာ ဘိက္ခူ ဘိက္ခူနံ ဟတ္ထေ စီဝရံ နိက္ခိပိတွာ သန္တရုတ္တရေန ဇနပဒစာရိကံ ပက္ကမိံသု, တသ္မိံ ဝတ္ထုသ္မိံ။ ဧကာ ပညတ္တိ, ဧကာ အနုပညတ္တိ။ ဆန္နံ အာပတ္တိသမုဋ္ဌာနာနံ ဒွီဟိ သမုဋ္ဌာနေဟိ သမုဋ္ဌာတိ – သိယာ ကာယတော စ ဝါစတော စ သမုဋ္ဌာတိ, န စိတ္တတော၊ သိယာ ကာယတော စ ဝါစတော စ စိတ္တတော စ သမုဋ္ဌာတိ…ပေ…။</p>
<p class=""bodytext""><a name=""para26""></a><a name=""para26_vin5""></a><span class=""paranum"">၂၆</span>။ အကာလစီဝရံ ပဋိဂ္ဂဟေတွာ မာသံ အတိက္ကာမေန္တဿ နိဿဂ္ဂိယံ ပါစိတ္တိယံ ကတ္ထ ပညတ္တန္တိ? သာဝတ္ထိယံ ပညတ္တံ။ ကံ အာရဗ္ဘာတိ? သမ္ဗဟုလေ ဘိက္ခူ အာရဗ္ဘ။ ကိသ္မိံ ဝတ္ထုသ္မိန္တိ? သမ္ဗဟုလာ ဘိက္ခူ အကာလစီဝရံ ပဋိဂ္ဂဟေတွာ မာသံ အတိက္ကာမေသုံ, တသ္မိံ ဝတ္ထုသ္မိံ။ ဧကာ ပညတ္တိ<a name=""V0.0016""></a>, ဧကာ အနုပညတ္တိ။ ဆန္နံ အာပတ္တိသမုဋ္ဌာနာနံ ဒွီဟိ သမုဋ္ဌာနေဟိ သမုဋ္ဌာတိ – သိယာ ကာယတော စ ဝါစတော စ သမုဋ္ဌာတိ, န စိတ္တတော၊ သိယာ ကာယတော စ ဝါစတော စ စိတ္တတော စ သမုဋ္ဌာတိ…ပေ…။</p>
<p class=""bodytext""><a name=""para27""></a><a name=""para27_vin5""></a><span class=""paranum"">၂၇</span>။ အညာတိကာယ ဘိက္ခုနိယာ ပုရာဏစီဝရံ ဓောဝါပေန္တဿ <a name=""P5.0009""></a> နိဿဂ္ဂိယံ ပါစိတ္တိယံ ကတ္ထ ပညတ္တန္တိ? သာဝတ္ထိယံ ပညတ္တံ။ ကံ အာရဗ္ဘာတိ? အာယသ္မန္တံ ဥဒါယိံ အာရဗ္ဘ။ ကိသ္မိံ ဝတ္ထုသ္မိန္တိ? အာယသ္မာ <a name=""T0.0020""></a> ဥဒါယီ အညာတိကာယ ဘိက္ခုနိယာ ပုရာဏစီဝရံ ဓောဝါပေသိ, တသ္မိံ ဝတ္ထုသ္မိံ။ ဧကာ ပညတ္တိ။ ဆန္နံ အာပတ္တိသမုဋ္ဌာနာနံ ဆဟိ သမုဋ္ဌာနေဟိ သမုဋ္ဌာတိ…ပေ…။</p>
<p class=""bodytext""><a name=""para28""></a><a name=""para28_vin5""></a><span class=""paranum"">၂၈</span>။ အညာတိကာယ ဘိက္ခုနိယာ ဟတ္ထတော စီဝရံ ပဋိဂ္ဂဏှန္တဿ နိဿဂ္ဂိယံ ပါစိတ္တိယံ ကတ္ထ ပညတ္တန္တိ? ရာဇဂဟေ ပညတ္တံ။ ကံ အာရဗ္ဘာတိ? အာယသ္မန္တံ ဥဒါယိံ အာရဗ္ဘ။ ကိသ္မိံ ဝတ္ထုသ္မိန္တိ? အာယသ္မာ ဥဒါယီ အညာတိကာယ ဘိက္ခုနိယာ ဟတ္ထတော စီဝရံ ပဋိဂ္ဂဟေသိ, တသ္မိံ ဝတ္ထုသ္မိံ။ ဧကာ ပညတ္တိ ဧကာ အနုပညတ္တိ။ ဆန္နံ အာပတ္တိသမုဋ္ဌာနာနံ ဆဟိ သမုဋ္ဌာနေဟိ သမုဋ္ဌာတိ…ပေ…။</p>
",-25-26-27-28-
1886,mula_vi_05,16,"<p class=""bodytext""><a name=""para29""></a><a name=""para29_vin5""></a><span class=""paranum"">၂၉</span>။ အညာတကံ <a name=""M0.0016""></a> ဂဟပတိံ ဝါ ဂဟပတာနိံ ဝါ စီဝရံ ဝိညာပေန္တဿ နိဿဂ္ဂိယံ ပါစိတ္တိယံ ကတ္ထ ပညတ္တန္တိ? သာဝတ္ထိယံ ပညတ္တံ။ ကံ အာရဗ္ဘာတိ? အာယသ္မန္တံ ဥပနန္ဒံ သကျပုတ္တံ အာရဗ္ဘ။ ကိသ္မိံ ဝတ္ထုသ္မိန္တိ? အာယသ္မာ ဥပနန္ဒော သကျပုတ္တော အညာတကံ သေဋ္ဌိပုတ္တံ စီဝရံ ဝိညာပေသိ, တသ္မိံ ဝတ္ထုသ္မိံ။ ဧကာ ပညတ္တိ ဧကာ အနုပညတ္တိ။ ဆန္နံ အာပတ္တိသမုဋ္ဌာနာနံ ဆဟိ သမုဋ္ဌာနေဟိ သမုဋ္ဌာတိ…ပေ…။</p>
<p class=""bodytext""><a name=""para30""></a><a name=""para30_vin5""></a><span class=""paranum"">၃၀</span>။ အညာတကံ ဂဟပတိံ ဝါ ဂဟပတာနိံ ဝါ တတုတ္တရိ စီဝရံ ဝိညာပေန္တဿ နိဿဂ္ဂိယံ ပါစိတ္တိယံ ကတ္ထ ပညတ္တန္တိ? သာဝတ္ထိယံ ပညတ္တံ။ ကံ အာရဗ္ဘာတိ? ဆဗ္ဗဂ္ဂိယေ ဘိက္ခူ အာရဗ္ဘ။ ကိသ္မိံ ဝတ္ထုသ္မိန္တိ? ဆဗ္ဗဂ္ဂိယာ ဘိက္ခူ န မတ္တံ ဇာနိတွာ ဗဟုံ စီဝရံ <a name=""T0.0021""></a> ဝိညာပေသုံ, တသ္မိံ ဝတ္ထုသ္မိံ။ ဧကာ ပညတ္တိ။ ဆန္နံ အာပတ္တိသမုဋ္ဌာနာနံ ဆဟိ သမုဋ္ဌာနေဟိ သမုဋ္ဌာတိ…ပေ…။</p>
<p class=""bodytext""><a name=""para31""></a><a name=""para31_vin5""></a><span class=""paranum"">၃၁</span>။ ပုဗ္ဗေ အပ္ပဝါရိတဿ အညာတကံ ဂဟပတိကံ ဥပသင်္ကမိတွာ စီဝရေ ဝိကပ္ပံ အာပဇ္ဇန္တဿ နိဿဂ္ဂိယံ ပါစိတ္တိယံ ကတ္ထ ပညတ္တန္တိ? သာဝတ္ထိယံ ပညတ္တံ။ ကံ အာရဗ္ဘာတိ? အာယသ္မန္တံ ဥပနန္ဒံ သကျပုတ္တံ အာရဗ္ဘ။ ကိသ္မိံ ဝတ္ထုသ္မိန္တိ? အာယသ္မာ ဥပနန္ဒော <a name=""V0.0017""></a> သကျပုတ္တော ပုဗ္ဗေ အပ္ပဝါရိတော အညာတကံ ဂဟပတိကံ ဥပသင်္ကမိတွာ စီဝရေ ဝိကပ္ပံ အာပဇ္ဇိ, တသ္မိံ ဝတ္ထုသ္မိံ။ ဧကာ ပညတ္တိ။ ဆန္နံ အာပတ္တိသမုဋ္ဌာနာနံ ဆဟိ သမုဋ္ဌာနေဟိ သမုဋ္ဌာတိ…ပေ…။</p>
<p class=""bodytext""><a name=""para32""></a><a name=""para32_vin5""></a><span class=""paranum"">၃၂</span>။ ပုဗ္ဗေ အပ္ပဝါရိတဿ အညာတကေ ဂဟပတိကေ ဥပသင်္ကမိတွာ စီဝရေ ဝိကပ္ပံ အာပဇ္ဇန္တဿ နိဿဂ္ဂိယံ ပါစိတ္တိယံ ကတ္ထ ပညတ္တန္တိ? သာဝတ္ထိယံ ပညတ္တံ။ ကံ အာရဗ္ဘာတိ? အာယသ္မန္တံ ဥပနန္ဒံ သကျပုတ္တံ အာရဗ္ဘ။ ကိသ္မိံ ဝတ္ထုသ္မိန္တိ? အာယသ္မာ ဥပနန္ဒော သကျပုတ္တော ပုဗ္ဗေ အပ္ပဝါရိတော အညာတကေ ဂဟပတိကေ ဥပသင်္ကမိတွာ စီဝရေ ဝိကပ္ပံ အာပဇ္ဇိ, တသ္မိံ ဝတ္ထုသ္မိံ။ ဧကာ ပညတ္တိ။ ဆန္နံ အာပတ္တိသမုဋ္ဌာနာနံ ဆဟိ သမုဋ္ဌာနေဟိ သမုဋ္ဌာတိ…ပေ…။</p>
<p class=""bodytext""><a name=""para33""></a><a name=""para33_vin5""></a><span class=""paranum"">၃၃</span>။ အတိရေကတိက္ခတ္တုံ စောဒနာယ အတိရေကဆက္ခတ္တုံ ဌာနေန စီဝရံ အဘိနိပ္ဖါဒေန္တဿ နိဿဂ္ဂိယံ ပါစိတ္တိယံ ကတ္ထ ပညတ္တန္တိ? သာဝတ္ထိယံ <a name=""T0.0022""></a><a name=""P5.0010""></a> ပညတ္တံ။ ကံ အာရဗ္ဘာတိ? အာယသ္မန္တံ ဥပနန္ဒံ သကျပုတ္တံ အာရဗ္ဘ။ ကိသ္မိံ ဝတ္ထုသ္မိန္တိ? အာယသ္မာ ဥပနန္ဒော သကျပုတ္တော ဥပါသကေန – ‘‘အဇ္ဇဏှော, ဘန္တေ,</p>
",-29-30-31-32-33-
1887,mula_vi_05,17,"<p class=""noindentbodytext""> အာဂမေဟီ’’တိ<a name=""M0.0017""></a> ဝုစ္စမာနော နာဂမေသိ, တသ္မိံ ဝတ္ထုသ္မိံ။ ဧကာ ပညတ္တိ။ ဆန္နံ အာပတ္တိသမုဋ္ဌာနာနံ ဆဟိ သမုဋ္ဌာနေဟိ သမုဋ္ဌာတိ…ပေ…။</p>
<p class=""centered"">ကထိနဝဂ္ဂေါ ပဌမော။</p>
<p class=""subhead"">၂။ ကောသိယဝဂ္ဂေါ</p>
<p class=""bodytext""><a name=""para34""></a><a name=""para34_vin5""></a><span class=""paranum"">၃၄</span>။ ကောသိယမိဿကံ သန္ထတံ ကာရာပေန္တဿ နိဿဂ္ဂိယံ ပါစိတ္တိယံ ကတ္ထ ပညတ္တန္တိ? အာဠဝိယံ ပညတ္တံ။ ကံ အာရဗ္ဘာတိ? ဆဗ္ဗဂ္ဂိယေ ဘိက္ခူ အာရဗ္ဘ။ ကိသ္မိံ ဝတ္ထုသ္မိန္တိ? ဆဗ္ဗဂ္ဂိယာ ဘိက္ခူ ကောသိယကာရကေ ဥပသင်္ကမိတွာ ဧဝမာဟံသု ‘‘ဗဟူ, အာဝုသော, ကောသကာရကေ ပစထ။ အမှာကမ္ပိ ဒဿထ။ မယမ္ပိ ဣစ္ဆာမ ကောသိယမိဿကံ သန္ထတံ ကာတု’’န္တိ, တသ္မိံ ဝတ္ထုသ္မိံ။ ဧကာ ပညတ္တိ။ ဆန္နံ အာပတ္တိသမုဋ္ဌာနာနံ ဆဟိ သမုဋ္ဌာနေဟိ သမုဋ္ဌာတိ…ပေ…။</p>
<p class=""bodytext""><a name=""para35""></a><a name=""para35_vin5""></a><span class=""paranum"">၃၅</span>။ သုဒ္ဓကာဠကာနံ ဧဠကလောမာနံ သန္ထတံ ကာရာပေန္တဿ နိဿဂ္ဂိယံ ပါစိတ္တိယံ ကတ္ထ ပညတ္တန္တိ? ဝေသာလိယံ ပညတ္တံ။ ကံ အာရဗ္ဘာတိ<a name=""T0.0023""></a>? ဆဗ္ဗဂ္ဂိယေ ဘိက္ခူ အာရဗ္ဘ။ ကိသ္မိံ ဝတ္ထုသ္မိန္တိ? ဆဗ္ဗဂ္ဂိယာ ဘိက္ခူ သုဒ္ဓကာဠကာနံ ဧဠကလောမာနံ သန္ထတံ ကာရာပေသုံ, တသ္မိံ ဝတ္ထုသ္မိံ။ ဧကာ ပညတ္တိ။ ဆန္နံ အာပတ္တိသမုဋ္ဌာနာနံ ဆဟိ သမုဋ္ဌာနေဟိ သမုဋ္ဌာတိ…ပေ…။</p>
<p class=""bodytext""><a name=""para36""></a><a name=""para36_vin5""></a><span class=""paranum"">၃၆</span>။ အနာဒိယိတွာ <a name=""V0.0018""></a> တုလံ ဩဒါတာနံ တုလံ ဂေါစရိယာနံ နဝံ သန္ထတံ ကာရာပေန္တဿ နိဿဂ္ဂိယံ ပါစိတ္တိယံ ကတ္ထ ပညတ္တန္တိ? သာဝတ္ထိယံ ပညတ္တံ။ ကံ အာရဗ္ဘာတိ? ဆဗ္ဗဂ္ဂိယေ ဘိက္ခူ အာရဗ္ဘ။ ကိသ္မိံ ဝတ္ထုသ္မိန္တိ? ဆဗ္ဗဂ္ဂိယာ ဘိက္ခူ ထောကညေဝ ဩဒါတံ အန္တေ <span class=""note"">[ဩဒါတာနံ အန္တေ အန္တေ (သီ။), ဩဒါတာနံ အန္တေ (သျာ။)]</span> အာဒိယိတွာ တထေဝ သုဒ္ဓကာဠကာနံ ဧဠကလောမာနံ သန္ထတံ ကာရာပေသုံ, တသ္မိံ ဝတ္ထုသ္မိံ။ ဧကာ ပညတ္တိ။ ဆန္နံ အာပတ္တိသမုဋ္ဌာနာနံ ဆဟိ သမုဋ္ဌာနေဟိ သမုဋ္ဌာတိ…ပေ…။</p>
<p class=""bodytext""><a name=""para37""></a><a name=""para37_vin5""></a><span class=""paranum"">၃၇</span>။ အနုဝဿံ သန္ထတံ ကာရာပေန္တဿ နိဿဂ္ဂိယံ ပါစိတ္တိယံ ကတ္ထ ပညတ္တန္တိ? သာဝတ္ထိယံ ပညတ္တံ။ ကံ အာရဗ္ဘာတိ? သမ္ဗဟုလေ ဘိက္ခူ အာရဗ္ဘ။ ကိသ္မိံ ဝတ္ထုသ္မိန္တိ? သမ္ဗဟုလာ ဘိက္ခူ အနုဝဿံ သန္ထတံ ကာရာပေသုံ, တသ္မိံ</p>
",-34-35-36-37-
1888,mula_vi_05,18,"<p class=""noindentbodytext""> ဝတ္ထုသ္မိံ<a name=""M0.0018""></a>။ ဧကာ ပညတ္တိ, ဧကာ အနုပညတ္တိ။ ဆန္နံ အာပတ္တိသမုဋ္ဌာနာနံ ဆဟိ သမုဋ္ဌာနေဟိ သမုဋ္ဌာတိ…ပေ…။</p>
<p class=""bodytext""><a name=""para38""></a><a name=""para38_vin5""></a><span class=""paranum"">၃၈</span>။ အနာဒိယိတွာ ပုရာဏသန္ထတဿ သာမန္တာ သုဂတဝိဒတ္ထိံ နဝံ နိသီဒနသန္ထတံ ကာရာပေန္တဿ နိဿဂ္ဂိယံ ပါစိတ္တိယံ ကတ္ထ ပညတ္တန္တိ? သာဝတ္ထိယံ ပညတ္တံ။ ကံ အာရဗ္ဘာတိ? သမ္ဗဟုလေ ဘိက္ခူ အာရဗ္ဘ<a name=""T0.0024""></a>။ ကိသ္မိံ ဝတ္ထုသ္မိန္တိ? သမ္ဗဟုလာ ဘိက္ခူ သန္ထတာနိ ဥဇ္ဈိတွာ အာရညိကင်္ဂံ ပိဏ္ဍပါတိကင်္ဂံ ပံသုကူလိကင်္ဂံ သမာဒိယိံသု, တသ္မိံ ဝတ္ထုသ္မိံ။ ဧကာ ပညတ္တိ။ ဆန္နံ အာပတ္တိသမုဋ္ဌာနာနံ ဆဟိ သမုဋ္ဌာနေဟိ သမုဋ္ဌာတိ…ပေ…။</p>
<p class=""bodytext""><a name=""para39""></a><a name=""para39_vin5""></a><span class=""paranum"">၃၉</span>။ ဧဠကလောမာနိ ပဋိဂ္ဂဟေတွာ တိယောဇနံ အတိက္ကာမေန္တဿ နိဿဂ္ဂိယံ ပါစိတ္တိယံ ကတ္ထ ပညတ္တန္တိ? သာဝတ္ထိယံ ပညတ္တံ။ ကံ အာရဗ္ဘာတိ? အညတရံ ဘိက္ခုံ အာရဗ္ဘ။ ကိသ္မိံ ဝတ္ထုသ္မိန္တိ? အညတရော ဘိက္ခု ဧဠကလောမာနိ ပဋိဂ္ဂဟေတွာ တိယောဇနံ အတိက္ကာမေသိ, တသ္မိံ ဝတ္ထုသ္မိံ။ ဧကာ ပညတ္တိ။ ဆန္နံ အာပတ္တိသမုဋ္ဌာနာနံ ဒွီဟိ <a name=""P5.0011""></a> သမုဋ္ဌာနေဟိ သမုဋ္ဌာတိ – သိယာ ကာယတော သမုဋ္ဌာတိ, န ဝါစတော န စိတ္တတော၊ သိယာ ကာယတော စ စိတ္တတော စ သမုဋ္ဌာတိ, န ဝါစတော…ပေ…။</p>
<p class=""bodytext""><a name=""para40""></a><a name=""para40_vin5""></a><span class=""paranum"">၄၀</span>။ အညာတိကာယ ဘိက္ခုနိယာ ဧဠကလောမာနိ ဓောဝါပေန္တဿ နိဿဂ္ဂိယံ ပါစိတ္တိယံ ကတ္ထ ပညတ္တန္တိ? သက္ကေသု ပညတ္တံ။ ကံ အာရဗ္ဘာတိ? ဆဗ္ဗဂ္ဂိယေ ဘိက္ခူ အာရဗ္ဘ။ ကိသ္မိံ ဝတ္ထုသ္မိန္တိ? ဆဗ္ဗဂ္ဂိယာ ဘိက္ခူ အညာတိကာဟိ ဘိက္ခုနီဟိ ဧဠကလောမာနိ ဓောဝါပေသုံ, တသ္မိံ ဝတ္ထုသ္မိံ။ ဧကာ ပညတ္တိ။ ဆန္နံ အာပတ္တိသမုဋ္ဌာနာနံ ဆဟိ သမုဋ္ဌာနေဟိ သမုဋ္ဌာတိ…ပေ…။</p>
<p class=""bodytext""><a name=""para41""></a><a name=""para41_vin5""></a><span class=""paranum"">၄၁</span>။ ရူပိယံ ပဋိဂ္ဂဏှန္တဿ နိဿဂ္ဂိယံ ပါစိတ္တိယံ ကတ္ထ ပညတ္တန္တိ? ရာဇဂဟေ ပညတ္တံ<a name=""V0.0019""></a>။ ကံ အာရဗ္ဘာတိ? အာယသ္မန္တံ ဥပနန္ဒံ <a name=""T0.0025""></a> သကျပုတ္တံ အာရဗ္ဘ။ ကိသ္မိံ ဝတ္ထုသ္မိန္တိ? အာယသ္မာ ဥပနန္ဒော သကျပုတ္တော ရူပိယံ ပဋိဂ္ဂဟေသိ, တသ္မိံ ဝတ္ထုသ္မိံ။ ဧကာ ပညတ္တိ။ ဆန္နံ အာပတ္တိသမုဋ္ဌာနာနံ ဆဟိ သမုဋ္ဌာနေဟိ သမုဋ္ဌာတိ…ပေ…။</p>
<p class=""bodytext""><a name=""para42""></a><a name=""para42_vin5""></a><span class=""paranum"">၄၂</span>။ နာနပ္ပကာရကံ ရူပိယသံဝေါဟာရံ သမာပဇ္ဇန္တဿ နိဿဂ္ဂိယံ ပါစိတ္တိယံ ကတ္ထ ပညတ္တန္တိ? သာဝတ္ထိယံ ပညတ္တံ။ ကံ အာရဗ္ဘာတိ? ဆဗ္ဗဂ္ဂိယေ</p>
",-38-39-40-41-42-
1889,mula_vi_05,19,"<p class=""noindentbodytext""> ဘိက္ခူ<a name=""M0.0019""></a> အာရဗ္ဘ။ ကိသ္မိံ ဝတ္ထုသ္မိန္တိ? ဆဗ္ဗဂ္ဂိယာ ဘိက္ခူ နာနပ္ပကာရကံ ရူပိယသံဝေါဟာရံ သမာပဇ္ဇိံသု, တသ္မိံ ဝတ္ထုသ္မိံ။ ဧကာ ပညတ္တိ။ ဆန္နံ အာပတ္တိသမုဋ္ဌာနာနံ ဆဟိ သမုဋ္ဌာနေဟိ သမုဋ္ဌာတိ…ပေ…။</p>
<p class=""bodytext""><a name=""para43""></a><a name=""para43_vin5""></a><span class=""paranum"">၄၃</span>။ နာနပ္ပကာရကံ ကယဝိက္ကယံ သမာပဇ္ဇန္တဿ နိဿဂ္ဂိယံ ပါစိတ္တိယံ ကတ္ထ ပညတ္တန္တိ? သာဝတ္ထိယံ ပညတ္တံ။ ကံ အာရဗ္ဘာတိ? အာယသ္မန္တံ ဥပနန္ဒံ သကျပုတ္တံ အာရဗ္ဘ။ ကိသ္မိံ ဝတ္ထုသ္မိန္တိ? အာယသ္မာ ဥပနန္ဒော သကျပုတ္တော ပရိဗ္ဗာဇကေန သဒ္ဓိံ ကယဝိက္ကယံ သမာပဇ္ဇိ, တသ္မိံ ဝတ္ထုသ္မိံ။ ဧကာ ပညတ္တိ။ ဆန္နံ အာပတ္တိသမုဋ္ဌာနာနံ ဆဟိ သမုဋ္ဌာနေဟိ သမုဋ္ဌာတိ…ပေ…။</p>
<p class=""centered"">ကောသိယဝဂ္ဂေါ ဒုတိယော။</p>
<p class=""subhead"">၃။ ပတ္တဝဂ္ဂေါ</p>
<p class=""bodytext""><a name=""para44""></a><a name=""para44_vin5""></a><span class=""paranum"">၄၄</span>။ အတိရေကပတ္တံ <a name=""T0.0026""></a> ဒသာဟံ အတိက္ကာမေန္တဿ နိဿဂ္ဂိယံ ပါစိတ္တိယံ ကတ္ထ ပညတ္တန္တိ? သာဝတ္ထိယံ ပညတ္တံ။ ကံ အာရဗ္ဘာတိ? ဆဗ္ဗဂ္ဂိယေ ဘိက္ခူ အာရဗ္ဘ။ ကိသ္မိံ ဝတ္ထုသ္မိန္တိ? ဆဗ္ဗဂ္ဂိယာ ဘိက္ခူ အတိရေကပတ္တံ ဓာရေသုံ, တသ္မိံ ဝတ္ထုသ္မိံ။ ဧကာ ပညတ္တိ, ဧကာ အနုပညတ္တိ။ ဆန္နံ အာပတ္တိသမုဋ္ဌာနာနံ ဒွီဟိ သမုဋ္ဌာနေဟိ သမုဋ္ဌာတိ – သိယာ ကာယတော စ ဝါစတော စ သမုဋ္ဌာတိ, န စိတ္တတော၊ သိယာ ကာယတော စ ဝါစတော စ စိတ္တတော စ သမုဋ္ဌာတိ…ပေ…။</p>
<p class=""bodytext""><a name=""para45""></a><a name=""para45_vin5""></a><span class=""paranum"">၄၅</span>။ ဦနပဉ္စဗန္ဓနေန ပတ္တေန အညံ နဝံ ပတ္တံ စေတာပေန္တဿ နိဿဂ္ဂိယံ ပါစိတ္တိယံ ကတ္ထ ပညတ္တန္တိ? သက္ကေသု ပညတ္တံ။ ကံ အာရဗ္ဘာတိ? ဆဗ္ဗဂ္ဂိယေ ဘိက္ခူ အာရဗ္ဘ။ ကိသ္မိံ ဝတ္ထုသ္မိန္တိ? ဆဗ္ဗဂ္ဂိယာ ဘိက္ခူ အပ္ပမတ္တကေနပိ ဘိန္နေန အပ္ပမတ္တကေနပိ ခဏ္ဍေန ဝိလိခိတမတ္တေနပိ ဗဟူ ပတ္တေ ဝိညာပေသုံ, တသ္မိံ ဝတ္ထုသ္မိံ။ ဧကာ ပညတ္တိ။ ဆန္နံ အာပတ္တိသမုဋ္ဌာနာနံ ဆဟိ သမုဋ္ဌာနေဟိ သမုဋ္ဌာတိ…ပေ…။</p>
<p class=""bodytext""><a name=""para46""></a><a name=""para46_vin5""></a><span class=""paranum"">၄၆</span>။ ဘေသဇ္ဇာနိ <a name=""V0.0020""></a> ပဋိဂ္ဂဟေတွာ သတ္တာဟံ အတိက္ကာမေန္တဿ နိဿဂ္ဂိယံ ပါစိတ္တိယံ ကတ္ထ ပညတ္တန္တိ? သာဝတ္ထိယံ ပညတ္တံ။ ကံ အာရဗ္ဘာတိ? သမ္ဗဟုလေ ဘိက္ခူ <a name=""P5.0012""></a> အာရဗ္ဘ။ ကိသ္မိံ ဝတ္ထုသ္မိန္တိ? သမ္ဗဟုလာ ဘိက္ခူ ဘေသဇ္ဇာနိ ပဋိဂ္ဂဟေတွာ သတ္တာဟံ အတိက္ကာမေသုံ, တသ္မိံ ဝတ္ထုသ္မိံ။ ဧကာ ပညတ္တိ။ ဆန္နံ အာပတ္တိသမုဋ္ဌာနာနံ ဒွီဟိ သမုဋ္ဌာနေဟိ သမုဋ္ဌာတိ ကထိနကေ…ပေ…။</p>
",-43-44-45-46-
1890,mula_vi_05,20,"<p class=""bodytext""><a name=""para47""></a><a name=""para47_vin5""></a><span class=""paranum"">၄၇</span>။ အတိရေကမာသေ <a name=""T0.0027""></a><a name=""M0.0020""></a> သေသေ ဂိမှာနေ ဝဿိကသာဋိကစီဝရံ ပရိယေသန္တဿ နိဿဂ္ဂိယံ ပါစိတ္တိယံ ကတ္ထ ပညတ္တန္တိ? သာဝတ္ထိယံ ပညတ္တံ။ ကံ အာရဗ္ဘာတိ? ဆဗ္ဗဂ္ဂိယေ ဘိက္ခူ အာရဗ္ဘ။ ကိသ္မိံ ဝတ္ထုသ္မိန္တိ? ဆဗ္ဗဂ္ဂိယာ ဘိက္ခူ အတိရေကမာသေ သေသေ ဂိမှာနေ ဝဿိကသာဋိကစီဝရံ ပရိယေသိံသု, တသ္မိံ ဝတ္ထုသ္မိံ။ ဧကာ ပညတ္တိ။ ဆန္နံ အာပတ္တိသမုဋ္ဌာနာနံ ဆဟိ သမုဋ္ဌာနေဟိ သမုဋ္ဌာတိ…ပေ…။</p>
<p class=""bodytext""><a name=""para48""></a><a name=""para48_vin5""></a><span class=""paranum"">၄၈</span>။ ဘိက္ခုဿ သာမံ စီဝရံ ဒတွာ ကုပိတေန အနတ္တမနေန အစ္ဆိန္ဒန္တဿ နိဿဂ္ဂိယံ ပါစိတ္တိယံ ကတ္ထ ပညတ္တန္တိ? သာဝတ္ထိယံ ပညတ္တံ။ ကံ အာရဗ္ဘာတိ? အာယသ္မန္တံ ဥပနန္ဒံ သကျပုတ္တံ အာရဗ္ဘ။ ကိသ္မိံ ဝတ္ထုသ္မိန္တိ? အာယသ္မာ ဥပနန္ဒော သကျပုတ္တော ဘိက္ခုဿ သာမံ စီဝရံ ဒတွာ ကုပိတော အနတ္တမနော အစ္ဆိန္ဒိ, တသ္မိံ ဝတ္ထုသ္မိံ။ ဧကာ ပညတ္တိ။ ဆန္နံ အာပတ္တိသမုဋ္ဌာနာနံ တီဟိ သမုဋ္ဌာနေဟိ သမုဋ္ဌာတိ…ပေ…။</p>
<p class=""bodytext""><a name=""para49""></a><a name=""para49_vin5""></a><span class=""paranum"">၄၉</span>။ သာမံ သုတ္တံ ဝိညာပေတွာ တန္တဝါယေဟိ စီဝရံ ဝါယာပေန္တဿ နိဿဂ္ဂိယံ ပါစိတ္တိယံ ကတ္ထ ပညတ္တန္တိ? ရာဇဂဟေ ပညတ္တံ။ ကံ အာရဗ္ဘာတိ? ဆဗ္ဗဂ္ဂိယေ ဘိက္ခူ အာရဗ္ဘ။ ကိသ္မိံ ဝတ္ထုသ္မိန္တိ? ဆဗ္ဗဂ္ဂိယာ ဘိက္ခူ သာမံ သုတ္တံ ဝိညာပေတွာ တန္တဝါယေဟိ စီဝရံ ဝါယာပေသုံ, တသ္မိံ ဝတ္ထုသ္မိံ။ ဧကာ ပညတ္တိ။ ဆန္နံ အာပတ္တိသမုဋ္ဌာနာနံ ဆဟိ သမုဋ္ဌာနေဟိ သမုဋ္ဌာတိ…ပေ…။</p>
<p class=""bodytext""><a name=""para50""></a><a name=""para50_vin5""></a><span class=""paranum"">၅၀</span>။ ပုဗ္ဗေ အပ္ပဝါရိတဿ အညာတကဿ ဂဟပတိကဿ တန္တဝါယေ ဥပသင်္ကမိတွာ <a name=""T0.0028""></a> စီဝရေ ဝိကပ္ပံ အာပဇ္ဇန္တဿ နိဿဂ္ဂိယံ ပါစိတ္တိယံ ကတ္ထ ပညတ္တန္တိ? သာဝတ္ထိယံ ပညတ္တံ။ ကံ အာရဗ္ဘာတိ? အာယသ္မန္တံ ဥပနန္ဒံ သကျပုတ္တံ အာရဗ္ဘ။ ကိသ္မိံ ဝတ္ထုသ္မိန္တိ? အာယသ္မာ ဥပနန္ဒော သကျပုတ္တော ပုဗ္ဗေ အပ္ပဝါရိတော အညာတကဿ ဂဟပတိကဿ တန္တဝါယေ ဥပသင်္ကမိတွာ စီဝရေ ဝိကပ္ပံ အာပဇ္ဇိ, တသ္မိံ ဝတ္ထုသ္မိံ။ ဧကာ ပညတ္တိ။ ဆန္နံ အာပတ္တိသမုဋ္ဌာနာနံ ဆဟိ သမုဋ္ဌာနေဟိ သမုဋ္ဌာတိ…ပေ…။</p>
<p class=""bodytext""><a name=""para51""></a><a name=""para51_vin5""></a><span class=""paranum"">၅၁</span>။ အစ္စေကစီဝရံ <a name=""V0.0021""></a> ပဋိဂ္ဂဟေတွာ စီဝရကာလသမယံ အတိက္ကာမေန္တဿ နိဿဂ္ဂိယံ ပါစိတ္တိယံ ကတ္ထ ပညတ္တန္တိ? သာဝတ္ထိယံ ပညတ္တံ။ ကံ အာရဗ္ဘာတိ? သမ္ဗဟုလေ ဘိက္ခူ အာရဗ္ဘ။ ကိသ္မိံ ဝတ္ထုသ္မိန္တိ? သမ္ဗဟုလာ ဘိက္ခူ အစ္စေကစီဝရံ ပဋိဂ္ဂဟေတွာ စီဝရကာလသမယံ အတိက္ကာမေသုံ, တသ္မိံ ဝတ္ထုသ္မိံ။ ဧကာ ပညတ္တိ။ ဆန္နံ အာပတ္တိသမုဋ္ဌာနာနံ ဒွီဟိ သမုဋ္ဌာနေဟိ သမုဋ္ဌာတိ ကထိနကေ…ပေ…။</p>
",-47-48-49-50-51-
1891,mula_vi_05,21,"<p class=""bodytext""><a name=""para52""></a><a name=""para52_vin5""></a><span class=""paranum"">၅၂</span>။ တိဏ္ဏံ <a name=""M0.0021""></a> စီဝရာနံ အညတရံ စီဝရံ အန္တရဃရေ နိက္ခိပိတွာ အတိရေကဆာရတ္တံ ဝိပ္ပဝသန္တဿ နိဿဂ္ဂိယံ ပါစိတ္တိယံ ကတ္ထ ပညတ္တန္တိ? သာဝတ္ထိယံ ပညတ္တံ။ ကံ အာရဗ္ဘာတိ? သမ္ဗဟုလေ ဘိက္ခူ အာရဗ္ဘ။ ကိသ္မိံ ဝတ္ထုသ္မိန္တိ? သမ္ဗဟုလာ ဘိက္ခူ တိဏ္ဏံ စီဝရာနံ အညတရံ စီဝရံ အန္တရဃရေ နိက္ခိပိတွာ အတိရေကဆာရတ္တံ ဝိပ္ပဝသိံသု, တသ္မိံ ဝတ္ထုသ္မိံ။ ဧကာ <a name=""P5.0013""></a> ပညတ္တိ။ ဆန္နံ အာပတ္တိသမုဋ္ဌာနာနံ ဒွီဟိ သမုဋ္ဌာနေဟိ သမုဋ္ဌာတိ ကထိနကေ…ပေ…။</p>
<p class=""bodytext""><a name=""para53""></a><a name=""para53_vin5""></a><span class=""paranum"">၅၃</span>။ ဇာနံ <a name=""T0.0029""></a> သံဃိကံ လာဘံ ပရိဏတံ အတ္တနော ပရိဏာမေန္တဿ နိဿဂ္ဂိယံ ပါစိတ္တိယံ ကတ္ထ ပညတ္တန္တိ? သာဝတ္ထိယံ ပညတ္တံ။ ကံ အာရဗ္ဘာတိ? ဆဗ္ဗဂ္ဂိယေ ဘိက္ခူ အာရဗ္ဘ။ ကိသ္မိံ ဝတ္ထုသ္မိန္တိ? ဆဗ္ဗဂ္ဂိယာ ဘိက္ခူ ဇာနံ သံဃိကံ လာဘံ ပရိဏတံ အတ္တနော ပရိဏာမေသုံ, တသ္မိံ ဝတ္ထုသ္မိံ။ ဧကာ ပညတ္တိ။ ဆန္နံ အာပတ္တိသမုဋ္ဌာနာနံ တီဟိ သမုဋ္ဌာနေဟိ သမုဋ္ဌာတိ…ပေ…။</p>
<p class=""centered"">ပတ္တဝဂ္ဂေါ တတိယော။</p>
<p class=""centered"">တိံသ နိဿဂ္ဂိယာ ပါစိတ္တိယာ နိဋ္ဌိတာ။</p>
<p class=""centered"">တဿုဒ္ဒါနံ –</p>
<p class=""gatha1"">ဒသေကရတ္တိမာသော စ, ဓောဝနဉ္စ ပဋိဂ္ဂဟော၊</p>
<p class=""gathalast"">အညာတံ တဉ္စ <span class=""note"">[အညာတကဉ္စ (က။)]</span> ဥဒ္ဒိဿ, ဥဘိန္နံ ဒူတကေန စ။</p>
<p class=""gatha1"">ကောသိယာ သုဒ္ဓဒွေဘာဂါ, ဆဗ္ဗဿာနိ နိသီဒနံ၊</p>
<p class=""gathalast"">ဒွေ စ လောမာနိ ဥဂ္ဂဏှေ, ဥဘော နာနပ္ပကာရကာ။</p>
<p class=""gatha1"">ဒွေ စ ပတ္တာနိ ဘေသဇ္ဇံ, ဝဿိကာ ဒါနပဉ္စမံ၊</p>
<p class=""gathalast"">သာမံ ဝါယာပနစ္စေကော, သာသင်္ကံ သံဃိကေန စာတိ။</p>
<p class=""subhead"">၅။ ပါစိတ္တိယကဏ္ဍံ</p>
<p class=""subhead"">၁။ မုသာဝါဒဝဂ္ဂေါ</p>
<p class=""bodytext""><a name=""para54""></a><a name=""para54_vin5""></a><span class=""paranum"">၅၄</span>။ ယံ <a name=""V0.0022""></a> တေန ဘဂဝတာ ဇာနတာ ပဿတာ အရဟတာ သမ္မာသမ္ဗုဒ္ဓေန သမ္ပဇာနမုသာဝါဒေ ပါစိတ္တိယံ ကတ္ထ ပညတ္တန္တိ? သာဝတ္ထိယံ ပညတ္တံ။ ကံ</p>
",-52-53-54-
1892,mula_vi_05,22,"<p class=""noindentbodytext""> အာရဗ္ဘာတိ<a name=""M0.0022""></a>? ဟတ္ထကံ သကျပုတ္တံ အာရဗ္ဘ<a name=""T0.0030""></a>။ ကိသ္မိံ ဝတ္ထုသ္မိန္တိ? အာယသ္မာ ဟတ္ထကော သကျပုတ္တော တိတ္ထိယေဟိ သဒ္ဓိံ သလ္လပန္တော အဝဇာနိတွာ ပဋိဇာနိ, ပဋိဇာနိတွာ အဝဇာနိ, တသ္မိံ ဝတ္ထုသ္မိံ။ ဧကာ ပညတ္တိ။ ဆန္နံ အာပတ္တိသမုဋ္ဌာနာနံ တီဟိ သမုဋ္ဌာနေဟိ သမုဋ္ဌာတိ – သိယာ ကာယတော စ စိတ္တတော စ သမုဋ္ဌာတိ, န ဝါစတော၊ သိယာ ဝါစတော စ စိတ္တတော စ သမုဋ္ဌာတိ, န ကာယတော၊ သိယာ ကာယတော စ ဝါစတော စ စိတ္တတော စ သမုဋ္ဌာတိ…ပေ…။</p>
<p class=""bodytext""><a name=""para55""></a><a name=""para55_vin5""></a><span class=""paranum"">၅၅</span>။ ဩမသဝါဒေ ပါစိတ္တိယံ ကတ္ထ ပညတ္တန္တိ? သာဝတ္ထိယံ ပညတ္တံ။ ကံ အာရဗ္ဘာတိ? ဆဗ္ဗဂ္ဂိယေ ဘိက္ခူ အာရဗ္ဘ။ ကိသ္မိံ ဝတ္ထုသ္မိန္တိ? ဆဗ္ဗဂ္ဂိယာ ဘိက္ခူ ပေသလေဟိ ဘိက္ခူဟိ သဒ္ဓိံ ဘဏ္ဍန္တာ <span class=""note"">[ဘဏ္ဍေန္တာ (က။)]</span> ပေသလေ ဘိက္ခူ ဩမသိံသု, တသ္မိံ ဝတ္ထုသ္မိံ။ ဧကာ ပညတ္တိ။ ဆန္နံ အာပတ္တိသမုဋ္ဌာနာနံ တီဟိ သမုဋ္ဌာနေဟိ သမုဋ္ဌာတိ…ပေ…။</p>
<p class=""bodytext""><a name=""para56""></a><a name=""para56_vin5""></a><span class=""paranum"">၅၆</span>။ ဘိက္ခုပေသုညေ ပါစိတ္တိယံ ကတ္ထ ပညတ္တန္တိ? သာဝတ္ထိယံ ပညတ္တံ။ ကံ အာရဗ္ဘာတိ? ဆဗ္ဗဂ္ဂိယေ ဘိက္ခူ အာရဗ္ဘ။ ကိသ္မိံ ဝတ္ထုသ္မိန္တိ? ဆဗ္ဗဂ္ဂိယာ ဘိက္ခူ ဘိက္ခူနံ ဘဏ္ဍနဇာတာနံ ကလဟဇာတာနံ ဝိဝါဒါပန္နာနံ ပေသုညံ ဥပသံဟရိံသု, တသ္မိံ ဝတ္ထုသ္မိံ။ ဧကာ ပညတ္တိ။ ဆန္နံ အာပတ္တိသမုဋ္ဌာနာနံ တီဟိ သမုဋ္ဌာနေဟိ သမုဋ္ဌာတိ…ပေ…။</p>
<p class=""bodytext""><a name=""para57""></a><a name=""para57_vin5""></a><span class=""paranum"">၅၇</span>။ အနုပသမ္ပန္နံ ပဒသော ဓမ္မံ ဝါစေန္တဿ ပါစိတ္တိယံ ကတ္ထ ပညတ္တန္တိ? သာဝတ္ထိယံ ပညတ္တံ။ ကံ အာရဗ္ဘာတိ? ဆဗ္ဗဂ္ဂိယေ ဘိက္ခူ <a name=""T0.0031""></a> အာရဗ္ဘ။ ကိသ္မိံ ဝတ္ထုသ္မိန္တိ? ဆဗ္ဗဂ္ဂိယာ ဘိက္ခူ ဥပါသကေ ပဒသော ဓမ္မံ ဝါစေသုံ<a name=""P5.0014""></a>, တသ္မိံ ဝတ္ထုသ္မိံ။ ဧကာ ပညတ္တိ။ ဆန္နံ အာပတ္တိသမုဋ္ဌာနာနံ ဒွီဟိ သမုဋ္ဌာနေဟိ သမုဋ္ဌာတိ – သိယာ ဝါစတော သမုဋ္ဌာတိ, န ကာယတော န စိတ္တတော၊ သိယာ ဝါစတော စ စိတ္တတော စ သမုဋ္ဌာတိ, န ကာယတော…ပေ…။</p>
<p class=""bodytext""><a name=""para58""></a><a name=""para58_vin5""></a><span class=""paranum"">၅၈</span>။ အနုပသမ္ပန္နေန ဥတ္တရိဒိရတ္တတိရတ္တံ သဟသေယျံ ကပ္ပေန္တဿ ပါစိတ္တိယံ ကတ္ထ ပညတ္တန္တိ? အာဠဝိယံ ပညတ္တံ။ ကံ အာရဗ္ဘာတိ? သမ္ဗဟုလေ ဘိက္ခူ အာရဗ္ဘ။ ကိသ္မိံ ဝတ္ထုသ္မိန္တိ? သမ္ဗဟုလာ ဘိက္ခူ အနုပသမ္ပန္နေန သဟသေယျံ ကပ္ပေသုံ, တသ္မိံ ဝတ္ထုသ္မိံ။ ဧကာ ပညတ္တိ<a name=""V0.0023""></a>, ဧကာ အနုပညတ္တိ။</p>
",-55-56-57-58-
1893,mula_vi_05,23,"<p class=""noindentbodytext""> ဆန္နံ<a name=""M0.0023""></a> အာပတ္တိသမုဋ္ဌာနာနံ ဒွီဟိ သမုဋ္ဌာနေဟိ သမုဋ္ဌာတိ – သိယာ ကာယတော သမုဋ္ဌာတိ, န ဝါစတော န စိတ္တတော၊ သိယာ ကာယတော စ စိတ္တတော စ သမုဋ္ဌာတိ, န ဝါစတော…ပေ…။</p>
<p class=""bodytext""><a name=""para59""></a><a name=""para59_vin5""></a><span class=""paranum"">၅၉</span>။ မာတုဂါမေန သဟသေယျံ ကပ္ပေန္တဿ ပါစိတ္တိယံ ကတ္ထ ပညတ္တန္တိ? သာဝတ္ထိယံ ပညတ္တံ။ ကံ အာရဗ္ဘာတိ? အာယသ္မန္တံ အနုရုဒ္ဓံ အာရဗ္ဘ။ ကိသ္မိံ ဝတ္ထုသ္မိန္တိ? အာယသ္မာ အနုရုဒ္ဓေါ မာတုဂါမေန သဟသေယျံ ကပ္ပေသိ, တသ္မိံ ဝတ္ထုသ္မိံ။ ဧကာ ပညတ္တိ။ ဆန္နံ အာပတ္တိသမုဋ္ဌာနာနံ ဒွီဟိ သမုဋ္ဌာနေဟိ သမုဋ္ဌာတိ ဧဠကလောမကေ…ပေ…။</p>
<p class=""bodytext""><a name=""para60""></a><a name=""para60_vin5""></a><span class=""paranum"">၆၀</span>။ မာတုဂါမဿ ဥတ္တရိဆပ္ပဉ္စဝါစာဟိ ဓမ္မံ ဒေသေန္တဿ ပါစိတ္တိယံ <a name=""T0.0032""></a> ကတ္ထ ပညတ္တန္တိ? သာဝတ္ထိယံ ပညတ္တံ။ ကံ အာရဗ္ဘာတိ? အာယသ္မန္တံ ဥဒါယိံ အာရဗ္ဘ။ ကိသ္မိံ ဝတ္ထုသ္မိန္တိ? အာယသ္မာ ဥဒါယီ မာတုဂါမဿ ဓမ္မံ ဒေသေသိ, တသ္မိံ ဝတ္ထုသ္မိံ။ ဧကာ ပညတ္တိ, ဒွေ အနုပညတ္တိယော။ ဆန္နံ အာပတ္တိသမုဋ္ဌာနာနံ ဒွီဟိ သမုဋ္ဌာနေဟိ သမုဋ္ဌာတိ ပဒသောဓမ္မေ…ပေ…။</p>
<p class=""bodytext""><a name=""para61""></a><a name=""para61_vin5""></a><span class=""paranum"">၆၁</span>။ အနုပသမ္ပန္နဿ ဥတ္တရိမနုဿဓမ္မံ ဘူတံ အာရောစေန္တဿ ပါစိတ္တိယံ ကတ္ထ ပညတ္တန္တိ? ဝေသာလိယံ ပညတ္တံ။ ကံ အာရဗ္ဘာတိ? ဝဂ္ဂုမုဒါတီရိယေ ဘိက္ခူ အာရဗ္ဘ။ ကိသ္မိံ ဝတ္ထုသ္မိန္တိ? ဝဂ္ဂုမုဒါတီရိယာ ဘိက္ခူ ဂိဟီနံ အညမညဿ ဥတ္တရိမနုဿဓမ္မဿ ဝဏ္ဏံ ဘာသိံသု, တသ္မိံ ဝတ္ထုသ္မိံ။ ဧကာ ပညတ္တိ။ ဆန္နံ အာပတ္တိသမုဋ္ဌာနာနံ တီဟိ သမုဋ္ဌာနေဟိ သမုဋ္ဌာတိ – သိယာ ကာယတော သမုဋ္ဌာတိ, န ဝါစတော န စိတ္တတော၊ သိယာ ဝါစတော သမုဋ္ဌာတိ, န ကာယတော န စိတ္တတော၊ သိယာ ကာယတော စ ဝါစတော စ သမုဋ္ဌာတိ, န စိတ္တတော…ပေ…။</p>
<p class=""bodytext""><a name=""para62""></a><a name=""para62_vin5""></a><span class=""paranum"">၆၂</span>။ ဘိက္ခုဿ ဒုဋ္ဌုလ္လာပတ္တိံ အနုပသမ္ပန္နဿ အာရောစေန္တဿ ပါစိတ္တိယံ ကတ္ထ ပညတ္တန္တိ? သာဝတ္ထိယံ ပညတ္တံ။ ကံ အာရဗ္ဘာတိ? ဆဗ္ဗဂ္ဂိယေ ဘိက္ခူ အာရဗ္ဘ။ ကိသ္မိံ ဝတ္ထုသ္မိန္တိ? ဆဗ္ဗဂ္ဂိယာ ဘိက္ခူ ဘိက္ခုဿ ဒုဋ္ဌုလ္လာပတ္တိံ အနုပသမ္ပန္နဿ အာရောစေသုံ, တသ္မိံ ဝတ္ထုသ္မိံ။ ဧကာ ပညတ္တိ။ ဆန္နံ အာပတ္တိသမုဋ္ဌာနာနံ တီဟိ သမုဋ္ဌာနေဟိ သမုဋ္ဌာတိ…ပေ…။</p>
<p class=""bodytext""><a name=""para63""></a><a name=""para63_vin5""></a><span class=""paranum"">၆၃</span>။ ပထဝိံ <a name=""T0.0033""></a> ခဏန္တဿ ပါစိတ္တိယံ ကတ္ထ ပညတ္တန္တိ? အာဠဝိယံ ပညတ္တံ။ ကံ အာရဗ္ဘာတိ? အာဠဝကေ ဘိက္ခူ အာရဗ္ဘ။ ကိသ္မိံ ဝတ္ထုသ္မိန္တိ?</p>
",-59-60-61-62-63-
1894,mula_vi_05,24,"<p class=""noindentbodytext""> အာဠဝကာ<a name=""M0.0024""></a> ဘိက္ခူ ပထဝိံ ခဏိံသု<a name=""V0.0024""></a>, တသ္မိံ ဝတ္ထုသ္မိံ။ ဧကာ ပညတ္တိ။ ဆန္နံ အာပတ္တိသမုဋ္ဌာနာနံ တီဟိ သမုဋ္ဌာနေဟိ သမုဋ္ဌာတိ…ပေ…။</p>
<p class=""centered"">မုသာဝါဒဝဂ္ဂေါ ပဌမော။</p>
<p class=""subhead"">၂။ ဘူတဂါမဝဂ္ဂေါ</p>
<p class=""bodytext""><a name=""para64""></a><a name=""para64_vin5""></a><span class=""paranum"">၆၄</span>။ ဘူတဂါမပါတဗျတာ <a name=""P5.0015""></a> ပါစိတ္တိယံ ကတ္ထ ပညတ္တန္တိ? အာဠဝိယံ ပညတ္တံ။ ကံ အာရဗ္ဘာတိ? အာဠဝကေ ဘိက္ခူ အာရဗ္ဘ။ ကိသ္မိံ ဝတ္ထုသ္မိန္တိ? အာဠဝကာ ဘိက္ခူ ရုက္ခံ ဆိန္ဒိံသု, တသ္မိံ ဝတ္ထုသ္မိံ။ ဧကာ ပညတ္တိ။ ဆန္နံ အာပတ္တိသမုဋ္ဌာနာနံ တီဟိ သမုဋ္ဌာနေဟိ သမုဋ္ဌာတိ…ပေ…။</p>
<p class=""bodytext""><a name=""para65""></a><a name=""para65_vin5""></a><span class=""paranum"">၆၅</span>။ အညဝါဒကေ ဝိဟေသကေ ပါစိတ္တိယံ ကတ္ထ ပညတ္တန္တိ? ကောသမ္ဗိယံ ပညတ္တံ။ ကံ အာရဗ္ဘာတိ? အာယသ္မန္တံ ဆန္နံ အာရဗ္ဘ။ ကိသ္မိံ ဝတ္ထုသ္မိန္တိ? အာယသ္မာ ဆန္နော သံဃမဇ္ဈေ အာပတ္တိယာ အနုယုဉ္ဇိယမာနော အညေနညံ ပဋိစရိ, တသ္မိံ ဝတ္ထုသ္မိံ။ ဧကာ ပညတ္တိ, ဧကာ အနုပညတ္တိ။ ဆန္နံ အာပတ္တိသမုဋ္ဌာနာနံ <a name=""T0.0034""></a> တီဟိ သမုဋ္ဌာနေဟိ သမုဋ္ဌာတိ…ပေ…။</p>
<p class=""bodytext""><a name=""para66""></a><a name=""para66_vin5""></a><span class=""paranum"">၆၆</span>။ ဥဇ္ဈာပနကေ ခိယျနကေ ပါစိတ္တိယံ ကတ္ထ ပညတ္တန္တိ? ရာဇဂဟေ ပညတ္တံ။ ကံ အာရဗ္ဘာတိ? မေတ္တိယဘူမဇကေ ဘိက္ခူ အာရဗ္ဘ။ ကိသ္မိံ ဝတ္ထုသ္မိန္တိ? မေတ္တိယဘူမဇကာ ဘိက္ခူ အာယသ္မန္တံ ဒဗ္ဗံ မလ္လပုတ္တံ ဘိက္ခူ ဥဇ္ဈာပေသုံ, တသ္မိံ ဝတ္ထုသ္မိံ။ ဧကာ ပညတ္တိ, ဧကာ အနုပညတ္တိ။ ဆန္နံ အာပတ္တိသမုဋ္ဌာနာနံ တီဟိ သမုဋ္ဌာနေဟိ သမုဋ္ဌာတိ…ပေ…။</p>
<p class=""bodytext""><a name=""para67""></a><a name=""para67_vin5""></a><span class=""paranum"">၆၇</span>။ သံဃိကံ မဉ္စံ ဝါ ပီဌံ ဝါ ဘိသိံ ဝါ ကောစ္ဆံ ဝါ အဇ္ဈောကာသေ သန္ထရိတွာ အနုဒ္ဓရိတွာ အနာပုစ္ဆာ ပက္ကမန္တဿ ပါစိတ္တိယံ ကတ္ထ ပညတ္တန္တိ? သာဝတ္ထိယံ ပညတ္တံ။ ကံ အာရဗ္ဘာတိ? သမ္ဗဟုလေ ဘိက္ခူ အာရဗ္ဘ။ ကိသ္မိံ ဝတ္ထုသ္မိန္တိ? သမ္ဗဟုလာ ဘိက္ခူ သံဃိကံ သေနာသနံ အဇ္ဈောကာသေ သန္ထရိတွာ အနုဒ္ဓရိတွာ အနာပုစ္ဆာ ပက္ကမိံသု, တသ္မိံ ဝတ္ထုသ္မိံ။ ဧကာ ပညတ္တိ, ဧကာ အနုပညတ္တိ။ ဆန္နံ အာပတ္တိသမုဋ္ဌာနာနံ ဒွီဟိ သမုဋ္ဌာနေဟိ သမုဋ္ဌာတိ ကထိနကေ…ပေ…။</p>
",-64-65-66-67-
1895,mula_vi_05,25,"<p class=""bodytext""><a name=""para68""></a><a name=""para68_vin5""></a><span class=""paranum"">၆၈</span>။ သံဃိကေ <a name=""M0.0025""></a> ဝိဟာရေ သေယျံ သန္ထရိတွာ အနုဒ္ဓရိတွာ အနာပုစ္ဆာ ပက္ကမန္တဿ ပါစိတ္တိယံ ကတ္ထ ပညတ္တန္တိ? သာဝတ္ထိယံ ပညတ္တံ။ ကံ အာရဗ္ဘာတိ? သတ္တရသဝဂ္ဂိယေ ဘိက္ခူ အာရဗ္ဘ။ ကိသ္မိံ ဝတ္ထုသ္မိန္တိ? သတ္တရသဝဂ္ဂိယာ ဘိက္ခူ သံဃိကေ ဝိဟာရေ သေယျံ သန္ထရိတွာ အနုဒ္ဓရိတွာ <a name=""V0.0025""></a> အနာပုစ္ဆာ ပက္ကမိံသု, တသ္မိံ ဝတ္ထုသ္မိံ။ ဧကာ ပညတ္တိ<a name=""T0.0035""></a>။ ဆန္နံ အာပတ္တိသမုဋ္ဌာနာနံ ဒွီဟိ သမုဋ္ဌာနေဟိ သမုဋ္ဌာတိ ကထိနကေ…ပေ…။</p>
<p class=""bodytext""><a name=""para69""></a><a name=""para69_vin5""></a><span class=""paranum"">၆၉</span>။ သံဃိကေ ဝိဟာရေ ဇာနံ ပုဗ္ဗုပဂတံ ဘိက္ခုံ အနုပခဇ္ဇ သေယျံ ကပ္ပေန္တဿ ပါစိတ္တိယံ ကတ္ထ ပညတ္တန္တိ? သာဝတ္ထိယံ ပညတ္တံ။ ကံ အာရဗ္ဘာတိ? ဆဗ္ဗဂ္ဂိယေ ဘိက္ခူ အာရဗ္ဘ။ ကိသ္မိံ ဝတ္ထုသ္မိန္တိ? ဆဗ္ဗဂ္ဂိယာ ဘိက္ခူ ထေရေ ဘိက္ခူ အနုပခဇ္ဇ သေယျံ ကပ္ပေသုံ, တသ္မိံ ဝတ္ထုသ္မိံ။ ဧကာ ပညတ္တိ။ ဆန္နံ အာပတ္တိသမုဋ္ဌာနာနံ ဧကေန သမုဋ္ဌာနေန သမုဋ္ဌာတိ – ကာယတော စ စိတ္တတော စ သမုဋ္ဌာတိ, န ဝါစတော…ပေ…။</p>
<p class=""bodytext""><a name=""para70""></a><a name=""para70_vin5""></a><span class=""paranum"">၇၀</span>။ ဘိက္ခုံ ကုပိတေန အနတ္တမနေန သံဃိကာ ဝိဟာရာ နိက္ကဍ္ဎန္တဿ ပါစိတ္တိယံ ကတ္ထ ပညတ္တန္တိ? သာဝတ္ထိယံ ပညတ္တံ။ ကံ အာရဗ္ဘာတိ? ဆဗ္ဗဂ္ဂိယေ ဘိက္ခူ အာရဗ္ဘ။ ကိသ္မိံ ဝတ္ထုသ္မိန္တိ? ဆဗ္ဗဂ္ဂိယာ ဘိက္ခူ ကုပိတာ အနတ္တမနာ ဘိက္ခူ သံဃိကာ ဝိဟာရာ နိက္ကဍ္ဎိံသု<a name=""P5.0016""></a>, တသ္မိံ ဝတ္ထုသ္မိံ။ ဧကာ ပညတ္တိ။ ဆန္နံ အာပတ္တိသမုဋ္ဌာနာနံ တီဟိ သမုဋ္ဌာနေဟိ သမုဋ္ဌာတိ…ပေ…။</p>
<p class=""bodytext""><a name=""para71""></a><a name=""para71_vin5""></a><span class=""paranum"">၇၁</span>။ သံဃိကေ ဝိဟာရေ ဥပရိဝေဟာသကုဋိယာ အာဟစ္စပါဒကံ မဉ္စံ ဝါ ပီဌံ ဝါ အဘိနိသီဒန္တဿ ပါစိတ္တိယံ ကတ္ထ ပညတ္တန္တိ? သာဝတ္ထိယံ ပညတ္တံ။ ကံ အာရဗ္ဘာတိ? အညတရံ ဘိက္ခုံ အာရဗ္ဘ။ ကိသ္မိံ ဝတ္ထုသ္မိန္တိ? အညတရော ဘိက္ခု သံဃိကေ ဝိဟာရေ ဥပရိဝေဟာသကုဋိယာ အာဟစ္စပါဒကံ မဉ္စံ သဟသာ အဘိနိသီဒိ, တသ္မိံ ဝတ္ထုသ္မိံ။ ဧကာ <a name=""T0.0036""></a> ပညတ္တိ။ ဆန္နံ အာပတ္တိသမုဋ္ဌာနာနံ ဒွီဟိ သမုဋ္ဌာနေဟိ သမုဋ္ဌာတိ – သိယာ ကာယတော သမုဋ္ဌာတိ, န ဝါစတော န စိတ္တတော၊ သိယာ ကာယတော စ စိတ္တတော စ သမုဋ္ဌာတိ, န ဝါစတော…ပေ…။</p>
<p class=""bodytext""><a name=""para72""></a><a name=""para72_vin5""></a><span class=""paranum"">၇၂</span>။ ဒွတ္တိပရိယာယေ အဓိဋ္ဌဟိတွာ တတုတ္တရိ အဓိဋ္ဌဟန္တဿ ပါစိတ္တိယံ ကတ္ထ ပညတ္တန္တိ? ကောသမ္ဗိယံ ပညတ္တံ။ ကံ အာရဗ္ဘာတိ? အာယသ္မန္တံ ဆန္နံ အာရဗ္ဘ။ ကိသ္မိံ ဝတ္ထုသ္မိန္တိ? အာယသ္မာ ဆန္နော ကတပရိယောသိတံ ဝိဟာရံ ပုနပ္ပုနံ ဆာဒါပေသိ, ပုနပ္ပုနံ လိမ္ပာပေသိ, အတိဘာရိကော ဝိဟာရော</p>
",-68-69-70-71-72-
1896,mula_vi_05,26,"<p class=""noindentbodytext""> ပရိပတိ<a name=""M0.0026""></a>, တသ္မိံ ဝတ္ထုသ္မိံ။ ဧကာ ပညတ္တိ။ ဆန္နံ အာပတ္တိသမုဋ္ဌာနာနံ ဆဟိ သမုဋ္ဌာနေဟိ သမုဋ္ဌာတိ…ပေ…။</p>
<p class=""bodytext""><a name=""para73""></a><a name=""para73_vin5""></a><span class=""paranum"">၇၃</span>။ ဇာနံ သပ္ပါဏကံ ဥဒကံ တိဏံ ဝါ မတ္တိကံ ဝါ သိဉ္စန္တဿ ပါစိတ္တိယံ ကတ္ထ ပညတ္တန္တိ? အာဠဝိယံ ပညတ္တံ။ ကံ အာရဗ္ဘာတိ? အာဠဝကေ ဘိက္ခူ အာရဗ္ဘ။ ကိသ္မိံ ဝတ္ထုသ္မိန္တိ<a name=""V0.0026""></a>? အာဠဝကာ ဘိက္ခူ ဇာနံ သပ္ပါဏကံ ဥဒကံ တိဏမ္ပိ မတ္တိကမ္ပိ သိဉ္စိံသု, တသ္မိံ ဝတ္ထုသ္မိံ။ ဧကာ ပညတ္တိ။ ဆန္နံ အာပတ္တိသမုဋ္ဌာနာနံ တီဟိ သမုဋ္ဌာနေဟိ သမုဋ္ဌာတိ…ပေ…။</p>
<p class=""centered"">ဘူတဂါမဝဂ္ဂေါ ဒုတိယော။</p>
<p class=""subhead"">၃။ ဩဝါဒဝဂ္ဂေါ</p>
<p class=""bodytext""><a name=""para74""></a><a name=""para74_vin5""></a><span class=""paranum"">၇၄</span>။ အသမ္မတေန <a name=""T0.0037""></a> ဘိက္ခုနိယော ဩဝဒန္တဿ ပါစိတ္တိယံ ကတ္ထ ပညတ္တန္တိ? သာဝတ္ထိယံ ပညတ္တံ။ ကံ အာရဗ္ဘာတိ? ဆဗ္ဗဂ္ဂိယေ ဘိက္ခူ အာရဗ္ဘ။ ကိသ္မိံ ဝတ္ထုသ္မိန္တိ? ဆဗ္ဗဂ္ဂိယာ ဘိက္ခူ အသမ္မတာ ဘိက္ခုနိယော ဩဝဒိံသု, တသ္မိံ ဝတ္ထုသ္မိံ။ အတ္ထိ တတ္ထ ပညတ္တိ, အနုပညတ္တိ, အနုပ္ပန္နပညတ္တီတိ? ဧကာ ပညတ္တိ, ဧကာ အနုပညတ္တိ။ အနုပ္ပန္နပညတ္တိ တသ္မိံ နတ္ထိ။ ဆန္နံ အာပတ္တိသမုဋ္ဌာနာနံ ဒွီဟိ သမုဋ္ဌာနေဟိ သမုဋ္ဌာတိ – သိယာ ဝါစတော သမုဋ္ဌာတိ, န ကာယတော န စိတ္တတော၊ သိယာ ဝါစတော စ စိတ္တတော စ သမုဋ္ဌာတိ, န ကာယတော…ပေ…။</p>
<p class=""bodytext""><a name=""para75""></a><a name=""para75_vin5""></a><span class=""paranum"">၇၅</span>။ အတ္ထင်္ဂတေ သူရိယေ ဘိက္ခုနိယော ဩဝဒန္တဿ ပါစိတ္တိယံ ကတ္ထ ပညတ္တန္တိ? သာဝတ္ထိယံ ပညတ္တံ။ ကံ အာရဗ္ဘာတိ? အာယသ္မန္တံ စူဠပန္ထကံ အာရဗ္ဘ။ ကိသ္မိံ ဝတ္ထုသ္မိန္တိ? အာယသ္မာ စူဠပန္ထကော အတ္ထင်္ဂတေ သူရိယေ ဘိက္ခုနိယော ဩဝဒိ, တသ္မိံ ဝတ္ထုသ္မိံ။ ဧကာ ပညတ္တိ။ ဆန္နံ အာပတ္တိသမုဋ္ဌာနာနံ ဒွီဟိ သမုဋ္ဌာနေဟိ သမုဋ္ဌာတိ ပဒသောဓမ္မေ…ပေ…။</p>
<p class=""bodytext""><a name=""para76""></a><a name=""para76_vin5""></a><span class=""paranum"">၇၆</span>။ ဘိက္ခုနုပဿယံ ဥပသင်္ကမိတွာ ဘိက္ခုနိယော ဩဝဒန္တဿ ပါစိတ္တိယံ ကတ္ထ ပညတ္တန္တိ? သက္ကေသု ပညတ္တံ။ ကံ အာရဗ္ဘာတိ? ဆဗ္ဗဂ္ဂိယေ ဘိက္ခူ <a name=""T0.0038""></a> အာရဗ္ဘ။ ကိသ္မိံ ဝတ္ထုသ္မိန္တိ? ဆဗ္ဗဂ္ဂိယာ ဘိက္ခူ ဘိက္ခုနုပဿယံ <a name=""P5.0017""></a> ဥပသင်္ကမိတွာ ဘိက္ခုနိယော ဩဝဒိံသု, တသ္မိံ ဝတ္ထုသ္မိံ။ ဧကာ ပညတ္တိ, ဧကာ အနုပညတ္တိ။ ဆန္နံ အာပတ္တိသမုဋ္ဌာနာနံ ဒွီဟိ သမုဋ္ဌာနေဟိ သမုဋ္ဌာတိ ကထိနကေ…ပေ…။</p>
",-73-74-75-76-
1897,mula_vi_05,27,"<p class=""bodytext""><a name=""para77""></a><a name=""para77_vin5""></a><span class=""paranum"">၇၇</span>။ ‘‘အာမိသဟေတု <a name=""M0.0027""></a> ဘိက္ခူ ဘိက္ခုနိယော ဩဝဒန္တီ’’တိ ဘဏန္တဿ ပါစိတ္တိယံ ကတ္ထ ပညတ္တန္တိ? သာဝတ္ထိယံ ပညတ္တံ။ ကံ အာရဗ္ဘာတိ? ဆဗ္ဗဂ္ဂိယေ ဘိက္ခူ အာရဗ္ဘ။ ကိသ္မိံ ဝတ္ထုသ္မိန္တိ? ဆဗ္ဗဂ္ဂိယာ ဘိက္ခူ ‘‘အာမိသဟေတု ဘိက္ခူ ဘိက္ခုနိယော ဩဝဒန္တီ’’တိ ဘဏိံသု, တသ္မိံ ဝတ္ထုသ္မိံ။ ဧကာ ပညတ္တိ။ ဆန္နံ အာပတ္တိသမုဋ္ဌာနာနံ တီဟိ သမုဋ္ဌာနေဟိ သမုဋ္ဌာတိ…ပေ…။</p>
<p class=""bodytext""><a name=""para78""></a><a name=""para78_vin5""></a><span class=""paranum"">၇၈</span>။ အညာတိကာယ <a name=""V0.0027""></a> ဘိက္ခုနိယာ စီဝရံ ဒေန္တဿ ပါစိတ္တိယံ ကတ္ထ ပညတ္တန္တိ? သာဝတ္ထိယံ ပညတ္တံ။ ကံ အာရဗ္ဘာတိ? အညတရံ ဘိက္ခုံ အာရဗ္ဘ။ ကိသ္မိံ ဝတ္ထုသ္မိန္တိ? အညတရော ဘိက္ခု အညာတိကာယ ဘိက္ခုနိယာ စီဝရံ အဒါသိ, တသ္မိံ ဝတ္ထုသ္မိံ။ ဧကာ ပညတ္တိ, ဧကာ အနုပညတ္တိ။ ဆန္နံ အာပတ္တိသမုဋ္ဌာနာနံ ဆဟိ သမုဋ္ဌာနေဟိ သမုဋ္ဌာတိ…ပေ…။</p>
<p class=""bodytext""><a name=""para79""></a><a name=""para79_vin5""></a><span class=""paranum"">၇၉</span>။ အညာတိကာယ ဘိက္ခုနိယာ စီဝရံ သိဗ္ဗေန္တဿ ပါစိတ္တိယံ ကတ္ထ ပညတ္တန္တိ? သာဝတ္ထိယံ ပညတ္တံ။ ကံ အာရဗ္ဘာတိ? အာယသ္မန္တံ ဥဒါယိံ အာရဗ္ဘ။ ကိသ္မိံ ဝတ္ထုသ္မိန္တိ? အာယသ္မာ ဥဒါယီ အညာတိကာယ ဘိက္ခုနိယာ စီဝရံ သိဗ္ဗေသိ, တသ္မိံ ဝတ္ထုသ္မိံ။ ဧကာ ပညတ္တိ။ ဆန္နံ အာပတ္တိသမုဋ္ဌာနာနံ ဆဟိ သမုဋ္ဌာနေဟိ သမုဋ္ဌာတိ <a name=""T0.0039""></a> …ပေ…။</p>
<p class=""bodytext""><a name=""para80""></a><a name=""para80_vin5""></a><span class=""paranum"">၈၀</span>။ ဘိက္ခုနိယာ သဒ္ဓိံ သံဝိဓာယ ဧကဒ္ဓါနမဂ္ဂံ ပဋိပဇ္ဇန္တဿ ပါစိတ္တိယံ ကတ္ထ ပညတ္တန္တိ? သာဝတ္ထိယံ ပညတ္တံ။ ကံ အာရဗ္ဘာတိ? ဆဗ္ဗဂ္ဂိယေ ဘိက္ခူ အာရဗ္ဘ။ ကိသ္မိံ ဝတ္ထုသ္မိန္တိ? ဆဗ္ဗဂ္ဂိယာ ဘိက္ခူ ဘိက္ခုနီဟိ သဒ္ဓိံ သံဝိဓာယ ဧကဒ္ဓါနမဂ္ဂံ ပဋိပဇ္ဇိံသု, တသ္မိံ ဝတ္ထုသ္မိံ။ ဧကာ ပညတ္တိ, ဧကာ အနုပညတ္တိ။ ဆန္နံ အာပတ္တိသမုဋ္ဌာနာနံ စတူဟိ သမုဋ္ဌာနေဟိ သမုဋ္ဌာတိ – သိယာ ကာယတော သမုဋ္ဌာတိ, န ဝါစတော န စိတ္တတော၊ သိယာ ကာယတော စ ဝါစတော စ သမုဋ္ဌာတိ, န စိတ္တတော၊ သိယာ ကာယတော စ စိတ္တတော စ သမုဋ္ဌာတိ, န ဝါစတော၊ သိယာ ကာယတော စ ဝါစတော စ စိတ္တတော စ သမုဋ္ဌာတိ…ပေ…။</p>
<p class=""bodytext""><a name=""para81""></a><a name=""para81_vin5""></a><span class=""paranum"">၈၁</span>။ ဘိက္ခုနိယာ သဒ္ဓိံ သံဝိဓာယ ဧကံ နာဝံ အဘိရုဟန္တဿ ပါစိတ္တိယံ ကတ္ထ ပညတ္တန္တိ? သာဝတ္ထိယံ ပညတ္တံ။ ကံ အာရဗ္ဘာတိ? ဆဗ္ဗဂ္ဂိယေ ဘိက္ခူ အာရဗ္ဘ။ ကိသ္မိံ ဝတ္ထုသ္မိန္တိ? ဆဗ္ဗဂ္ဂိယာ ဘိက္ခူ ဘိက္ခုနီဟိ သဒ္ဓိံ သံဝိဓာယ ဧကံ နာဝံ အဘိရုဟိံသု, တသ္မိံ ဝတ္ထုသ္မိံ။ ဧကာ ပညတ္တိ, ဧကာ အနုပညတ္တိ။ ဆန္နံ အာပတ္တိသမုဋ္ဌာနာနံ စတူဟိ သမုဋ္ဌာနေဟိ သမုဋ္ဌာတိ…ပေ…။</p>
",-77-78-79-80-81-
1898,mula_vi_05,28,"<p class=""bodytext""><a name=""para82""></a><a name=""para82_vin5""></a><span class=""paranum"">၈၂</span>။ ဇာနံ <a name=""M0.0028""></a> ဘိက္ခုနိပရိပါစိတံ ပိဏ္ဍပါတံ ဘုဉ္ဇန္တဿ ပါစိတ္တိယံ ကတ္ထ ပညတ္တန္တိ? ရာဇဂဟေ ပညတ္တံ။ ကံ အာရဗ္ဘာတိ? ဒေဝဒတ္တံ အာရဗ္ဘ။ ကိသ္မိံ ဝတ္ထုသ္မိန္တိ? ဒေဝဒတ္တော ဇာနံ ဘိက္ခုနိပရိပါစိတံ <a name=""T0.0040""></a> ပိဏ္ဍပါတံ ဘုဉ္ဇိ, တသ္မိံ ဝတ္ထုသ္မိံ။ ဧကာ ပညတ္တိ, ဧကာ အနုပညတ္တိ။ ဆန္နံ အာပတ္တိသမုဋ္ဌာနာနံ ဧကေန သမုဋ္ဌာနေန သမုဋ္ဌာတိ – ကာယတော စ စိတ္တတော စ သမုဋ္ဌာတိ, န ဝါစတော…ပေ…။</p>
<p class=""bodytext""><a name=""para83""></a><a name=""para83_vin5""></a><span class=""paranum"">၈၃</span>။ ဘိက္ခုနိယာ <a name=""P5.0018""></a><a name=""V0.0028""></a> သဒ္ဓိံ ဧကော ဧကာယ ရဟော နိသဇ္ဇံ ကပ္ပေန္တဿ ပါစိတ္တိယံ ကတ္ထ ပညတ္တန္တိ? သာဝတ္ထိယံ ပညတ္တံ။ ကံ အာရဗ္ဘာတိ? အာယသ္မန္တံ ဥဒါယိံ အာရဗ္ဘ။ ကိသ္မိံ ဝတ္ထုသ္မိန္တိ? အာယသ္မာ ဥဒါယီ ဘိက္ခုနိယာ သဒ္ဓိံ ဧကော ဧကာယ ရဟော နိသဇ္ဇံ ကပ္ပေသိ, တသ္မိံ ဝတ္ထုသ္မိံ။ ဧကာ ပညတ္တိ။ ဆန္နံ အာပတ္တိသမုဋ္ဌာနာနံ ဧကေန သမုဋ္ဌာနေန သမုဋ္ဌာတိ – ကာယတော စ စိတ္တတော စ သမုဋ္ဌာတိ, န ဝါစတော…ပေ…။</p>
<p class=""centered"">ဩဝါဒဝဂ္ဂေါ တတိယော။</p>
<p class=""subhead"">၄။ ဘောဇနဝဂ္ဂေါ</p>
<p class=""bodytext""><a name=""para84""></a><a name=""para84_vin5""></a><span class=""paranum"">၈၄</span>။ တတုတ္တရိ အာဝသထပိဏ္ဍံ ဘုဉ္ဇန္တဿ ပါစိတ္တိယံ ကတ္ထ ပညတ္တန္တိ? သာဝတ္ထိယံ ပညတ္တံ။ ကံ အာရဗ္ဘာတိ? ဆဗ္ဗဂ္ဂိယေ ဘိက္ခူ <a name=""T0.0041""></a> အာရဗ္ဘ။ ကိသ္မိံ ဝတ္ထုသ္မိန္တိ? ဆဗ္ဗဂ္ဂိယာ ဘိက္ခူ အနုဝသိတွာ အနုဝသိတွာ အာဝသထပိဏ္ဍံ ဘုဉ္ဇိံသု, တသ္မိံ ဝတ္ထုသ္မိံ။ ဧကာ ပညတ္တိ, ဧကာ အနုပညတ္တိ။ ဆန္နံ အာပတ္တိသမုဋ္ဌာနာနံ ဒွီဟိ သမုဋ္ဌာနေဟိ သမုဋ္ဌာတိ ဧဠကလောမကေ…ပေ…။</p>
<p class=""bodytext""><a name=""para85""></a><a name=""para85_vin5""></a><span class=""paranum"">၈၅</span>။ ဂဏဘောဇနေ ပါစိတ္တိယံ ကတ္ထ ပညတ္တန္တိ? ရာဇဂဟေ ပညတ္တံ။ ကံ အာရဗ္ဘာတိ? ဒေဝဒတ္တံ အာရဗ္ဘ။ ကိသ္မိံ ဝတ္ထုသ္မိန္တိ? ဒေဝဒတ္တော သပရိသော ကုလေသု ဝိညာပေတွာ ဝိညာပေတွာ ဘုဉ္ဇိ, တသ္မိံ ဝတ္ထုသ္မိံ။ ဧကာ ပညတ္တိ, သတ္တ အနုပညတ္တိယော။ ဆန္နံ အာပတ္တိသမုဋ္ဌာနာနံ ဒွီဟိ သမုဋ္ဌာနေဟိ သမုဋ္ဌာတိ ဧဠကလောမကေ…ပေ…။</p>
<p class=""bodytext""><a name=""para86""></a><a name=""para86_vin5""></a><span class=""paranum"">၈၆</span>။ ပရမ္ပရဘောဇနေ ပါစိတ္တိယံ ကတ္ထ ပညတ္တန္တိ? ဝေသာလိယံ ပညတ္တံ။ ကံ အာရဗ္ဘာတိ? သမ္ဗဟုလေ ဘိက္ခူ အာရဗ္ဘ။ ကိသ္မိံ ဝတ္ထုသ္မိန္တိ? သမ္ဗဟုလာ</p>
",-82-83-84-85-86-
1899,mula_vi_05,29,"<p class=""noindentbodytext""> ဘိက္ခူ<a name=""M0.0029""></a> အညတြ နိမန္တိတာ အညတြ ဘုဉ္ဇိံသု, တသ္မိံ ဝတ္ထုသ္မိံ။ ဧကာ ပညတ္တိ, စတဿော အနုပညတ္တိယော။ ဆန္နံ အာပတ္တိသမုဋ္ဌာနာနံ ဒွီဟိ သမုဋ္ဌာနေဟိ သမုဋ္ဌာတိ ကထိနကေ…ပေ…။</p>
<p class=""bodytext""><a name=""para87""></a><a name=""para87_vin5""></a><span class=""paranum"">၈၇</span>။ ဒွတ္တိပတ္တပူရေ ပူဝေ ပဋိဂ္ဂဟေတွာ တတုတ္တရိ ပဋိဂ္ဂဏှန္တဿ ပါစိတ္တိယံ ကတ္ထ ပညတ္တန္တိ? သာဝတ္ထိယံ ပညတ္တံ။ ကံ အာရဗ္ဘာတိ? သမ္ဗဟုလေ ဘိက္ခူ အာရဗ္ဘ။ ကိသ္မိံ ဝတ္ထုသ္မိန္တိ? သမ္ဗဟုလာ ဘိက္ခူ န မတ္တံ ဇာနိတွာ ပဋိဂ္ဂဟေသုံ, တသ္မိံ ဝတ္ထုသ္မိံ။ ဧကာ <a name=""T0.0042""></a> ပညတ္တိ။ ဆန္နံ အာပတ္တိသမုဋ္ဌာနာနံ ဆဟိ သမုဋ္ဌာနေဟိ သမုဋ္ဌာတိ…ပေ…။</p>
<p class=""bodytext""><a name=""para88""></a><a name=""para88_vin5""></a><span class=""paranum"">၈၈</span>။ ဘုတ္တာဝိနာ <a name=""V0.0029""></a> ပဝါရိတေန အနတိရိတ္တံ ခါဒနီယံ ဝါ ဘောဇနီယံ ဝါ ဘုဉ္ဇန္တဿ ပါစိတ္တိယံ ကတ္ထ ပညတ္တန္တိ? သာဝတ္ထိယံ ပညတ္တံ။ ကံ အာရဗ္ဘာတိ? သမ္ဗဟုလေ ဘိက္ခူ အာရဗ္ဘ။ ကိသ္မိံ ဝတ္ထုသ္မိန္တိ? သမ္ဗဟုလာ ဘိက္ခူ ဘုတ္တာဝီ ပဝါရိတာ အညတြ ဘုဉ္ဇိံသု, တသ္မိံ ဝတ္ထုသ္မိံ။ ဧကာ ပညတ္တိ, ဧကာ အနုပညတ္တိ။ ဆန္နံ အာပတ္တိသမုဋ္ဌာနာနံ ဒွီဟိ သမုဋ္ဌာနေဟိ သမုဋ္ဌာတိ ကထိနကေ…ပေ…။</p>
<p class=""bodytext""><a name=""para89""></a><a name=""para89_vin5""></a><span class=""paranum"">၈၉</span>။ ဘိက္ခုံ ဘုတ္တာဝိံ ပဝါရိတံ အနတိရိတ္တေန ခါဒနီယေန ဝါ ဘောဇနီယေန ဝါ အဘိဟဋ္ဌုံ ပဝါရေန္တဿ ပါစိတ္တိယံ ကတ္ထ ပညတ္တန္တိ? သာဝတ္ထိယံ ပညတ္တံ။ ကံ အာရဗ္ဘာတိ? အညတရံ ဘိက္ခုံ အာရဗ္ဘ။ ကိသ္မိံ ဝတ္ထုသ္မိန္တိ? အညတရော ဘိက္ခု ဘိက္ခုံ ဘုတ္တာဝိံ ပဝါရိတံ အနတိရိတ္တေန ဘောဇနီယေန အဘိဟဋ္ဌုံ ပဝါရေသိ, တသ္မိံ ဝတ္ထုသ္မိံ။ ဧကာ ပညတ္တိ။ ဆန္နံ အာပတ္တိသမုဋ္ဌာနာနံ တီဟိ သမုဋ္ဌာနေဟိ သမုဋ္ဌာတိ…ပေ…။</p>
<p class=""bodytext""><a name=""para90""></a><a name=""para90_vin5""></a><span class=""paranum"">၉၀</span>။ ဝိကာလေ <a name=""P5.0019""></a> ခါဒနီယံ ဝါ ဘောဇနီယံ ဝါ ဘုဉ္ဇန္တဿ ပါစိတ္တိယံ ကတ္ထ ပညတ္တန္တိ? ရာဇဂဟေ ပညတ္တံ။ ကံ အာရဗ္ဘာတိ? သတ္တရသဝဂ္ဂိယေ ဘိက္ခူ အာရဗ္ဘ။ ကိသ္မိံ ဝတ္ထုသ္မိန္တိ? သတ္တရသဝဂ္ဂိယာ ဘိက္ခူ ဝိကာလေ ဘောဇနံ ဘုဉ္ဇိံသု, တသ္မိံ ဝတ္ထုသ္မိံ။ ဧကာ ပညတ္တိ။ ဆန္နံ အာပတ္တိသမုဋ္ဌာနာနံ ဒွီဟိ သမုဋ္ဌာနေဟိ သမုဋ္ဌာတိ ဧဠကလောမကေ…ပေ…။</p>
<p class=""bodytext""><a name=""para91""></a><a name=""para91_vin5""></a><span class=""paranum"">၉၁</span>။ သန္နိဓိကာရကံ ခါဒနီယံ ဝါ ဘောဇနီယံ ဝါ ဘုဉ္ဇန္တဿ ပါစိတ္တိယံ ကတ္ထ ပညတ္တန္တိ? သာဝတ္ထိယံ ပညတ္တံ။ ကံ အာရဗ္ဘာတိ? အာယသ္မန္တံ ဗေလဋ္ဌသီသံ အာရဗ္ဘ။ ကိသ္မိံ ဝတ္ထုသ္မိန္တိ? အာယသ္မာ ဗေလဋ္ဌသီသော သန္နိဓိကာရကံ</p>
",-87-88-89-90-91-
1900,mula_vi_05,30,"<p class=""noindentbodytext""> ဘောဇနံ<a name=""M0.0030""></a> ဘုဉ္ဇိ, တသ္မိံ ဝတ္ထုသ္မိံ။ ဧကာ ပညတ္တိ။ ဆန္နံ အာပတ္တိသမုဋ္ဌာနာနံ ဒွီဟိ သမုဋ္ဌာနေဟိ သမုဋ္ဌာတိ ဧဠကလောမကေ…ပေ…။</p>
<p class=""bodytext""><a name=""para92""></a><a name=""para92_vin5""></a><span class=""paranum"">၉၂</span>။ ပဏီတဘောဇနာနိ အတ္တနော အတ္ထာယ ဝိညာပေတွာ ဘုဉ္ဇန္တဿ ပါစိတ္တိယံ ကတ္ထ ပညတ္တန္တိ? သာဝတ္ထိယံ ပညတ္တံ။ ကံ အာရဗ္ဘာတိ? ဆဗ္ဗဂ္ဂိယေ ဘိက္ခူ အာရဗ္ဘ။ ကိသ္မိံ ဝတ္ထုသ္မိန္တိ? ဆဗ္ဗဂ္ဂိယာ ဘိက္ခူ ပဏီတဘောဇနာနိ အတ္တနော အတ္ထာယ ဝိညာပေတွာ ဘုဉ္ဇိံသု, တသ္မိံ ဝတ္ထုသ္မိံ။ ဧကာ ပညတ္တိ, ဧကာ အနုပညတ္တိ။ ဆန္နံ အာပတ္တိသမုဋ္ဌာနာနံ စတူဟိ သမုဋ္ဌာနေဟိ သမုဋ္ဌာတိ…ပေ…။</p>
<p class=""bodytext""><a name=""para93""></a><a name=""para93_vin5""></a><span class=""paranum"">၉၃</span>။ အဒိန္နံ မုခဒွါရံ အာဟာရံ အာဟရန္တဿ ပါစိတ္တိယံ ကတ္ထ ပညတ္တန္တိ? ဝေသာလိယံ ပညတ္တံ။ ကံ အာရဗ္ဘာတိ? အညတရံ ဘိက္ခုံ အာရဗ္ဘ။ ကိသ္မိံ ဝတ္ထုသ္မိန္တိ? အညတရော ဘိက္ခု <a name=""V0.0030""></a> အဒိန္နံ မုခဒွါရံ <a name=""T0.0044""></a> အာဟာရံ အာဟရိ, တသ္မိံ ဝတ္ထုသ္မိံ။ ဧကာ ပညတ္တိ, ဧကာ အနုပညတ္တိ။ ဆန္နံ အာပတ္တိသမုဋ္ဌာနာနံ ဒွီဟိ သမုဋ္ဌာနေဟိ သမုဋ္ဌာတိ ဧဠကလောမကေ…ပေ…။</p>
<p class=""centered"">ဘောဇနဝဂ္ဂေါ စတုတ္ထော။</p>
<p class=""subhead"">၅။ အစေလကဝဂ္ဂေါ</p>
<p class=""bodytext""><a name=""para94""></a><a name=""para94_vin5""></a><span class=""paranum"">၉၄</span>။ အစေလကဿ ဝါ ပရိဗ္ဗာဇကဿ ဝါ ပရိဗ္ဗာဇိကာယ ဝါ သဟတ္ထာ ခါဒနီယံ ဝါ ဘောဇနီယံ ဝါ ဒေန္တဿ ပါစိတ္တိယံ ကတ္ထ ပညတ္တန္တိ? ဝေသာလိယံ ပညတ္တံ။ ကံ အာရဗ္ဘာတိ? အာယသ္မန္တံ အာနန္ဒံ အာရဗ္ဘ။ ကိသ္မိံ ဝတ္ထုသ္မိန္တိ? အာယသ္မာ အာနန္ဒော အညတရိဿာ ပရိဗ္ဗာဇိကာယ ဧကံ မညမာနော ဒွေ ပူဝေ အဒါသိ, တသ္မိံ ဝတ္ထုသ္မိံ။ ဧကာ ပညတ္တိ။ ဆန္နံ အာပတ္တိသမုဋ္ဌာနာနံ ဒွီဟိ သမုဋ္ဌာနေဟိ သမုဋ္ဌာတိ ဧဠကလောမကေ…ပေ…။</p>
<p class=""bodytext""><a name=""para95""></a><a name=""para95_vin5""></a><span class=""paranum"">၉၅</span>။ ဘိက္ခုံ ‘‘ဧဟာဝုသော, ဂါမံ ဝါ နိဂမံ ဝါ ပိဏ္ဍာယ ပဝိသိဿာမာ’’တိ တဿ ဒါပေတွာ ဝါ အဒါပေတွာ ဝါ ဥယျောဇေန္တဿ ပါစိတ္တိယံ ကတ္ထ ပညတ္တန္တိ? သာဝတ္ထိယံ ပညတ္တံ။ ကံ အာရဗ္ဘာတိ? အာယသ္မန္တံ ဥပနန္ဒံ သကျပုတ္တံ အာရဗ္ဘ။ ကိသ္မိံ ဝတ္ထုသ္မိန္တိ<a name=""T0.0045""></a>? အာယသ္မာ ဥပနန္ဒော သကျပုတ္တော ဘိက္ခုံ ‘‘ဧဟာဝုသော, ဂါမံ ပိဏ္ဍာယ ပဝိသိဿာမာ’’တိ, တဿ အဒါပေတွာ ဥယျောဇေသိ, တသ္မိံ ဝတ္ထုသ္မိံ။ ဧကာ ပညတ္တိ။ ဆန္နံ အာပတ္တိသမုဋ္ဌာနာနံ တီဟိ သမုဋ္ဌာနေဟိ သမုဋ္ဌာတိ…ပေ…။</p>
",-92-93-94-95-
1901,mula_vi_05,31,"<p class=""bodytext""><a name=""para96""></a><a name=""para96_vin5""></a><span class=""paranum"">၉၆</span>။ သဘောဇနေ <a name=""M0.0031""></a> ကုလေ အနုပခဇ္ဇ နိသဇ္ဇံ ကပ္ပေန္တဿ ပါစိတ္တိယံ ကတ္ထ ပညတ္တန္တိ? သာဝတ္ထိယံ ပညတ္တံ။ ကံ အာရဗ္ဘာတိ? အာယသ္မန္တံ ဥပနန္ဒံ သကျပုတ္တံ အာရဗ္ဘ။ ကိသ္မိံ ဝတ္ထုသ္မိန္တိ? အာယသ္မာ ဥပနန္ဒော သကျပုတ္တော သဘောဇနေ ကုလေ အနုပခဇ္ဇ နိသဇ္ဇံ ကပ္ပေသိ, တသ္မိံ ဝတ္ထုသ္မိံ။ ဧကာ ပညတ္တိ<a name=""P5.0020""></a>။ ဆန္နံ အာပတ္တိသမုဋ္ဌာနာနံ ဧကေန သမုဋ္ဌာနေန သမုဋ္ဌာတိ – ကာယတော စ စိတ္တတော စ သမုဋ္ဌာတိ, န ဝါစတော…ပေ…။</p>
<p class=""bodytext""><a name=""para97""></a><a name=""para97_vin5""></a><span class=""paranum"">၉၇</span>။ မာတုဂါမေန သဒ္ဓိံ ရဟော ပဋိစ္ဆန္နေ အာသနေ နိသဇ္ဇံ ကပ္ပေန္တဿ ပါစိတ္တိယံ ကတ္ထ ပညတ္တန္တိ? သာဝတ္ထိယံ ပညတ္တံ။ ကံ အာရဗ္ဘာတိ? အာယသ္မန္တံ ဥပနန္ဒံ သကျပုတ္တံ အာရဗ္ဘ။ ကိသ္မိံ ဝတ္ထုသ္မိန္တိ? အာယသ္မာ ဥပနန္ဒော သကျပုတ္တော မာတုဂါမေန သဒ္ဓိံ ရဟော ပဋိစ္ဆန္နေ အာသနေ နိသဇ္ဇံ ကပ္ပေသိ, တသ္မိံ ဝတ္ထုသ္မိံ။ ဧကာ ပညတ္တိ။ ဆန္နံ အာပတ္တိသမုဋ္ဌာနာနံ ဧကေန သမုဋ္ဌာနေန သမုဋ္ဌာတိ – ကာယတော စ စိတ္တတော စ သမုဋ္ဌာတိ, န ဝါစတော…ပေ…။</p>
<p class=""bodytext""><a name=""para98""></a><a name=""para98_vin5""></a><span class=""paranum"">၉၈</span>။ မာတုဂါမေန <a name=""V0.0031""></a> သဒ္ဓိံ ဧကော ဧကာယ ရဟော နိသဇ္ဇံ ကပ္ပေန္တဿ ပါစိတ္တိယံ ကတ္ထ ပညတ္တန္တိ? သာဝတ္ထိယံ ပညတ္တံ။ ကံ အာရဗ္ဘာတိ? အာယသ္မန္တံ ဥပနန္ဒံ သကျပုတ္တံ အာရဗ္ဘ။ ကိသ္မိံ ဝတ္ထုသ္မိန္တိ? အာယသ္မာ ဥပနန္ဒော သကျပုတ္တော မာတုဂါမေန သဒ္ဓိံ ဧကော ဧကာယ ရဟော နိသဇ္ဇံ ကပ္ပေသိ, တသ္မိံ ဝတ္ထုသ္မိံ။ ဧကာ ပညတ္တိ။ ဆန္နံ အာပတ္တိသမုဋ္ဌာနာနံ ဧကေန သမုဋ္ဌာနေန သမုဋ္ဌာတိ – ကာယတော စ စိတ္တတော စ သမုဋ္ဌာတိ, န ဝါစတော…ပေ…။</p>
<p class=""bodytext""><a name=""para99""></a><a name=""para99_vin5""></a><span class=""paranum"">၉၉</span>။ နိမန္တိတေန သဘတ္တေန သန္တံ ဘိက္ခုံ အနာပုစ္ဆာ ပုရေဘတ္တံ ပစ္ဆာဘတ္တံ ကုလေသု စာရိတ္တံ အာပဇ္ဇန္တဿ ပါစိတ္တိယံ ကတ္ထ ပညတ္တန္တိ? ရာဇဂဟေ ပညတ္တံ။ ကံ အာရဗ္ဘာတိ? အာယသ္မန္တံ ဥပနန္ဒံ သကျပုတ္တံ အာရဗ္ဘ။ ကိသ္မိံ ဝတ္ထုသ္မိန္တိ? အာယသ္မာ ဥပနန္ဒော သကျပုတ္တော နိမန္တိတော သဘတ္တော သမာနော ပုရေဘတ္တံ ပစ္ဆာဘတ္တံ ကုလေသု စာရိတ္တံ အာပဇ္ဇိ, တသ္မိံ ဝတ္ထုသ္မိံ။ ဧကာ ပညတ္တိ, စတဿော အနုပညတ္တိယော။ ဆန္နံ အာပတ္တိသမုဋ္ဌာနာနံ ဒွီဟိ သမုဋ္ဌာနေဟိ သမုဋ္ဌာတိ ကထိနကေ…ပေ…။</p>
<p class=""bodytext""><a name=""para100""></a><a name=""para100_vin5""></a><span class=""paranum"">၁၀၀</span>။ တတုတ္တရိ ဘေသဇ္ဇံ ဝိညာပေန္တဿ ပါစိတ္တိယံ ကတ္ထ ပညတ္တန္တိ? သက္ကေသု ပညတ္တံ။ ကံ အာရဗ္ဘာတိ? ဆဗ္ဗဂ္ဂိယေ ဘိက္ခူ အာရဗ္ဘ။ ကိသ္မိံ ဝတ္ထုသ္မိန္တိ? ဆဗ္ဗဂ္ဂိယာ ဘိက္ခူ မဟာနာမေန သက္ကေန ‘‘အဇ္ဇဏှော, ဘန္တေ,</p>
",-96-97-98-99-100-
1902,mula_vi_05,32,"<p class=""noindentbodytext""> အာဂမေထာ’’တိ<a name=""M0.0032""></a> ဝုစ္စမာနာ နာဂမေသုံ, တသ္မိံ ဝတ္ထုသ္မိံ။ ဧကာ ပညတ္တိ။ ဆန္နံ အာပတ္တိသမုဋ္ဌာနာနံ ဆဟိ သမုဋ္ဌာနေဟိ သမုဋ္ဌာတိ…ပေ…။</p>
<p class=""bodytext""><a name=""para101""></a><a name=""para101_vin5""></a><span class=""paranum"">၁၀၁</span>။ ဥယျုတ္တံ သေနံ ဒဿနာယ ဂစ္ဆန္တဿ ပါစိတ္တိယံ ကတ္ထ ပညတ္တန္တိ<a name=""T0.0047""></a>? သာဝတ္ထိယံ ပညတ္တံ။ ကံ အာရဗ္ဘာတိ? ဆဗ္ဗဂ္ဂိယေ ဘိက္ခူ အာရဗ္ဘ။ ကိသ္မိံ ဝတ္ထုသ္မိန္တိ? ဆဗ္ဗဂ္ဂိယာ ဘိက္ခူ ဥယျုတ္တံ သေနံ ဒဿနာယ အဂမံသု, တသ္မိံ ဝတ္ထုသ္မိံ။ ဧကာ ပညတ္တိ, ဧကာ အနုပညတ္တိ။ ဆန္နံ အာပတ္တိသမုဋ္ဌာနာနံ ဒွီဟိ သမုဋ္ဌာနေဟိ သမုဋ္ဌာတိ ဧဠကလောမကေ…ပေ…။</p>
<p class=""bodytext""><a name=""para102""></a><a name=""para102_vin5""></a><span class=""paranum"">၁၀၂</span>။ အတိရေကတိရတ္တံ သေနာယ ဝသန္တဿ ပါစိတ္တိယံ ကတ္ထ ပညတ္တန္တိ? သာဝတ္ထိယံ ပညတ္တံ။ ကံ အာရဗ္ဘာတိ? ဆဗ္ဗဂ္ဂိယေ ဘိက္ခူ အာရဗ္ဘ။ ကိသ္မိံ ဝတ္ထုသ္မိန္တိ? ဆဗ္ဗဂ္ဂိယာ ဘိက္ခူ အတိရေကတိရတ္တံ သေနာယ ဝသိံသု, တသ္မိံ ဝတ္ထုသ္မိံ။ ဧကာ ပညတ္တိ။ ဆန္နံ အာပတ္တိသမုဋ္ဌာနာနံ ဒွီဟိ သမုဋ္ဌာနေဟိ သမုဋ္ဌာတိ ဧဠကလောမကေ…ပေ…။</p>
<p class=""bodytext""><a name=""para103""></a><a name=""para103_vin5""></a><span class=""paranum"">၁၀၃</span>။ ဥယျောဓိကံ ဂစ္ဆန္တဿ ပါစိတ္တိယံ ကတ္ထ ပညတ္တန္တိ? သာဝတ္ထိယံ ပညတ္တံ<a name=""P5.0021""></a>။ ကံ အာရဗ္ဘာတိ? ဆဗ္ဗဂ္ဂိယေ ဘိက္ခူ အာရဗ္ဘ။ ကိသ္မိံ ဝတ္ထုသ္မိန္တိ? ဆဗ္ဗဂ္ဂိယာ ဘိက္ခူ ဥယျောဓိကံ <a name=""V0.0032""></a> အဂမံသု, တသ္မိံ ဝတ္ထုသ္မိံ။ ဧကာ ပညတ္တိ။ ဆန္နံ အာပတ္တိသမုဋ္ဌာနာနံ ဒွီဟိ သမုဋ္ဌာနေဟိ သမုဋ္ဌာတိ ဧဠကလောမကေ…ပေ…။</p>
<p class=""centered"">အစေလကဝဂ္ဂေါ ပဉ္စမော။</p>
<p class=""subhead"">၆။ သုရာပါနဝဂ္ဂေါ</p>
<p class=""bodytext""><a name=""para104""></a><a name=""para104_vin5""></a><span class=""paranum"">၁၀၄</span>။ သုရာမေရယပါနေ <a name=""T0.0048""></a> ပါစိတ္တိယံ ကတ္ထ ပညတ္တန္တိ? ကောသမ္ဗိယံ ပညတ္တံ။ ကံ အာရဗ္ဘာတိ? အာယသ္မန္တံ သာဂတံ အာရဗ္ဘ။ ကိသ္မိံ ဝတ္ထုသ္မိန္တိ? အာယသ္မာ သာဂတော မဇ္ဇံ ပိဝိ, တသ္မိံ ဝတ္ထုသ္မိံ။ ဧကာ ပညတ္တိ။ ဆန္နံ အာပတ္တိသမုဋ္ဌာနာနံ ဒွီဟိ သမုဋ္ဌာနေဟိ သမုဋ္ဌာတိ – သိယာ ကာယတော သမုဋ္ဌာတိ, န ဝါစတော န စိတ္တတော၊ သိယာ ကာယတော စ စိတ္တတော စ သမုဋ္ဌာတိ, န ဝါစတော…ပေ…။</p>
<p class=""bodytext""><a name=""para105""></a><a name=""para105_vin5""></a><span class=""paranum"">၁၀၅</span>။ အင်္ဂုလိပတောဒကေ ပါစိတ္တိယံ ကတ္ထ ပညတ္တန္တိ? သာဝတ္ထိယံ ပညတ္တံ။ ကံ အာရဗ္ဘာတိ? ဆဗ္ဗဂ္ဂိယေ ဘိက္ခူ အာရဗ္ဘ။ ကိသ္မိံ ဝတ္ထုသ္မိန္တိ?</p>
",-101-102-103-104-105-
1903,mula_vi_05,33,"<p class=""noindentbodytext""> ဆဗ္ဗဂ္ဂိယာ<a name=""M0.0033""></a> ဘိက္ခူ ဘိက္ခုံ အင်္ဂုလိပတောဒကေန ဟာသေသုံ, တသ္မိံ ဝတ္ထုသ္မိံ။ ဧကာ ပညတ္တိ။ ဆန္နံ အာပတ္တိသမုဋ္ဌာနာနံ ဧကေန သမုဋ္ဌာနေန သမုဋ္ဌာတိ – ကာယတော စ စိတ္တတော စ သမုဋ္ဌာတိ, န ဝါစတော…ပေ…။</p>
<p class=""bodytext""><a name=""para106""></a><a name=""para106_vin5""></a><span class=""paranum"">၁၀၆</span>။ ဥဒကေ ဟသဓမ္မေ <span class=""note"">[ဟဿဓမ္မေ (သီ။ သျာ။)]</span> ပါစိတ္တိယံ ကတ္ထ ပညတ္တန္တိ? သာဝတ္ထိယံ ပညတ္တံ။ ကံ အာရဗ္ဘာတိ? သတ္တရသဝဂ္ဂိယေ ဘိက္ခူ အာရဗ္ဘ။ ကိသ္မိံ ဝတ္ထုသ္မိန္တိ? သတ္တရသဝဂ္ဂိယာ ဘိက္ခူ အစိရဝတိယာ နဒိယာ ဥဒကေ ကီဠိံသု, တသ္မိံ ဝတ္ထုသ္မိံ။ ဧကာ ပညတ္တိ။ ဆန္နံ အာပတ္တိသမုဋ္ဌာနာနံ ဧကေန သမုဋ္ဌာနေန သမုဋ္ဌာတိ – ကာယတော စ စိတ္တတော <a name=""T0.0049""></a> စ သမုဋ္ဌာတိ, န ဝါစတော…ပေ…။</p>
<p class=""bodytext""><a name=""para107""></a><a name=""para107_vin5""></a><span class=""paranum"">၁၀၇</span>။ အနာဒရိယေ ပါစိတ္တိယံ ကတ္ထ ပညတ္တန္တိ? ကောသမ္ဗိယံ ပညတ္တံ။ ကံ အာရဗ္ဘာတိ? အာယသ္မန္တံ ဆန္နံ အာရဗ္ဘ။ ကိသ္မိံ ဝတ္ထုသ္မိန္တိ? အာယသ္မာ ဆန္နော အနာဒရိယံ အကာသိ, တသ္မိံ ဝတ္ထုသ္မိံ။ ဧကာ ပညတ္တိ။ ဆန္နံ အာပတ္တိသမုဋ္ဌာနာနံ တီဟိ သမုဋ္ဌာနေဟိ သမုဋ္ဌာတိ…ပေ…။</p>
<p class=""bodytext""><a name=""para108""></a><a name=""para108_vin5""></a><span class=""paranum"">၁၀၈</span>။ ဘိက္ခုံ ဘိံသာပေန္တဿ ပါစိတ္တိယံ ကတ္ထ ပညတ္တန္တိ? သာဝတ္ထိယံ ပညတ္တံ။ ကံ အာရဗ္ဘာတိ? ဆဗ္ဗဂ္ဂိယေ ဘိက္ခူ အာရဗ္ဘ။ ကိသ္မိံ ဝတ္ထုသ္မိန္တိ? ဆဗ္ဗဂ္ဂိယာ ဘိက္ခူ ဘိက္ခုံ ဘိံသာပေသုံ<a name=""V0.0033""></a>, တသ္မိံ ဝတ္ထုသ္မိံ။ ဧကာ ပညတ္တိ။ ဆန္နံ အာပတ္တိသမုဋ္ဌာနာနံ တီဟိ သမုဋ္ဌာနေဟိ သမုဋ္ဌာတိ…ပေ…။</p>
<p class=""bodytext""><a name=""para109""></a><a name=""para109_vin5""></a><span class=""paranum"">၁၀၉</span>။ ဇောတိံ သမာဒဟိတွာ ဝိသိဗ္ဗေန္တဿ ပါစိတ္တိယံ ကတ္ထ ပညတ္တန္တိ? ဘဂ္ဂေသု ပညတ္တံ။ ကံ အာရဗ္ဘာတိ? သမ္ဗဟုလေ ဘိက္ခူ အာရဗ္ဘ။ ကိသ္မိံ ဝတ္ထုသ္မိန္တိ? သမ္ဗဟုလာ ဘိက္ခူ ဇောတိံ သမာဒဟိတွာ ဝိသိဗ္ဗေသုံ, တသ္မိံ ဝတ္ထုသ္မိံ။ ဧကာ ပညတ္တိ, ဒွေ အနုပညတ္တိယော။ ဆန္နံ အာပတ္တိသမုဋ္ဌာနာနံ ဆဟိ သမုဋ္ဌာနေဟိ သမုဋ္ဌာတိ…ပေ…။</p>
<p class=""bodytext""><a name=""para110""></a><a name=""para110_vin5""></a><span class=""paranum"">၁၁၀</span>။ ဩရေနဒ္ဓမာသံ နဟာယန္တဿ ပါစိတ္တိယံ ကတ္ထ ပညတ္တန္တိ? ရာဇဂဟေ ပညတ္တံ။ ကံ အာရဗ္ဘာတိ? သမ္ဗဟုလေ ဘိက္ခူ အာရဗ္ဘ။ ကိသ္မိံ ဝတ္ထုသ္မိန္တိ? သမ္ဗဟုလာ ဘိက္ခူ ရာဇာနမ္ပိ ပဿိတွာ န <a name=""T0.0050""></a> မတ္တံ ဇာနိတွာ နဟာယိံသု, တသ္မိံ ဝတ္ထုသ္မိံ။ ဧကာ ပညတ္တိ, ဆ အနုပညတ္တိယော။ သဗ္ဗတ္ထပညတ္တိ, ပဒေသပညတ္တီတိ? ပဒေသပညတ္တိ။ ဆန္နံ အာပတ္တိသမုဋ္ဌာနာနံ ဒွီဟိ သမုဋ္ဌာနေဟိ သမုဋ္ဌာတိ ဧဠကလောမကေ…ပေ…။</p>
",-106-107-108-109-110-
1904,mula_vi_05,34,"<p class=""bodytext""><a name=""para111""></a><a name=""para111_vin5""></a><span class=""paranum"">၁၁၁</span>။ အနာဒိယိတွာ <a name=""P5.0022""></a><a name=""M0.0034""></a> တိဏ္ဏံ ဒုဗ္ဗဏ္ဏကရဏာနံ အညတရံ ဒုဗ္ဗဏ္ဏကရဏံ နဝံ စီဝရံ ပရိဘုဉ္ဇန္တဿ ပါစိတ္တိယံ ကတ္ထ ပညတ္တန္တိ? သာဝတ္ထိယံ ပညတ္တံ။ ကံ အာရဗ္ဘာတိ? သမ္ဗဟုလေ ဘိက္ခူ အာရဗ္ဘ။ ကိသ္မိံ ဝတ္ထုသ္မိန္တိ? သမ္ဗဟုလာ ဘိက္ခူ အတ္တနော စီဝရံ န သဉ္ဇာနိံသု, တသ္မိံ ဝတ္ထုသ္မိံ။ ဧကာ ပညတ္တိ။ ဆန္နံ အာပတ္တိသမုဋ္ဌာနာနံ ဒွီဟိ သမုဋ္ဌာနေဟိ သမုဋ္ဌာတိ ဧဠကလောမကေ…ပေ…။</p>
<p class=""bodytext""><a name=""para112""></a><a name=""para112_vin5""></a><span class=""paranum"">၁၁၂</span>။ ဘိက္ခုဿ ဝါ ဘိက္ခုနိယာ ဝါ သိက္ခမာနာယ ဝါ သာမဏေရဿ ဝါ သာမဏေရိယာ ဝါ သာမံ စီဝရံ ဝိကပ္ပေတွာ အပ္ပစ္စုဒ္ဓါရဏံ ပရိဘုဉ္ဇန္တဿ ပါစိတ္တိယံ ကတ္ထ ပညတ္တန္တိ? သာဝတ္ထိယံ ပညတ္တံ။ ကံ အာရဗ္ဘာတိ? အာယသ္မန္တံ ဥပနန္ဒံ သကျပုတ္တံ အာရဗ္ဘ။ ကိသ္မိံ ဝတ္ထုသ္မိန္တိ? အာယသ္မာ ဥပနန္ဒော သကျပုတ္တော ဘိက္ခုဿ သာမံ စီဝရံ ဝိကပ္ပေတွာ အပ္ပစ္စုဒ္ဓါရဏံ ပရိဘုဉ္ဇိ, တသ္မိံ ဝတ္ထုသ္မိံ။ ဧကာ ပညတ္တိ။ ဆန္နံ အာပတ္တိသမုဋ္ဌာနာနံ ဒွီဟိ သမုဋ္ဌာနေဟိ သမုဋ္ဌာတိ ကထိနကေ…ပေ…။</p>
<p class=""bodytext""><a name=""para113""></a><a name=""para113_vin5""></a><span class=""paranum"">၁၁၃</span>။ ဘိက္ခုဿ ပတ္တံ ဝါ စီဝရံ ဝါ နိသီဒနံ ဝါ သူစိဃရံ ဝါ ကာယဗန္ဓနံ ဝါ အပနိဓေန္တဿ ပါစိတ္တိယံ ကတ္ထ ပညတ္တန္တိ? သာဝတ္ထိယံ <a name=""T0.0051""></a> ပညတ္တံ။ ကံ အာရဗ္ဘာတိ? ဆဗ္ဗဂ္ဂိယေ ဘိက္ခူ အာရဗ္ဘ။ ကိသ္မိံ ဝတ္ထုသ္မိန္တိ? ဆဗ္ဗဂ္ဂိယာ ဘိက္ခူ ဘိက္ခူနံ ပတ္တမ္ပိ စီဝရမ္ပိ အပနိဓေသုံ<a name=""V0.0034""></a>, တသ္မိံ ဝတ္ထုသ္မိံ။ ဧကာ ပညတ္တိ။ ဆန္နံ အာပတ္တိသမုဋ္ဌာနာနံ တီဟိ သမုဋ္ဌာနေဟိ သမုဋ္ဌာတိ…ပေ…။</p>
<p class=""centered"">သုရာမေရယဝဂ္ဂေါ ဆဋ္ဌော။</p>
<p class=""subhead"">၇။ သပ္ပါဏကဝဂ္ဂေါ</p>
<p class=""bodytext""><a name=""para114""></a><a name=""para114_vin5""></a><span class=""paranum"">၁၁၄</span>။ သဉ္စိစ္စ ပါဏံ ဇီဝိတာ ဝေါရောပေန္တဿ ပါစိတ္တိယံ ကတ္ထ ပညတ္တန္တိ? သာဝတ္ထိယံ ပညတ္တံ။ ကံ အာရဗ္ဘာတိ? အာယသ္မန္တံ ဥဒါယိံ အာရဗ္ဘ။ ကိသ္မိံ ဝတ္ထုသ္မိန္တိ? အာယသ္မာ ဥဒါယီ သဉ္စိစ္စ ပါဏံ ဇီဝိတာ ဝေါရောပေသိ, တသ္မိံ ဝတ္ထုသ္မိံ။ ဧကာ ပညတ္တိ။ ဆန္နံ အာပတ္တိသမုဋ္ဌာနာနံ တီဟိ သမုဋ္ဌာနေဟိ သမုဋ္ဌာတိ…ပေ…။</p>
<p class=""bodytext""><a name=""para115""></a><a name=""para115_vin5""></a><span class=""paranum"">၁၁၅</span>။ ဇာနံ သပ္ပါဏကံ ဥဒကံ ပရိဘုဉ္ဇန္တဿ ပါစိတ္တိယံ ကတ္ထ ပညတ္တန္တိ? သာဝတ္ထိယံ ပညတ္တံ။ ကံ အာရဗ္ဘာတိ? ဆဗ္ဗဂ္ဂိယေ ဘိက္ခူ အာရဗ္ဘ။ ကိသ္မိံ</p>
",-111-112-113-114-115-
1905,mula_vi_05,35,"<p class=""noindentbodytext""> ဝတ္ထုသ္မိန္တိ<a name=""M0.0035""></a>? ဆဗ္ဗဂ္ဂိယာ ဘိက္ခူ ဇာနံ သပ္ပါဏကံ <a name=""T0.0052""></a> ဥဒကံ ပရိဘုဉ္ဇိံသု, တသ္မိံ ဝတ္ထုသ္မိံ။ ဧကာ ပညတ္တိ။ ဆန္နံ အာပတ္တိသမုဋ္ဌာနာနံ တီဟိ သမုဋ္ဌာနေဟိ သမုဋ္ဌာတိ…ပေ…။</p>
<p class=""bodytext""><a name=""para116""></a><a name=""para116_vin5""></a><span class=""paranum"">၁၁၆</span>။ ဇာနံ ယထာဓမ္မံ နိဟတာဓိကရဏံ ပုန ကမ္မာယ ဥက္ကောဋေန္တဿ ပါစိတ္တိယံ ကတ္ထ ပညတ္တန္တိ? သာဝတ္ထိယံ ပညတ္တံ။ ကံ အာရဗ္ဘာတိ? ဆဗ္ဗဂ္ဂိယေ ဘိက္ခူ အာရဗ္ဘ။ ကိသ္မိံ ဝတ္ထုသ္မိန္တိ? ဆဗ္ဗဂ္ဂိယာ ဘိက္ခူ ဇာနံ ယထာဓမ္မံ နိဟတာဓိကရဏံ ပုန ကမ္မာယ ဥက္ကောဋေသုံ, တသ္မိံ ဝတ္ထုသ္မိံ။ ဧကာ ပညတ္တိ။ ဆန္နံ အာပတ္တိသမုဋ္ဌာနာနံ တီဟိ သမုဋ္ဌာနေဟိ သမုဋ္ဌာတိ…ပေ…။</p>
<p class=""bodytext""><a name=""para117""></a><a name=""para117_vin5""></a><span class=""paranum"">၁၁၇</span>။ ဘိက္ခုဿ ဇာနံ ဒုဋ္ဌုလ္လံ အာပတ္တိံ ပဋိစ္ဆာဒေန္တဿ ပါစိတ္တိယံ ကတ္ထ ပညတ္တန္တိ? သာဝတ္ထိယံ ပညတ္တံ။ ကံ အာရဗ္ဘာတိ? အညတရံ ဘိက္ခုံ <a name=""P5.0023""></a> အာရဗ္ဘ။ ကိသ္မိံ ဝတ္ထုသ္မိန္တိ? အညတရော ဘိက္ခု ဘိက္ခုဿ ဇာနံ ဒုဋ္ဌုလ္လံ အာပတ္တိံ ပဋိစ္ဆာဒေသိ, တသ္မိံ ဝတ္ထုသ္မိံ။ ဧကာ ပညတ္တိ။ ဆန္နံ အာပတ္တိသမုဋ္ဌာနာနံ ဧကေန သမုဋ္ဌာနေန သမုဋ္ဌာတိ – ကာယတော စ ဝါစတော စ စိတ္တတော စ သမုဋ္ဌာတိ…ပေ…။</p>
<p class=""bodytext""><a name=""para118""></a><a name=""para118_vin5""></a><span class=""paranum"">၁၁၈</span>။ ဇာနံ ဦနဝီသတိဝဿံ ပုဂ္ဂလံ ဥပသမ္ပာဒေန္တဿ ပါစိတ္တိယံ ကတ္ထ ပညတ္တန္တိ? ရာဇဂဟေ ပညတ္တံ။ ကံ အာရဗ္ဘာတိ? သမ္ဗဟုလေ <a name=""V0.0035""></a> ဘိက္ခူ အာရဗ္ဘ။ ကိသ္မိံ ဝတ္ထုသ္မိန္တိ? သမ္ဗဟုလာ ဘိက္ခူ ဇာနံ ဦနဝီသတိဝဿံ ပုဂ္ဂလံ ဥပသမ္ပာဒေသုံ, တသ္မိံ ဝတ္ထုသ္မိံ။ ဧကာ ပညတ္တိ။ ဆန္နံ အာပတ္တိသမုဋ္ဌာနာနံ တီဟိ သမုဋ္ဌာနေဟိ သမုဋ္ဌာတိ…ပေ…။</p>
<p class=""bodytext""><a name=""para119""></a><a name=""para119_vin5""></a><span class=""paranum"">၁၁၉</span>။ ဇာနံ <a name=""T0.0053""></a> ထေယျသတ္ထေန သဒ္ဓိံ သံဝိဓာယ ဧကဒ္ဓါနမဂ္ဂံ ပဋိပဇ္ဇန္တဿ ပါစိတ္တိယံ ကတ္ထ ပညတ္တန္တိ? သာဝတ္ထိယံ ပညတ္တံ။ ကံ အာရဗ္ဘာတိ? အညတရံ ဘိက္ခုံ အာရဗ္ဘ။ ကိသ္မိံ ဝတ္ထုသ္မိန္တိ? အညတရော ဘိက္ခု ဇာနံ ထေယျသတ္ထေန သဒ္ဓိံ သံဝိဓာယ ဧကဒ္ဓါနမဂ္ဂံ ပဋိပဇ္ဇိ, တသ္မိံ ဝတ္ထုသ္မိံ။ ဧကာ ပညတ္တိ။ ဆန္နံ အာပတ္တိသမုဋ္ဌာနာနံ ဒွီဟိ သမုဋ္ဌာနေဟိ သမုဋ္ဌာတိ – သိယာ ကာယတော စ စိတ္တတော စ သမုဋ္ဌာတိ, န ဝါစတော၊ သိယာ ကာယတော စ ဝါစတော စ စိတ္တတော စ သမုဋ္ဌာတိ…ပေ…။</p>
<p class=""bodytext""><a name=""para120""></a><a name=""para120_vin5""></a><span class=""paranum"">၁၂၀</span>။ မာတုဂါမေန သဒ္ဓိံ သံဝိဓာယ ဧကဒ္ဓါနမဂ္ဂံ ပဋိပဇ္ဇန္တဿ ပါစိတ္တိယံ ကတ္ထ ပညတ္တန္တိ? သာဝတ္ထိယံ ပညတ္တံ။ ကံ အာရဗ္ဘာတိ? အညတရံ ဘိက္ခုံ အာရဗ္ဘ။</p>
",-116-117-118-119-120-
1906,mula_vi_05,36,"<p class=""noindentbodytext""> ကိသ္မိံ<a name=""M0.0036""></a> ဝတ္ထုသ္မိန္တိ? အညတရော ဘိက္ခု မာတုဂါမေန သဒ္ဓိံ သံဝိဓာယ ဧကဒ္ဓါနမဂ္ဂံ ပဋိပဇ္ဇိ, တသ္မိံ ဝတ္ထုသ္မိံ။ ဧကာ ပညတ္တိ။ ဆန္နံ အာပတ္တိသမုဋ္ဌာနာနံ စတူဟိ သမုဋ္ဌာနေဟိ သမုဋ္ဌာတိ…ပေ…။</p>
<p class=""bodytext""><a name=""para121""></a><a name=""para121_vin5""></a><span class=""paranum"">၁၂၁</span>။ ပါပိကာယ ဒိဋ္ဌိယာ ယာဝတတိယံ သမနုဘာသနာယ န ပဋိနိဿဇ္ဇန္တဿ ပါစိတ္တိယံ ကတ္ထ ပညတ္တန္တိ? သာဝတ္ထိယံ ပညတ္တံ။ ကံ အာရဗ္ဘာတိ? အရိဋ္ဌံ ဘိက္ခုံ ဂဒ္ဓဗာဓိပုဗ္ဗံ အာရဗ္ဘ။ ကိသ္မိံ ဝတ္ထုသ္မိန္တိ? အရိဋ္ဌော ဘိက္ခု ဂဒ္ဓဗာဓိပုဗ္ဗော ပါပိကာယ ဒိဋ္ဌိယာ ယာဝတတိယံ သမနုဘာသနာယ န ပဋိနိဿဇ္ဇိ, တသ္မိံ ဝတ္ထုသ္မိံ။ ဧကာ ပညတ္တိ။ ဆန္နံ အာပတ္တိသမုဋ္ဌာနာနံ ဧကေန သမုဋ္ဌာနေန သမုဋ္ဌာတိ။ ကာယတော စ ဝါစတော <a name=""T0.0054""></a> စ စိတ္တတော စ သမုဋ္ဌာတိ…ပေ…။</p>
<p class=""bodytext""><a name=""para122""></a><a name=""para122_vin5""></a><span class=""paranum"">၁၂၂</span>။ ဇာနံ တထာဝါဒိနာ ဘိက္ခုနာ <span class=""note"">[အရိဋ္ဌေန ဘိက္ခုနာ (က။)]</span> အကဋာနုဓမ္မေန တံ ဒိဋ္ဌိံ အပ္ပဋိနိဿဋ္ဌေန သဒ္ဓိံ သမ္ဘုဉ္ဇန္တဿ ပါစိတ္တိယံ ကတ္ထ ပညတ္တန္တိ? သာဝတ္ထိယံ ပညတ္တံ။ ကံ အာရဗ္ဘာတိ? ဆဗ္ဗဂ္ဂိယေ ဘိက္ခူ အာရဗ္ဘ။ ကိသ္မိံ ဝတ္ထုသ္မိန္တိ? ဆဗ္ဗဂ္ဂိယာ ဘိက္ခူ ဇာနံ တထာဝါဒိနာ အရိဋ္ဌေန ဘိက္ခုနာ အကဋာနုဓမ္မေန တံ ဒိဋ္ဌိံ အပ္ပဋိနိဿဋ္ဌေန သဒ္ဓိံ သမ္ဘုဉ္ဇိံသု, တသ္မိံ ဝတ္ထုသ္မိံ။ ဧကာ ပညတ္တိ။ ဆန္နံ အာပတ္တိသမုဋ္ဌာနာနံ တီဟိ သမုဋ္ဌာနေဟိ သမုဋ္ဌာတိ…ပေ…။</p>
<p class=""bodytext""><a name=""para123""></a><a name=""para123_vin5""></a><span class=""paranum"">၁၂၃</span>။ ဇာနံ တထာနာသိတံ သမဏုဒ္ဒေသံ ဥပလာပေန္တဿ ပါစိတ္တိယံ ကတ္ထ ပညတ္တန္တိ? သာဝတ္ထိယံ ပညတ္တံ။ ကံ အာရဗ္ဘာတိ? ဆဗ္ဗဂ္ဂိယေ ဘိက္ခူ အာရဗ္ဘ။ ကိသ္မိံ ဝတ္ထုသ္မိန္တိ? ဆဗ္ဗဂ္ဂိယာ <a name=""V0.0036""></a> ဘိက္ခူ ဇာနံ တထာနာသိတံ ကဏ္ဋကံ <a name=""P5.0024""></a> သမဏုဒ္ဒေသံ ဥပလာပေသုံ, တသ္မိံ ဝတ္ထုသ္မိံ။ ဧကာ ပညတ္တိ။ ဆန္နံ အာပတ္တိသမုဋ္ဌာနာနံ တီဟိ သမုဋ္ဌာနေဟိ သမုဋ္ဌာတိ…ပေ…။</p>
<p class=""centered"">သပ္ပါဏကဝဂ္ဂေါ သတ္တမော။</p>
<p class=""subhead"">၈။ သဟဓမ္မိကဝဂ္ဂေါ</p>
<p class=""bodytext""><a name=""para124""></a><a name=""para124_vin5""></a><span class=""paranum"">၁၂၄</span>။ ဘိက္ခူဟိ <a name=""T0.0055""></a> သဟဓမ္မိကံ ဝုစ္စမာနေန ‘‘န တာဝါဟံ, အာဝုသော, ဧတသ္မိံ သိက္ခာပဒေ သိက္ခိဿာမိ ယာဝ န အညံ ဘိက္ခုံ ဗျတ္တံ ဝိနယဓရံ</p>
",-121-122-123-124-
1907,mula_vi_05,37,"<p class=""noindentbodytext""> ပရိပုစ္ဆိဿာမီ’’တိ<a name=""M0.0037""></a> ဘဏန္တဿ ပါစိတ္တိယံ ကတ္ထ ပညတ္တန္တိ? ကောသမ္ဗိယံ ပညတ္တံ။ ကံ အာရဗ္ဘာတိ? အာယသ္မန္တံ ဆန္နံ အာရဗ္ဘ။ ကိသ္မိံ ဝတ္ထုသ္မိန္တိ? အာယသ္မာ ဆန္နော ဘိက္ခူဟိ သဟဓမ္မိကံ ဝုစ္စမာနော ‘‘န တာဝါဟံ, အာဝုသော, ဧတသ္မိံ သိက္ခာပဒေ သိက္ခိဿာမိ ယာဝ န အညံ ဘိက္ခုံ ဗျတ္တံ ဝိနယဓရံ ပရိပုစ္ဆိဿာမီ’’တိ ဘဏိ, တသ္မိံ ဝတ္ထုသ္မိံ။ ဧကာ ပညတ္တိ။ ဆန္နံ အာပတ္တိသမုဋ္ဌာနာနံ တီဟိ သမုဋ္ဌာနေဟိ သမုဋ္ဌာတိ…ပေ…။</p>
<p class=""bodytext""><a name=""para125""></a><a name=""para125_vin5""></a><span class=""paranum"">၁၂၅</span>။ ဝိနယံ ဝိဝဏ္ဏေန္တဿ ပါစိတ္တိယံ ကတ္ထ ပညတ္တန္တိ? သာဝတ္ထိယံ ပညတ္တံ။ ကံ အာရဗ္ဘာတိ? ဆဗ္ဗဂ္ဂိယေ ဘိက္ခူ အာရဗ္ဘ။ ကိသ္မိံ ဝတ္ထုသ္မိန္တိ? ဆဗ္ဗဂ္ဂိယာ ဘိက္ခူ ဝိနယံ ဝိဝဏ္ဏေသုံ, တသ္မိံ ဝတ္ထုသ္မိံ။ ဧကာ ပညတ္တိ။ ဆန္နံ အာပတ္တိသမုဋ္ဌာနာနံ တီဟိ သမုဋ္ဌာနေဟိ သမုဋ္ဌာတိ…ပေ…။</p>
<p class=""bodytext""><a name=""para126""></a><a name=""para126_vin5""></a><span class=""paranum"">၁၂၆</span>။ မောဟနကေ ပါစိတ္တိယံ ကတ္ထ ပညတ္တန္တိ? သာဝတ္ထိယံ ပညတ္တံ။ ကံ အာရဗ္ဘာတိ? ဆဗ္ဗဂ္ဂိယေ ဘိက္ခူ အာရဗ္ဘ။ ကိသ္မိံ ဝတ္ထုသ္မိန္တိ? ဆဗ္ဗဂ္ဂိယာ ဘိက္ခူ မောဟေသုံ, တသ္မိံ ဝတ္ထုသ္မိံ။ ဧကာ ပညတ္တိ။ ဆန္နံ အာပတ္တိသမုဋ္ဌာနာနံ တီဟိ သမုဋ္ဌာနေဟိ သမုဋ္ဌာတိ…ပေ…။</p>
<p class=""bodytext""><a name=""para127""></a><a name=""para127_vin5""></a><span class=""paranum"">၁၂၇</span>။ ဘိက္ခုဿ ကုပိတေန အနတ္တမနေန ပဟာရံ ဒေန္တဿ ပါစိတ္တိယံ ကတ္ထ <a name=""T0.0056""></a> ပညတ္တန္တိ? သာဝတ္ထိယံ ပညတ္တံ။ ကံ အာရဗ္ဘာတိ? ဆဗ္ဗဂ္ဂိယေ ဘိက္ခူ အာရဗ္ဘ။ ကိသ္မိံ ဝတ္ထုသ္မိန္တိ? ဆဗ္ဗဂ္ဂိယာ ဘိက္ခူ ကုပိတာ အနတ္တမနာ ဘိက္ခူနံ ပဟာရံ အဒံသု, တသ္မိံ ဝတ္ထုသ္မိံ။ ဧကာ ပညတ္တိ။ ဆန္နံ အာပတ္တိသမုဋ္ဌာနာနံ ဧကေန သမုဋ္ဌာနေန သမုဋ္ဌာတိ – ကာယတော စ စိတ္တတော စ သမုဋ္ဌာတိ, န ဝါစတော…ပေ…။</p>
<p class=""bodytext""><a name=""para128""></a><a name=""para128_vin5""></a><span class=""paranum"">၁၂၈</span>။ ဘိက္ခုဿ ကုပိတေန အနတ္တမနေန တလသတ္တိကံ ဥဂ္ဂိရန္တဿ ပါစိတ္တိယံ ကတ္ထ ပညတ္တန္တိ<a name=""V0.0037""></a>? သာဝတ္ထိယံ ပညတ္တံ။ ကံ အာရဗ္ဘာတိ? ဆဗ္ဗဂ္ဂိယေ ဘိက္ခူ အာရဗ္ဘ။ ကိသ္မိံ ဝတ္ထုသ္မိန္တိ? ဆဗ္ဗဂ္ဂိယာ ဘိက္ခူ ကုပိတာ အနတ္တမနာ ဘိက္ခူနံ တလသတ္တိကံ ဥဂ္ဂိရိံသု, တသ္မိံ ဝတ္ထုသ္မိံ။ ဧကာ ပညတ္တိ။ ဆန္နံ အာပတ္တိသမုဋ္ဌာနာနံ ဧကေန သမုဋ္ဌာနေန သမုဋ္ဌာတိ – ကာယတော စ စိတ္တတော စ သမုဋ္ဌာတိ, န ဝါစတော…ပေ…။</p>
<p class=""bodytext""><a name=""para129""></a><a name=""para129_vin5""></a><span class=""paranum"">၁၂၉</span>။ ဘိက္ခုံ အမူလကေန သံဃာဒိသေသေန အနုဒ္ဓံသေန္တဿ ပါစိတ္တိယံ ကတ္ထ ပညတ္တန္တိ? သာဝတ္ထိယံ ပညတ္တံ။ ကံ အာရဗ္ဘာတိ? ဆဗ္ဗဂ္ဂိယေ ဘိက္ခူ</p>
",-125-126-127-128-129-
1908,mula_vi_05,38,"<p class=""noindentbodytext""> အာရဗ္ဘ<a name=""M0.0038""></a>။ ကိသ္မိံ ဝတ္ထုသ္မိန္တိ? ဆဗ္ဗဂ္ဂိယာ ဘိက္ခူ ဘိက္ခုံ အမူလကေန သံဃာဒိသေသေန အနုဒ္ဓံသေသုံ, တသ္မိံ ဝတ္ထုသ္မိံ။ ဧကာ ပညတ္တိ။ ဆန္နံ အာပတ္တိသမုဋ္ဌာနာနံ တီဟိ သမုဋ္ဌာနေဟိ သမုဋ္ဌာတိ…ပေ…။</p>
<p class=""bodytext""><a name=""para130""></a><a name=""para130_vin5""></a><span class=""paranum"">၁၃၀</span>။ ဘိက္ခုဿ သဉ္စိစ္စ ကုက္ကုစ္စံ ဥပဒဟန္တဿ <span class=""note"">[ဥပ္ပါဒေန္တဿ (သျာ။)]</span> ပါစိတ္တိယံ ကတ္ထ ပညတ္တန္တိ? သာဝတ္ထိယံ ပညတ္တံ။ ကံ အာရဗ္ဘာတိ? ဆဗ္ဗဂ္ဂိယေ <a name=""T0.0057""></a> ဘိက္ခူ အာရဗ္ဘ။ ကိသ္မိံ ဝတ္ထုသ္မိန္တိ? ဆဗ္ဗဂ္ဂိယာ ဘိက္ခူ ဘိက္ခူနံ သဉ္စိစ္စ ကုက္ကုစ္စံ ဥပဒဟိံသု, တသ္မိံ ဝတ္ထုသ္မိံ။ ဧကာ ပညတ္တိ။ ဆန္နံ အာပတ္တိသမုဋ္ဌာနာနံ တီဟိ သမုဋ္ဌာနေဟိ သမုဋ္ဌာတိ…ပေ…။</p>
<p class=""bodytext""><a name=""para131""></a><a name=""para131_vin5""></a><span class=""paranum"">၁၃၁</span>။ ဘိက္ခူနံ ဘဏ္ဍနဇာတာနံ ကလဟဇာတာနံ ဝိဝါဒါပန္နာနံ <a name=""P5.0025""></a> ဥပဿုတိံ <span class=""note"">[ဥပဿုတိ (?)]</span> တိဋ္ဌန္တဿ ပါစိတ္တိယံ ကတ္ထ ပညတ္တန္တိ? သာဝတ္ထိယံ ပညတ္တံ။ ကံ အာရဗ္ဘာတိ? ဆဗ္ဗဂ္ဂိယေ ဘိက္ခူ အာရဗ္ဘ။ ကိသ္မိံ ဝတ္ထုသ္မိန္တိ? ဆဗ္ဗဂ္ဂိယာ ဘိက္ခူ ဘိက္ခူနံ ဘဏ္ဍနဇာတာနံ ကလဟဇာတာနံ ဝိဝါဒါပန္နာနံ ဥပဿုတိံ တိဋ္ဌဟိံသု, တသ္မိံ ဝတ္ထုသ္မိံ။ ဧကာ ပညတ္တိ။ ဆန္နံ အာပတ္တိသမုဋ္ဌာနာနံ ဒွီဟိ သမုဋ္ဌာနေဟိ သမုဋ္ဌာတိ – သိယာ ကာယတော စ စိတ္တတော စ သမုဋ္ဌာတိ, န ဝါစတော၊ သိယာ ကာယတော စ ဝါစတော စ စိတ္တတော စ သမုဋ္ဌာတိ…ပေ…။</p>
<p class=""bodytext""><a name=""para132""></a><a name=""para132_vin5""></a><span class=""paranum"">၁၃၂</span>။ ဓမ္မိကာနံ ကမ္မာနံ ဆန္ဒံ ဒတွာ ပစ္ဆာ ခီယနဓမ္မံ <span class=""note"">[ခိယျဓမ္မံ (က။)]</span> အာပဇ္ဇန္တဿ ပါစိတ္တိယံ ကတ္ထ ပညတ္တန္တိ? သာဝတ္ထိယံ ပညတ္တံ။ ကံ အာရဗ္ဘာတိ? ဆဗ္ဗဂ္ဂိယေ ဘိက္ခူ အာရဗ္ဘ။ ကိသ္မိံ ဝတ္ထုသ္မိန္တိ? ဆဗ္ဗဂ္ဂိယာ ဘိက္ခူ ဓမ္မိကာနံ ကမ္မာနံ ဆန္ဒံ ဒတွာ ပစ္ဆာ ခီယနဓမ္မံ အာပဇ္ဇိံသု, တသ္မိံ ဝတ္ထုသ္မိံ။ ဧကာ ပညတ္တိ။ ဆန္နံ အာပတ္တိသမုဋ္ဌာနာနံ တီဟိ သမုဋ္ဌာနေဟိ သမုဋ္ဌာတိ…ပေ…။</p>
<p class=""bodytext""><a name=""para133""></a><a name=""para133_vin5""></a><span class=""paranum"">၁၃၃</span>။ သံဃေ ဝိနိစ္ဆယကထာယ ဝတ္တမာနာယ ဆန္ဒံ အဒတွာ ဥဋ္ဌာယာသနာ ပက္ကမန္တဿ ပါစိတ္တိယံ ကတ္ထ ပညတ္တန္တိ? သာဝတ္ထိယံ ပညတ္တံ<a name=""T0.0058""></a>။ ကံ အာရဗ္ဘာတိ? အညတရံ ဘိက္ခုံ အာရဗ္ဘ<a name=""V0.0038""></a>။ ကိသ္မိံ ဝတ္ထုသ္မိန္တိ? အညတရော ဘိက္ခု သံဃေ ဝိနိစ္ဆယကထာယ ဝတ္တမာနာယ ဆန္ဒံ အဒတွာ ဥဋ္ဌာယာသနာ ပက္ကာမိ, တသ္မိံ ဝတ္ထုသ္မိံ။ ဧကာ ပညတ္တိ။ ဆန္နံ အာပတ္တိသမုဋ္ဌာနာနံ ဧကေန သမုဋ္ဌာနေန သမုဋ္ဌာတိ – ကာယတော စ ဝါစတော စ စိတ္တတော စ သမုဋ္ဌာတိ…ပေ…။</p>
",-130-131-132-133-
1909,mula_vi_05,39,"<p class=""bodytext""><a name=""para134""></a><a name=""para134_vin5""></a><span class=""paranum"">၁၃၄</span>။ သမဂ္ဂေ <a name=""M0.0039""></a> သံဃေန စီဝရံ ဒတွာ ပစ္ဆာ ခီယနဓမ္မံ အာပဇ္ဇန္တဿ ပါစိတ္တိယံ ကတ္ထ ပညတ္တန္တိ? ရာဇဂဟေ ပညတ္တံ။ ကံ အာရဗ္ဘာတိ? ဆဗ္ဗဂ္ဂိယေ ဘိက္ခူ အာရဗ္ဘ။ ကိသ္မိံ ဝတ္ထုသ္မိန္တိ? ဆဗ္ဗဂ္ဂိယာ ဘိက္ခူ သမဂ္ဂေန သံဃေန စီဝရံ ဒတွာ ပစ္ဆာ ခီယနဓမ္မံ အာပဇ္ဇိံသု, တသ္မိံ ဝတ္ထုသ္မိံ။ ဧကာ ပညတ္တိ။ ဆန္နံ အာပတ္တိသမုဋ္ဌာနာနံ တီဟိ သမုဋ္ဌာနေဟိ သမုဋ္ဌာတိ…ပေ…။</p>
<p class=""bodytext""><a name=""para135""></a><a name=""para135_vin5""></a><span class=""paranum"">၁၃၅</span>။ ဇာနံ သံဃိကံ လာဘံ ပရိဏတံ ပုဂ္ဂလဿ ပရိဏာမေန္တဿ ပါစိတ္တိယံ ကတ္ထ ပညတ္တန္တိ? သာဝတ္ထိယံ ပညတ္တံ။ ကံ အာရဗ္ဘာတိ? ဆဗ္ဗဂ္ဂိယေ ဘိက္ခူ အာရဗ္ဘ။ ကိသ္မိံ ဝတ္ထုသ္မိန္တိ? ဆဗ္ဗဂ္ဂိယာ ဘိက္ခူ ဇာနံ သံဃိကံ လာဘံ ပရိဏတံ ပုဂ္ဂလဿ ပရိဏာမေသုံ, တသ္မိံ ဝတ္ထုသ္မိံ။ ဧကာ ပညတ္တိ။ ဆန္နံ အာပတ္တိသမုဋ္ဌာနာနံ တီဟိ သမုဋ္ဌာနေဟိ သမုဋ္ဌာတိ…ပေ…။</p>
<p class=""centered"">သဟဓမ္မိကဝဂ္ဂေါ အဋ္ဌမော။</p>
<p class=""subhead"">၉။ ရာဇဝဂ္ဂေါ</p>
<p class=""bodytext""><a name=""para136""></a><a name=""para136_vin5""></a><span class=""paranum"">၁၃၆</span>။ ပုဗ္ဗေ <a name=""T0.0059""></a> အပ္ပဋိသံဝိဒိတေန ရညော အန္တေပုရံ ပဝိသန္တဿ ပါစိတ္တိယံ ကတ္ထ ပညတ္တန္တိ? သာဝတ္ထိယံ ပညတ္တံ။ ကံ အာရဗ္ဘာတိ? အာယသ္မန္တံ အာနန္ဒံ အာရဗ္ဘ။ ကိသ္မိံ ဝတ္ထုသ္မိန္တိ? အာယသ္မာ အာနန္ဒော ပုဗ္ဗေ အပ္ပဋိသံဝိဒိတော ရညော အန္တေပုရံ ပါဝိသိ, တသ္မိံ ဝတ္ထုသ္မိံ။ ဧကာ ပညတ္တိ။ ဆန္နံ အာပတ္တိသမုဋ္ဌာနာနံ ဒွီဟိ သမုဋ္ဌာနေဟိ သမုဋ္ဌာတိ ကထိနကေ…ပေ…။</p>
<p class=""bodytext""><a name=""para137""></a><a name=""para137_vin5""></a><span class=""paranum"">၁၃၇</span>။ ရတနံ ဥဂ္ဂဏှန္တဿ ပါစိတ္တိယံ ကတ္ထ ပညတ္တန္တိ? သာဝတ္ထိယံ ပညတ္တံ<a name=""P5.0026""></a>။ ကံ အာရဗ္ဘာတိ? အညတရံ ဘိက္ခုံ အာရဗ္ဘ။ ကိသ္မိံ ဝတ္ထုသ္မိန္တိ? အညတရော ဘိက္ခု ရတနံ ဥဂ္ဂဟေသိ, တသ္မိံ ဝတ္ထုသ္မိံ။ ဧကာ ပညတ္တိ, ဒွေ အနုပညတ္တိယော။ ဆန္နံ အာပတ္တိသမုဋ္ဌာနာနံ ဆဟိ သမုဋ္ဌာနေဟိ သမုဋ္ဌာတိ…ပေ…။</p>
<p class=""bodytext""><a name=""para138""></a><a name=""para138_vin5""></a><span class=""paranum"">၁၃၈</span>။ သန္တံ ဘိက္ခုံ အနာပုစ္ဆာ ဝိကာလေ ဂါမံ ပဝိသန္တဿ ပါစိတ္တိယံ ကတ္ထ ပညတ္တန္တိ<a name=""V0.0039""></a>? သာဝတ္ထိယံ ပညတ္တံ။ ကံ အာရဗ္ဘာတိ? ဆဗ္ဗဂ္ဂိယေ ဘိက္ခူ အာရဗ္ဘ။ ကိသ္မိံ ဝတ္ထုသ္မိန္တိ? ဆဗ္ဗဂ္ဂိယာ ဘိက္ခူ ဝိကာလေ ဂါမံ ပဝိသိံသု, တသ္မိံ <a name=""T0.0060""></a> ဝတ္ထုသ္မိံ။ ဧကာ ပညတ္တိ, တိဿော အနုပညတ္တိယော။ ဆန္နံ အာပတ္တိသမုဋ္ဌာနာနံ ဒွီဟိ သမုဋ္ဌာနေဟိ သမုဋ္ဌာတိ ကထိနကေ…ပေ…။</p>
",-134-135-136-137-138-
1910,mula_vi_05,40,"<p class=""bodytext""><a name=""para139""></a><a name=""para139_vin5""></a><span class=""paranum"">၁၃၉</span>။ အဋ္ဌိမယံ <a name=""M0.0040""></a> ဝါ ဒန္တမယံ ဝါ ဝိသာဏမယံ ဝါ သူစိဃရံ ကာရာပေန္တဿ ပါစိတ္တိယံ ကတ္ထ ပညတ္တန္တိ? သက္ကေသု ပညတ္တံ။ ကံ အာရဗ္ဘာတိ? သမ္ဗဟုလေ ဘိက္ခူ အာရဗ္ဘ။ ကိသ္မိံ ဝတ္ထုသ္မိန္တိ? သမ္ဗဟုလာ ဘိက္ခူ န မတ္တံ ဇာနိတွာ ဗဟူ သူစိဃရေ ဝိညာပေသုံ, တသ္မိံ ဝတ္ထုသ္မိံ။ ဧကာ ပညတ္တိ။ ဆန္နံ အာပတ္တိသမုဋ္ဌာနာနံ ဆဟိ သမုဋ္ဌာနေဟိ သမုဋ္ဌာတိ…ပေ…။</p>
<p class=""bodytext""><a name=""para140""></a><a name=""para140_vin5""></a><span class=""paranum"">၁၄၀</span>။ ပမာဏာတိက္ကန္တံ မဉ္စံ ဝါ ပီဌံ ဝါ ကာရာပေန္တဿ ပါစိတ္တိယံ ကတ္ထ ပညတ္တန္တိ? သာဝတ္ထိယံ ပညတ္တံ။ ကံ အာရဗ္ဘာတိ? အာယသ္မန္တံ ဥပနန္ဒံ သကျပုတ္တံ အာရဗ္ဘ။ ကိသ္မိံ ဝတ္ထုသ္မိန္တိ? အာယသ္မာ ဥပနန္ဒော သကျပုတ္တော ဥစ္စေ မဉ္စေ သယိ, တသ္မိံ ဝတ္ထုသ္မိံ။ ဧကာ ပညတ္တိ။ ဆန္နံ အာပတ္တိသမုဋ္ဌာနာနံ ဆဟိ သမုဋ္ဌာနေဟိ သမုဋ္ဌာတိ…ပေ…။</p>
<p class=""bodytext""><a name=""para141""></a><a name=""para141_vin5""></a><span class=""paranum"">၁၄၁</span>။ မဉ္စံ ဝါ ပီဌံ ဝါ တူလောနဒ္ဓံ ကာရာပေန္တဿ ပါစိတ္တိယံ ကတ္ထ ပညတ္တန္တိ? သာဝတ္ထိယံ ပညတ္တံ။ ကံ အာရဗ္ဘာတိ? ဆဗ္ဗဂ္ဂိယေ ဘိက္ခူ အာရဗ္ဘ။ ကိသ္မိံ ဝတ္ထုသ္မိန္တိ? ဆဗ္ဗဂ္ဂိယာ ဘိက္ခူ မဉ္စံ ဝါ ပီဌံ ဝါ တူလောနဒ္ဓံ ကာရာပေသုံ, တသ္မိံ ဝတ္ထုသ္မိံ။ ဧကာ ပညတ္တိ။ ဆန္နံ အာပတ္တိသမုဋ္ဌာနာနံ ဆဟိ သမုဋ္ဌာနေဟိ သမုဋ္ဌာတိ…ပေ…။</p>
<p class=""bodytext""><a name=""para142""></a><a name=""para142_vin5""></a><span class=""paranum"">၁၄၂</span>။ ပမာဏာတိက္ကန္တံ <a name=""T0.0061""></a> နိသီဒနံ ကာရာပေန္တဿ ပါစိတ္တိယံ ကတ္ထ ပညတ္တန္တိ? သာဝတ္ထိယံ ပညတ္တံ။ ကံ အာရဗ္ဘာတိ? ဆဗ္ဗဂ္ဂိယေ ဘိက္ခူ အာရဗ္ဘ။ ကိသ္မိံ ဝတ္ထုသ္မိန္တိ? ဆဗ္ဗဂ္ဂိယာ ဘိက္ခူ အပ္ပမာဏိကာနိ နိသီဒနာနိ ဓာရေသုံ, တသ္မိံ ဝတ္ထုသ္မိံ။ ဧကာ ပညတ္တိ, ဧကာ အနုပညတ္တိ။ ဆန္နံ အာပတ္တိသမုဋ္ဌာနာနံ ဆဟိ သမုဋ္ဌာနေဟိ သမုဋ္ဌာတိ…ပေ…။</p>
<p class=""bodytext""><a name=""para143""></a><a name=""para143_vin5""></a><span class=""paranum"">၁၄၃</span>။ ပမာဏာတိက္ကန္တံ ကဏ္ဍုပ္ပဋိစ္ဆာဒိံ ကာရာပေန္တဿ ပါစိတ္တိယံ ကတ္ထ ပညတ္တန္တိ? သာဝတ္ထိယံ ပညတ္တံ။ ကံ အာရဗ္ဘာတိ? ဆဗ္ဗဂ္ဂိယေ ဘိက္ခူ အာရဗ္ဘ။ ကိသ္မိံ ဝတ္ထုသ္မိန္တိ? ဆဗ္ဗဂ္ဂိယာ ဘိက္ခူ အပ္ပမာဏိကာယော ကဏ္ဍုပ္ပဋိစ္ဆာဒိယော ဓာရေသုံ, တသ္မိံ ဝတ္ထုသ္မိံ။ ဧကာ ပညတ္တိ။ ဆန္နံ အာပတ္တိသမုဋ္ဌာနာနံ ဆဟိ သမုဋ္ဌာနေဟိ သမုဋ္ဌာတိ…ပေ…။</p>
<p class=""bodytext""><a name=""para144""></a><a name=""para144_vin5""></a><span class=""paranum"">၁၄၄</span>။ ပမာဏာတိက္ကန္တံ <a name=""V0.0040""></a> ဝဿိကသာဋိကံ ကာရာပေန္တဿ ပါစိတ္တိယံ ကတ္ထ ပညတ္တန္တိ? သာဝတ္ထိယံ ပညတ္တံ။ ကံ အာရဗ္ဘာတိ? ဆဗ္ဗဂ္ဂိယေ ဘိက္ခူ</p>
",-139-140-141-142-143-144-
1911,mula_vi_05,41,"<p class=""noindentbodytext""> အာရဗ္ဘ<a name=""M0.0041""></a>။ ကိသ္မိံ ဝတ္ထုသ္မိန္တိ? ဆဗ္ဗဂ္ဂိယာ ဘိက္ခူ အပ္ပမာဏိကာယော ဝဿိကသာဋိကာယော ဓာရေသုံ, တသ္မိံ ဝတ္ထုသ္မိံ။ ဧကာ ပညတ္တိ။ ဆန္နံ အာပတ္တိသမုဋ္ဌာနာနံ ဆဟိ သမုဋ္ဌာနေဟိ သမုဋ္ဌာတိ…ပေ…။</p>
<p class=""bodytext""><a name=""para145""></a><a name=""para145_vin5""></a><span class=""paranum"">၁၄၅</span>။ သုဂတစီဝရပ္ပမာဏံ <a name=""P5.0027""></a> စီဝရံ ကာရာပေန္တဿ ပါစိတ္တိယံ ကတ္ထ ပညတ္တန္တိ? သာဝတ္ထိယံ ပညတ္တံ။ ကံ အာရဗ္ဘာတိ? အာယသ္မန္တံ နန္ဒံ <a name=""T0.0062""></a> အာရဗ္ဘ။ ကိသ္မိံ ဝတ္ထုသ္မိန္တိ? အာယသ္မာ နန္ဒော သုဂတစီဝရပ္ပမာဏံ စီဝရံ ဓာရေသိ, တသ္မိံ ဝတ္ထုသ္မိံ။ ဧကာ ပညတ္တိ။ ဆန္နံ အာပတ္တိသမုဋ္ဌာနာနံ ဆဟိ သမုဋ္ဌာနေဟိ သမုဋ္ဌာတိ…ပေ…။</p>
<p class=""centered"">ရာဇဝဂ္ဂေါ နဝမော။</p>
<p class=""centered"">ဒွေနဝုတိ ပါစိတ္တိယာ နိဋ္ဌိတာ။</p>
<p class=""centered"">ခုဒ္ဒကံ သမတ္တံ။</p>
<p class=""centered"">တဿုဒ္ဒါနံ –</p>
<p class=""gatha1"">မုသာ ဩမသပေသုညံ, ပဒသေယျာ စ ဣတ္ထိယာ၊</p>
<p class=""gathalast"">အညတြ ဝိညုနာ ဘူတာ <span class=""note"">[ဒေသနာရောစနာ စေဝ (သီ။ သျာ။)]</span>, ဒုဋ္ဌုလ္လာပတ္တိ ခဏနာ။</p>
<p class=""gatha1"">ဘူတံ အညာယ ဥဇ္ဈာယိ <span class=""note"">[ဘူတညဝါဒဥဇ္ဈာယိ (သီ။)]</span>, မဉ္စော သေယျော စ ဝုစ္စတိ၊</p>
<p class=""gathalast"">ပုဗ္ဗေ နိက္ကဍ္ဎနာဟစ္စ, ဒွါရံ သပ္ပါဏကေန စ။</p>
<p class=""gatha1"">အသမ္မတာ အတ္ထင်္ဂတေ, ဥပဿယာမိသေန စ၊</p>
<p class=""gathalast"">ဒဒေ သိဗ္ဗေ ဝိဓာနေန, နာဝါ ဘုဉ္ဇေယျ ဧကတော။</p>
<p class=""gatha1"">ပိဏ္ဍံ ဂဏံ ပရံ ပူဝံ, ပဝါရိတော ပဝါရိတံ၊</p>
<p class=""gathalast"">ဝိကာလံ သန္နိဓိ ခီရံ, ဒန္တပေါနေန တေ ဒသ။</p>
<p class=""gatha1"">အစေလကံ ဥယျောခဇ္ဇ <span class=""note"">[အစေလကာနုပခဇ္ဇ (က။)]</span>, ပဋိစ္ဆန္နံ ရဟေန စ၊</p>
<p class=""gathalast"">နိမန္တိတော ပစ္စယေဟိ, သေနာဝသနုယျောဓိကံ။</p>
<p class=""gatha1"">သုရာ <a name=""V0.0041""></a> အင်္ဂုလိ ဟာသော စ, အနာဒရိယဉ္စ ဘိံသနံ၊</p>
<p class=""gathalast"">ဇောတိ နဟာန ဒုဗ္ဗဏ္ဏံ, သာမံ အပနိဓေန စ။</p>
",-145-
1912,mula_vi_05,42,"<p class=""gatha1"">သဉ္စိစ္စုဒကကမ္မာ <a name=""M0.0042""></a> စ, ဒုဋ္ဌုလ္လံ ဦနဝီသတိ၊</p>
<p class=""gathalast"">ထေယျဣတ္ထိအဝဒေသံ <span class=""note"">[အရိဋ္ဌကံ (ဝိဘင်္ဂေ)]</span>, သံဝါသေ နာသိတေန စ။</p>
<p class=""gatha1"">သဟဓမ္မိကဝိလေခါ, မောဟော ပဟာရေနုဂ္ဂိရေ၊</p>
<p class=""gathalast"">အမူလကဉ္စ သဉ္စိစ္စ, သောဿာမိ ခိယျပက္ကမေ။</p>
<p class=""gatha1"">သံဃေန စီဝရံ ဒတွာ, ပရိဏာမေယျ ပုဂ္ဂလေ၊</p>
<p class=""gatha2"">ရညဉ္စ ရတနံ သန္တံ, သူစိ မဉ္စော စ တူလိကာ၊</p>
<p class=""gathalast"">နိသီဒနံ ကဏ္ဍုစ္ဆာဒိ, ဝဿိကာ သုဂတေန စာတိ။</p>
<p class=""centered"">တေသံ ဝဂ္ဂါနံ ဥဒ္ဒါနံ –</p>
<p class=""gatha1"">မုသာ ဘူတာ စ ဩဝါဒေါ, ဘောဇနာစေလကေန စ၊</p>
<p class=""gathalast"">သုရာ သပ္ပါဏကာ ဓမ္မော, ရာဇဝဂ္ဂေန တေ နဝါတိ။</p>
<p class=""subhead"">၆။ ပါဋိဒေသနီယကဏ္ဍံ</p>
<p class=""bodytext""><a name=""para146""></a><a name=""para146_vin5""></a><span class=""paranum"">၁၄၆</span>။ ယံ တေန ဘဂဝတာ ဇာနတာ ပဿတာ အရဟတာ သမ္မာသမ္ဗုဒ္ဓေန အညာတိကာယ ဘိက္ခုနိယာ အန္တရဃရံ ပဝိဋ္ဌာယ ဟတ္ထတော ခါဒနီယံ ဝါ ဘောဇနီယံ ဝါ သဟတ္ထာ ပဋိဂ္ဂဟေတွာ ဘုဉ္ဇန္တဿ ပါဋိဒေသနီယံ ကတ္ထ ပညတ္တန္တိ? သာဝတ္ထိယံ ပညတ္တံ။ ကံ အာရဗ္ဘာတိ? အညတရံ <a name=""T0.0063""></a> ဘိက္ခုံ အာရဗ္ဘ။ ကိသ္မိံ ဝတ္ထုသ္မိန္တိ? အညတရော ဘိက္ခု အညာတိကာယ ဘိက္ခုနိယာ အန္တရဃရံ ပဝိဋ္ဌာယ ဟတ္ထတော အာမိသံ ပဋိဂ္ဂဟေသိ, တသ္မိံ ဝတ္ထုသ္မိံ။ ဧကာ ပညတ္တိ။ ဆန္နံ အာပတ္တိသမုဋ္ဌာနာနံ ဒွီဟိ သမုဋ္ဌာနေဟိ <a name=""P5.0028""></a> သမုဋ္ဌာတိ – သိယာ ကာယတော သမုဋ္ဌာတိ, န ဝါစတော န စိတ္တတော၊ သိယာ ကာယတော စ စိတ္တတော စ သမုဋ္ဌာတိ, န ဝါစတော…ပေ…။</p>
<p class=""bodytext""><a name=""para147""></a><a name=""para147_vin5""></a><span class=""paranum"">၁၄၇</span>။ ဘိက္ခုနိယာ ဝေါသာသန္တိယာ န နိဝါရေတွာ ဘုဉ္ဇန္တဿ ပါဋိဒေသနီယံ ကတ္ထ ပညတ္တန္တိ? ရာဇဂဟေ ပညတ္တံ။ ကံ အာရဗ္ဘာတိ? ဆဗ္ဗဂ္ဂိယေ ဘိက္ခူ အာရဗ္ဘ။ ကိသ္မိံ ဝတ္ထုသ္မိန္တိ? ဆဗ္ဗဂ္ဂိယာ ဘိက္ခူ ဘိက္ခုနိယော ဝေါသာသန္တိယော န နိဝါရေသုံ, တသ္မိံ ဝတ္ထုသ္မိံ။ ဧကာ <a name=""V0.0042""></a> ပညတ္တိ။ ဆန္နံ အာပတ္တိသမုဋ္ဌာနာနံ ဒွီဟိ သမုဋ္ဌာနေဟိ သမုဋ္ဌာတိ – သိယာ ကာယတော စ ဝါစတော စ သမုဋ္ဌာတိ, န စိတ္တတော၊ သိယာ ကာယတော စ ဝါစတော စ စိတ္တတော စ သမုဋ္ဌာတိ…ပေ…။</p>
",-146-147-
1913,mula_vi_05,43,"<p class=""bodytext""><a name=""para148""></a><a name=""para148_vin5""></a><span class=""paranum"">၁၄၈</span>။ သေက္ခသမ္မတေသု <a name=""M0.0043""></a> ကုလေသု ခါဒနီယံ ဝါ ဘောဇနီယံ ဝါ သဟတ္ထာ ပဋိဂ္ဂဟေတွာ ဘုဉ္ဇန္တဿ ပါဋိဒေသနီယံ ကတ္ထ ပညတ္တန္တိ? သာဝတ္ထိယံ ပညတ္တံ။ ကံ အာရဗ္ဘာတိ? သမ္ဗဟုလေ ဘိက္ခူ အာရဗ္ဘ။ ကိသ္မိံ ဝတ္ထုသ္မိန္တိ? သမ္ဗဟုလာ ဘိက္ခူ န မတ္တံ ဇာနိတွာ ပဋိဂ္ဂဟေသုံ, တသ္မိံ ဝတ္ထုသ္မိံ။ ဧကာ ပညတ္တိ, ဒွေ အနုပညတ္တိယော။ ဆန္နံ အာပတ္တိသမုဋ္ဌာနာနံ ဒွီဟိ သမုဋ္ဌာနေဟိ သမုဋ္ဌာတိ – သိယာ ကာယတော သမုဋ္ဌာတိ, န ဝါစတော န စိတ္တတော၊ သိယာ ကာယတော စ စိတ္တတော <a name=""T0.0064""></a> စ သမုဋ္ဌာတိ, န ဝါစတော…ပေ…။</p>
<p class=""bodytext""><a name=""para149""></a><a name=""para149_vin5""></a><span class=""paranum"">၁၄၉</span>။ အာရညကေသု သေနာသနေသု ပုဗ္ဗေ အပ္ပဋိသံဝိဒိတံ ခါဒနီယံ ဝါ ဘောဇနီယံ ဝါ အဇ္ဈာရာမေ သဟတ္ထာ ပဋိဂ္ဂဟေတွာ ဘုဉ္ဇန္တဿ ပါဋိဒေသနီယံ ကတ္ထ ပညတ္တန္တိ? သက္ကေသု ပညတ္တံ။ ကံ အာရဗ္ဘာတိ? သမ္ဗဟုလေ ဘိက္ခူ အာရဗ္ဘ။ ကိသ္မိံ ဝတ္ထုသ္မိန္တိ။ သမ္ဗဟုလာ ဘိက္ခူ အာရာမေ စောရေ ပဋိဝသန္တေ နာရောစေသုံ, တသ္မိံ ဝတ္ထုသ္မိံ။ ဧကာ ပညတ္တိ, ဧကာ အနုပညတ္တိ။ ဆန္နံ အာပတ္တိသမုဋ္ဌာနာနံ ဒွီဟိ သမုဋ္ဌာနေဟိ သမုဋ္ဌာတိ – သိယာ ကာယတော စ ဝါစတော စ သမုဋ္ဌာတိ, န စိတ္တတော၊ သိယာ ကာယတော စ ဝါစတော စ စိတ္တတော စ သမုဋ္ဌာတိ…ပေ…။</p>
<p class=""centered"">စတ္တာရော ပါဋိဒေသနီယာ နိဋ္ဌိတာ။</p>
<p class=""centered"">တဿုဒ္ဒါနံ –</p>
<p class=""gatha1"">အညာတိကာယ ဝေါသာသံ, သေက္ခအာရညကေန စ၊</p>
<p class=""gathalast"">ပါဋိဒေသနီယာ စတ္တာရော, သမ္ဗုဒ္ဓေန ပကာသိတာတိ။</p>
<p class=""subhead"">၇။ သေခိယကဏ္ဍံ</p>
<p class=""subhead"">၁။ ပရိမဏ္ဍလဝဂ္ဂေါ</p>
<p class=""bodytext""><a name=""para150""></a><a name=""para150_vin5""></a><span class=""paranum"">၁၅၀</span>။ ယံ <a name=""V0.0043""></a> တေန ဘဂဝတာ ဇာနတာ ပဿတာ အရဟတာ သမ္မာသမ္ဗုဒ္ဓေန အနာဒရိယံ ပဋိစ္စ ပုရတော ဝါ ပစ္ဆတော ဝါ ဩလမ္ဗေန္တေန နိဝါသေန္တဿ ဒုက္ကဋံ ကတ္ထ ပညတ္တန္တိ? သာဝတ္ထိယံ ပညတ္တံ။ ကံ အာရဗ္ဘာတိ? ဆဗ္ဗဂ္ဂိယေ ဘိက္ခူ အာရဗ္ဘ။ ကိသ္မိံ ဝတ္ထုသ္မိန္တိ? ဆဗ္ဗဂ္ဂိယာ ဘိက္ခူ ပုရတောပိ ပစ္ဆတောပိ ဩလမ္ဗေန္တာ နိဝါသေသုံ, တသ္မိံ <a name=""T0.0065""></a> ဝတ္ထုသ္မိံ။ ဧကာ ပညတ္တိ။ ဆန္နံ</p>
",-148-149-150-
1914,mula_vi_05,44,"<p class=""noindentbodytext""> အာပတ္တိသမုဋ္ဌာနာနံ<a name=""M0.0044""></a> ဧကေန သမုဋ္ဌာနေန သမုဋ္ဌာတိ – ကာယတော စ စိတ္တတော စ သမုဋ္ဌာတိ, န ဝါစတော…ပေ…။</p>
<p class=""bodytext"">အနာဒရိယံ ပဋိစ္စ ပုရတော ဝါ ပစ္ဆတော ဝါ ဩလမ္ဗေန္တေန ပါရုပန္တဿ ဒုက္ကဋံ ကတ္ထ ပညတ္တန္တိ? သာဝတ္ထိယံ ပညတ္တံ။ ကံ အာရဗ္ဘာတိ? ဆဗ္ဗဂ္ဂိယေ ဘိက္ခူ အာရဗ္ဘ။ ကိသ္မိံ ဝတ္ထုသ္မိန္တိ? ဆဗ္ဗဂ္ဂိယာ ဘိက္ခူ ပုရတောပိ ပစ္ဆတောပိ ဩလမ္ဗေန္တာ ပါရုပိံသု, တသ္မိံ ဝတ္ထုသ္မိံ။ ဧကာ ပညတ္တိ။ ဆန္နံ အာပတ္တိသမုဋ္ဌာနာနံ ဧကေန သမုဋ္ဌာနေန သမုဋ္ဌာတိ – ကာယတော စ စိတ္တတော စ သမုဋ္ဌာတိ, န ဝါစတော…ပေ…။</p>
<p class=""bodytext"">အနာဒရိယံ ပဋိစ္စ ကာယံ ဝိဝရိတွာ အန္တရဃရေ ဂစ္ဆန္တဿ ဒုက္ကဋံ…ပေ… ဧကာ ပညတ္တိ။ ဧကေန သမုဋ္ဌာနေန သမုဋ္ဌာတိ – ကာယတော စ စိတ္တတော စ သမုဋ္ဌာတိ, န ဝါစတော…ပေ…။</p>
<p class=""bodytext"">အနာဒရိယံ <a name=""P5.0029""></a> ပဋိစ္စ ကာယံ ဝိဝရိတွာ အန္တရဃရေ နိသီဒန္တဿ ဒုက္ကဋံ…ပေ… ဧကာ ပညတ္တိ။ ဧကေန သမုဋ္ဌာနေန သမုဋ္ဌာတိ – ကာယတော စ စိတ္တတော စ သမုဋ္ဌာတိ, န ဝါစတော…ပေ…။</p>
<p class=""bodytext"">အနာဒရိယံ ပဋိစ္စ ဟတ္ထံ ဝါ ပါဒံ ဝါ ကီဠာပေန္တေန အန္တရဃရေ ဂစ္ဆန္တဿ ဒုက္ကဋံ…ပေ… <a name=""T0.0066""></a> ဧကာ ပညတ္တိ။ ဧကေန သမုဋ္ဌာနေန သမုဋ္ဌာတိ – ကာယတော စ စိတ္တတော စ သမုဋ္ဌာတိ, န ဝါစတော…ပေ…။</p>
<p class=""bodytext"">အနာဒရိယံ ပဋိစ္စ ဟတ္ထံ ဝါ ပါဒံ ဝါ ကီဠာပေန္တေန အန္တရဃရေ နိသီဒန္တဿ ဒုက္ကဋံ <a name=""V0.0044""></a> …ပေ… ဧကာ ပညတ္တိ။ ဧကေန သမုဋ္ဌာနေန သမုဋ္ဌာတိ – ကာယတော စ စိတ္တတော စ သမုဋ္ဌာတိ, န ဝါစတော…ပေ…။</p>
<p class=""bodytext"">အနာဒရိယံ ပဋိစ္စ တဟံ တဟံ ဩလောကေန္တေန အန္တရဃရေ ဂစ္ဆန္တဿ ဒုက္ကဋံ…ပေ… ဧကာ ပညတ္တိ။ ဧကေန သမုဋ္ဌာနေန သမုဋ္ဌာတိ – ကာယတော စ စိတ္တတော စ သမုဋ္ဌာတိ, န ဝါစတော…ပေ…။</p>
<p class=""bodytext"">အနာဒရိယံ ပဋိစ္စ တဟံ တဟံ ဩလောကေန္တေန အန္တရဃရေ နိသီဒန္တဿ ဒုက္ကဋံ…ပေ… ဧကာ ပညတ္တိ။ ဧကေန သမုဋ္ဌာနေန သမုဋ္ဌာတိ – ကာယတော စ စိတ္တတော စ သမုဋ္ဌာတိ, န ဝါစတော…ပေ…။</p>
<p class=""bodytext"">အနာဒရိယံ ပဋိစ္စ ဥက္ခိတ္တကာယ အန္တရဃရေ ဂစ္ဆန္တဿ ဒုက္ကဋံ…ပေ… ဧကာ ပညတ္တိ။ ဧကေန သမုဋ္ဌာနေန သမုဋ္ဌာတိ – ကာယတော စ စိတ္တတော စ သမုဋ္ဌာတိ, န ဝါစတော…ပေ…။</p>
",
1915,mula_vi_05,45,"<p class=""bodytext"">အနာဒရိယံ <a name=""M0.0045""></a> ပဋိစ္စ ဥက္ခိတ္တကာယ အန္တရဃရေ နိသီဒန္တဿ ဒုက္ကဋံ…ပေ… ဧကာ ပညတ္တိ။ ဧကေန <a name=""T0.0067""></a> သမုဋ္ဌာနေန သမုဋ္ဌာတိ – ကာယတော စ စိတ္တတော စ သမုဋ္ဌာတိ, န ဝါစတော…ပေ…။</p>
<p class=""centered"">ပရိမဏ္ဍလဝဂ္ဂေါ ပဌမော။</p>
<p class=""subhead"">၂။ ဥဇ္ဇဂ္ဃိကဝဂ္ဂေါ</p>
<p class=""bodytext""><a name=""para151""></a><a name=""para151_vin5""></a><span class=""paranum"">၁၅၁</span>။ အနာဒရိယံ ပဋိစ္စ ဥဇ္ဇဂ္ဃိကာယ အန္တရဃရေ ဂစ္ဆန္တဿ ဒုက္ကဋံ ကတ္ထ ပညတ္တန္တိ? သာဝတ္ထိယံ ပညတ္တံ။ ကံ အာရဗ္ဘာတိ? ဆဗ္ဗဂ္ဂိယေ ဘိက္ခူ အာရဗ္ဘ။ ကိသ္မိံ ဝတ္ထုသ္မိန္တိ? ဆဗ္ဗဂ္ဂိယာ ဘိက္ခူ မဟာဟသိတံ ဟသန္တာ အန္တရဃရေ ဂစ္ဆိံသု, တသ္မိံ ဝတ္ထုသ္မိံ။ ဧကာ ပညတ္တိ။ ဆန္နံ အာပတ္တိသမုဋ္ဌာနာနံ ဧကေန သမုဋ္ဌာနေန သမုဋ္ဌာတိ – ကာယတော စ ဝါစတော စ စိတ္တတော စ သမုဋ္ဌာတိ…ပေ…။</p>
<p class=""bodytext"">အနာဒရိယံ ပဋိစ္စ ဥဇ္ဇဂ္ဃိကာယ အန္တရဃရေ နိသီဒန္တဿ ဒုက္ကဋံ ကတ္ထ ပညတ္တန္တိ? သာဝတ္ထိယံ ပညတ္တံ။ ကံ အာရဗ္ဘာတိ? ဆဗ္ဗဂ္ဂိယေ ဘိက္ခူ အာရဗ္ဘ။ ကိသ္မိံ ဝတ္ထုသ္မိန္တိ? ဆဗ္ဗဂ္ဂိယာ <a name=""V0.0045""></a> ဘိက္ခူ မဟာဟသိတံ ဟသန္တာ အန္တရဃရေ နိသီဒိံသု, တသ္မိံ ဝတ္ထုသ္မိံ။ ဧကာ ပညတ္တိ။ ဆန္နံ အာပတ္တိသမုဋ္ဌာနာနံ ဧကေန သမုဋ္ဌာနေန သမုဋ္ဌာတိ – ကာယတော စ ဝါစတော စ စိတ္တတော စ သမုဋ္ဌာတိ…ပေ…။</p>
<p class=""bodytext"">အနာဒရိယံ ပဋိစ္စ ဥစ္စာသဒ္ဒံ မဟာသဒ္ဒံ ကရောန္တေန အန္တရဃရေ ဂစ္ဆန္တဿ ဒုက္ကဋံ ကတ္ထ ပညတ္တန္တိ? သာဝတ္ထိယံ ပညတ္တံ။ ကံ အာရဗ္ဘာတိ? ဆဗ္ဗဂ္ဂိယေ ဘိက္ခူ အာရဗ္ဘ။ ကိသ္မိံ ဝတ္ထုသ္မိန္တိ? ဆဗ္ဗဂ္ဂိယာ ဘိက္ခူ ဥစ္စာသဒ္ဒံ မဟာသဒ္ဒံ ကရောန္တာ အန္တရဃရေ ဂစ္ဆိံသု, တသ္မိံ ဝတ္ထုသ္မိံ။ ဧကာ ပညတ္တိ။ ဆန္နံ အာပတ္တိသမုဋ္ဌာနာနံ ဧကေန သမုဋ္ဌာနေန သမုဋ္ဌာတိ – ကာယတော စ ဝါစတော စ စိတ္တတော စ သမုဋ္ဌာတိ…ပေ…။</p>
<p class=""bodytext"">အနာဒရိယံ ပဋိစ္စ ဥစ္စာသဒ္ဒံ မဟာသဒ္ဒံ ကရောန္တေန အန္တရဃရေ <a name=""T0.0068""></a> နိသီဒန္တဿ ဒုက္ကဋံ ကတ္ထ ပညတ္တန္တိ? သာဝတ္ထိယံ ပညတ္တံ။ ကံ အာရဗ္ဘာတိ? ဆဗ္ဗဂ္ဂိယေ ဘိက္ခူ အာရဗ္ဘ။ ကိသ္မိံ ဝတ္ထုသ္မိန္တိ? ဆဗ္ဗဂ္ဂိယာ ဘိက္ခူ ဥစ္စာသဒ္ဒံ မဟာသဒ္ဒံ ကရောန္တာ အန္တရဃရေ နိသီဒိံသု, တသ္မိံ ဝတ္ထုသ္မိံ။ ဧကာ</p>
",-151-
1916,mula_vi_05,46,"<p class=""noindentbodytext""> ပညတ္တိ<a name=""M0.0046""></a>။ ဆန္နံ အာပတ္တိသမုဋ္ဌာနာနံ ဧကေန သမုဋ္ဌာနေန သမုဋ္ဌာတိ – ကာယတော စ ဝါစတော စ စိတ္တတော စ သမုဋ္ဌာတိ…ပေ…။</p>
<p class=""bodytext"">အနာဒရိယံ ပဋိစ္စ ကာယပ္ပစာလကံ အန္တရဃရေ ဂစ္ဆန္တဿ ဒုက္ကဋံ…ပေ… ဧကာ ပညတ္တိ။ ဧကေန သမုဋ္ဌာနေန သမုဋ္ဌာတိ – ကာယတော စ စိတ္တတော စ သမုဋ္ဌာတိ, န ဝါစတော…ပေ…။</p>
<p class=""bodytext"">အနာဒရိယံ ပဋိစ္စ ကာယပ္ပစာလကံ အန္တရဃရေ နိသီဒန္တဿ ဒုက္ကဋံ…ပေ… ဧကာ ပညတ္တိ။ ဧကေန သမုဋ္ဌာနေန သမုဋ္ဌာတိ – ကာယတော စ စိတ္တတော စ သမုဋ္ဌာတိ, န ဝါစတော…ပေ…။</p>
<p class=""bodytext"">အနာဒရိယံ ပဋိစ္စ ဗာဟုပ္ပစာလကံ အန္တရဃရေ ဂစ္ဆန္တဿ ဒုက္ကဋံ…ပေ… ဧကာ ပညတ္တိ။ ဧကေန သမုဋ္ဌာနေန သမုဋ္ဌာတိ – ကာယတော စ စိတ္တတော စ သမုဋ္ဌာတိ, န ဝါစတော…ပေ…။</p>
<p class=""bodytext"">အနာဒရိယံ ပဋိစ္စ ဗာဟုပ္ပစာလကံ အန္တရဃရေ နိသီဒန္တဿ ဒုက္ကဋံ…ပေ… ဧကာ ပညတ္တိ<a name=""V0.0046""></a>။ ဧကေန သမုဋ္ဌာနေန သမုဋ္ဌာတိ – ကာယတော စ စိတ္တတော စ သမုဋ္ဌာတိ, န ဝါစတော…ပေ…။</p>
<p class=""bodytext"">အနာဒရိယံ ပဋိစ္စ သီသပ္ပစာလကံ အန္တရဃရေ ဂစ္ဆန္တဿ ဒုက္ကဋံ…ပေ… ဧကာ ပညတ္တိ။ ဧကေန သမုဋ္ဌာနေန သမုဋ္ဌာတိ – ကာယတော စ စိတ္တတော စ သမုဋ္ဌာတိ, န ဝါစတော…ပေ…။</p>
<p class=""bodytext"">အနာဒရိယံ ပဋိစ္စ သီသပ္ပစာလကံ အန္တရဃရေ နိသီဒန္တဿ ဒုက္ကဋံ…ပေ… ဧကာ ပညတ္တိ။ ဧကေန သမုဋ္ဌာနေန သမုဋ္ဌာတိ <a name=""T0.0069""></a> – ကာယတော စ စိတ္တတော စ သမုဋ္ဌာတိ, န ဝါစတော…ပေ…။</p>
<p class=""centered"">ဥဇ္ဇဂ္ဃိကဝဂ္ဂေါ ဒုတိယော။</p>
<p class=""subhead"">၃။ ခမ္ဘကတဝဂ္ဂေါ</p>
<p class=""bodytext""><a name=""para152""></a><a name=""para152_vin5""></a><span class=""paranum"">၁၅၂</span>။ အနာဒရိယံ ပဋိစ္စ ခမ္ဘကတေန အန္တရဃရေ ဂစ္ဆန္တဿ ဒုက္ကဋံ…ပေ… ဧကာ ပညတ္တိ။ ဧကေန သမုဋ္ဌာနေန သမုဋ္ဌာတိ။ ကာယတော စ စိတ္တတော စ သမုဋ္ဌာတိ, န ဝါစတော…ပေ…။</p>
",-152-
1917,mula_vi_05,47,"<p class=""bodytext"">အနာဒရိယံ <a name=""M0.0047""></a> ပဋိစ္စ ခမ္ဘကတေန အန္တရဃရေ နိသီဒန္တဿ ဒုက္ကဋံ…ပေ… ဧကာ ပညတ္တိ။ ဧကေန သမုဋ္ဌာနေန သမုဋ္ဌာတိ – ကာယတော စ စိတ္တတော စ သမုဋ္ဌာတိ, န ဝါစတော…ပေ…။</p>
<p class=""bodytext"">အနာဒရိယံ ပဋိစ္စ ဩဂုဏ္ဌိတေန အန္တရဃရေ ဂစ္ဆန္တဿ ဒုက္ကဋံ ကတ္ထ ပညတ္တန္တိ? သာဝတ္ထိယံ ပညတ္တံ။ ကံ အာရဗ္ဘာတိ? ဆဗ္ဗဂ္ဂိယေ ဘိက္ခူ အာရဗ္ဘ။ ကိသ္မိံ ဝတ္ထုသ္မိန္တိ? ဆဗ္ဗဂ္ဂိယာ <a name=""V0.0047""></a> ဘိက္ခူ သသီသံ ပါရုပိတွာ အန္တရဃရေ ဂစ္ဆိံသု, တသ္မိံ ဝတ္ထုသ္မိံ။ ဧကာ ပညတ္တိ။ ဆန္နံ အာပတ္တိသမုဋ္ဌာနာနံ ဧကေန သမုဋ္ဌာနေန သမုဋ္ဌာတိ – ကာယတော စ စိတ္တတော စ သမုဋ္ဌာတိ, န ဝါစတော…ပေ…။</p>
<p class=""bodytext"">အနာဒရိယံ ပဋိစ္စ ဩဂုဏ္ဌိတေန အန္တရဃရေ နိသီဒန္တဿ ဒုက္ကဋံ ကတ္ထ ပညတ္တန္တိ? သာဝတ္ထိယံ ပညတ္တံ။ ကံ အာရဗ္ဘာတိ? ဆဗ္ဗဂ္ဂိယေ ဘိက္ခူ အာရဗ္ဘ။ ကိသ္မိံ ဝတ္ထုသ္မိန္တိ? ဆဗ္ဗဂ္ဂိယာ ဘိက္ခူ သသီသံ ပါရုပိတွာ အန္တရဃရေ နိသီဒိံသု, တသ္မိံ ဝတ္ထုသ္မိံ။ ဧကာ ပညတ္တိ။ ဆန္နံ အာပတ္တိသမုဋ္ဌာနာနံ ဧကေန သမုဋ္ဌာနေန သမုဋ္ဌာတိ – ကာယတော စ စိတ္တတော စ သမုဋ္ဌာတိ, န ဝါစတော…ပေ…။</p>
<p class=""bodytext"">အနာဒရိယံ ပဋိစ္စ ဥက္ကုဋိကာယ အန္တရဃရေ ဂစ္ဆန္တဿ ဒုက္ကဋံ…ပေ… ဧကာ ပညတ္တိ။ ဧကေန သမုဋ္ဌာနေန သမုဋ္ဌာတိ – ကာယတော စ စိတ္တတော စ သမုဋ္ဌာတိ, န ဝါစတော…ပေ…။</p>
<p class=""bodytext"">အနာဒရိယံ ပဋိစ္စ ပလ္လတ္ထိကာယ <span class=""note"">[ပလ္လတ္တိကာယ (က။)]</span> အန္တရဃရေ နိသီဒန္တဿ ဒုက္ကဋံ…ပေ… ဧကာ ပညတ္တိ။ ဧကေန သမုဋ္ဌာနေန သမုဋ္ဌာတိ <a name=""T0.0070""></a> – ကာယတော စ စိတ္တတော စ သမုဋ္ဌာတိ, န ဝါစတော…ပေ…။</p>
<p class=""bodytext"">အနာဒရိယံ <a name=""P5.0030""></a> ပဋိစ္စ အသက္ကစ္စံ ပိဏ္ဍပါတံ ပဋိဂ္ဂဏှန္တဿ ဒုက္ကဋံ…ပေ… ဧကာ ပညတ္တိ။ ဧကေန သမုဋ္ဌာနေန သမုဋ္ဌာတိ – ကာယတော စ စိတ္တတော စ သမုဋ္ဌာတိ, န ဝါစတော…ပေ…။</p>
<p class=""bodytext"">အနာဒရိယံ ပဋိစ္စ တဟံ တဟံ ဩလောကေန္တေန ပိဏ္ဍပါတံ ပဋိဂ္ဂဏှန္တဿ ဒုက္ကဋံ…ပေ… ဧကာ ပညတ္တိ။ ဧကေန သမုဋ္ဌာနေန သမုဋ္ဌာတိ – ကာယတော စ စိတ္တတော စ သမုဋ္ဌာတိ, န ဝါစတော…ပေ…။</p>
<p class=""bodytext"">အနာဒရိယံ ပဋိစ္စ သူပညေဝ ဗဟုံ ပဋိဂ္ဂဏှန္တဿ ဒုက္ကဋံ…ပေ… ဧကာ ပညတ္တိ။ ဧကေန သမုဋ္ဌာနေန သမုဋ္ဌာတိ – ကာယတော စ စိတ္တတော စ သမုဋ္ဌာတိ, န ဝါစတော…ပေ…။</p>
",
1918,mula_vi_05,48,"<p class=""bodytext"">အနာဒရိယံ <a name=""M0.0048""></a> ပဋိစ္စ ထူပီကတံ ပိဏ္ဍပါတံ ပဋိဂ္ဂဏှန္တဿ ဒုက္ကဋံ…ပေ… ဧကာ ပညတ္တိ။ ဧကေန သမုဋ္ဌာနေန သမုဋ္ဌာတိ – ကာယတော စ စိတ္တတော စ သမုဋ္ဌာတိ, န ဝါစတော…ပေ…။</p>
<p class=""centered"">ခမ္ဘကတဝဂ္ဂေါ တတိယော။</p>
<p class=""subhead"">၄။ ပိဏ္ဍပါတဝဂ္ဂေါ</p>
<p class=""bodytext""><a name=""para153""></a><a name=""para153_vin5""></a><span class=""paranum"">၁၅၃</span>။ အနာဒရိယံ <a name=""V0.0048""></a> ပဋိစ္စ အသက္ကစ္စံ ပိဏ္ဍပါတံ ဘုဉ္ဇန္တဿ ဒုက္ကဋံ…ပေ… ဧကာ ပညတ္တိ။ ဧကေန သမုဋ္ဌာနေန သမုဋ္ဌာတိ – ကာယတော စ စိတ္တတော စ သမုဋ္ဌာတိ, န ဝါစတော…ပေ…။</p>
<p class=""bodytext"">အနာဒရိယံ ပဋိစ္စ တဟံ တဟံ ဩလောကေန္တေန ပိဏ္ဍပါတံ ဘုဉ္ဇန္တဿ ဒုက္ကဋံ…ပေ… ဧကာ ပညတ္တိ။ ဧကေန သမုဋ္ဌာနေန သမုဋ္ဌာတိ – ကာယတော စ စိတ္တတော စ သမုဋ္ဌာတိ, န ဝါစတော…ပေ…။</p>
<p class=""bodytext"">အနာဒရိယံ <a name=""T0.0071""></a> ပဋိစ္စ တဟံ တဟံ ဩမသိတွာ ပိဏ္ဍပါတံ ဘုဉ္ဇန္တဿ ဒုက္ကဋံ…ပေ… ဧကာ ပညတ္တိ။ ဧကေန သမုဋ္ဌာနေန သမုဋ္ဌာတိ – ကာယတော စ စိတ္တတော စ သမုဋ္ဌာတိ, န ဝါစတော…ပေ…။</p>
<p class=""bodytext"">အနာဒရိယံ ပဋိစ္စ သူပညေဝ ဗဟုံ ဘုဉ္ဇန္တဿ ဒုက္ကဋံ…ပေ… ဧကာ ပညတ္တိ။ ဧကေန သမုဋ္ဌာနေန သမုဋ္ဌာတိ – ကာယတော စ စိတ္တတော စ သမုဋ္ဌာတိ, န ဝါစတော…ပေ…။</p>
<p class=""bodytext"">အနာဒရိယံ ပဋိစ္စ ထူပကတော ဩမဒ္ဒိတွာ ပိဏ္ဍပါတံ ဘုဉ္ဇန္တဿ ဒုက္ကဋံ…ပေ… ဧကာ ပညတ္တိ။ ဧကေန သမုဋ္ဌာနေန သမုဋ္ဌာတိ – ကာယတော စ စိတ္တတော စ သမုဋ္ဌာတိ, န ဝါစတော…ပေ…။</p>
<p class=""bodytext"">အနာဒရိယံ ပဋိစ္စ သူပံ ဝါ ဗျဉ္ဇနံ ဝါ ဩဒနေန ပဋိစ္ဆာဒေန္တဿ ဒုက္ကဋံ…ပေ… ဧကာ ပညတ္တိ။ ဧကေန သမုဋ္ဌာနေန သမုဋ္ဌာတိ – ကာယတော စ စိတ္တတော စ သမုဋ္ဌာတိ, န ဝါစတော…ပေ…။</p>
<p class=""bodytext"">အနာဒရိယံ ပဋိစ္စ သူပံ ဝါ ဩဒနံ ဝါ အဂိလာနော အတ္တနော အတ္ထာယ ဝိညာပေတွာ ဘုဉ္ဇန္တဿ ဒုက္ကဋံ ကတ္ထ ပညတ္တန္တိ? သာဝတ္ထိယံ ပညတ္တံ။ ကံ အာရဗ္ဘာတိ? ဆဗ္ဗဂ္ဂိယေ ဘိက္ခူ အာရဗ္ဘ။ ကိသ္မိံ ဝတ္ထုသ္မိန္တိ? ဆဗ္ဗဂ္ဂိယာ ဘိက္ခူ သူပမ္ပိ ဩဒနမ္ပိ အတ္တနော အတ္ထာယ ဝိညာပေတွာ ဘုဉ္ဇိံသု, တသ္မိံ ဝတ္ထုသ္မိံ။</p>
",-153-
1919,mula_vi_05,49,"<p class=""noindentbodytext""> ဧကာ<a name=""M0.0049""></a> ပညတ္တိ, ဧကာ အနုပညတ္တိ။ ဆန္နံ အာပတ္တိသမုဋ္ဌာနာနံ ဒွီဟိ သမုဋ္ဌာနေဟိ သမုဋ္ဌာတိ – သိယာ ကာယတော စ စိတ္တတော စ သမုဋ္ဌာတိ, န ဝါစတော၊ သိယာ ကာယတော စ ဝါစတော စ စိတ္တတော စ သမုဋ္ဌာတိ…ပေ…။</p>
<p class=""bodytext"">အနာဒရိယံ <a name=""T0.0072""></a><a name=""V0.0049""></a> ပဋိစ္စ ဥဇ္ဈာနသညိနာ ပရေသံ ပတ္တံ ဩလောကေန္တဿ ဒုက္ကဋံ…ပေ… ဧကာ ပညတ္တိ။ ဧကေန သမုဋ္ဌာနေန သမုဋ္ဌာတိ – ကာယတော စ စိတ္တတော စ သမုဋ္ဌာတိ, န ဝါစတော…ပေ…။</p>
<p class=""bodytext"">အနာဒရိယံ ပဋိစ္စ မဟန္တံ ကဗဠံ ကရောန္တဿ ဒုက္ကဋံ…ပေ… ဧကာ ပညတ္တိ။ ဧကေန သမုဋ္ဌာနေန သမုဋ္ဌာတိ – ကာယတော စ စိတ္တတော စ သမုဋ္ဌာတိ, န ဝါစတော…ပေ…။</p>
<p class=""bodytext"">အနာဒရိယံ ပဋိစ္စ ဒီဃံ အာလောပံ ကရောန္တဿ ဒုက္ကဋံ…ပေ… ဧကာ ပညတ္တိ။ ဧကေန သမုဋ္ဌာနေန သမုဋ္ဌာတိ – ကာယတော စ စိတ္တတော စ သမုဋ္ဌာတိ, န ဝါစတော…ပေ…။</p>
<p class=""centered"">ပိဏ္ဍပါတဝဂ္ဂေါ စတုတ္ထော။</p>
<p class=""subhead"">၅။ ကဗဠဝဂ္ဂေါ</p>
<p class=""bodytext""><a name=""para154""></a><a name=""para154_vin5""></a><span class=""paranum"">၁၅၄</span>။ အနာဒရိယံ ပဋိစ္စ အနာဟဋေ ကဗဠေ မုခဒွါရံ ဝိဝရန္တဿ ဒုက္ကဋံ…ပေ… ဧကာ ပညတ္တိ။ ဧကေန သမုဋ္ဌာနေန သမုဋ္ဌာတိ – ကာယတော စ စိတ္တတော စ သမုဋ္ဌာတိ, န ဝါစတော…ပေ…။</p>
<p class=""bodytext"">အနာဒရိယံ ပဋိစ္စ ဘုဉ္ဇမာနေန သဗ္ဗံ ဟတ္ထံ မုခေ ပက္ခိပန္တဿ ဒုက္ကဋံ…ပေ… ဧကာ ပညတ္တိ။ ဧကေန သမုဋ္ဌာနေန သမုဋ္ဌာတိ – ကာယတော စ စိတ္တတော စ သမုဋ္ဌာတိ, န ဝါစတော…ပေ…။</p>
<p class=""bodytext"">အနာဒရိယံ ပဋိစ္စ သကဗဠေန မုခေန ဗျာဟရန္တဿ ဒုက္ကဋံ ကတ္ထ ပညတ္တန္တိ? သာဝတ္ထိယံ ပညတ္တံ။ ကံ အာရဗ္ဘာတိ? ဆဗ္ဗဂ္ဂိယေ ဘိက္ခူ အာရဗ္ဘ<a name=""P5.0031""></a>။ ကိသ္မိံ ဝတ္ထုသ္မိန္တိ? ဆဗ္ဗဂ္ဂိယာ ဘိက္ခူ သကဗဠေန မုခေန ဗျာဟရိံသု, တသ္မိံ ဝတ္ထုသ္မိံ။ ဧကာ ပညတ္တိ။ ဆန္နံ အာပတ္တိသမုဋ္ဌာနာနံ ဧကေန သမုဋ္ဌာနေန သမုဋ္ဌာတိ – ကာယတော စ ဝါစတော စ စိတ္တတော စ သမုဋ္ဌာတိ…ပေ…။</p>
",-154-
1920,mula_vi_05,50,"<p class=""bodytext"">အနာဒရိယံ <a name=""M0.0050""></a> ပဋိစ္စ ပိဏ္ဍုက္ခေပကံ ဘုဉ္ဇန္တဿ ဒုက္ကဋံ…ပေ… ဧကာ <a name=""T0.0073""></a> ပညတ္တိ။ ဧကေန သမုဋ္ဌာနေန သမုဋ္ဌာတိ – ကာယတော စ စိတ္တတော စ သမုဋ္ဌာတိ, န ဝါစတော…ပေ…။</p>
<p class=""bodytext"">အနာဒရိယံ <a name=""V0.0050""></a> ပဋိစ္စ ကဗဠာဝစ္ဆေဒကံ ဘုဉ္ဇန္တဿ ဒုက္ကဋံ…ပေ… ဧကာ ပညတ္တိ။ ဧကေန သမုဋ္ဌာနေန သမုဋ္ဌာတိ – ကာယတော စ စိတ္တတော စ သမုဋ္ဌာတိ, န ဝါစတော…ပေ…။</p>
<p class=""bodytext"">အနာဒရိယံ ပဋိစ္စ အဝဂဏ္ဍကာရကံ ဘုဉ္ဇန္တဿ ဒုက္ကဋံ…ပေ… ဧကာ ပညတ္တိ။ ဧကေန သမုဋ္ဌာနေန သမုဋ္ဌာတိ – ကာယတော စ စိတ္တတော စ သမုဋ္ဌာတိ, န ဝါစတော…ပေ…။</p>
<p class=""bodytext"">အနာဒရိယံ ပဋိစ္စ ဟတ္ထနိဒ္ဓုနကံ ဘုဉ္ဇန္တဿ ဒုက္ကဋံ…ပေ… ဧကာ ပညတ္တိ။ ဧကေန သမုဋ္ဌာနေန သမုဋ္ဌာတိ – ကာယတော စ စိတ္တတော စ သမုဋ္ဌာတိ, န ဝါစတော…ပေ…။</p>
<p class=""bodytext"">အနာဒရိယံ ပဋိစ္စ သိတ္ထာဝကာရကံ ဘုဉ္ဇန္တဿ ဒုက္ကဋံ…ပေ… ဧကာ ပညတ္တိ။ ဧကေန သမုဋ္ဌာနေန သမုဋ္ဌာတိ – ကာယတော စ စိတ္တတော စ သမုဋ္ဌာတိ, န ဝါစတော…ပေ…။</p>
<p class=""bodytext"">အနာဒရိယံ ပဋိစ္စ ဇိဝှါနိစ္ဆာရကံ ဘုဉ္ဇန္တဿ ဒုက္ကဋံ…ပေ… ဧကာ ပညတ္တိ။ ဧကေန သမုဋ္ဌာနေန သမုဋ္ဌာတိ – ကာယတော စ စိတ္တတော စ သမုဋ္ဌာတိ, န ဝါစတော…ပေ…။</p>
<p class=""bodytext"">အနာဒရိယံ ပဋိစ္စ စပုစပုကာရကံ ဘုဉ္ဇန္တဿ ဒုက္ကဋံ…ပေ… ဧကာ ပညတ္တိ။ ဧကေန သမုဋ္ဌာနေန သမုဋ္ဌာတိ – ကာယတော စ စိတ္တတော စ သမုဋ္ဌာတိ, န ဝါစတော…ပေ…။</p>
<p class=""centered"">ကဗဠဝဂ္ဂေါ ပဉ္စမော။</p>
<p class=""subhead"">၆။ သုရုသုရုဝဂ္ဂေါ</p>
<p class=""bodytext""><a name=""para155""></a><a name=""para155_vin5""></a><span class=""paranum"">၁၅၅</span>။ အနာဒရိယံ <a name=""T0.0074""></a> ပဋိစ္စ သုရုသုရုကာရကံ ဘုဉ္ဇန္တဿ ဒုက္ကဋံ ကတ္ထ ပညတ္တန္တိ? ကောသမ္ဗိယံ ပညတ္တံ။ ကံ အာရဗ္ဘာတိ? သမ္ဗဟုလေ ဘိက္ခူ အာရဗ္ဘ။ ကိသ္မိံ ဝတ္ထုသ္မိန္တိ? သမ္ဗဟုလာ ဘိက္ခူ သုရုသုရုကာရကံ ခီရံ ပိဝိံသု, တသ္မိံ</p>
",-155-
1921,mula_vi_05,51,"<p class=""noindentbodytext""> ဝတ္ထုသ္မိံ<a name=""M0.0051""></a>။ ဧကာ ပညတ္တိ။ ဆန္နံ အာပတ္တိသမုဋ္ဌာနာနံ ဧကေန သမုဋ္ဌာနေန သမုဋ္ဌာတိ – ကာယတော စ စိတ္တတော စ သမုဋ္ဌာတိ, န ဝါစတော…ပေ…။</p>
<p class=""bodytext"">အနာဒရိယံ ပဋိစ္စ ဟတ္ထနိလ္လေဟကံ ဘုဉ္ဇန္တဿ ဒုက္ကဋံ…ပေ… ဧကာ ပညတ္တိ။ ဧကေန သမုဋ္ဌာနေန သမုဋ္ဌာတိ – ကာယတော စ စိတ္တတော စ သမုဋ္ဌာတိ, န ဝါစတော…ပေ…။</p>
<p class=""bodytext"">အနာဒရိယံ <a name=""V0.0051""></a> ပဋိစ္စ ပတ္တနိလ္လေဟကံ ဘုဉ္ဇန္တဿ ဒုက္ကဋံ…ပေ… ဧကာ ပညတ္တိ။ ဧကေန သမုဋ္ဌာနေန သမုဋ္ဌာတိ – ကာယတော စ စိတ္တတော စ သမုဋ္ဌာတိ, န ဝါစတော…ပေ…။</p>
<p class=""bodytext"">အနာဒရိယံ ပဋိစ္စ ဩဋ္ဌနိလ္လေဟကံ ဘုဉ္ဇန္တဿ ဒုက္ကဋံ…ပေ… ဧကာ ပညတ္တိ။ ဧကေန သမုဋ္ဌာနေန သမုဋ္ဌာတိ – ကာယတော စ စိတ္တတော စ သမုဋ္ဌာတိ, န ဝါစတော…ပေ…။</p>
<p class=""bodytext"">အနာဒရိယံ ပဋိစ္စ သာမိသေန ဟတ္ထေန ပါနီယထာလကံ ပဋိဂ္ဂဏှန္တဿ ဒုက္ကဋံ ကတ္ထ ပညတ္တန္တိ? ဘဂ္ဂေသု ပညတ္တံ။ ကံ အာရဗ္ဘာတိ? သမ္ဗဟုလေ ဘိက္ခူ အာရဗ္ဘ။ ကိသ္မိံ ဝတ္ထုသ္မိန္တိ? သမ္ဗဟုလာ ဘိက္ခူ သာမိသေန ဟတ္ထေန ပါနီယထာလကံ ပဋိဂ္ဂဟေသုံ, တသ္မိံ ဝတ္ထုသ္မိံ။ ဧကာ ပညတ္တိ။ ဆန္နံ အာပတ္တိသမုဋ္ဌာနာနံ ဧကေန သမုဋ္ဌာနေန <a name=""T0.0075""></a> သမုဋ္ဌာတိ – ကာယတော စ စိတ္တတော စ သမုဋ္ဌာတိ, န ဝါစတော…ပေ…။</p>
<p class=""bodytext"">အနာဒရိယံ ပဋိစ္စ သသိတ္ထကံ ပတ္တဓောဝနံ အန္တရဃရေ ဆဍ္ဍေန္တဿ ဒုက္ကဋံ ကတ္ထ ပညတ္တန္တိ? ဘဂ္ဂေသု ပညတ္တံ။ ကံ အာရဗ္ဘာတိ? သမ္ဗဟုလေ ဘိက္ခူ အာရဗ္ဘ။ ကိသ္မိံ ဝတ္ထုသ္မိန္တိ? သမ္ဗဟုလာ ဘိက္ခူ သသိတ္ထကံ ပတ္တဓောဝနံ အန္တရဃရေ ဆဍ္ဍေသုံ, တသ္မိံ ဝတ္ထုသ္မိံ။ ဧကာ ပညတ္တိ။ ဆန္နံ အာပတ္တိသမုဋ္ဌာနာနံ ဧကေန သမုဋ္ဌာနေန သမုဋ္ဌာတိ – ကာယတော စ စိတ္တတော စ သမုဋ္ဌာတိ, န ဝါစတော…ပေ…။</p>
<p class=""bodytext"">အနာဒရိယံ ပဋိစ္စ ဆတ္တပါဏိဿ ဓမ္မံ ဒေသေန္တဿ ဒုက္ကဋံ ကတ္ထ ပညတ္တန္တိ? သာဝတ္ထိယံ ပညတ္တံ။ ကံ အာရဗ္ဘာတိ? ဆဗ္ဗဂ္ဂိယေ ဘိက္ခူ အာရဗ္ဘ။ ကိသ္မိံ ဝတ္ထုသ္မိန္တိ? ဆဗ္ဗဂ္ဂိယာ ဘိက္ခူ ဆတ္တပါဏိဿ ဓမ္မံ ဒေသေသုံ, တသ္မိံ ဝတ္ထုသ္မိံ။ ဧကာ ပညတ္တိ, ဧကာ အနုပညတ္တိ။ ဆန္နံ အာပတ္တိသမုဋ္ဌာနာနံ ဧကေန သမုဋ္ဌာနေန သမုဋ္ဌာတိ – ဝါစတော စ စိတ္တတော စ သမုဋ္ဌာတိ, န ကာယတော…ပေ…။</p>
",
1922,mula_vi_05,52,"<p class=""bodytext"">အနာဒရိယံ <a name=""M0.0052""></a> ပဋိစ္စ ဒဏ္ဍပါဏိဿ ဓမ္မံ ဒေသေန္တဿ ဒုက္ကဋံ…ပေ… ဧကာ ပညတ္တိ, ဧကာ အနုပညတ္တိ။ ဆန္နံ အာပတ္တိသမုဋ္ဌာနာနံ ဧကေန သမုဋ္ဌာနေန သမုဋ္ဌာတိ – ဝါစတော စ စိတ္တတော စ သမုဋ္ဌာတိ, န ကာယတော…ပေ…။</p>
<p class=""bodytext"">အနာဒရိယံ <a name=""T0.0076""></a> ပဋိစ္စ သတ္ထပါဏိဿ ဓမ္မံ ဒေသေန္တဿ ဒုက္ကဋံ…ပေ… ဧကာ ပညတ္တိ, ဧကာ <a name=""V0.0052""></a> အနုပညတ္တိ။ ဆန္နံ အာပတ္တိသမုဋ္ဌာနာနံ ဧကေန သမုဋ္ဌာနေန သမုဋ္ဌာတိ – ဝါစတော စ စိတ္တတော စ သမုဋ္ဌာတိ, န ကာယတော…ပေ…။</p>
<p class=""bodytext"">အနာဒရိယံ ပဋိစ္စ အာဝုဓပါဏိဿ ဓမ္မံ ဒေသေန္တဿ ဒုက္ကဋံ…ပေ… ဧကာ ပညတ္တိ, ဧကာ အနုပညတ္တိ။ ဆန္နံ အာပတ္တိသမုဋ္ဌာနာနံ ဧကေန သမုဋ္ဌာနေန သမုဋ္ဌာတိ – ဝါစတော စ စိတ္တတော စ သမုဋ္ဌာတိ, န ကာယတော…ပေ…။</p>
<p class=""centered"">သုရုသုရုဝဂ္ဂေါ ဆဋ္ဌော။</p>
<p class=""subhead"">၇။ ပါဒုကဝဂ္ဂေါ</p>
<p class=""bodytext""><a name=""para156""></a><a name=""para156_vin5""></a><span class=""paranum"">၁၅၆</span>။ အနာဒရိယံ ပဋိစ္စ ပါဒုကာရုဠှဿ ဓမ္မံ ဒေသေန္တဿ ဒုက္ကဋံ…ပေ… ဧကာ ပညတ္တိ, ဧကာ အနုပညတ္တိ။ ဆန္နံ အာပတ္တိသမုဋ္ဌာနာနံ ဧကေန သမုဋ္ဌာနေန သမုဋ္ဌာတိ – ဝါစတော စ စိတ္တတော စ သမုဋ္ဌာတိ, န ကာယတော…ပေ…။</p>
<p class=""bodytext"">အနာဒရိယံ ပဋိစ္စ ဥပါဟနာရုဠှဿ ဓမ္မံ ဒေသေန္တဿ ဒုက္ကဋံ…ပေ… ဧကာ ပညတ္တိ, ဧကာ အနုပညတ္တိ။ ဆန္နံ အာပတ္တိသမုဋ္ဌာနာနံ ဧကေန သမုဋ္ဌာနေန သမုဋ္ဌာတိ – ဝါစတော စ စိတ္တတော စ သမုဋ္ဌာတိ, န ကာယတော…ပေ…။</p>
<p class=""bodytext"">အနာဒရိယံ ပဋိစ္စ ယာနဂတဿ ဓမ္မံ ဒေသေန္တဿ ဒုက္ကဋံ…ပေ… ဧကာ ပညတ္တိ, ဧကာ အနုပညတ္တိ။ ဆန္နံ အာပတ္တိသမုဋ္ဌာနာနံ ဧကေန သမုဋ္ဌာနေန သမုဋ္ဌာတိ – ဝါစတော စ စိတ္တတော စ သမုဋ္ဌာတိ<a name=""T0.0077""></a>, န ကာယတော…ပေ…။</p>
<p class=""bodytext"">အနာဒရိယံ ပဋိစ္စ သယနဂတဿ ဓမ္မံ ဒေသေန္တဿ ဒုက္ကဋံ…ပေ… ဧကာ ပညတ္တိ, ဧကာ အနုပညတ္တိ။ ဆန္နံ အာပတ္တိသမုဋ္ဌာနာနံ ဧကေန သမုဋ္ဌာနေန သမုဋ္ဌာတိ – ဝါစတော စ စိတ္တတော စ သမုဋ္ဌာတိ, န ကာယတော…ပေ…။</p>
<p class=""bodytext"">အနာဒရိယံ ပဋိစ္စ ပလ္လတ္ထိကာယ နိသိန္နဿ ဓမ္မံ ဒေသေန္တဿ ဒုက္ကဋံ…ပေ… ဧကာ ပညတ္တိ, ဧကာ အနုပညတ္တိ။ ဆန္နံ အာပတ္တိသမုဋ္ဌာနာနံ ဧကေန</p>
",-156-
1923,mula_vi_05,53,"<p class=""noindentbodytext""> သမုဋ္ဌာနေ<a name=""M0.0053""></a> သမုဋ္ဌာတိ – ဝါစတော စ စိတ္တတော စ သမုဋ္ဌာတိ, န ကာယတော…ပေ…။</p>
<p class=""bodytext"">အနာဒရိယံ <a name=""V0.0053""></a> ပဋိစ္စ ဝေဌိတသီသဿ <a name=""P5.0032""></a> ဓမ္မံ ဒေသေန္တဿ ဒုက္ကဋံ…ပေ… ဧကာ ပညတ္တိ, ဧကာ အနုပညတ္တိ။ ဆန္နံ အာပတ္တိသမုဋ္ဌာနာနံ ဧကေန သမုဋ္ဌာနေန သမုဋ္ဌာတိ – ဝါစတော စ စိတ္တတော စ သမုဋ္ဌာတိ, န ကာယတော…ပေ…။</p>
<p class=""bodytext"">အနာဒရိယံ ပဋိစ္စ ဩဂုဏ္ဌိတသီသဿ ဓမ္မံ ဒေသေန္တဿ ဒုက္ကဋံ…ပေ… ဧကာ ပညတ္တိ, ဧကာ အနုပညတ္တိ။ ဆန္နံ အာပတ္တိသမုဋ္ဌာနာနံ ဧကေန သမုဋ္ဌာနေန သမုဋ္ဌာတိ – ဝါစတော စ စိတ္တတော စ သမုဋ္ဌာတိ, န ကာယတော…ပေ…။</p>
<p class=""bodytext"">အနာဒရိယံ ပဋိစ္စ ဆမာယံ နိသီဒိတွာ အာသနေ နိသိန္နဿ ဓမ္မံ ဒေသေန္တဿ ဒုက္ကဋံ…ပေ… ဧကာ ပညတ္တိ, ဧကာ အနုပညတ္တိ။ ဆန္နံ အာပတ္တိသမုဋ္ဌာနာနံ ဧကေန သမုဋ္ဌာနေန သမုဋ္ဌာတိ <a name=""T0.0078""></a> – ကာယတော စ ဝါစတော စ စိတ္တတော စ သမုဋ္ဌာတိ…ပေ…။</p>
<p class=""bodytext"">အနာဒရိယံ ပဋိစ္စ နီစေ အာသနေ နိသီဒိတွာ ဥစ္စေ အာသနေ နိသိန္နဿ ဓမ္မံ ဒေသေန္တဿ ဒုက္ကဋံ…ပေ… ဧကာ ပညတ္တိ, ဧကာ အနုပညတ္တိ။ ဆန္နံ အာပတ္တိသမုဋ္ဌာနာနံ ဧကေန သမုဋ္ဌာနေန သမုဋ္ဌာတိ – ကာယတော စ ဝါစတော စ စိတ္တတော စ သမုဋ္ဌာတိ…ပေ…။</p>
<p class=""bodytext"">အနာဒရိယံ ပဋိစ္စ ဌိတေန နိသိန္နဿ ဓမ္မံ ဒေသေန္တဿ ဒုက္ကဋံ…ပေ… ဧကာ ပညတ္တိ, ဧကာ အနုပညတ္တိ။ ဆန္နံ အာပတ္တိသမုဋ္ဌာနာနံ ဧကေန သမုဋ္ဌာနေန သမုဋ္ဌာတိ – ကာယတော စ ဝါစတော စ စိတ္တတော စ သမုဋ္ဌာတိ…ပေ…။</p>
<p class=""bodytext"">အနာဒရိယံ ပဋိစ္စ ပစ္ဆတော ဂစ္ဆန္တေန ပုရတော ဂစ္ဆန္တဿ ဓမ္မံ ဒေသေန္တဿ ဒုက္ကဋံ…ပေ… ဧကာ ပညတ္တိ, ဧကာ အနုပညတ္တိ။ ဆန္နံ အာပတ္တိသမုဋ္ဌာနာနံ ဧကေန သမုဋ္ဌာနေန သမုဋ္ဌာတိ – ကာယတော စ ဝါစတော စ စိတ္တတော စ သမုဋ္ဌာတိ…ပေ…။</p>
<p class=""bodytext"">အနာဒရိယံ ပဋိစ္စ ဥပ္ပထေန ဂစ္ဆန္တေန ပထေန ဂစ္ဆန္တဿ ဓမ္မံ ဒေသေန္တဿ ဒုက္ကဋံ…ပေ… ဧကာ ပညတ္တိ, ဧကာ အနုပညတ္တိ။ ဆန္နံ အာပတ္တိသမုဋ္ဌာနာနံ ဧကေန သမုဋ္ဌာနေန သမုဋ္ဌာတိ – ကာယတော စ ဝါစတော စ စိတ္တတော စ သမုဋ္ဌာတိ…ပေ…။</p>
<p class=""bodytext"">အနာဒရိယံ ပဋိစ္စ ဌိတေန ဥစ္စာရံ ဝါ ပဿာဝံ ဝါ ကရောန္တဿ ဒုက္ကဋံ…ပေ… ဧကာ ပညတ္တိ<a name=""V0.0054""></a>, ဧကာ အနုပညတ္တိ။ ဆန္နံ အာပတ္တိသမုဋ္ဌာနာနံ ဧကေန</p>
",
1924,mula_vi_05,54,"<p class=""noindentbodytext""> သမုဋ္ဌာနေ<a name=""M0.0054""></a> သမုဋ္ဌာတိ – ကာယတော <a name=""T0.0079""></a> စ စိတ္တတော စ သမုဋ္ဌာတိ, န ဝါစတော…ပေ…။</p>
<p class=""bodytext"">အနာဒရိယံ ပဋိစ္စ ဟရိတေ ဥစ္စာရံ ဝါ ပဿာဝံ ဝါ ခေဠံ ဝါ ကရောန္တဿ ဒုက္ကဋံ…ပေ… ဧကာ ပညတ္တိ, ဧကာ အနုပညတ္တိ။ ဆန္နံ အာပတ္တိသမုဋ္ဌာနာနံ ဧကေန သမုဋ္ဌာနေန သမုဋ္ဌာတိ – ကာယတော စ စိတ္တတော စ သမုဋ္ဌာတိ, န ဝါစတော…ပေ…။</p>
<p class=""bodytext"">အနာဒရိယံ ပဋိစ္စ ဥဒကေ ဥစ္စာရံ ဝါ ပဿာဝံ ဝါ ခေဠံ ဝါ ကရောန္တဿ ဒုက္ကဋံ…ပေ… ကတ္ထ ပညတ္တန္တိ? သာဝတ္ထိယံ ပညတ္တံ။ ကံ အာရဗ္ဘာတိ? ဆဗ္ဗဂ္ဂိယေ ဘိက္ခူ အာရဗ္ဘ။ ကိသ္မိံ ဝတ္ထုသ္မိန္တိ? ဆဗ္ဗဂ္ဂိယာ ဘိက္ခူ ဥဒကေ ဥစ္စာရမ္ပိ ပဿာဝမ္ပိ ခေဠမ္ပိ အကံသု, တသ္မိံ ဝတ္ထုသ္မိံ။ ဧကာ ပညတ္တိ, ဧကာ အနုပညတ္တိ။ ဆန္နံ အာပတ္တိသမုဋ္ဌာနာနံ ဧကေန သမုဋ္ဌာနေန သမုဋ္ဌာတိ – ကာယတော စ စိတ္တတော စ သမုဋ္ဌာတိ, န ဝါစတော…ပေ…။</p>
<p class=""centered"">ပါဒုကဝဂ္ဂေါ သတ္တမော။</p>
<p class=""centered"">ပဉ္စသတ္တတိ သေခိယာ နိဋ္ဌိတာ။</p>
<p class=""centered"">တဿုဒ္ဒါနံ –</p>
<p class=""gatha1"">ပရိမဏ္ဍလံ ပဋိစ္ဆန္နံ, သုသံဝုတောက္ခိတ္တစက္ခု၊</p>
<p class=""gathalast"">ဥက္ခိတ္တောဇ္ဇဂ္ဃိကာ သဒ္ဒေါ, တယော စေဝ ပစာလနာ။</p>
<p class=""gatha1"">ခမ္ဘံ ဩဂုဏ္ဌိတော စေဝုက္ကုဋိပလ္လတ္ထိကာယ စ၊</p>
<p class=""gathalast"">သက္ကစ္စံ <a name=""T0.0080""></a> ပတ္တသညီ စ, သမသူပံ သမတိတ္တိကံ <span class=""note"">[သမတိတ္ထိကံ (က။)]</span>။</p>
<p class=""gatha1"">သက္ကစ္စံ ပတ္တသညီ စ, သပဒါနံ သမသူပကံ၊</p>
<p class=""gathalast"">ထူပကတော ပဋိစ္ဆန္နံ, ဝိညတ္တုဇ္ဈာနသညိနာ။</p>
<p class=""gatha1"">န မဟန္တံ မဏ္ဍလံ ဒွါရံ, သဗ္ဗံ ဟတ္ထံ န ဗျာဟရေ၊</p>
<p class=""gathalast"">ဥက္ခေပေါ ဆေဒနာ ဂဏ္ဍော, ဓုနံ သိတ္ထာဝကာရကံ။</p>
<p class=""gatha1"">ဇိဝှါနိစ္ဆာရကဉ္စေဝ<a name=""V0.0055""></a>, စပုစပု သုရုသုရု၊</p>
<p class=""gathalast"">ဟတ္ထော <a name=""P5.0033""></a> ပတ္တော စ ဩဋ္ဌော စ, သာမိသံ သိတ္ထကေန စ။</p>
",
1925,mula_vi_05,55,"<p class=""gatha1"">ဆတ္တပါဏိဿ <a name=""M0.0055""></a> သဒ္ဓမ္မံ, န ဒေသေန္တိ တထာဂတာ၊</p>
<p class=""gathalast"">ဧဝမေဝ ဒဏ္ဍပါဏိဿ, သတ္ထအာဝုဓပါဏိနံ။</p>
<p class=""gatha1"">ပါဒုကာ ဥပါဟနာ စေဝ, ယာနသေယျာဂတဿ စ၊</p>
<p class=""gathalast"">ပလ္လတ္ထိကာ နိသိန္နဿ, ဝေဌိတောဂုဏ္ဌိတဿ စ။</p>
<p class=""gatha1"">ဆမာ နီစာသနေ ဌာနေ, ပစ္ဆတော ဥပ္ပထေန စ၊</p>
<p class=""gathalast"">ဌိတကေန န ကာတဗ္ဗံ, ဟရိတေ ဥဒကမှိ စာတိ။</p>
<p class=""centered"">တေသံ ဝဂ္ဂါနမုဒ္ဒါနံ –</p>
<p class=""gatha1"">ပရိမဏ္ဍလဥဇ္ဇဂ္ဃိ, ခမ္ဘံ ပိဏ္ဍံ တထေဝ စ၊</p>
<p class=""gathalast"">ကဗဠာ သုရုသုရု စ, ပါဒုကေန စ သတ္တမာတိ။</p>
<p class=""centered"">မဟာဝိဘင်္ဂေ ကတ္ထပညတ္တိဝါရော နိဋ္ဌိတော။</p>
<p class=""title"">၂။ ကတာပတ္တိဝါရော</p>
<p class=""subhead"">၁။ ပါရာဇိကကဏ္ဍံ</p>
<p class=""bodytext""><a name=""para157""></a><a name=""para157_vin5""></a><span class=""paranum"">၁၅၇</span>။ မေထုနံ <a name=""V0.0056""></a> ဓမ္မံ ပဋိသေဝန္တော ကတိ အာပတ္တိယော အာပဇ္ဇတိ? မေထုနံ ဓမ္မံ ပဋိသေဝန္တော တိဿော အာပတ္တိယော အာပဇ္ဇတိ။ အက္ခာယိတေ သရီရေ မေထုနံ ဓမ္မံ ပဋိသေဝတိ, အာပတ္တိ ပါရာဇိကဿ၊ ယေဘုယျေန ခါယိတေ <a name=""T0.0081""></a> သရီရေ မေထုနံ ဓမ္မံ ပဋိသေဝတိ, အာပတ္တိ ထုလ္လစ္စယဿ၊ ဝဋ္ဋကတေ <span class=""note"">[ဝိဝဋကတေ (သျာ။)]</span> မုခေ အစ္ဆုပန္တံ အင်္ဂဇာတံ ပဝေသေတိ, အာပတ္တိ ဒုက္ကဋဿ – မေထုနံ ဓမ္မံ ပဋိသေဝန္တော ဣမာ တိဿော အာပတ္တိယော အာပဇ္ဇတိ။</p>
<p class=""bodytext""><a name=""para158""></a><a name=""para158_vin5""></a><span class=""paranum"">၁၅၈</span>။ အဒိန္နံ အာဒိယန္တော ကတိ အာပတ္တိယော အာပဇ္ဇတိ? အဒိန္နံ အာဒိယန္တော တိဿော အာပတ္တိယော အာပဇ္ဇတိ။ ပဉ္စမာသကံ ဝါ အတိရေကပဉ္စမာသကံ ဝါ အဂ္ဃနကံ အဒိန္နံ ထေယျသင်္ခါတံ အာဒိယတိ, အာပတ္တိ ပါရာဇိကဿ၊ အတိရေကမာသကံ ဝါ ဦနပဉ္စမာသကံ ဝါ အဂ္ဃနကံ အဒိန္နံ ထေယျသင်္ခါတံ အာဒိယတိ, အာပတ္တိ ထုလ္လစ္စယဿ၊ မာသကံ ဝါ ဦနမာသကံ ဝါ အဂ္ဃနကံ အဒိန္နံ ထေယျသင်္ခါတံ အာဒိယတိ, အာပတ္တိ ဒုက္ကဋဿ – အဒိန္နံ အာဒိယန္တော ဣမာ တိဿော အာပတ္တိယော အာပဇ္ဇတိ။</p>
",-157-158-
1926,mula_vi_05,56,"<p class=""bodytext""><a name=""para159""></a><a name=""para159_vin5""></a><span class=""paranum"">၁၅၉</span>။ သဉ္စိစ္စ <a name=""M0.0056""></a> မနုဿဝိဂ္ဂဟံ ဇီဝိတာ ဝေါရောပေန္တော ကတိ အာပတ္တိယော အာပဇ္ဇတိ? သဉ္စိစ္စ မနုဿဝိဂ္ဂဟံ ဇီဝိတာ ဝေါရောပေန္တော တိဿော အာပတ္တိယော အာပဇ္ဇတိ။ မနုဿံ ဩဒိဿ ဩပါတံ ခဏတိ ‘‘ပပတိတွာ မရိဿတီ’’တိ, အာပတ္တိ ဒုက္ကဋဿ၊ ပပတိတေ ဒုက္ခာ ဝေဒနာ ဥပ္ပဇ္ဇတိ, အာပတ္တိ ထုလ္လစ္စယဿ၊ မရတိ, အာပတ္တိ ပါရာဇိကဿ – သဉ္စိစ္စ မနုဿဝိဂ္ဂဟံ ဇီဝိတာ ဝေါရောပေန္တော ဣမာ တိဿော အာပတ္တိယော အာပဇ္ဇတိ။</p>
<p class=""bodytext""><a name=""para160""></a><a name=""para160_vin5""></a><span class=""paranum"">၁၆၀</span>။ အသန္တံ အဘူတံ ဥတ္တရိမနုဿဓမ္မံ ဥလ္လပန္တော ကတိ အာပတ္တိယော အာပဇ္ဇတိ? အသန္တံ <a name=""V0.0057""></a> အဘူတံ ဥတ္တရိမနုဿဓမ္မံ ဥလ္လပန္တော တိဿော အာပတ္တိယော အာပဇ္ဇတိ။ ပါပိစ္ဆော ဣစ္ဆာပကတော အသန္တံ အဘူတံ ဥတ္တရိမနုဿဓမ္မံ ဥလ္လပတိ, အာပတ္တိ ပါရာဇိကဿ၊ ‘‘ယော တေ ဝိဟာရေ <a name=""T0.0082""></a> ဝသတိ, သော ဘိက္ခု အရဟာ’’တိ ဘဏတိ, ပဋိဝိဇာနန္တဿ အာပတ္တိ ထုလ္လစ္စယဿ၊ န ပဋိဝိဇာနန္တဿ အာပတ္တိ ဒုက္ကဋဿ – အသန္တံ အဘူတံ ဥတ္တရိမနုဿဓမ္မံ ဥလ္လပန္တော ဣမာ တိဿော အာပတ္တိယော အာပဇ္ဇတိ။</p>
<p class=""centered"">စတ္တာရော ပါရာဇိကာ နိဋ္ဌိတာ။</p>
<p class=""subhead"">၂။ သံဃာဒိသေသကဏ္ဍံ</p>
<p class=""bodytext""><a name=""para161""></a><a name=""para161_vin5""></a><span class=""paranum"">၁၆၁</span>။ ဥပက္ကမိတွာ အသုစိံ မောစေန္တော တိဿော အာပတ္တိယော အာပဇ္ဇတိ။ စေတေတိ ဥပက္ကမတိ <a name=""P5.0034""></a> မုစ္စတိ, အာပတ္တိ သံဃာဒိသေသဿ၊ စေတေတိ ဥပက္ကမတိ န မုစ္စတိ, အာပတ္တိ ထုလ္လစ္စယဿ၊ ပယောဂေ ဒုက္ကဋံ။</p>
<p class=""bodytext"">မာတုဂါမေန သဒ္ဓိံ ကာယသံသဂ္ဂံ သမာပဇ္ဇန္တော တိဿော အာပတ္တိယော အာပဇ္ဇတိ။ ကာယေန ကာယံ အာမသတိ, အာပတ္တိ သံဃာဒိသေသဿ၊ ကာယေန ကာယပဋိဗဒ္ဓံ အာမသတိ, အာပတ္တိ ထုလ္လစ္စယဿ၊ ကာယပဋိဗဒ္ဓေန ကာယပဋိဗဒ္ဓံ အာမသတိ, အာပတ္တိ ဒုက္ကဋဿ။</p>
<p class=""bodytext"">မာတုဂါမံ ဒုဋ္ဌုလ္လာဟိ ဝါစာဟိ ဩဘာသေန္တော တိဿော အာပတ္တိယော အာပဇ္ဇတိ။ ဝစ္စမဂ္ဂံ ပဿာဝမဂ္ဂံ အာဒိဿ ဝဏ္ဏမ္ပိ ဘဏတိ, အဝဏ္ဏမ္ပိ ဘဏတိ, အာပတ္တိ သံဃာဒိသေသဿ၊ ဝစ္စမဂ္ဂံ ပဿာဝမဂ္ဂံ ဌပေတွာ အဓက္ခကံ ဥဗ္ဘဇာဏုမဏ္ဍလံ အာဒိဿ ဝဏ္ဏမ္ပိ ဘဏတိ အဝဏ္ဏမ္ပိ ဘဏတိ, အာပတ္တိ ထုလ္လစ္စယဿ၊ ကာယပဋိဗဒ္ဓံ အာဒိဿ ဝဏ္ဏမ္ပိ ဘဏတိ အဝဏ္ဏမ္ပိ ဘဏတိ, အာပတ္တိ ဒုက္ကဋဿ။</p>
",-159-160-161-
1927,mula_vi_05,57,"<p class=""bodytext"">အတ္တကာမပါရိစရိယာ <a name=""M0.0057""></a> ဝဏ္ဏံ ဘာသန္တော တိဿော အာပတ္တိယော အာပဇ္ဇတိ<a name=""T0.0083""></a>။ မာတုဂါမဿ သန္တိကေ အတ္တကာမပါရိစရိယာယ ဝဏ္ဏံ ဘာသတိ, အာပတ္တိ သံဃာဒိသေသဿ၊ ပဏ္ဍကဿ သန္တိကေ အတ္တကာမပါရိစရိယာယ ဝဏ္ဏံ ဘာသတိ, အာပတ္တိ ထုလ္လစ္စယဿ၊ တိရစ္ဆာနဂတဿ သန္တိကေ အတ္တကာမပါရိစရိယာယ ဝဏ္ဏံ ဘာသတိ, အာပတ္တိ ဒုက္ကဋဿ။</p>
<p class=""bodytext"">သဉ္စရိတ္တံ သမာပဇ္ဇန္တော တိဿော အာပတ္တိယော အာပဇ္ဇတိ။ ပဋိဂ္ဂဏှာတိ ဝီမံသတိ ပစ္စာဟရတိ<a name=""V0.0058""></a>, အာပတ္တိ သံဃာဒိသေသဿ၊ ပဋိဂ္ဂဏှာတိ ဝီမံသတိ န ပစ္စာဟရတိ, အာပတ္တိ ထုလ္လစ္စယဿ၊ ပဋိဂ္ဂဏှာတိ န ဝီမံသတိ န ပစ္စာဟရတိ, အာပတ္တိ ဒုက္ကဋဿ။</p>
<p class=""bodytext"">သညာစိကာယ ကုဋိံ ကာရာပေန္တော တိဿော အာပတ္တိယော အာပဇ္ဇတိ။ ကာရာပေတိ, ပယောဂေ ဒုက္ကဋံ၊ ဧကံ ပိဏ္ဍံ အနာဂတေ, အာပတ္တိ ထုလ္လစ္စယဿ၊ တသ္မိံ ပိဏ္ဍေ အာဂတေ, အာပတ္တိ သံဃာဒိသေသဿ။</p>
<p class=""bodytext"">မဟလ္လကံ ဝိဟာရံ ကာရာပေန္တော တိဿော အာပတ္တိယော အာပဇ္ဇတိ။ ကာရာပေတိ, ပယောဂေ ဒုက္ကဋံ၊ ဧကံ ပိဏ္ဍံ အနာဂတေ, အာပတ္တိ ထုလ္လစ္စယဿ၊ တသ္မိံ ပိဏ္ဍေ အာဂတေ, အာပတ္တိ သံဃာဒိသေသဿ။</p>
<p class=""bodytext"">ဘိက္ခုံ အမူလကေန ပါရာဇိကေန ဓမ္မေန အနုဒ္ဓံသေန္တော တိဿော အာပတ္တိယော အာပဇ္ဇတိ။ အနောကာသံ ကာရာပေတွာ စာဝနာဓိပ္ပါယော ဝဒေတိ, အာပတ္တိ သံဃာဒိသေသေန ဒုက္ကဋဿ၊ ဩကာသံ ကာရာပေတွာ အက္ကောသာဓိပ္ပါယော ဝဒေတိ, အာပတ္တိ ဩမသဝါဒဿ။</p>
<p class=""bodytext"">ဘိက္ခုံ အညဘာဂိယဿ အဓိကရဏဿ ကိဉ္စိ ဒေသံ လေသမတ္တံ ဥပါဒါယ ပါရာဇိကေန ဓမ္မေန အနုဒ္ဓံသေန္တော တိဿော အာပတ္တိယော အာပဇ္ဇတိ<a name=""T0.0084""></a>။ အနောကာသံ ကာရာပေတွာ စာဝနာဓိပ္ပါယော ဝဒေတိ, အာပတ္တိ သံဃာဒိသေသေန ဒုက္ကဋဿ၊ ဩကာသံ ကာရာပေတွာ အက္ကောသာဓိပ္ပါယော ဝဒေတိ, အာပတ္တိ ဩမသဝါဒဿ။</p>
<p class=""bodytext"">သံဃဘေဒကော ဘိက္ခု ယာဝတတိယံ သမနုဘာသနာယ န ပဋိနိဿဇ္ဇန္တော တိဿော အာပတ္တိယော အာပဇ္ဇတိ။ ဉတ္တိယာ ဒုက္ကဋံ၊ ဒွီဟိ ကမ္မဝါစာဟိ ထုလ္လစ္စယာ၊ ကမ္မဝါစာပရိယောသာနေ အာပတ္တိ သံဃာဒိသေသဿ။</p>
<p class=""bodytext"">ဘေဒကာနုဝတ္တကာ <a name=""P5.0035""></a> ဘိက္ခူ ယာဝတတိယံ သမနုဘာသနာယ <span class=""note"">[သမနုဘာသိယမာနာ (သျာ။)]</span> န ပဋိနိဿဇ္ဇန္တာ တိဿော အာပတ္တိယော အာပဇ္ဇန္တိ။ ဉတ္တိယာ ဒုက္ကဋံ၊ ဒွီဟိ</p>
",
1928,mula_vi_05,58,"<p class=""noindentbodytext""> ကမ္မဝါစာဟိ<a name=""M0.0058""></a> ထုလ္လစ္စယာ၊ ကမ္မဝါစာပရိယောသာနေ အာပတ္တိ သံဃာဒိသေသဿ။</p>
<p class=""bodytext"">ဒုဗ္ဗစော ဘိက္ခု ယာဝတတိယံ သမနုဘာသနာယ <span class=""note"">[သမနုဘာသိယမာနော (သျာ။)]</span> န ပဋိနိဿဇ္ဇန္တော တိဿော အာပတ္တိယော အာပဇ္ဇတိ<a name=""V0.0059""></a>။ ဉတ္တိယာ ဒုက္ကဋံ၊ ဒွီဟိ ကမ္မဝါစာဟိ ထုလ္လစ္စယာ၊ ကမ္မဝါစာပရိယောသာနေ အာပတ္တိ သံဃာဒိသေသဿ။</p>
<p class=""bodytext"">ကုလဒူသကော ဘိက္ခု ယာဝတတိယံ သမနုဘာသနာယ န ပဋိနိဿဇ္ဇန္တော တိဿော အာပတ္တိယော အာပဇ္ဇတိ။ ဉတ္တိယာ ဒုက္ကဋံ၊ ဒွီဟိ ကမ္မဝါစာဟိ ထုလ္လစ္စယာ၊ ကမ္မဝါစာပရိယောသာနေ အာပတ္တိ သံဃာဒိသေသဿ။</p>
<p class=""centered"">တေရသ သံဃာဒိသေသာ နိဋ္ဌိတာ။</p>
<p class=""subhead"">၃။ နိဿဂ္ဂိယကဏ္ဍံ</p>
<p class=""subhead"">၁။ ကထိနဝဂ္ဂေါ</p>
<p class=""bodytext""><a name=""para162""></a><a name=""para162_vin5""></a><span class=""paranum"">၁၆၂</span>။ အတိရေကစီဝရံ <a name=""T0.0085""></a> ဒသာဟံ အတိက္ကာမေန္တော ဧကံ အာပတ္တိံ အာပဇ္ဇတိ။ နိဿဂ္ဂိယံ ပါစိတ္တိယံ။</p>
<p class=""bodytext"">ဧကရတ္တံ တိစီဝရေန ဝိပ္ပဝသန္တော ဧကံ အာပတ္တိံ အာပဇ္ဇတိ။ နိဿဂ္ဂိယံ ပါစိတ္တိယံ။</p>
<p class=""bodytext"">အကာလစီဝရံ ပဋိဂ္ဂဟေတွာ မာသံ အတိက္ကာမေန္တော ဧကံ အာပတ္တိံ အာပဇ္ဇတိ။ နိဿဂ္ဂိယံ ပါစိတ္တိယံ။</p>
<p class=""bodytext"">အညာတိကာယ ဘိက္ခုနိယာ ပုရာဏစီဝရံ ဓောဝါပေန္တော ဒွေ အာပတ္တိယော အာပဇ္ဇတိ။ ဓောဝါပေတိ, ပယောဂေ ဒုက္ကဋံ၊ ဓောဝါပိတေ နိဿဂ္ဂိယံ ပါစိတ္တိယံ။</p>
<p class=""bodytext"">အညာတိကာယ ဘိက္ခုနိယာ ဟတ္ထတော စီဝရံ ပဋိဂ္ဂဏှန္တော ဒွေ အာပတ္တိယော အာပဇ္ဇတိ။ ဂဏှာတိ, ပယောဂေ ဒုက္ကဋံ၊ ဂဟိတေ နိဿဂ္ဂိယံ ပါစိတ္တိယံ။</p>
<p class=""bodytext"">အညာတကံ <a name=""V0.0060""></a> ဂဟပတိံ ဝါ ဂဟပတာနိံ ဝါ စီဝရံ ဝိညာပေန္တော ဒွေ အာပတ္တိယော အာပဇ္ဇတိ။ ဝိညာပေတိ, ပယောဂေ ဒုက္ကဋံ၊ ဝိညာပိတေ နိဿဂ္ဂိယံ ပါစိတ္တိယံ။</p>
",-162-
1929,mula_vi_05,59,"<p class=""bodytext"">အညာတကံ <a name=""M0.0059""></a> ဂဟပတိံ ဝါ ဂဟပတာနိံ ဝါ တတုတ္တရိ စီဝရံ ဝိညာပေန္တော ဒွေ အာပတ္တိယော အာပဇ္ဇတိ။ ဝိညာပေတိ, ပယောဂေ ဒုက္ကဋံ၊ ဝိညာပိတေ နိဿဂ္ဂိယံ ပါစိတ္တိယံ။</p>
<p class=""bodytext"">ပုဗ္ဗေ အပ္ပဝါရိတော အညာတကံ ဂဟပတိကံ ဥပသင်္ကမိတွာ စီဝရေ ဝိကပ္ပံ အာပဇ္ဇန္တော ဒွေ အာပတ္တိယော အာပဇ္ဇတိ။ ဝိကပ္ပံ အာပဇ္ဇတိ<a name=""T0.0086""></a>, ပယောဂေ ဒုက္ကဋံ၊ ဝိကပ္ပံ အာပန္နေ နိဿဂ္ဂိယံ ပါစိတ္တိယံ။</p>
<p class=""bodytext"">ပုဗ္ဗေ အပ္ပဝါရိတော အညာတကေ ဂဟပတိကေ ဥပသင်္ကမိတွာ စီဝရေ ဝိကပ္ပံ အာပဇ္ဇန္တော ဒွေ အာပတ္တိယော အာပဇ္ဇတိ။ ဝိကပ္ပံ အာပဇ္ဇတိ, ပယောဂေ ဒုက္ကဋံ၊ ဝိကပ္ပံ အာပန္နေ နိဿဂ္ဂိယံ ပါစိတ္တိယံ။</p>
<p class=""bodytext"">အတိရေကတိက္ခတ္တုံ စောဒနာယ အတိရေကဆက္ခတ္တုံ ဌာနေန စီဝရံ အဘိနိပ္ဖါဒေန္တော ဒွေ အာပတ္တိယော အာပဇ္ဇတိ။ အဘိနိပ္ဖါဒေတိ, ပယောဂေ ဒုက္ကဋံ၊ အဘိနိပ္ဖါဒိတေ နိဿဂ္ဂိယံ ပါစိတ္တိယံ။</p>
<p class=""centered"">ကထိနဝဂ္ဂေါ ပဌမော။</p>
<p class=""subhead"">၂။ ကောသိယဝဂ္ဂေါ</p>
<p class=""bodytext""><a name=""para163""></a><a name=""para163_vin5""></a><span class=""paranum"">၁၆၃</span>။ ကောသိယမိဿကံ သန္ထတံ ကာရာပေန္တော ဒွေ အာပတ္တိယော အာပဇ္ဇတိ။ ကာရာပေတိ, ပယောဂေ ဒုက္ကဋံ၊ ကာရာပိတေ နိဿဂ္ဂိယံ ပါစိတ္တိယံ။</p>
<p class=""bodytext"">သုဒ္ဓကာဠကာနံ ဧဠကလောမာနံ သန္ထတံ ကာရာပေန္တော ဒွေ အာပတ္တိယော အာပဇ္ဇတိ။ ကာရာပေတိ, ပယောဂေ ဒုက္ကဋံ၊ ကာရာပိတေ နိဿဂ္ဂိယံ ပါစိတ္တိယံ။</p>
<p class=""bodytext"">အနာဒိယိတွာ <a name=""P5.0036""></a> တုလံ ဩဒါတာနံ တုလံ ဂေါစရိယာနံ နဝံ သန္ထတံ ကာရာပေန္တော ဒွေ အာပတ္တိယော အာပဇ္ဇတိ။ ကာရာပေတိ, ပယောဂေ ဒုက္ကဋံ၊ ကာရာပိတေ နိဿဂ္ဂိယံ ပါစိတ္တိယံ။</p>
<p class=""bodytext"">အနုဝဿံ သန္ထတံ ကာရာပေန္တော ဒွေ အာပတ္တိယော အာပဇ္ဇတိ။ ကာရာပေတိ, ပယောဂေ ဒုက္ကဋံ၊ ကာရာပိတေ နိဿဂ္ဂိယံ ပါစိတ္တိယံ။</p>
<p class=""bodytext"">အနာဒိယိတွာ <a name=""T0.0087""></a><a name=""V0.0061""></a> ပုရာဏသန္ထတဿ သာမန္တာ သုဂတဝိဒတ္ထိံ နဝံ နိသီဒနသန္ထတံ ကာရာပေန္တော ဒွေ အာပတ္တိယော အာပဇ္ဇတိ။ ကာရာပေတိ, ပယောဂေ ဒုက္ကဋံ၊ ကာရာပိတေ နိဿဂ္ဂိယံ ပါစိတ္တိယံ။</p>
",-163-
1930,mula_vi_05,60,"<p class=""bodytext"">ဧဠကလောမာနိ <a name=""M0.0060""></a> ပဋိဂ္ဂဟေတွာ တိယောဇနံ အတိက္ကာမေန္တော ဒွေ အာပတ္တိယော အာပဇ္ဇတိ။ ပဌမံ ပါဒံ တိယောဇနံ အတိက္ကာမေတိ, အာပတ္တိ ဒုက္ကဋဿ၊ ဒုတိယံ ပါဒံ အတိက္ကာမေတိ, နိဿဂ္ဂိယံ ပါစိတ္တိယံ။</p>
<p class=""bodytext"">အညာတိကာယ ဘိက္ခုနိယာ ဧဠကလောမာနိ ဓောဝါပေန္တော ဒွေ အာပတ္တိယော အာပဇ္ဇတိ။ ဓောဝါပေတိ, ပယောဂေ ဒုက္ကဋံ၊ ဓောဝါပိတေ နိဿဂ္ဂိယံ ပါစိတ္တိယံ။</p>
<p class=""bodytext"">ရူပိယံ ပဋိဂ္ဂဏှန္တော ဒွေ အာပတ္တိယော အာပဇ္ဇတိ။ ဂဏှာတိ, ပယောဂေ ဒုက္ကဋံ၊ ဂဟိတေ နိဿဂ္ဂိယံ ပါစိတ္တိယံ။</p>
<p class=""bodytext"">နာနပ္ပကာရကံ ရူပိယသံဝေါဟာရံ သမာပဇ္ဇန္တော ဒွေ အာပတ္တိယော အာပဇ္ဇတိ။ သမာပဇ္ဇတိ, ပယောဂေ ဒုက္ကဋံ၊ သမာပန္နေ နိဿဂ္ဂိယံ ပါစိတ္တိယံ။</p>
<p class=""bodytext"">နာနပ္ပကာရကံ ကယဝိက္ကယံ သမာပဇ္ဇန္တော ဒွေ အာပတ္တိယော အာပဇ္ဇတိ။ သမာပဇ္ဇတိ, ပယောဂေ ဒုက္ကဋံ၊ သမာပန္နေ နိဿဂ္ဂိယံ ပါစိတ္တိယံ။</p>
<p class=""centered"">ကောသိယဝဂ္ဂေါ ဒုတိယော။</p>
<p class=""subhead"">၃။ ပတ္တဝဂ္ဂေါ</p>
<p class=""bodytext""><a name=""para164""></a><a name=""para164_vin5""></a><span class=""paranum"">၁၆၄</span>။ အတိရေကပတ္တံ ဒသာဟံ အတိက္ကာမေန္တော ဧကံ အာပတ္တိံ အာပဇ္ဇတိ။ နိဿဂ္ဂိယံ ပါစိတ္တိယံ။</p>
<p class=""bodytext"">ဦနပဉ္စဗန္ဓနေန <a name=""T0.0088""></a> ပတ္တေန အညံ နဝံ ပတ္တံ စေတာပေန္တော ဒွေ အာပတ္တိယော အာပဇ္ဇတိ။ စေတာပေတိ, ပယောဂေ ဒုက္ကဋံ၊ စေတာပိတေ နိဿဂ္ဂိယံ ပါစိတ္တိယံ။</p>
<p class=""bodytext"">ဘေသဇ္ဇာနိ ပဋိဂ္ဂဟေတွာ သတ္တာဟံ အတိက္ကာမေန္တော ဧကံ အာပတ္တိံ အာပဇ္ဇတိ။ နိဿဂ္ဂိယံ ပါစိတ္တိယံ။</p>
<p class=""bodytext"">အတိရေကမာသေ <a name=""V0.0062""></a> သေသေ ဂိမှာနေ ဝဿိကသာဋိကစီဝရံ ပရိယေသန္တော ဒွေ အာပတ္တိယော အာပဇ္ဇတိ။ ပရိယေသတိ, ပယောဂေ ဒုက္ကဋံ၊ ပရိယိဋ္ဌေ နိဿဂ္ဂိယံ ပါစိတ္တိယံ။</p>
<p class=""bodytext"">ဘိက္ခုဿ သာမံ စီဝရံ ဒတွာ ကုပိတော အနတ္တမနော အစ္ဆိန္ဒန္တော ဒွေ အာပတ္တိယော အာပဇ္ဇတိ။ အစ္ဆိန္ဒတိ, ပယောဂေ ဒုက္ကဋံ၊ အစ္ဆိန္နေ နိဿဂ္ဂိယံ ပါစိတ္တိယံ။</p>
",-164-
1931,mula_vi_05,61,"<p class=""bodytext"">သာမံ <a name=""M0.0061""></a> သုတ္တံ ဝိညာပေတွာ တန္တဝါယေဟိ စီဝရံ ဝါယာပေန္တော ဒွေ အာပတ္တိယော အာပဇ္ဇတိ။ ဝါယာပေတိ, ပယောဂေ ဒုက္ကဋံ၊ ဝါယာပိတေ နိဿဂ္ဂိယံ ပါစိတ္တိယံ။</p>
<p class=""bodytext"">ပုဗ္ဗေ အပ္ပဝါရိတော အညာတကဿ ဂဟပတိကဿ တန္တဝါယေ ဥပသင်္ကမိတွာ စီဝရေ ဝိကပ္ပံ အာပဇ္ဇန္တော ဒွေ အာပတ္တိယော အာပဇ္ဇတိ။ ဝိကပ္ပံ အာပဇ္ဇတိ, ပယောဂေ ဒုက္ကဋံ၊ ဝိကပ္ပံ အာပန္နေ နိဿဂ္ဂိယံ ပါစိတ္တိယံ။</p>
<p class=""bodytext"">အစ္စေကစီဝရံ <a name=""P5.0037""></a> ပဋိဂ္ဂဟေတွာ စီဝရကာလသမယံ အတိက္ကာမေန္တော ဧကံ အာပတ္တိံ အာပဇ္ဇတိ။ နိဿဂ္ဂိယံ ပါစိတ္တိယံ။</p>
<p class=""bodytext"">တိဏ္ဏံ <a name=""T0.0089""></a> စီဝရာနံ အညတရံ စီဝရံ အန္တရဃရေ နိက္ခိပိတွာ အတိရေကဆာရတ္တံ ဝိပ္ပဝသန္တော ဧကံ အာပတ္တိံ အာပဇ္ဇတိ။ နိဿဂ္ဂိယံ ပါစိတ္တိယံ။</p>
<p class=""bodytext"">ဇာနံ သံဃိကံ လာဘံ ပရိဏတံ အတ္တနော ပရိဏာမေန္တော ဒွေ အာပတ္တိယော အာပဇ္ဇတိ။ ပရိဏာမေတိ, ပယောဂေ ဒုက္ကဋံ၊ ပရိဏာမိတေ နိဿဂ္ဂိယံ ပါစိတ္တိယံ။</p>
<p class=""centered"">ပတ္တဝဂ္ဂေါ တတိယော။</p>
<p class=""centered"">တိံသ နိဿဂ္ဂိယာ ပါစိတ္တိယာ နိဋ္ဌိတာ။</p>
<p class=""subhead"">၄။ ပါစိတ္တိယကဏ္ဍံ</p>
<p class=""subhead"">၁။ မုသာဝါဒဝဂ္ဂေါ</p>
<p class=""bodytext""><a name=""para165""></a><a name=""para165_vin5""></a><span class=""paranum"">၁၆၅</span>။ သမ္ပဇာနမုသာဝါဒံ ဘာသန္တော ကတိ အာပတ္တိယော အာပဇ္ဇတိ? သမ္ပဇာနမုသာဝါဒံ ဘာသန္တော ပဉ္စ အာပတ္တိယော အာပဇ္ဇတိ။ ပါပိစ္ဆော ဣစ္ဆာပကတော အသန္တံ အဘူတံ ဥတ္တရိမနုဿဓမ္မံ <a name=""V0.0063""></a> ဥလ္လပတိ, အာပတ္တိ ပါရာဇိကဿ၊ ဘိက္ခုံ အမူလကေန ပါရာဇိကေန ဓမ္မေန အနုဒ္ဓံသေတိ, အာပတ္တိ သံဃာဒိသေသဿ၊ ‘‘ယော တေ ဝိဟာရေ ဝသတိ, သော ဘိက္ခု အရဟာ’’တိ ဘဏတိ, ပဋိဝိဇာနန္တဿ အာပတ္တိ ထုလ္လစ္စယဿ၊ န ပဋိဝိဇာနန္တဿ အာပတ္တိ ဒုက္ကဋဿ၊ သမ္ပဇာနမုသာဝါဒေ ပါစိတ္တိယံ – သမ္ပဇာနမုသာဝါဒံ ဘာသန္တော ဣမာ ပဉ္စ အာပတ္တိယော အာပဇ္ဇတိ။</p>
",-165-
1932,mula_vi_05,62,"<p class=""bodytext"">ဩမသန္တော <a name=""M0.0062""></a> ဒွေ အာပတ္တိယော အာပဇ္ဇတိ။ ဥပသမ္ပန္နံ ဩမသတိ, အာပတ္တိ ပါစိတ္တိယဿ၊ အနုပသမ္ပန္နံ ဩမသတိ, အာပတ္တိ ဒုက္ကဋဿ။</p>
<p class=""bodytext"">ပေသုညံ ဥပသံဟရန္တော ဒွေ အာပတ္တိယော အာပဇ္ဇတိ။ ဥပသမ္ပန္နဿ <a name=""T0.0090""></a> ပေသုညံ ဥပသံဟရတိ, အာပတ္တိ ပါစိတ္တိယဿ၊ အနုပသမ္ပန္နဿ ပေသုညံ ဥပသံဟရတိ, အာပတ္တိ ဒုက္ကဋဿ။</p>
<p class=""bodytext"">အနုပသမ္ပန္နံ ပဒသော ဓမ္မံ ဝါစေန္တော ဒွေ အာပတ္တိယော အာပဇ္ဇတိ။ ဝါစေတိ, ပယောဂေ ဒုက္ကဋံ၊ ပဒေ ပဒေ အာပတ္တိ ပါစိတ္တိယဿ။</p>
<p class=""bodytext"">အနုပသမ္ပန္နေန ဥတ္တရိဒိရတ္တတိရတ္တံ သဟသေယျံ ကပ္ပေန္တော ဒွေ အာပတ္တိယော အာပဇ္ဇတိ။ နိပဇ္ဇတိ, ပယောဂေ ဒုက္ကဋံ၊ နိပန္နေ အာပတ္တိ ပါစိတ္တိယဿ။</p>
<p class=""bodytext"">မာတုဂါမေန သဟသေယျံ ကပ္ပေန္တော ဒွေ အာပတ္တိယော အာပဇ္ဇတိ။ နိပဇ္ဇတိ, ပယောဂေ ဒုက္ကဋံ၊ နိပန္နေ အာပတ္တိ ပါစိတ္တိယဿ။</p>
<p class=""bodytext"">မာတုဂါမဿ ဥတ္တရိဆပ္ပဉ္စဝါစာဟိ ဓမ္မံ ဒေသေန္တော ဒွေ အာပတ္တိယော အာပဇ္ဇတိ။ ဒေသေတိ, ပယောဂေ ဒုက္ကဋံ၊ ပဒေ ပဒေ အာပတ္တိ ပါစိတ္တိယဿ။</p>
<p class=""bodytext"">အနုပသမ္ပန္နဿ ဥတ္တရိမနုဿဓမ္မံ ဘူတံ အာရောစေန္တော ဒွေ အာပတ္တိယော အာပဇ္ဇတိ။ အာရောစေတိ, ပယောဂေ ဒုက္ကဋံ၊ အာရောစိတေ အာပတ္တိ ပါစိတ္တိယဿ။</p>
<p class=""bodytext"">ဘိက္ခုဿ ဒုဋ္ဌုလ္လံ အာပတ္တိံ အနုပသမ္ပန္နဿ အာရောစေန္တော ဒွေ အာပတ္တိယော အာပဇ္ဇတိ။ အာရောစေတိ, ပယောဂေ ဒုက္ကဋံ၊ အာရောစိတေ အာပတ္တိ ပါစိတ္တိယဿ။</p>
<p class=""bodytext"">ပထဝိံ <a name=""T0.0091""></a><a name=""V0.0064""></a> ခဏန္တော ဒွေ အာပတ္တိယော အာပဇ္ဇတိ။ ခဏတိ, ပယောဂေ ဒုက္ကဋံ၊ ပဟာရေ ပဟာရေ အာပတ္တိ ပါစိတ္တိယဿ။</p>
<p class=""centered"">မုသာဝါဒဝဂ္ဂေါ ပဌမော။</p>
<p class=""subhead"">၂။ ဘူတဂါမဝဂ္ဂေါ</p>
<p class=""bodytext""><a name=""para166""></a><a name=""para166_vin5""></a><span class=""paranum"">၁၆၆</span>။ ဘူတဂါမံ <a name=""P5.0038""></a> ပါတေန္တော ဒွေ အာပတ္တိယော အာပဇ္ဇတိ။ ပါတေတိ, ပယောဂေ ဒုက္ကဋံ၊ ပဟာရေ ပဟာရေ အာပတ္တိ ပါစိတ္တိယဿ။</p>
",-166-
1933,mula_vi_05,63,"<p class=""bodytext"">အညေနညံ <a name=""M0.0063""></a> ပဋိစရန္တော ဒွေ အာပတ္တိယော အာပဇ္ဇတိ။ အနာရောပိတေ အညဝါဒကေ အညေနညံ ပဋိစရတိ, အာပတ္တိ ဒုက္ကဋဿ၊ အာရောပိတေ အညဝါဒကေ အညေနညံ ပဋိစရတိ, အာပတ္တိ ပါစိတ္တိယဿ။</p>
<p class=""bodytext"">ဘိက္ခုံ ဥဇ္ဈာပေန္တော ဒွေ အာပတ္တိယော အာပဇ္ဇတိ။ ဥဇ္ဈာပေတိ, ပယောဂေ ဒုက္ကဋံ၊ ဥဇ္ဈာပိတေ အာပတ္တိ ပါစိတ္တိယဿ။</p>
<p class=""bodytext"">သံဃိကံ မဉ္စံ ဝါ ပီဌံ ဝါ ဘိသိံ ဝါ ကောစ္ဆံ ဝါ အဇ္ဈောကာသေ သန္ထရိတွာ အနုဒ္ဓရိတွာ အနာပုစ္ဆာ ပက္ကမန္တော ဒွေ အာပတ္တိယော အာပဇ္ဇတိ။ ပဌမံ ပါဒံ လေဍ္ဍုပါတံ အတိက္ကာမေတိ, အာပတ္တိ ဒုက္ကဋဿ၊ ဒုတိယံ ပါဒံ အတိက္ကာမေတိ, အာပတ္တိ ပါစိတ္တိယဿ။</p>
<p class=""bodytext"">သံဃိကေ ဝိဟာရေ သေယျံ သန္ထရိတွာ အနုဒ္ဓရိတွာ အနာပုစ္ဆာ ပက္ကမန္တော ဒွေ အာပတ္တိယော အာပဇ္ဇတိ။ ပဌမံ ပါဒံ ပရိက္ခေပံ အတိက္ကာမေတိ, အာပတ္တိ ဒုက္ကဋဿ၊ ဒုတိယံ ပါဒံ အတိက္ကာမေတိ, အာပတ္တိ ပါစိတ္တိယဿ။</p>
<p class=""bodytext"">သံဃိကေ ဝိဟာရေ ဇာနံ ပုဗ္ဗုပဂတံ ဘိက္ခုံ အနုပခဇ္ဇ သေယျံ <a name=""T0.0092""></a> ကပ္ပေန္တော ဒွေ အာပတ္တိယော အာပဇ္ဇတိ။ နိပဇ္ဇတိ, ပယောဂေ ဒုက္ကဋံ၊ နိပန္နေ အာပတ္တိ ပါစိတ္တိယဿ။</p>
<p class=""bodytext"">ဘိက္ခုံ ကုပိတော အနတ္တမနော သံဃိကာ ဝိဟာရာ နိက္ကဍ္ဎေန္တော ဒွေ အာပတ္တိယော အာပဇ္ဇတိ။ နိက္ကဍ္ဎတိ, ပယောဂေ ဒုက္ကဋံ၊ နိက္ကဍ္ဎိတေ အာပတ္တိ ပါစိတ္တိယဿ။</p>
<p class=""bodytext"">သံဃိကေ <a name=""V0.0065""></a> ဝိဟာရေ ဥပရိဝေဟာသကုဋိယာ အာဟစ္စပါဒကံ မဉ္စံ ဝါ ပီဌံ ဝါ အဘိနိသီဒန္တော ဒွေ အာပတ္တိယော အာပဇ္ဇတိ။ အဘိနိသီဒတိ, ပယောဂေ ဒုက္ကဋံ၊ အဘိနိသိန္နေ အာပတ္တိ ပါစိတ္တိယဿ။</p>
<p class=""bodytext"">ဒွတ္တိပရိယာယေ အဓိဋ္ဌဟိတွာ တတုတ္တရိ အဓိဋ္ဌဟန္တော ဒွေ အာပတ္တိယော အာပဇ္ဇတိ။ အဓိဋ္ဌေတိ, ပယောဂေ ဒုက္ကဋံ၊ အဓိဋ္ဌိတေ အာပတ္တိ ပါစိတ္တိယဿ။</p>
<p class=""bodytext"">ဇာနံ သပ္ပါဏကံ ဥဒကံ တိဏံ ဝါ မတ္တိကံ ဝါ သိဉ္စန္တော ဒွေ အာပတ္တိယော အာပဇ္ဇတိ။ သိဉ္စတိ, ပယောဂေ ဒုက္ကဋံ၊ သိဉ္စိတေ အာပတ္တိ ပါစိတ္တိယဿ။</p>
<p class=""centered"">ဘူတဂါမဝဂ္ဂေါ ဒုတိယော။</p>
",
1934,mula_vi_05,64,"<p class=""subhead"">၃။ ဩဝါဒဝဂ္ဂေါ</p>
<p class=""bodytext""><a name=""para167""></a><a name=""para167_vin5""></a><span class=""paranum"">၁၆၇</span>။ အသမ္မတော <a name=""M0.0064""></a> ဘိက္ခုနိယော ဩဝဒန္တော ဒွေ အာပတ္တိယော အာပဇ္ဇတိ။ ဩဝဒတိ, ပယောဂေ ဒုက္ကဋံ၊ ဩဝဒိတေ အာပတ္တိ ပါစိတ္တိယဿ။</p>
<p class=""bodytext"">အတ္ထင်္ဂတေ သူရိယေ ဘိက္ခုနိယော ဩဝဒန္တော ဒွေ အာပတ္တိယော အာပဇ္ဇတိ။ ဩဝဒတိ, ပယောဂေ ဒုက္ကဋံ၊ ဩဝဒိတေ အာပတ္တိ ပါစိတ္တိယဿ။</p>
<p class=""bodytext"">ဘိက္ခုနုပဿယံ <a name=""T0.0093""></a> ဥပသင်္ကမိတွာ ဘိက္ခုနိယော ဩဝဒန္တော ဒွေ အာပတ္တိယော အာပဇ္ဇတိ။ ဩဝဒတိ, ပယောဂေ ဒုက္ကဋံ၊ ဩဝဒိတေ အာပတ္တိ ပါစိတ္တိယဿ။</p>
<p class=""bodytext"">‘‘အာမိသဟေတု ဘိက္ခူ ဘိက္ခုနိယော ဩဝဒန္တီ’’တိ ဘဏန္တော ဒွေ အာပတ္တိယော အာပဇ္ဇတိ။ ဘဏတိ, ပယောဂေ ဒုက္ကဋံ၊ ဘဏိတေ အာပတ္တိ ပါစိတ္တိယဿ။</p>
<p class=""bodytext"">အညာတိကာယ ဘိက္ခုနိယာ စီဝရံ ဒေန္တော ဒွေ အာပတ္တိယော အာပဇ္ဇတိ။ ဒေတိ, ပယောဂေ ဒုက္ကဋံ၊ ဒိန္နေ အာပတ္တိ ပါစိတ္တိယဿ။</p>
<p class=""bodytext"">အညာတိကာ <a name=""P5.0039""></a> ဘိက္ခုနိယာ စီဝရံ သိဗ္ဗေန္တော ဒွေ အာပတ္တိယော အာပဇ္ဇတိ။ သိဗ္ဗေတိ, ပယောဂေ ဒုက္ကဋံ၊ အာရာပထေ အာရာပထေ အာပတ္တိ ပါစိတ္တိယဿ။</p>
<p class=""bodytext"">ဘိက္ခုနိယာ <a name=""V0.0066""></a> သဒ္ဓိံ သံဝိဓာယ ဧကဒ္ဓါနမဂ္ဂံ ပဋိပဇ္ဇန္တော ဒွေ အာပတ္တိယော အာပဇ္ဇတိ။ ပဋိပဇ္ဇတိ, ပယောဂေ ဒုက္ကဋံ၊ ပဋိပန္နေ အာပတ္တိ ပါစိတ္တိယဿ။</p>
<p class=""bodytext"">ဘိက္ခုနိယာ သဒ္ဓိံ သံဝိဓာယ ဧကံ နာဝံ အဘိရုဟန္တော ဒွေ အာပတ္တိယော အာပဇ္ဇတိ။ အဘိရုဟတိ, ပယောဂေ ဒုက္ကဋံ၊ အဘိရုဠှေ အာပတ္တိ ပါစိတ္တိယဿ။</p>
<p class=""bodytext"">ဇာနံ ဘိက္ခုနိပရိပါစိတံ ပိဏ္ဍပါတံ ဘုဉ္ဇန္တော ဒွေ အာပတ္တိယော အာပဇ္ဇတိ။ ‘‘ဘုဉ္ဇိဿာမီ’’တိ ပဋိဂ္ဂဏှာတိ, အာပတ္တိ ဒုက္ကဋဿ၊ အဇ္ဈောဟာရေ အဇ္ဈောဟာရေ အာပတ္တိ ပါစိတ္တိယဿ။</p>
<p class=""bodytext"">ဘိက္ခုနိယာ <a name=""T0.0094""></a> သဒ္ဓိံ ဧကော ဧကာယ ရဟော နိသဇ္ဇံ ကပ္ပေန္တော ဒွေ အာပတ္တိယော အာပဇ္ဇတိ။ နိသီဒတိ, ပယောဂေ ဒုက္ကဋံ၊ နိသိန္နေ အာပတ္တိ ပါစိတ္တိယဿ။</p>
<p class=""centered"">ဩဝါဒဝဂ္ဂေါ တတိယော။</p>
",-167-
1935,mula_vi_05,65,"<p class=""subhead"">၄။ ဘောဇနဝဂ္ဂေါ</p>
<p class=""bodytext""><a name=""para168""></a><a name=""para168_vin5""></a><span class=""paranum"">၁၆၈</span>။ တတုတ္တရိ <a name=""M0.0065""></a> အာဝသထပိဏ္ဍံ ဘုဉ္ဇန္တော ဒွေ အာပတ္တိယော အာပဇ္ဇတိ။ ဘုဉ္ဇိဿာမီတိ ပဋိဂ္ဂဏှာတိ, အာပတ္တိ ဒုက္ကဋဿ၊ အဇ္ဈောဟာရေ အဇ္ဈောဟာရေ အာပတ္တိ ပါစိတ္တိယဿ။</p>
<p class=""bodytext"">ဂဏဘောဇနံ ဘုဉ္ဇန္တော ဒွေ အာပတ္တိယော အာပဇ္ဇတိ။ ဘုဉ္ဇိဿာမီတိ ပဋိဂ္ဂဏှာတိ, အာပတ္တိ ဒုက္ကဋဿ၊ အဇ္ဈောဟာရေ အဇ္ဈောဟာရေ အာပတ္တိ ပါစိတ္တိယဿ။</p>
<p class=""bodytext"">ပရမ္ပရဘောဇနံ ဘုဉ္ဇန္တော ဒွေ အာပတ္တိယော အာပဇ္ဇတိ။ ဘုဉ္ဇိဿာမီတိ ပဋိဂ္ဂဏှာတိ, အာပတ္တိ ဒုက္ကဋဿ၊ အဇ္ဈောဟာရေ အဇ္ဈောဟာရေ အာပတ္တိ ပါစိတ္တိယဿ။</p>
<p class=""bodytext"">ဒွတ္တိပတ္တပူရေ ပူဝေ ပဋိဂ္ဂဟေတွာ တတုတ္တရိ ပဋိဂ္ဂဏှန္တော ဒွေ အာပတ္တိယော အာပဇ္ဇတိ။ ဂဏှာတိ, ပယောဂေ ဒုက္ကဋံ၊ ဂဟိတေ အာပတ္တိ ပါစိတ္တိယဿ။</p>
<p class=""bodytext"">ဘုတ္တာဝီ ပဝါရိတော အနတိရိတ္တံ ခါဒနီယံ ဝါ ဘောဇနီယံ ဝါ ဘုဉ္ဇန္တော ဒွေ အာပတ္တိယော အာပဇ္ဇတိ<a name=""V0.0067""></a>။ ဘုဉ္ဇိဿာမီတိ ပဋိဂ္ဂဏှာတိ, အာပတ္တိ ဒုက္ကဋဿ၊ အဇ္ဈောဟာရေ အဇ္ဈောဟာရေ အာပတ္တိ ပါစိတ္တိယဿ။</p>
<p class=""bodytext"">ဘိက္ခုံ ဘုတ္တာဝိံ ပဝါရိတံ အနတိရိတ္တေန ခါဒနီယေန ဝါ ဘောဇနီယေန <a name=""T0.0095""></a> ဝါ အဘိဟဋ္ဌုံ ပဝါရေန္တော ဒွေ အာပတ္တိယော အာပဇ္ဇတိ။ တဿ ဝစနေန ခါဒိဿာမိ ဘုဉ္ဇိဿာမီတိ ပဋိဂ္ဂဏှာတိ, အာပတ္တိ ဒုက္ကဋဿ၊ ဘောဇနပရိယောသာနေ အာပတ္တိ ပါစိတ္တိယဿ။</p>
<p class=""bodytext"">ဝိကာလေ ခါဒနီယံ ဝါ ဘောဇနီယံ ဝါ ဘုဉ္ဇန္တော ဒွေ အာပတ္တိယော အာပဇ္ဇတိ။ ခါဒိဿာမိ ဘုဉ္ဇိဿာမီတိ ပဋိဂ္ဂဏှာတိ, အာပတ္တိ ဒုက္ကဋဿ၊ အဇ္ဈောဟာရေ အဇ္ဈောဟာရေ အာပတ္တိ ပါစိတ္တိယဿ။</p>
<p class=""bodytext"">သန္နိဓိကာရကံ ခါဒနီယံ ဝါ ဘောဇနီယံ ဝါ ဘုဉ္ဇန္တော ဒွေ အာပတ္တိယော အာပဇ္ဇတိ။ ခါဒိဿာမိ ဘုဉ္ဇိဿာမီတိ ပဋိဂ္ဂဏှာတိ, အာပတ္တိ ဒုက္ကဋဿ၊ အဇ္ဈောဟာရေ အဇ္ဈောဟာရေ အာပတ္တိ ပါစိတ္တိယဿ။</p>
<p class=""bodytext"">ပဏီတဘောဇနာနိ အတ္တနော အတ္ထာယ ဝိညာပေတွာ ဘုဉ္ဇန္တော ဒွေ အာပတ္တိယော အာပဇ္ဇတိ။ ဘုဉ္ဇိဿာမီတိ ပဋိဂ္ဂဏှာတိ, အာပတ္တိ ဒုက္ကဋဿ၊ အဇ္ဈောဟာရေ အဇ္ဈောဟာရေ အာပတ္တိ ပါစိတ္တိယဿ။</p>
",-168-
1936,mula_vi_05,66,"<p class=""bodytext"">အဒိန္နံ <a name=""M0.0066""></a> မုခဒွါရံ အာဟာရံ အာဟရန္တော ဒွေ အာပတ္တိယော အာပဇ္ဇတိ။ ဘုဉ္ဇိဿာမီတိ ပဋိဂ္ဂဏှာတိ, အာပတ္တိ ဒုက္ကဋဿ၊ အဇ္ဈောဟာရေ အဇ္ဈောဟာရေ အာပတ္တိ ပါစိတ္တိယဿ။</p>
<p class=""centered"">ဘောဇနဝဂ္ဂေါ စတုတ္ထော။</p>
<p class=""subhead"">၅။ အစေလကဝဂ္ဂေါ</p>
<p class=""bodytext""><a name=""para169""></a><a name=""para169_vin5""></a><span class=""paranum"">၁၆၉</span>။ အစေလကဿ, ဝါ ပရိဗ္ဗာဇကဿ ဝါ ပရိဗ္ဗာဇိကာယ ဝါ သဟတ္ထာ ခါဒနီယံ <a name=""P5.0040""></a> ဝါ ဘောဇနီယံ ဝါ ဒေန္တော ဒွေ အာပတ္တိယော အာပဇ္ဇတိ။ ဒေတိ, ပယောဂေ ဒုက္ကဋံ၊ ဒိန္နေ အာပတ္တိ ပါစိတ္တိယဿ။</p>
<p class=""bodytext"">ဘိက္ခုံ – ‘‘ဧဟာဝုသော, ဂါမံ ဝါ နိဂမံ ဝါ ပိဏ္ဍာယ ပဝိသိဿာမာ’’တိ <a name=""T0.0096""></a> တဿ ဒါပေတွာ ဝါ <a name=""V0.0068""></a> အဒါပေတွာ ဝါ ဥယျောဇေန္တော ဒွေ အာပတ္တိယော အာပဇ္ဇတိ။ ဥယျောဇေတိ, ပယောဂေ ဒုက္ကဋံ၊ ဥယျောဇိတေ အာပတ္တိ ပါစိတ္တိယဿ။</p>
<p class=""bodytext"">သဘောဇနေ ကုလေ အနုပခဇ္ဇ နိသဇ္ဇံ ကပ္ပေန္တော ဒွေ အာပတ္တိယော အာပဇ္ဇတိ။ နိသီဒတိ, ပယောဂေ ဒုက္ကဋံ၊ နိသိန္နေ အာပတ္တိ ပါစိတ္တိယဿ။</p>
<p class=""bodytext"">မာတုဂါမေန သဒ္ဓိံ ရဟော ပဋိစ္ဆန္နေ အာသနေ နိသဇ္ဇံ ကပ္ပေန္တော ဒွေ အာပတ္တိယော အာပဇ္ဇတိ။ နိသီဒတိ, ပယောဂေ ဒုက္ကဋံ၊ နိသိန္နေ အာပတ္တိ ပါစိတ္တိယဿ။</p>
<p class=""bodytext"">မာတုဂါမေန သဒ္ဓိံ ဧကော ဧကာယ ရဟော နိသဇ္ဇံ ကပ္ပေန္တော ဒွေ အာပတ္တိယော အာပဇ္ဇတိ။ နိသီဒတိ, ပယောဂေ ဒုက္ကဋံ၊ နိသိန္နေ အာပတ္တိ ပါစိတ္တိယဿ။</p>
<p class=""bodytext"">နိမန္တိတော သဘတ္တော သမာနော ပုရေဘတ္တံ ပစ္ဆာဘတ္တံ ကုလေသု စာရိတ္တံ အာပဇ္ဇန္တော ဒွေ အာပတ္တိယော အာပဇ္ဇတိ။ ပဌမံ ပါဒံ ဥမ္မာရံ အတိက္ကာမေတိ, အာပတ္တိ ဒုက္ကဋဿ၊ ဒုတိယံ ပါဒံ အတိက္ကာမေတိ, အာပတ္တိ ပါစိတ္တိယဿ။</p>
<p class=""bodytext"">တတုတ္တရိ ဘေသဇ္ဇံ ဝိညာပေန္တော ဒွေ အာပတ္တိယော အာပဇ္ဇတိ။ ဝိညာပေတိ, ပယောဂေ ဒုက္ကဋံ၊ ဝိညာပိတေ အာပတ္တိ ပါစိတ္တိယဿ။</p>
",-169-
1937,mula_vi_05,67,"<p class=""bodytext"">ဥယျုတ္တံ <a name=""M0.0067""></a> သေနံ ဒဿနာယ ဂစ္ဆန္တော ဒွေ အာပတ္တိယော အာပဇ္ဇတိ<a name=""T0.0097""></a>။ ဂစ္ဆတိ, အာပတ္တိ ဒုက္ကဋဿ၊ ယတ္ထ ဌိတော ပဿတိ, အာပတ္တိ ပါစိတ္တိယဿ။</p>
<p class=""bodytext"">အတိရေကတိရတ္တံ သေနာယ ဝသန္တော ဒွေ အာပတ္တိယော အာပဇ္ဇတိ။ ဝသတိ, ပယောဂေ ဒုက္ကဋံ၊ ဝသိတေ အာပတ္တိ ပါစိတ္တိယဿ။</p>
<p class=""bodytext"">ဥယျောဓိကံ ဂစ္ဆန္တော ဒွေ အာပတ္တိယော အာပဇ္ဇတိ။ ဂစ္ဆတိ, အာပတ္တိ ဒုက္ကဋဿ၊ ယတ္ထ ဌိတော ပဿတိ, အာပတ္တိ ပါစိတ္တိယဿ။</p>
<p class=""centered"">အစေလကဝဂ္ဂေါ ပဉ္စမော။</p>
<p class=""subhead"">၆။ သုရာမေရယဝဂ္ဂေါ</p>
<p class=""bodytext""><a name=""para170""></a><a name=""para170_vin5""></a><span class=""paranum"">၁၇၀</span>။ မဇ္ဇံ <a name=""V0.0069""></a> ပိဝန္တော ဒွေ အာပတ္တိယော အာပဇ္ဇတိ။ ‘‘ပိဝိဿာမီ’’တိ ပဋိဂ္ဂဏှာတိ, အာပတ္တိ ဒုက္ကဋဿ၊ အဇ္ဈောဟာရေ အဇ္ဈောဟာရေ အာပတ္တိ ပါစိတ္တိယဿ။</p>
<p class=""bodytext"">ဘိက္ခုံ အင်္ဂုလိပတောဒကေန ဟာသေန္တော ဒွေ အာပတ္တိယော အာပဇ္ဇတိ။ ဟာသေတိ, ပယောဂေ ဒုက္ကဋံ၊ ဟသိတေ အာပတ္တိ ပါစိတ္တိယဿ။</p>
<p class=""bodytext"">ဥဒကေ ကီဠန္တော ဒွေ အာပတ္တိယော အာပဇ္ဇတိ။ ဟေဋ္ဌာဂေါပ္ဖကေ ဥဒကေ ကီဠတိ, အာပတ္တိ ဒုက္ကဋဿ၊ ဥပရိဂေါပ္ဖကေ ကီဠတိ, အာပတ္တိ ပါစိတ္တိယဿ။</p>
<p class=""bodytext"">အနာဒရိယံ ကရောန္တော ဒွေ အာပတ္တိယော အာပဇ္ဇတိ။ ကရောတိ, ပယောဂေ ဒုက္ကဋံ၊ ကတေ အာပတ္တိ ပါစိတ္တိယဿ။</p>
<p class=""bodytext"">ဘိက္ခုံ ဘိံသာပေန္တော ဒွေ အာပတ္တိယော အာပဇ္ဇတိ။ ဘိံသာပေတိ, ပယောဂေ ဒုက္ကဋံ၊ ဘိံသာပိတေ အာပတ္တိ ပါစိတ္တိယဿ။</p>
<p class=""bodytext"">ဇောတိံ သမာဒဟိတွာ ဝိသိဗ္ဗေန္တော ဒွေ အာပတ္တိယော အာပဇ္ဇတိ။ သမာဒဟတိ<a name=""T0.0098""></a>, ပယောဂေ ဒုက္ကဋံ၊ သမာဒဟိတေ အာပတ္တိ ပါစိတ္တိယဿ။</p>
<p class=""bodytext"">ဩရေနဒ္ဓမာသံ နဟာယန္တော ဒွေ အာပတ္တိယော အာပဇ္ဇတိ။ နဟာယတိ, ပယောဂေ ဒုက္ကဋံ၊ နဟာနပရိယောသာနေ အာပတ္တိ ပါစိတ္တိယဿ။</p>
<p class=""bodytext"">အနာဒိယိတွာ <a name=""P5.0041""></a> တိဏ္ဏံ ဒုဗ္ဗဏ္ဏကရဏာနံ အညတရံ ဒုဗ္ဗဏ္ဏကရဏံ နဝံ စီဝရံ ပရိဘုဉ္ဇန္တော ဒွေ အာပတ္တိယော အာပဇ္ဇတိ။ ပရိဘုဉ္ဇတိ, ပယောဂေ ဒုက္ကဋံ၊ ပရိဘုတ္တေ အာပတ္တိ ပါစိတ္တိယဿ။</p>
",-170-
1938,mula_vi_05,68,"<p class=""bodytext"">ဘိက္ခုဿ <a name=""M0.0068""></a> ဝါ ဘိက္ခုနိယာ ဝါ သိက္ခမာနာယ ဝါ သာမဏေရဿ ဝါ သာမဏေရိယာ ဝါ သာမံ စီဝရံ ဝိကပ္ပေတွာ အပ္ပစ္စုဒ္ဓါရဏံ ပရိဘုဉ္ဇန္တော ဒွေ အာပတ္တိယော အာပဇ္ဇတိ။ ပရိဘုဉ္ဇတိ, ပယောဂေ ဒုက္ကဋံ၊ ပရိဘုတ္တေ အာပတ္တိ ပါစိတ္တိယဿ။</p>
<p class=""bodytext"">ဘိက္ခုဿ <a name=""V0.0070""></a> ပတ္တံ ဝါ စီဝရံ ဝါ နိသီဒနံ ဝါ သူစိဃရံ ဝါ ကာယဗန္ဓနံ ဝါ အပနိဓေန္တော ဒွေ အာပတ္တိယော အာပဇ္ဇတိ။ အပနိဓေတိ, ပယောဂေ ဒုက္ကဋံ၊ အပနိဓိတေ အာပတ္တိ ပါစိတ္တိယဿ။</p>
<p class=""centered"">သုရာမေရယဝဂ္ဂေါ ဆဋ္ဌော။</p>
<p class=""subhead"">၇။ သပ္ပါဏကဝဂ္ဂေါ</p>
<p class=""bodytext""><a name=""para171""></a><a name=""para171_vin5""></a><span class=""paranum"">၁၇၁</span>။ သဉ္စိစ္စ ပါဏံ ဇီဝိတာ ဝေါရောပေန္တော ကတိ အာပတ္တိယော အာပဇ္ဇတိ? သဉ္စိစ္စ ပါဏံ ဇီဝိတာ ဝေါရောပေန္တော စတဿော အာပတ္တိယော အာပဇ္ဇတိ။ အနောဒိဿ ဩပါတံ ခဏတိ – ‘‘ယော ကောစိ ပပတိတွာ မရိဿတီ’’တိ, အာပတ္တိ ဒုက္ကဋဿ၊ မနုဿော တသ္မိံ ပပတိတွာ မရတိ, အာပတ္တိ ပါရာဇိကဿ၊ ယက္ခော ဝါ ပေတော ဝါ တိရစ္ဆာနဂတမနုဿဝိဂ္ဂဟော ဝါ တသ္မိံ <a name=""T0.0099""></a> ပပတိတွာ မရတိ, အာပတ္တိ ထုလ္လစ္စယဿ၊ တိရစ္ဆာနဂတော တသ္မိံ ပပတိတွာ မရတိ, အာပတ္တိ ပါစိတ္တိယဿ – သဉ္စိစ္စ ပါဏံ ဇီဝိတာ ဝေါရောပေန္တော ဣမာ စတဿော အာပတ္တိယော အာပဇ္ဇတိ။</p>
<p class=""bodytext"">ဇာနံ သပ္ပါဏကံ ဥဒကံ ပရိဘုဉ္ဇန္တော ဒွေ အာပတ္တိယော အာပဇ္ဇတိ။ ပရိဘုဉ္ဇတိ, ပယောဂေ ဒုက္ကဋံ၊ ပရိဘုတ္တေ အာပတ္တိ ပါစိတ္တိယဿ။</p>
<p class=""bodytext"">ဇာနံ ယထာဓမ္မံ နိဟတာဓိကရဏံ ပုနကမ္မာယ ဥက္ကောဋေန္တော ဒွေ အာပတ္တိယော အာပဇ္ဇတိ။ ဥက္ကောဋေတိ, ပယောဂေ ဒုက္ကဋံ၊ ဥက္ကောဋိတေ အာပတ္တိ ပါစိတ္တိယဿ။</p>
<p class=""bodytext"">ဘိက္ခုဿ ဇာနံ ဒုဋ္ဌုလ္လံ အာပတ္တိံ ပဋိစ္ဆာဒေန္တော ဧကံ အာပတ္တိံ အာပဇ္ဇတိ။ ပါစိတ္တိယံ။</p>
<p class=""bodytext"">ဇာနံ ဦနဝီသတိဝဿံ ပုဂ္ဂလံ ဥပသမ္ပာဒေန္တော ဒွေ အာပတ္တိယော အာပဇ္ဇတိ။ ဥပသမ္ပာဒေတိ, ပယောဂေ ဒုက္ကဋံ၊ ဥပသမ္ပာဒိတေ အာပတ္တိ ပါစိတ္တိယဿ။</p>
",-171-
1939,mula_vi_05,69,"<p class=""bodytext"">ဇာနံ <a name=""M0.0069""></a> ထေယျသတ္ထေန သဒ္ဓိံ သံဝိဓာယ ဧကဒ္ဓါနမဂ္ဂံ ပဋိပဇ္ဇန္တော ဒွေ အာပတ္တိယော အာပဇ္ဇတိ။ ပဋိပဇ္ဇတိ, ပယောဂေ ဒုက္ကဋံ၊ ပဋိပန္နေ အာပတ္တိ ပါစိတ္တိယဿ။</p>
<p class=""bodytext"">မာတုဂါမေန သဒ္ဓိံ သံဝိဓာယ ဧကဒ္ဓါနမဂ္ဂံ ပဋိပဇ္ဇန္တော ဒွေ အာပတ္တိယော အာပဇ္ဇတိ။ ပဋိပဇ္ဇတိ, ပယောဂေ ဒုက္ကဋံ၊ ပဋိပန္နေ အာပတ္တိ ပါစိတ္တိယဿ။</p>
<p class=""bodytext"">ပါပိကာယ <a name=""V0.0071""></a> ဒိဋ္ဌိယာ ယာဝတတိယံ သမနုဘာသနာယ န ပဋိနိဿဇ္ဇန္တော <a name=""T0.0100""></a> ဒွေ အာပတ္တိယော အာပဇ္ဇတိ။ ဉတ္တိယာ ဒုက္ကဋံ၊ ကမ္မဝါစာပရိယောသာနေ အာပတ္တိ ပါစိတ္တိယဿ။</p>
<p class=""bodytext"">ဇာနံ တထာဝါဒိနာ ဘိက္ခုနာ အကဋာနုဓမ္မေန တံ ဒိဋ္ဌိံ အပ္ပဋိနိဿဋ္ဌေန သဒ္ဓိံ သမ္ဘုဉ္ဇန္တော ဒွေ အာပတ္တိယော အာပဇ္ဇတိ။ သမ္ဘုဉ္ဇတိ, ပယောဂေ ဒုက္ကဋံ၊ သမ္ဘုတ္တေ အာပတ္တိ ပါစိတ္တိယဿ။</p>
<p class=""bodytext"">ဇာနံ <a name=""P5.0042""></a> တထာနာသိတံ သမဏုဒ္ဒေသံ ဥပလာပေန္တော ဒွေ အာပတ္တိယော အာပဇ္ဇတိ။ ဥပလာပေတိ, ပယောဂေ ဒုက္ကဋံ၊ ဥပလာပိတေ အာပတ္တိ ပါစိတ္တိယဿ။</p>
<p class=""centered"">သပ္ပါဏကဝဂ္ဂေါ သတ္တမော။</p>
<p class=""subhead"">၈။ သဟဓမ္မိကဝဂ္ဂေါ</p>
<p class=""bodytext""><a name=""para172""></a><a name=""para172_vin5""></a><span class=""paranum"">၁၇၂</span>။ ဘိက္ခူဟိ သဟဓမ္မိကံ ဝုစ္စမာနော – ‘‘န တာဝါဟံ, အာဝုသော, ဧတသ္မိံ သိက္ခာပဒေ သိက္ခိဿာမိ ယာဝ န အညံ ဘိက္ခုံ ဗျတ္တံ ဝိနယဓရံ ပရိပုစ္ဆိဿာမီ’’တိ ဘဏန္တော ဒွေ အာပတ္တိယော အာပဇ္ဇတိ။ ဘဏတိ, ပယောဂေ ဒုက္ကဋံ၊ ဘဏိတေ အာပတ္တိ ပါစိတ္တိယဿ။</p>
<p class=""bodytext"">ဝိနယံ ဝိဝဏ္ဏေန္တော ဒွေ အာပတ္တိယော အာပဇ္ဇတိ။ ဝိဝဏ္ဏေတိ, ပယောဂေ ဒုက္ကဋံ၊ ဝိဝဏ္ဏိတေ အာပတ္တိ ပါစိတ္တိယဿ။</p>
<p class=""bodytext"">မောဟေန္တော ဒွေ အာပတ္တိယော အာပဇ္ဇတိ။ အနာရောပိတေ မောဟေ မောဟေတိ, အာပတ္တိ ဒုက္ကဋဿ၊ အာရောပိတေ မောဟေ မောဟေတိ, အာပတ္တိ ပါစိတ္တိယဿ။</p>
",-172-
1940,mula_vi_05,70,"<p class=""bodytext"">ဘိက္ခုဿ <a name=""M0.0070""></a> ကုပိတော အနတ္တမနော ပဟာရံ ဒေန္တော ဒွေ အာပတ္တိယော အာပဇ္ဇတိ။ ပဟရတိ, ပယောဂေ ဒုက္ကဋံ၊ ပဟတေ အာပတ္တိ ပါစိတ္တိယဿ<a name=""T0.0101""></a>။</p>
<p class=""bodytext"">ဘိက္ခုဿ ကုပိတော အနတ္တမနော တလသတ္တိကံ ဥဂ္ဂိရန္တော ဒွေ အာပတ္တိယော အာပဇ္ဇတိ။ ဥဂ္ဂိရတိ, ပယောဂေ ဒုက္ကဋံ၊ ဥဂ္ဂိရိတေ အာပတ္တိ ပါစိတ္တိယဿ။</p>
<p class=""bodytext"">ဘိက္ခုံ <a name=""V0.0072""></a> အမူလကေန သံဃာဒိသေသေန အနုဒ္ဓံသေန္တော ဒွေ အာပတ္တိယော အာပဇ္ဇတိ။ အနုဒ္ဓံသေတိ, ပယောဂေ ဒုက္ကဋံ၊ အနုဒ္ဓံသိတေ အာပတ္တိ ပါစိတ္တိယဿ။</p>
<p class=""bodytext"">ဘိက္ခုဿ သဉ္စိစ္စ ကုက္ကုစ္စံ ဥပဒဟန္တော ဒွေ အာပတ္တိယော အာပဇ္ဇတိ။ ဥပဒဟတိ, ပယောဂေ ဒုက္ကဋံ၊ ဥပဒဟိတေ အာပတ္တိ ပါစိတ္တိယဿ။</p>
<p class=""bodytext"">ဘိက္ခူနံ ဘဏ္ဍနဇာတာနံ ကလဟဇာတာနံ ဝိဝါဒါပန္နာနံ ဥပဿုတိံ တိဋ္ဌန္တော ဒွေ အာပတ္တိယော အာပဇ္ဇတိ။ ‘‘သောဿာမီ’’တိ ဂစ္ဆတိ, အာပတ္တိ ဒုက္ကဋဿ၊ ယတ္ထ ဌိတော သုဏာတိ, အာပတ္တိ ပါစိတ္တိယဿ။</p>
<p class=""bodytext"">ဓမ္မိကာနံ ကမ္မာနံ ဆန္ဒံ ဒတွာ ပစ္ဆာ ခီယနဓမ္မံ အာပဇ္ဇန္တော ဒွေ အာပတ္တိယော အာပဇ္ဇတိ။ ခိယျတိ, ပယောဂေ ဒုက္ကဋံ၊ ခိယျိတေ အာပတ္တိ ပါစိတ္တိယဿ။</p>
<p class=""bodytext"">သံဃေ ဝိနိစ္ဆယကထာယ ဝတ္တမာနာယ ဆန္ဒံ အဒတွာ ဥဋ္ဌာယာသနာ ပက္ကမန္တော ဒွေ အာပတ္တိယော အာပဇ္ဇတိ။ ပရိသာယ ဟတ္ထပါသံ ဝိဇဟန္တဿ အာပတ္တိ ဒုက္ကဋဿ၊ ဝိဇဟိတေ အာပတ္တိ ပါစိတ္တိယဿ။</p>
<p class=""bodytext"">သမဂ္ဂေန <a name=""T0.0102""></a> သံဃေန စီဝရံ ဒတွာ ပစ္ဆာ ခီယနဓမ္မံ အာပဇ္ဇန္တော ဒွေ အာပတ္တိယော အာပဇ္ဇတိ။ ခိယျတိ, ပယောဂေ ဒုက္ကဋံ၊ ခိယျိတေ အာပတ္တိ ပါစိတ္တိယဿ။</p>
<p class=""bodytext"">ဇာနံ သံဃိကံ လာဘံ ပရိဏတံ ပုဂ္ဂလဿ ပရိဏာမေန္တော ဒွေ အာပတ္တိယော အာပဇ္ဇတိ။ ပရိဏာမေတိ, ပယောဂေ ဒုက္ကဋံ၊ ပရိဏာမိတေ အာပတ္တိ ပါစိတ္တိယဿ။</p>
<p class=""centered"">သဟဓမ္မိကဝဂ္ဂေါ အဋ္ဌမော။</p>
",
1941,mula_vi_05,71,"<p class=""subhead"">၉။ ရာဇဝဂ္ဂေါ</p>
<p class=""bodytext""><a name=""para173""></a><a name=""para173_vin5""></a><span class=""paranum"">၁၇၃</span>။ ပုဗ္ဗေ <a name=""M0.0071""></a> အပ္ပဋိသံဝိဒိတော ရညော အန္တေပုရံ ပဝိသန္တော ဒွေ အာပတ္တိယော အာပဇ္ဇတိ။ ပဌမံ ပါဒံ ဥမ္မာရံ အတိက္ကာမေတိ, အာပတ္တိ ဒုက္ကဋဿ၊ ဒုတိယံ ပါဒံ အတိက္ကာမေတိ, အာပတ္တိ ပါစိတ္တိယဿ။</p>
<p class=""bodytext"">ရတနံ <a name=""P5.0043""></a><a name=""V0.0073""></a> ဥဂ္ဂဏှန္တော ဒွေ အာပတ္တိယော အာပဇ္ဇတိ။ ဂဏှာတိ, ပယောဂေ ဒုက္ကဋံ၊ ဂဟိတေ အာပတ္တိ ပါစိတ္တိယဿ။</p>
<p class=""bodytext"">သန္တံ ဘိက္ခုံ အနာပုစ္ဆာ ဝိကာလေ ဂါမံ ပဝိသန္တော ဒွေ အာပတ္တိယော အာပဇ္ဇတိ။ ပဌမံ ပါဒံ ပရိက္ခေပံ အတိက္ကာမေတိ, အာပတ္တိ ဒုက္ကဋဿ၊ ဒုတိယံ ပါဒံ အတိက္ကာမေတိ, အာပတ္တိ ပါစိတ္တိယဿ။</p>
<p class=""bodytext"">အဋ္ဌိမယံ ဝါ ဒန္တမယံ ဝါ ဝိသာဏမယံ ဝါ သူစိဃရံ ကာရာပေန္တော ဒွေ အာပတ္တိယော အာပဇ္ဇတိ။ ကာရာပေတိ, ပယောဂေ ဒုက္ကဋံ၊ ကာရာပိတေ အာပတ္တိ ပါစိတ္တိယဿ။</p>
<p class=""bodytext"">ပမာဏာတိက္ကန္တံ မဉ္စံ ဝါ ပီဌံ ဝါ ကာရာပေန္တော ဒွေ အာပတ္တိယော အာပဇ္ဇတိ။ ကာရာပေတိ, ပယောဂေ ဒုက္ကဋံ၊ ကာရာပိတေ <a name=""T0.0103""></a> အာပတ္တိ ပါစိတ္တိယဿ။</p>
<p class=""bodytext"">မဉ္စံ ဝါ ပီဌံ ဝါ တူလောနဒ္ဓံ ကာရာပေန္တော ဒွေ အာပတ္တိယော အာပဇ္ဇတိ။ ကာရာပေတိ, ပယောဂေ ဒုက္ကဋံ၊ ကာရာပိတေ အာပတ္တိ ပါစိတ္တိယဿ။</p>
<p class=""bodytext"">ပမာဏာတိက္ကန္တံ နိသီဒနံ ကာရာပေန္တော ဒွေ အာပတ္တိယော အာပဇ္ဇတိ။ ကာရာပေတိ, ပယောဂေ ဒုက္ကဋံ၊ ကာရာပိတေ အာပတ္တိ ပါစိတ္တိယဿ။</p>
<p class=""bodytext"">ပမာဏာတိက္ကန္တံ ကဏ္ဍုပ္ပဋိစ္ဆာဒိံ ကာရာပေန္တော ဒွေ အာပတ္တိယော အာပဇ္ဇတိ။ ကာရာပေတိ, ပယောဂေ ဒုက္ကဋံ၊ ကာရာပိတေ အာပတ္တိ ပါစိတ္တိယဿ။</p>
<p class=""bodytext"">ပမာဏာတိက္ကန္တံ ဝဿိကသာဋိကံ ကာရာပေန္တော ဒွေ အာပတ္တိယော အာပဇ္ဇတိ။ ကာရာပေတိ, ပယောဂေ ဒုက္ကဋံ၊ ကာရာပိတေ အာပတ္တိ ပါစိတ္တိယဿ။</p>
<p class=""bodytext"">စီဝရံ ကာရာပေန္တော ကတိ အာပတ္တိယော အာပဇ္ဇတိ? သုဂတစီဝရပ္ပမာဏံ စီဝရံ ကာရာပေန္တော ဒွေ အာပတ္တိယော အာပဇ္ဇတိ။</p>
",-173-
1942,mula_vi_05,72,"<p class=""noindentbodytext""> ကာရာပေတိ<a name=""M0.0072""></a>, ပယောဂေ ဒုက္ကဋံ၊ ကာရာပိတေ အာပတ္တိ ပါစိတ္တိယဿ – သုဂတစီဝရပ္ပမာဏံ စီဝရံ ကာရာပေန္တော ဣမာ ဒွေ အာပတ္တိယော အာပဇ္ဇတိ။</p>
<p class=""centered"">ရာဇဝဂ္ဂေါ နဝမော။ ခုဒ္ဒကာ နိဋ္ဌိတာ။</p>
<p class=""subhead"">၅။ ပါဋိဒေသနီယကဏ္ဍံ</p>
<p class=""bodytext""><a name=""para174""></a><a name=""para174_vin5""></a><span class=""paranum"">၁၇၄</span>။ အညာတိကာယ <a name=""T0.0104""></a><a name=""V0.0074""></a> ဘိက္ခုနိယာ အန္တရဃရံ ပဝိဋ္ဌာယ ဟတ္ထတော ခါဒနီယံ ဝါ ဘောဇနီယံ ဝါ သဟတ္ထာ ပဋိဂ္ဂဟေတွာ ဘုဉ္ဇန္တော ကတိ အာပတ္တိယော အာပဇ္ဇတိ? အညာတိကာယ ဘိက္ခုနိယာ အန္တရဃရံ ပဝိဋ္ဌာယ ဟတ္ထတော ခါဒနီယံ ဝါ ဘောဇနီယံ ဝါ သဟတ္ထာ ပဋိဂ္ဂဟေတွာ ဘုဉ္ဇန္တော ဒွေ အာပတ္တိယော အာပဇ္ဇတိ။ ဘုဉ္ဇိဿာမီတိ ပဋိဂ္ဂဏှာတိ, အာပတ္တိ ဒုက္ကဋဿ၊ အဇ္ဈောဟာရေ အဇ္ဈောဟာရေ အာပတ္တိ ပါဋိဒေသနီယဿ – အညာတိကာယ ဘိက္ခုနိယာ အန္တရဃရံ ပဝိဋ္ဌာယ ဟတ္ထတော ခါဒနီယံ ဝါ ဘောဇနီယံ ဝါ သဟတ္ထာ ပဋိဂ္ဂဟေတွာ ဘုဉ္ဇန္တော ဣမာ ဒွေ အာပတ္တိယော အာပဇ္ဇတိ။</p>
<p class=""bodytext"">ဘိက္ခုနိယာ ဝေါသာသန္တိယာ န နိဝါရေတွာ ဘုဉ္ဇန္တော ဒွေ အာပတ္တိယော အာပဇ္ဇတိ။ ဘုဉ္ဇိဿာမီတိ ပဋိဂ္ဂဏှာတိ, အာပတ္တိ ဒုက္ကဋဿ၊ အဇ္ဈောဟာရေ အဇ္ဈောဟာရေ အာပတ္တိ ပါဋိဒေသနီယဿ။</p>
<p class=""bodytext"">သေက္ခသမ္မတေသု ကုလေသု ခါဒနီယံ ဝါ ဘောဇနီယံ ဝါ သဟတ္ထာ ပဋိဂ္ဂဟေတွာ ဘုဉ္ဇန္တော ဒွေ အာပတ္တိယော အာပဇ္ဇတိ။ ဘုဉ္ဇိဿာမီတိ ပဋိဂ္ဂဏှာတိ, အာပတ္တိ ဒုက္ကဋဿ၊ အဇ္ဈောဟာရေ အဇ္ဈောဟာရေ အာပတ္တိ ပါဋိဒေသနီယဿ။</p>
<p class=""bodytext"">အာရညကေသု သေနာသနေသု ပုဗ္ဗေ အပ္ပဋိသံဝိဒိတံ ခါဒနီယံ ဝါ ဘောဇနီယံ ဝါ အဇ္ဈာရာမေ သဟတ္ထာ ပဋိဂ္ဂဟေတွာ ဘုဉ္ဇန္တော ကတိ အာပတ္တိယော အာပဇ္ဇတိ? အာရညကေသု သေနာသနေသု ပုဗ္ဗေ အပ္ပဋိသံဝိဒိတံ ခါဒနီယံ ဝါ ဘောဇနီယံ ဝါ အဇ္ဈာရာမေ သဟတ္ထာ ပဋိဂ္ဂဟေတွာ <a name=""T0.0105""></a> ဘုဉ္ဇန္တော ဒွေ အာပတ္တိယော အာပဇ္ဇတိ<a name=""P5.0044""></a>။ ဘုဉ္ဇိဿာမီတိ ပဋိဂ္ဂဏှာတိ, အာပတ္တိ ဒုက္ကဋဿ၊</p>
",-174-
1943,mula_vi_05,73,"<p class=""noindentbodytext""> အဇ္ဈောဟာရေ<a name=""M0.0073""></a> အဇ္ဈောဟာရေ အာပတ္တိ ပါဋိဒေသနီယဿ – အာရညကေသု သေနာသနေသု ပုဗ္ဗေ အပ္ပဋိသံဝိဒိတံ ခါဒနီယံ ဝါ ဘောဇနီယံ ဝါ အဇ္ဈာရာမေ သဟတ္ထာ ပဋိဂ္ဂဟေတွာ ဘုဉ္ဇန္တော ဣမာ ဒွေ အာပတ္တိယော အာပဇ္ဇတိ။</p>
<p class=""centered"">စတ္တာရော ပါဋိဒေသနီယာ နိဋ္ဌိတာ။</p>
<p class=""subhead"">၆။ သေခိယကဏ္ဍံ</p>
<p class=""subhead"">၁။ ပရိမဏ္ဍလဝဂ္ဂေါ</p>
<p class=""bodytext""><a name=""para175""></a><a name=""para175_vin5""></a><span class=""paranum"">၁၇၅</span>။ အနာဒရိယံ <a name=""V0.0075""></a> ပဋိစ္စ ပုရတော ဝါ ပစ္ဆတော ဝါ ဩလမ္ဗေန္တော နိဝါသေန္တော ကတိ အာပတ္တိယော အာပဇ္ဇတိ? အနာဒရိယံ ပဋိစ္စ ပုရတော ဝါ ပစ္ဆတော ဝါ ဩလမ္ဗေန္တော နိဝါသေန္တော ဧကံ အာပတ္တိံ အာပဇ္ဇတိ။ ဒုက္ကဋံ – အနာဒရိယံ ပဋိစ္စ ပုရတော ဝါ ပစ္ဆတော ဝါ ဩလမ္ဗေန္တော နိဝါသေန္တော ဣမံ ဧကံ အာပတ္တိံ အာပဇ္ဇတိ။</p>
<p class=""bodytext"">…အနာဒရိယံ ပဋိစ္စ ပုရတော ဝါ ပစ္ဆတော ဝါ ဩလမ္ဗေန္တော ပါရုပန္တော ဧကံ အာပတ္တိံ အာပဇ္ဇတိ။ ဒုက္ကဋံ…။</p>
<p class=""bodytext"">…အနာဒရိယံ ပဋိစ္စ ကာယံ ဝိဝရိတွာ အန္တရဃရေ ဂစ္ဆန္တော ဧကံ အာပတ္တိံ အာပဇ္ဇတိ။ ဒုက္ကဋံ…။</p>
<p class=""bodytext"">…အနာဒရိယံ ပဋိစ္စ ကာယံ ဝိဝရိတွာ အန္တရဃရေ နိသီဒန္တော ဧကံ အာပတ္တိံ အာပဇ္ဇတိ။ ဒုက္ကဋံ…။</p>
<p class=""bodytext"">…အနာဒရိယံ ပဋိစ္စ ဟတ္ထံ ဝါ ပါဒံ ဝါ ကီဠာပေန္တော အန္တရဃရေ ဂစ္ဆန္တော ဧကံ အာပတ္တိံ အာပဇ္ဇတိ။ ဒုက္ကဋံ…။</p>
<p class=""bodytext"">…အနာဒရိယံ <a name=""T0.0106""></a> ပဋိစ္စ ဟတ္ထံ ဝါ ပါဒံ ဝါ ကီဠာပေန္တော အန္တရဃရေ နိသီဒန္တော ဧကံ အာပတ္တိံ အာပဇ္ဇတိ။ ဒုက္ကဋံ…။</p>
<p class=""bodytext"">…အနာဒရိယံ ပဋိစ္စ တဟံ တဟံ ဩလောကေန္တော အန္တရဃရေ ဂစ္ဆန္တော ဧကံ အာပတ္တိံ အာပဇ္ဇတိ။ ဒုက္ကဋံ…။</p>
<p class=""bodytext"">…အနာဒရိယံ ပဋိစ္စ တဟံ တဟံ ဩလောကေန္တော အန္တရဃရေ နိသီဒန္တော ဧကံ အာပတ္တိံ အာပဇ္ဇတိ။ ဒုက္ကဋံ…။</p>
",-175-
1944,mula_vi_05,74,"<p class=""bodytext"">…အနာဒရိယံ <a name=""M0.0074""></a><a name=""V0.0076""></a> ပဋိစ္စ ဥက္ခိတ္တကာယ အန္တရဃရေ ဂစ္ဆန္တော ဧကံ အာပတ္တိံ အာပဇ္ဇတိ။ ဒုက္ကဋံ…။</p>
<p class=""bodytext"">…အနာဒရိယံ ပဋိစ္စ ဥက္ခိတ္တကာယ အန္တရဃရေ နိသီဒန္တော ဧကံ အာပတ္တိံ အာပဇ္ဇတိ။ ဒုက္ကဋံ…။</p>
<p class=""centered"">ပရိမဏ္ဍလဝဂ္ဂေါ ပဌမော။</p>
<p class=""subhead"">၂။ ဥဇ္ဇဂ္ဃိကဝဂ္ဂေါ</p>
<p class=""bodytext""><a name=""para176""></a><a name=""para176_vin5""></a><span class=""paranum"">၁၇၆</span>။ …အနာဒရိယံ ပဋိစ္စ ဥဇ္ဇဂ္ဃိကာယ အန္တရဃရေ ဂစ္ဆန္တော ဧကံ အာပတ္တိံ အာပဇ္ဇတိ။ ဒုက္ကဋံ…။</p>
<p class=""bodytext"">…အနာဒရိယံ ပဋိစ္စ ဥဇ္ဇဂ္ဃိကာယ အန္တရဃရေ နိသီဒန္တော ဧကံ အာပတ္တိံ အာပဇ္ဇတိ။ ဒုက္ကဋံ…။</p>
<p class=""bodytext"">…အနာဒရိယံ ပဋိစ္စ ဥစ္စာသဒ္ဒံ မဟာသဒ္ဒံ ကရောန္တော အန္တရဃရေ ဂစ္ဆန္တော ဧကံ အာပတ္တိံ အာပဇ္ဇတိ။ ဒုက္ကဋံ…။</p>
<p class=""bodytext"">…အနာဒရိယံ ပဋိစ္စ ဥစ္စာသဒ္ဒံ မဟာသဒ္ဒံ ကရောန္တော အန္တရဃရေ နိသီဒန္တော ဧကံ အာပတ္တိံ အာပဇ္ဇတိ။ ဒုက္ကဋံ…။</p>
<p class=""bodytext"">…အနာဒရိယံ ပဋိစ္စ ကာယပ္ပစာလကံ အန္တရဃရေ ဂစ္ဆန္တော ဧကံ အာပတ္တိံ အာပဇ္ဇတိ။ ဒုက္ကဋံ…။</p>
<p class=""bodytext"">…အနာဒရိယံ ပဋိစ္စ ကာယပ္ပစာလကံ အန္တရဃရေ နိသီဒန္တော ဧကံ <a name=""T0.0107""></a> အာပတ္တိံ အာပဇ္ဇတိ။ ဒုက္ကဋံ…။</p>
<p class=""bodytext"">…အနာဒရိယံ ပဋိစ္စ ဗာဟုပ္ပစာလကံ အန္တရဃရေ ဂစ္ဆန္တော ဧကံ အာပတ္တိံ အာပဇ္ဇတိ။ ဒုက္ကဋံ…။</p>
<p class=""bodytext"">…အနာဒရိယံ <a name=""V0.0077""></a> ပဋိစ္စ ဗာဟုပ္ပစာလကံ အန္တရဃရေ နိသီဒန္တော ဧကံ အာပတ္တိံ အာပဇ္ဇတိ။ ဒုက္ကဋံ…။</p>
<p class=""bodytext"">…အနာဒရိယံ ပဋိစ္စ သီသပ္ပစာလကံ အန္တရဃရေ ဂစ္ဆန္တော ဧကံ အာပတ္တိံ အာပဇ္ဇတိ။ ဒုက္ကဋံ…။</p>
<p class=""bodytext"">…အနာဒရိယံ ပဋိစ္စ သီသပ္ပစာလကံ အန္တရဃရေ နိသီဒန္တော ဧကံ အာပတ္တိံ အာပဇ္ဇတိ။ ဒုက္ကဋံ…။</p>
<p class=""centered"">ဥဇ္ဇဂ္ဃိကဝဂ္ဂေါ ဒုတိယော။</p>
",-176-
1945,mula_vi_05,75,"<p class=""subhead"">၃။ ခမ္ဘကတဝဂ္ဂေါ</p>
<p class=""bodytext""><a name=""para177""></a><a name=""para177_vin5""></a><span class=""paranum"">၁၇၇</span>။ …အနာဒရိယံ <a name=""M0.0075""></a> ပဋိစ္စ ခမ္ဘကတော အန္တရဃရေ ဂစ္ဆန္တော ဧကံ အာပတ္တိံ အာပဇ္ဇတိ။ ဒုက္ကဋံ…။</p>
<p class=""bodytext"">…အနာဒရိယံ ပဋိစ္စ ခမ္ဘကတော အန္တရဃရေ နိသီဒန္တော ဧကံ အာပတ္တိံ အာပဇ္ဇတိ။ ဒုက္ကဋံ…။</p>
<p class=""bodytext"">…အနာဒရိယံ ပဋိစ္စ ဩဂုဏ္ဌိတော အန္တရဃရေ ဂစ္ဆန္တော ဧကံ အာပတ္တိံ အာပဇ္ဇတိ။ ဒုက္ကဋံ…။</p>
<p class=""bodytext"">…အနာဒရိယံ ပဋိစ္စ ဩဂုဏ္ဌိတော အန္တရဃရေ နိသီဒန္တော ဧကံ အာပတ္တိံ အာပဇ္ဇတိ။ ဒုက္ကဋံ…။</p>
<p class=""bodytext"">…အနာဒရိယံ <a name=""T0.0108""></a> ပဋိစ္စ ဥက္ကုဋိကာယ အန္တရဃရေ ဂစ္ဆန္တော ဧကံ အာပတ္တိံ အာပဇ္ဇတိ။ ဒုက္ကဋံ…။</p>
<p class=""bodytext"">…အနာဒရိယံ ပဋိစ္စ ပလ္လတ္ထိကာယ အန္တရဃရေ နိသီဒန္တော ဧကံ အာပတ္တိံ အာပဇ္ဇတိ။ ဒုက္ကဋံ…။</p>
<p class=""bodytext"">…အနာဒရိယံ <a name=""V0.0078""></a> ပဋိစ္စ အသက္ကစ္စံ ပိဏ္ဍပါတံ ပဋိဂ္ဂဏှန္တော ဧကံ အာပတ္တိံ အာပဇ္ဇတိ။ ဒုက္ကဋံ…။</p>
<p class=""bodytext"">…အနာဒရိယံ <a name=""P5.0045""></a> ပဋိစ္စ တဟံ တဟံ ဩလောကေန္တော ပိဏ္ဍပါတံ ပဋိဂ္ဂဏှန္တော ဧကံ အာပတ္တိံ အာပဇ္ဇတိ။ ဒုက္ကဋံ…။</p>
<p class=""bodytext"">…အနာဒရိယံ ပဋိစ္စ သူပညေဝ ဗဟုံ ပဋိဂ္ဂဏှန္တော ဧကံ အာပတ္တိံ အာပဇ္ဇတိ။ ဒုက္ကဋံ…။</p>
<p class=""bodytext"">…အနာဒရိယံ ပဋိစ္စ ထူပီကတံ ပိဏ္ဍပါတံ ပဋိဂ္ဂဏှန္တော ဧကံ အာပတ္တိံ အာပဇ္ဇတိ။ ဒုက္ကဋံ…။</p>
<p class=""centered"">ခမ္ဘကတဝဂ္ဂေါ တတိယော။</p>
<p class=""subhead"">၄။ ပိဏ္ဍပါတဝဂ္ဂေါ</p>
<p class=""bodytext""><a name=""para178""></a><a name=""para178_vin5""></a><span class=""paranum"">၁၇၈</span>။ …အနာဒရိယံ ပဋိစ္စ အသက္ကစ္စံ ပိဏ္ဍပါတံ ဘုဉ္ဇန္တော ဧကံ အာပတ္တိံ အာပဇ္ဇတိ။ ဒုက္ကဋံ…။</p>
",-177-178-
1946,mula_vi_05,76,"<p class=""bodytext"">…အနာဒရိယံ <a name=""M0.0076""></a> ပဋိစ္စ တဟံ တဟံ ဩလောကေန္တော ပိဏ္ဍပါတံ ဘုဉ္ဇန္တော ဧကံ အာပတ္တိံ အာပဇ္ဇတိ။ ဒုက္ကဋံ…။</p>
<p class=""bodytext"">…အနာဒရိယံ ပဋိစ္စ တဟံ တဟံ ဩမသိတွာ ပိဏ္ဍပါတံ ဘုဉ္ဇန္တော ဧကံ အာပတ္တိံ အာပဇ္ဇတိ။ ဒုက္ကဋံ…။</p>
<p class=""bodytext"">…အနာဒရိယံ ပဋိစ္စ သူပညေဝ ဗဟုံ ဘုဉ္ဇန္တော ဧကံ အာပတ္တိံ <a name=""T0.0109""></a> အာပဇ္ဇတိ။ ဒုက္ကဋံ…။</p>
<p class=""bodytext"">…အနာဒရိယံ ပဋိစ္စ ထူပကတော ဩမဒ္ဒိတွာ ပိဏ္ဍပါတံ ဘုဉ္ဇန္တော ဧကံ အာပတ္တိံ အာပဇ္ဇတိ။ ဒုက္ကဋံ…။</p>
<p class=""bodytext"">…အနာဒရိယံ ပဋိစ္စ သူပံ ဝါ ဗျဉ္ဇနံ ဝါ ဩဒနေန ပဋိစ္ဆာဒေန္တော ဧကံ အာပတ္တိံ အာပဇ္ဇတိ။ ဒုက္ကဋံ…။</p>
<p class=""bodytext"">…အနာဒရိယံ <a name=""V0.0079""></a> ပဋိစ္စ သူပံ ဝါ ဩဒနံ ဝါ အဂိလာနော အတ္တနော အတ္ထာယ ဝိညာပေတွာ ဘုဉ္ဇန္တော ဧကံ အာပတ္တိံ အာပဇ္ဇတိ။ ဒုက္ကဋံ…။</p>
<p class=""bodytext"">…အနာဒရိယံ ပဋိစ္စ ဥဇ္ဈာနသညီ ပရေသံ ပတ္တံ ဩလောကေန္တော ဧကံ အာပတ္တိံ အာပဇ္ဇတိ။ ဒုက္ကဋံ…။</p>
<p class=""bodytext"">…အနာဒရိယံ ပဋိစ္စ မဟန္တံ ကဗဠံ ကရောန္တော ဧကံ အာပတ္တိံ အာပဇ္ဇတိ။ ဒုက္ကဋံ…။</p>
<p class=""bodytext"">…အနာဒရိယံ ပဋိစ္စ ဒီဃံ အာလောပံ ကရောန္တော ဧကံ အာပတ္တိံ အာပဇ္ဇတိ။ ဒုက္ကဋံ…။</p>
<p class=""centered"">ပိဏ္ဍပါတဝဂ္ဂေါ စတုတ္ထော။</p>
<p class=""subhead"">၅။ ကဗဠဝဂ္ဂေါ</p>
<p class=""bodytext""><a name=""para179""></a><a name=""para179_vin5""></a><span class=""paranum"">၁၇၉</span>။ …အနာဒရိယံ ပဋိစ္စ အနာဟဋေ ကဗဠေ မုခဒွါရံ ဝိဝရန္တော ဧကံ အာပတ္တိံ အာပဇ္ဇတိ။ ဒုက္ကဋံ…။</p>
<p class=""bodytext"">…အနာဒရိယံ ပဋိစ္စ ဘုဉ္ဇမာနော သဗ္ဗံ ဟတ္ထံ မုခေ ပက္ခိပန္တော ဧကံ အာပတ္တိံ အာပဇ္ဇတိ။ ဒုက္ကဋံ…။</p>
<p class=""bodytext"">…အနာဒရိယံ ပဋိစ္စ သကဗဠေန မုခေန ဗျာဟရန္တော ဧကံ အာပတ္တိံ <a name=""T0.0110""></a> အာပဇ္ဇတိ။ ဒုက္ကဋံ…။</p>
",-179-
1947,mula_vi_05,77,"<p class=""bodytext"">…အနာဒရိယံ <a name=""M0.0077""></a> ပဋိစ္စ ပိဏ္ဍုက္ခေပကံ ဘုဉ္ဇန္တော ဧကံ အာပတ္တိံ အာပဇ္ဇတိ။ ဒုက္ကဋံ…။</p>
<p class=""bodytext"">…အနာဒရိယံ ပဋိစ္စ ကဗဠာဝစ္ဆေဒကံ ဘုဉ္ဇန္တော ဧကံ အာပတ္တိံ အာပဇ္ဇတိ။ ဒုက္ကဋံ…။</p>
<p class=""bodytext"">…အနာဒရိယံ ပဋိစ္စ အဝဂဏ္ဍကာရကံ ဘုဉ္ဇန္တော ဧကံ အာပတ္တိံ အာပဇ္ဇတိ။ ဒုက္ကဋံ…။</p>
<p class=""bodytext"">…အနာဒရိယံ ပဋိစ္စ ဟတ္ထနိဒ္ဓုနကံ ဘုဉ္ဇန္တော ဧကံ အာပတ္တိံ အာပဇ္ဇတိ။ ဒုက္ကဋံ…။</p>
<p class=""bodytext"">…အနာဒရိယံ ပဋိစ္စ သိတ္ထာဝကာရကံ ဘုဉ္ဇန္တော ဧကံ အာပတ္တိံ အာပဇ္ဇတိ။ ဒုက္ကဋံ…။</p>
<p class=""bodytext"">…အနာဒရိယံ <a name=""V0.0080""></a> ပဋိစ္စ ဇိဝှါနိစ္ဆာရကံ ဘုဉ္ဇန္တော ဧကံ အာပတ္တိံ အာပဇ္ဇတိ။ ဒုက္ကဋံ…။</p>
<p class=""bodytext"">…အနာဒရိယံ ပဋိစ္စ စပုစပုကာရကံ ဘုဉ္ဇန္တော ဧကံ အာပတ္တိံ အာပဇ္ဇတိ။ ဒုက္ကဋံ…။</p>
<p class=""centered"">ကဗဠဝဂ္ဂေါ ပဉ္စမော။</p>
<p class=""subhead"">၆။ သုရုသုရုဝဂ္ဂေါ</p>
<p class=""bodytext""><a name=""para180""></a><a name=""para180_vin5""></a><span class=""paranum"">၁၈၀</span>။ …အနာဒရိယံ ပဋိစ္စ သုရုသုရုကာရကံ ဘုဉ္ဇန္တော ဧကံ အာပတ္တိံ အာပဇ္ဇတိ။ ဒုက္ကဋံ…။</p>
<p class=""bodytext"">…အနာဒရိယံ ပဋိစ္စ ဟတ္ထနိလ္လေဟကံ ဘုဉ္ဇန္တော ဧကံ အာပတ္တိံ အာပဇ္ဇတိ။ ဒုက္ကဋံ…။</p>
<p class=""bodytext"">…အနာဒရိယံ <a name=""T0.0111""></a> ပဋိစ္စ ပတ္တနိလ္လေဟကံ ဘုဉ္ဇန္တော ဧကံ အာပတ္တိံ အာပဇ္ဇတိ။ ဒုက္ကဋံ…။</p>
<p class=""bodytext"">…အနာဒရိယံ ပဋိစ္စ ဩဋ္ဌနိလ္လေဟကံ ဘုဉ္ဇန္တော ဧကံ အာပတ္တိံ အာပဇ္ဇတိ။ ဒုက္ကဋံ…။</p>
<p class=""bodytext"">…အနာဒရိယံ <a name=""P5.0046""></a> ပဋိစ္စ သာမိသေန ဟတ္ထေန ပါနီယထာလကံ ပဋိဂ္ဂဏှန္တော ဧကံ အာပတ္တိံ အာပဇ္ဇတိ။ ဒုက္ကဋံ…။</p>
",-180-
1948,mula_vi_05,78,"<p class=""bodytext"">…အနာဒရိယံ <a name=""M0.0078""></a> ပဋိစ္စ သသိတ္ထကံ ပတ္တဓောဝနံ အန္တရဃရေ ဆဍ္ဍေန္တော ဧကံ အာပတ္တိံ အာပဇ္ဇတိ။ ဒုက္ကဋံ…။</p>
<p class=""bodytext"">…အနာဒရိယံ ပဋိစ္စ ဆတ္တပါဏိဿ ဓမ္မံ ဒေသေန္တော ဧကံ အာပတ္တိံ အာပဇ္ဇတိ။ ဒုက္ကဋံ…။</p>
<p class=""bodytext"">…အနာဒရိယံ ပဋိစ္စ ဒဏ္ဍပါဏိဿ ဓမ္မံ ဒေသေန္တော ဧကံ အာပတ္တိံ အာပဇ္ဇတိ။ ဒုက္ကဋံ…။</p>
<p class=""bodytext"">…အနာဒရိယံ ပဋိစ္စ သတ္ထပါဏိဿ ဓမ္မံ ဒေသေန္တော ဧကံ အာပတ္တိံ အာပဇ္ဇတိ။ ဒုက္ကဋံ…။</p>
<p class=""bodytext"">…အနာဒရိယံ ပဋိစ္စ အာဝုဓပါဏိဿ ဓမ္မံ ဒေသေန္တော ဧကံ အာပတ္တိံ အာပဇ္ဇတိ။ ဒုက္ကဋံ…။</p>
<p class=""centered"">သုရုသုရုဝဂ္ဂေါ ဆဋ္ဌော။</p>
<p class=""subhead"">၇။ ပါဒုကဝဂ္ဂေါ</p>
<p class=""bodytext""><a name=""para181""></a><a name=""para181_vin5""></a><span class=""paranum"">၁၈၁</span>။ …အနာဒရိယံ <a name=""V0.0081""></a> ပဋိစ္စ ပါဒုကာရုဠှဿ ဓမ္မံ ဒေသေန္တော ဧကံ အာပတ္တိံ အာပဇ္ဇတိ။ ဒုက္ကဋံ…။</p>
<p class=""bodytext"">…အနာဒရိယံ ပဋိစ္စ ဥပါဟနာရုဠှဿ ဓမ္မံ ဒေသေန္တော ဧကံ <a name=""T0.0112""></a> အာပတ္တိံ အာပဇ္ဇတိ။ ဒုက္ကဋံ…။</p>
<p class=""bodytext"">…အနာဒရိယံ ပဋိစ္စ ယာနဂတဿ ဓမ္မံ ဒေသေန္တော ဧကံ အာပတ္တိံ အာပဇ္ဇတိ။ ဒုက္ကဋံ…။</p>
<p class=""bodytext"">…အနာဒရိယံ ပဋိစ္စ သယနဂတဿ ဓမ္မံ ဒေသေန္တော ဧကံ အာပတ္တိံ အာပဇ္ဇတိ။ ဒုက္ကဋံ…။</p>
<p class=""bodytext"">…အနာဒရိယံ ပဋိစ္စ ပလ္လတ္ထိကာယ နိသိန္နဿ ဓမ္မံ ဒေသေန္တော ဧကံ အာပတ္တိံ အာပဇ္ဇတိ။ ဒုက္ကဋံ…။</p>
<p class=""bodytext"">…အနာဒရိယံ ပဋိစ္စ ဝေဌိတသီသဿ ဓမ္မံ ဒေသေန္တော ဧကံ အာပတ္တိံ အာပဇ္ဇတိ။ ဒုက္ကဋံ…။</p>
<p class=""bodytext"">…အနာဒရိယံ ပဋိစ္စ ဩဂုဏ္ဌိတသီသဿ ဓမ္မံ ဒေသေန္တော ဧကံ အာပတ္တိံ အာပဇ္ဇတိ။ ဒုက္ကဋံ…။</p>
",-181-
1949,mula_vi_05,79,"<p class=""bodytext"">…အနာဒရိယံ <a name=""M0.0079""></a> ပဋိစ္စ ဆမာယံ နိသီဒိတွာ အာသနေ နိသိန္နဿ ဓမ္မံ ဒေသေန္တော ဧကံ အာပတ္တိံ အာပဇ္ဇတိ။ ဒုက္ကဋံ…။</p>
<p class=""bodytext"">…အနာဒရိယံ ပဋိစ္စ နီစေ အာသနေ နိသီဒိတွာ ဥစ္စေ အာသနေ နိသိန္နဿ ဓမ္မံ ဒေသေန္တော ဧကံ အာပတ္တိံ အာပဇ္ဇတိ။ ဒုက္ကဋံ…။</p>
<p class=""bodytext"">…အနာဒရိယံ ပဋိစ္စ ဌိတော နိသိန္နဿ ဓမ္မံ ဒေသေန္တော ဧကံ အာပတ္တိံ အာပဇ္ဇတိ။ ဒုက္ကဋံ…။</p>
<p class=""bodytext"">…အနာဒရိယံ ပဋိစ္စ ပစ္ဆတော ဂစ္ဆန္တော ပုရတော ဂစ္ဆန္တဿ ဓမ္မံ ဒေသေန္တော ဧကံ အာပတ္တိံ အာပဇ္ဇတိ။ ဒုက္ကဋံ…။</p>
<p class=""bodytext"">…အနာဒရိယံ <a name=""V0.0082""></a> ပဋိစ္စ ဥပ္ပထေန ဂစ္ဆန္တော ပထေန ဂစ္ဆန္တဿ ဓမ္မံ <a name=""T0.0113""></a> ဒေသေန္တော ဧကံ အာပတ္တိံ အာပဇ္ဇတိ။ ဒုက္ကဋံ…။</p>
<p class=""bodytext"">…အနာဒရိယံ ပဋိစ္စ ဌိတော ဥစ္စာရံ ဝါ ပဿာဝံ ဝါ ကရောန္တော ဧကံ အာပတ္တိံ အာပဇ္ဇတိ။ ဒုက္ကဋံ…။</p>
<p class=""bodytext"">…အနာဒရိယံ ပဋိစ္စ ဟရိတေ ဥစ္စာရံ ဝါ ပဿာဝံ ဝါ ခေဠံ ဝါ ကရောန္တော ဧကံ အာပတ္တိံ အာပဇ္ဇတိ။ ဒုက္ကဋံ…။</p>
<p class=""bodytext"">အနာဒရိယံ ပဋိစ္စ ဥဒကေ ဥစ္စာရံ ဝါ ပဿာဝံ ဝါ ခေဠံ ဝါ ကရောန္တော ကတိ အာပတ္တိယော အာပဇ္ဇတိ? အနာဒရိယံ ပဋိစ္စ ဥဒကေ ဥစ္စာရံ ဝါ ပဿာဝံ ဝါ ခေဠံ ဝါ ကရောန္တော ဧကံ အာပတ္တိံ အာပဇ္ဇတိ။ ဒုက္ကဋံ – အနာဒရိယံ ပဋိစ္စ ဥဒကေ ဥစ္စာရံ ဝါ ပဿာဝံ ဝါ ခေဠံ ဝါ ကရောန္တော ဣမံ ဧကံ အာပတ္တိံ အာပဇ္ဇတိ။</p>
<p class=""centered"">ပါဒုကဝဂ္ဂေါ သတ္တမော။</p>
<p class=""centered"">သေခိယာ နိဋ္ဌိတာ။</p>
<p class=""centered"">ကတာပတ္တိဝါရော နိဋ္ဌိတော ဒုတိယော။</p>
<p class=""title"">၃။ ဝိပတ္တိဝါရော</p>
<p class=""bodytext""><a name=""para182""></a><a name=""para182_vin5""></a><span class=""paranum"">၁၈၂</span>။ မေထုနံ <a name=""V0.0083""></a> ဓမ္မံ ပဋိသေဝန္တဿ အာပတ္တိယော စတုန္နံ ဝိပတ္တီနံ ကတိ ဝိပတ္တိယော ဘဇန္တိ? မေထုနံ ဓမ္မံ ပဋိသေဝန္တဿ အာပတ္တိယော စတုန္နံ ဝိပတ္တီနံ ဒွေ ဝိပတ္တိယော ဘဇန္တိ – သိယာ သီလဝိပတ္တိံ, သိယာ အာစာရဝိပတ္တိံ…ပေ…။</p>
",-182-
1950,mula_vi_05,80,"<p class=""bodytext"">အနာဒရိယံ <a name=""M0.0080""></a> ပဋိစ္စ ဥဒကေ ဥစ္စာရံ ဝါ ပဿာဝံ ဝါ ခေဠံ ဝါ ကရောန္တဿ အာပတ္တိ စတုန္နံ ဝိပတ္တီနံ ကတိ ဝိပတ္တိယော ဘဇတိ? အနာဒရိယံ ပဋိစ္စ ဥဒကေ ဥစ္စာရံ ဝါ ပဿာဝံ ဝါ ခေဠံ <a name=""T0.0114""></a> ဝါ ကရောန္တဿ အာပတ္တိ စတုန္နံ ဝိပတ္တီနံ ဧကံ ဝိပတ္တိံ ဘဇတိ – အာစာရဝိပတ္တိံ။</p>
<p class=""centered"">ဝိပတ္တိဝါရော နိဋ္ဌိတော တတိယော။</p>
<p class=""title"">၄။ သင်္ဂဟိတဝါရော</p>
<p class=""bodytext""><a name=""para183""></a><a name=""para183_vin5""></a><span class=""paranum"">၁၈၃</span>။ မေထုနံ <a name=""V0.0084""></a> ဓမ္မံ ပဋိသေဝန္တဿ အာပတ္တိယော သတ္တန္နံ အာပတ္တိက္ခန္ဓာနံ ကတိဟိ အာပတ္တိက္ခန္ဓေဟိ သင်္ဂဟိတာ? မေထုနံ ဓမ္မံ ပဋိသေဝန္တဿ အာပတ္တိယော သတ္တန္နံ အာပတ္တိက္ခန္ဓာနံ တီဟိ အာပတ္တိက္ခန္ဓေဟိ သင်္ဂဟိတာ – သိယာ ပါရာဇိကာပတ္တိက္ခန္ဓေန, သိယာ ထုလ္လစ္စယာပတ္တိက္ခန္ဓေန, သိယာ ဒုက္ကဋာပတ္တိက္ခန္ဓေန…ပေ…။</p>
<p class=""bodytext"">အနာဒရိယံ <a name=""P5.0047""></a> ပဋိစ္စ ဥဒကေ ဥစ္စာရံ ဝါ ပဿာဝံ ဝါ ခေဠံ ဝါ ကရောန္တဿ အာပတ္တိ သတ္တန္နံ အာပတ္တိက္ခန္ဓာနံ ကတိဟိ အာပတ္တိက္ခန္ဓေဟိ သင်္ဂဟိတာ? အနာဒရိယံ ပဋိစ္စ ဥဒကေ ဥစ္စာရံ ဝါ ပဿာဝံ ဝါ ခေဠံ ဝါ ကရောန္တဿ အာပတ္တိ သတ္တန္နံ အာပတ္တိက္ခန္ဓာနံ ဧကေန အာပတ္တိက္ခန္ဓေန သင်္ဂဟိတာ – ဒုက္ကဋာပတ္တိက္ခန္ဓေန။</p>
<p class=""centered"">သင်္ဂဟိတဝါရော နိဋ္ဌိတော စတုတ္ထော။</p>
<p class=""title"">၅။ သမုဋ္ဌာနဝါရော</p>
<p class=""bodytext""><a name=""para184""></a><a name=""para184_vin5""></a><span class=""paranum"">၁၈၄</span>။ မေထုနံ <a name=""V0.0085""></a> ဓမ္မံ ပဋိသေဝန္တဿ အာပတ္တိယော ဆန္နံ အာပတ္တိသမုဋ္ဌာနာနံ ကတိဟိ သမုဋ္ဌာနေဟိ သမုဋ္ဌန္တိ <span class=""note"">[သမုဋ္ဌဟန္တိ (သီ။ သျာ။)]</span>? မေထုနံ ဓမ္မံ ပဋိသေဝန္တဿ အာပတ္တိယော ဆန္နံ အာပတ္တိသမုဋ္ဌာနာနံ ဧကေန သမုဋ္ဌာနေန သမုဋ္ဌန္တိ – ကာယတော စ စိတ္တတော စ သမုဋ္ဌန္တိ, န ဝါစတော…ပေ…။</p>
",-183-184-
1951,mula_vi_05,81,"<p class=""bodytext"">အနာဒရိယံ <a name=""M0.0081""></a> ပဋိစ္စ ဥဒကေ ဥစ္စာရံ ဝါ ပဿာဝံ ဝါ ခေဠံ ဝါ ကရောန္တဿ အာပတ္တိ ဆန္နံ အာပတ္တိသမုဋ္ဌာနာနံ ကတိဟိ <a name=""T0.0115""></a> သမုဋ္ဌာနေဟိ သမုဋ္ဌာတိ? အနာဒရိယံ ပဋိစ္စ ဥဒကေ ဥစ္စာရံ ဝါ ပဿာဝံ ဝါ ခေဠံ ဝါ ကရောန္တဿ အာပတ္တိ ဆန္နံ အာပတ္တိသမုဋ္ဌာနာနံ ဧကေန သမုဋ္ဌာနေန သမုဋ္ဌာတိ – ကာယတော စ စိတ္တတော စ သမုဋ္ဌာတိ, န ဝါစတော။</p>
<p class=""centered"">သမုဋ္ဌာနဝါရော နိဋ္ဌိတော ပဉ္စမော။</p>
<p class=""title"">၆။ အဓိကရဏဝါရော</p>
<p class=""bodytext""><a name=""para185""></a><a name=""para185_vin5""></a><span class=""paranum"">၁၈၅</span>။ မေထုနံ <a name=""V0.0086""></a> ဓမ္မံ ပဋိသေဝန္တဿ အာပတ္တိယော စတုန္နံ အဓိကရဏာနံ ကတမံ အဓိကရဏံ? မေထုနံ ဓမ္မံ ပဋိသေဝန္တဿ အာပတ္တိယော စတုန္နံ အဓိကရဏာနံ အာပတ္တာဓိကရဏံ…ပေ…။</p>
<p class=""bodytext"">အနာဒရိယံ ပဋိစ္စ ဥဒကေ ဥစ္စာရံ ဝါ ပဿာဝံ ဝါ ခေဠံ ဝါ ကရောန္တဿ အာပတ္တိ စတုန္နံ အဓိကရဏာနံ ကတမံ အဓိကရဏံ? အနာဒရိယံ ပဋိစ္စ ဥဒကေ ဥစ္စာရံ ဝါ ပဿာဝံ ဝါ ခေဠံ ဝါ ကရောန္တဿ အာပတ္တိ စတုန္နံ အဓိကရဏာနံ အာပတ္တာဓိကရဏံ။</p>
<p class=""centered"">အဓိကရဏဝါရော နိဋ္ဌိတော ဆဋ္ဌော။</p>
<p class=""title"">၇။ သမထဝါရော</p>
<p class=""bodytext""><a name=""para186""></a><a name=""para186_vin5""></a><span class=""paranum"">၁၈၆</span>။ မေထုနံ <a name=""V0.0087""></a> ဓမ္မံ ပဋိသေဝန္တဿ အာပတ္တိယော သတ္တန္နံ သမထာနံ ကတိဟိ သမထေဟိ သမ္မန္တိ? မေထုနံ ဓမ္မံ ပဋိသေဝန္တဿ အာပတ္တိယော သတ္တန္နံ သမထာနံ တီဟိ သမထေဟိ သမ္မန္တိ – သိယာ သမ္မုခါဝိနယေန စ ပဋိညာတကရဏေန စ, သိယာ သမ္မုခါဝိနယေန စ တိဏဝတ္ထာရကေန စ…ပေ…။</p>
<p class=""bodytext"">အနာဒရိယံ ပဋိစ္စ ဥဒကေ ဥစ္စာရံ ဝါ ပဿာဝံ ဝါ ခေဠံ ဝါ ကရောန္တဿ အာပတ္တိ သတ္တန္နံ သမထာနံ ကတိဟိ သမထေဟိ သမ္မတိ? အနာဒရိယံ ပဋိစ္စ ဥဒကေ ဥစ္စာရံ ဝါ ပဿာဝံ ဝါ ခေဠံ <a name=""T0.0116""></a> ဝါ ကရောန္တဿ အာပတ္တိ သတ္တန္နံ သမထာနံ တီဟိ သမထေဟိ သမ္မတိ – သိယာ သမ္မုခါဝိနယေန စ ပဋိညာတကရဏေန စ, သိယာ သမ္မုခါဝိနယေန စ တိဏဝတ္ထာရကေန စ။</p>
<p class=""centered"">သမထဝါရော နိဋ္ဌိတော သတ္တမော။</p>
",-185-186-
1952,mula_vi_05,82,"<p class=""title"">၈။ သမုစ္စယဝါရော</p>
<p class=""bodytext""><a name=""para187""></a><a name=""para187_vin5""></a><span class=""paranum"">၁၈၇</span>။ မေထုနံ <a name=""M0.0082""></a><a name=""V0.0088""></a> ဓမ္မံ ပဋိသေဝန္တော ကတိ အာပတ္တိယော အာပဇ္ဇတိ? မေထုနံ ဓမ္မံ ပဋိသေဝန္တော တိဿော အာပတ္တိယော အာပဇ္ဇတိ။ အက္ခာယိတေ သရီရေ မေထုနံ ဓမ္မံ ပဋိသေဝတိ, အာပတ္တိ ပါရာဇိကဿ၊ ယေဘုယျေန ခါယိတေ သရီရေ မေထုနံ ဓမ္မံ ပဋိသေဝတိ, အာပတ္တိ ထုလ္လစ္စယဿ၊ ဝဋ္ဋကတေ မုခေ အစ္ဆုပန္တံ <a name=""P5.0048""></a> အင်္ဂဇာတံ ပဝေသေတိ, အာပတ္တိ ဒုက္ကဋဿ – မေထုနံ ဓမ္မံ ပဋိသေဝန္တော ဣမာ တိဿော အာပတ္တိယော အာပဇ္ဇတိ။</p>
<p class=""bodytext"">တာ အာပတ္တိယော စတုန္နံ ဝိပတ္တီနံ ကတိ ဝိပတ္တိယော ဘဇန္တိ, သတ္တန္နံ အာပတ္တိက္ခန္ဓာနံ ကတိဟိ အာပတ္တိက္ခန္ဓေဟိ သင်္ဂဟိတာ, ဆန္နံ အာပတ္တိသမုဋ္ဌာနာနံ ကတိဟိ သမုဋ္ဌာနေဟိ သမုဋ္ဌန္တိ, စတုန္နံ အဓိကရဏာနံ ကတမံ အဓိကရဏံ, သတ္တန္နံ သမထာနံ ကတိဟိ သမထေဟိ သမ္မန္တိ? တာ အာပတ္တိယော စတုန္နံ ဝိပတ္တီနံ ဒွေ ဝိပတ္တိယော ဘဇန္တိ – သိယာ သီလဝိပတ္တိံ, သိယာ အာစာရဝိပတ္တိံ။ သတ္တန္နံ အာပတ္တိက္ခန္ဓာနံ တီဟိ အာပတ္တိက္ခန္ဓေဟိ သင်္ဂဟိတာ – သိယာ ပါရာဇိကာပတ္တိက္ခန္ဓေန, သိယာ ထုလ္လစ္စယာပတ္တိက္ခန္ဓေန, သိယာ ဒုက္ကဋာပတ္တိက္ခန္ဓေန။ ဆန္နံ အာပတ္တိသမုဋ္ဌာနာနံ ဧကေန သမုဋ္ဌာနေန သမုဋ္ဌန္တိ – ကာယတော စ စိတ္တတော စ သမုဋ္ဌန္တိ, န ဝါစတော။ စတုန္နံ အဓိကရဏာနံ, အာပတ္တာဓိကရဏံ။ သတ္တန္နံ <a name=""T0.0117""></a> သမထာနံ တီဟိ သမထေဟိ သမ္မန္တိ – သိယာ သမ္မုခါဝိနယေန စ ပဋိညာတကရဏေန စ, သိယာ သမ္မုခါဝိနယေန စ တိဏဝတ္ထာရကေန စ…ပေ…။</p>
<p class=""bodytext"">အနာဒရိယံ ပဋိစ္စ ဥဒကေ ဥစ္စာရံ ဝါ ပဿာဝံ ဝါ ခေဠံ ဝါ ကရောန္တော ကတိ အာပတ္တိယော အာပဇ္ဇတိ? အနာဒရိယံ ပဋိစ္စ ဥဒကေ ဥစ္စာရံ ဝါ ပဿာဝံ ဝါ ခေဠံ ဝါ ကရောန္တော ဧကံ အာပတ္တိံ အာပဇ္ဇတိ။ ဒုက္ကဋံ – အနာဒရိယံ ပဋိစ္စ ဥဒကေ ဥစ္စာရံ ဝါ ပဿာဝံ ဝါ ခေဠံ ဝါ ကရောန္တော ဣမံ ဧကံ အာပတ္တိံ အာပဇ္ဇတိ။</p>
<p class=""bodytext"">သာ <a name=""V0.0089""></a> အာပတ္တိ စတုန္နံ ဝိပတ္တီနံ ကတိ ဝိပတ္တိယော ဘဇတိ, သတ္တန္နံ အာပတ္တိက္ခန္ဓာနံ ကတိဟိ အာပတ္တိက္ခန္ဓေဟိ သင်္ဂဟိတာ, ဆန္နံ အာပတ္တိသမုဋ္ဌာနာနံ ကတိဟိ သမုဋ္ဌာနေဟိ သမုဋ္ဌာတိ, စတုန္နံ အဓိကရဏာနံ ကတမံ အဓိကရဏံ, သတ္တန္နံ, သမထာနံ ကတိဟိ သမထေဟိ သမ္မတိ? သာ အာပတ္တိ စတုန္နံ ဝိပတ္တီနံ ဧကံ ဝိပတ္တိံ ဘဇတိ – အာစာရဝိပတ္တိံ။ သတ္တန္နံ အာပတ္တိက္ခန္ဓာနံ ဧကေန အာပတ္တိက္ခန္ဓေန သင်္ဂဟိတာ – ဒုက္ကဋာပတ္တိက္ခန္ဓေန။</p>
",-187-
1953,mula_vi_05,83,"<p class=""noindentbodytext""> ဆန္နံ<a name=""M0.0083""></a> အာပတ္တိသမုဋ္ဌာနာနံ ဧကေန သမုဋ္ဌာနေန သမုဋ္ဌာတိ – ကာယတော စ စိတ္တတော စ သမုဋ္ဌာတိ, န ဝါစတော။ စတုန္နံ အဓိကရဏာနံ, အာပတ္တာဓိကရဏံ။ သတ္တန္နံ သမထာနံ တီဟိ သမထေဟိ သမ္မတိ – သိယာ သမ္မုခါဝိနယေန စ ပဋိညာတကရဏေန စ, သိယာ သမ္မုခါဝိနယေန စ တိဏဝတ္ထာရကေန စ။</p>
<p class=""centered"">သမုစ္စယဝါရော နိဋ္ဌိတော အဋ္ဌမော။</p>
<p class=""centered"">ဣမေ အဋ္ဌ ဝါရာ သဇ္ဈာယမဂ္ဂေန လိခိတာ။</p>
<p class=""centered"">တဿုဒ္ဒါနံ –</p>
<p class=""gatha1"">ကတ္ထပညတ္တိ <a name=""T0.0118""></a> ကတိ စ, ဝိပတ္တိသင်္ဂဟေန စ၊</p>
<p class=""gathalast"">သမုဋ္ဌာနာဓိကရဏာ သမထော, သမုစ္စယေန စာတိ။</p>
<p class=""title"">၁။ ကတ္ထပညတ္တိဝါရော</p>
<p class=""subhead"">၁။ ပါရာဇိကကဏ္ဍံ</p>
<p class=""bodytext""><a name=""para188""></a><a name=""para188_vin5""></a><span class=""paranum"">၁၈၈</span>။ ယံ <a name=""V0.0090""></a> တေန ဘဂဝတာ ဇာနတာ ပဿတာ အရဟတာ သမ္မာသမ္ဗုဒ္ဓေန မေထုနံ ဓမ္မံ ပဋိသေဝနပစ္စယာ ပါရာဇိကံ ကတ္ထ ပညတ္တံ, ကံ အာရဗ္ဘ, ကိသ္မိံ ဝတ္ထုသ္မိံ…ပေ… ကေနာဘတန္တိ?</p>
<p class=""bodytext"">ယံ တေန ဘဂဝတာ ဇာနတာ ပဿတာ အရဟတာ သမ္မာသမ္ဗုဒ္ဓေန မေထုနံ ဓမ္မံ ပဋိသေဝနပစ္စယာ ပါရာဇိကံ <a name=""P5.0049""></a> ကတ္ထ ပညတ္တန္တိ? ဝေသာလိယံ ပညတ္တံ။ ကံ အာရဗ္ဘာတိ? သုဒိန္နံ ကလန္ဒပုတ္တံ အာရဗ္ဘ။ ကိသ္မိံ ဝတ္ထုသ္မိန္တိ? သုဒိန္နော ကလန္ဒပုတ္တော ပုရာဏဒုတိယိကာယ မေထုနံ ဓမ္မံ ပဋိသေဝိ, တသ္မိံ ဝတ္ထုသ္မိံ။ အတ္ထိ တတ္ထ ပညတ္တိ, အနုပညတ္တိ, အနုပ္ပန္နပညတ္တီတိ? ဧကာ ပညတ္တိ, ဒွေ အနုပညတ္တိယော။ အနုပ္ပန္နပညတ္တိ တသ္မိံ နတ္ထိ။ သဗ္ဗတ္ထ ပညတ္တိ, ပဒေသပညတ္တီတိ? သဗ္ဗတ္ထပညတ္တိ။ သာဓာရဏပညတ္တိ, အသာဓာရဏပညတ္တီတိ? သာဓာရဏပညတ္တိ။ ဧကတောပညတ္တိ, ဥဘတောပညတ္တီတိ? ဥဘတောပညတ္တိ။ ပဉ္စန္နံ ပါတိမောက္ခုဒ္ဒေသာနံ ကတ္ထောဂဓံ ကတ္ထ ပရိယာပန္နန္တိ? နိဒါနောဂဓံ နိဒါနပရိယာပန္နံ။ ကတမေန ဥဒ္ဒေသေန ဥဒ္ဒေသံ အာဂစ္ဆတီတိ? ဒုတိယေန ဥဒ္ဒေသေန ဥဒ္ဒေသံ အာဂစ္ဆတိ။ စတုန္နံ ဝိပတ္တီနံ ကတမာ ဝိပတ္တီတိ? သီလဝိပတ္တိ။ သတ္တန္နံ အာပတ္တိက္ခန္ဓာနံ ကတမော <a name=""T0.0119""></a> အာပတ္တိက္ခန္ဓောတိ? ပါရာဇိကာပတ္တိက္ခန္ဓော။ ဆန္နံ အာပတ္တိသမုဋ္ဌာနာနံ ကတိဟိ သမုဋ္ဌာနေဟိ သမုဋ္ဌာတီတိ? ဧကေန သမုဋ္ဌာနေန သမုဋ္ဌာတိ –</p>
",-188-
1954,mula_vi_05,84,"<p class=""noindentbodytext""> ကာယတော<a name=""M0.0084""></a> စ စိတ္တတော စ သမုဋ္ဌာတိ, န ဝါစတော…ပေ… ကေနာဘတန္တိ? ပရမ္ပရာဘတံ –</p>
<p class=""gatha1"">ဥပါလိ ဒါသကော စေဝ, သောဏကော သိဂ္ဂဝေါ တထာ၊</p>
<p class=""gathalast"">မောဂ္ဂလိပုတ္တေန ပဉ္စမာ, ဧတေ ဇမ္ဗုသိရိဝှယေ။ …ပေ…၊</p>
<p class=""gatha1"">ဧတေ <a name=""V0.0091""></a> နာဂါ မဟာပညာ, ဝိနယညူ မဂ္ဂကောဝိဒါ၊</p>
<p class=""gathalast"">ဝိနယံ ဒီပေ ပကာသေသုံ, ပိဋကံ တမ္ဗပဏ္ဏိယာတိ။</p>
<p class=""bodytext""><a name=""para189""></a><a name=""para189_vin5""></a><span class=""paranum"">၁၈၉</span>။ ယံ တေန ဘဂဝတာ ဇာနတာ ပဿတာ အရဟတာ သမ္မာသမ္ဗုဒ္ဓေန အဒိန္နံ အာဒိယနပစ္စယာ ပါရာဇိကံ ကတ္ထ ပညတ္တန္တိ? ရာဇဂဟေ ပညတ္တံ။ ကံ အာရဗ္ဘာတိ? ဓနိယံ ကုမ္ဘကာရပုတ္တံ အာရဗ္ဘ။ ကိသ္မိံ ဝတ္ထုသ္မိန္တိ? ဓနိယော ကုမ္ဘကာရပုတ္တော ရညော ဒါရူနိ အဒိန္နံ အာဒိယိ, တသ္မိံ ဝတ္ထုသ္မိံ။ ဧကာ ပညတ္တိ, ဧကာ အနုပညတ္တိ။ ဆန္နံ အာပတ္တိသမုဋ္ဌာနာနံ တီဟိ သမုဋ္ဌာနေဟိ သမုဋ္ဌာတိ – သိယာ ကာယတော စ စိတ္တတော စ သမုဋ္ဌာတိ, န ဝါစတော၊ သိယာ ဝါစတော စ စိတ္တတော စ သမုဋ္ဌာတိ, န ကာယတော၊ သိယာ ကာယတော စ ဝါစတော စ စိတ္တတော စ သမုဋ္ဌာတိ…ပေ…။</p>
<p class=""bodytext""><a name=""para190""></a><a name=""para190_vin5""></a><span class=""paranum"">၁၉၀</span>။ သဉ္စိစ္စ မနုဿဝိဂ္ဂဟံ ဇီဝိတာ ဝေါရောပနပစ္စယာ ပါရာဇိကံ <a name=""T0.0120""></a> ကတ္ထ ပညတ္တန္တိ? ဝေသာလိယံ ပညတ္တံ။ ကံ အာရဗ္ဘာတိ? သမ္ဗဟုလေ ဘိက္ခူ အာရဗ္ဘ။ ကိသ္မိံ ဝတ္ထုသ္မိန္တိ? သမ္ဗဟုလာ ဘိက္ခူ အညမညံ ဇီဝိတာ ဝေါရောပေသုံ, တသ္မိံ ဝတ္ထုသ္မိံ။ ဧကာ ပညတ္တိ, ဧကာ အနုပညတ္တိ။ ဆန္နံ အာပတ္တိသမုဋ္ဌာနာနံ တီဟိ သမုဋ္ဌာနေဟိ သမုဋ္ဌာတိ – သိယာ ကာယတော စ စိတ္တတော စ သမုဋ္ဌာတိ, န ဝါစတော၊ သိယာ ဝါစတော စ စိတ္တတော စ သမုဋ္ဌာတိ, န ကာယတော၊ သိယာ ကာယတော စ ဝါစတော စ စိတ္တတော စ သမုဋ္ဌာတိ…ပေ…။</p>
<p class=""bodytext""><a name=""para191""></a><a name=""para191_vin5""></a><span class=""paranum"">၁၉၁</span>။ အသန္တံ အဘူတံ ဥတ္တရိမနုဿဓမ္မံ ဥလ္လပနပစ္စယာ ပါရာဇိကံ ကတ္ထ ပညတ္တန္တိ? ဝေသာလိယံ ပညတ္တံ။ ကံ အာရဗ္ဘာတိ? ဝဂ္ဂုမုဒါတီရိယေ ဘိက္ခူ အာရဗ္ဘ။ ကိသ္မိံ ဝတ္ထုသ္မိန္တိ? ဝဂ္ဂုမုဒါတီရိယာ ဘိက္ခူ ဂိဟီနံ အညမညဿ ဥတ္တရိမနုဿဓမ္မဿ ဝဏ္ဏံ ဘာသိံသု, တသ္မိံ ဝတ္ထုသ္မိံ။ ဧကာ ပညတ္တိ, ဧကာ အနုပညတ္တိ။ ဆန္နံ အာပတ္တိသမုဋ္ဌာနာနံ တီဟိ သမုဋ္ဌာနေဟိ သမုဋ္ဌာတိ – သိယာ ကာယတော စ စိတ္တတော စ သမုဋ္ဌာတိ, န ဝါစတော၊ သိယာ ဝါစတော စ စိတ္တတော စ သမုဋ္ဌာတိ, န ကာယတော၊ သိယာ ကာယတော စ ဝါစတော စ စိတ္တတော စ သမုဋ္ဌာတိ…ပေ…။</p>
<p class=""centered"">စတ္တာရော ပါရာဇိကာ နိဋ္ဌိတာ။</p>
",-189-190-191-
1955,mula_vi_05,85,"<p class=""subhead"">၂။ သံဃာဒိသေသကဏ္ဍာဒိ</p>
<p class=""bodytext""><a name=""para192""></a><a name=""para192_vin5""></a><span class=""paranum"">၁၉၂</span>။ ယံ <a name=""M0.0085""></a> တေန ဘဂဝတာ ဇာနတာ ပဿတာ အရဟတာ သမ္မာသမ္ဗုဒ္ဓေန ဥပက္ကမိတွာ<span class=""bld""></span>အသုစိံ မောစနပစ္စယာ သံဃာဒိသေသော ကတ္ထ ပညတ္တော, ကံ အာရဗ္ဘ, ကိသ္မိံ ဝတ္ထုသ္မိံ…ပေ… ကေနာဘတန္တိ?</p>
<p class=""bodytext"">ယံ တေန ဘဂဝတာ ဇာနတာ ပဿတာ အရဟတာ သမ္မာသမ္ဗုဒ္ဓေန ဥပက္ကမိတွာ အသုစိံ မောစနပစ္စယာ သံဃာဒိသေသော ကတ္ထ ပညတ္တောတိ? သာဝတ္ထိယံ <a name=""T0.0121""></a> ပညတ္တော။ ကံ အာရဗ္ဘာတိ? အာယသ္မန္တံ သေယျသကံ အာရဗ္ဘ။ ကိသ္မိံ ဝတ္ထုသ္မိန္တိ? အာယသ္မာ သေယျသကော ဥပက္ကမိတွာ အသုစိံ မောစေသိ, တသ္မိံ ဝတ္ထုသ္မိံ။ အတ္ထိ တတ္ထ ပညတ္တိ, အနုပညတ္တိ, အနုပ္ပန္နပညတ္တီတိ? ဧကာ ပညတ္တိ, ဧကာ အနုပညတ္တိ။ အနုပ္ပန္နပညတ္တိ တသ္မိံ နတ္ထိ။ သဗ္ဗတ္ထပညတ္တိ, ပဒေသပညတ္တီတိ? သဗ္ဗတ္ထပညတ္တိ။ သာဓာရဏပညတ္တိ, အသာဓာရဏပညတ္တီတိ? အသာဓာရဏပညတ္တိ။ ဧကတောပညတ္တိ, ဥဘတောပညတ္တီတိ? ဧကတောပညတ္တိ။ ပဉ္စန္နံ ပါတိမောက္ခုဒ္ဒေသာနံ ကတ္ထောဂဓံ ကတ္ထ ပရိယာပန္နန္တိ? နိဒါနောဂဓံ နိဒါနပရိယာပန္နံ။ ကတမေန ဥဒ္ဒေသေန ဥဒ္ဒေသံ အာဂစ္ဆတီတိ? တတိယေန ဥဒ္ဒေသေန ဥဒ္ဒေသံ အာဂစ္ဆတိ။ စတုန္နံ ဝိပတ္တီနံ ကတမာ ဝိပတ္တီတိ? သီလဝိပတ္တိ။ သတ္တန္နံ အာပတ္တိက္ခန္ဓာနံ ကတမော အာပတ္တိက္ခန္ဓောတိ? သံဃာဒိသေသာပတ္တိက္ခန္ဓော။ ဆန္နံ အာပတ္တိသမုဋ္ဌာနာနံ ကတိဟိ သမုဋ္ဌာနေဟိ သမုဋ္ဌာတီတိ? ဧကေန သမုဋ္ဌာနေန သမုဋ္ဌာတိ – ကာယတော စ စိတ္တတော စ သမုဋ္ဌာတိ, န ဝါစတော…ပေ… ကေနာဘတန္တိ? ပရမ္ပရာဘတံ –</p>
<p class=""gatha1"">ဥပါလိ ဒါသကော စေဝ, သောဏကော သိဂ္ဂဝေါ တထာ၊</p>
<p class=""gathalast"">မောဂ္ဂလိပုတ္တေန ပဉ္စမာ, ဧတေ ဇမ္ဗုသိရိဝှယေ။ …ပေ…၊</p>
<p class=""gatha1"">ဧတေ နာဂါ မဟာပညာ, ဝိနယညူ မဂ္ဂကောဝိဒါ၊</p>
<p class=""gathalast"">ဝိနယံ <a name=""T0.0122""></a> ဒီပေ ပကာသေသုံ, ပိဋကံ တမ္ဗပဏ္ဏိယာတိ။</p>
<p class=""bodytext"">မာတုဂါမေန သဒ္ဓိံ ကာယသံသဂ္ဂံ သမာပဇ္ဇနပစ္စယာ သံဃာဒိသေသော ကတ္ထ ပညတ္တောတိ? သာဝတ္ထိယံ ပညတ္တော။ ကံ အာရဗ္ဘာတိ? အာယသ္မန္တံ ဥဒါယိံ အာရဗ္ဘ။ ကိသ္မိံ ဝတ္ထုသ္မိန္တိ? အာယသ္မာ ဥဒါယီ မာတုဂါမေန သဒ္ဓိံ ကာယသံသဂ္ဂံ သမာပဇ္ဇိ, တသ္မိံ ဝတ္ထုသ္မိံ။ ဧကာ ပညတ္တိ။ ဆန္နံ အာပတ္တိသမုဋ္ဌာနာနံ ဧကေန သမုဋ္ဌာနေန သမုဋ္ဌာတိ – ကာယတော စ စိတ္တတော စ သမုဋ္ဌာတိ, န ဝါစတော…ပေ…။</p>
",-192-
1956,mula_vi_05,86,"<p class=""bodytext"">မာတုဂါမံ <a name=""M0.0086""></a> ဒုဋ္ဌုလ္လာဟိ ဝါစာဟိ ဩဘာသနပစ္စယာ သံဃာဒိသေသော ကတ္ထ ပညတ္တောတိ? သာဝတ္ထိယံ <a name=""V0.0093""></a> ပညတ္တော။ ကံ အာရဗ္ဘာတိ? အာယသ္မန္တံ ဥဒါယိံ အာရဗ္ဘ။ ကိသ္မိံ ဝတ္ထုသ္မိန္တိ? အာယသ္မာ ဥဒါယီ မာတုဂါမံ ဒုဋ္ဌုလ္လာဟိ ဝါစာဟိ ဩဘာသိ, တသ္မိံ ဝတ္ထုသ္မိံ။ ဧကာ ပညတ္တိ။ ဆန္နံ အာပတ္တိသမုဋ္ဌာနာနံ တီဟိ သမုဋ္ဌာနေဟိ သမုဋ္ဌာတိ – သိယာ ကာယတော စ စိတ္တတော စ သမုဋ္ဌာတိ, န ဝါစတော၊ သိယာ ဝါစတော စ စိတ္တတော စ သမုဋ္ဌာတိ, န ကာယတော၊ သိယာ ကာယတော စ ဝါစတော စ စိတ္တတော စ သမုဋ္ဌာတိ…ပေ…။</p>
<p class=""bodytext"">မာတုဂါမဿ သန္တိကေ အတ္တကာမပါရိစရိယာယ ဝဏ္ဏံ ဘာသနပစ္စယာ သံဃာဒိသေသော ကတ္ထ ပညတ္တောတိ? သာဝတ္ထိယံ ပညတ္တော။ ကံ အာရဗ္ဘာတိ? အာယသ္မန္တံ ဥဒါယိံ အာရဗ္ဘ။ ကိသ္မိံ ဝတ္ထုသ္မိန္တိ? အာယသ္မာ ဥဒါယီ မာတုဂါမဿ သန္တိကေ အတ္တကာမပါရိစရိယာယ ဝဏ္ဏံ ဘာသိ, တသ္မိံ ဝတ္ထုသ္မိံ။ ဧကာ ပညတ္တိ။ ဆန္နံ <a name=""T0.0123""></a> အာပတ္တိသမုဋ္ဌာနာနံ တီဟိ သမုဋ္ဌာနေဟိ သမုဋ္ဌာတိ…ပေ…။</p>
<p class=""bodytext"">သဉ္စရိတ္တံ သမာပဇ္ဇနပစ္စယာ သံဃာဒိသေသော ကတ္ထ ပညတ္တောတိ? သာဝတ္ထိယံ ပညတ္တော။ ကံ အာရဗ္ဘာတိ? အာယသ္မန္တံ ဥဒါယိံ အာရဗ္ဘ။ ကိသ္မိံ ဝတ္ထုသ္မိန္တိ? အာယသ္မာ ဥဒါယီ သဉ္စရိတ္တံ သမာပဇ္ဇိ, တသ္မိံ ဝတ္ထုသ္မိံ။ ဧကာ ပညတ္တိ, ဧကာ အနုပညတ္တိ။ ဆန္နံ အာပတ္တိသမုဋ္ဌာနာနံ ဆဟိ သမုဋ္ဌာနေဟိ သမုဋ္ဌာတိ – သိယာ ကာယတော သမုဋ္ဌာတိ, န ဝါစတော န စိတ္တတော၊ သိယာ ဝါစတော သမုဋ္ဌာတိ, န ကာယတော န စိတ္တတော၊ သိယာ ကာယတော စ ဝါစတော စ သမုဋ္ဌာတိ, န စိတ္တတော၊ သိယာ ကာယတော စ စိတ္တတော စ သမုဋ္ဌာတိ, န ဝါစတော၊ သိယာ ဝါစတော စ စိတ္တတော စ သမုဋ္ဌာတိ, န ကာယတော၊ သိယာ ကာယတော စ ဝါစတော စ စိတ္တတော စ သမုဋ္ဌာတိ…ပေ…။</p>
<p class=""bodytext"">သညာစိကာယ ကုဋိံ ကာရာပနပစ္စယာ သံဃာဒိသေသော ကတ္ထ ပညတ္တောတိ<a name=""P5.0050""></a>? အာဠဝိယံ ပညတ္တော။ ကံ အာရဗ္ဘာတိ? အာဠဝကေ ဘိက္ခူ အာရဗ္ဘ။ ကိသ္မိံ ဝတ္ထုသ္မိန္တိ? အာဠဝကာ ဘိက္ခူ သညာစိကာယ ကုဋိယော ကာရာပေသုံ, တသ္မိံ ဝတ္ထုသ္မိံ။ ဧကာ ပညတ္တိ။ ဆန္နံ အာပတ္တိသမုဋ္ဌာနာနံ ဆဟိ သမုဋ္ဌာနေဟိ သမုဋ္ဌာတိ…ပေ…။</p>
",
1957,mula_vi_05,87,"<p class=""bodytext"">မဟလ္လကံ <a name=""M0.0087""></a> ဝိဟာရံ ကာရာပနပစ္စယာ သံဃာဒိသေသော ကတ္ထ ပညတ္တောတိ? ကောသမ္ဗိယံ ပညတ္တော။ ကံ အာရဗ္ဘာတိ? အာယသ္မန္တံ ဆန္နံ အာရဗ္ဘ။ ကိသ္မိံ ဝတ္ထုသ္မိန္တိ? အာယသ္မာ ဆန္နော ဝိဟာရဝတ္ထုံ သောဓေန္တော အညတရံ စေတိယရုက္ခံ ဆေဒါပေသိ, တသ္မိံ ဝတ္ထုသ္မိံ။ ဧကာ <a name=""T0.0124""></a> ပညတ္တိ။ ဆန္နံ အာပတ္တိသမုဋ္ဌာနာနံ ဆဟိ သမုဋ္ဌာနေဟိ သမုဋ္ဌာတိ…ပေ…။</p>
<p class=""bodytext"">ဘိက္ခုံ <a name=""V0.0094""></a> အမူလကေန ပါရာဇိကေန ဓမ္မေန အနုဒ္ဓံသနပစ္စယာ သံဃာဒိသေသော ကတ္ထ ပညတ္တောတိ? ရာဇဂဟေ ပညတ္တော။ ကံ အာရဗ္ဘာတိ? မေတ္တိယဘူမဇကေ ဘိက္ခူ အာရဗ္ဘ။ ကိသ္မိံ ဝတ္ထုသ္မိန္တိ? မေတ္တိယဘူမဇကာ ဘိက္ခူ အာယသ္မန္တံ ဒဗ္ဗံ မလ္လပုတ္တံ အမူလကေန ပါရာဇိကေန ဓမ္မေန အနုဒ္ဓံသေသုံ, တသ္မိံ ဝတ္ထုသ္မိံ။ ဧကာ ပညတ္တိ။ ဆန္နံ အာပတ္တိသမုဋ္ဌာနာနံ တီဟိ သမုဋ္ဌာနေဟိ သမုဋ္ဌာတိ…ပေ…။</p>
<p class=""bodytext"">ဘိက္ခုံ အညဘာဂိယဿ အဓိကရဏဿ ကိဉ္စိဒေသံ လေသမတ္တံ ဥပါဒါယ ပါရာဇိကေန ဓမ္မေန အနုဒ္ဓံသနပစ္စယာ သံဃာဒိသေသော ကတ္ထ ပညတ္တောတိ? ရာဇဂဟေ ပညတ္တော။ ကံ အာရဗ္ဘာတိ? မေတ္တိယဘူမဇကေ ဘိက္ခူ အာရဗ္ဘ။ ကိသ္မိံ ဝတ္ထုသ္မိန္တိ? မေတ္တိယဘူမဇကာ ဘိက္ခူ အာယသ္မန္တံ ဒဗ္ဗံ မလ္လပုတ္တံ အညဘာဂိယဿ အဓိကရဏဿ ကိဉ္စိ ဒေသံ လေသမတ္တံ ဥပါဒါယ ပါရာဇိကေန ဓမ္မေန အနုဒ္ဓံသေသုံ, တသ္မိံ ဝတ္ထုသ္မိံ။ ဧကာ ပညတ္တိ။ ဆန္နံ အာပတ္တိသမုဋ္ဌာနာနံ တီဟိ သမုဋ္ဌာနေဟိ သမုဋ္ဌာတိ…ပေ…။</p>
<p class=""bodytext"">သံဃဘေဒကဿ ဘိက္ခုနော ယာဝတတိယံ သမနုဘာသနာယ န ပဋိနိဿဇ္ဇနပစ္စယာ သံဃာဒိသေသော ကတ္ထ ပညတ္တောတိ? ရာဇဂဟေ ပညတ္တော။ ကံ အာရဗ္ဘာတိ? ဒေဝဒတ္တံ အာရဗ္ဘ။ ကိသ္မိံ ဝတ္ထုသ္မိန္တိ? ဒေဝဒတ္တော သမဂ္ဂဿ သံဃဿ ဘေဒါယ ပရက္ကမိ, တသ္မိံ <a name=""T0.0125""></a> ဝတ္ထုသ္မိံ။ ဧကာ ပညတ္တိ။ ဆန္နံ အာပတ္တိသမုဋ္ဌာနာနံ ဧကေန သမုဋ္ဌာနေန သမုဋ္ဌာတိ – ကာယတော စ ဝါစတော စ စိတ္တတော စ သမုဋ္ဌာတိ…ပေ…။</p>
<p class=""bodytext"">ဘေဒကာနုဝတ္တကာနံ ဘိက္ခူနံ ယာဝတတိယံ သမနုဘာသနာယ န ပဋိနိဿဇ္ဇနပစ္စယာ သံဃာဒိသေသော ကတ္ထ ပညတ္တောတိ? ရာဇဂဟေ ပညတ္တော။ ကံ အာရဗ္ဘာတိ? သမ္ဗဟုလေ ဘိက္ခူ အာရဗ္ဘ။ ကိသ္မိံ ဝတ္ထုသ္မိန္တိ? သမ္ဗဟုလာ ဘိက္ခူ ဒေဝဒတ္တဿ သံဃဘေဒါယ ပရက္ကမန္တဿ အနုဝတ္တကာ အဟေသုံ ဝဂ္ဂဝါဒကာ, တသ္မိံ ဝတ္ထုသ္မိံ။ ဧကာ ပညတ္တိ။ ဆန္နံ အာပတ္တိသမုဋ္ဌာနာနံ</p>
",
1958,mula_vi_05,88,"<p class=""noindentbodytext""> ဧကေ<a name=""M0.0088""></a> သမုဋ္ဌာနေန သမုဋ္ဌာတိ – ကာယတော စ ဝါစတော စ စိတ္တတော စ သမုဋ္ဌာတိ…ပေ…။</p>
<p class=""bodytext"">ဒုဗ္ဗစဿ ဘိက္ခုနော ယာဝတတိယံ သမနုဘာသနာယ န ပဋိနိဿဇ္ဇနပစ္စယာ သံဃာဒိသေသော ကတ္ထ ပညတ္တောတိ? ကောသမ္ဗိယံ ပညတ္တော။ ကံ အာရဗ္ဘာတိ? အာယသ္မန္တံ ဆန္နံ အာရဗ္ဘ။ ကိသ္မိံ ဝတ္ထုသ္မိန္တိ? အာယသ္မာ ဆန္နော ဘိက္ခူဟိ သဟဓမ္မိကံ ဝုစ္စမာနော အတ္တာနံ အဝစနီယံ အကာသိ, တသ္မိံ ဝတ္ထုသ္မိံ။ ဧကာ ပညတ္တိ။ ဆန္နံ အာပတ္တိသမုဋ္ဌာနာနံ ဧကေန သမုဋ္ဌာနေန သမုဋ္ဌာတိ – ကာယတော စ ဝါစတော စ စိတ္တတော စ သမုဋ္ဌာတိ…ပေ…။</p>
<p class=""bodytext"">ကုလဒူသကဿ <a name=""V0.0095""></a> ဘိက္ခုနော ယာဝတတိယံ သမနုဘာသနာယ န ပဋိနိဿဇ္ဇနပစ္စယာ သံဃာဒိသေသော ကတ္ထ ပညတ္တောတိ? သာဝတ္ထိယံ ပညတ္တော။ ကံ အာရဗ္ဘာတိ? အဿဇိပုနဗ္ဗသုကေ ဘိက္ခူ အာရဗ္ဘ။ ကိသ္မိံ <a name=""T0.0126""></a> ဝတ္ထုသ္မိန္တိ? အဿဇိပုနဗ္ဗသုကာ ဘိက္ခူ သံဃေန ပဗ္ဗာဇနီယကမ္မကတာ ဘိက္ခူ ဆန္ဒဂါမိတာ ဒေါသဂါမိတာ မောဟဂါမိတာ ဘယဂါမိတာ ပါပေသုံ, တသ္မိံ ဝတ္ထုသ္မိံ။ ဧကာ ပညတ္တိ။ ဆန္နံ အာပတ္တိသမုဋ္ဌာနာနံ ဧကေန သမုဋ္ဌာနေန သမုဋ္ဌာတိ – ကာယတော စ ဝါစတော စ စိတ္တတော စ သမုဋ္ဌာတိ…ပေ…။</p>
<p class=""bodytext"">အနာဒရိယံ ပဋိစ္စ ဥဒကေ ဥစ္စာရံ ဝါ ပဿာဝံ ဝါ ခေဠံ ဝါ ကရဏပစ္စယာ ဒုက္ကဋံ ကတ္ထ ပညတ္တန္တိ? သာဝတ္ထိယံ ပညတ္တံ။ ကံ အာရဗ္ဘာတိ? ဆဗ္ဗဂ္ဂိယေ ဘိက္ခူ အာရဗ္ဘ။ ကိသ္မိံ ဝတ္ထုသ္မိန္တိ? ဆဗ္ဗဂ္ဂိယာ ဘိက္ခူ ဥဒကေ ဥစ္စာရမ္ပိ ပဿာဝမ္ပိ ခေဠမ္ပိ အကံသု, တသ္မိံ ဝတ္ထုသ္မိံ။ ဧကာ ပညတ္တိ, ဧကာ အနုပညတ္တိ။ ဆန္နံ အာပတ္တိသမုဋ္ဌာနာနံ ဧကေန သမုဋ္ဌာနေန သမုဋ္ဌာတိ – ကာယတော စ စိတ္တတော စ သမုဋ္ဌာတိ, န ဝါစတော…ပေ…။</p>
<p class=""centered"">ကတ္ထပညတ္တိဝါရော နိဋ္ဌိတော ပဌမော။</p>
<p class=""title"">၂။ ကတာပတ္တိဝါရော</p>
<p class=""subhead"">၁။ ပါရာဇိကကဏ္ဍံ</p>
<p class=""bodytext""><a name=""para193""></a><a name=""para193_vin5""></a><span class=""paranum"">၁၉၃</span>။ မေထုနံ <a name=""V0.0096""></a> ဓမ္မံ ပဋိသေဝနပစ္စယာ ကတိ အာပတ္တိယော အာပဇ္ဇတိ<a name=""P5.0051""></a>? မေထုနံ ဓမ္မံ ပဋိသေဝနပစ္စယာ စတဿော အာပတ္တိယော အာပဇ္ဇတိ – အက္ခာယိတေ သရီရေ မေထုနံ ဓမ္မံ ပဋိသေဝတိ, အာပတ္တိ ပါရာဇိကဿ၊ ယေဘုယျေန ခါယိတေ သရီရေ မေထုနံ ဓမ္မံ ပဋိသေဝတိ, အာပတ္တိ</p>
",-193-
1959,mula_vi_05,89,"<p class=""noindentbodytext""> ထုလ္လစ္စယဿ<a name=""M0.0089""></a>၊ ဝဋ္ဋကတေ မုခေ အစ္ဆုပန္တံ အင်္ဂဇာတံ ပဝေသေတိ, အာပတ္တိ ဒုက္ကဋဿ၊ ဇတုမဋ္ဌကေ ပါစိတ္တိယံ – မေထုနံ ဓမ္မံ ပဋိသေဝနပစ္စယာ ဣမာ <a name=""T0.0127""></a> စတဿော အာပတ္တိယော အာပဇ္ဇတိ။</p>
<p class=""bodytext"">အဒိန္နံ အာဒိယနပစ္စယာ ကတိ အာပတ္တိယော အာပဇ္ဇတိ? အဒိန္နံ အာဒိယနပစ္စယာ တိဿော အာပတ္တိယော အာပဇ္ဇတိ။ ပဉ္စမာသကံ ဝါ အတိရေကပဉ္စမာသကံ ဝါ အဂ္ဃနကံ အဒိန္နံ ထေယျသင်္ခါတံ အာဒိယတိ, အာပတ္တိ ပါရာဇိကဿ၊ အတိရေကမာသကံ ဝါ ဦနပဉ္စမာသကံ ဝါ အဂ္ဃနကံ အဒိန္နံ ထေယျသင်္ခါတံ အာဒိယတိ, အာပတ္တိ ထုလ္လစ္စယဿ၊ မာသကံ ဝါ ဦနမာသကံ ဝါ အဂ္ဃနကံ အဒိန္နံ ထေယျသင်္ခါတံ အာဒိယတိ, အာပတ္တိ ဒုက္ကဋဿ – အဒိန္နံ အာဒိယနပစ္စယာ ဣမာ တိဿော အာပတ္တိယော အာပဇ္ဇတိ။</p>
<p class=""bodytext"">သဉ္စိစ္စ မနုဿဝိဂ္ဂဟံ ဇီဝိတာ ဝေါရောပနပစ္စယာ ကတိ အာပတ္တိယော အာပဇ္ဇတိ? သဉ္စိစ္စ မနုဿဝိဂ္ဂဟံ ဇီဝိတာ ဝေါရောပနပစ္စယာ တိဿော အာပတ္တိယော အာပဇ္ဇတိ။ မနုဿံ ဩဒိဿ ဩပါတံ ခဏတိ ‘‘ပပတိတွာ မရိဿတီ’’တိ, အာပတ္တိ ဒုက္ကဋဿ၊ ပပတိတေ ဒုက္ခာ ဝေဒနာ ဥပ္ပဇ္ဇတိ, အာပတ္တိ ထုလ္လစ္စယဿ၊ မရတိ, အာပတ္တိ ပါရာဇိကဿ – သဉ္စိစ္စ မနုဿဝိဂ္ဂဟံ ဇီဝိတာ ဝေါရောပနပစ္စယာ ဣမာ တိဿော အာပတ္တိယော အာပဇ္ဇတိ။</p>
<p class=""bodytext"">အသန္တံ အဘူတံ ဥတ္တရိမနုဿဓမ္မံ ဥလ္လပနပစ္စယာ ကတိ အာပတ္တိယော အာပဇ္ဇတိ? အသန္တံ <a name=""V0.0097""></a> အဘူတံ ဥတ္တရိမနုဿဓမ္မံ ဥလ္လပနပစ္စယာ တိဿော အာပတ္တိယော အာပဇ္ဇတိ – ပါပိစ္ဆော ဣစ္ဆာပကတော အသန္တံ အဘူတံ ဥတ္တရိမနုဿဓမ္မံ ဥလ္လပတိ, အာပတ္တိ ပါရာဇိကဿ, ‘‘ယော <a name=""T0.0128""></a> တေ ဝိဟာရေ ဝသတိ သော ဘိက္ခု အရဟာ’’တိ ဘဏတိ, ပဋိဝိဇာနန္တဿ အာပတ္တိ ထုလ္လစ္စယဿ၊ န ပဋိဝိဇာနန္တဿ အာပတ္တိ ဒုက္ကဋဿ – အသန္တံ အဘူတံ ဥတ္တရိမနုဿဓမ္မံ ဥလ္လပနပစ္စယာ ဣမာ တိဿော အာပတ္တိယော အာပဇ္ဇတိ။</p>
<p class=""centered"">စတ္တာရော ပါရာဇိကာ နိဋ္ဌိတာ။</p>
<p class=""subhead"">၂။ သံဃာဒိသေသကဏ္ဍာဒိ</p>
<p class=""bodytext""><a name=""para194""></a><a name=""para194_vin5""></a><span class=""paranum"">၁၉၄</span>။ ဥပက္ကမိတွာ အသုစိံ မောစနပစ္စယာ ကတိ အာပတ္တိယော အာပဇ္ဇတိ? ဥပက္ကမိတွာ အသုစိမောစနပစ္စယာ တိဿော အာပတ္တိယော အာပဇ္ဇတိ – စေတေတိ ဥပက္ကမတိ မုစ္စတိ, အာပတ္တိ သံဃာဒိသေသဿ၊</p>
",-194-
1960,mula_vi_05,90,"<p class=""noindentbodytext""> စေတေတိ<a name=""M0.0090""></a> ဥပက္ကမတိ န မုစ္စတိ, အာပတ္တိ ထုလ္လစ္စယဿ၊ ပယောဂေ ဒုက္ကဋံ – ဥပက္ကမိတွာ အသုစိမောစနပစ္စယာ ဣမာ တိဿော အာပတ္တိယော အာပဇ္ဇတိ။</p>
<p class=""bodytext"">ကာယသံသဂ္ဂံ သမာပဇ္ဇနပစ္စယာ ကတိ အာပတ္တိယော အာပဇ္ဇတိ? ကာယသံသဂ္ဂံ သမာပဇ္ဇနပစ္စယာ ပဉ္စ အာပတ္တိယော အာပဇ္ဇတိ – အဝဿုတာ ဘိက္ခုနီ အဝဿုတဿ ပုရိသပုဂ္ဂလဿ အဓက္ခကံ ဥဗ္ဘဇာဏုမဏ္ဍလံ ဂဟဏံ သာဒိယတိ, အာပတ္တိ ပါရာဇိကဿ၊ ဘိက္ခု ကာယေန ကာယံ အာမသတိ, အာပတ္တိ သံဃာဒိသေသဿ၊ ကာယေန ကာယပဋိဗဒ္ဓံ အာမသတိ, အာပတ္တိ ထုလ္လစ္စယဿ၊ ကာယပဋိဗဒ္ဓေန ကာယပဋိဗဒ္ဓံ အာမသတိ, အာပတ္တိ ဒုက္ကဋဿ၊ အင်္ဂုလိပတောဒကေ ပါစိတ္တိယံ – ကာယသံသဂ္ဂံ သမာပဇ္ဇနပစ္စယာ ဣမာ ပဉ္စ အာပတ္တိယော အာပဇ္ဇတိ။</p>
<p class=""bodytext"">မာတုဂါမံ ဒုဋ္ဌုလ္လာဟိ ဝါစာဟိ ဩဘာသနပစ္စယာ တိဿော အာပတ္တိယော အာပဇ္ဇတိ – ဝစ္စမဂ္ဂံ ပဿာဝမဂ္ဂံ အာဒိဿ ဝဏ္ဏမ္ပိ ဘဏတိ အဝဏ္ဏမ္ပိ ဘဏတိ, အာပတ္တိ သံဃာဒိသေသဿ၊ ဝစ္စမဂ္ဂံ ပဿာဝမဂ္ဂံ ဌပေတွာ အဓက္ခကံ ဥဗ္ဘဇာဏုမဏ္ဍလံ အာဒိဿ ဝဏ္ဏမ္ပိ ဘဏတိ <a name=""T0.0129""></a> အဝဏ္ဏမ္ပိ ဘဏတိ, အာပတ္တိ ထုလ္လစ္စယဿ၊ ကာယပဋိဗဒ္ဓံ အာဒိဿ ဝဏ္ဏမ္ပိ ဘဏတိ အဝဏ္ဏမ္ပိ ဘဏတိ, အာပတ္တိ ဒုက္ကဋဿ။</p>
<p class=""bodytext"">အတ္တကာမပါရိစရိယာယ ဝဏ္ဏံ ဘာသနပစ္စယာ တိဿော အာပတ္တိယော အာပဇ္ဇတိ – မာတုဂါမဿ သန္တိကေ အတ္တကာမပါရိစရိယာယ ဝဏ္ဏံ ဘာသတိ, အာပတ္တိ သံဃာဒိသေသဿ၊ ပဏ္ဍကဿ <a name=""V0.0098""></a> သန္တိကေ အတ္တကာမပါရိစရိယာယ ဝဏ္ဏံ ဘာသတိ, အာပတ္တိ ထုလ္လစ္စယဿ၊ တိရစ္ဆာနဂတဿ သန္တိကေ အတ္တကာမပါရိစရိယာယ ဝဏ္ဏံ ဘာသတိ, အာပတ္တိ ဒုက္ကဋဿ။</p>
<p class=""bodytext"">သဉ္စရိတ္တံ သမာပဇ္ဇနပစ္စယာ တိဿော အာပတ္တိယော အာပဇ္ဇတိ – ပဋိဂ္ဂဏှာတိ ဝီမံသတိ ပစ္စာဟရတိ, အာပတ္တိ သံဃာဒိသေသဿ၊ ပဋိဂ္ဂဏှာတိ ဝီမံသတိ န ပစ္စာဟရတိ, အာပတ္တိ ထုလ္လစ္စယဿ၊ ပဋိဂ္ဂဏှာတိ န ဝီမံသတိ န ပစ္စာဟရတိ, အာပတ္တိ ဒုက္ကဋဿ။</p>
<p class=""bodytext"">သညာစိကာယ ကုဋိံ ကာရာပနပစ္စယာ တိဿော အာပတ္တိယော အာပဇ္ဇတိ – ကာရာပေတိ, ပယောဂေ ဒုက္ကဋံ၊ ဧကံ ပိဏ္ဍံ <span class=""note"">[ဧကပိဏ္ဍေ (သျာ။)]</span> အနာဂတေ အာပတ္တိ ထုလ္လစ္စယဿ၊ တသ္မိံ ပိဏ္ဍေ အာဂတေ အာပတ္တိ သံဃာဒိသေသဿ။</p>
",
1961,mula_vi_05,91,"<p class=""bodytext"">မဟလ္လကံ <a name=""M0.0091""></a> ဝိဟာရံ ကာရာပနပစ္စယာ တိဿော အာပတ္တိယော အာပဇ္ဇတိ – ကာရာပေတိ, ပယောဂေ ဒုက္ကဋံ၊ ဧကံ ပိဏ္ဍံ အနာဂတေ, အာပတ္တိ ထုလ္လစ္စယဿ၊ တသ္မိံ ပိဏ္ဍေ အာဂတေ အာပတ္တိ သံဃာဒိသေသဿ။</p>
<p class=""bodytext"">ဘိက္ခုံ အမူလကေန ပါရာဇိကေန ဓမ္မေန အနုဒ္ဓံသနပစ္စယာ တိဿော အာပတ္တိယော အာပဇ္ဇတိ – အနောကာသံ ကာရာပေတွာ စာဝနာဓိပ္ပါယော <a name=""T0.0130""></a> ဝဒေတိ, အာပတ္တိ သံဃာဒိသေသေန ဒုက္ကဋဿ၊ ဩကာသံ ကာရာပေတွာ အက္ကောသာဓိပ္ပါယော ဝဒေတိ, အာပတ္တိ ဩမသဝါဒဿ။</p>
<p class=""bodytext"">ဘိက္ခုံ အညဘာဂိယဿ အဓိကရဏဿ ကိဉ္စိ ဒေသံ လေသမတ္တံ ဥပါဒါယ ပါရာဇိကေန ဓမ္မေန အနုဒ္ဓံသနပစ္စယာ တိဿော အာပတ္တိယော အာပဇ္ဇတိ – အနောကာသံ ကာရာပေတွာ စာဝနာဓိပ္ပါယော ဝဒေတိ, အာပတ္တိ သံဃာဒိသေသေန ဒုက္ကဋဿ၊ ဩကာသံ ကာရာပေတွာ အက္ကောသာဓိပ္ပါယော ဝဒေတိ, အာပတ္တိ ဩမသဝါဒဿ။</p>
<p class=""bodytext"">သံဃဘေဒကော ဘိက္ခု ယာဝတတိယံ သမနုဘာသနာယ န ပဋိနိဿဇ္ဇနပစ္စယာ တိဿော အာပတ္တိယော အာပဇ္ဇတိ – ဉတ္တိယာ ဒုက္ကဋံ၊ ဒွီဟိ ကမ္မဝါစာဟိ ထုလ္လစ္စယာ၊ ကမ္မဝါစာပရိယောသာနေ အာပတ္တိ သံဃာဒိသေသဿ။</p>
<p class=""bodytext"">ဘေဒကာနုဝတ္တကာ ဘိက္ခူ ယာဝတတိယံ သမနုဘာသနာယ န ပဋိနိဿဇ္ဇနပစ္စယာ တိဿော အာပတ္တိယော <a name=""V0.0099""></a> အာပဇ္ဇတိ – ဉတ္တိယာ ဒုက္ကဋံ၊ ဒွီဟိ ကမ္မဝါစာဟိ ထုလ္လစ္စယာ၊ ကမ္မဝါစာပရိယောသာနေ အာပတ္တိ သံဃာဒိသေသဿ။</p>
<p class=""bodytext"">ဒုဗ္ဗစော ဘိက္ခု ယာဝတတိယံ သမနုဘာသနာယ န ပဋိနိဿဇ္ဇနပစ္စယာ တိဿော အာပတ္တိယော အာပဇ္ဇတိ – ဉတ္တိယာ ဒုက္ကဋံ၊ ဒွီဟိ ကမ္မဝါစာဟိ ထုလ္လစ္စယာ၊ ကမ္မဝါစာပရိယောသာနေ အာပတ္တိ သံဃာဒိသေသဿ။</p>
<p class=""bodytext"">ကုလဒူသကော ဘိက္ခု ယာဝတတိယံ သမနုဘာသနာယ န ပဋိနိဿဇ္ဇနပစ္စယာ တိဿော အာပတ္တိယော အာပဇ္ဇတိ – ဉတ္တိယာ ဒုက္ကဋံ၊ ဒွီဟိ ကမ္မဝါစာဟိ ထုလ္လစ္စယာ၊ ကမ္မဝါစာပရိယောသာနေ အာပတ္တိ သံဃာဒိသေသဿ…ပေ…။</p>
<p class=""bodytext"">အနာဒရိယံ ပဋိစ္စ ဥဒကေ ဥစ္စာရံ ဝါ ပဿာဝံ ဝါ ခေဠံ ဝါ <a name=""P5.0052""></a> ကရဏပစ္စယာ ကတိ အာပတ္တိယော အာပဇ္ဇတိ? အနာဒရိယံ ပဋိစ္စ ဥဒကေ ဥစ္စာရံ ဝါ</p>
",
1962,mula_vi_05,92,"<p class=""noindentbodytext""> ပဿာဝံ<a name=""M0.0092""></a> ဝါ ခေဠံ ဝါ ကရဏပစ္စယာ ဧကံ အာပတ္တိံ အာပဇ္ဇတိ။ ဒုက္ကဋံ – အနာဒရိယံ ပဋိစ္စ ဥဒကေ ဥစ္စာရံ ဝါ ပဿာဝံ ဝါ ခေဠံ ဝါ ကရဏပစ္စယာ ဣမံ ဧကံ အာပတ္တိံ အာပဇ္ဇတိ။</p>
<p class=""centered"">ကတာပတ္တိဝါရော နိဋ္ဌိတော ဒုတိယော။</p>
<p class=""title"">၃။ ဝိပတ္တိဝါရော</p>
<p class=""bodytext""><a name=""para195""></a><a name=""para195_vin5""></a><span class=""paranum"">၁၉၅</span>။ မေထုနံ <a name=""V0.0100""></a> ဓမ္မံ ပဋိသေဝနပစ္စယာ အာပတ္တိယော စတုန္နံ ဝိပတ္တီနံ ကတိ ဝိပတ္တိယော ဘဇန္တိ? မေထုနံ ဓမ္မံ ပဋိသေဝနပစ္စယာ အာပတ္တိယော စတုန္နံ ဝိပတ္တီနံ ဒွေ ဝိပတ္တိယော ဘဇန္တိ – သိယာ သီလဝိပတ္တိံ သိယာ အာစာရဝိပတ္တိံ…ပေ…။</p>
<p class=""bodytext"">အနာဒရိယံ ပဋိစ္စ ဥဒကေ ဥစ္စာရံ ဝါ ပဿာဝံ ဝါ ခေဠံ ဝါ ကရဏပစ္စယာ အာပတ္တိ စတုန္နံ ဝိပတ္တီနံ ကတိ ဝိပတ္တိယော ဘဇတိ? အနာဒရိယံ ပဋိစ္စ ဥဒကေ ဥစ္စာရံ ဝါ ပဿာဝံ ဝါ ခေဠံ ဝါ ကရဏပစ္စယာ အာပတ္တိ စတုန္နံ ဝိပတ္တီနံ ဧကံ ဝိပတ္တိံ ဘဇတိ – အာစာရဝိပတ္တိံ။</p>
<p class=""centered"">ဝိပတ္တိဝါရော နိဋ္ဌိတော တတိယော။</p>
<p class=""title"">၄။ သင်္ဂဟိတဝါရော</p>
<p class=""bodytext""><a name=""para196""></a><a name=""para196_vin5""></a><span class=""paranum"">၁၉၆</span>။ မေထုနံ <a name=""V0.0101""></a> ဓမ္မံ ပဋိသေဝနပစ္စယာ အာပတ္တိယော သတ္တန္နံ အာပတ္တိက္ခန္ဓာနံ ကတိဟိ အာပတ္တိက္ခန္ဓေဟိ သင်္ဂဟိတာ? မေထုနံ ဓမ္မံ ပဋိသေဝနပစ္စယာ <a name=""T0.0132""></a> အာပတ္တိယော သတ္တန္နံ အာပတ္တိက္ခန္ဓာနံ စတူဟိ အာပတ္တိက္ခန္ဓေဟိ သင်္ဂဟိတာ – သိယာ ပါရာဇိကာပတ္တိက္ခန္ဓေန, သိယာ ထုလ္လစ္စယာပတ္တိက္ခန္ဓေန, သိယာ ပါစိတ္တိယာပတ္တိက္ခန္ဓေန, သိယာ ဒုက္ကဋာပတ္တိက္ခန္ဓေန…ပေ…။</p>
<p class=""bodytext"">အနာဒရိယံ ပဋိစ္စ ဥဒကေ ဥစ္စာရံ ဝါ ပဿာဝံ ဝါ ခေဠံ ဝါ ကရဏပစ္စယာ အာပတ္တိ သတ္တန္နံ အာပတ္တိက္ခန္ဓာနံ ကတိဟိ အာပတ္တိက္ခန္ဓေဟိ သင်္ဂဟိတာ? အနာဒရိယံ ပဋိစ္စ ဥဒကေ ဥစ္စာရံ ဝါ ပဿာဝံ ဝါ ခေဠံ ဝါ ကရဏပစ္စယာ အာပတ္တိ သတ္တန္နံ အာပတ္တိက္ခန္ဓာနံ ဧကေန အာပတ္တိက္ခန္ဓေန သင်္ဂဟိတာ – ဒုက္ကဋာပတ္တိက္ခန္ဓေန။</p>
<p class=""centered"">သင်္ဂဟိတဝါရော နိဋ္ဌိတော စတုတ္ထော။</p>
",-195-196-
1963,mula_vi_05,93,"<p class=""title"">၅။ သမုဋ္ဌာနဝါရော</p>
<p class=""bodytext""><a name=""para197""></a><a name=""para197_vin5""></a><span class=""paranum"">၁၉၇</span>။ မေထုနံ <a name=""M0.0093""></a><a name=""V0.0102""></a> ဓမ္မံ ပဋိသေဝနပစ္စယာ အာပတ္တိယော ဆန္နံ အာပတ္တိသမုဋ္ဌာနာနံ ကတိဟိ သမုဋ္ဌာနေဟိ သမုဋ္ဌန္တိ? မေထုနံ ဓမ္မံ ပဋိသေဝနပစ္စယာ အာပတ္တိယော ဆန္နံ အာပတ္တိသမုဋ္ဌာနာနံ ဧကေန သမုဋ္ဌာနေန သမုဋ္ဌန္တိ – ကာယတော စ စိတ္တတော စ သမုဋ္ဌန္တိ, န ဝါစတော…ပေ…။</p>
<p class=""bodytext"">အနာဒရိယံ ပဋိစ္စ ဥဒကေ ဥစ္စာရံ ဝါ ပဿာဝံ ဝါ ခေဠံ ဝါ ကရဏပစ္စယာ အာပတ္တိ ဆန္နံ အာပတ္တိသမုဋ္ဌာနာနံ ကတိဟိ သမုဋ္ဌာနေဟိ သမုဋ္ဌာတိ? အနာဒရိယံ ပဋိစ္စ ဥဒကေ ဥစ္စာရံ ဝါ ပဿာဝံ ဝါ ခေဠံ ဝါ ကရဏပစ္စယာ အာပတ္တိ ဆန္နံ အာပတ္တိသမုဋ္ဌာနာနံ ဧကေန သမုဋ္ဌာနေန သမုဋ္ဌာတိ – ကာယတော စ စိတ္တတော စ သမုဋ္ဌာတိ, န ဝါစတော…ပေ…။</p>
<p class=""centered"">သမုဋ္ဌာနဝါရော နိဋ္ဌိတော ပဉ္စမော။</p>
<p class=""title"">၆။ အဓိကရဏဝါရော</p>
<p class=""bodytext""><a name=""para198""></a><a name=""para198_vin5""></a><span class=""paranum"">၁၉၈</span>။ မေထုနံ <a name=""T0.0133""></a><a name=""V0.0103""></a> ဓမ္မံ ပဋိသေဝနပစ္စယာ အာပတ္တိယော စတုန္နံ အဓိကရဏာနံ ကတမံ အဓိကရဏံ? မေထုနံ ဓမ္မံ ပဋိသေဝနပစ္စယာ အာပတ္တိယော စတုန္နံ အဓိကရဏာနံ အာပတ္တာဓိကရဏံ…ပေ…။</p>
<p class=""bodytext"">အနာဒရိယံ ပဋိစ္စ ဥဒကေ ဥစ္စာရံ ဝါ ပဿာဝံ ဝါ ခေဠံ ဝါ ကရဏပစ္စယာ အာပတ္တိ စတုန္နံ အဓိကရဏာနံ ကတမံ အဓိကရဏံ? အနာဒရိယံ ပဋိစ္စ ဥဒကေ ဥစ္စာရံ ဝါ ပဿာဝံ ဝါ ခေဠံ ဝါ ကရဏပစ္စယာ အာပတ္တိ စတုန္နံ အဓိကရဏာနံ အာပတ္တာဓိကရဏံ။</p>
<p class=""centered"">အဓိကရဏဝါရော နိဋ္ဌိတော ဆဋ္ဌော။</p>
<p class=""title"">၇။ သမထဝါရော</p>
<p class=""bodytext""><a name=""para199""></a><a name=""para199_vin5""></a><span class=""paranum"">၁၉၉</span>။ မေထုနံ <a name=""V0.0104""></a> ဓမ္မံ ပဋိသေဝနပစ္စယာ အာပတ္တိယော သတ္တန္နံ သမထာနံ ကတိဟိ သမထေဟိ သမ္မန္တိ? မေထုနံ ဓမ္မံ ပဋိသေဝနပစ္စယာ အာပတ္တိယော သတ္တန္နံ သမထာနံ တီဟိ သမထေဟိ သမ္မန္တိ – သိယာ သမ္မုခါဝိနယေန စ ပဋိညာတကရဏေန စ၊ သိယာ သမ္မုခါဝိနယေန တိဏဝတ္ထာရကေန စ…ပေ…။</p>
",-197-198-199-
1964,mula_vi_05,94,"<p class=""bodytext"">အနာဒရိယံ <a name=""M0.0094""></a> ပဋိစ္စ ဥဒကေ ဥစ္စာရံ ဝါ ပဿာဝံ ဝါ ခေဠံ ဝါ ကရဏပစ္စယာ အာပတ္တိ သတ္တန္နံ သမထာနံ ကတိဟိ သမထေဟိ သမ္မတိ? အနာဒရိယံ ပဋိစ္စ ဥဒကေ ဥစ္စာရံ ဝါ ပဿာဝံ ဝါ ခေဠံ ဝါ ကရဏပစ္စယာ အာပတ္တိ သတ္တန္နံ သမထာနံ တီဟိ သမထေဟိ သမ္မတိ – သိယာ သမ္မုခါဝိနယေန စ ပဋိညာတကရဏေန စ, သိယာ သမ္မုခါဝိနယေန စ တိဏဝတ္ထာရကေန စာတိ။</p>
<p class=""centered"">သမထဝါရော နိဋ္ဌိတော သတ္တမော။</p>
<p class=""title"">၈။ သမုစ္စယဝါရော</p>
<p class=""bodytext""><a name=""para200""></a><a name=""para200_vin5""></a><span class=""paranum"">၂၀၀</span>။ မေထုနံ <a name=""T0.0134""></a><a name=""V0.0105""></a> ဓမ္မံ ပဋိသေဝနပစ္စယာ ကတိ အာပတ္တိယော အာပဇ္ဇတိ? မေထုနံ ဓမ္မံ ပဋိသေဝနပစ္စယာ စတဿော အာပတ္တိယော <a name=""P5.0053""></a> အာပဇ္ဇတိ။ အက္ခာယိတေ သရီရေ မေထုနံ ဓမ္မံ ပဋိသေဝတိ, အာပတ္တိ ပါရာဇိကဿ၊ ယေဘုယျေန ခါယိတေ သရီရေ မေထုနံ ဓမ္မံ ပဋိသေဝတိ, အာပတ္တိ ထုလ္လစ္စယဿ၊ ဝဋ္ဋကတေ မုခေ အစ္ဆုပန္တံ အင်္ဂဇာတံ ပဝေသေတိ, အာပတ္တိ ဒုက္ကဋဿ၊ ဇတုမဋ္ဌကေ ပါစိတ္တိယံ – မေထုနံ ဓမ္မံ ပဋိသေဝနပစ္စယာ ဣမာ စတဿော အာပတ္တိယော အာပဇ္ဇတိ။ တာ အာပတ္တိယော စတုန္နံ ဝိပတ္တီနံ ကတိ ဝိပတ္တိယော ဘဇန္တိ? သတ္တန္နံ အာပတ္တိက္ခန္ဓာနံ ကတိဟိ အာပတ္တိက္ခန္ဓေဟိ သင်္ဂဟိတာ? ဆန္နံ အာပတ္တိသမုဋ္ဌာနာနံ ကတိဟိ သမုဋ္ဌာနေဟိ သမုဋ္ဌန္တိ? စတုန္နံ အဓိကရဏာနံ ကတမံ အဓိကရဏံ? သတ္တန္နံ သမထာနံ ကတိဟိ သမထေဟိ သမ္မန္တိ? တာ အာပတ္တိယော စတုန္နံ ဝိပတ္တီနံ ဒွေ ဝိပတ္တိယော ဘဇန္တိ – သိယာ သီလဝိပတ္တိံ သိယာ အာစာရဝိပတ္တိံ။ သတ္တန္နံ အာပတ္တိက္ခန္ဓာနံ စတူဟိ အာပတ္တိက္ခန္ဓေဟိ သင်္ဂဟိတာ – သိယာ ပါရာဇိကာပတ္တိက္ခန္ဓေန, သိယာ ထုလ္လစ္စယာပတ္တိက္ခန္ဓေန, သိယာ ပါစိတ္တိယာပတ္တိက္ခန္ဓေန, သိယာ ဒုက္ကဋာပတ္တိက္ခန္ဓေန။ ဆန္နံ အာပတ္တိသမုဋ္ဌာနာနံ ဧကေန သမုဋ္ဌာနေန သမုဋ္ဌန္တိ – ကာယတော စ စိတ္တတော စ သမုဋ္ဌန္တိ, န ဝါစတော။ စတုန္နံ အဓိကရဏာနံ, အာပတ္တာဓိကရဏံ။ သတ္တန္နံ သမထာနံ, တီဟိ သမထေဟိ သမ္မန္တိ – သိယာ သမ္မုခါဝိနယေန စ, ပဋိညာတကရဏေန စ, သိယာ သမ္မုခါဝိနယေန စ တိဏဝတ္ထာရကေန စ…ပေ…။</p>
<p class=""bodytext"">အနာဒရိယံ ပဋိစ္စ <a name=""T0.0135""></a> ဥဒကေ ဥစ္စာရံ ဝါ ပဿာဝံ ဝါ ခေဠံ ဝါ ကရဏပစ္စယာ ကတိ အာပတ္တိယော အာပဇ္ဇတိ? အနာဒရိယံ ပဋိစ္စ ဥဒကေ ဥစ္စာရံ ဝါ ပဿာဝံ ဝါ ခေဠံ ဝါ ကရဏပစ္စယာ ဧကံ အာပတ္တိံ အာပဇ္ဇတိ။ ဒုက္ကဋံ – အနာဒရိယံ</p>
",-200-
1965,mula_vi_05,95,"<p class=""noindentbodytext""> ပဋိစ္စ<a name=""M0.0095""></a> ဥဒကေ ဥစ္စာရံ ဝါ ပဿာဝံ ဝါ ခေဠံ ဝါ ကရဏပစ္စယာ ဣမံ ဧကံ အာပတ္တိံ အာပဇ္ဇတိ။ သာ အာပတ္တိ စတုန္နံ ဝိပတ္တီနံ ကတိ ဝိပတ္တိယော ဘဇတိ? သတ္တန္နံ အာပတ္တိက္ခန္ဓာနံ ကတိဟိ အာပတ္တိက္ခန္ဓေဟိ သင်္ဂဟိတာ? ဆန္နံ အာပတ္တိသမုဋ္ဌာနာနံ ကတိဟိ သမုဋ္ဌာနေဟိ သမုဋ္ဌာတိ? စတုန္နံ အဓိကရဏာနံ ကတမံ <a name=""V0.0106""></a> အဓိကရဏံ? သတ္တန္နံ သမထာနံ ကတိဟိ သမထေဟိ သမ္မတိ? သာ အာပတ္တိ စတုန္နံ ဝိပတ္တီနံ ဧကံ ဝိပတ္တိံ ဘဇတိ – အာစာရဝိပတ္တိံ။ သတ္တန္နံ အာပတ္တိက္ခန္ဓာနံ ဧကေန အာပတ္တိက္ခန္ဓေန သင်္ဂဟိတာ – ဒုက္ကဋာပတ္တိက္ခန္ဓေန။ ဆန္နံ အာပတ္တိသမုဋ္ဌာနာနံ ဧကေန သမုဋ္ဌာနေန သမုဋ္ဌာတိ – ကာယတော စ စိတ္တတော စ သမုဋ္ဌာတိ, န ဝါစတော။ စတုန္နံ အဓိကရဏာနံ, အာပတ္တာဓိကရဏံ။ သတ္တန္နံ သမထာနံ တီဟိ သမထေဟိ သမ္မတိ – သိယာ သမ္မုခါဝိနယေန စ ပဋိညာတကရဏေန စ, သိယာ သမ္မုခါဝိနယေန စ တိဏဝတ္ထာရကေန စာတိ။</p>
<p class=""centered"">သမုစ္စယဝါရော နိဋ္ဌိတော အဋ္ဌမော။</p>
<p class=""centered"">အဋ္ဌပစ္စယဝါရာ နိဋ္ဌိတာ။</p>
<p class=""centered"">မဟာဝိဘင်္ဂေ သောဠသမဟာဝါရာ နိဋ္ဌိတာ။</p>
<p class=""centered"">ဘိက္ခုဝိဘင်္ဂမဟာဝါရော နိဋ္ဌိတော။</p>
",
1966,mula_vi_05,96,"<p class=""title"">ဘိက္ခုနီဝိဘင်္ဂေါ</p>
<p class=""title"">၁။ ကတ္ထပညတ္တိဝါရော</p>
<p class=""subhead"">၁။ ပါရာဇိကကဏ္ဍံ</p>
<p class=""bodytext""><a name=""para201""></a><a name=""para201_vin5""></a><span class=""paranum"">၂၀၁</span>။ ယံ <a name=""T0.0136""></a><a name=""P5.0054""></a><a name=""M0.0096""></a><a name=""V0.0107""></a> တေန ဘဂဝတာ ဇာနတာ ပဿတာ အရဟတာ သမ္မာသမ္ဗုဒ္ဓေန ဘိက္ခုနီနံ ပဉ္စမံ ပါရာဇိကံ ကတ္ထ ပညတ္တံ? ကံ အာရဗ္ဘ? ကိသ္မိံ ဝတ္ထုသ္မိံ? အတ္ထိ တတ္ထ ပညတ္တိ, အနုပညတ္တိ, အနုပ္ပန္နပညတ္တိ? သဗ္ဗတ္ထပညတ္တိ, ပဒေသပညတ္တိ? သာဓာရဏပညတ္တိ, အသာဓာရဏပညတ္တိ? ဧကတောပညတ္တိ, ဥဘတောပညတ္တိ? စတုန္နံ ပါတိမောက္ခုဒ္ဒေသာနံ ကတ္ထောဂဓံ ကတ္ထ ပရိယာပန္နံ? ကတမေန ဥဒ္ဒေသေန ဥဒ္ဒေသံ အာဂစ္ဆတိ? စတုန္နံ ဝိပတ္တီနံ ကတမာ ဝိပတ္တိ? သတ္တန္နံ အာပတ္တိက္ခန္ဓာနံ ကတမော အာပတ္တိက္ခန္ဓော? ဆန္နံ အာပတ္တိသမုဋ္ဌာနာနံ ကတိဟိ သမုဋ္ဌာနေဟိ သမုဋ္ဌာတိ? စတုန္နံ အဓိကရဏာနံ ကတမံ အဓိကရဏံ? သတ္တန္နံ သမထာနံ ကတိဟိ သမထေဟိ သမ္မတိ? ကော တတ္ထ ဝိနယော? ကော တတ္ထ အဘိဝိနယော? ကိံ တတ္ထ ပါတိမောက္ခံ? ကိံ တတ္ထ အဓိပါတိမောက္ခံ? ကာ ဝိပတ္တိ? ကာ သမ္ပတ္တိ? ကာ ပဋိပတ္တိ? ကတိ အတ္ထဝသေ ပဋိစ္စ ဘဂဝတာ ဘိက္ခုနီနံ ပဉ္စမံ ပါရာဇိကံ ပညတ္တံ? ကာ သိက္ခန္တိ? ကာ သိက္ခိတသိက္ခာ? ကတ္ထ ဌိတံ? ကာ ဓာရေန္တိ? ကဿ ဝစနံ? ကေနာဘတန္တိ?</p>
<p class=""bodytext""><a name=""para202""></a><a name=""para202_vin5""></a><span class=""paranum"">၂၀၂</span>။ ယံ တေန ဘဂဝတာ ဇာနတာ ပဿတာ အရဟတာ သမ္မာသမ္ဗုဒ္ဓေန ဘိက္ခုနီနံ ပဉ္စမံ ပါရာဇိကံ ကတ္ထ ပညတ္တန္တိ? သာဝတ္ထိယံ ပညတ္တံ။ ကံ အာရဗ္ဘာတိ? သုန္ဒရီနန္ဒံ ဘိက္ခုနိံ အာရဗ္ဘ။ ကိသ္မိံ <a name=""T0.0137""></a> ဝတ္ထုသ္မိန္တိ? သုန္ဒရီနန္ဒာ ဘိက္ခုနီ အဝဿုတာ အဝဿုတဿ ပုရိသပုဂ္ဂလဿ ကာယသံသဂ္ဂံ သာဒိယိ, တသ္မိံ ဝတ္ထုသ္မိံ။ အတ္ထိ တတ္ထ ပညတ္တိ အနုပညတ္တိ အနုပ္ပန္နပညတ္တီတိ? ဧကာ ပညတ္တိ။ အနုပညတ္တိ အနုပ္ပန္နပညတ္တိ တသ္မိံ နတ္ထိ။ သဗ္ဗတ္ထပညတ္တိ<a name=""V0.0108""></a>, ပဒေသပညတ္တီတိ? သဗ္ဗတ္ထပညတ္တိ။ သာဓာရဏပညတ္တိ, အသာဓာရဏပညတ္တီတိ? အသာဓာရဏပညတ္တိ။ ဧကတောပညတ္တိ, ဥဘတောပညတ္တီတိ? ဧကတောပညတ္တိ။ စတုန္နံ ပါတိမောက္ခုဒ္ဒေသာနံ ကတ္ထောဂဓံ ကတ္ထ ပရိယာပန္နန္တိ? နိဒါနောဂဓံ နိဒါနပရိယာပန္နံ။ ကတမေန ဥဒ္ဒေသေန ဥဒ္ဒေသံ အာဂစ္ဆတီတိ? ဒုတိယေန ဥဒ္ဒေသေန ဥဒ္ဒေသံ အာဂစ္ဆတိ။ စတုန္နံ ဝိပတ္တီနံ ကတမာ ဝိပတ္တီတိ? သီလဝိပတ္တိ။ သတ္တန္နံ အာပတ္တိက္ခန္ဓာနံ ကတမော အာပတ္တိက္ခန္ဓောတိ? ပါရာဇိကာပတ္တိက္ခန္ဓော။ ဆန္နံ အာပတ္တိသမုဋ္ဌာနာနံ ကတိဟိ သမုဋ္ဌာနေဟိ သမုဋ္ဌာတီတိ? ဧကေန</p>
",-201-202-
1967,mula_vi_05,97,"<p class=""noindentbodytext""> သမုဋ္ဌာနေ<a name=""M0.0097""></a> သမုဋ္ဌာတိ – ကာယတော စ စိတ္တတော စ သမုဋ္ဌာတိ, န ဝါစတော။ စတုန္နံ အဓိကရဏာနံ ကတမံ အဓိကရဏန္တိ? အာပတ္တာဓိကရဏံ? သတ္တန္နံ သမထာနံ ကတိဟိ သမထေဟိ သမ္မတီတိ? ဒွီဟိ သမထေဟိ သမ္မတိ – သမ္မုခါဝိနယေန စ ပဋိညာတကရဏေန စ။ ကော တတ္ထ ဝိနယော, ကော တတ္ထ အဘိဝိနယောတိ? ပညတ္တိ ဝိနယော, ဝိဘတ္တိ အဘိဝိနယော။ ကိံ တတ္ထ ပါတိမောက္ခံ, ကိံ တတ္ထ အဓိပါတိမောက္ခန္တိ? ပညတ္တိ ပါတိမောက္ခံ, ဝိဘတ္တိ အဓိပါတိမောက္ခံ။ ကာ ဝိပတ္တီတိ? အသံဝရော ဝိပတ္တိ။ ကာ သမ္ပတ္တီတိ<a name=""T0.0138""></a>? သံဝရော သမ္ပတ္တိ။ ကာ ပဋိပတ္တီတိ? န ဧဝရူပံ ကရိဿာမီတိ ယာဝဇီဝံ အာပါဏကောဋိကံ သမာဒါယ သိက္ခတိ သိက္ခာပဒေသု။ <span class=""note"">[အ။ နိ။ ၁၀။၃၁]</span> ကတိ အတ္ထဝသေ ပဋိစ္စ ဘဂဝတာ ဘိက္ခုနီနံ ပဉ္စမံ ပါရာဇိကံ ပညတ္တန္တိ? ဒသ အတ္ထဝသေ ပဋိစ္စ ဘဂဝတာ ဘိက္ခုနီနံ ပဉ္စမံ ပါရာဇိကံ ပညတ္တံ – သံဃသုဋ္ဌုတာယ, သံဃဖာသုတာယ, ဒုမ္မင်္ကူနံ ဘိက္ခုနီနံ နိဂ္ဂဟာယ, ပေသလာနံ ဘိက္ခုနီနံ ဖာသုဝိဟာရာယ, ဒိဋ္ဌဓမ္မိကာနံ အာသဝါနံ သံဝရာယ, သမ္ပရာယိကာနံ အာသဝါနံ ပဋိဃာတာယ, အပ္ပသန္နာနံ ပသာဒါယ, ပသန္နာနံ ဘိယျောဘာဝါယ, သဒ္ဓမ္မဋ္ဌိတိယာ, ဝိနယာနုဂ္ဂဟာယ။ ကာ သိက္ခန္တီတိ? သေက္ခာ စ ပုထုဇ္ဇနကလျာဏိကာ စ သိက္ခန္တိ။ ကာ သိက္ခိတသိက္ခာတိ? အရဟန္တိယော <span class=""note"">[အရဟန္တာ (က။)]</span> သိက္ခိတသိက္ခာ။ ကတ္ထ ဌိတန္တိ? သိက္ခာကာမာသု ဌိတံ။ ကာ ဓာရေန္တီတိ? ယာသံ ဝတ္တတိ တာ ဓာရေန္တိ။ ကဿ ဝစနန္တိ? ဘဂဝတော ဝစနံ အရဟတော သမ္မာသမ္ဗုဒ္ဓဿ။ ကေနာဘတန္တိ? ပရမ္ပရာဘတံ –</p>
<p class=""gatha1"">ဥပါလိ ဒါသကော စေဝ, သောဏကော သိဂ္ဂဝေါ တထာ၊</p>
<p class=""gathalast"">မောဂ္ဂလိပုတ္တေန ပဉ္စမာ, ဧတေ ဇမ္ဗုသိရိဝှယေ။</p>
<p class=""gatha1"">တတော မဟိန္ဒော ဣဋ္ဋိယော, ဥတ္တိယော သမ္ဗလော တထာ၊</p>
<p class=""gathalast"">ဘဒ္ဒနာမော စ ပဏ္ဍိတော။</p>
<p class=""gatha1"">ဧတေ <a name=""V0.0109""></a> နာဂါ မဟာပညာ, ဇမ္ဗုဒီပါ ဣဓာဂတာ၊</p>
<p class=""gathalast"">ဝိနယံ တေ ဝါစယိံသု, ပိဋကံ တမ္ဗပဏ္ဏိယာ။</p>
<p class=""gatha1"">နိကာယေ ပဉ္စ ဝါစေသုံ, သတ္တ စေဝ ပကရဏေ၊</p>
<p class=""gathalast"">တတော အရိဋ္ဌော မေဓာဝီ, တိဿဒတ္တော စ ပဏ္ဍိတော။</p>
<p class=""gatha1"">ဝိသာရဒေါ ကာဠသုမနော, ထေရော စ ဒီဃနာမကော၊</p>
<p class=""gathalast"">ဒီဃသုမနော စ ပဏ္ဍိတော။</p>
",
1968,mula_vi_05,98,"<p class=""gatha1"">ပုနဒေဝ <a name=""M0.0098""></a> ကာဠသုမနော, နာဂတ္ထေရော စ ဗုဒ္ဓရက္ခိတော၊</p>
<p class=""gathalast"">တိဿတ္ထေရော စ မေဓာဝီ, ဒေဝတ္ထေရော စ ပဏ္ဍိတော။</p>
<p class=""gatha1"">ပုနဒေဝ သုမနော မေဓာဝီ, ဝိနယေ စ ဝိသာရဒေါ၊</p>
<p class=""gathalast"">ဗဟုဿုတော စူဠနာဂေါ, ဂဇောဝ ဒုပ္ပဓံသိယော။</p>
<p class=""gatha1"">ဓမ္မပါလိတနာမော စ, ရောဟဏေ သာဓုပူဇိတော၊</p>
<p class=""gathalast"">တဿ သိဿော မဟာပညော, ခေမနာမော တိပေဋကော။</p>
<p class=""gatha1"">ဒီပေ တာရကရာဇာဝ ပညာယ အတိရောစထ၊</p>
<p class=""gathalast"">ဥပတိဿော စ မေဓာဝီ, ဖုဿဒေဝေါ မဟာကထီ။</p>
<p class=""gatha1"">ပုနဒေဝ သုမနော မေဓာဝီ, ပုပ္ဖနာမော ဗဟုဿုတော၊</p>
<p class=""gathalast"">မဟာကထီ မဟာသိဝေါ, ပိဋကေ သဗ္ဗတ္ထ ကောဝိဒေါ။</p>
<p class=""gatha1"">ပုနဒေဝ ဥပါလိ မေဓာဝီ, ဝိနယေ စ ဝိသာရဒေါ၊</p>
<p class=""gathalast"">မဟာနာဂေါ မဟာပညော, သဒ္ဓမ္မဝံသကောဝိဒေါ။</p>
<p class=""gatha1"">ပုနဒေဝ အဘယော မေဓာဝီ, ပိဋကေ သဗ္ဗတ္ထ ကောဝိဒေါ၊</p>
<p class=""gathalast"">တိဿတ္ထေရော စ မေဓာဝီ, ဝိနယေ စ ဝိသာရဒေါ။</p>
<p class=""gatha1"">တဿ <a name=""V0.0110""></a> သိဿော မဟာပညော, ပုပ္ဖနာမော ဗဟုဿုတော၊</p>
<p class=""gathalast"">သာသနံ အနုရက္ခန္တော, ဇမ္ဗုဒီပေ ပတိဋ္ဌိတော။</p>
<p class=""gatha1"">စူဠာဘယော စ မေဓာဝီ, ဝိနယေ စ ဝိသာရဒေါ၊</p>
<p class=""gathalast"">တိဿတ္ထေရော စ မေဓာဝီ, သဒ္ဓမ္မဝံသကောဝိဒေါ။</p>
<p class=""gatha1"">စူဠဒေဝေါ စ မေဓာဝီ, ဝိနယေ စ ဝိသာရဒေါ၊</p>
<p class=""gathalast"">သိဝတ္ထေရော စ မေဓာဝီ, ဝိနယေ သဗ္ဗတ္ထ ကောဝိဒေါ။</p>
<p class=""gatha1"">ဧတေ နာဂါ မဟာပညာ, ဝိနယညူ မဂ္ဂကောဝိဒါ၊</p>
<p class=""gathalast"">ဝိနယံ <a name=""P5.0055""></a> ဒီပေ ပကာသေသုံ, ပိဋကံ တမ္ဗပဏ္ဏိယာတိ။</p>
<p class=""bodytext""><a name=""para203""></a><a name=""para203_vin5""></a><span class=""paranum"">၂၀၃</span>။ ယံ <a name=""T0.0139""></a> တေန ဘဂဝတာ ဇာနတာ ပဿတာ အရဟတာ သမ္မာသမ္ဗုဒ္ဓေန ဘိက္ခုနီနံ ဆဋ္ဌံ ပါရာဇိကံ ကတ္ထ ပညတ္တန္တိ? သာဝတ္ထိယံ ပညတ္တံ။ ကံ အာရဗ္ဘာတိ? ထုလ္လနန္ဒံ ဘိက္ခုနိံ အာရဗ္ဘ။ ကိသ္မိံ ဝတ္ထုသ္မိန္တိ? ထုလ္လနန္ဒာ ဘိက္ခုနီ ဇာနံ ပါရာဇိကံ ဓမ္မံ အဇ္ဈာပန္နံ ဘိက္ခုနိံ နေဝတ္တနာ ပဋိစောဒေသိ။</p>
",-203-
1969,mula_vi_05,99,"<p class=""noindentbodytext""> <a name=""M0.0099""></a>န  ဂဏဿ အာရောစေသိ, တသ္မိံ ဝတ္ထုသ္မိံ။ ဧကာ ပညတ္တိ။ ဆန္နံ အာပတ္တိသမုဋ္ဌာနာနံ ဧကေန သမုဋ္ဌာနေန သမုဋ္ဌာတိ – ကာယတော စ ဝါစတော စ စိတ္တတော စ သမုဋ္ဌာတိ…ပေ…။</p>
<p class=""bodytext""><a name=""para204""></a><a name=""para204_vin5""></a><span class=""paranum"">၂၀၄</span>။ ဘိက္ခုနီနံ သတ္တမံ ပါရာဇိကံ ကတ္ထ ပညတ္တန္တိ? သာဝတ္ထိယံ ပညတ္တံ။ ကံ အာရဗ္ဘာတိ? ထုလ္လနန္ဒံ ဘိက္ခုနိံ အာရဗ္ဘ။ ကိသ္မိံ ဝတ္ထုသ္မိန္တိ? ထုလ္လနန္ဒာ ဘိက္ခုနီ သမဂ္ဂေန သံဃေန ဥက္ခိတ္တံ အရိဋ္ဌံ ဘိက္ခုံ ဂဒ္ဓဗာဓိပုဗ္ဗံ အနုဝတ္တိ, တသ္မိံ ဝတ္ထုသ္မိံ။ ဧကာ ပညတ္တိ။ ဆန္နံ အာပတ္တိသမုဋ္ဌာနာနံ ဧကေန သမုဋ္ဌာနေန သမုဋ္ဌာတိ – ဓုရနိက္ခေပေ…ပေ…။</p>
<p class=""bodytext""><a name=""para205""></a><a name=""para205_vin5""></a><span class=""paranum"">၂၀၅</span>။ ဘိက္ခုနီနံ အဋ္ဌမံ ပါရာဇိကံ ကတ္ထ ပညတ္တန္တိ? သာဝတ္ထိယံ ပညတ္တံ။ ကံ အာရဗ္ဘာတိ? ဆဗ္ဗဂ္ဂိယာ ဘိက္ခုနိယော အာရဗ္ဘ။ ကိသ္မိံ ဝတ္ထုသ္မိန္တိ? ဆဗ္ဗဂ္ဂိယာ ဘိက္ခုနိယော အဋ္ဌမံ ဝတ္ထုံ ပရိပူရေသုံ, တသ္မိံ ဝတ္ထုသ္မိံ။ ဧကာ ပညတ္တိ။ ဆန္နံ အာပတ္တိသမုဋ္ဌာနာနံ ဧကေန သမုဋ္ဌာနေန သမုဋ္ဌာတိ – ဓုရနိက္ခေပေ…ပေ…။</p>
<p class=""centered"">အဋ္ဌ ပါရာဇိကာ နိဋ္ဌိတာ။</p>
<p class=""centered"">တဿုဒ္ဒါနံ –</p>
<p class=""gatha1"">မေထုနာဒိန္နာဒါနဉ္စ<a name=""T0.0140""></a><a name=""V0.0111""></a>, မနုဿဝိဂ္ဂဟုတ္တရိ၊</p>
<p class=""gatha1"">ကာယသံသဂ္ဂံ ဆာဒေတိ, ဥက္ခိတ္တာ အဋ္ဌ ဝတ္ထုကာ၊</p>
<p class=""gathalast"">ပညာပေသိ မဟာဝီရော, ဆေဇ္ဇဝတ္ထူ အသံသယာတိ။</p>
<p class=""subhead"">၂။ သံဃာဒိသေသကဏ္ဍံ</p>
<p class=""bodytext""><a name=""para206""></a><a name=""para206_vin5""></a><span class=""paranum"">၂၀၆</span>။ ယံ တေန ဘဂဝတာ ဇာနတာ ပဿတာ အရဟတာ သမ္မာသမ္ဗုဒ္ဓေန ဥဿယဝါဒိကာယ ဘိက္ခုနိယာ အဍ္ဍံ ကရောန္တိယာ သံဃာဒိသေသော ကတ္ထ ပညတ္တော? ကံ အာရဗ္ဘ? ကိသ္မိံ ဝတ္ထုသ္မိံ…ပေ… ကေနာဘတန္တိ?</p>
<p class=""bodytext""><a name=""para207""></a><a name=""para207_vin5""></a><span class=""paranum"">၂၀၇</span>။ ယံ တေန ဘဂဝတာ ဇာနတာ ပဿတာ အရဟတာ သမ္မာသမ္ဗုဒ္ဓေန ဥဿယဝါဒိကာယ ဘိက္ခုနိယာ အဍ္ဍံ ကရောန္တိယာ သံဃာဒိသေသော ကတ္ထ ပညတ္တောတိ? သာဝတ္ထိယံ ပညတ္တော။ ကံ အာရဗ္ဘာတိ? ထုလ္လနန္ဒံ ဘိက္ခုနိံ အာရဗ္ဘ။ ကိသ္မိံ ဝတ္ထုသ္မိန္တိ? ထုလ္လနန္ဒာ ဘိက္ခုနီ ဥဿယဝါဒိကာ ဝိဟရိ,</p>
",-204-205-206-207-
1970,mula_vi_05,100,"<p class=""noindentbodytext""> တသ္မိံ<a name=""M0.0100""></a> ဝတ္ထုသ္မိံ။ အတ္ထိ တတ္ထ ပညတ္တိ, အနုပညတ္တိ, အနုပ္ပန္နပညတ္တီတိ? ဧကာ ပညတ္တိ။ အနုပညတ္တိ အနုပ္ပန္နပညတ္တိ တသ္မိံ နတ္ထိ။ သဗ္ဗတ္ထပညတ္တိ, ပဒေသပညတ္တီတိ? သဗ္ဗတ္ထပညတ္တိ။ သာဓာရဏပညတ္တိ, အသာဓာရဏပညတ္တီတိ? အသာဓာရဏပညတ္တိ။ ဧကတောပညတ္တိ, ဥဘတောပညတ္တီတိ? ဧကတောပညတ္တိ။ စတုန္နံ ပါတိမောက္ခုဒ္ဒေသာနံ ကတ္ထောဂဓံ ကတ္ထ ပရိယာပန္နန္တိ? နိဒါနောဂဓံ နိဒါနပရိယာပန္နံ<a name=""T0.0141""></a>။ ကတမေန ဥဒ္ဒေသေန ဥဒ္ဒေသံ အာဂစ္ဆတီတိ? တတိယေန ဥဒ္ဒေသေန ဥဒ္ဒေသံ အာဂစ္ဆတိ။ စတုန္နံ ဝိပတ္တီနံ ကတမာ ဝိပတ္တီတိ? သီလဝိပတ္တိ။ သတ္တန္နံ အာပတ္တိက္ခန္ဓာနံ ကတမော အာပတ္တိက္ခန္ဓောတိ? သံဃာဒိသေသာပတ္တိက္ခန္ဓော။ ဆန္နံ အာပတ္တိသမုဋ္ဌာနာနံ ကတိဟိ သမုဋ္ဌာနေဟိ သမုဋ္ဌာတီတိ? ဒွီဟိ သမုဋ္ဌာနေဟိ သမုဋ္ဌာတိ – သိယာ ကာယတော စ ဝါစတော စ သမုဋ္ဌာတိ, န စိတ္တတော၊ သိယာ ကာယတော စ ဝါစတော <a name=""P5.0056""></a> စ စိတ္တတော စ သမုဋ္ဌာတိ…ပေ… ကေနာဘတန္တိ? ပရမ္ပရာဘတံ –</p>
<p class=""gatha1"">ဥပါလိ ဒါသကော စေဝ, သောဏကော သိဂ္ဂဝေါ တထာ၊</p>
<p class=""gathalast"">မောဂ္ဂလိပုတ္တေန ပဉ္စမာ, ဧတေ ဇမ္ဗုသိရိဝှယေ။ …ပေ…၊</p>
<p class=""gatha1"">ဧတေ နာဂါ မဟာပညာ, ဝိနယညူ မဂ္ဂကောဝိဒါ၊</p>
<p class=""gathalast"">ဝိနယံ ဒီပေ ပကာသေသုံ, ပိဋကံ တမ္ဗပဏ္ဏိယာတိ။</p>
<p class=""bodytext""><a name=""para208""></a><a name=""para208_vin5""></a><span class=""paranum"">၂၀၈</span>။ စောရိံ <a name=""V0.0112""></a> ဝုဋ္ဌာပေန္တိယာ သံဃာဒိသေသော ကတ္ထ ပညတ္တောတိ? သာဝတ္ထိယံ ပညတ္တော။ ကံ အာရဗ္ဘာတိ? ထုလ္လနန္ဒံ ဘိက္ခုနိံ အာရဗ္ဘ။ ကိသ္မိံ ဝတ္ထုသ္မိန္တိ? ထုလ္လနန္ဒာ ဘိက္ခုနီ စောရိံ ဝုဋ္ဌာပေသိ, တသ္မိံ ဝတ္ထုသ္မိံ။ ဧကာ ပညတ္တိ။ ဆန္နံ အာပတ္တိသမုဋ္ဌာနာနံ ဒွီဟိ သမုဋ္ဌာနေဟိ သမုဋ္ဌာတိ – သိယာ ဝါစတော စ စိတ္တတော စ သမုဋ္ဌာတိ, န ကာယတော၊ သိယာ ကာယတော စ ဝါစတော စ စိတ္တတော စ သမုဋ္ဌာတိ…ပေ…။</p>
<p class=""bodytext""><a name=""para209""></a><a name=""para209_vin5""></a><span class=""paranum"">၂၀၉</span>။ ဧကာယ ဂါမန္တရံ ဂစ္ဆန္တိယာ သံဃာဒိသေသော ကတ္ထ ပညတ္တောတိ? သာဝတ္ထိယံ ပညတ္တော။ ကံ အာရဗ္ဘာတိ? အညတရံ ဘိက္ခုနိံ အာရဗ္ဘ။ ကိသ္မိံ ဝတ္ထုသ္မိန္တိ? အညတရာ ဘိက္ခုနီ ဧကာ ဂါမန္တရံ ဂစ္ဆိ, တသ္မိံ ဝတ္ထုသ္မိံ။ ဧကာ ပညတ္တိ, တိဿော အနုပညတ္တိယော။ ဆန္နံ အာပတ္တိသမုဋ္ဌာနာနံ ဧကေန သမုဋ္ဌာနေန သမုဋ္ဌာတိ <a name=""T0.0142""></a> – ပဌမပါရာဇိကေ…ပေ…။</p>
<p class=""bodytext""><a name=""para210""></a><a name=""para210_vin5""></a><span class=""paranum"">၂၁၀</span>။ သမဂ္ဂေန သံဃေန ဥက္ခိတ္တံ ဘိက္ခုနိံ ဓမ္မေန ဝိနယေန သတ္ထုသာသနေန အနပလောကေတွာ ကာရကသံဃံ အနညာယ ဂဏဿ</p>
",-208-209-210-
1971,mula_vi_05,101,"<p class=""noindentbodytext""> ဆန္ဒံ<a name=""M0.0101""></a> ဩသာရေန္တိယာ သံဃာဒိသေသော ကတ္ထ ပညတ္တောတိ? သာဝတ္ထိယံ ပညတ္တော။ ကံ အာရဗ္ဘာတိ? ထုလ္လနန္ဒံ ဘိက္ခုနိံ အာရဗ္ဘ။ ကိသ္မိံ ဝတ္ထုသ္မိန္တိ? ထုလ္လနန္ဒာ ဘိက္ခုနီ သမဂ္ဂေန သံဃေန ဥက္ခိတ္တံ ဘိက္ခုနိံ ဓမ္မေန ဝိနယေန သတ္ထုသာသနေန အနပလောကေတွာ ကာရကသံဃံ အနညာယ ဂဏဿ ဆန္ဒံ ဩသာရေသိ, တသ္မိံ ဝတ္ထုသ္မိံ။ ဧကာ ပညတ္တိ။ ဆန္နံ အာပတ္တိသမုဋ္ဌာနာနံ ဧကေန သမုဋ္ဌာနေန သမုဋ္ဌာတိ – ဓုရနိက္ခေပေ…ပေ…။</p>
<p class=""bodytext""><a name=""para211""></a><a name=""para211_vin5""></a><span class=""paranum"">၂၁၁</span>။ အဝဿုတာယ ဘိက္ခုနိယာ အဝဿုတဿ ပုရိသပုဂ္ဂလဿ ဟတ္ထတော ခါဒနီယံ ဝါ ဘောဇနီယံ ဝါ သဟတ္ထာ ပဋိဂ္ဂဟေတွာ ဘုဉ္ဇန္တိယာ သံဃာဒိသေသော ကတ္ထ ပညတ္တောတိ? သာဝတ္ထိယံ ပညတ္တော။ ကံ အာရဗ္ဘာတိ? သုန္ဒရီနန္ဒံ ဘိက္ခုနိံ အာရဗ္ဘ။ ကိသ္မိံ ဝတ္ထုသ္မိန္တိ? သုန္ဒရီနန္ဒာ ဘိက္ခုနီ အဝဿုတာ အဝဿုတဿ ပုရိသပုဂ္ဂလဿ ဟတ္ထတော အာမိသံ ပဋိဂ္ဂဟေသိ, တသ္မိံ ဝတ္ထုသ္မိံ။ ဧကာ ပညတ္တိ။ ဆန္နံ အာပတ္တိသမုဋ္ဌာနာနံ ဧကေန သမုဋ္ဌာနေန သမုဋ္ဌာတိ – ပဌမပါရာဇိကေ…ပေ…။</p>
<p class=""bodytext""><a name=""para212""></a><a name=""para212_vin5""></a><span class=""paranum"">၂၁၂</span>။ ‘‘ကိံ တေ, အယျေ, ဧသော ပုရိသပုဂ္ဂလော ကရိဿတိ အဝဿုတော ဝါ အနဝဿုတော ဝါ, ယတော တွံ အနဝဿုတာ! ဣင်္ဃ, အယျေ, ယံ တေ ဧသော ပုရိသပုဂ္ဂလော ဒေတိ ခါဒနီယံ ဝါ ဘောဇနီယံ ဝါ, တံ တွံ <a name=""T0.0143""></a> သဟတ္ထာ ပဋိဂ္ဂဟေတွာ ခါဒ ဝါ ဘုဉ္ဇ ဝါ’’တိ ဥယျောဇေန္တိယာ သံဃာဒိသေသော ကတ္ထ ပညတ္တောတိ? သာဝတ္ထိယံ ပညတ္တော။ ကံ အရဗ္ဘာတိ? အညတရံ ဘိက္ခုနိံ အာရဗ္ဘ။ ကိသ္မိံ ဝတ္ထုသ္မိန္တိ? အညတရာ <a name=""V0.0113""></a> ဘိက္ခုနီ –‘‘ကိံ တေ, အယျေ, ဧသော ပုရိသပုဂ္ဂလော ကရိဿတိ အဝဿုတော ဝါ အနဝဿုတော ဝါ, ယတော တွံ အနဝဿုတာ! ဣင်္ဃ, အယျေ, ယံ တေ ဧသော ပုရိသပုဂ္ဂလော ဒေတိ ခါဒနီယံ ဝါ ဘောဇနီယံ ဝါ, တံ တွံ သဟတ္ထာ ပဋိဂ္ဂဟေတွာ ခါဒ ဝါ ဘုဉ္ဇ ဝါ’’တိ ဥယျောဇေသိ, တသ္မိံ ဝတ္ထုသ္မိံ။ ဧကာ ပညတ္တိ။ ဆန္နံ အာပတ္တိသမုဋ္ဌာနာနံ တီဟိ သမုဋ္ဌာနေဟိ သမုဋ္ဌာတိ…ပေ…။</p>
<p class=""bodytext""><a name=""para213""></a><a name=""para213_vin5""></a><span class=""paranum"">၂၁၃</span>။ ကုပိတာယ အနတ္တမနာယ ဘိက္ခုနိယာ ယာဝတတိယံ သမနုဘာသနာယ န ပဋိနိဿဇ္ဇန္တိယာ <a name=""P5.0057""></a> သံဃာဒိသေသော ကတ္ထ ပညတ္တောတိ? သာဝတ္ထိယံ ပညတ္တော။ ကံ အာရဗ္ဘာတိ? စဏ္ဍကာဠိံ ဘိက္ခုနိံ အာရဗ္ဘ။ ကိသ္မိံ ဝတ္ထုသ္မိန္တိ? စဏ္ဍကာဠီ ဘိက္ခုနီ ကုပိတာ အနတ္တမနာ ဧဝံ အဝစ – ‘‘ဗုဒ္ဓံ ပစ္စာစိက္ခာမိ, ဓမ္မံ ပစ္စာစိက္ခာမိ, သံဃံ ပစ္စာစိက္ခာမိ, သိက္ခံ ပစ္စာစိက္ခာမီ’’တိ,</p>
",-211-212-213-
1972,mula_vi_05,102,"<p class=""noindentbodytext""> တသ္မိံ<a name=""M0.0102""></a> ဝတ္ထုသ္မိံ။ ဧကာ ပညတ္တိ။ ဆန္နံ အာပတ္တိသမုဋ္ဌာနာနံ ဧကေန သမုဋ္ဌာနေန သမုဋ္ဌာတိ – ဓုရနိက္ခေပေ…ပေ…။</p>
<p class=""bodytext""><a name=""para214""></a><a name=""para214_vin5""></a><span class=""paranum"">၂၁၄</span>။ ကိသ္မိဉ္စိဒေဝ အဓိကရဏေ ပစ္စာကတာယ ဘိက္ခုနိယာ ယာဝတတိယံ သမနုဘာသနာယ န ပဋိနိဿဇ္ဇန္တိယာ သံဃာဒိသေသော ကတ္ထ ပညတ္တောတိ? သာဝတ္ထိယံ ပညတ္တော။ ကံ အာရဗ္ဘာတိ? စဏ္ဍကာဠိံ <a name=""T0.0144""></a> ဘိက္ခုနိံ အာရဗ္ဘ။ ကိသ္မိံ ဝတ္ထုသ္မိန္တိ? စဏ္ဍကာဠီ ဘိက္ခုနီ ကိသ္မိဉ္စိဒေဝ အဓိကရဏေ ပစ္စာကတာ ကုပိတာ အနတ္တမနာ ဧဝံ အဝစ – ‘‘ဆန္ဒဂါမိနိယော စ ဘိက္ခုနိယော, ဒေါသဂါမိနိယော စ ဘိက္ခုနိယော, မောဟဂါမိနိယော စ ဘိက္ခုနိယော, ဘယဂါမိနိယော စ ဘိက္ခုနိယော’’တိ, တသ္မိံ ဝတ္ထုသ္မိံ။ ဧကာ ပညတ္တိ။ ဆန္နံ အာပတ္တိသမုဋ္ဌာနာနံ ဧကေန သမုဋ္ဌာနေန သမုဋ္ဌာတိ – ဓုရနိက္ခေပေ…ပေ…။</p>
<p class=""bodytext""><a name=""para215""></a><a name=""para215_vin5""></a><span class=""paranum"">၂၁၅</span>။ သံသဋ္ဌာနံ ဘိက္ခုနီနံ ယာဝတတိယံ သမနုဘာသနာယ န ပဋိနိဿဇ္ဇန္တီနံ သံဃာဒိသေသော ကတ္ထ ပညတ္တောတိ? သာဝတ္ထိယံ ပညတ္တော။ ကံ အာရဗ္ဘာတိ? သမ္ဗဟုလာ ဘိက္ခုနိယော အာရဗ္ဘ။ ကိသ္မိံ ဝတ္ထုသ္မိန္တိ? သမ္ဗဟုလာ ဘိက္ခုနိယော သံသဋ္ဌာ ဝိဟရိံသု, တသ္မိံ ဝတ္ထုသ္မိံ။ ဧကာ ပညတ္တိ။ ဆန္နံ အာပတ္တိသမုဋ္ဌာနာနံ ဧကေန သမုဋ္ဌာနေန သမုဋ္ဌာတိ – ဓုရနိက္ခေပေ…ပေ…။</p>
<p class=""bodytext""><a name=""para216""></a><a name=""para216_vin5""></a><span class=""paranum"">၂၁၆</span>။ ‘‘သံသဋ္ဌာဝ, အယျေ, တုမှေ ဝိဟရထ။ မာ တုမှေ နာနာ ဝိဟရိတ္ထာ’’တိ ဥယျောဇေန္တိယာ ယာဝတတိယံ သမနုဘာသနာယ န ပဋိနိဿဇ္ဇန္တိယာ သံဃာဒိသေသော ကတ္ထ ပညတ္တောတိ? သာဝတ္ထိယံ ပညတ္တော။ ကံ အာရဗ္ဘာတိ? ထုလ္လနန္ဒံ ဘိက္ခုနိံ အာရဗ္ဘ။ ကိသ္မိံ ဝတ္ထုသ္မိန္တိ? ထုလ္လနန္ဒာ ဘိက္ခုနီ – ‘‘သံသဋ္ဌာဝ အယျေ, တုမှေ ဝိဟရထ, မာ တုမှေ နာနာ ဝိဟရိတ္ထာ’’တိ ဥယျောဇေသိ, တသ္မိံ <a name=""V0.0114""></a> ဝတ္ထုသ္မိံ။ ဧကာ ပညတ္တိ။ ဆန္နံ အာပတ္တိသမုဋ္ဌာနာနံ ဧကေန သမုဋ္ဌာနေန သမုဋ္ဌာတိ – ဓုရနိက္ခေပေ…ပေ…။</p>
<p class=""centered"">ဒသ သံဃာဒိသေသာ နိဋ္ဌိတာ။</p>
<p class=""centered"">တဿုဒ္ဒါနံ –</p>
<p class=""gatha1"">ဥဿယစောရိ <a name=""T0.0145""></a> ဂါမန္တံ, ဥက္ခိတ္တံ ခါဒနေန စ၊</p>
<p class=""gathalast"">ကိံ တေ ကုပိတာ ကိသ္မိဉ္စိ, သံသဋ္ဌာ ဉာယတေ ဒသာတိ။</p>
",-214-215-216-
1973,mula_vi_05,103,"<p class=""subhead"">၃။ နိဿဂ္ဂိယကဏ္ဍံ</p>
<p class=""bodytext""><a name=""para217""></a><a name=""para217_vin5""></a><span class=""paranum"">၂၁၇</span>။ ယံ <a name=""M0.0103""></a> တေန ဘဂဝတာ ဇာနတာ ပဿတာ အရဟတာ သမ္မာသမ္ဗုဒ္ဓေန ပတ္တသန္နိစယံ ကရောန္တိယာ နိဿဂ္ဂိယံ ပါစိတ္တိယံ ကတ္ထ ပညတ္တန္တိ? သာဝတ္ထိယံ ပညတ္တံ။ ကံ အာရဗ္ဘာတိ? ဆဗ္ဗဂ္ဂိယာ ဘိက္ခုနိယော အာရဗ္ဘ။ ကိသ္မိံ ဝတ္ထုသ္မိန္တိ? ဆဗ္ဗဂ္ဂိယာ ဘိက္ခုနိယော ပတ္တသန္နိစယံ အကံသု, တသ္မိံ ဝတ္ထုသ္မိံ။ ဧကာ ပညတ္တိ။ ဆန္နံ အာပတ္တိသမုဋ္ဌာနာနံ ဒွီဟိ သမုဋ္ဌာနေဟိ သမုဋ္ဌာတိ – ကထိနကေ…ပေ…။</p>
<p class=""bodytext"">အကာလစီဝရံ ‘‘ကာလစီဝရ’’န္တိ အဓိဋ္ဌဟိတွာ ဘာဇာပေန္တိယာ နိဿဂ္ဂိယံ ပါစိတ္တိယံ ကတ္ထ ပညတ္တန္တိ? သာဝတ္ထိယံ ပညတ္တံ။ ကံ အာရဗ္ဘာတိ? ထုလ္လနန္ဒံ ဘိက္ခုနိံ အာရဗ္ဘ။ ကိသ္မိံ ဝတ္ထုသ္မိန္တိ? ထုလ္လနန္ဒာ ဘိက္ခုနီ <a name=""P5.0058""></a> အကာလစီဝရံ ‘‘ကာလစီဝရ’’န္တိ အဓိဋ္ဌဟိတွာ ဘာဇာပေသိ, တသ္မိံ ဝတ္ထုသ္မိံ။ ဧကာ ပညတ္တိ။ ဆန္နံ အာပတ္တိသမုဋ္ဌာနာနံ တီဟိ သမုဋ္ဌာနေဟိ သမုဋ္ဌာတိ…ပေ…။</p>
<p class=""bodytext"">ဘိက္ခုနိယာ သဒ္ဓိံ စီဝရံ ပရိဝတ္တေတွာ အစ္ဆိန္ဒန္တိယာ နိဿဂ္ဂိယံ ပါစိတ္တိယံ ကတ္ထ ပညတ္တန္တိ? သာဝတ္ထိယံ ပညတ္တံ။ ကံ အာရဗ္ဘာတိ? ထုလ္လနန္ဒံ ဘိက္ခုနိံ အာရဗ္ဘ။ ကိသ္မိံ ဝတ္ထုသ္မိန္တိ? ထုလ္လနန္ဒာ ဘိက္ခုနီ ဘိက္ခုနိယာ သဒ္ဓိံ စီဝရံ ပရိဝတ္တေတွာ အစ္ဆိန္ဒိ, တသ္မိံ <a name=""T0.0146""></a> ဝတ္ထုသ္မိံ။ ဧကာ ပညတ္တိ။ ဆန္နံ အာပတ္တိသမုဋ္ဌာနာနံ တီဟိ သမုဋ္ဌာနေဟိ သမုဋ္ဌာတိ…ပေ…။</p>
<p class=""bodytext"">အညံ ဝိညာပေတွာ အညံ ဝိညာပေန္တိယာ နိဿဂ္ဂိယံ ပါစိတ္တိယံ ကတ္ထ ပညတ္တန္တိ? သာဝတ္ထိယံ ပညတ္တံ။ ကံ အာရဗ္ဘာတိ? ထုလ္လနန္ဒံ ဘိက္ခုနိံ အာရဗ္ဘ။ ကိသ္မိံ ဝတ္ထုသ္မိန္တိ? ထုလ္လနန္ဒာ <a name=""V0.0115""></a> ဘိက္ခုနီ အညံ ဝိညာပေတွာ အညံ ဝိညာပေသိ, တသ္မိံ ဝတ္ထုသ္မိံ။ ဧကာ ပညတ္တိ။ ဆန္နံ အာပတ္တိသမုဋ္ဌာနာနံ ဆဟိ သမုဋ္ဌာနေဟိ သမုဋ္ဌာတိ…ပေ…။</p>
<p class=""bodytext"">အညံ စေတာပေတွာ အညံ စေတာပေန္တိယာ နိဿဂ္ဂိယံ ပါစိတ္တိယံ ကတ္ထ ပညတ္တန္တိ? သာဝတ္ထိယံ ပညတ္တံ။ ကံ အာရဗ္ဘာတိ? ထုလ္လနန္ဒံ ဘိက္ခုနိံ အာရဗ္ဘ။ ကိသ္မိံ ဝတ္ထုသ္မိန္တိ? ထုလ္လနန္ဒာ ဘိက္ခုနီ အညံ စေတာပေတွာ အညံ စေတာပေသိ, တသ္မိံ ဝတ္ထုသ္မိံ။ ဧကာ ပညတ္တိ။ ဆန္နံ အာပတ္တိသမုဋ္ဌာနာနံ ဆဟိ သမုဋ္ဌာနေဟိ သမုဋ္ဌာတိ…ပေ…။</p>
<p class=""bodytext"">အညဒတ္ထိကေန ပရိက္ခာရေန အညုဒ္ဒိသိကေန သံဃိကေန အညံ စေတာပေန္တိယာ နိဿဂ္ဂိယံ ပါစိတ္တိယံ ကတ္ထံ ပညတ္တန္တိ? သာဝတ္ထိယံ ပညတ္တံ။ ကံ</p>
",-217-
1974,mula_vi_05,104,"<p class=""noindentbodytext""> အာရဗ္ဘာတိ<a name=""M0.0104""></a>? သမ္ဗဟုလာ ဘိက္ခုနိယော အာရဗ္ဘ။ ကိသ္မိံ ဝတ္ထုသ္မိန္တိ? သမ္ဗဟုလာ ဘိက္ခုနိယော အညဒတ္ထိကေန ပရိက္ခာရေန အညုဒ္ဒိသိကေန သံဃိကေန အညံ စေတာပေသုံ, တသ္မိံ ဝတ္ထုသ္မိံ။ ဧကာ ပညတ္တိ။ ဆန္နံ အာပတ္တိသမုဋ္ဌာနာနံ ဆဟိ သမုဋ္ဌာနေဟိ <a name=""T0.0147""></a> သမုဋ္ဌာတိ…ပေ…။</p>
<p class=""bodytext"">အညဒတ္ထိကေန ပရိက္ခာရေန အညုဒ္ဒိသိကေန သံဃိကေန သညာစိကေန အညံ စေတာပေန္တိယာ နိဿဂ္ဂိယံ ပါစိတ္တိယံ ကတ္ထ ပညတ္တန္တိ? သာဝတ္ထိယံ ပညတ္တံ။ ကံ အာရဗ္ဘာတိ? သမ္ဗဟုလာ ဘိက္ခုနိယော အာရဗ္ဘ။ ကိသ္မိံ ဝတ္ထုသ္မိန္တိ? သမ္ဗဟုလာ ဘိက္ခုနိယော အညဒတ္ထိကေန ပရိက္ခာရေန အညုဒ္ဒိသိကေန သံဃိကေန သညာစိကေန အညံ စေတာပေသုံ, တသ္မိံ ဝတ္ထုသ္မိံ။ ဧကာ ပညတ္တိ။ ဆန္နံ အာပတ္တိသမုဋ္ဌာနာနံ ဆဟိ သမုဋ္ဌာနေဟိ သမုဋ္ဌာတိ…ပေ…။</p>
<p class=""bodytext"">အညဒတ္ထိကေန ပရိက္ခာရေန အညုဒ္ဒိသိကေန မဟာဇနိကေန အညံ စေတာပေန္တိယာ နိဿဂ္ဂိယံ ပါစိတ္တိယံ ကတ္ထ ပညတ္တန္တိ? သာဝတ္ထိယံ ပညတ္တံ။ ကံ အာရဗ္ဘာတိ? သမ္ဗဟုလာ ဘိက္ခုနိယော အာရဗ္ဘ။ ကိသ္မိံ ဝတ္ထုသ္မိန္တိ? သမ္ဗဟုလာ ဘိက္ခုနိယော အညဒတ္ထိကေန ပရိက္ခာရေန <a name=""V0.0116""></a> အညုဒ္ဒိသိကေန မဟာဇနိကေန အညံ စေတာပေသုံ, တသ္မိံ ဝတ္ထုသ္မိံ။ ဧကာ ပညတ္တိ။ ဆန္နံ အာပတ္တိသမုဋ္ဌာနာနံ ဆဟိ သမုဋ္ဌာနေဟိ သမုဋ္ဌာတိ…ပေ…။</p>
<p class=""bodytext"">အညဒတ္ထိကေန ပရိက္ခာရေန အညုဒ္ဒိသိကေန မဟာဇနိကေန သညာစိကေန အညံ စေတာပေန္တိယာ နိဿဂ္ဂိယံ ပါစိတ္တိယံ ကတ္ထ ပညတ္တန္တိ? သာဝတ္ထိယံ ပညတ္တံ။ ကံ အာရဗ္ဘာတိ? သမ္ဗဟုလာ ဘိက္ခုနိယော အာရဗ္ဘ။ ကိသ္မိံ ဝတ္ထုသ္မိန္တိ? သမ္ဗဟုလာ ဘိက္ခုနိယော အညဒတ္ထိကေန ပရိက္ခာရေန အညုဒ္ဒိသိကေန မဟာဇနိကေန သညာစိကေန <a name=""T0.0148""></a> အညံ စေတာပေသုံ, တသ္မိံ ဝတ္ထုသ္မိံ။ ဧကာ ပညတ္တိ။ ဆန္နံ အာပတ္တိသမုဋ္ဌာနာနံ ဆဟိ သမုဋ္ဌာနေဟိ သမုဋ္ဌာတိ…ပေ…။</p>
<p class=""bodytext"">အညဒတ္ထိကေန ပရိက္ခာရေန အညုဒ္ဒိသိကေန ပုဂ္ဂလိကေန သညာစိကေန အညံ စေတာပေန္တိယာ နိဿဂ္ဂိယံ ပါစိတ္တိယံ ကတ္ထ ပညတ္တန္တိ? သာဝတ္ထိယံ ပညတ္တံ။ ကံ အာရဗ္ဘာတိ? ထုလ္လနန္ဒံ ဘိက္ခုနိံ အာရဗ္ဘ။ ကိသ္မိံ ဝတ္ထုသ္မိန္တိ? ထုလ္လနန္ဒာ ဘိက္ခုနီ အညဒတ္ထိကေန ပရိက္ခာရေန အညုဒ္ဒိသိကေန ပုဂ္ဂလိကေန သညာစိကေန အညံ စေတာပေသိ, တသ္မိံ ဝတ္ထုသ္မိံ။ ဧကာ ပညတ္တိ။ ဆန္နံ အာပတ္တိသမုဋ္ဌာနာနံ ဆဟိ သမုဋ္ဌာနေဟိ သမုဋ္ဌာတိ…ပေ…။</p>
",
1975,mula_vi_05,105,"<p class=""bodytext"">အတိရေကစတုက္ကံသပရမံ <a name=""M0.0105""></a> ဂရုပါဝုရဏံ စေတာပေန္တိယာ နိဿဂ္ဂိယံ ပါစိတ္တိယံ ကတ္ထ ပညတ္တန္တိ? သာဝတ္ထိယံ ပညတ္တံ။ ကံ အာရဗ္ဘာတိ? ထုလ္လနန္ဒံ ဘိက္ခုနိံ အာရဗ္ဘ။ ကိသ္မိံ ဝတ္ထုသ္မိန္တိ? ထုလ္လနန္ဒာ ဘိက္ခုနီ ရာဇာနံ ကမ္ဗလံ ဝိညာပေသိ, တသ္မိံ ဝတ္ထုသ္မိံ။ ဧကာ ပညတ္တိ။ ဆန္နံ အာပတ္တိသမုဋ္ဌာနာနံ ဆဟိ သမုဋ္ဌာနေဟိ သမုဋ္ဌာတိ…ပေ…။</p>
<p class=""bodytext"">အတိရေကအဍ္ဎတေယျကံသပရမံ လဟုပါဝုရဏံ စေတာပေန္တိယာ <a name=""P5.0059""></a> နိဿဂ္ဂိယံ ပါစိတ္တိယံ ကတ္ထ ပညတ္တန္တိ? သာဝတ္ထိယံ ပညတ္တံ။ ကံ အာရဗ္ဘာတိ? ထုလ္လနန္ဒံ ဘိက္ခုနိံ အာရဗ္ဘ။ ကိသ္မိံ ဝတ္ထုသ္မိန္တိ? ထုလ္လနန္ဒာ ဘိက္ခုနီ ရာဇာနံ ခေါမံ ဝိညာပေသိ, တသ္မိံ ဝတ္ထုသ္မိံ။ ဧကာ ပညတ္တိ။ ဆန္နံ အာပတ္တိသမုဋ္ဌာနာနံ ဆဟိ သမုဋ္ဌာနေဟိ သမုဋ္ဌာတိ <a name=""T0.0149""></a> …ပေ…။</p>
<p class=""centered"">ဒွါဒသ နိဿဂ္ဂိယာ ပါစိတ္တိယာ နိဋ္ဌိတာ။</p>
<p class=""centered"">တဿုဒ္ဒါနံ –</p>
<p class=""gatha1"">ပတ္တံ အကာလံ ကာလဉ္စ, ပရိဝတ္တေ စ ဝိညာပေ၊</p>
<p class=""gatha2"">စေတာပေတွာ အညဒတ္ထိ, သံဃိကဉ္စ မဟာဇနိကံ၊</p>
<p class=""gathalast"">သညာစိကာ ပုဂ္ဂလိကာ, စတုက္ကံသဍ္ဎတေယျကာတိ။</p>
<p class=""subhead"">၄။ ပါစိတ္တိယကဏ္ဍံ</p>
<p class=""subhead"">၁။ လသုဏဝဂ္ဂေါ</p>
<p class=""bodytext""><a name=""para218""></a><a name=""para218_vin5""></a><span class=""paranum"">၂၁၈</span>။ ယံ တေန ဘဂဝတာ ဇာနတာ ပဿတာ အရဟတာ သမ္မာသမ္ဗုဒ္ဓေန လသုဏံ ခါဒန္တိယာ ပါစိတ္တိယံ <a name=""V0.0117""></a> ကတ္ထ ပညတ္တန္တိ? သာဝတ္ထိယံ ပညတ္တံ။ ကံ အာရဗ္ဘာတိ? ထုလ္လနန္ဒံ ဘိက္ခုနိံ အာရဗ္ဘ။ ကိသ္မိံ ဝတ္ထုသ္မိန္တိ? ထုလ္လနန္ဒာ ဘိက္ခုနီ န မတ္တံ ဇာနိတွာ လသုဏံ ဟရာပေသိ, တသ္မိံ ဝတ္ထုသ္မိံ။ ဧကာ ပညတ္တိ။ ဆန္နံ အာပတ္တိသမုဋ္ဌာနာနံ ဒွီဟိ သမုဋ္ဌာနေဟိ သမုဋ္ဌာတိ ဧဠကလောမကေ…ပေ…။</p>
<p class=""bodytext"">သမ္ဗာဓေ လောမံ သံဟရာပေန္တိယာ ပါစိတ္တိယံ ကတ္ထ ပညတ္တန္တိ? သာဝတ္ထိယံ ပညတ္တံ။ ကံ အာရဗ္ဘာတိ? ဆဗ္ဗဂ္ဂိယာ ဘိက္ခုနိယော အာရဗ္ဘ။ ကိသ္မိံ ဝတ္ထုသ္မိန္တိ? ဆဗ္ဗဂ္ဂိယာ ဘိက္ခုနိယော သမ္ဗာဓေ လောမံ သံဟရာပေသုံ, တသ္မိံ ဝတ္ထုသ္မိံ။ ဧကာ ပညတ္တိ။ ဆန္နံ အာပတ္တိသမုဋ္ဌာနာနံ စတူဟိ သမုဋ္ဌာနေဟိ သမုဋ္ဌာတိ…ပေ…။</p>
",-218-
1976,mula_vi_05,106,"<p class=""bodytext"">တလဃာတကေ <a name=""M0.0106""></a> ပါစိတ္တိယံ ကတ္ထ ပညတ္တန္တိ? သာဝတ္ထိယံ ပညတ္တံ။ ကံ အာရဗ္ဘာတိ? ဒွေ ဘိက္ခုနိယော အာရဗ္ဘ။ ကိသ္မိံ ဝတ္ထုသ္မိန္တိ<a name=""T0.0150""></a>? ဒွေ ဘိက္ခုနိယော တလဃာတကံ အကံသု, တသ္မိံ ဝတ္ထုသ္မိံ။ ဧကာ ပညတ္တိ။ ဆန္နံ အာပတ္တိသမုဋ္ဌာနာနံ ဧကေန သမုဋ္ဌာနေန သမုဋ္ဌာတိ – ပဌမပါရာဇိကေ…ပေ…။</p>
<p class=""bodytext"">ဇတုမဋ္ဌကေ ပါစိတ္တိယံ ကတ္ထ ပညတ္တန္တိ? သာဝတ္ထိယံ ပညတ္တံ။ ကံ အာရဗ္ဘာတိ? အညတရံ ဘိက္ခုနိံ အာရဗ္ဘ။ ကိသ္မိံ ဝတ္ထုသ္မိန္တိ? အညတရာ ဘိက္ခုနီ ဇတုမဋ္ဌကံ အာဒိယိ, တသ္မိံ ဝတ္ထုသ္မိံ။ ဧကာ ပညတ္တိ။ ဆန္နံ အာပတ္တိသမုဋ္ဌာနာနံ ဧကေန သမုဋ္ဌာနေန သမုဋ္ဌာတိ – ပဌမပါရာဇိကေ…ပေ…။</p>
<p class=""bodytext"">အတိရေကဒွင်္ဂုလပဗ္ဗပရမံ ဥဒကသုဒ္ဓိကံ အာဒိယန္တိယာ ပါစိတ္တိယံ ကတ္ထ ပညတ္တန္တိ? သက္ကေသု ပညတ္တံ။ ကံ အာရဗ္ဘာတိ? အညတရံ ဘိက္ခုနိံ အာရဗ္ဘ။ ကိသ္မိံ ဝတ္ထုသ္မိန္တိ? အညတရာ ဘိက္ခုနီ အတိဂမ္ဘီရံ ဥဒကသုဒ္ဓိကံ အာဒိယိ, တသ္မိံ ဝတ္ထုသ္မိံ။ ဧကာ ပညတ္တိ။ ဆန္နံ အာပတ္တိသမုဋ္ဌာနာနံ ဧကေန သမုဋ္ဌာနေန သမုဋ္ဌာတိ – ပဌမပါရာဇိကေ…ပေ…။</p>
<p class=""bodytext"">ဘိက္ခုဿ ဘုဉ္ဇန္တဿ ပါနီယေန ဝါ ဝိဓူပနေန ဝါ ဥပတိဋ္ဌန္တိယာ ပါစိတ္တိယံ ကတ္ထ ပညတ္တန္တိ? သာဝတ္ထိယံ ပညတ္တံ။ ကံ အာရဗ္ဘာတိ? အညတရံ ဘိက္ခုနိံ အာရဗ္ဘ။ ကိသ္မိံ ဝတ္ထုသ္မိန္တိ? အညတရာ ဘိက္ခုနီ ဘိက္ခုဿ ဘုဉ္ဇန္တဿ ပါနီယေန စ ဝိဓူပနေန စ ဥပတိဋ္ဌိ, တသ္မိံ ဝတ္ထုသ္မိံ။ ဧကာ ပညတ္တိ။ ဆန္နံ အာပတ္တိသမုဋ္ဌာနာနံ ဒွီဟိ သမုဋ္ဌာနေဟိ သမုဋ္ဌာတိ – ဧဠကလောမကေ…ပေ…။</p>
<p class=""bodytext"">အာမကဓညံ <a name=""T0.0151""></a><a name=""P5.0060""></a><a name=""V0.0118""></a> ဝိညာပေတွာ ဘုဉ္ဇန္တိယာ ပါစိတ္တိယံ ကတ္ထ ပညတ္တန္တိ? သာဝတ္ထိယံ ပညတ္တံ။ ကံ အာရဗ္ဘာတိ? သမ္ဗဟုလာ ဘိက္ခုနိယော အာရဗ္ဘ။ ကိသ္မိံ ဝတ္ထုသ္မိန္တိ? သမ္ဗဟုလာ ဘိက္ခုနိယော အာမကဓညံ ဝိညာပေတွာ ဘုဉ္ဇိံသု, တသ္မိံ ဝတ္ထုသ္မိံ။ ဧကာ ပညတ္တိ။ ဆန္နံ အာပတ္တိသမုဋ္ဌာနာနံ စတူဟိ သမုဋ္ဌာနေဟိ သမုဋ္ဌာတိ…ပေ…။</p>
<p class=""bodytext"">ဥစ္စာရံ ဝါ ပဿာဝံ ဝါ သင်္ကာရံ ဝါ ဝိဃာသံ ဝါ တိရောကုဋ္ဋေ <span class=""note"">[တိရောကုဍ္ဍေ (သီ။ သျာ။)]</span> ဆဍ္ဍေန္တိယာ ပါစိတ္တိယံ ကတ္ထ ပညတ္တန္တိ? သာဝတ္ထိယံ ပညတ္တံ။ ကံ အာရဗ္ဘာတိ? အညတရံ ဘိက္ခုနိံ အာရဗ္ဘ။ ကိသ္မိံ ဝတ္ထုသ္မိန္တိ? အညတရာ ဘိက္ခုနီ ဥစ္စာရံ <span class=""note"">[ဥစ္စာရမ္ပိ ပဿာဝမ္ပိ သင်္ကာရမ္ပိ ဝိဃာသမ္ပိ (က။)]</span> တိရောကုဋ္ဋေ ဆဍ္ဍေသိ, တသ္မိံ ဝတ္ထုသ္မိံ။ ဧကာ ပညတ္တိ။ ဆန္နံ အာပတ္တိသမုဋ္ဌာနာနံ ဆဟိ သမုဋ္ဌာနေဟိ သမုဋ္ဌာတိ…ပေ…။</p>
",
1977,mula_vi_05,107,"<p class=""bodytext"">ဥစ္စာရံ <a name=""M0.0107""></a> ဝါ ပဿာဝံ ဝါ သင်္ကာရံ ဝါ ဝိဃာသံ ဝါ ဟရိတေ ဆဍ္ဍေန္တိယာ ပါစိတ္တိယံ ကတ္ထ ပညတ္တန္တိ? သာဝတ္ထိယံ ပညတ္တံ။ ကံ အာရဗ္ဘာတိ? သမ္ဗဟုလာ ဘိက္ခုနိယော အာရဗ္ဘ။ ကိသ္မိံ ဝတ္ထုသ္မိန္တိ? သမ္ဗဟုလာ ဘိက္ခုနိယော ဥစ္စာရမ္ပိ ပဿာဝမ္ပိ သင်္ကာရမ္ပိ ဝိဃာသမ္ပိ ဟရိတေ ဆဍ္ဍေသုံ, တသ္မိံ ဝတ္ထုသ္မိံ။ ဧကာ ပညတ္တိ။ ဆန္နံ အာပတ္တိသမုဋ္ဌာနာနံ ဆဟိ သမုဋ္ဌာနေဟိ သမုဋ္ဌာတိ…ပေ…။</p>
<p class=""bodytext"">နစ္စံ ဝါ ဂီတံ ဝါ ဝါဒိတံ ဝါ ဒဿနာယ ဂစ္ဆန္တိယာ ပါစိတ္တိယံ <a name=""T0.0152""></a> ကတ္ထ ပညတ္တန္တိ? ရာဇဂဟေ ပညတ္တံ။ ကံ အာရဗ္ဘာတိ? ဆဗ္ဗဂ္ဂိယာ ဘိက္ခုနိယော အာရဗ္ဘ။ ကိသ္မိံ ဝတ္ထုသ္မိန္တိ? ဆဗ္ဗဂ္ဂိယာ ဘိက္ခုနိယော နစ္စမ္ပိ ဂီတမ္ပိ ဝါဒိတမ္ပိ ဒဿနာယ အဂမံသု, တသ္မိံ ဝတ္ထုသ္မိံ။ ဧကာ ပညတ္တိ။ ဆန္နံ အာပတ္တိသမုဋ္ဌာနာနံ ဒွီဟိ သမုဋ္ဌာနေဟိ သမုဋ္ဌာတိ – ဧဠကလောမကေ…ပေ…။</p>
<p class=""centered"">လသုဏဝဂ္ဂေါ ပဌမော။</p>
<p class=""subhead"">၂။ ရတ္တန္ဓကာရဝဂ္ဂေါ</p>
<p class=""bodytext""><a name=""para219""></a><a name=""para219_vin5""></a><span class=""paranum"">၂၁၉</span>။ ရတ္တန္ဓကာရေ အပ္ပဒီပေ ပုရိသေန သဒ္ဓိံ ဧကေနေကာယ သန္တိဋ္ဌန္တိယာ ပါစိတ္တိယံ ကတ္ထ ပညတ္တန္တိ? သာဝတ္ထိယံ ပညတ္တံ။ ကံ အာရဗ္ဘာတိ? အညတရံ ဘိက္ခုနိံ အာရဗ္ဘ။ ကိသ္မိံ ဝတ္ထုသ္မိန္တိ? အညတရာ ဘိက္ခုနီ ရတ္တန္ဓကာရေ အပ္ပဒီပေ ပုရိသေန သဒ္ဓိံ ဧကေနေကာ သန္တိဋ္ဌိ, တသ္မိံ ဝတ္ထုသ္မိံ။ ဧကာ ပညတ္တိ။ ဆန္နံ အာပတ္တိသမုဋ္ဌာနာနံ ဒွီဟိ သမုဋ္ဌာနေဟိ သမုဋ္ဌာတိ – ထေယျသတ္ထကေ…ပေ…။</p>
<p class=""bodytext"">ပဋိစ္ဆန္နေ <a name=""V0.0119""></a> ဩကာသေ ပုရိသေန သဒ္ဓိံ ဧကေနေကာယ သန္တိဋ္ဌန္တိယာ ပါစိတ္တိယံ ကတ္ထ ပညတ္တန္တိ? သာဝတ္ထိယံ ပညတ္တံ။ ကံ အာရဗ္ဘာတိ? အညတရံ ဘိက္ခုနိံ အာရဗ္ဘ။ ကိသ္မိံ ဝတ္ထုသ္မိန္တိ? အညတရာ ဘိက္ခုနီ ပဋိစ္ဆန္နေ ဩကာသေ ပုရိသေန သဒ္ဓိံ ဧကေနေကာ သန္တိဋ္ဌိ, တသ္မိံ ဝတ္ထုသ္မိံ။ ဧကာ ပညတ္တိ။ ဆန္နံ အာပတ္တိသမုဋ္ဌာနာနံ ဒွီဟိ သမုဋ္ဌာနေဟိ သမုဋ္ဌာတိ – ထေယျသတ္ထကေ…ပေ…။</p>
<p class=""bodytext"">အဇ္ဈောကာသေ ပုရိသေန သဒ္ဓိံ ဧကေနေကာယ သန္တိဋ္ဌန္တိယာ ပါစိတ္တိယံ ကတ္ထ ပညတ္တန္တိ? သာဝတ္ထိယံ ပညတ္တံ။ ကံ အာရဗ္ဘာတိ<a name=""T0.0153""></a>? အညတရံ ဘိက္ခုနိံ အာရဗ္ဘ။ ကိသ္မိံ ဝတ္ထုသ္မိန္တိ? အညတရာ ဘိက္ခုနီ အဇ္ဈောကာသေ ပုရိသေန သဒ္ဓိံ ဧကေနေကာ သန္တိဋ္ဌိ, တသ္မိံ ဝတ္ထုသ္မိံ။ ဧကာ ပညတ္တိ။ ဆန္နံ အာပတ္တိသမုဋ္ဌာနာနံ ဒွီဟိ သမုဋ္ဌာနေဟိ သမုဋ္ဌာတိ – ထေယျသတ္ထကေ…ပေ…။</p>
",-219-
1978,mula_vi_05,108,"<p class=""bodytext"">ရထိကာ <a name=""M0.0108""></a> ဝါ <span class=""note"">[ရထိယာယ ဝါ (က။)]</span> ဗျူဟေ ဝါ သိင်္ဃာဋကေ ဝါ ပုရိသေန သဒ္ဓိံ ဧကေနေကာယ သန္တိဋ္ဌန္တိယာ ပါစိတ္တိယံ ကတ္ထ ပညတ္တန္တိ? သာဝတ္ထိယံ ပညတ္တံ။ ကံ အာရဗ္ဘာတိ? ထုလ္လနန္ဒံ ဘိက္ခုနိံ အာရဗ္ဘ။ ကိသ္မိံ ဝတ္ထုသ္မိန္တိ? ထုလ္လနန္ဒာ ဘိက္ခုနီ ရထိကာယပိ ဗျူဟေပိ သိင်္ဃာဋကေပိ ပုရိသေန သဒ္ဓိံ ဧကေနေကာ သန္တိဋ္ဌိ, တသ္မိံ ဝတ္ထုသ္မိံ။ ဧကာ ပညတ္တိ။ ဆန္နံ အာပတ္တိသမုဋ္ဌာနာနံ ဒွီဟိ သမုဋ္ဌာနေဟိ သမုဋ္ဌာတိ – ထေယျသတ္ထကေ…ပေ…။</p>
<p class=""bodytext"">ပုရေဘတ္တံ ကုလာနိ ဥပသင်္ကမိတွာ အာသနေ နိသီဒိတွာ သာမိကေ အနာပုစ္ဆာ ပက္ကမန္တိယာ ပါစိတ္တိယံ ကတ္ထ ပညတ္တန္တိ? သာဝတ္ထိယံ ပညတ္တံ<a name=""P5.0061""></a>။ ကံ အာရဗ္ဘာတိ? အညတရံ ဘိက္ခုနိံ အာရဗ္ဘ။ ကိသ္မိံ ဝတ္ထုသ္မိန္တိ? အညတရာ ဘိက္ခုနီ ပုရေဘတ္တံ ကုလာနိ ဥပသင်္ကမိတွာ အာသနေ နိသီဒိတွာ သာမိကေ အနာပုစ္ဆာ ပက္ကာမိ, တသ္မိံ ဝတ္ထုသ္မိံ။ ဧကာ ပညတ္တိ။ ဆန္နံ အာပတ္တိသမုဋ္ဌာနာနံ ဒွီဟိ သမုဋ္ဌာနေဟိ သမုဋ္ဌာတိ – ကထိနကေ…ပေ…။</p>
<p class=""bodytext"">ပစ္ဆာဘတ္တံ ကုလာနိ ဥပသင်္ကမိတွာ သာမိကေ အနာပုစ္ဆာ အာသနေ အဘိနိသီဒန္တိယာ ပါစိတ္တိယံ ကတ္ထ ပညတ္တန္တိ? သာဝတ္ထိယံ ပညတ္တံ<a name=""T0.0154""></a>။ ကံ အာရဗ္ဘာတိ? ထုလ္လနန္ဒံ ဘိက္ခုနိံ အာရဗ္ဘ။ ကိသ္မိံ ဝတ္ထုသ္မိန္တိ? ထုလ္လနန္ဒာ ဘိက္ခုနီ ပစ္ဆာဘတ္တံ ကုလာနိ ဥပသင်္ကမိတွာ သာမိကေ အနာပုစ္ဆာ အာသနေ အဘိနိသီဒိ, တသ္မိံ ဝတ္ထုသ္မိံ။ ဧကာ ပညတ္တိ။ ဆန္နံ အာပတ္တိသမုဋ္ဌာနာနံ ဒွီဟိ သမုဋ္ဌာနေဟိ သမုဋ္ဌာတိ – ကထိနကေ…ပေ…။</p>
<p class=""bodytext"">ဝိကာလေ ကုလာနိ ဥပသင်္ကမိတွာ သာမိကေ အနာပုစ္ဆာ သေယျံ သန္ထရိတွာ ဝါ သန္ထရာပေတွာ ဝါ <a name=""V0.0120""></a> အဘိနိသီဒန္တိယာ ပါစိတ္တိယံ ကတ္ထ ပညတ္တန္တိ? သာဝတ္ထိယံ ပညတ္တံ။ ကံ အာရဗ္ဘာတိ? သမ္ဗဟုလာ ဘိက္ခုနိယော အာရဗ္ဘ။ ကိသ္မိံ ဝတ္ထုသ္မိန္တိ? သမ္ဗဟုလာ ဘိက္ခုနိယော ဝိကာလေ ကုလာနိ ဥပသင်္ကမိတွာ သာမိကေ အနာပုစ္ဆာ သေယျံ သန္ထရိတွာ အဘိနိသီဒိံသု, တသ္မိံ ဝတ္ထုသ္မိံ။ ဧကာ ပညတ္တိ။ ဆန္နံ အာပတ္တိသမုဋ္ဌာနာနံ ဒွီဟိ သမုဋ္ဌာနေဟိ သမုဋ္ဌာတိ – ကထိနကေ…ပေ…။</p>
<p class=""bodytext"">ဒုဂ္ဂဟိတေန ဒူပဓာရိတေန ပရံ ဥဇ္ဈာပေန္တိယာ ပါစိတ္တိယံ ကတ္ထ ပညတ္တန္တိ? သာဝတ္ထိယံ ပညတ္တံ။ ကံ အာရဗ္ဘာတိ? အညတရံ ဘိက္ခုနိံ အာရဗ္ဘ။ ကိသ္မိံ ဝတ္ထုသ္မိန္တိ? အညတရာ ဘိက္ခုနီ ဒုဂ္ဂဟိတေန ဒူပဓာရိတေန ပရံ ဥဇ္ဈာပေသိ, တသ္မိံ ဝတ္ထုသ္မိံ။ ဧကာ ပညတ္တိ ဆန္နံ အာပတ္တိသမုဋ္ဌာနာနံ တီဟိ သမုဋ္ဌာနေဟိ သမုဋ္ဌာတိ…ပေ…။</p>
",
1979,mula_vi_05,109,"<p class=""bodytext"">အတ္တာနံ <a name=""M0.0109""></a> ဝါ ပရံ ဝါ နိရယေန ဝါ ဗြဟ္မစရိယေန ဝါ အဘိသပန္တိယာ ပါစိတ္တိယံ ကတ္ထ ပညတ္တန္တိ? သာဝတ္ထိယံ ပညတ္တံ။ ကံ <a name=""T0.0155""></a> အာရဗ္ဘာတိ? စဏ္ဍကာဠိံ ဘိက္ခုနိံ အာရဗ္ဘ။ ကိသ္မိံ ဝတ္ထုသ္မိန္တိ? စဏ္ဍကာဠီ ဘိက္ခုနီ အတ္တာနမ္ပိ ပရမ္ပိ နိရယေနပိ ဗြဟ္မစရိယေနပိ အဘိသပိ, တသ္မိံ ဝတ္ထုသ္မိံ။ ဧကာ ပညတ္တိ။ ဆန္နံ အာပတ္တိသမုဋ္ဌာနာနံ တီဟိ သမုဋ္ဌာနေဟိ သမုဋ္ဌာတိ…ပေ…။</p>
<p class=""bodytext"">အတ္တာနံ ဝဓိတွာ ဝဓိတွာ ရောဒန္တိယာ ပါစိတ္တိယံ ကတ္ထ ပညတ္တန္တိ? သာဝတ္ထိယံ ပညတ္တံ။ ကံ အာရဗ္ဘာတိ? စဏ္ဍကာဠိံ ဘိက္ခုနိံ အာရဗ္ဘ။ ကိသ္မိံ ဝတ္ထုသ္မိန္တိ? စဏ္ဍကာဠီ ဘိက္ခုနီ အတ္တာနံ ဝဓိတွာ ဝဓိတွာ ရောဒိ, တသ္မိံ ဝတ္ထုသ္မိံ။ ဧကာ ပညတ္တိ။ ဆန္နံ အာပတ္တိသမုဋ္ဌာနာနံ ဧကေန သမုဋ္ဌာနေန သမုဋ္ဌာတိ – ဓုရနိက္ခေပေ…ပေ…။</p>
<p class=""centered"">ရတ္တန္ဓကာရဝဂ္ဂေါ ဒုတိယော။</p>
<p class=""subhead"">၃။ နဟာနဝဂ္ဂေါ</p>
<p class=""bodytext""><a name=""para220""></a><a name=""para220_vin5""></a><span class=""paranum"">၂၂၀</span>။ နဂ္ဂါယ နဟာယန္တိယာ ပါစိတ္တိယံ ကတ္ထ ပညတ္တန္တိ? သာဝတ္ထိယံ ပညတ္တံ။ ကံ အာရဗ္ဘာတိ? သမ္ဗဟုလာ ဘိက္ခုနိယော အာရဗ္ဘ။ ကိသ္မိံ ဝတ္ထုသ္မိန္တိ? သမ္ဗဟုလာ ဘိက္ခုနိယော နဂ္ဂါ နဟာယိံသု, တသ္မိံ ဝတ္ထုသ္မိံ။ ဧကာ ပညတ္တိ။ ဆန္နံ အာပတ္တိသမုဋ္ဌာနာနံ ဒွီဟိ သမုဋ္ဌာနေဟိ သမုဋ္ဌာတိ – ဧဠကလောမကေ…ပေ…။</p>
<p class=""bodytext"">ပမာဏာတိက္ကန္တံ ဥဒကသာဋိကံ ကာရာပေန္တိယာ ပါစိတ္တိယံ ကတ္ထ ပညတ္တန္တိ? သာဝတ္ထိယံ ပညတ္တံ<a name=""V0.0121""></a>။ ကံ အာရဗ္ဘာတိ? ဆဗ္ဗဂ္ဂိယာ ဘိက္ခုနိယော အာရဗ္ဘ။ ကိသ္မိံ ဝတ္ထုသ္မိန္တိ? ဆဗ္ဗဂ္ဂိယာ ဘိက္ခုနိယော အပ္ပမာဏိကာယော ဥဒကသာဋိကာယော ဓာရေသုံ, တသ္မိံ ဝတ္ထုသ္မိံ။ ဧကာ <a name=""T0.0156""></a> ပညတ္တိ။ ဆန္နံ အာပတ္တိသမုဋ္ဌာနာနံ ဆဟိ သမုဋ္ဌာနေဟိ သမုဋ္ဌာတိ…ပေ…။</p>
<p class=""bodytext"">ဘိက္ခုနိယာ <a name=""P5.0062""></a> စီဝရံ ဝိသိဗ္ဗေတွာ ဝါ ဝိသိဗ္ဗာပေတွာ ဝါ နေဝ သိဗ္ဗေန္တိယာ န သိဗ္ဗာပနာယ ဥဿုက္ကံ ကရောန္တိယာ ပါစိတ္တိယံ ကတ္ထ ပညတ္တန္တိ? သာဝတ္ထိယံ ပညတ္တံ။ ကံ အာရဗ္ဘာတိ? ထုလ္လနန္ဒံ ဘိက္ခုနိံ အာရဗ္ဘ။ ကိသ္မိံ ဝတ္ထုသ္မိန္တိ? ထုလ္လနန္ဒာ ဘိက္ခုနီ ဘိက္ခုနိယာ စီဝရံ ဝိသိဗ္ဗာပေတွာ နေဝ သိဗ္ဗေသိ န သိဗ္ဗာပနာယ ဥဿုက္ကံ အကာသိ, တသ္မိံ ဝတ္ထုသ္မိံ။ ဧကာ ပညတ္တိ။ ဆန္နံ အာပတ္တိသမုဋ္ဌာနာနံ ဧကေန သမုဋ္ဌာနေန သမုဋ္ဌာတိ – ဓုရနိက္ခေပေ…ပေ…။</p>
",-220-
1980,mula_vi_05,110,"<p class=""bodytext"">ပဉ္စာဟိကံ <a name=""M0.0110""></a> သံဃာဋိစာရံ အတိက္ကာမေန္တိယာ ပါစိတ္တိယံ ကတ္ထ ပညတ္တန္တိ? သာဝတ္ထိယံ ပညတ္တံ။ ကံ အာရဗ္ဘာတိ? သမ္ဗဟုလာ ဘိက္ခုနိယော အာရဗ္ဘ။ ကိသ္မိံ ဝတ္ထုသ္မိန္တိ? သမ္ဗဟုလာ ဘိက္ခုနိယော ဘိက္ခုနီနံ ဟတ္ထေ စီဝရံ နိက္ခိပိတွာ သန္တရုတ္တရေန ဇနပဒစာရိကံ ပက္ကမိံသု, တသ္မိံ ဝတ္ထုသ္မိံ။ ဧကာ ပညတ္တိ။ ဆန္နံ အာပတ္တိသမုဋ္ဌာနာနံ ဒွီဟိ သမုဋ္ဌာနေဟိ သမုဋ္ဌာတိ ကထိနကေ…ပေ…။</p>
<p class=""bodytext"">စီဝရသင်္ကမနီယံ ဓာရေန္တိယာ ပါစိတ္တိယံ ကတ္ထ ပညတ္တန္တိ? သာဝတ္ထိယံ ပညတ္တံ။ ကံ အာရဗ္ဘာတိ? အညတရံ ဘိက္ခုနိံ အာရဗ္ဘ။ ကိသ္မိံ ဝတ္ထုသ္မိန္တိ? အညတရာ ဘိက္ခုနီ အညတရာယ ဘိက္ခုနိယာ စီဝရံ အနာပုစ္ဆာ ပါရုပိ, တသ္မိံ ဝတ္ထုသ္မိံ။ ဧကာ ပညတ္တိ။ ဆန္နံ အာပတ္တိသမုဋ္ဌာနာနံ ဒွီဟိ သမုဋ္ဌာနေဟိ သမုဋ္ဌာတိ – ကထိနကေ…ပေ…။</p>
<p class=""bodytext"">ဂဏဿ <a name=""T0.0157""></a> စီဝရလာဘံ အန္တရာယံ ကရောန္တိယာ ပါစိတ္တိယံ ကတ္ထ ပညတ္တန္တိ? သာဝတ္ထိယံ ပညတ္တံ။ ကံ အာရဗ္ဘာတိ? ထုလ္လနန္ဒံ ဘိက္ခုနိံ အာရဗ္ဘ။ ကိသ္မိံ ဝတ္ထုသ္မိန္တိ? ထုလ္လနန္ဒာ ဘိက္ခုနီ ဂဏဿ စီဝရလာဘံ အန္တရာယံ အကာသိ, တသ္မိံ ဝတ္ထုသ္မိံ။ ဧကာ ပညတ္တိ။ ဆန္နံ အာပတ္တိသမုဋ္ဌာနာနံ တီဟိ သမုဋ္ဌာနေဟိ သမုဋ္ဌာတိ…ပေ…။</p>
<p class=""bodytext"">ဓမ္မိကံ စီဝရဝိဘင်္ဂံ ပဋိဗာဟန္တိယာ ပါစိတ္တိယံ ကတ္ထ ပညတ္တန္တိ။ သာဝတ္ထိယံ ပညတ္တံ။ ကံ အာရဗ္ဘာတိ? ထုလ္လနန္ဒံ ဘိက္ခုနိံ အာရဗ္ဘ။ ကိသ္မိံ ဝတ္ထုသ္မိန္တိ? ထုလ္လနန္ဒာ ဘိက္ခုနီ ဓမ္မိကံ <a name=""V0.0122""></a> စီဝရဝိဘင်္ဂံ ပဋိဗာဟိ, တသ္မိံ ဝတ္ထုသ္မိံ။ ဧကာ ပညတ္တိ။ ဆန္နံ အာပတ္တိသမုဋ္ဌာနာနံ တီဟိ သမုဋ္ဌာနေဟိ သမုဋ္ဌာတိ…ပေ…။</p>
<p class=""bodytext"">အဂါရိကဿ ဝါ ပရိဗ္ဗာဇကဿ ဝါ ပရိဗ္ဗာဇိကာယ ဝါ သမဏစီဝရံ ဒေန္တိယာ ပါစိတ္တိယံ ကတ္ထ ပညတ္တန္တိ? သာဝတ္ထိယံ ပညတ္တံ။ ကံ အာရဗ္ဘာတိ? ထုလ္လနန္ဒံ ဘိက္ခုနိံ အာရဗ္ဘ။ ကိသ္မိံ ဝတ္ထုသ္မိန္တိ? ထုလ္လနန္ဒာ ဘိက္ခုနီ အဂါရိကဿ သမဏစီဝရံ အဒါသိ, တသ္မိံ ဝတ္ထုသ္မိံ။ ဧကာ ပညတ္တိ။ ဆန္နံ အာပတ္တိသမုဋ္ဌာနာနံ ဆဟိ သမုဋ္ဌာနေဟိ သမုဋ္ဌာတိ…ပေ…။</p>
<p class=""bodytext"">ဒုဗ္ဗလစီဝရပစ္စာသာယ စီဝရကာလသမယံ အတိက္ကာမေန္တိယာ ပါစိတ္တိယံ ကတ္ထ ပညတ္တန္တိ? သာဝတ္ထိယံ ပညတ္တံ။ ကံ အာရဗ္ဘာတိ? ထုလ္လနန္ဒံ ဘိက္ခုနိံ အာရဗ္ဘ။ ကိသ္မိံ ဝတ္ထုသ္မိန္တိ? ထုလ္လနန္ဒာ <a name=""T0.0158""></a> ဘိက္ခုနီ ဒုဗ္ဗလစီဝရပစ္စာသာယ စီဝရကာလသမယံ အတိက္ကာမေသိ, တသ္မိံ ဝတ္ထုသ္မိံ။ ဧကာ ပညတ္တိ။ ဆန္နံ အာပတ္တိသမုဋ္ဌာနာနံ တီဟိ သမုဋ္ဌာနေဟိ သမုဋ္ဌာတိ…ပေ…။</p>
",
1981,mula_vi_05,111,"<p class=""bodytext"">ဓမ္မိကံ <a name=""M0.0111""></a> ကထိနုဒ္ဓါရံ ပဋိဗာဟန္တိယာ ပါစိတ္တိယံ ကတ္ထ ပညတ္တန္တိ? သာဝတ္ထိယံ ပညတ္တံ။ ကံ အာရဗ္ဘာတိ? ထုလ္လနန္ဒံ ဘိက္ခုနိံ အာရဗ္ဘ<a name=""P5.0063""></a>။ ကိသ္မိံ ဝတ္ထုသ္မိန္တိ? ထုလ္လနန္ဒာ ဘိက္ခုနီ ဓမ္မိကံ ကထိနုဒ္ဓါရံ ပဋိဗာဟိ, တသ္မိံ ဝတ္ထုသ္မိံ။ ဧကာ ပညတ္တိ။ ဆန္နံ အာပတ္တိသမုဋ္ဌာနာနံ တီဟိ သမုဋ္ဌာနေဟိ သမုဋ္ဌာတိ…ပေ…။</p>
<p class=""centered"">နဟာနဝဂ္ဂေါ တတိယော။</p>
<p class=""subhead"">၄။ တုဝဋ္ဋဝဂ္ဂေါ</p>
<p class=""bodytext""><a name=""para221""></a><a name=""para221_vin5""></a><span class=""paranum"">၂၂၁</span>။ ဒွိန္နံ ဘိက္ခုနီနံ ဧကမဉ္စေ တုဝဋ္ဋေန္တီနံ ပါစိတ္တိယံ ကတ္ထ ပညတ္တန္တိ? သာဝတ္ထိယံ ပညတ္တံ။ ကံ အာရဗ္ဘာတိ? သမ္ဗဟုလာ ဘိက္ခုနိယော အာရဗ္ဘ။ ကိသ္မိံ ဝတ္ထုသ္မိန္တိ? သမ္ဗဟုလာ ဘိက္ခုနိယော <a name=""V0.0123""></a> ဒွေ ဧကမဉ္စေ တုဝဋ္ဋေသုံ, တသ္မိံ ဝတ္ထုသ္မိံ။ ဧကာ ပညတ္တိ။ ဆန္နံ အာပတ္တိသမုဋ္ဌာနာနံ ဒွီဟိ သမုဋ္ဌာနေဟိ သမုဋ္ဌာတိ – ဧဠကလောမကေ…ပေ…။</p>
<p class=""bodytext"">ဒွိန္နံ ဘိက္ခုနီနံ ဧကတ္ထရဏပါဝုရဏေ တုဝဋ္ဋေန္တီနံ ပါစိတ္တိယံ ကတ္ထ ပညတ္တန္တိ? သာဝတ္ထိယံ ပညတ္တံ။ ကံ အာရဗ္ဘာတိ? သမ္ဗဟုလာ ဘိက္ခုနိယော အာရဗ္ဘ။ ကိသ္မိံ ဝတ္ထုသ္မိန္တိ? သမ္ဗဟုလာ ဘိက္ခုနိယော ဒွေ ဧကတ္ထရဏပါဝုရဏာ တုဝဋ္ဋေသုံ, တသ္မိံ ဝတ္ထုသ္မိံ။ ဧကာ ပညတ္တိ။ ဆန္နံ အာပတ္တိသမုဋ္ဌာနာနံ ဒွီဟိ သမုဋ္ဌာနေဟိ <a name=""T0.0159""></a> သမုဋ္ဌာတိ – ဧဠကလောမကေ…ပေ…။</p>
<p class=""bodytext"">ဘိက္ခုနိယာ သဉ္စိစ္စ အဖာသုံ ကရောန္တိယာ ပါစိတ္တိယံ ကတ္ထ ပညတ္တန္တိ? သာဝတ္ထိယံ ပညတ္တံ။ ကံ အာရဗ္ဘာတိ? ထုလ္လနန္ဒံ ဘိက္ခုနိံ အာရဗ္ဘ။ ကိသ္မိံ ဝတ္ထုသ္မိန္တိ? ထုလ္လနန္ဒာ ဘိက္ခုနီ ဘိက္ခုနိယာ သဉ္စိစ္စ အဖာသုံ အကာသိ, တသ္မိံ ဝတ္ထုသ္မိံ။ ဧကာ ပညတ္တိ။ ဆန္နံ အာပတ္တိသမုဋ္ဌာနာနံ တီဟိ သမုဋ္ဌာနေဟိ သမုဋ္ဌာတိ…ပေ…။</p>
<p class=""bodytext"">ဒုက္ခိတံ သဟဇီဝိနိံ နေဝ ဥပဋ္ဌေန္တိယာ န ဥပဋ္ဌာပနာယ ဥဿုက္ကံ ကရောန္တိယာ ပါစိတ္တိယံ ကတ္ထ ပညတ္တန္တိ? သာဝတ္ထိယံ ပညတ္တံ။ ကံ အာရဗ္ဘာတိ? ထုလ္လနန္ဒံ ဘိက္ခုနိံ အာရဗ္ဘ။ ကိသ္မိံ ဝတ္ထုသ္မိန္တိ? ထုလ္လနန္ဒာ ဘိက္ခုနီ ဒုက္ခိတံ သဟဇီဝိနိံ နေဝ ဥပဋ္ဌေသိ န ဥပဋ္ဌာပနာယ ဥဿုက္ကံ အကာသိ, တသ္မိံ ဝတ္ထုသ္မိံ။ ဧကာ ပညတ္တိ။ ဆန္နံ အာပတ္တိသမုဋ္ဌာနာနံ ဧကေန သမုဋ္ဌာနေန သမုဋ္ဌာတိ – ဓုရနိက္ခေပေ…ပေ…။</p>
",-221-
1982,mula_vi_05,112,"<p class=""bodytext"">ဘိက္ခုနိယာ <a name=""M0.0112""></a> ဥပဿယံ ဒတွာ ကုပိတာယ အနတ္တမနာယ နိက္ကဍ္ဎန္တိယာ ပါစိတ္တိယံ ကတ္ထ ပညတ္တန္တိ? သာဝတ္ထိယံ ပညတ္တံ။ ကံ အာရဗ္ဘာတိ? ထုလ္လနန္ဒံ ဘိက္ခုနိံ အာရဗ္ဘ။ ကိသ္မိံ ဝတ္ထုသ္မိန္တိ? ထုလ္လနန္ဒာ ဘိက္ခုနီ ဘိက္ခုနိယာ ဥပဿယံ ဒတွာ ကုပိတာ အနတ္တမနာ နိက္ကဍ္ဎိ, တသ္မိံ ဝတ္ထုသ္မိံ။ ဧကာ ပညတ္တိ။ ဆန္နံ အာပတ္တိသမုဋ္ဌာနာနံ တီဟိ သမုဋ္ဌာနေဟိ သမုဋ္ဌာတိ…ပေ…။</p>
<p class=""bodytext"">သံသဋ္ဌာယ ဘိက္ခုနိယာ ယာဝတတိယံ သမနုဘာသနာယ န ပဋိနိဿဇ္ဇန္တိယာ <a name=""T0.0160""></a> ပါစိတ္တိယံ ကတ္ထ ပညတ္တန္တိ? သာဝတ္ထိယံ ပညတ္တံ။ ကံ အာရဗ္ဘာတိ? စဏ္ဍကာဠိံ ဘိက္ခုနိံ အာရဗ္ဘ။ ကိသ္မိံ ဝတ္ထုသ္မိန္တိ? စဏ္ဍကာဠီ ဘိက္ခုနီ သံသဋ္ဌာ ဝိဟရိ, တသ္မိံ ဝတ္ထုသ္မိံ။ ဧကာ ပညတ္တိ။ ဆန္နံ အာပတ္တိသမုဋ္ဌာနာနံ ဧကေန သမုဋ္ဌာနေန သမုဋ္ဌာတိ – ဓုရနိက္ခေပေ…ပေ…။</p>
<p class=""bodytext"">အန္တောရဋ္ဌေ သာသင်္ကသမ္မတေ သပ္ပဋိဘယေ အသတ္ထိကာယ စာရိကံ စရန္တိယာ ပါစိတ္တိယံ ကတ္ထ ပညတ္တန္တိ? သာဝတ္ထိယံ ပညတ္တံ။ ကံ အာရဗ္ဘာတိ? သမ္ဗဟုလာ <a name=""P5.0064""></a> ဘိက္ခုနိယော အာရဗ္ဘ။ ကိသ္မိံ ဝတ္ထုသ္မိန္တိ? သမ္ဗဟုလာ ဘိက္ခုနိယော အန္တောရဋ္ဌေ သာသင်္ကသမ္မတေ သပ္ပဋိဘယေ အသတ္ထိကာယော စာရိကံ စရိံသု, တသ္မိံ ဝတ္ထုသ္မိံ။ ဧကာ ပညတ္တိ။ ဆန္နံ အာပတ္တိသမုဋ္ဌာနာနံ ဒွီဟိ သမုဋ္ဌာနေဟိ သမုဋ္ဌာတိ – ဧဠကလောမကေ…ပေ…။</p>
<p class=""bodytext"">တိရောရဋ္ဌေ <a name=""V0.0124""></a> သာသင်္ကသမ္မတေ သပ္ပဋိဘယေ အသတ္ထိကာယ စာရိကံ စရန္တိယာ ပါစိတ္တိယံ ကတ္ထ ပညတ္တန္တိ? သာဝတ္ထိယံ ပညတ္တံ။ ကံ အာရဗ္ဘာတိ? သမ္ဗဟုလာ ဘိက္ခုနိယော အာရဗ္ဘ။ ကိသ္မိံ ဝတ္ထုသ္မိန္တိ? သမ္ဗဟုလာ ဘိက္ခုနိယော တိရောရဋ္ဌေ သာသင်္ကသမ္မတေ သပ္ပဋိဘယေ အသတ္ထိကာယော စာရိကံ စရိံသု, တသ္မိံ ဝတ္ထုသ္မိံ။ ဧကာ ပညတ္တိ။ ဆန္နံ အာပတ္တိသမုဋ္ဌာနာနံ ဒွီဟိ သမုဋ္ဌာနေဟိ သမုဋ္ဌာတိ – ဧဠကလောမကေ…ပေ…။</p>
<p class=""bodytext"">အန္တောဝဿံ စာရိကံ စရန္တိယာ ပါစိတ္တိယံ ကတ္ထ ပညတ္တန္တိ? ရာဇဂဟေ <a name=""T0.0161""></a> ပညတ္တံ။ ကံ အာရဗ္ဘာတိ? သမ္ဗဟုလာ ဘိက္ခုနိယော အာရဗ္ဘ။ ကိသ္မိံ ဝတ္ထုသ္မိန္တိ? သမ္ဗဟုလာ ဘိက္ခုနိယော အန္တောဝဿံ စာရိကံ စရိံသု, တသ္မိံ ဝတ္ထုသ္မိံ။ ဧကာ ပညတ္တိ။ ဆန္နံ အာပတ္တိသမုဋ္ဌာနာနံ ဒွီဟိ သမုဋ္ဌာနေဟိ သမုဋ္ဌာတိ – ဧဠကလောမကေ…ပေ…။</p>
<p class=""bodytext"">ဝဿံဝုဋ္ဌာယ <span class=""note"">[ဝဿံဝုတ္ထာယ (သီ။ သျာ။)]</span> ဘိက္ခုနိယာ စာရိကံ န ပက္ကမန္တိယာ ပါစိတ္တိယံ ကတ္ထ ပညတ္တန္တိ? ရာဇဂဟေ ပညတ္တံ။ ကံ အာရဗ္ဘာတိ? သမ္ဗဟုလာ ဘိက္ခုနိယော</p>
",
1983,mula_vi_05,113,"<p class=""noindentbodytext""> အာရဗ္ဘ<a name=""M0.0113""></a>။ ကိသ္မိံ ဝတ္ထုသ္မိန္တိ? သမ္ဗဟုလာ ဘိက္ခုနိယော ဝဿံဝုဋ္ဌာ စာရိကံ န ပက္ကမိံသု, တသ္မိံ ဝတ္ထုသ္မိံ။ ဧကာ ပညတ္တိ။ ဆန္နံ အာပတ္တိသမုဋ္ဌာနာနံ ဧကေန သမုဋ္ဌာနေန သမုဋ္ဌာတိ – ပဌမပါရာဇိကေ…ပေ…။</p>
<p class=""centered"">တုဝဋ္ဋဝဂ္ဂေါ စတုတ္ထော။</p>
<p class=""subhead"">၅။ စိတ္တာဂါရဝဂ္ဂေါ</p>
<p class=""bodytext""><a name=""para222""></a><a name=""para222_vin5""></a><span class=""paranum"">၂၂၂</span>။ ရာဇာဂါရံ ဝါ စိတ္တာဂါရံ ဝါ အာရာမံ ဝါ ဥယျာနံ ဝါ ပေါက္ခရဏိံ ဝါ ဒဿနာယ ဂစ္ဆန္တိယာ ပါစိတ္တိယံ ကတ္ထ ပညတ္တန္တိ? သာဝတ္ထိယံ ပညတ္တံ။ ကံ အာရဗ္ဘာတိ? ဆဗ္ဗဂ္ဂိယာ ဘိက္ခုနိယော အာရဗ္ဘ။ ကိသ္မိံ ဝတ္ထုသ္မိန္တိ? ဆဗ္ဗဂ္ဂိယာ ဘိက္ခုနိယော ရာဇာဂါရမ္ပိ စိတ္တာဂါရမ္ပိ ဒဿနာယ အဂမံသု, တသ္မိံ ဝတ္ထုသ္မိံ။ ဧကာ ပညတ္တိ။ ဆန္နံ အာပတ္တိသမုဋ္ဌာနာနံ ဒွီဟိ သမုဋ္ဌာနေဟိ သမုဋ္ဌာတိ – ဧဠကလောမကေ…ပေ…။</p>
<p class=""bodytext"">အာသန္ဒိံ ဝါ ပလ္လင်္ကံ ဝါ ပရိဘုဉ္ဇန္တိယာ ပါစိတ္တိယံ ကတ္ထ ပညတ္တန္တိ? သာဝတ္ထိယံ ပညတ္တံ။ ကံ အာရဗ္ဘာတိ? သမ္ဗဟုလာ <a name=""T0.0162""></a> ဘိက္ခုနိယော အာရဗ္ဘ။ ကိသ္မိံ ဝတ္ထုသ္မိန္တိ? သမ္ဗဟုလာ ဘိက္ခုနိယော အာသန္ဒိမ္ပိ ပလ္လင်္ကမ္ပိ ပရိဘုဉ္ဇိံသု, တသ္မိံ ဝတ္ထုသ္မိံ။ ဧကာ ပညတ္တိ။ ဆန္နံ အာပတ္တိသမုဋ္ဌာနာနံ ဒွီဟိ သမုဋ္ဌာနေဟိ သမုဋ္ဌာတိ – ဧဠကလောမကေ…ပေ…။</p>
<p class=""bodytext"">သုတ္တံ <a name=""V0.0125""></a> ကန္တန္တိယာ ပါစိတ္တိယံ ကတ္ထ ပညတ္တန္တိ? သာဝတ္ထိယံ ပညတ္တံ။ ကံ အာရဗ္ဘာတိ? ဆဗ္ဗဂ္ဂိယာ ဘိက္ခုနိယော အာရဗ္ဘ။ ကိသ္မိံ ဝတ္ထုသ္မိန္တိ? ဆဗ္ဗဂ္ဂိယာ ဘိက္ခုနိယော သုတ္တံ ကန္တိံသု, တသ္မိံ ဝတ္ထုသ္မိံ။ ဧကာ ပညတ္တိ။ ဆန္နံ အာပတ္တိသမုဋ္ဌာနာနံ ဒွီဟိ သမုဋ္ဌာနေဟိ သမုဋ္ဌာတိ – ဧဠကလောမကေ…ပေ…။</p>
<p class=""bodytext"">ဂိဟိဝေယျာဝစ္စံ ကရောန္တိယာ ပါစိတ္တိယံ ကတ္ထ ပညတ္တန္တိ? သာဝတ္ထိယံ ပညတ္တံ။ ကံ အာရဗ္ဘာတိ? သမ္ဗဟုလာ ဘိက္ခုနိယော အာရဗ္ဘ။ ကိသ္မိံ ဝတ္ထုသ္မိန္တိ? သမ္ဗဟုလာ ဘိက္ခုနိယော ဂိဟိဝေယျာဝစ္စံ အကံသု, တသ္မိံ ဝတ္ထုသ္မိံ။ ဧကာ ပညတ္တိ။ ဆန္နံ အာပတ္တိသမုဋ္ဌာနာနံ ဒွီဟိ သမုဋ္ဌာနေဟိ သမုဋ္ဌာတိ – ဧဠကလောမကေ…ပေ…။</p>
<p class=""bodytext"">ဘိက္ခုနိယာ ‘‘ဧဟာယျေ ဣမံ အဓိကရဏံ ဝူပသမေဟီ’’တိ ဝုစ္စမာနာယ ‘‘သာဓူ’’တိ ပဋိဿုဏိတွာ နေဝ ဝူပသမေန္တိယာ န ဝူပသမာယ ဥဿုက္ကံ</p>
",-222-
1984,mula_vi_05,114,"<p class=""noindentbodytext""> ကရောန္တိယာ<a name=""M0.0114""></a> ပါစိတ္တိယံ ကတ္ထ ပညတ္တန္တိ? သာဝတ္ထိယံ ပညတ္တံ။ ကံ အာရဗ္ဘာတိ? ထုလ္လနန္ဒံ ဘိက္ခုနိံ အာရဗ္ဘ။ ကိသ္မိံ ဝတ္ထုသ္မိန္တိ? ထုလ္လနန္ဒာ <a name=""P5.0065""></a> ဘိက္ခုနီ ဘိက္ခုနိယာ – ‘‘ဧဟာယျေ, ဣမံ အဓိကရဏံ ဝူပသမေဟီ’’တိ ဝုစ္စမာနာ ‘‘သာဓူ’’တိ ပဋိဿုဏိတွာ နေဝ ဝူပသမေသိ <a name=""T0.0163""></a> န ဝူပသမာယ ဥဿုက္ကံ အကာသိ, တသ္မိံ ဝတ္ထုသ္မိံ။ ဧကာ ပညတ္တိ။ ဆန္နံ အာပတ္တိသမုဋ္ဌာနာနံ ဧကေန သမုဋ္ဌာနေန သမုဋ္ဌာတိ – ဓုရနိက္ခေပေ…ပေ…။</p>
<p class=""bodytext"">အဂါရိကဿ ဝါ ပရိဗ္ဗာဇကဿ ဝါ ပရိဗ္ဗာဇိကာယ ဝါ သဟတ္ထာ ခါဒနီယံ ဝါ ဘောဇနီယံ ဝါ ဒေန္တိယာ ပါစိတ္တိယံ ကတ္ထ ပညတ္တန္တိ? သာဝတ္ထိယံ ပညတ္တံ။ ကံ အာရဗ္ဘာတိ? ထုလ္လနန္ဒံ ဘိက္ခုနိံ အာရဗ္ဘ။ ကိသ္မိံ ဝတ္ထုသ္မိန္တိ? ထုလ္လနန္ဒာ ဘိက္ခုနီ အဂါရိကဿ သဟတ္ထာ ခါဒနီယမ္ပိ ဘောဇနီယမ္ပိ အဒါသိ, တသ္မိံ ဝတ္ထုသ္မိံ။ ဧကာ ပညတ္တိ။ ဆန္နံ အာပတ္တိသမုဋ္ဌာနာနံ ဒွီဟိ သမုဋ္ဌာနေဟိ သမုဋ္ဌာတိ – ဧဠကလောမကေ…ပေ…။</p>
<p class=""bodytext"">အာဝသထစီဝရံ အနိဿဇ္ဇိတွာ ပရိဘုဉ္ဇန္တိယာ ပါစိတ္တိယံ ကတ္ထ ပညတ္တန္တိ? သာဝတ္ထိယံ ပညတ္တံ။ ကံ အာရဗ္ဘာတိ? ထုလ္လနန္ဒံ ဘိက္ခုနိံ အာရဗ္ဘ။ ကိသ္မိံ ဝတ္ထုသ္မိန္တိ? ထုလ္လနန္ဒာ ဘိက္ခုနီ အာဝသထစီဝရံ အနိဿဇ္ဇိတွာ ပရိဘုဉ္ဇိ, တသ္မိံ ဝတ္ထုသ္မိံ။ ဧကာ ပညတ္တိ။ ဆန္နံ အာပတ္တိသမုဋ္ဌာနာနံ ဒွီဟိ သမုဋ္ဌာနေဟိ သမုဋ္ဌာတိ – ကထိနကေ…ပေ…။</p>
<p class=""bodytext"">အာဝသထံ အနိဿဇ္ဇိတွာ စာရိကံ ပက္ကမန္တိယာ ပါစိတ္တိယံ ကတ္ထ ပညတ္တန္တိ? သာဝတ္ထိယံ <a name=""V0.0126""></a> ပညတ္တံ။ ကံ အာရဗ္ဘာတိ? ထုလ္လနန္ဒံ ဘိက္ခုနိံ အာရဗ္ဘ။ ကိသ္မိံ ဝတ္ထုသ္မိန္တိ? ထုလ္လနန္ဒာ ဘိက္ခုနီ အာဝသထံ အနိဿဇ္ဇိတွာ စာရိကံ ပက္ကာမိ, တသ္မိံ ဝတ္ထုသ္မိံ။ ဧကာ ပညတ္တိ။ ဆန္နံ အာပတ္တိသမုဋ္ဌာနာနံ ဒွီဟိ သမုဋ္ဌာနေဟိ သမုဋ္ဌာတိ <a name=""T0.0164""></a> – ကထိနကေ…ပေ…။</p>
<p class=""bodytext"">တိရစ္ဆာနဝိဇ္ဇံ ပရိယာပုဏန္တိယာ ပါစိတ္တိယံ ကတ္ထ ပညတ္တန္တိ? သာဝတ္ထိယံ ပညတ္တံ။ ကံ အာရဗ္ဘာတိ? ဆဗ္ဗဂ္ဂိယာ ဘိက္ခုနိယော အာရဗ္ဘ။ ကိသ္မိံ ဝတ္ထုသ္မိန္တိ? ဆဗ္ဗဂ္ဂိယာ ဘိက္ခုနိယော တိရစ္ဆာနဝိဇ္ဇံ ပရိယာပုဏိံသု, တသ္မိံ ဝတ္ထုသ္မိံ။ ဧကာ ပညတ္တိ။ ဆန္နံ အာပတ္တိသမုဋ္ဌာနာနံ ဒွီဟိ သမုဋ္ဌာနေဟိ သမုဋ္ဌာတိ – ပဒသောဓမ္မေ…ပေ…။</p>
<p class=""bodytext"">တိရစ္ဆာနဝိဇ္ဇံ ဝါစေန္တိယာ ပါစိတ္တိယံ ကတ္ထ ပညတ္တန္တိ? သာဝတ္ထိယံ ပညတ္တံ။ ကံ အာရဗ္ဘာတိ? ဆဗ္ဗဂ္ဂိယာ ဘိက္ခုနိယော အာရဗ္ဘ။ ကိသ္မိံ ဝတ္ထုသ္မိန္တိ။ ဆဗ္ဗဂ္ဂိယာ</p>
",
1985,mula_vi_05,115,"<p class=""noindentbodytext""> ဘိက္ခုနိယော<a name=""M0.0115""></a> တိရစ္ဆာနဝိဇ္ဇံ ဝါစေသုံ, တသ္မိံ ဝတ္ထုသ္မိံ။ ဧကာ ပညတ္တိ။ ဆန္နံ အာပတ္တိသမုဋ္ဌာနာနံ ဒွီဟိ သမုဋ္ဌာနေဟိ သမုဋ္ဌာတိ – ပဒသောဓမ္မေ…ပေ…။</p>
<p class=""centered"">စိတ္တာဂါရဝဂ္ဂေါ ပဉ္စမော။</p>
<p class=""subhead"">၆။ အာရာမဝဂ္ဂေါ</p>
<p class=""bodytext""><a name=""para223""></a><a name=""para223_vin5""></a><span class=""paranum"">၂၂၃</span>။ ဇာနံ သဘိက္ခုကံ အာရာမံ အနာပုစ္ဆာ ပဝိသန္တိယာ ပါစိတ္တိယံ ကတ္ထ ပညတ္တန္တိ? သာဝတ္ထိယံ ပညတ္တံ။ ကံ အာရဗ္ဘာတိ? သမ္ဗဟုလာ ဘိက္ခုနိယော အာရဗ္ဘ။ ကိသ္မိံ ဝတ္ထုသ္မိန္တိ? သမ္ဗဟုလာ ဘိက္ခုနိယော အာရာမံ အနာပုစ္ဆာ ပဝိသိံသု, တသ္မိံ ဝတ္ထုသ္မိံ။ ဧကာ ပညတ္တိ, ဒွေ အနုပညတ္တိယော။ ဆန္နံ အာပတ္တိသမုဋ္ဌာနာနံ ဧကေန သမုဋ္ဌာနေန သမုဋ္ဌာတိ – ဓုရနိက္ခေပေ…ပေ…။</p>
<p class=""bodytext"">ဘိက္ခုံ အက္ကောသန္တိယာ ပရိဘာသန္တိယာ ပါစိတ္တိယံ ကတ္ထ ပညတ္တန္တိ? ဝေသာလိယံ ပညတ္တံ။ ကံ အာရဗ္ဘာတိ? ဆဗ္ဗဂ္ဂိယာ ဘိက္ခုနိယော <a name=""T0.0165""></a> အာရဗ္ဘ။ ကိသ္မိံ ဝတ္ထုသ္မိန္တိ? ဆဗ္ဗဂ္ဂိယာ ဘိက္ခုနိယော အာယသ္မန္တံ ဥပါလိံ အက္ကောသိံသု, တသ္မိံ ဝတ္ထုသ္မိံ။ ဧကာ ပညတ္တိ။ ဆန္နံ အာပတ္တိသမုဋ္ဌာနာနံ တီဟိ သမုဋ္ဌာနေဟိ သမုဋ္ဌာတိ…ပေ…။</p>
<p class=""bodytext"">စဏ္ဍီကတာယ ဂဏံ ပရိဘာသန္တိယာ ပါစိတ္တိယံ ကတ္ထ ပညတ္တန္တိ? သာဝတ္ထိယံ <a name=""P5.0066""></a> ပညတ္တံ။ ကံ အာရဗ္ဘာတိ? ထုလ္လနန္ဒံ ဘိက္ခုနိံ အာရဗ္ဘ။ ကိသ္မိံ ဝတ္ထုသ္မိန္တိ? ထုလ္လနန္ဒာ ဘိက္ခုနီ စဏ္ဍီကတာယ <a name=""V0.0127""></a> ဂဏံ ပရိဘာသိ, တသ္မိံ ဝတ္ထုသ္မိံ။ ဧကာ ပညတ္တိ။ ဆန္နံ အာပတ္တိသမုဋ္ဌာနာနံ တီဟိ သမုဋ္ဌာနေဟိ သမုဋ္ဌာတိ…ပေ…။</p>
<p class=""bodytext"">နိမန္တိတာယ ဝါ ပဝါရိတာယ ဝါ ခါဒနီယံ ဝါ ဘောဇနီယံ ဝါ အညတြ ဘုဉ္ဇန္တိယာ ပါစိတ္တိယံ ကတ္ထ ပညတ္တန္တိ? သာဝတ္ထိယံ ပညတ္တံ။ ကံ အာရဗ္ဘာတိ? သမ္ဗဟုလာ ဘိက္ခုနိယော အာရဗ္ဘ။ ကိသ္မိံ ဝတ္ထုသ္မိန္တိ? သမ္ဗဟုလာ ဘိက္ခုနိယော ဘုတ္တာဝိနိယော ပဝါရိတာ အညတြ ဘုဉ္ဇိံသု, တသ္မိံ ဝတ္ထုသ္မိံ။ ဧကာ ပညတ္တိ။ ဆန္နံ အာပတ္တိသမုဋ္ဌာနာနံ စတူဟိ သမုဋ္ဌာနေဟိ သမုဋ္ဌာတိ…ပေ…။</p>
<p class=""bodytext"">ကုလံ မစ္ဆရာယန္တိယာ ပါစိတ္တိယံ ကတ္ထ ပညတ္တန္တိ? သာဝတ္ထိယံ ပညတ္တံ။ ကံ အာရဗ္ဘာတိ? အညတရံ ဘိက္ခုနိံ အာရဗ္ဘ။ ကိသ္မိံ ဝတ္ထုသ္မိန္တိ? အညတရာ ဘိက္ခုနီ ကုလံ မစ္ဆရာယိ, တသ္မိံ ဝတ္ထုသ္မိံ။ ဧကာ ပညတ္တိ။ ဆန္နံ အာပတ္တိသမုဋ္ဌာနာနံ တီဟိ သမုဋ္ဌာနေဟိ သမုဋ္ဌာတိ…ပေ…။</p>
",-223-
1986,mula_vi_05,116,"<p class=""bodytext"">အဘိက္ခုကေ <a name=""M0.0116""></a> အာဝါသေ ဝဿံ ဝသန္တိယာ ပါစိတ္တိယံ ကတ္ထ ပညတ္တန္တိ<a name=""T0.0166""></a>? သာဝတ္ထိယံ ပညတ္တံ။ ကံ အာရဗ္ဘာတိ? သမ္ဗဟုလာ ဘိက္ခုနိယော အာရဗ္ဘ။ ကိသ္မိံ ဝတ္ထုသ္မိန္တိ? သမ္ဗဟုလာ ဘိက္ခုနိယော အဘိက္ခုကေ အာဝါသေ ဝဿံ ဝသိံသု, တသ္မိံ ဝတ္ထုသ္မိံ။ ဧကာ ပညတ္တိ။ ဆန္နံ အာပတ္တိသမုဋ္ဌာနာနံ ဒွီဟိ သမုဋ္ဌာနေဟိ သမုဋ္ဌာတိ – ဧဠကလောမကေ…ပေ…။</p>
<p class=""bodytext"">ဝဿံဝုဋ္ဌာယ ဘိက္ခုနိယာ ဥဘတောသံဃေ တီဟိ ဌာနေဟိ န ပဝါရေန္တိယာ ပါစိတ္တိယံ ကတ္ထ ပညတ္တန္တိ? သာဝတ္ထိယံ ပညတ္တံ။ ကံ အာရဗ္ဘာတိ? သမ္ဗဟုလာ ဘိက္ခုနိယော အာရဗ္ဘ။ ကိသ္မိံ ဝတ္ထုသ္မိန္တိ? သမ္ဗဟုလာ ဘိက္ခုနိယော ဝဿံဝုဋ္ဌာ ဘိက္ခုသံဃံ <span class=""note"">[ဘိက္ခုနိသံဃေ (က။)]</span> န ပဝါရေသုံ, တသ္မိံ ဝတ္ထုသ္မိံ။ ဧကာ ပညတ္တိ။ ဆန္နံ အာပတ္တိသမုဋ္ဌာနာနံ ဧကေန သမုဋ္ဌာနေန သမုဋ္ဌာတိ – ဓုရနိက္ခေပေ…ပေ…။</p>
<p class=""bodytext"">ဩဝါဒါယ ဝါ သံဝါသာယ ဝါ န ဂစ္ဆန္တိယာ ပါစိတ္တိယံ ကတ္ထ ပညတ္တန္တိ? သက္ကေသု ပညတ္တံ။ ကံ အာရဗ္ဘာတိ? ဆဗ္ဗဂ္ဂိယာ ဘိက္ခုနိယော အာရဗ္ဘ။ ကိသ္မိံ ဝတ္ထုသ္မိန္တိ? ဆဗ္ဗဂ္ဂိယာ ဘိက္ခုနိယော ဩဝါဒံ န ဂစ္ဆိံသု, တသ္မိံ ဝတ္ထုသ္မိံ။ ဧကာ ပညတ္တိ။ ဆန္နံ အာပတ္တိသမုဋ္ဌာနာနံ ဧကေန သမုဋ္ဌာနေန သမုဋ္ဌာတိ – ပဌမပါရာဇိကေ…ပေ…။</p>
<p class=""bodytext"">ဥပေါသထမ္ပိ န ပုစ္ဆန္တိယာ ဩဝါဒမ္ပိ န ယာစန္တိယာ ပါစိတ္တိယံ ကတ္ထ ပညတ္တန္တိ? သာဝတ္ထိယံ <a name=""V0.0128""></a> ပညတ္တံ။ ကံ အာရဗ္ဘာတိ? သမ္ဗဟုလာ ဘိက္ခုနိယော အာရဗ္ဘ။ ကိသ္မိံ ဝတ္ထုသ္မိန္တိ? သမ္ဗဟုလာ ဘိက္ခုနိယော ဥပေါသထမ္ပိ န ပုစ္ဆိံသု ဩဝါဒမ္ပိ န ယာစိံသု, တသ္မိံ <a name=""T0.0167""></a> ဝတ္ထုသ္မိံ။ ဧကာ ပညတ္တိ။ ဆန္နံ အာပတ္တိသမုဋ္ဌာနာနံ ဧကေန သမုဋ္ဌာနေန သမုဋ္ဌာတိ – ဓုရနိက္ခေပေ…ပေ…။</p>
<p class=""bodytext"">ပသာခေ ဇာတံ ဂဏ္ဍံ ဝါ ရုဓိတံ <span class=""note"">[ရုဟိတံ (သီ။ သျာ။)]</span> ဝါ အနပလောကေတွာ သံဃံ ဝါ ဂဏံ ဝါ ပုရိသေန သဒ္ဓိံ ဧကေနေကာယ ဘေဒါပေန္တိယာ ပါစိတ္တိယံ ကတ္ထ ပညတ္တန္တိ? သာဝတ္ထိယံ ပညတ္တံ။ ကံ အာရဗ္ဘာတိ? အညတရံ ဘိက္ခုနိံ အာရဗ္ဘ။ ကိသ္မိံ ဝတ္ထုသ္မိန္တိ? အညတရာ ဘိက္ခုနီ ပသာခေ ဇာတံ ဂဏ္ဍံ ပုရိသေန သဒ္ဓိံ ဧကေနေကာ ဘေဒါပေသိ, တသ္မိံ ဝတ္ထုသ္မိံ။ ဧကာ ပညတ္တိ။ ဆန္နံ အာပတ္တိသမုဋ္ဌာနာနံ ဒွီဟိ သမုဋ္ဌာနေဟိ သမုဋ္ဌာတိ – ကထိနကေ…ပေ…။</p>
<p class=""centered"">အာရာမဝဂ္ဂေါ ဆဋ္ဌော။</p>
",
1987,mula_vi_05,117,"<p class=""subhead"">၇။ ဂဗ္ဘိနီဝဂ္ဂေါ</p>
<p class=""bodytext""><a name=""para224""></a><a name=""para224_vin5""></a><span class=""paranum"">၂၂၄</span>။ ဂဗ္ဘိနိံ <a name=""M0.0117""></a> ဝုဋ္ဌာပေန္တိယာ ပါစိတ္တိယံ ကတ္ထ ပညတ္တန္တိ? သာဝတ္ထိယံ ပညတ္တံ<a name=""P5.0067""></a>။ ကံ အာရဗ္ဘာတိ? သမ္ဗဟုလာ ဘိက္ခုနိယော အာရဗ္ဘ။ ကိသ္မိံ ဝတ္ထုသ္မိန္တိ? သမ္ဗဟုလာ ဘိက္ခုနိယော ဂဗ္ဘိနိံ ဝုဋ္ဌာပေသုံ, တသ္မိံ ဝတ္ထုသ္မိံ။ ဧကာ ပညတ္တိ။ ဆန္နံ အာပတ္တိသမုဋ္ဌာနာနံ တီဟိ သမုဋ္ဌာနေဟိ သမုဋ္ဌာတိ…ပေ…။</p>
<p class=""bodytext"">ပါယန္တိံ ဝုဋ္ဌာပေန္တိယာ ပါစိတ္တိယံ ကတ္ထ ပညတ္တန္တိ? သာဝတ္ထိယံ ပညတ္တံ။ ကံ အာရဗ္ဘာတိ? သမ္ဗဟုလာ ဘိက္ခုနိယော အာရဗ္ဘ။ ကိသ္မိံ ဝတ္ထုသ္မိန္တိ? သမ္ဗဟုလာ ဘိက္ခုနိယော ပါယန္တိံ ဝုဋ္ဌာပေသုံ, တသ္မိံ ဝတ္ထုသ္မိံ။ ဧကာ ပညတ္တိ။ ဆန္နံ အာပတ္တိသမုဋ္ဌာနာနံ တီဟိ သမုဋ္ဌာနေဟိ သမုဋ္ဌာတိ…ပေ…။</p>
<p class=""bodytext"">ဒွေ <a name=""T0.0168""></a> ဝဿာနိ ဆသု ဓမ္မေသု အသိက္ခိတသိက္ခံ သိက္ခမာနံ ဝုဋ္ဌာပေန္တိယာ ပါစိတ္တိယံ <a name=""V0.0129""></a> ကတ္ထ ပညတ္တန္တိ? သာဝတ္ထိယံ ပညတ္တံ။ ကံ အာရဗ္ဘာတိ? သမ္ဗဟုလာ ဘိက္ခုနိယော အာရဗ္ဘ။ ကိသ္မိံ ဝတ္ထုသ္မိန္တိ? သမ္ဗဟုလာ ဘိက္ခုနိယော ဒွေ ဝဿာနိ ဆသု ဓမ္မေသု အသိက္ခိတသိက္ခံ သိက္ခမာနံ ဝုဋ္ဌာပေသုံ, တသ္မိံ ဝတ္ထုသ္မိံ။ ဧကာ ပညတ္တိ။ ဆန္နံ အာပတ္တိသမုဋ္ဌာနာနံ တီဟိ သမုဋ္ဌာနေဟိ သမုဋ္ဌာတိ…ပေ…။</p>
<p class=""bodytext"">ဒွေ ဝဿာနိ ဆသု ဓမ္မေသု သိက္ခိတသိက္ခံ သိက္ခမာနံ သံဃေန အသမ္မတံ ဝုဋ္ဌာပေန္တိယာ ပါစိတ္တိယံ ကတ္ထ ပညတ္တန္တိ? သာဝတ္ထိယံ ပညတ္တံ။ ကံ အာရဗ္ဘာတိ? သမ္ဗဟုလာ ဘိက္ခုနိယော အာရဗ္ဘ။ ကိသ္မိံ ဝတ္ထုသ္မိန္တိ? သမ္ဗဟုလာ ဘိက္ခုနိယော ဒွေ ဝဿာနိ ဆသု ဓမ္မေသု သိက္ခိတသိက္ခံ သိက္ခမာနံ သံဃေန အသမ္မတံ ဝုဋ္ဌာပေသုံ, တသ္မိံ ဝတ္ထုသ္မိံ။ ဧကာ ပညတ္တိ။ ဆန္နံ အာပတ္တိသမုဋ္ဌာနာနံ တီဟိ သမုဋ္ဌာနေဟိ သမုဋ္ဌာတိ…ပေ…။</p>
<p class=""bodytext"">ဦနဒွါဒသဝဿံ ဂိဟိဂတံ ဝုဋ္ဌာပေန္တိယာ ပါစိတ္တိယံ ကတ္ထ ပညတ္တန္တိ? သာဝတ္ထိယံ ပညတ္တံ။ ကံ အာရဗ္ဘာတိ? သမ္ဗဟုလာ ဘိက္ခုနိယော အာရဗ္ဘ။ ကိသ္မိံ ဝတ္ထုသ္မိန္တိ? သမ္ဗဟုလာ ဘိက္ခုနိယော ဦနဒွါဒသဝဿံ ဂိဟိဂတံ ဝုဋ္ဌာပေသုံ, တသ္မိံ ဝတ္ထုသ္မိံ။ ဧကာ ပညတ္တိ။ ဆန္နံ အာပတ္တိသမုဋ္ဌာနာနံ တီဟိ သမုဋ္ဌာနေဟိ သမုဋ္ဌာတိ…ပေ…။</p>
<p class=""bodytext"">ပရိပုဏ္ဏဒွါဒသဝဿံ ဂိဟိဂတံ ဒွေ ဝဿာနိ ဆသု ဓမ္မေသု အသိက္ခိတသိက္ခံ <a name=""T0.0169""></a> ဝုဋ္ဌာပေန္တိယာ ပါစိတ္တိယံ ကတ္ထ ပညတ္တန္တိ? သာဝတ္ထိယံ ပညတ္တံ။ ကံ အာရဗ္ဘာတိ? သမ္ဗဟုလာ ဘိက္ခုနိယော အာရဗ္ဘ။ ကိသ္မိံ ဝတ္ထုသ္မိန္တိ? သမ္ဗဟုလာ ဘိက္ခုနိယော ပရိပုဏ္ဏဒွါဒသဝဿံ ဂိဟိဂတံ ဒွေ ဝဿာနိ ဆသု ဓမ္မေသု အသိက္ခိတသိက္ခံ</p>
",-224-
1988,mula_vi_05,118,"<p class=""noindentbodytext""> ဝုဋ္ဌာပေသုံ<a name=""M0.0118""></a>, တသ္မိံ ဝတ္ထုသ္မိံ။ ဧကာ ပညတ္တိ။ ဆန္နံ အာပတ္တိသမုဋ္ဌာနာနံ တီဟိ သမုဋ္ဌာနေဟိ သမုဋ္ဌာတိ…ပေ…။</p>
<p class=""bodytext"">ပရိပုဏ္ဏဒွါဒသဝဿံ ဂိဟိဂတံ ဒွေ ဝဿာနိ ဆသု ဓမ္မေသု သိက္ခိတသိက္ခံ သံဃေန အသမ္မတံ ဝုဋ္ဌာပေန္တိယာ ပါစိတ္တိယံ ကတ္ထ ပညတ္တန္တိ? သာဝတ္ထိယံ ပညတ္တံ။ ကံ အာရဗ္ဘာတိ? သမ္ဗဟုလာ ဘိက္ခုနိယော အာရဗ္ဘ။ ကိသ္မိံ ဝတ္ထုသ္မိန္တိ? သမ္ဗဟုလာ ဘိက္ခုနိယော ပရိပုဏ္ဏဒွါဒသဝဿံ ဂိဟိဂတံ ဒွေ ဝဿာနိ ဆသု ဓမ္မေသု သိက္ခိတသိက္ခံ သံဃေန အသမ္မတံ ဝုဋ္ဌာပေသုံ, တသ္မိံ ဝတ္ထုသ္မိံ။ ဧကာ ပညတ္တိ။ ဆန္နံ အာပတ္တိသမုဋ္ဌာနာနံ တီဟိ သမုဋ္ဌာနေဟိ သမုဋ္ဌာတိ…ပေ…။</p>
<p class=""bodytext"">သဟဇီဝိနိံ ဝုဋ္ဌာပေတွာ ဒွေ ဝဿာနိ နေဝ အနုဂ္ဂဏှန္တိယာ န အနုဂ္ဂဏှာပေန္တိယာ ပါစိတ္တိယံ ကတ္ထ ပညတ္တန္တိ? သာဝတ္ထိယံ ပညတ္တံ။ ကံ အာရဗ္ဘာတိ? ထုလ္လနန္ဒံ ဘိက္ခုနိံ အာရဗ္ဘ။ ကိသ္မိံ ဝတ္ထုသ္မိန္တိ? ထုလ္လနန္ဒာ ဘိက္ခုနီ သဟဇီဝိနိံ ဝုဋ္ဌာပေတွာ ဒွေ ဝဿာနိ နေဝ အနုဂ္ဂဟေသိ န အနုဂ္ဂဏှာပေသိ, တသ္မိံ ဝတ္ထုသ္မိံ။ ဧကာ ပညတ္တိ။ ဆန္နံ အာပတ္တိသမုဋ္ဌာနာနံ ဧကေန သမုဋ္ဌာနေန သမုဋ္ဌာတိ – ဓုရနိက္ခေပေ…ပေ…။</p>
<p class=""bodytext"">ဝုဋ္ဌာပိတံ <a name=""T0.0170""></a> ပဝတ္တိနိံ ဒွေ ဝဿာနိ နာနုဗန္ဓန္တိယာ ပါစိတ္တိယံ ကတ္ထ ပညတ္တန္တိ? သာဝတ္ထိယံ <a name=""V0.0130""></a> ပညတ္တံ။ ကံ အာရဗ္ဘာတိ? သမ္ဗဟုလာ ဘိက္ခုနိယော အာရဗ္ဘ။ ကိသ္မိံ ဝတ္ထုသ္မိန္တိ? သမ္ဗဟုလာ ဘိက္ခုနိယော ဝုဋ္ဌာပိတံ ပဝတ္တိနိံ ဒွေ ဝဿာနိ နာနုဗန္ဓိံသု, တသ္မိံ ဝတ္ထုသ္မိံ။ ဧကာ ပညတ္တိ။ ဆန္နံ အာပတ္တိသမုဋ္ဌာနာနံ ဧကေန သမုဋ္ဌာနေန သမုဋ္ဌာတိ – ပဌမပါရာဇိကေ…ပေ…။</p>
<p class=""bodytext"">သဟဇီဝိနိံ ဝုဋ္ဌာပေတွာ နေဝ ဝူပကာသေန္တိယာ န ဝူပကာသာပေန္တိယာ ပါစိတ္တိယံ ကတ္ထ ပညတ္တန္တိ? သာဝတ္ထိယံ ပညတ္တံ။ ကံ အာရဗ္ဘာတိ? ထုလ္လနန္ဒံ ဘိက္ခုနိံ အာရဗ္ဘ။ ကိသ္မိံ ဝတ္ထုသ္မိန္တိ? ထုလ္လနန္ဒာ ဘိက္ခုနီ သဟဇီဝိနိံ ဝုဋ္ဌာပေတွာ နေဝ ဝူပကာသေသိ န ဝူပကာသာပေသိ, တသ္မိံ ဝတ္ထုသ္မိံ။ ဧကာ ပညတ္တိ။ ဆန္နံ အာပတ္တိသမုဋ္ဌာနာနံ ဧကေန သမုဋ္ဌာနေန သမုဋ္ဌာတိ – ဓုရနိက္ခေပေ…ပေ…။</p>
<p class=""centered"">ဂဗ္ဘိနိဝဂ္ဂေါ သတ္တမော။</p>
<p class=""subhead"">၈။ ကုမာရီဘူတဝဂ္ဂေါ</p>
<p class=""bodytext""><a name=""para225""></a><a name=""para225_vin5""></a><span class=""paranum"">၂၂၅</span>။ ဦနဝီသတိဝဿံ ကုမာရိဘူတံ ဝုဋ္ဌာပေန္တိယာ ပါစိတ္တိယံ ကတ္ထ ပညတ္တန္တိ? သာဝတ္ထိယံ ပညတ္တံ။ ကံ အာရဗ္ဘာတိ? သမ္ဗဟုလာ ဘိက္ခုနိယော</p>
",-225-
1989,mula_vi_05,119,"<p class=""noindentbodytext""> အာရဗ္ဘ<a name=""M0.0119""></a>။ ကိသ္မိံ ဝတ္ထုသ္မိန္တိ? သမ္ဗဟုလာ ဘိက္ခုနိယော ဦနဝီသတိဝဿံ ကုမာရိဘူတံ ဝုဋ္ဌာပေသုံ, တသ္မိံ ဝတ္ထုသ္မိံ။ ဧကာ ပညတ္တိ။ ဆန္နံ အာပတ္တိသမုဋ္ဌာနာနံ တီဟိ သမုဋ္ဌာနေဟိ သမုဋ္ဌာတိ…ပေ…။</p>
<p class=""bodytext"">ပရိပုဏ္ဏဝီသတိဝဿံ ကုမာရိဘူတံ ဒွေ ဝဿာနိ ဆသု ဓမ္မေသု အသိက္ခိတသိက္ခံ ဝုဋ္ဌာပေန္တိယာ ပါစိတ္တိယံ ကတ္ထ ပညတ္တန္တိ? သာဝတ္ထိယံ <a name=""T0.0171""></a> ပညတ္တံ။ ကံ အာရဗ္ဘာတိ? သမ္ဗဟုလာ ဘိက္ခုနိယော အာရဗ္ဘ။ ကိသ္မိံ ဝတ္ထုသ္မိန္တိ? သမ္ဗဟုလာ ဘိက္ခုနိယော ပရိပုဏ္ဏဝီသတိဝဿံ ကုမာရိဘူတံ ဒွေ ဝဿာနိ ဆသု ဓမ္မေသု အသိက္ခိတသိက္ခံ ဝုဋ္ဌာပေသုံ, တသ္မိံ ဝတ္ထုသ္မိံ။ ဧကာ ပညတ္တိ။ ဆန္နံ အာပတ္တိသမုဋ္ဌာနာနံ တီဟိ သမုဋ္ဌာနေဟိ သမုဋ္ဌာတိ…ပေ…။</p>
<p class=""bodytext"">ပရိပုဏ္ဏဝီသတိဝဿံ <a name=""P5.0068""></a> ကုမာရိဘူတံ ဒွေ ဝဿာနိ ဆသု ဓမ္မေသု သိက္ခိတသိက္ခံ သံဃေန အသမ္မတံ ဝုဋ္ဌာပေန္တိယာ ပါစိတ္တိယံ ကတ္ထ ပညတ္တန္တိ? သာဝတ္ထိယံ ပညတ္တံ။ ကံ အာရဗ္ဘာတိ? သမ္ဗဟုလာ ဘိက္ခုနိယော အာရဗ္ဘ။ ကိသ္မိံ ဝတ္ထုသ္မိန္တိ? သမ္ဗဟုလာ ဘိက္ခုနိယော ပရိပုဏ္ဏဝီသတိဝဿံ ကုမာရိဘူတံ ဒွေ ဝဿာနိ ဆသု ဓမ္မေသု သိက္ခိတသိက္ခံ သံဃေန အသမ္မတံ ဝုဋ္ဌာပေသုံ, တသ္မိံ ဝတ္ထုသ္မိံ။ ဧကာ ပညတ္တိ။ ဆန္နံ အာပတ္တိသမုဋ္ဌာနာနံ တီဟိ သမုဋ္ဌာနေဟိ သမုဋ္ဌာတိ…ပေ…။</p>
<p class=""bodytext"">ဦနဒွါဒသဝဿာယ <a name=""V0.0131""></a> ဝုဋ္ဌာပေန္တိယာ ပါစိတ္တိယံ ကတ္ထ ပညတ္တန္တိ? သာဝတ္ထိယံ ပညတ္တံ။ ကံ အာရဗ္ဘာတိ? သမ္ဗဟုလာ ဘိက္ခုနိယော အာရဗ္ဘ။ ကိသ္မိံ ဝတ္ထုသ္မိန္တိ? သမ္ဗဟုလာ ဘိက္ခုနိယော ဦနဒွါဒသဝဿာ ဝုဋ္ဌာပေသုံ, တသ္မိံ ဝတ္ထုသ္မိံ။ ဧကာ ပညတ္တိ။ ဆန္နံ အာပတ္တိသမုဋ္ဌာနာနံ တီဟိ သမုဋ္ဌာနေဟိ သမုဋ္ဌာတိ…ပေ…။</p>
<p class=""bodytext"">ပရိပုဏ္ဏဒွါဒသဝဿာယ သံဃေန အသမ္မတာယ ဝုဋ္ဌာပေန္တိယာ ပါစိတ္တိယံ ကတ္ထ ပညတ္တန္တိ? သာဝတ္ထိယံ ပညတ္တံ။ ကံ အာရဗ္ဘာတိ? သမ္ဗဟုလာ ဘိက္ခုနိယော အာရဗ္ဘ။ ကိသ္မိံ ဝတ္ထုသ္မိန္တိ? သမ္ဗဟုလာ <a name=""T0.0172""></a> ဘိက္ခုနိယော ပရိပုဏ္ဏဒွါဒသဝဿာ သံဃေန အသမ္မတာ ဝုဋ္ဌာပေသုံ, တသ္မိံ ဝတ္ထုသ္မိံ။ ဧကာ ပညတ္တိ။ ဆန္နံ အာပတ္တိသမုဋ္ဌာနာနံ တီဟိ သမုဋ္ဌာနေဟိ သမုဋ္ဌာတိ – ဒုတိယပါရာဇိကေ…ပေ…။</p>
<p class=""bodytext"">‘‘အလံ တာဝ တေ, အယျေ, ဝုဋ္ဌာပိတေနာ’’တိ ဝုစ္စမာနာယ ‘‘သာဓူ’’တိ ပဋိဿုဏိတွာ ပစ္ဆာ ခီယနဓမ္မံ အာပဇ္ဇန္တိယာ ပါစိတ္တိယံ ကတ္ထ ပညတ္တန္တိ? သာဝတ္ထိယံ ပညတ္တံ။ ကံ အာရဗ္ဘာတိ? စဏ္ဍကာဠိံ ဘိက္ခုနိံ အာရဗ္ဘ။ ကိသ္မိံ ဝတ္ထုသ္မိန္တိ? စဏ္ဍကာဠီ ဘိက္ခုနီ ‘‘အလံ တာဝ တေ, အယျေ, ဝုဋ္ဌာပိတေနာ’’တိ</p>
",
1990,mula_vi_05,120,"<p class=""noindentbodytext""> ဝုစ္စမာနာ<a name=""M0.0120""></a> ‘‘သာဓူ’’တိ ပဋိဿုဏိတွာ ပစ္ဆာ ခီယနဓမ္မံ အာပဇ္ဇိ, တသ္မိံ ဝတ္ထုသ္မိံ။ ဧကာ ပညတ္တိ။ ဆန္နံ အာပတ္တိသမုဋ္ဌာနာနံ တီဟိ သမုဋ္ဌာနေဟိ သမုဋ္ဌာတိ…ပေ…။</p>
<p class=""bodytext"">သိက္ခမာနံ – ‘‘သစေ မေ တွံ, အယျေ, စီဝရံ ဒဿသိ, ဧဝါဟံ တံ ဝုဋ္ဌာပေဿာမီ’’တိ ဝတွာ နေဝ ဝုဋ္ဌာပေန္တိယာ န ဝုဋ္ဌာပနာယ ဥဿုက္ကံ ကရောန္တိယာ ပါစိတ္တိယံ ကတ္ထ ပညတ္တန္တိ? သာဝတ္ထိယံ ပညတ္တံ။ ကံ အာရဗ္ဘာတိ? ထုလ္လနန္ဒံ ဘိက္ခုနိံ အာရဗ္ဘ။ ကိသ္မိံ ဝတ္ထုသ္မိန္တိ? ထုလ္လနန္ဒာ ဘိက္ခုနီ သိက္ခမာနံ – ‘‘သစေ မေ တွံ, အယျေ, စီဝရံ ဒဿသိ, ဧဝါဟံ တံ ဝုဋ္ဌာပေဿာမီ’’တိ ဝတွာ နေဝ ဝုဋ္ဌာပေသိ န ဝုဋ္ဌာပနာယ ဥဿုက္ကံ အကာသိ<a name=""V0.0132""></a>, တသ္မိံ ဝတ္ထုသ္မိံ။ ဧကာ ပညတ္တိ။ ဆန္နံ အာပတ္တိသမုဋ္ဌာနာနံ ဧကေန သမုဋ္ဌာနေန သမုဋ္ဌာတိ – ဓုရနိက္ခေပေ…ပေ…။</p>
<p class=""bodytext"">သိက္ခမာနံ – ‘‘သစေ မံ တွံ, အယျေ, ဒွေ ဝဿာနိ အနုဗန္ဓိဿသိ, ဧဝါဟံ တံ ဝုဋ္ဌာပေဿာမီ’’တိ ဝတွာ နေဝ ဝုဋ္ဌာပေန္တိယာ န ဝုဋ္ဌာပနာယ ဥဿုက္ကံ <a name=""T0.0173""></a> ကရောန္တိယာ ပါစိတ္တိယံ ကတ္ထ ပညတ္တန္တိ? သာဝတ္ထိယံ ပညတ္တံ။ ကံ အာရဗ္ဘာတိ? ထုလ္လနန္ဒံ ဘိက္ခုနိံ အာရဗ္ဘ။ ကိသ္မိံ ဝတ္ထုသ္မိန္တိ? ထုလ္လနန္ဒာ ဘိက္ခုနီ သိက္ခမာနံ – ‘‘သစေ မံ တွံ, အယျေ, ဒွေ ဝဿာနိ အနုဗန္ဓိဿသိ, ဧဝါဟံ တံ ဝုဋ္ဌာပေဿာမီ’’တိ ဝတွာ နေဝ ဝုဋ္ဌာပေသိ န ဝုဋ္ဌာပနာယ ဥဿုက္ကံ အကာသိ, တသ္မိံ ဝတ္ထုသ္မိံ။ ဧကာ ပညတ္တိ။ ဆန္နံ အာပတ္တိသမုဋ္ဌာနာနံ ဧကေန သမုဋ္ဌာနေန သမုဋ္ဌာတိ – ဓုရနိက္ခေပေ…ပေ…။</p>
<p class=""bodytext"">ပုရိသသံသဋ္ဌံ ကုမာရကသံသဋ္ဌံ စဏ္ဍိံ သောကာဝါသံ သိက္ခမာနံ ဝုဋ္ဌာပေန္တိယာ ပါစိတ္တိယံ ကတ္ထ ပညတ္တန္တိ? သာဝတ္ထိယံ ပညတ္တံ။ ကံ အာရဗ္ဘာတိ? ထုလ္လနန္ဒံ ဘိက္ခုနိံ အာရဗ္ဘ။ ကိသ္မိံ ဝတ္ထုသ္မိန္တိ? ထုလ္လနန္ဒာ ဘိက္ခုနီ ပုရိသသံသဋ္ဌံ ကုမာရကသံသဋ္ဌံ စဏ္ဍိံ သောကာဝါသံ သိက္ခမာနံ ဝုဋ္ဌာပေသိ, တသ္မိံ ဝတ္ထုသ္မိံ။ ဧကာ ပညတ္တိ။ ဆန္နံ အာပတ္တိသမုဋ္ဌာနာနံ တီဟိ သမုဋ္ဌာနေဟိ သမုဋ္ဌာတိ…ပေ…။</p>
<p class=""bodytext"">မာတာပိတူဟိ ဝါ သာမိကေန ဝါ အနနုညာတံ သိက္ခမာနံ ဝုဋ္ဌာပေန္တိယာ ပါစိတ္တိယံ ကတ္ထ ပညတ္တန္တိ? သာဝတ္ထိယံ ပညတ္တံ။ ကံ အာရဗ္ဘာတိ? ထုလ္လနန္ဒံ ဘိက္ခုနိံ အာရဗ္ဘ။ ကိသ္မိံ ဝတ္ထုသ္မိန္တိ? ထုလ္လနန္ဒာ ဘိက္ခုနီ မာတာပိတူဟိပိ သာမိကေနာပိ အနနုညာတံ သိက္ခမာနံ ဝုဋ္ဌာပေသိ<a name=""P5.0069""></a>, တသ္မိံ ဝတ္ထုသ္မိံ။ ဧကာ ပညတ္တိ။ ဆန္နံ အာပတ္တိသမုဋ္ဌာနာနံ စတူဟိ သမုဋ္ဌာနေဟိ သမုဋ္ဌာတိ – သိယာ ဝါစတော သမုဋ္ဌာတိ, န ကာယတော န စိတ္တတော၊ သိယာ ကာယတော စ</p>
",
1991,mula_vi_05,121,"<p class=""noindentbodytext""> ဝါစတော<a name=""M0.0121""></a> စ သမုဋ္ဌာတိ, န စိတ္တတော၊ သိယာ ဝါစတော စ စိတ္တတော စ သမုဋ္ဌာတိ, န <a name=""T0.0174""></a> ကာယတော၊ သိယာ ကာယတော စ ဝါစတော စ စိတ္တတော စ သမုဋ္ဌာတိ…ပေ…။</p>
<p class=""bodytext"">ပါရိဝါသိကဆန္ဒဒါနေန သိက္ခမာနံ ဝုဋ္ဌာပေန္တိယာ ပါစိတ္တိယံ ကတ္ထ ပညတ္တန္တိ? ရာဇဂဟေ ပညတ္တံ။ ကံ အာရဗ္ဘာတိ? ထုလ္လနန္ဒံ ဘိက္ခုနိံ အာရဗ္ဘ။ ကိသ္မိံ ဝတ္ထုသ္မိန္တိ? ထုလ္လနန္ဒာ ဘိက္ခုနီ ပါရိဝါသိကဆန္ဒဒါနေန သိက္ခမာနံ ဝုဋ္ဌာပေသိ, တသ္မိံ ဝတ္ထုသ္မိံ။ ဧကာ ပညတ္တိ။ ဆန္နံ အာပတ္တိသမုဋ္ဌာနာနံ တီဟိ သမုဋ္ဌာနေဟိ သမုဋ္ဌာတိ…ပေ…။</p>
<p class=""bodytext"">အနုဝဿံ ဝုဋ္ဌာပေန္တိယာ ပါစိတ္တိယံ ကတ္ထ ပညတ္တန္တိ? သာဝတ္ထိယံ ပညတ္တံ။ ကံ အာရဗ္ဘာတိ? သမ္ဗဟုလာ ဘိက္ခုနိယော အာရဗ္ဘ။ ကိသ္မိံ ဝတ္ထုသ္မိန္တိ? သမ္ဗဟုလာ ဘိက္ခုနိယော အနုဝဿံ ဝုဋ္ဌာပေသုံ, တသ္မိံ ဝတ္ထုသ္မိံ။ ဧကာ ပညတ္တိ။ ဆန္နံ အာပတ္တိသမုဋ္ဌာနာနံ တီဟိ သမုဋ္ဌာနေဟိ သမုဋ္ဌာတိ…ပေ…။</p>
<p class=""bodytext"">ဧကံ ဝဿံ ဒွေ ဝုဋ္ဌာပေန္တိယာ ပါစိတ္တိယံ ကတ္ထ ပညတ္တန္တိ? သာဝတ္ထိယံ ပညတ္တံ။ ကံ အာရဗ္ဘာတိ? သမ္ဗဟုလာ ဘိက္ခုနိယော အာရဗ္ဘ။ ကိသ္မိံ ဝတ္ထုသ္မိန္တိ? သမ္ဗဟုလာ ဘိက္ခုနိယော ဧကံ <a name=""V0.0133""></a> ဝဿံ ဒွေ ဝုဋ္ဌာပေသုံ, တသ္မိံ ဝတ္ထုသ္မိံ။ ဧကာ ပညတ္တိ။ ဆန္နံ အာပတ္တိသမုဋ္ဌာနာနံ တီဟိ သမုဋ္ဌာနေဟိ သမုဋ္ဌာတိ…ပေ…။</p>
<p class=""centered"">ကုမာရီဘူတဝဂ္ဂေါ အဋ္ဌမော။</p>
<p class=""subhead"">၉။ ဆတ္တုပါဟနဝဂ္ဂေါ</p>
<p class=""bodytext""><a name=""para226""></a><a name=""para226_vin5""></a><span class=""paranum"">၂၂၆</span>။ ဆတ္တုပါဟနံ ဓာရေန္တိယာ ပါစိတ္တိယံ ကတ္ထ ပညတ္တန္တိ? သာဝတ္ထိယံ <a name=""T0.0175""></a> ပညတ္တံ။ ကံ အာရဗ္ဘာတိ? ဆဗ္ဗဂ္ဂိယာ ဘိက္ခုနိယော အာရဗ္ဘ။ ကိသ္မိံ ဝတ္ထုသ္မိန္တိ? ဆဗ္ဗဂ္ဂိယာ ဘိက္ခုနိယော ဆတ္တုပါဟနံ ဓာရေသုံ, တသ္မိံ ဝတ္ထုသ္မိံ။ ဧကာ ပညတ္တိ, ဧကာ အနုပညတ္တိ။ ဆန္နံ အာပတ္တိသမုဋ္ဌာနာနံ ဒွီဟိ သမုဋ္ဌာနေဟိ သမုဋ္ဌာတိ – ဧဠကလောမကေ…ပေ…။</p>
<p class=""bodytext"">ယာနေန ယာယန္တိယာ ပါစိတ္တိယံ ကတ္ထ ပညတ္တန္တိ? သာဝတ္ထိယံ ပညတ္တံ။ ကံ အာရဗ္ဘာတိ? ဆဗ္ဗဂ္ဂိယာ ဘိက္ခုနိယော အာရဗ္ဘ။ ကိသ္မိံ ဝတ္ထုသ္မိန္တိ? ဆဗ္ဗဂ္ဂိယာ ဘိက္ခုနိယော ယာနေန ယာယိံသု, တသ္မိံ ဝတ္ထုသ္မိံ။ ဧကာ ပညတ္တိ, ဧကာ အနုပညတ္တိ။ ဆန္နံ အာပတ္တိသမုဋ္ဌာနာနံ ဒွီဟိ သမုဋ္ဌာနေဟိ သမုဋ္ဌာတိ – ဧဠကလောမကေ…ပေ…။</p>
",-226-
1992,mula_vi_05,122,"<p class=""bodytext"">သံဃာဏိံ <a name=""M0.0122""></a> ဓာရေန္တိယာ ပါစိတ္တိယံ ကတ္ထ ပညတ္တန္တိ? သာဝတ္ထိယံ ပညတ္တံ။ ကံ အာရဗ္ဘာတိ? အညတရံ ဘိက္ခုနိံ အာရဗ္ဘ။ ကိသ္မိံ ဝတ္ထုသ္မိန္တိ? အညတရာ ဘိက္ခုနီ သံဃာဏိံ ဓာရေသိ, တသ္မိံ ဝတ္ထုသ္မိံ။ ဧကာ ပညတ္တိ။ ဆန္နံ အာပတ္တိသမုဋ္ဌာနာနံ ဒွီဟိ သမုဋ္ဌာနေဟိ သမုဋ္ဌာတိ – ဧဠကလောမကေ…ပေ…။</p>
<p class=""bodytext"">ဣတ္ထာလင်္ကာရံ ဓာရေန္တိယာ ပါစိတ္တိယံ ကတ္ထ ပညတ္တန္တိ? သာဝတ္ထိယံ ပညတ္တံ။ ကံ အာရဗ္ဘာတိ? ဆဗ္ဗဂ္ဂိယာ ဘိက္ခုနိယော အာရဗ္ဘ။ ကိသ္မိံ ဝတ္ထုသ္မိန္တိ? ဆဗ္ဗဂ္ဂိယာ ဘိက္ခုနိယော ဣတ္ထာလင်္ကာရံ ဓာရေသုံ, တသ္မိံ ဝတ္ထုသ္မိံ။ ဧကာ ပညတ္တိ။ ဆန္နံ အာပတ္တိသမုဋ္ဌာနာနံ <a name=""T0.0176""></a> ဒွီဟိ သမုဋ္ဌာနေဟိ သမုဋ္ဌာတိ – ဧဠကလောမကေ…ပေ…။</p>
<p class=""bodytext"">ဂန္ဓဝဏ္ဏကေန နဟာယန္တိယာ ပါစိတ္တိယံ ကတ္ထ ပညတ္တန္တိ? သာဝတ္ထိယံ ပညတ္တံ။ ကံ အာရဗ္ဘာတိ? ဆဗ္ဗဂ္ဂိယာ ဘိက္ခုနိယော အာရဗ္ဘ။ ကိသ္မိံ ဝတ္ထုသ္မိန္တိ? ဆဗ္ဗဂ္ဂိယာ ဘိက္ခုနိယော ဂန္ဓဝဏ္ဏကေန နဟာယိံသု, တသ္မိံ ဝတ္ထုသ္မိံ။ ဧကာ ပညတ္တိ။ ဆန္နံ အာပတ္တိသမုဋ္ဌာနာနံ ဒွီဟိ သမုဋ္ဌာနေဟိ သမုဋ္ဌာတိ – ဧဠကလောမကေ…ပေ…။</p>
<p class=""bodytext"">ဝါသိတကေန <a name=""V0.0134""></a> ပိညာကေန နဟာယန္တိယာ ပါစိတ္တိယံ ကတ္ထ ပညတ္တန္တိ? သာဝတ္ထိယံ ပညတ္တံ။ ကံ အာရဗ္ဘာတိ? ဆဗ္ဗဂ္ဂိယာ ဘိက္ခုနိယော အာရဗ္ဘ။ ကိသ္မိံ ဝတ္ထုသ္မိန္တိ? ဆဗ္ဗဂ္ဂိယာ ဘိက္ခုနိယော ဝါသိတကေန ပိညာကေန နဟာယိံသု, တသ္မိံ ဝတ္ထုသ္မိံ။ ဧကာ ပညတ္တိ။ ဆန္နံ အာပတ္တိသမုဋ္ဌာနာနံ ဒွီဟိ သမုဋ္ဌာနေဟိ သမုဋ္ဌာတိ – ဧဠကလောမကေ…ပေ…။</p>
<p class=""bodytext"">ဘိက္ခုနိယာ ဥမ္မဒ္ဒါပေန္တိယာ ပရိမဒ္ဒါပေန္တိယာ ပါစိတ္တိယံ ကတ္ထ ပညတ္တန္တိ? သာဝတ္ထိယံ ပညတ္တံ။ ကံ အာရဗ္ဘာတိ? သမ္ဗဟုလာ ဘိက္ခုနိယော အာရဗ္ဘ။ ကိသ္မိံ ဝတ္ထုသ္မိန္တိ? သမ္ဗဟုလာ ဘိက္ခုနိယော ဘိက္ခုနိယာ ဥမ္မဒ္ဒါပေသုံ ပရိမဒ္ဒါပေသုံ, တသ္မိံ ဝတ္ထုသ္မိံ။ ဧကာ ပညတ္တိ။ ဆန္နံ အာပတ္တိသမုဋ္ဌာနာနံ ဒွီဟိ သမုဋ္ဌာနေဟိ သမုဋ္ဌာတိ – ဧဠကလောမကေ…ပေ…။</p>
<p class=""bodytext"">သိက္ခမာနာ <a name=""P5.0070""></a> ဥမ္မဒ္ဒါပေန္တိယာ ပရိမဒ္ဒါပေန္တိယာ ပါစိတ္တိယံ ကတ္ထ ပညတ္တန္တိ? သာဝတ္ထိယံ ပညတ္တံ။ ကံ အာရဗ္ဘာတိ? သမ္ဗဟုလာ <a name=""T0.0177""></a> ဘိက္ခုနိယော အာရဗ္ဘ။ ကိသ္မိံ ဝတ္ထုသ္မိန္တိ? သမ္ဗဟုလာ ဘိက္ခုနိယော သိက္ခမာနာယ ဥမ္မဒ္ဒါပေသုံ ပရိမဒ္ဒါပေသုံ, တသ္မိံ ဝတ္ထုသ္မိံ။ ဧကာ ပညတ္တိ။ ဆန္နံ အာပတ္တိသမုဋ္ဌာနာနံ ဒွီဟိ သမုဋ္ဌာနေဟိ သမုဋ္ဌာတိ – ဧဠကလောမကေ…ပေ…။</p>
<p class=""bodytext"">သာမဏေရိယာ ဥမ္မဒ္ဒါပေန္တိယာ ပရိမဒ္ဒါပေန္တိယာ ပါစိတ္တိယံ ကတ္ထ ပညတ္တန္တိ? သာဝတ္ထိယံ ပညတ္တံ။ ကံ အာရဗ္ဘာတိ? သမ္ဗဟုလာ ဘိက္ခုနိယော</p>
",
1993,mula_vi_05,123,"<p class=""noindentbodytext""> အာရဗ္ဘ<a name=""M0.0123""></a>။ ကိသ္မိံ ဝတ္ထုသ္မိန္တိ? သမ္ဗဟုလာ ဘိက္ခုနိယော သာမဏေရိယာ ဥမ္မဒ္ဒါပေသုံ ပရိမဒ္ဒါပေသုံ, တသ္မိံ ဝတ္ထုသ္မိံ။ ဧကာ ပညတ္တိ။ ဆန္နံ အာပတ္တိသမုဋ္ဌာနာနံ ဒွီဟိ သမုဋ္ဌာနေဟိ သမုဋ္ဌာတိ – ဧဠကလောမကေ…ပေ…။</p>
<p class=""bodytext"">ဂိဟိနိယာ ဥမ္မဒ္ဒါပေန္တိယာ ပရိမဒ္ဒါပေန္တိယာ ပါစိတ္တိယံ ကတ္ထ ပညတ္တန္တိ? သာဝတ္ထိယံ ပညတ္တံ။ ကံ အာရဗ္ဘာတိ? သမ္ဗဟုလာ ဘိက္ခုနိယော အာရဗ္ဘ။ ကိသ္မိံ ဝတ္ထုသ္မိန္တိ? သမ္ဗဟုလာ ဘိက္ခုနိယော ဂိဟိနိယာ ဥမ္မဒ္ဒါပေသုံ ပရိမဒ္ဒါပေသုံ, တသ္မိံ ဝတ္ထုသ္မိံ။ ဧကာ ပညတ္တိ။ ဆန္နံ အာပတ္တိသမုဋ္ဌာနာနံ ဒွီဟိ သမုဋ္ဌာနေဟိ သမုဋ္ဌာတိ – ဧဠကလောမကေ…ပေ…။</p>
<p class=""bodytext"">ဘိက္ခုဿ ပုရတော အနာပုစ္ဆာ အာသနေ နိသီဒန္တိယာ ပါစိတ္တိယံ ကတ္ထ ပညတ္တန္တိ? သာဝတ္ထိယံ ပညတ္တံ။ ကံ အာရဗ္ဘာတိ? သမ္ဗဟုလာ ဘိက္ခုနိယော အာရဗ္ဘ။ ကိသ္မိံ ဝတ္ထုသ္မိန္တိ? သမ္ဗဟုလာ ဘိက္ခုနိယော ဘိက္ခုဿ ပုရတော အနာပုစ္ဆာ အာသနေ နိသီဒိံသု, တသ္မိံ ဝတ္ထုသ္မိံ<a name=""T0.0178""></a>။ ဧကာ ပညတ္တိ။ ဆန္နံ အာပတ္တိသမုဋ္ဌာနာနံ ဒွီဟိ သမုဋ္ဌာနေဟိ သမုဋ္ဌာတိ – ကထိနကေ…ပေ…။</p>
<p class=""bodytext"">အနောကာသကတံ <a name=""V0.0135""></a> ဘိက္ခုံ ပဉှံ ပုစ္ဆန္တိယာ ပါစိတ္တိယံ ကတ္ထ ပညတ္တန္တိ? သာဝတ္ထိယံ ပညတ္တံ။ ကံ အာရဗ္ဘာတိ? သမ္ဗဟုလာ ဘိက္ခုနိယော အာရဗ္ဘ။ ကိသ္မိံ ဝတ္ထုသ္မိန္တိ? သမ္ဗဟုလာ ဘိက္ခုနိယော အနောကာသကတံ ဘိက္ခုံ ပဉှံ ပုစ္ဆိံသု, တသ္မိံ ဝတ္ထုသ္မိံ။ ဧကာ ပညတ္တိ။ ဆန္နံ အာပတ္တိသမုဋ္ဌာနာနံ ဒွီဟိ သမုဋ္ဌာနေဟိ သမုဋ္ဌာတိ – ပဒသောဓမ္မေ…ပေ…။</p>
<p class=""bodytext"">အသင်္ကစ္စိကာယ <span class=""note"">[အသင်္ကစ္ဆိကာယ (သျာ။)]</span> ဂါမံ ပဝိသန္တိယာ ပါစိတ္တိယံ ကတ္ထ ပညတ္တန္တိ? သာဝတ္ထိယံ ပညတ္တံ။ ကံ အာရဗ္ဘာတိ? အညတရံ ဘိက္ခုနိံ အာရဗ္ဘ။ ကိသ္မိံ ဝတ္ထုသ္မိန္တိ? အညတရာ ဘိက္ခုနီ အသင်္ကစ္စိကာ ဂါမံ ပါဝိသိ, တသ္မိံ ဝတ္ထုသ္မိံ။ ဧကာ ပညတ္တိ။ ဆန္နံ အာပတ္တိသမုဋ္ဌာနာနံ ဒွီဟိ သမုဋ္ဌာနေဟိ သမုဋ္ဌာတိ – သိယာ ကာယတော သမုဋ္ဌာတိ, န ဝါစတော န စိတ္တတော၊ သိယာ ကာယတော စ စိတ္တတော စ သမုဋ္ဌာတိ, န ဝါစတော…ပေ…။</p>
<p class=""centered"">ဆတ္တုပါဟနဝဂ္ဂေါ နဝမော။</p>
<p class=""centered"">နဝဝဂ္ဂခုဒ္ဒကာ နိဋ္ဌိတာ။</p>
",
1994,mula_vi_05,124,"<p class=""centered"">တဿုဒ္ဒါနံ –</p>
<p class=""gatha1"">လသုဏံ <a name=""M0.0124""></a> သံဟရေ လောမံ, တလမဋ္ဌဉ္စ သုဒ္ဓိကံ၊</p>
<p class=""gathalast"">ဘုဉ္ဇန္တာမကဓညာနံ, ဒွေ ဝိဃာသေန ဒဿနာ။</p>
<p class=""gatha1"">အန္ဓကာရေ <a name=""T0.0179""></a> ပဋိစ္ဆန္နေ, အဇ္ဈောကာသေ ရထိကာယ စ၊</p>
<p class=""gathalast"">ပုရေ ပစ္ဆာ ဝိကာလေ စ, ဒုဂ္ဂဟိ နိရယေ ဝဓိ။</p>
<p class=""gatha1"">နဂ္ဂေါဒကာ ဝိသိဗ္ဗေတွာ, ပဉ္စာဟိကံ သင်္ကမနီယံ၊</p>
<p class=""gathalast"">ဂဏံ ဝိဘင်္ဂသမဏံ, ဒုဗ္ဗလံ ကထိနေန စ။</p>
<p class=""gatha1"">ဧကမဉ္စတ္ထရဏေန, သဉ္စိစ္စ သဟဇီဝိနီ၊</p>
<p class=""gathalast"">ဒတွာ သံသဋ္ဌအန္တော စ, တိရောဝဿံ န ပက္ကမေ။</p>
<p class=""gatha1"">ရာဇာ အာသန္ဒိ သုတ္တဉ္စ, ဂိဟိ ဝူပသမေန စ၊</p>
<p class=""gathalast"">ဒဒေ စီဝရာဝသထံ, ပရိယာပုဏဉ္စ ဝါစယေ။</p>
<p class=""gatha1"">အာရာမက္ကောသစဏ္ဍီ <a name=""V0.0136""></a> စ, ဘုဉ္ဇေယျ ကုလမစ္ဆရီ၊</p>
<p class=""gathalast"">ဝါသေ ပဝါရဏောဝါဒံ, ဒွေ ဓမ္မာ ပသာခေန စ။</p>
<p class=""gatha1"">ဂဗ္ဘီ ပါယန္တီ ဆ ဓမ္မေ, အသမ္မတူနဒွါဒသ၊</p>
<p class=""gathalast"">ပရိပုဏ္ဏဉ္စ <a name=""P5.0071""></a> သံဃေန, သဟ ဝုဋ္ဌာ ဆ ပဉ္စ စ။</p>
<p class=""gatha1"">ကုမာရီ ဒွေ စ သံဃေန, ဒွါဒသ သမ္မတေန စ၊</p>
<p class=""gathalast"">အလံ သစေ စ ဒွေဝဿံ, သံသဋ္ဌာ သာမိကေန စ။</p>
<p class=""gatha1"">ပါရိဝါသိကာနုဝဿံ, ဒုဝေ ဝုဋ္ဌာပနေန စ၊</p>
<p class=""gathalast"">ဆတ္တယာနေန သံဃာဏိ, ဣတ္ထာလင်္ကာရဝဏ္ဏကေ။</p>
<p class=""gatha1"">ပိညာကဘိက္ခုနီ စေဝ, သိက္ခာ စ သာမဏေရိကာ၊</p>
<p class=""gathalast"">ဂိဟိ ဘိက္ခုဿ ပုရတော, အနောကာသံ သင်္ကစ္စိကာတိ။</p>
<p class=""centered"">တေသံ ဝဂ္ဂါနံ ဥဒ္ဒါနံ –</p>
<p class=""gatha1"">လသုဏန္ဓကာရာ နှာနာ, တုဝဋ္ဋာ စိတ္တဂါရကာ၊</p>
<p class=""gathalast"">အာရာမံ <a name=""T0.0180""></a> ဂဗ္ဘိနီ စေဝ, ကုမာရီ ဆတ္တုပါဟနာတိ။</p>
",
1995,mula_vi_05,125,"<p class=""subhead"">၅။ ပါဋိဒေသနီယကဏ္ဍံ</p>
<p class=""bodytext""><a name=""para227""></a><a name=""para227_vin5""></a><span class=""paranum"">၂၂၇</span>။ သပ္ပိံ <a name=""M0.0125""></a> ဝိညာပေတွာ ဘုဉ္ဇန္တိယာ ပါဋိဒေသနီယံ ကတ္ထ ပညတ္တန္တိ? သာဝတ္ထိယံ ပညတ္တံ။ ကံ အာရဗ္ဘာတိ? ဆဗ္ဗဂ္ဂိယာ ဘိက္ခုနိယော အာရဗ္ဘ။ ကိသ္မိံ ဝတ္ထုသ္မိန္တိ? ဆဗ္ဗဂ္ဂိယာ ဘိက္ခုနိယော သပ္ပိံ ဝိညာပေတွာ ဘုဉ္ဇိံသု, တသ္မိံ ဝတ္ထုသ္မိံ။ ဧကာ ပညတ္တိ, ဧကာ အနုပညတ္တိ။ ဆန္နံ အာပတ္တိသမုဋ္ဌာနာနံ စတူဟိ သမုဋ္ဌာနေဟိ သမုဋ္ဌာတိ…ပေ…။</p>
<p class=""bodytext"">တေလံ ဝိညာပေတွာ ဘုဉ္ဇန္တိယာ ပါဋိဒေသနီယံ ကတ္ထ ပညတ္တန္တိ? သာဝတ္ထိယံ ပညတ္တံ။ ကံ အာရဗ္ဘာတိ? ဆဗ္ဗဂ္ဂိယာ ဘိက္ခုနိယော အာရဗ္ဘ။ ကိသ္မိံ ဝတ္ထုသ္မိန္တိ? ဆဗ္ဗဂ္ဂိယာ ဘိက္ခုနိယော တေလံ ဝိညာပေတွာ ဘုဉ္ဇိံသု, တသ္မိံ ဝတ္ထုသ္မိံ။ ဧကာ ပညတ္တိ, ဧကာ အနုပညတ္တိ။ ဆန္နံ အာပတ္တိသမုဋ္ဌာနာနံ စတူဟိ သမုဋ္ဌာနေဟိ သမုဋ္ဌာတိ…ပေ…။</p>
<p class=""bodytext"">မဓုံ <a name=""V0.0137""></a> ဝိညာပေတွာ ဘုဉ္ဇန္တိယာ ပါဋိဒေသနီယံ ကတ္ထ ပညတ္တန္တိ? သာဝတ္ထိယံ ပညတ္တံ။ ကံ အာရဗ္ဘာတိ? ဆဗ္ဗဂ္ဂိယာ ဘိက္ခုနိယော အာရဗ္ဘ။ ကိသ္မိံ ဝတ္ထုသ္မိန္တိ? ဆဗ္ဗဂ္ဂိယာ ဘိက္ခုနိယော မဓုံ ဝိညာပေတွာ ဘုဉ္ဇိံသု, တသ္မိံ ဝတ္ထုသ္မိံ။ ဧကာ ပညတ္တိ, ဧကာ အနုပညတ္တိ။ ဆန္နံ အာပတ္တိသမုဋ္ဌာနာနံ စတူဟိ သမုဋ္ဌာနေဟိ သမုဋ္ဌာတိ…ပေ…။</p>
<p class=""bodytext"">ဖာဏိတံ <a name=""T0.0181""></a> ဝိညာပေတွာ ဘုဉ္ဇန္တိယာ ပါဋိဒေသနီယံ ကတ္ထ ပညတ္တန္တိ? သာဝတ္ထိယံ ပညတ္တံ။ ကံ အာရဗ္ဘာတိ? ဆဗ္ဗဂ္ဂိယာ ဘိက္ခုနိယော အာရဗ္ဘ။ ကိသ္မိံ ဝတ္ထုသ္မိန္တိ? ဆဗ္ဗဂ္ဂိယာ ဘိက္ခုနိယော ဖာဏိတံ ဝိညာပေတွာ ဘုဉ္ဇိံသု, တသ္မိံ ဝတ္ထုသ္မိံ။ ဧကာ ပညတ္တိ, ဧကာ အနုပညတ္တိ။ ဆန္နံ အာပတ္တိသမုဋ္ဌာနာနံ စတူဟိ သမုဋ္ဌာနေဟိ သမုဋ္ဌာတိ…ပေ…။</p>
<p class=""bodytext"">မစ္ဆံ ဝိညာပေတွာ ဘုဉ္ဇန္တိယာ ပါဋိဒေသနီယံ ကတ္ထ ပညတ္တန္တိ? သာဝတ္ထိယံ ပညတ္တံ။ ကံ အာရဗ္ဘာတိ? ဆဗ္ဗဂ္ဂိယာ ဘိက္ခုနိယော အာရဗ္ဘ။ ကိသ္မိံ ဝတ္ထုသ္မိန္တိ? ဆဗ္ဗဂ္ဂိယာ ဘိက္ခုနိယော မစ္ဆံ ဝိညာပေတွာ ဘုဉ္ဇိံသု, တသ္မိံ ဝတ္ထုသ္မိံ။ ဧကာ ပညတ္တိ, ဧကာ အနုပညတ္တိ။ ဆန္နံ အာပတ္တိသမုဋ္ဌာနာနံ စတူဟိ သမုဋ္ဌာနေဟိ သမုဋ္ဌာတိ…ပေ…။</p>
<p class=""bodytext"">မံသံ ဝိညာပေတွာ ဘုဉ္ဇန္တိယာ ပါဋိဒေသနီယံ ကတ္ထ ပညတ္တန္တိ? သာဝတ္ထိယံ ပညတ္တံ။ ကံ အာရဗ္ဘာတိ? ဆဗ္ဗဂ္ဂိယာ ဘိက္ခုနိယော အာရဗ္ဘ။ ကိသ္မိံ ဝတ္ထုသ္မိန္တိ? ဆဗ္ဗဂ္ဂိယာ ဘိက္ခုနိယော။ မံသံ ဝိညာပေတွာ ဘုဉ္ဇိံသု, တသ္မိံ ဝတ္ထုသ္မိံ။ ဧကာ ပညတ္တိ, ဧကာ အနုပညတ္တိ။ ဆန္နံ အာပတ္တိသမုဋ္ဌာနာနံ စတူဟိ သမုဋ္ဌာနေဟိ သမုဋ္ဌာတိ…ပေ…။</p>
",-227-
1996,mula_vi_05,126,"<p class=""bodytext"">ခီရံ <a name=""M0.0126""></a> ဝိညာပေတွာ ဘုဉ္ဇန္တိယာ ပါဋိဒေသနီယံ ကတ္ထ ပညတ္တန္တိ? သာဝတ္ထိယံ ပညတ္တံ။ ကံ အာရဗ္ဘာတိ? ဆဗ္ဗဂ္ဂိယာ ဘိက္ခုနိယော <a name=""T0.0182""></a> အာရဗ္ဘ။ ကိသ္မိံ ဝတ္ထုသ္မိန္တိ? ဆဗ္ဗဂ္ဂိယာ ဘိက္ခုနိယော ခီရံ ဝိညာပေတွာ ဘုဉ္ဇိံသု, တသ္မိံ ဝတ္ထုသ္မိံ။ ဧကာ ပညတ္တိ, ဧကာ အနုပညတ္တိ။ ဆန္နံ အာပတ္တိသမုဋ္ဌာနာနံ စတူဟိ သမုဋ္ဌာနေဟိ သမုဋ္ဌာတိ…ပေ…။</p>
<p class=""bodytext"">ဒဓိံ ဝိညာပေတွာ ဘုဉ္ဇန္တိယာ ပါဋိဒေသနီယံ ကတ္ထ ပညတ္တန္တိ? သာဝတ္ထိယံ ပညတ္တံ။ ကံ အာရဗ္ဘာတိ? ဆဗ္ဗဂ္ဂိယာ ဘိက္ခုနိယော အာရဗ္ဘ။ ကိသ္မိံ ဝတ္ထုသ္မိန္တိ? ဆဗ္ဗဂ္ဂိယာ ဘိက္ခုနိယော ဒဓိံ ဝိညာပေတွာ ဘုဉ္ဇိံသု, တသ္မိံ ဝတ္ထုသ္မိံ။ ဧကာ ပညတ္တိ, ဧကာ အနုပညတ္တိ။ ဆန္နံ အာပတ္တိသမုဋ္ဌာနာနံ စတူဟိ သမုဋ္ဌာနေဟိ သမုဋ္ဌာတိ – သိယာ ကာယတော သမုဋ္ဌာတိ, န ဝါစတော န စိတ္တတော၊ သိယာ ကာယတော စ ဝါစတော စ သမုဋ္ဌာတိ, န စိတ္တတော၊ သိယာ <a name=""V0.0138""></a> ကာယတော စ စိတ္တတော စ သမုဋ္ဌာတိ, န ဝါစတော၊ သိယာ ကာယတော စ ဝါစတော စ စိတ္တတော စ သမုဋ္ဌာတိ…ပေ…။</p>
<p class=""centered"">အဋ္ဌ ပါဋိဒေသနီယာ နိဋ္ဌိတာ။</p>
<p class=""centered"">တဿုဒ္ဒါနံ –</p>
<p class=""gatha1"">သပ္ပိံ တေလံ မဓုဉ္စေဝ, ဖာဏိတံ မစ္ဆမေဝ စ၊</p>
<p class=""gatha2"">မံသံ ခီရံ ဒဓိဉ္စာပိ, ဝိညာပေတွာန ဘိက္ခုနီ၊</p>
<p class=""gathalast"">ပါဋိဒေသနီယာ အဋ္ဌ, သယံ ဗုဒ္ဓေန ဒေသိတာတိ။</p>
<p class=""centered"">ယေ သိက္ခာပဒါ ဘိက္ခုဝိဘင်္ဂေ ဝိတ္ထာရိတာ တေ သံခိတ္တာ</p>
<p class=""bodytext"">ဘိက္ခုနိဝိဘင်္ဂေ။</p>
<p class=""centered"">ကတ္ထပညတ္တိဝါရော နိဋ္ဌိတော ပဌမော။</p>
<p class=""title"">၂။ ကတာပတ္တိဝါရော</p>
<p class=""subhead"">၁။ ပါရာဇိကကဏ္ဍံ</p>
<p class=""bodytext""><a name=""para228""></a><a name=""para228_vin5""></a><span class=""paranum"">၂၂၈</span>။ အဝဿုတာ <a name=""T0.0183""></a><a name=""V0.0139""></a> ဘိက္ခုနီ အဝဿုတဿ ပုရိသပုဂ္ဂလဿ ကာယသံသဂ္ဂံ သာဒိယန္တီ ကတိ အာပတ္တိယော အာပဇ္ဇတိ? အဝဿုတာ ဘိက္ခုနီ အဝဿုတဿ ပုရိသပုဂ္ဂလဿ ကာယသံသဂ္ဂံ သာဒိယန္တီ <a name=""P5.0072""></a> တိဿော အာပတ္တိယော</p>
",-228-
1997,mula_vi_05,127,"<p class=""noindentbodytext""> အာပဇ္ဇတိ<a name=""M0.0127""></a>။ အဓက္ခကံ ဥဗ္ဘဇာဏုမဏ္ဍလံ ဂဟဏံ သာဒိယတိ, အာပတ္တိ ပါရာဇိကဿ၊ ဥဗ္ဘက္ခကံ အဓောဇာဏုမဏ္ဍလံ ဂဟဏံ သာဒိယတိ, အာပတ္တိ ထုလ္လစ္စယဿ၊ ကာယပဋိဗဒ္ဓံ ဂဟဏံ သာဒိယတိ, အာပတ္တိ ဒုက္ကဋဿ – အဝဿုတာ ဘိက္ခုနီ အဝဿုတဿ ပုရိသပုဂ္ဂလဿ ကာယသံသဂ္ဂံ သာဒိယန္တီ ဣမာ တိဿော အာပတ္တိယော အာပဇ္ဇတိ။</p>
<p class=""bodytext"">ဝဇ္ဇပ္ပဋိစ္ဆာဒိကာ ဘိက္ခုနီ ဝဇ္ဇံ ပဋိစ္ဆာဒေန္တီ ကတိ အာပတ္တိယော အာပဇ္ဇတိ? ဝဇ္ဇပ္ပဋိစ္ဆာဒိကာ ဘိက္ခုနီ ဝဇ္ဇံ ပဋိစ္ဆာဒေန္တီ တိဿော အာပတ္တိယော အာပဇ္ဇတိ။ ဇာနံ ပါရာဇိကံ ဓမ္မံ ပဋိစ္ဆာဒေတိ, အာပတ္တိ ပါရာဇိကဿ၊ ဝေမတိကာ ပဋိစ္ဆာဒေတိ, အာပတ္တိ ထုလ္လစ္စယဿ၊ အာစာရဝိပတ္တိံ ပဋိစ္ဆာဒေတိ, အာပတ္တိ ဒုက္ကဋဿ – ဝဇ္ဇပ္ပဋိစ္ဆာဒိကာ ဘိက္ခုနီ ဝဇ္ဇံ ပဋိစ္ဆာဒေန္တီ ဣမာ တိဿော အာပတ္တိယော အာပဇ္ဇတိ။</p>
<p class=""bodytext"">ဥက္ခိတ္တာနုဝတ္တိကာ ဘိက္ခုနီ ယာဝတတိယံ သမနုဘာသနာယ န ပဋိနိဿဇ္ဇန္တီ ကတိ အာပတ္တိယော အာပဇ္ဇတိ? ဥက္ခိတ္တာနုဝတ္တိကာ ဘိက္ခုနီ ယာဝတတိယံ သမနုဘာသနာယ န ပဋိနိဿဇ္ဇန္တီ တိဿော အာပတ္တိယော အာပဇ္ဇတိ။ ဉတ္တိယာ ဒုက္ကဋံ၊ ဒွီဟိ ကမ္မဝါစာဟိ ထုလ္လစ္စယာ၊ ကမ္မဝါစာပရိယောသာနေ <a name=""T0.0184""></a> အာပတ္တိ ပါရာဇိကဿ – ဥက္ခိတ္တာနုဝတ္တိကာ ဘိက္ခုနီ ယာဝတတိယံ သမနုဘာသနာယ န ပဋိနိဿဇ္ဇန္တီ ဣမာ တိဿော အာပတ္တိယော အာပဇ္ဇတိ။</p>
<p class=""bodytext"">အဋ္ဌမံ ဝတ္ထုံ ပရိပူရေန္တီ ကတိ အာပတ္တိယော အာပဇ္ဇတိ? အဋ္ဌမံ ဝတ္ထုံ ပရိပူရေန္တီ တိဿော အာပတ္တိယော <a name=""V0.0140""></a> အာပဇ္ဇတိ။ ပုရိသေန – ‘‘ဣတ္ထန္နာမံ ဩကာသံ <span class=""note"">[ဣတ္ထန္နာမံ ဂဟနံ (သီ။), ဣတ္ထန္နာမံ ဂဗ္ဘံ (သျာ။)]</span> အာဂစ္ဆာ’’တိ ဝုတ္တာ ဂစ္ဆတိ, အာပတ္တိ ဒုက္ကဋဿ၊ ပုရိသဿ ဟတ္ထပါသံ ဩက္ကန္တမတ္တေ အာပတ္တိ ထုလ္လစ္စယဿ၊ အဋ္ဌမံ ဝတ္ထုံ ပရိပူရေတိ, အာပတ္တိ ပါရာဇိကဿ – အဋ္ဌမံ ဝတ္ထုံ ပရိပူရေန္တီ ဣမာ တိဿော အာပတ္တိယော အာပဇ္ဇတိ။</p>
<p class=""centered"">ပါရာဇိကာ နိဋ္ဌိတာ။</p>
<p class=""subhead"">၂။ သံဃာဒိသေသကဏ္ဍံ</p>
<p class=""bodytext""><a name=""para229""></a><a name=""para229_vin5""></a><span class=""paranum"">၂၂၉</span>။ ဥဿယဝါဒိကာ ဘိက္ခုနီ အဍ္ဍံ ကရောန္တီ တိဿော အာပတ္တိယော အာပဇ္ဇတိ။ ဧကဿ အာရောစေတိ, အာပတ္တိ ဒုက္ကဋဿ၊ ဒုတိယဿ</p>
",-229-
1998,mula_vi_05,128,"<p class=""noindentbodytext""> အာရောစေတိ,<a name=""M0.0128""></a> အာပတ္တိ ထုလ္လစ္စယဿ၊ အဍ္ဍပရိယောသာနေ အာပတ္တိ သံဃာဒိသေသဿ။</p>
<p class=""bodytext"">စောရိံ ဝုဋ္ဌာပေန္တီ တိဿော အာပတ္တိယော အာပဇ္ဇတိ။ ဉတ္တိယာ ဒုက္ကဋံ၊ ဒွီဟိ ကမ္မဝါစာဟိ ထုလ္လစ္စယာ၊ ကမ္မဝါစာပရိယောသာနေ အာပတ္တိ သံဃာဒိသေသဿ။</p>
<p class=""bodytext"">ဧကာ ဂါမန္တရံ ဂစ္ဆန္တီ တိဿော အာပတ္တိယော အာပဇ္ဇတိ။ ဂစ္ဆတိ, အာပတ္တိ ဒုက္ကဋဿ၊ ပဌမံ ပါဒံ ပရိက္ခေပံ အတိက္ကာမေတိ, အာပတ္တိ ထုလ္လစ္စယဿ၊ ဒုတိယံ ပါဒံ အတိက္ကာမေတိ, အာပတ္တိ သံဃာဒိသေသဿ<a name=""T0.0185""></a>။</p>
<p class=""bodytext"">သမဂ္ဂေန သံဃေန ဥက္ခိတ္တံ ဘိက္ခုနိံ ဓမ္မေန ဝိနယေန သတ္ထုသာသနေန အနပလောကေတွာ ကာရကသံဃံ အနညာယ ဂဏဿ ဆန္ဒံ ဩသာရေန္တီ တိဿော အာပတ္တိယော အာပဇ္ဇတိ။ ဉတ္တိယာ ဒုက္ကဋံ၊ ဒွီဟိ ကမ္မဝါစာဟိ ထုလ္လစ္စယာ၊ ကမ္မဝါစာပရိယောသာနေ အာပတ္တိ သံဃာဒိသေသဿ။</p>
<p class=""bodytext"">အဝဿုတာ ဘိက္ခုနီ အဝဿုတဿ ပုရိသပုဂ္ဂလဿ ဟတ္ထတော ခါဒနီယံ ဝါ ဘောဇနီယံ ဝါ သဟတ္ထာ ပဋိဂ္ဂဟေတွာ ဘုဉ္ဇန္တီ <a name=""P5.0073""></a> တိဿော အာပတ္တိယော အာပဇ္ဇတိ။ ‘‘ခါဒိဿာမိ ဘုဉ္ဇိဿာမီ’’တိ ပဋိဂ္ဂဏှာတိ, အာပတ္တိ ထုလ္လစ္စယဿ၊ အဇ္ဈောဟာရေ အဇ္ဈောဟာရေ အာပတ္တိ သံဃာဒိသေသဿ၊ ဥဒကဒန္တပေါနံ ပဋိဂ္ဂဏှာတိ, အာပတ္တိ ဒုက္ကဋဿ။</p>
<p class=""bodytext"">‘‘ကိံ တေ, အယျေ, ဧသော ပုရိသပုဂ္ဂလော ကရိဿတိ အဝဿုတော ဝါ အနဝဿုတော ဝါ, ယတော တွံ <a name=""V0.0141""></a> အနဝဿုတာ! ဣင်္ဃ, အယျေ, ယံ တေ ဧသော ပုရိသပုဂ္ဂလော ဒေတိ ခါဒနီယံ ဝါ ဘောဇနီယံ ဝါ, တံ တွံ သဟတ္ထာ ပဋိဂ္ဂဟေတွာ ခါဒ ဝါ ဘုဉ္ဇ ဝါ’’တိ ဥယျောဇေန္တီ တိဿော အာပတ္တိယော အာပဇ္ဇတိ။ တဿာ ဝစနေန ခါဒိဿာမိ ဘုဉ္ဇိဿာမီတိ ပဋိဂ္ဂဏှာတိ, အာပတ္တိ ဒုက္ကဋဿ၊ အဇ္ဈောဟာရေ အဇ္ဈောဟာရေ အာပတ္တိ ထုလ္လစ္စယဿ၊ ဘောဇနပရိယောသာနေ အာပတ္တိ သံဃာဒိသေသဿ။</p>
<p class=""bodytext"">ကုပိတာ ဘိက္ခုနီ ယာဝတတိယံ သမနုဘာသနာယ န ပဋိနိဿဇ္ဇန္တီ တိဿော အာပတ္တိယော အာပဇ္ဇတိ။ ဉတ္တိယာ ဒုက္ကဋံ၊ ဒွီဟိ ကမ္မဝါစာဟိ ထုလ္လစ္စယာ<a name=""T0.0186""></a>၊ ကမ္မဝါစာပရိယောသာနေ အာပတ္တိ သံဃာဒိသေသဿ။</p>
<p class=""bodytext"">ကိသ္မိဉ္စိဒေဝ အဓိကရဏေ ပစ္စာကတာ ဘိက္ခုနီ ယာဝတတိယံ သမနုဘာသနာယ န ပဋိနိဿဇ္ဇန္တီ တိဿော အာပတ္တိယော အာပဇ္ဇတိ။ ဉတ္တိယာ</p>
",
1999,mula_vi_05,129,"<p class=""noindentbodytext""> ဒုက္ကဋံ၊<a name=""M0.0129""></a> ဒွီဟိ ကမ္မဝါစာဟိ ထုလ္လစ္စယာ၊ ကမ္မဝါစာပရိယောသာနေ အာပတ္တိ သံဃာဒိသေသဿ။</p>
<p class=""bodytext"">သံသဋ္ဌာ ဘိက္ခုနိယော ယာဝတတိယံ သမနုဘာသနာယ န ပဋိနိဿဇ္ဇန္တိယော တိဿော အာပတ္တိယော အာပဇ္ဇန္တိ။ ဉတ္တိယာ ဒုက္ကဋံ၊ ဒွီဟိ ကမ္မဝါစာဟိ ထုလ္လစ္စယာ၊ ကမ္မဝါစာပရိယောသာနေ အာပတ္တိ သံဃာဒိသေသဿ။</p>
<p class=""bodytext"">‘‘သံသဋ္ဌာဝ, အယျေ, တုမှေ ဝိဟရထ။ မာ တုမှေ နာနာ ဝိဟရိတ္ထာ’’တိ ဥယျောဇေန္တီ ယာဝတတိယံ သမနုဘာသနာယ န ပဋိနိဿဇ္ဇန္တီ တိဿော အာပတ္တိယော အာပဇ္ဇတိ။ ဉတ္တိယာ ဒုက္ကဋံ၊ ဒွီဟိ ကမ္မဝါစာဟိ ထုလ္လစ္စယာ၊ ကမ္မဝါစာပရိယောသာနေ အာပတ္တိ သံဃာဒိသေသဿ။</p>
<p class=""centered"">သံဃာဒိသေသာ နိဋ္ဌိတာ။</p>
<p class=""subhead"">၃။ နိဿဂ္ဂိယကဏ္ဍံ</p>
<p class=""bodytext""><a name=""para230""></a><a name=""para230_vin5""></a><span class=""paranum"">၂၃၀</span>။ ပတ္တသန္နိစယံ ကရောန္တီ ဧကံ အာပတ္တိံ အာပဇ္ဇတိ။ နိဿဂ္ဂိယံ ပါစိတ္တိယံ။</p>
<p class=""bodytext"">အကာလစီဝရံ ‘‘ကာလစီဝရ’’န္တိ အဓိဋ္ဌဟိတွာ ဘာဇာပေန္တီ ဒွေ အာပတ္တိယော အာပဇ္ဇတိ။ ဘာဇာပေတိ, ပယောဂေ ဒုက္ကဋံ၊ ဘာဇာပိတေ နိဿဂ္ဂိယံ ပါစိတ္တိယံ။</p>
<p class=""bodytext"">ဘိက္ခုနိယာ <a name=""V0.0142""></a> သဒ္ဓိံ စီဝရံ ပရိဝတ္တေတွာ အစ္ဆိန္ဒန္တီ ဒွေ အာပတ္တိယော <a name=""T0.0187""></a> အာပဇ္ဇတိ။ အစ္ဆိန္ဒတိ, ပယောဂေ ဒုက္ကဋံ၊ အစ္ဆိန္နေ နိဿဂ္ဂိယံ ပါစိတ္တိယံ။</p>
<p class=""bodytext"">အညံ ဝိညာပေတွာ အညံ ဝိညာပေန္တီ ဒွေ အာပတ္တိယော အာပဇ္ဇတိ။ ဝိညာပေတိ, ပယောဂေ ဒုက္ကဋံ၊ ဝိညာပိတေ နိဿဂ္ဂိယံ ပါစိတ္တိယံ။</p>
<p class=""bodytext"">အညံ စေတာပေတွာ အညံ စေတာပေန္တီ ဒွေ အာပတ္တိယော အာပဇ္ဇတိ။ စေတာပေတိ, ပယောဂေ ဒုက္ကဋံ၊ စေတာပိတေ နိဿဂ္ဂိယံ ပါစိတ္တိယံ။</p>
<p class=""bodytext"">အညဒတ္ထိကေန ပရိက္ခာရေန အညုဒ္ဒိသိကေန သံဃိကေန အညံ စေတာပေန္တီ ဒွေ အာပတ္တိယော အာပဇ္ဇတိ။ စေတာပေတိ, ပယောဂေ ဒုက္ကဋံ၊ စေတာပိတေ နိဿဂ္ဂိယံ ပါစိတ္တိယံ။</p>
",-230-
2000,mula_vi_05,130,"<p class=""bodytext"">အညဒတ္ထိကေ <a name=""M0.0130""></a> ပရိက္ခာရေန အညုဒ္ဒိသိကေန သံဃိကေန သံယာစိကေန အညံ စေတာပေန္တီ ဒွေ အာပတ္တိယော အာပဇ္ဇတိ။ စေတာပေတိ, ပယောဂေ ဒုက္ကဋံ၊ စေတာပိတေ နိဿဂ္ဂိယံ ပါစိတ္တိယံ။</p>
<p class=""bodytext"">အညဒတ္ထိကေန ပရိက္ခာရေန အညုဒ္ဒိသိကေန မဟာဇနိကေန အညံ စေတာပေန္တီ ဒွေ အာပတ္တိယော အာပဇ္ဇတိ။ စေတာပေတိ, ပယောဂေ ဒုက္ကဋံ၊ စေတာပိတေ နိဿဂ္ဂိယံ ပါစိတ္တိယံ။</p>
<p class=""bodytext"">အညဒတ္ထိကေန ပရိက္ခာရေန အညုဒ္ဒိသိကေန မဟာဇနိကေန သံယာစိကေန အညံ စေတာပေန္တီ ဒွေ အာပတ္တိယော အာပဇ္ဇတိ။ စေတာပေတိ, ပယောဂေ ဒုက္ကဋံ၊ စေတာပိတေ နိဿဂ္ဂိယံ ပါစိတ္တိယံ။</p>
<p class=""bodytext"">အညဒတ္ထိကေန <a name=""T0.0188""></a> ပရိက္ခာရေန အညုဒ္ဒိသိကေ <a name=""P5.0074""></a> ပုဂ္ဂလိကေန သံယာစိကေန အညံ စေတာပေန္တီ ဒွေ အာပတ္တိယော အာပဇ္ဇတိ။ စေတာပေတိ, ပယောဂေ ဒုက္ကဋံ၊ စေတာပိတေ နိဿဂ္ဂိယံ ပါစိတ္တိယံ။</p>
<p class=""bodytext"">အတိရေကစတုက္ကံသပရမံ ဂရုပါဝုရဏံ စေတာပေန္တီ ဒွေ အာပတ္တိယော အာပဇ္ဇတိ။ စေတာပေတိ, ပယောဂေ ဒုက္ကဋံ၊ စေတာပိတေ နိဿဂ္ဂိယံ ပါစိတ္တိယံ။</p>
<p class=""bodytext"">အတိရေကအဍ္ဎတေယျကံသပရမံ လဟုပါဝုရဏံ စေတာပေန္တီ ဒွေ အာပတ္တိယော အာပဇ္ဇတိ။ စေတာပေတိ, ပယောဂေ ဒုက္ကဋံ၊ စေတာပိတေ နိဿဂ္ဂိယံ ပါစိတ္တိယံ။</p>
<p class=""centered"">နိဿဂ္ဂိယာ ပါစိတ္တိယာ နိဋ္ဌိတာ။</p>
<p class=""subhead"">၄။ ပါစိတ္တိယကဏ္ဍံ</p>
<p class=""subhead"">၁။ လသုဏဝဂ္ဂေါ</p>
<p class=""bodytext""><a name=""para231""></a><a name=""para231_vin5""></a><span class=""paranum"">၂၃၁</span>။ လသုဏံ <a name=""V0.0143""></a> ခါဒန္တီ ဒွေ အာပတ္တိယော အာပဇ္ဇတိ။ ခါဒိဿာမီတိ ပဋိဂ္ဂဏှာတိ, အာပတ္တိ ဒုက္ကဋဿ၊ အဇ္ဈောဟာရေ အဇ္ဈောဟာရေ အာပတ္တိ ပါစိတ္တိယဿ။</p>
<p class=""bodytext"">သမ္ဗာဓေ လောမံ သံဟရာပေန္တီ ဒွေ အာပတ္တိယော အာပဇ္ဇတိ။ သံဟရာပေတိ, ပယောဂေ ဒုက္ကဋံ၊ သံဟရာပိတေ အာပတ္တိ ပါစိတ္တိယဿ။</p>
",-231-
2001,mula_vi_05,131,"<p class=""bodytext"">တလဃာတကံ <a name=""M0.0131""></a> ကရောန္တီ ဒွေ အာပတ္တိယော အာပဇ္ဇတိ။ ကရောတိ, ပယောဂေ ဒုက္ကဋံ၊ ကတေ အာပတ္တိ ပါစိတ္တိယဿ။</p>
<p class=""bodytext"">ဇတုမဋ္ဌကံ အာဒိယန္တီ ဒွေ အာပတ္တိယော အာပဇ္ဇတိ။ အာဒိယတိ, ပယောဂေ ဒုက္ကဋံ, အာဒိန္နေ အာပတ္တိ ပါစိတ္တိယဿ။</p>
<p class=""bodytext"">အတိရေကဒွင်္ဂုလပဗ္ဗပရမံ ဥဒကသုဒ္ဓိကံ အာဒိယန္တီ ဒွေ အာပတ္တိယော <a name=""T0.0189""></a> အာပဇ္ဇတိ။ အာဒိယတိ, ပယောဂေ ဒုက္ကဋံ၊ အာဒိန္နေ အာပတ္တိ ပါစိတ္တိယဿ။</p>
<p class=""bodytext"">ဘိက္ခုဿ ဘုဉ္ဇန္တဿ ပါနီယေန ဝါ ဝိဓူပနေန ဝါ ဥပတိဋ္ဌန္တီ ဒွေ အာပတ္တိယော အာပဇ္ဇတိ။ ဟတ္ထပါသေ တိဋ္ဌတိ, အာပတ္တိ ပါစိတ္တိယဿ၊ ဟတ္ထပါသံ ဝိဇဟိတွာ တိဋ္ဌတိ, အာပတ္တိ ဒုက္ကဋဿ။</p>
<p class=""bodytext"">အာမကဓညံ ဝိညာပေတွာ ဘုဉ္ဇန္တီ ဒွေ အာပတ္တိယော အာပဇ္ဇတိ။ ဘုဉ္ဇိဿာမီတိ ပဋိဂ္ဂဏှာတိ, အာပတ္တိ ဒုက္ကဋဿ၊ အဇ္ဈောဟာရေ အဇ္ဈောဟာရေ အာပတ္တိ ပါစိတ္တိယဿ။</p>
<p class=""bodytext"">ဥစ္စာရံ ဝါ ပဿာဝံ ဝါ သင်္ကာရံ ဝါ ဝိဃာသံ ဝါ တိရောကုဋ္ဋေ ဝါ တိရောပါကာရေ ဝါ ဆဍ္ဍေန္တီ ဒွေ အာပတ္တိယော အာပဇ္ဇတိ။ ဆဍ္ဍေတိ, ပယောဂေ ဒုက္ကဋံ၊ ဆဍ္ဍိတေ အာပတ္တိ ပါစိတ္တိယဿ။</p>
<p class=""bodytext"">ဥစ္စာရံ ဝါ ပဿာဝံ ဝါ သင်္ကာရံ ဝါ ဝိဃာသံ ဝါ ဟရိတေ ဆဍ္ဍေန္တီ ဒွေ အာပတ္တိယော အာပဇ္ဇတိ။ ဆဍ္ဍေတိ, ပယောဂေ ဒုက္ကဋံ၊ ဆဍ္ဍိတေ အာပတ္တိ ပါစိတ္တိယဿ။</p>
<p class=""bodytext"">နစ္စံ <a name=""V0.0144""></a> ဝါ ဂီတံ ဝါ ဝါဒိတံ ဝါ ဒဿနာယ ဂစ္ဆန္တီ ဒွေ အာပတ္တိယော အာပဇ္ဇတိ။ ဂစ္ဆတိ, အာပတ္တိ ဒုက္ကဋဿ၊ ယတ္ထ ဌိတာ ပဿတိ ဝါ သုဏာတိ ဝါ, အာပတ္တိ ပါစိတ္တိယဿ။</p>
<p class=""centered"">လသုဏဝဂ္ဂေါ ပဌမော။</p>
<p class=""subhead"">၂။ ရတ္တန္ဓကာရဝဂ္ဂေါ</p>
<p class=""bodytext""><a name=""para232""></a><a name=""para232_vin5""></a><span class=""paranum"">၂၃၂</span>။ ရတ္တန္ဓကာရေ အပ္ပဒီပေ ပုရိသေန သဒ္ဓိံ ဧကေနေကာ သန္တိဋ္ဌန္တီ <a name=""T0.0190""></a> ဒွေ အာပတ္တိယော အာပဇ္ဇတိ။ ဟတ္ထပါသေ တိဋ္ဌတိ, အာပတ္တိ ပါစိတ္တိယဿ၊ ဟတ္ထပါသံ ဝိဇဟိတွာ တိဋ္ဌတိ, အာပတ္တိ ဒုက္ကဋဿ။</p>
",-232-
2002,mula_vi_05,132,"<p class=""bodytext"">ပဋိစ္ဆန္နေ <a name=""M0.0132""></a> ဩကာသေ ပုရိသေန သဒ္ဓိံ ဧကေနေကာ သန္တိဋ္ဌန္တီ ဒွေ အာပတ္တိယော အာပဇ္ဇတိ။ ဟတ္ထပါသေ တိဋ္ဌတိ, အာပတ္တိ ပါစိတ္တိယဿ၊ ဟတ္ထပါသံ ဝိဇဟိတွာ တိဋ္ဌတိ, အာပတ္တိ ဒုက္ကဋဿ။</p>
<p class=""bodytext"">အဇ္ဈောကာသေ <a name=""P5.0075""></a> ပုရိသေန သဒ္ဓိံ ဧကေနေကာ သန္တိဋ္ဌန္တီ ဒွေ အာပတ္တိယော အာပဇ္ဇတိ။ ဟတ္ထပါသေ တိဋ္ဌတိ, အာပတ္တိ ပါစိတ္တိယဿ၊ ဟတ္ထပါသံ ဝိဇဟိတွာ တိဋ္ဌတိ, အာပတ္တိ ဒုက္ကဋဿ။</p>
<p class=""bodytext"">ရထိကာယ ဝါ ဗျူဟေ ဝါ သိင်္ဃာဋကေ ဝါ ပုရိသေန သဒ္ဓိံ ဧကေနေကာ သန္တိဋ္ဌန္တီ ဒွေ အာပတ္တိယော အာပဇ္ဇတိ။ ဟတ္ထပါသေ တိဋ္ဌတိ, အာပတ္တိ ပါစိတ္တိယဿ၊ ဟတ္ထပါသံ ဝိဇဟိတွာ တိဋ္ဌတိ, အာပတ္တိ ဒုက္ကဋဿ။</p>
<p class=""bodytext"">ပုရေဘတ္တံ ကုလာနိ ဥပသင်္ကမိတွာ အာသနေ နိသီဒိတွာ သာမိကေ အနာပုစ္ဆာ ပက္ကမန္တီ ဒွေ အာပတ္တိယော အာပဇ္ဇတိ။ ပဌမံ ပါဒံ အနောဝဿကံ အတိက္ကာမေတိ, အာပတ္တိ ဒုက္ကဋဿ၊ ဒုတိယံ ပါဒံ အတိက္ကာမေတိ, အာပတ္တိ ပါစိတ္တိယဿ။</p>
<p class=""bodytext"">ပစ္ဆာဘတ္တံ ကုလာနိ ဥပသင်္ကမိတွာ သာမိကေ အနာပုစ္ဆာ အာသနေ နိသီဒန္တီ ဒွေ အာပတ္တိယော အာပဇ္ဇတိ။ နိသီဒတိ, ပယောဂေ ဒုက္ကဋံ၊ နိသိန္နေ အာပတ္တိ ပါစိတ္တိယဿ။</p>
<p class=""bodytext"">ဝိကာလေ <a name=""T0.0191""></a> ကုလာနိ ဥပသင်္ကမိတွာ သာမိကေ အနာပုစ္ဆာ သေယျံ သန္ထရိတွာ ဝါ သန္ထရာပေတွာ ဝါ အဘိနိသီဒန္တီ ဒွေ အာပတ္တိယော အာပဇ္ဇတိ။ အဘိနိသီဒတိ, ပယောဂေ ဒုက္ကဋံ၊ အဘိနိသိန္နေ အာပတ္တိ ပါစိတ္တိယဿ။</p>
<p class=""bodytext"">ဒုဂ္ဂဟိတေန <a name=""V0.0145""></a> ဒူပဓာရိတေန ပရံ ဥဇ္ဈာပေန္တီ ဒွေ အာပတ္တိယော အာပဇ္ဇတိ။ ဥဇ္ဈာပေတိ, ပယောဂေ ဒုက္ကဋံ၊ ဥဇ္ဈာပိတေ အာပတ္တိ ပါစိတ္တိယဿ။</p>
<p class=""bodytext"">အတ္တာနံ ဝါ ပရံ ဝါ နိရယေန ဝါ ဗြဟ္မစရိယေန ဝါ အဘိသပန္တီ ဒွေ အာပတ္တိယော အာပဇ္ဇတိ။ အဘိသပတိ, ပယောဂေ ဒုက္ကဋံ၊ အဘိသပိတေ အာပတ္တိ ပါစိတ္တိယဿ။</p>
<p class=""bodytext"">အတ္တာနံ ဝဓိတွာ ဝဓိတွာ ရောဒန္တီ ဒွေ အာပတ္တိယော အာပဇ္ဇတိ။ ဝဓတိ ရောဒတိ, အာပတ္တိ ပါစိတ္တိယဿ၊ ဝဓတိ န ရောဒတိ, အာပတ္တိ ဒုက္ကဋဿ။</p>
<p class=""centered"">ရတ္တန္ဓကာရဝဂ္ဂေါ ဒုတိယော။</p>
",
2003,mula_vi_05,133,"<p class=""subhead"">၃။ နဟာနဝဂ္ဂေါ</p>
<p class=""bodytext""><a name=""para233""></a><a name=""para233_vin5""></a><span class=""paranum"">၂၃၃</span>။ နဂ္ဂါ <a name=""M0.0133""></a> နဟာယန္တီ ဒွေ အာပတ္တိယော အာပဇ္ဇတိ။ နဟာယတိ, ပယောဂေ ဒုက္ကဋံ၊ နဟာနပရိယောသာနေ အာပတ္တိ ပါစိတ္တိယဿ။</p>
<p class=""bodytext"">ပမာဏာတိက္ကန္တံ ဥဒကသာဋိကံ ကာရာပေန္တီ ဒွေ အာပတ္တိယော အာပဇ္ဇတိ။ ကာရာပေတိ, ပယောဂေ ဒုက္ကဋံ၊ ကာရာပိတေ, အာပတ္တိ ပါစိတ္တိယဿ။</p>
<p class=""bodytext"">ဘိက္ခုနိယာ စီဝရံ ဝိသိဗ္ဗေတွာ ဝါ ဝိသိဗ္ဗာပေတွာ ဝါ နေဝ <a name=""T0.0192""></a> သိဗ္ဗေန္တီ န သိဗ္ဗာပနာယ ဥဿုက္ကံ ကရောန္တီ ဧကံ အာပတ္တိံ အာပဇ္ဇတိ။ ပါစိတ္တိယံ။</p>
<p class=""bodytext"">ပဉ္စာဟိကံ သံဃာဋိစာရံ အတိက္ကာမေန္တီ ဧကံ အာပတ္တိံ အာပဇ္ဇတိ။ ပါစိတ္တိယံ။ စီဝရသင်္ကမနီယံ ဓာရေန္တီ ဒွေ အာပတ္တိယော အာပဇ္ဇတိ။ ဓာရေတိ, ပယောဂေ ဒုက္ကဋံ၊ ဓာရိတေ, အာပတ္တိ ပါစိတ္တိယဿ။</p>
<p class=""bodytext"">ဂဏဿ စီဝရလာဘံ အန္တရာယံ ကရောန္တီ ဒွေ အာပတ္တိယော အာပဇ္ဇတိ။ ကရောတိ, ပယောဂေ ဒုက္ကဋံ၊ ကတေ, အာပတ္တိ ပါစိတ္တိယဿ။</p>
<p class=""bodytext"">ဓမ္မိကံ <a name=""V0.0146""></a> စီဝရဝိဘင်္ဂံ ပဋိဗာဟန္တီ ဒွေ အာပတ္တိယော အာပဇ္ဇတိ။ ပဋိဗာဟတိ, ပယောဂေ ဒုက္ကဋံ၊ ပဋိဗာဟိတေ, အာပတ္တိ ပါစိတ္တိယဿ။</p>
<p class=""bodytext"">အဂါရိကဿ ဝါ ပရိဗ္ဗာဇကဿ ဝါ ပရိဗ္ဗာဇိကာယ ဝါ သမဏစီဝရံ ဒေန္တီ ဒွေ အာပတ္တိယော အာပဇ္ဇတိ။ ဒေတိ, ပယောဂေ ဒုက္ကဋံ၊ ဒိန္နေ, အာပတ္တိ ပါစိတ္တိယဿ။</p>
<p class=""bodytext"">ဒုဗ္ဗလစီဝရပစ္စာသာ <a name=""P5.0076""></a> စီဝရကာလသမယံ အတိက္ကာမေန္တီ ဒွေ အာပတ္တိယော အာပဇ္ဇတိ။ အတိက္ကာမေတိ, ပယောဂေ ဒုက္ကဋံ၊ အတိက္ကာမိတေ, အာပတ္တိ ပါစိတ္တိယဿ။</p>
<p class=""bodytext"">ဓမ္မိကံ ကထိနုဒ္ဓါရံ ပဋိဗာဟန္တီ ဒွေ အာပတ္တိယော အာပဇ္ဇတိ။ ပဋိဗာဟတိ, ပယောဂေ ဒုက္ကဋံ၊ ပဋိဗာဟိတေ, အာပတ္တိ ပါစိတ္တိယဿ။</p>
<p class=""centered"">နဟာနဝဂ္ဂေါ တတိယော။</p>
",-233-
2004,mula_vi_05,134,"<p class=""subhead"">၄။ တုဝဋ္ဋဝဂ္ဂေါ</p>
<p class=""bodytext""><a name=""para234""></a><a name=""para234_vin5""></a><span class=""paranum"">၂၃၄</span>။ ဒွေ <a name=""T0.0193""></a><a name=""M0.0134""></a> ဘိက္ခုနိယော ဧကမဉ္စေ တုဝဋ္ဋေန္တိယော ဒွေ အာပတ္တိယော အာပဇ္ဇန္တိ။ နိပဇ္ဇန္တိ, ပယောဂေ ဒုက္ကဋံ၊ နိပန္နေ, အာပတ္တိ ပါစိတ္တိယဿ။</p>
<p class=""bodytext"">ဒွေ ဘိက္ခုနိယော ဧကတ္ထရဏပါဝုရဏာ တုဝဋ္ဋေန္တိယော ဒွေ အာပတ္တိယော အာပဇ္ဇန္တိ။ နိပဇ္ဇန္တိ, ပယောဂေ ဒုက္ကဋံ၊ နိပန္နေ, အာပတ္တိ ပါစိတ္တိယဿ။</p>
<p class=""bodytext"">ဘိက္ခုနိယာ သဉ္စိစ္စ အဖာသုံ ကရောန္တီ ဒွေ အာပတ္တိယော အာပဇ္ဇတိ။ ကရောတိ, ပယောဂေ ဒုက္ကဋံ၊ ကတေ, အာပတ္တိ ပါစိတ္တိယဿ။</p>
<p class=""bodytext"">ဒုက္ခိတံ သဟဇီဝိနိံ နေဝ ဥပဋ္ဌေန္တီ န ဥပဋ္ဌာပနာယ ဥဿုက္ကံ ကရောန္တီ ဧကံ အာပတ္တိံ အာပဇ္ဇတိ။ ပါစိတ္တိယံ။</p>
<p class=""bodytext"">ဘိက္ခုနိယာ ဥပဿယံ ဒတွာ ကုပိတာ အနတ္တမနာ နိက္ကဍ္ဎန္တီ ဒွေ အာပတ္တိယော အာပဇ္ဇတိ။ နိက္ကဍ္ဎတိ, ပယောဂေ ဒုက္ကဋံ၊ နိက္ကဍ္ဎိတေ, အာပတ္တိ ပါစိတ္တိယဿ။</p>
<p class=""bodytext"">သံသဋ္ဌာ <a name=""V0.0147""></a> ဘိက္ခုနီ ယာဝတတိယံ သမနုဘာသနာယ န ပဋိနိဿဇ္ဇန္တီ ဒွေ အာပတ္တိယော အာပဇ္ဇတိ။ ဉတ္တိယာ ဒုက္ကဋံ၊ ကမ္မဝါစာပရိယောသာနေ အာပတ္တိ ပါစိတ္တိယဿ။</p>
<p class=""bodytext"">အန္တောရဋ္ဌေ သာသင်္ကသမ္မတေ သပ္ပဋိဘယေ အသတ္ထိကာ စာရိကံ စရန္တီ ဒွေ အာပတ္တိယော အာပဇ္ဇတိ။ ပဋိပဇ္ဇတိ, ပယောဂေ ဒုက္ကဋံ၊ ပဋိပန္နေ, အာပတ္တိ ပါစိတ္တိယဿ။</p>
<p class=""bodytext"">တိရောရဋ္ဌေ <a name=""T0.0194""></a> သာသင်္ကသမ္မတေ သပ္ပဋိဘယေ အသတ္ထိကာ စာရိကံ စရန္တီ ဒွေ အာပတ္တိယော အာပဇ္ဇတိ။ ပဋိပဇ္ဇတိ, ပယောဂေ ဒုက္ကဋံ၊ ပဋိပန္နေ, အာပတ္တိ ပါစိတ္တိယဿ။</p>
<p class=""bodytext"">အန္တောဝဿံ စာရိကံ စရန္တီ ဒွေ အာပတ္တိယော အာပဇ္ဇတိ။ ပဋိပဇ္ဇတိ, ပယောဂေ ဒုက္ကဋံ၊ ပဋိပန္နေ, အာပတ္တိ ပါစိတ္တိယဿ။</p>
<p class=""bodytext"">ဝဿံဝုဋ္ဌာ ဘိက္ခုနီ စာရိကံ န ပက္ကမန္တီ ဧကံ အာပတ္တိံ အာပဇ္ဇတိ။ ပါစိတ္တိယံ။</p>
<p class=""centered"">တုဝဋ္ဋဝဂ္ဂေါ စတုတ္ထော။</p>
",-234-
2005,mula_vi_05,135,"<p class=""subhead"">၅။ စိတ္တာဂါရဝဂ္ဂေါ</p>
<p class=""bodytext""><a name=""para235""></a><a name=""para235_vin5""></a><span class=""paranum"">၂၃၅</span>။ ရာဇာဂါရံ <a name=""M0.0135""></a> ဝါ စိတ္တာဂါရံ ဝါ အာရာမံ ဝါ ဥယျာနံ ဝါ ပေါက္ခရဏိံ ဝါ ဒဿနာယ ဂစ္ဆန္တီ ဒွေ အာပတ္တိယော အာပဇ္ဇတိ။ ဂစ္ဆတိ, အာပတ္တိ ဒုက္ကဋဿ၊ ယတ္ထ ဌိတာ ပဿတိ, အာပတ္တိ ပါစိတ္တိယဿ။</p>
<p class=""bodytext"">အာသန္ဒိံ ဝါ ပလ္လင်္ကံ ဝါ ပရိဘုဉ္ဇန္တီ ဒွေ အာပတ္တိယော အာပဇ္ဇတိ။ ပရိဘုဉ္ဇတိ, ပယောဂေ ဒုက္ကဋံ၊ ပရိဘုတ္တေ, အာပတ္တိ ပါစိတ္တိယဿ။</p>
<p class=""bodytext"">သုတ္တံ ကန္တန္တီ ဒွေ အာပတ္တိယော အာပဇ္ဇတိ။ ကန္တတိ, ပယောဂေ ဒုက္ကဋံ၊ ဥဇ္ဇဝုဇ္ဇဝေ, အာပတ္တိ ပါစိတ္တိယဿ။</p>
<p class=""bodytext"">ဂိဟိဝေယျာဝစ္စံ ကရောန္တီ ဒွေ အာပတ္တိယော အာပဇ္ဇတိ။ ကရောတိ, ပယောဂေ ဒုက္ကဋံ၊ ကတေ, အာပတ္တိ ပါစိတ္တိယဿ။</p>
<p class=""bodytext"">ဘိက္ခုနိယာ <a name=""P5.0077""></a><a name=""V0.0148""></a> – ‘‘ဧဟာယျေ ဣမံ အဓိကရဏံ ဝူပသမေဟီ’’တိ ဝုစ္စမာနာ – ‘‘သာဓူ’’တိ <a name=""T0.0195""></a> ပဋိဿုဏိတွာ နေဝ ဝူပသမေန္တီ န ဝူပသမာယ ဥဿုက္ကံ ကရောန္တီ ဧကံ အာပတ္တိံ အာပဇ္ဇတိ။ ပါစိတ္တိယံ။</p>
<p class=""bodytext"">အဂါရိကဿ ဝါ ပရိဗ္ဗာဇကဿ ဝါ ပရိဗ္ဗာဇိကာယ ဝါ သဟတ္ထာ ခါဒနီယံ ဝါ ဘောဇနီယံ ဝါ ဒေန္တီ ဒွေ အာပတ္တိယော အာပဇ္ဇတိ။ ဒေတိ, ပယောဂေ ဒုက္ကဋံ၊ ဒိန္နေ, အာပတ္တိ ပါစိတ္တိယဿ။</p>
<p class=""bodytext"">အာဝသထစီဝရံ အနိဿဇ္ဇိတွာ ပရိဘုဉ္ဇန္တီ ဒွေ အာပတ္တိယော အာပဇ္ဇတိ။ ပရိဘုဉ္ဇတိ, ပယောဂေ ဒုက္ကဋံ၊ ပရိဘုတ္တေ, အာပတ္တိ ပါစိတ္တိယဿ။</p>
<p class=""bodytext"">အာဝသထံ အနိဿဇ္ဇိတွာ စာရိကံ ပက္ကမန္တီ ဒွေ အာပတ္တိယော အာပဇ္ဇတိ။ ပဌမံ ပါဒံ ပရိက္ခေပံ အတိက္ကာမေတိ, အာပတ္တိ ဒုက္ကဋဿ၊ ဒုတိယံ ပါဒံ အတိက္ကာမေတိ, အာပတ္တိ ပါစိတ္တိယဿ။</p>
<p class=""bodytext"">တိရစ္ဆာနဝိဇ္ဇံ ပရိယာပုဏန္တီ ဒွေ အာပတ္တိယော အာပဇ္ဇတိ။ ပရိယာပုဏာတိ, ပယောဂေ ဒုက္ကဋံ၊ ပဒေ ပဒေ အာပတ္တိ ပါစိတ္တိယဿ။</p>
<p class=""bodytext"">တိရစ္ဆာနဝိဇ္ဇံ ဝါစေန္တီ ဒွေ အာပတ္တိယော အာပဇ္ဇတိ။ ဝါစေတိ, ပယောဂေ ဒုက္ကဋံ၊ ပဒေ ပဒေ အာပတ္တိ ပါစိတ္တိယဿ။</p>
<p class=""centered"">စိတ္တာဂါရဝဂ္ဂေါ ပဉ္စမော။</p>
",-235-
2006,mula_vi_05,136,"<p class=""subhead"">၆။ အာရာမဝဂ္ဂေါ</p>
<p class=""bodytext""><a name=""para236""></a><a name=""para236_vin5""></a><span class=""paranum"">၂၃၆</span>။ ဇာနံ <a name=""M0.0136""></a> သဘိက္ခုကံ အာရာမံ အနာပုစ္ဆာ ပဝိသန္တီ ဒွေ အာပတ္တိယော <a name=""T0.0196""></a> အာပဇ္ဇတိ။ ပဌမံ ပါဒံ ပရိက္ခေပံ အတိက္ကာမေတိ, အာပတ္တိ ဒုက္ကဋဿ၊ ဒုတိယံ ပါဒံ အတိက္ကာမေတိ, အာပတ္တိ ပါစိတ္တိယဿ။</p>
<p class=""bodytext"">ဘိက္ခုံ အက္ကောသန္တီ ပရိဘာသန္တီ ဒွေ အာပတ္တိယော အာပဇ္ဇတိ။ အက္ကောသတိ, ပယောဂေ ဒုက္ကဋံ၊ အက္ကောသိတေ, အာပတ္တိ ပါစိတ္တိယဿ။</p>
<p class=""bodytext"">စဏ္ဍီကတာ <a name=""V0.0149""></a> ဂဏံ ပရိဘာသန္တီ ဒွေ အာပတ္တိယော အာပဇ္ဇတိ။ ပရိဘာသတိ, ပယောဂေ ဒုက္ကဋံ၊ ပရိဘာသိတေ, အာပတ္တိ ပါစိတ္တိယဿ။</p>
<p class=""bodytext"">နိမန္တိတာ ဝါ ပဝါရိတာ ဝါ ခါဒနီယံ ဝါ ဘောဇနီယံ ဝါ ဘုဉ္ဇန္တီ ဒွေ အာပတ္တိယော အာပဇ္ဇတိ။ ‘‘ခါဒိဿာမိ ဘုဉ္ဇိဿာမီ’’တိ ပဋိဂ္ဂဏှာတိ, အာပတ္တိ ဒုက္ကဋဿ၊ အဇ္ဈောဟာရေ အဇ္ဈောဟာရေ အာပတ္တိ ပါစိတ္တိယဿ။</p>
<p class=""bodytext"">ကုလံ မစ္ဆရာယန္တီ ဒွေ အာပတ္တိယော အာပဇ္ဇတိ။ မစ္ဆရာယတိ, ပယောဂေ ဒုက္ကဋံ၊ မစ္ဆရိတေ, အာပတ္တိ ပါစိတ္တိယဿ။</p>
<p class=""bodytext"">အဘိက္ခုကေ အာဝါသေ ဝဿံ ဝသန္တီ ဒွေ အာပတ္တိယော အာပဇ္ဇတိ။ ‘‘ဝဿံ ဝသိဿာမီ’’တိ သေနာသနံ ပညပေတိ ပါနီယံ ပရိဘောဇနီယံ ဥပဋ္ဌပေတိ ပရိဝေဏံ သမ္မဇ္ဇတိ, အာပတ္တိ ဒုက္ကဋဿ၊ သဟ အရုဏုဂ္ဂမနာ အာပတ္တိ ပါစိတ္တိယဿ။</p>
<p class=""bodytext"">ဝဿံဝုဋ္ဌာ ဘိက္ခုနီ ဥဘတောသံဃေ တီဟိ ဌာနေဟိ န ပဝါရေန္တီ ဧကံ အာပတ္တိံ အာပဇ္ဇတိ။ ပါစိတ္တိယံ။</p>
<p class=""bodytext"">ဩဝါဒါယ ဝါ သံဝါသာယ ဝါ န ဂစ္ဆန္တီ ဧကံ အာပတ္တိံ အာပဇ္ဇတိ။ ပါစိတ္တိယံ။</p>
<p class=""bodytext"">ဥပေါသထမ္ပိ <a name=""T0.0197""></a> န ပုစ္ဆန္တီ ဩဝါဒမ္ပိ န ယာစန္တီ ဧကံ အာပတ္တိံ အာပဇ္ဇတိ။ ပါစိတ္တိယံ။</p>
<p class=""bodytext"">ပသာခေ ဇာတံ ဂဏ္ဍံ ဝါ ရုဓိတံ ဝါ အနပလောကေတွာ သံဃံ ဝါ ဂဏံ ဝါ ပုရိသေန သဒ္ဓိံ ဧကေနေကာ ဘေဒါပေန္တီ ဒွေ <a name=""P5.0078""></a> အာပတ္တိယော အာပဇ္ဇတိ။ ဘေဒါပေတိ, ပယောဂေ ဒုက္ကဋံ၊ ဘိန္နေ, အာပတ္တိ ပါစိတ္တိယဿ။</p>
<p class=""centered"">အာရာမဝဂ္ဂေါ ဆဋ္ဌော။</p>
",-236-
2007,mula_vi_05,137,"<p class=""subhead"">၇။ ဂဗ္ဘိနီဝဂ္ဂေါ</p>
<p class=""bodytext""><a name=""para237""></a><a name=""para237_vin5""></a><span class=""paranum"">၂၃၇</span>။ ဂဗ္ဘိနိံ <a name=""M0.0137""></a> ဝုဋ္ဌာပေန္တီ ဒွေ အာပတ္တိယော အာပဇ္ဇတိ။ ဝုဋ္ဌာပေတိ, ပယောဂေ ဒုက္ကဋံ၊ ဝုဋ္ဌာပိတေ, အာပတ္တိ ပါစိတ္တိယဿ။</p>
<p class=""bodytext"">ပါယန္တိံ <a name=""V0.0150""></a> ဝုဋ္ဌာပေန္တီ ဒွေ အာပတ္တိယော အာပဇ္ဇတိ။ ဝုဋ္ဌာပေတိ, ပယောဂေ ဒုက္ကဋံ၊ ဝုဋ္ဌာပိတေ, အာပတ္တိ ပါစိတ္တိယဿ။</p>
<p class=""bodytext"">ဒွေ ဝဿာနိ ဆသု ဓမ္မေသု အသိက္ခိတသိက္ခံ သိက္ခမာနံ ဝုဋ္ဌာပေန္တီ ဒွေ အာပတ္တိယော အာပဇ္ဇတိ။ ဝုဋ္ဌာပေတိ, ပယောဂေ ဒုက္ကဋံ၊ ဝုဋ္ဌာပိတေ, အာပတ္တိ ပါစိတ္တိယဿ။</p>
<p class=""bodytext"">ဒွေ ဝဿာနိ ဆသု ဓမ္မေသု သိက္ခိတသိက္ခံ သိက္ခမာနံ သံဃေန အသမ္မတံ ဝုဋ္ဌာပေန္တီ ဒွေ အာပတ္တိယော အာပဇ္ဇတိ။ ဝုဋ္ဌာပေတိ, ပယောဂေ ဒုက္ကဋံ၊ ဝုဋ္ဌာပိတေ, အာပတ္တိ ပါစိတ္တိယဿ။</p>
<p class=""bodytext"">ဦနဒွါဒသဝဿံ ဂိဟိဂတံ ဝုဋ္ဌာပေန္တီ ဒွေ အာပတ္တိယော အာပဇ္ဇတိ။ ဝုဋ္ဌာပေတိ, ပယောဂေ ဒုက္ကဋံ၊ ဝုဋ္ဌာပိတေ, အာပတ္တိ ပါစိတ္တိယဿ။</p>
<p class=""bodytext"">ပရိပုဏ္ဏဒွါဒသဝဿံ ဂိဟိဂတံ ဒွေ ဝဿာနိ ဆသု ဓမ္မေသု <a name=""T0.0198""></a> အသိက္ခိတသိက္ခံ ဝုဋ္ဌာပေန္တီ ဒွေ အာပတ္တိယော အာပဇ္ဇတိ။ ဝုဋ္ဌာပေတိ, ပယောဂေ ဒုက္ကဋံ၊ ဝုဋ္ဌာပိတေ, အာပတ္တိ ပါစိတ္တိယဿ။</p>
<p class=""bodytext"">ပရိပုဏ္ဏဒွါဒသဝဿံ ဂိဟိဂတံ ဒွေ ဝဿာနိ ဆသု ဓမ္မေသု သိက္ခိတသိက္ခံ သံဃေန အသမ္မတံ ဝုဋ္ဌာပေန္တီ ဒွေ အာပတ္တိယော အာပဇ္ဇတိ။ ဝုဋ္ဌာပေတိ, ပယောဂေ ဒုက္ကဋံ၊ ဝုဋ္ဌာပိတေ, အာပတ္တိ ပါစိတ္တိယဿ။</p>
<p class=""bodytext"">သဟဇီဝိနိံ ဝုဋ္ဌာပေတွာ ဒွေ ဝဿာနိ နေဝ အနုဂ္ဂဏှန္တီ နာနုဂ္ဂဏှာပေန္တီ ဧကံ အာပတ္တိံ အာပဇ္ဇတိ။ ပါစိတ္တိယံ။</p>
<p class=""bodytext"">ဝုဋ္ဌာပိတံ ပဝတ္တိနိံ ဒွေ ဝဿာနိ နာနုဗန္ဓန္တီ ဧကံ အာပတ္တိံ အာပဇ္ဇတိ။ ပါစိတ္တိယံ။</p>
<p class=""bodytext"">သဟဇီဝိနိံ ဝုဋ္ဌာပေတွာ နေဝ ဝူပကာသေန္တီ န ဝူပကာသာပေန္တီ ဧကံ အာပတ္တိံ အာပဇ္ဇတိ။ ပါစိတ္တိယံ။</p>
<p class=""centered"">ဂဗ္ဘိနီဝဂ္ဂေါ သတ္တမော။</p>
",-237-
2008,mula_vi_05,138,"<p class=""subhead"">၈။ ကုမာရီဘူတဝဂ္ဂေါ</p>
<p class=""bodytext""><a name=""para238""></a><a name=""para238_vin5""></a><span class=""paranum"">၂၃၈</span>။ ဦနဝီသတိဝဿံ <a name=""M0.0138""></a><a name=""V0.0151""></a> ကုမာရိဘူတံ ဝုဋ္ဌာပေန္တီ ဒွေ အာပတ္တိယော အာပဇ္ဇတိ။ ဝုဋ္ဌာပေတိ, ပယောဂေ ဒုက္ကဋံ၊ ဝုဋ္ဌာပိတေ, အာပတ္တိ ပါစိတ္တိယဿ။</p>
<p class=""bodytext"">ပရိပုဏ္ဏဝီသတိဝဿံ ကုမာရိဘူတံ ဒွေ ဝဿာနိ ဆသု ဓမ္မေသု အသိက္ခိတသိက္ခံ ဝုဋ္ဌာပေန္တီ ဒွေ အာပတ္တိယော အာပဇ္ဇတိ။ ဝုဋ္ဌာပေတိ, ပယောဂေ ဒုက္ကဋံ၊ ဝုဋ္ဌာပိတေ, အာပတ္တိ ပါစိတ္တိယဿ။</p>
<p class=""bodytext"">ပရိပုဏ္ဏဝီသတိဝဿံ ကုမာရိဘူတံ ဒွေ ဝဿာနိ ဆသု ဓမ္မေသု သိက္ခိတသိက္ခံ သံဃေန အသမ္မတံ ဝုဋ္ဌာပေန္တီ ဒွေ အာပတ္တိယော အာပဇ္ဇတိ<a name=""T0.0199""></a>။ ဝုဋ္ဌာပေတိ, ပယောဂေ ဒုက္ကဋံ၊ ဝုဋ္ဌာပိတေ, အာပတ္တိ ပါစိတ္တိယဿ။</p>
<p class=""bodytext"">ဦနဒွါဒသဝဿာ ဝုဋ္ဌာပေန္တီ ဒွေ အာပတ္တိယော အာပဇ္ဇတိ။ ဝုဋ္ဌာပေတိ, ပယောဂေ ဒုက္ကဋံ၊ ဝုဋ္ဌာပိတေ, အာပတ္တိ ပါစိတ္တိယဿ။</p>
<p class=""bodytext"">ပရိပုဏ္ဏဒွါဒသဝဿာ သံဃေန အသမ္မတာ ဝုဋ္ဌာပေန္တီ ဒွေ အာပတ္တိယော အာပဇ္ဇတိ။ ဝုဋ္ဌာပေတိ, ပယောဂေ ဒုက္ကဋံ၊ ဝုဋ္ဌာပိတေ, အာပတ္တိ ပါစိတ္တိယဿ။</p>
<p class=""bodytext"">‘‘အလံ တာဝ တေ, အယျေ, ဝုဋ္ဌာပိတေနာ’’တိ ဝုစ္စမာနာ ‘‘သာဓူ’’တိ ပဋိဿုဏိတွာ ပစ္ဆာ ခီယနဓမ္မံ အာပဇ္ဇန္တီ ဒွေ အာပတ္တိယော အာပဇ္ဇတိ။ ခိယျတိ, ပယောဂေ ဒုက္ကဋံ၊ ခိယျိတေ, အာပတ္တိ ပါစိတ္တိယဿ။</p>
<p class=""bodytext"">သိက္ခမာနံ – ‘‘သစေ မေ တွံ, အယျေ, စီဝရံ ဒဿသိ, ဧဝါဟံ တံ ဝုဋ္ဌာပေဿာမီ’’တိ ဝတွာ နေဝ ဝုဋ္ဌာပေန္တီ န ဝုဋ္ဌာပနာယ ဥဿုက္ကံ ကရောန္တီ ဧကံ အာပတ္တိံ အာပဇ္ဇတိ။ ပါစိတ္တိယံ။</p>
<p class=""bodytext"">သိက္ခမာနံ <a name=""P5.0079""></a> – ‘‘သစေ မံ တွံ, အယျေ, ဒွေ ဝဿာနိ အနုဗန္ဓိဿသိ, ဧဝါဟံ တံ ဝုဋ္ဌာပေဿာမီ’’တိ ဝတွာ နေဝ ဝုဋ္ဌာပေန္တီ န ဝုဋ္ဌာပနာယ ဥဿုက္ကံ ကရောန္တီ ဧကံ အာပတ္တိံ အာပဇ္ဇတိ။ ပါစိတ္တိယံ။</p>
<p class=""bodytext"">ပုရိသသံသဋ္ဌံ <a name=""V0.0152""></a> ကုမာရကသံသဋ္ဌံ စဏ္ဍိံ သောကာဝါသံ သိက္ခမာနံ ဝုဋ္ဌာပေန္တီ ဒွေ အာပတ္တိယော အာပဇ္ဇတိ။ ဝုဋ္ဌာပေတိ, ပယောဂေ ဒုက္ကဋံ၊ ဝုဋ္ဌာပိတေ, အာပတ္တိ ပါစိတ္တိယဿ။</p>
<p class=""bodytext"">မာတာပိတူဟိ ဝါ သာမိကေန ဝါ အနနုညာတံ သိက္ခမာနံ ဝုဋ္ဌာပေန္တီ <a name=""T0.0200""></a> ဒွေ အာပတ္တိယော အာပဇ္ဇတိ။ ဝုဋ္ဌာပေတိ, ပယောဂေ ဒုက္ကဋံ၊ ဝုဋ္ဌာပိတေ, အာပတ္တိ ပါစိတ္တိယဿ။</p>
",-238-
2009,mula_vi_05,139,"<p class=""bodytext"">ပါရိဝါသိကဆန္ဒဒါနေ <a name=""M0.0139""></a> သိက္ခမာနံ ဝုဋ္ဌာပေန္တီ ဒွေ အာပတ္တိယော အာပဇ္ဇတိ။ ဝုဋ္ဌာပေတိ, ပယောဂေ ဒုက္ကဋံ၊ ဝုဋ္ဌာပိတေ, အာပတ္တိ ပါစိတ္တိယဿ။</p>
<p class=""bodytext"">အနုဝဿံ ဝုဋ္ဌာပေန္တီ ဒွေ အာပတ္တိယော အာပဇ္ဇတိ။ ဝုဋ္ဌာပေတိ, ပယောဂေ ဒုက္ကဋံ၊ ဝုဋ္ဌာပိတေ, အာပတ္တိ ပါစိတ္တိယဿ။</p>
<p class=""bodytext"">ဧကံ ဝဿံ ဒွေ ဝုဋ္ဌာပေန္တီ ဒွေ အာပတ္တိယော အာပဇ္ဇတိ။ ဝုဋ္ဌာပေတိ, ပယောဂေ ဒုက္ကဋံ၊ ဝုဋ္ဌာပိတေ, အာပတ္တိ ပါစိတ္တိယဿ။</p>
<p class=""centered"">ကုမာရီဘူတဝဂ္ဂေါ အဋ္ဌမော။</p>
<p class=""subhead"">၉။ ဆတ္တုပါဟနဝဂ္ဂေါ</p>
<p class=""bodytext""><a name=""para239""></a><a name=""para239_vin5""></a><span class=""paranum"">၂၃၉</span>။ ဆတ္တုပါဟနံ ဓာရေန္တီ ဒွေ အာပတ္တိယော အာပဇ္ဇတိ။ ဓာရေတိ, ပယောဂေ ဒုက္ကဋံ၊ ဓာရိတေ, အာပတ္တိ ပါစိတ္တိယဿ။</p>
<p class=""bodytext"">ယာနေန ယာယန္တီ ဒွေ အာပတ္တိယော အာပဇ္ဇတိ။ ယာယတိ, ပယောဂေ ဒုက္ကဋံ၊ ယာယိတေ, အာပတ္တိ ပါစိတ္တိယဿ။</p>
<p class=""bodytext"">သံဃာဏိံ ဓာရေန္တီ ဒွေ အာပတ္တိယော အာပဇ္ဇတိ။ ဓာရေတိ, ပယောဂေ ဒုက္ကဋံ၊ ဓာရိတေ, အာပတ္တိ ပါစိတ္တိယဿ။</p>
<p class=""bodytext"">ဣတ္ထာလင်္ကာရံ ဓာရေန္တီ ဒွေ အာပတ္တိယော အာပဇ္ဇတိ။ ဓာရေတိ, ပယောဂေ ဒုက္ကဋံ၊ ဓာရိတေ, အာပတ္တိ ပါစိတ္တိယဿ။</p>
<p class=""bodytext"">ဂန္ဓဝဏ္ဏကေန <a name=""V0.0153""></a> နဟာယန္တီ ဒွေ အာပတ္တိယော အာပဇ္ဇတိ။ နဟာယတိ<a name=""T0.0201""></a>, ပယောဂေ ဒုက္ကဋံ၊ နဟာနပရိယောသာနေ, အာပတ္တိ ပါစိတ္တိယဿ။</p>
<p class=""bodytext"">ဝါသိတကေန ပိညာကေန နဟာယန္တီ ဒွေ အာပတ္တိယော အာပဇ္ဇတိ။ နဟာယတိ, ပယောဂေ ဒုက္ကဋံ၊ နဟာနပရိယောသာနေ, အာပတ္တိ ပါစိတ္တိယဿ။</p>
<p class=""bodytext"">ဘိက္ခုနိယာ ဥမ္မဒ္ဒါပေန္တီ ပရိမဒ္ဒါပေန္တီ ဒွေ အာပတ္တိယော အာပဇ္ဇတိ။ ဥမ္မဒ္ဒါပေတိ, ပယောဂေ ဒုက္ကဋံ၊ ဥမ္မဒ္ဒိတေ, အာပတ္တိ ပါစိတ္တိယဿ။</p>
<p class=""bodytext"">သိက္ခမာနာယ ဥမ္မဒ္ဒါပေန္တီ ပရိမဒ္ဒါပေန္တီ ဒွေ အာပတ္တိယော အာပဇ္ဇတိ။ ဥမ္မဒ္ဒါပေတိ, ပယောဂေ ဒုက္ကဋံ၊ ဥမ္မဒ္ဒိတေ, အာပတ္တိ ပါစိတ္တိယဿ။</p>
",-239-
2010,mula_vi_05,140,"<p class=""bodytext"">သာမဏေရိယာ <a name=""M0.0140""></a> ဥမ္မဒ္ဒါပေန္တီ ပရိမဒ္ဒါပေန္တီ ဒွေ အာပတ္တိယော အာပဇ္ဇတိ။ ဥမ္မဒ္ဒါပေတိ, ပယောဂေ ဒုက္ကဋံ၊ ဥမ္မဒ္ဒိတေ, အာပတ္တိ ပါစိတ္တိယဿ။</p>
<p class=""bodytext"">ဂိဟိနိယာ ဥမ္မဒ္ဒါပေန္တီ ပရိမဒ္ဒါပေန္တီ ဒွေ အာပတ္တိယော အာပဇ္ဇတိ။ ဥမ္မဒ္ဒါပေတိ, ပယောဂေ ဒုက္ကဋံ၊ ဥမ္မဒ္ဒိတေ, အာပတ္တိ ပါစိတ္တိယဿ။</p>
<p class=""bodytext"">ဘိက္ခုဿ ပုရတော အနာပုစ္ဆာ အာသနေ နိသီဒန္တီ ဒွေ အာပတ္တိယော အာပဇ္ဇတိ။ နိသီဒတိ, ပယောဂေ ဒုက္ကဋံ၊ နိသိန္နေ, အာပတ္တိ ပါစိတ္တိယဿ။</p>
<p class=""bodytext"">အနောကာသကတံ ဘိက္ခုံ ပဉှံ ပုစ္ဆန္တီ ဒွေ အာပတ္တိယော အာပဇ္ဇတိ။ ပုစ္ဆတိ, ပယောဂေ ဒုက္ကဋံ၊ ပုစ္ဆိတေ, အာပတ္တိ ပါစိတ္တိယဿ။</p>
<p class=""bodytext"">အသင်္ကစ္စိကာ ဂါမံ ပဝိသန္တီ ဒွေ အာပတ္တိယော အာပဇ္ဇတိ။ ပဌမံ <a name=""T0.0202""></a> ပါဒံ ပရိက္ခေပံ အတိက္ကာမေတိ, အာပတ္တိ ဒုက္ကဋဿ၊ ဒုတိယံ ပါဒံ အတိက္ကာမေတိ, အာပတ္တိ ပါစိတ္တိယဿ။</p>
<p class=""centered"">ဆတ္တုပါဟနဝဂ္ဂေါ နဝမော။</p>
<p class=""centered"">ခုဒ္ဒကံ နိဋ္ဌိတံ။</p>
<p class=""subhead"">၅။ ပါဋိဒေသနီယကဏ္ဍံ</p>
<p class=""bodytext""><a name=""para240""></a><a name=""para240_vin5""></a><span class=""paranum"">၂၄၀</span>။ သပ္ပိံ <a name=""V0.0154""></a> ဝိညာပေတွာ ဘုဉ္ဇန္တီ ဒွေ အာပတ္တိယော အာပဇ္ဇတိ။ ဘုဉ္ဇိဿာမီတိ ပဋိဂ္ဂဏှာတိ, အာပတ္တိ ဒုက္ကဋဿ၊ အဇ္ဈောဟာရေ အဇ္ဈောဟာရေ အာပတ္တိ ပါဋိဒေသနီယဿ။</p>
<p class=""bodytext"">တေလံ ဝိညာပေတွာ ဘုဉ္ဇန္တီ ဒွေ အာပတ္တိယော အာပဇ္ဇတိ။ ဘုဉ္ဇိဿာမီတိ ပဋိဂ္ဂဏှာတိ, အာပတ္တိ ဒုက္ကဋဿ၊ အဇ္ဈောဟာရေ အဇ္ဈောဟာရေ အာပတ္တိ ပါဋိဒေသနီယဿ။</p>
<p class=""bodytext"">မဓုံ ဝိညာပေတွာ ဘုဉ္ဇန္တီ ဒွေ အာပတ္တိယော အာပဇ္ဇတိ။ ဘုဉ္ဇိဿာမီတိ ပဋိဂ္ဂဏှာတိ, အာပတ္တိ ဒုက္ကဋဿ၊ အဇ္ဈောဟာရေ အဇ္ဈောဟာရေ အာပတ္တိ ပါဋိဒေသနီယဿ။</p>
<p class=""bodytext"">ဖာဏိတံ ဝိညာပေတွာ ဘုဉ္ဇန္တီ ဒွေ အာပတ္တိယော အာပဇ္ဇတိ။ ဘုဉ္ဇိဿာမီတိ ပဋိဂ္ဂဏှာတိ, အာပတ္တိ ဒုက္ကဋဿ၊ အဇ္ဈောဟာရေ အဇ္ဈောဟာရေ အာပတ္တိ ပါဋိဒေသနီယဿ။</p>
",-240-
2011,mula_vi_05,141,"<p class=""bodytext"">မစ္ဆံ <a name=""M0.0141""></a> ဝိညာပေတွာ ဘုဉ္ဇန္တီ ဒွေ အာပတ္တိယော အာပဇ္ဇတိ။ ဘုဉ္ဇိဿာမီတိ ပဋိဂ္ဂဏှာတိ, အာပတ္တိ ဒုက္ကဋဿ၊ အဇ္ဈောဟာရေ အဇ္ဈောဟာရေ အာပတ္တိ ပါဋိဒေသနီယဿ။</p>
<p class=""bodytext"">မံသံ ဝိညာပေတွာ ဘုဉ္ဇန္တီ ဒွေ အာပတ္တိယော အာပဇ္ဇတိ။ ဘုဉ္ဇိဿာမီတိ <a name=""T0.0203""></a> ပဋိဂ္ဂဏှာတိ, အာပတ္တိ ဒုက္ကဋဿ၊ အဇ္ဈောဟာရေ အဇ္ဈောဟာရေ အာပတ္တိ ပါဋိဒေသနီယဿ။</p>
<p class=""bodytext"">ခီရံ ဝိညာပေတွာ ဘုဉ္ဇန္တီ ဒွေ အာပတ္တိယော အာပဇ္ဇတိ။ ဘုဉ္ဇိဿာမီတိ ပဋိဂ္ဂဏှာတိ, အာပတ္တိ ဒုက္ကဋဿ၊ အဇ္ဈောဟာရေ အဇ္ဈောဟာရေ အာပတ္တိ ပါဋိဒေသနီယဿ။</p>
<p class=""bodytext"">ဒဓိံ ဝိညာပေတွာ ဘုဉ္ဇန္တီ ဒွေ အာပတ္တိယော အာပဇ္ဇတိ။ ဘုဉ္ဇိဿာမီတိ ပဋိဂ္ဂဏှာတိ, အာပတ္တိ ဒုက္ကဋဿ၊ အဇ္ဈောဟာရေ အဇ္ဈောဟာရေ အာပတ္တိ ပါဋိဒေသနီယဿ။</p>
<p class=""centered"">အဋ္ဌ ပါဋိဒေသနီယာ နိဋ္ဌိတာ။</p>
<p class=""centered"">ကတာပတ္တိဝါရော နိဋ္ဌိတော ဒုတိယော။</p>
<p class=""subhead"">၃။ ဝိပတ္တိဝါရော</p>
<p class=""bodytext""><a name=""para241""></a><a name=""para241_vin5""></a><span class=""paranum"">၂၄၁</span>။ အဝဿုတာ <a name=""P5.0080""></a><a name=""V0.0155""></a> ဘိက္ခုနိယာ အဝဿုတဿ ပုရိသပုဂ္ဂလဿ ကာယသံသဂ္ဂံ သာဒိယန္တိယာ အာပတ္တိယော စတုန္နံ ဝိပတ္တီနံ ကတိ ဝိပတ္တိယော ဘဇန္တိ? အဝဿုတာယ ဘိက္ခုနိယာ အဝဿုတဿ ပုရိသပုဂ္ဂလဿ ကာယသံသဂ္ဂံ သာဒိယန္တိယာ အာပတ္တိယော စတုန္နံ ဝိပတ္တီနံ ဒွေ ဝိပတ္တိယော ဘဇန္တိ – သိယာ သီလဝိပတ္တိံ, သိယာ အာစာရဝိပတ္တိံ…ပေ…။</p>
<p class=""bodytext"">ဒဓိံ ဝိညာပေတွာ ဘုဉ္ဇန္တိယာ အာပတ္တိယော စတုန္နံ ဝိပတ္တီနံ ကတိ ဝိပတ္တိယော ဘဇန္တိ? ဒဓိံ ဝိညာပေတွာ ဘုဉ္ဇန္တိယာ အာပတ္တိယော စတုန္နံ ဝိပတ္တီနံ ဧကံ ဝိပတ္တိံ ဘဇန္တိ – အာစာရဝိပတ္တိံ။</p>
<p class=""centered"">ဝိပတ္တိဝါရော နိဋ္ဌိတော တတိယော။</p>
",-241-
2012,mula_vi_05,142,"<p class=""subhead"">၄။ သင်္ဂဟဝါရော</p>
<p class=""bodytext""><a name=""para242""></a><a name=""para242_vin5""></a><span class=""paranum"">၂၄၂</span>။ အဝဿုတာ <a name=""M0.0142""></a><a name=""V0.0156""></a> ဘိက္ခုနိယာ အဝဿုတဿ ပုရိသပုဂ္ဂလဿ ကာယသံသဂ္ဂံ <a name=""T0.0204""></a> သာဒိယန္တိယာ အာပတ္တိယော သတ္တန္နံ အာပတ္တိက္ခန္ဓာနံ ကတိဟိ အာပတ္တိက္ခန္ဓေဟိ သင်္ဂဟိတာ? အဝဿုတာယ ဘိက္ခုနိယာ အဝဿုတဿ ပုရိသပုဂ္ဂလဿ ကာယသံသဂ္ဂံ သာဒိယန္တိယာ အာပတ္တိယော သတ္တန္နံ အာပတ္တိက္ခန္ဓာနံ တီဟိ အာပတ္တိက္ခန္ဓေဟိ သင်္ဂဟိတာ – သိယာ ပါရာဇိကာပတ္တိက္ခန္ဓေန, သိယာ ထုလ္လစ္စယာပတ္တိက္ခန္ဓေန, သိယာ ဒုက္ကဋာပတ္တိက္ခန္ဓေန…ပေ…။</p>
<p class=""bodytext"">ဒဓိံ ဝိညာပေတွာ ဘုဉ္ဇန္တိယာ အာပတ္တိယော သတ္တန္နံ အာပတ္တိက္ခန္ဓာနံ ကတိဟိ အာပတ္တိက္ခန္ဓေဟိ သင်္ဂဟိတာ? ဒဓိံ ဝိညာပေတွာ ဘုဉ္ဇန္တိယာ အာပတ္တိယော သတ္တန္နံ အာပတ္တိက္ခန္ဓာနံ ဒွီဟိ အာပတ္တိက္ခန္ဓေဟိ သင်္ဂဟိတာ – သိယာ ပါဋိဒေသနီယာပတ္တိက္ခန္ဓေန, သိယာ ဒုက္ကဋာပတ္တိက္ခန္ဓေန။</p>
<p class=""centered"">သင်္ဂဟဝါရော နိဋ္ဌိတော စတုတ္ထော။</p>
<p class=""subhead"">၅။ သမုဋ္ဌာနဝါရော</p>
<p class=""bodytext""><a name=""para243""></a><a name=""para243_vin5""></a><span class=""paranum"">၂၄၃</span>။ အဝဿုတာယ <a name=""V0.0157""></a> ဘိက္ခုနိယာ အဝဿုတဿ ပုရိသပုဂ္ဂလဿ ကာယသံသဂ္ဂံ သာဒိယန္တိယာ အာပတ္တိယော ဆန္နံ အာပတ္တိသမုဋ္ဌာနာနံ ကတိဟိ သမုဋ္ဌာနေဟိ သမုဋ္ဌန္တိ? အဝဿုတာယ ဘိက္ခုနိယာ အဝဿုတဿ ပုရိသပုဂ္ဂလဿ ကာယသံသဂ္ဂံ သာဒိယန္တိယာ အာပတ္တိယော ဆန္နံ အာပတ္တိသမုဋ္ဌာနာနံ ဧကေန သမုဋ္ဌာနေန သမုဋ္ဌန္တိ – ကာယတော စ စိတ္တတော စ သမုဋ္ဌန္တိ, န ဝါစတော…ပေ…။</p>
<p class=""bodytext"">ဒဓိံ ဝိညာပေတွာ ဘုဉ္ဇန္တိယာ အာပတ္တိယော ဆန္နံ အာပတ္တိသမုဋ္ဌာနာနံ ကတိဟိ သမုဋ္ဌာနေဟိ သမုဋ္ဌန္တိ? ဒဓိံ ဝိညာပေတွာ <a name=""T0.0205""></a> ဘုဉ္ဇန္တိယာ အာပတ္တိယော ဆန္နံ အာပတ္တိသမုဋ္ဌာနာနံ စတူဟိ သမုဋ္ဌာနေဟိ သမုဋ္ဌန္တိ – သိယာ ကာယတော သမုဋ္ဌန္တိ, န ဝါစတော န စိတ္တတော၊ သိယာ ကာယတော စ ဝါစတော စ သမုဋ္ဌန္တိ, န စိတ္တတော၊ သိယာ ကာယတော စ စိတ္တတော စ သမုဋ္ဌန္တိ, န ဝါစတော၊ သိယာ ကာယတော စ ဝါစတော စ စိတ္တတော စ သမုဋ္ဌန္တိ။</p>
<p class=""centered"">သမုဋ္ဌာနဝါရော နိဋ္ဌိတော ပဉ္စမော။</p>
",-242-243-
2013,mula_vi_05,143,"<p class=""subhead"">၆။ အဓိကရဏဝါရော</p>
<p class=""bodytext""><a name=""para244""></a><a name=""para244_vin5""></a><span class=""paranum"">၂၄၄</span>။ အဝဿုတာ <a name=""M0.0143""></a><a name=""V0.0158""></a> ဘိက္ခုနိယာ အဝဿုတဿ ပုရိသပုဂ္ဂလဿ ကာယသံသဂ္ဂံ သာဒိယန္တိယာ အာပတ္တိယော စတုန္နံ အဓိကရဏာနံ ကတမံ အဓိကရဏံ? အဝဿုတာယ ဘိက္ခုနိယာ အဝဿုတဿ ပုရိသပုဂ္ဂလဿ ကာယသံသဂ္ဂံ သာဒိယန္တိယာ အာပတ္တိယော စတုန္နံ အဓိကရဏာနံ – အာပတ္တာဓိကရဏံ…ပေ…။</p>
<p class=""bodytext"">ဒဓိံ ဝိညာပေတွာ ဘုဉ္ဇန္တိယာ အာပတ္တိယော စတုန္နံ အဓိကရဏာနံ ကတမံ အဓိကရဏံ? ဒဓိံ ဝိညာပေတွာ ဘုဉ္ဇန္တိယာ အာပတ္တိယော စတုန္နံ အဓိကရဏာနံ – အာပတ္တာဓိကရဏံ။</p>
<p class=""centered"">အဓိကရဏဝါရော နိဋ္ဌိတော ဆဋ္ဌော။</p>
<p class=""subhead"">၇။ သမထဝါရော</p>
<p class=""bodytext""><a name=""para245""></a><a name=""para245_vin5""></a><span class=""paranum"">၂၄၅</span>။ အဝဿုတာယ <a name=""V0.0159""></a> ဘိက္ခုနိယာ အဝဿုတဿ ပုရိသပုဂ္ဂလဿ ကာယသံသဂ္ဂံ သာဒိယန္တိယာ အာပတ္တိယော သတ္တန္နံ သမထာနံ ကတိဟိ သမထေဟိ သမ္မန္တိ? အဝဿုတာယ ဘိက္ခုနိယာ အဝဿုတဿ ပုရိသပုဂ္ဂလဿ ကာယသံသဂ္ဂံ သာဒိယန္တိယာ အာပတ္တိယော သတ္တန္နံ သမထာနံ တီဟိ သမထေဟိ သမ္မန္တိ – သိယာ သမ္မုခါဝိနယေန စ ပဋိညာတကရဏေန စ, သိယာ သမ္မုခါဝိနယေန စ တိဏဝတ္ထာရကေန စ…ပေ…။</p>
<p class=""bodytext"">ဒဓိံ <a name=""T0.0206""></a><a name=""P5.0081""></a> ဝိညာပေတွာ ဘုဉ္ဇန္တိယာ အာပတ္တိယော သတ္တန္နံ သမထာနံ ကတိဟိ သမထေဟိ သမ္မန္တိ? ဒဓိံ ဝိညာပေတွာ ဘုဉ္ဇန္တိယာ အာပတ္တိယော သတ္တန္နံ သမထာနံ တီဟိ သမထေဟိ သမ္မန္တိ – သိယာ သမ္မုခါဝိနယေန စ ပဋိညာတကရဏေန စ, သိယာ သမ္မုခါဝိနယေန စ တိဏဝတ္ထာရကေန စ။</p>
<p class=""centered"">သမထဝါရော နိဋ္ဌိတော သတ္တမော။</p>
<p class=""subhead"">၈။ သမုစ္စယဝါရော</p>
<p class=""bodytext""><a name=""para246""></a><a name=""para246_vin5""></a><span class=""paranum"">၂၄၆</span>။ အဝဿုတာ <a name=""V0.0160""></a> ဘိက္ခုနီ အဝဿုတဿ ပုရိသပုဂ္ဂလဿ ကာယသံသဂ္ဂံ သာဒိယန္တီ ကတိ အာပတ္တိယော အာပဇ္ဇတိ? အဝဿုတာ ဘိက္ခုနီ အဝဿုတဿ</p>
",-244-245-246-
2014,mula_vi_05,144,"<p class=""noindentbodytext""> ပုရိသပုဂ္ဂလဿ<a name=""M0.0144""></a> ကာယသံသဂ္ဂံ သာဒိယန္တီ တိဿော အာပတ္တိယော အာပဇ္ဇတိ။ အဓက္ခကံ ဥဗ္ဘဇာဏုမဏ္ဍလံ ဂဟဏံ သာဒိယတိ, အာပတ္တိ ပါရာဇိကဿ၊ ဥဗ္ဘက္ခကံ အဓောဇာဏုမဏ္ဍလံ ဂဟဏံ သာဒိယတိ, အာပတ္တိ ထုလ္လစ္စယဿ၊ ကာယပဋိဗဒ္ဓံ ဂဟဏံ သာဒိယတိ, အာပတ္တိ ဒုက္ကဋဿ – အဝဿုတာ ဘိက္ခုနီ အဝဿုတဿ ပုရိသပုဂ္ဂလဿ ကာယသံသဂ္ဂံ သာဒိယန္တီ ဣမာ တိဿော အာပတ္တိယော အာပဇ္ဇတိ။</p>
<p class=""bodytext"">တာ <a name=""V0.0161""></a> အာပတ္တိယော စတုန္နံ ဝိပတ္တီနံ ကတိ ဝိပတ္တိယော ဘဇန္တိ? သတ္တန္နံ အာပတ္တိက္ခန္ဓာနံ ကတိဟိ အာပတ္တိက္ခန္ဓေဟိ သင်္ဂဟိတာ? ဆန္နံ အာပတ္တိသမုဋ္ဌာနာနံ ကတိဟိ သမုဋ္ဌာနေဟိ သမုဋ္ဌန္တိ? စတုန္နံ အဓိကရဏာနံ ကတမံ အဓိကရဏံ? သတ္တန္နံ သမထာနံ ကတိဟိ သမထေဟိ သမ္မန္တိ? တာ အာပတ္တိယော စတုန္နံ ဝိပတ္တီနံ ဒွေ ဝိပတ္တိယော ဘဇန္တိ – သိယာ သီလဝိပတ္တိံ, သိယာ အာစာရဝိပတ္တိံ။ သတ္တန္နံ အာပတ္တိက္ခန္ဓာနံ တီဟိ အာပတ္တိက္ခန္ဓေဟိ သင်္ဂဟိတာ – သိယာ <a name=""T0.0207""></a> ပါရာဇိကာပတ္တိက္ခန္ဓေန, သိယာ ထုလ္လစ္စယာပတ္တိက္ခန္ဓေန, သိယာ ဒုက္ကဋာပတ္တိက္ခန္ဓေန။ ဆန္နံ အာပတ္တိသမုဋ္ဌာနာနံ ဧကေန သမုဋ္ဌာနေန သမုဋ္ဌန္တိ – ကာယတော စ စိတ္တတော စ သမုဋ္ဌန္တိ, န ဝါစတော။ စတုန္နံ အဓိကရဏာနံ အာပတ္တာဓိကရဏံ။ သတ္တန္နံ သမထာနံ တီဟိ သမထေဟိ သမ္မန္တိ – သိယာ သမ္မုခါဝိနယေန စ ပဋိညာတကရဏေန စ, သိယာ သမ္မုခါဝိနယေန စ တိဏဝတ္ထာရကေန စ…ပေ…။</p>
<p class=""bodytext"">ဒဓိံ ဝိညာပေတွာ ဘုဉ္ဇန္တီ ကတိ အာပတ္တိယော အာပဇ္ဇတိ? ဒဓိံ ဝိညာပေတွာ ဘုဉ္ဇန္တီ ဒွေ အာပတ္တိယော အာပဇ္ဇတိ။ ဘုဉ္ဇိဿာမီတိ ပဋိဂ္ဂဏှာတိ, အာပတ္တိ ဒုက္ကဋဿ၊ အဇ္ဈောဟာရေ အဇ္ဈောဟာရေ အာပတ္တိ ပါဋိဒေသနီယဿ – ဒဓိံ ဝိညာပေတွာ ဘုဉ္ဇန္တီ ဣမာ ဒွေ အာပတ္တိယော အာပဇ္ဇတိ။</p>
<p class=""bodytext"">တာ အာပတ္တိယော စတုန္နံ ဝိပတ္တီနံ ကတိ ဝိပတ္တိယော ဘဇန္တိ? သတ္တန္နံ အာပတ္တိက္ခန္ဓာနံ ကတိဟိ အာပတ္တိက္ခန္ဓေဟိ သင်္ဂဟိတာ? ဆန္နံ အာပတ္တိသမုဋ္ဌာနာနံ ကတိဟိ သမုဋ္ဌာနေဟိ သမုဋ္ဌန္တိ? စတုန္နံ အဓိကရဏာနံ ကတမံ အဓိကရဏံ? သတ္တန္နံ သမထာနံ ကတိဟိ သမထေဟိ သမ္မန္တိ? တာ အာပတ္တိယော စတုန္နံ ဝိပတ္တီနံ ဧကံ ဝိပတ္တိံ ဘဇန္တိ – အာစာရဝိပတ္တိံ။ သတ္တန္နံ အာပတ္တိက္ခန္ဓာနံ ဒွီဟိ အာပတ္တိက္ခန္ဓေဟိ သင်္ဂဟိတာ – သိယာ ပါဋိဒေသနီယာပတ္တိက္ခန္ဓေန, သိယာ ဒုက္ကဋာပတ္တိက္ခန္ဓေန။ ဆန္နံ အာပတ္တိသမုဋ္ဌာနာနံ စတူဟိ သမုဋ္ဌာနေဟိ သမုဋ္ဌန္တိ – သိယာ ကာယတော သမုဋ္ဌန္တိ န ဝါစတော န စိတ္တတော, သိယာ ကာယတော စ ဝါစတော စ သမုဋ္ဌန္တိ န စိတ္တတော,</p>
",
2015,mula_vi_05,145,"<p class=""noindentbodytext""> သိယာ<a name=""M0.0145""></a> ကာယတော <a name=""T0.0208""></a> စ စိတ္တတော စ သမုဋ္ဌန္တိ န ဝါစတော, သိယာ ကာယတော စ ဝါစတော စ စိတ္တတော စ သမုဋ္ဌန္တိ။ စတုန္နံ အဓိကရဏာနံ – အာပတ္တာဓိကရဏံ။ သတ္တန္နံ သမထာနံ တီဟိ သမထေဟိ သမ္မန္တိ – သိယာ သမ္မုခါဝိနယေန စ ပဋိညာတကရဏေန စ, သိယာ သမ္မုခါဝိနယေန စ တိဏဝတ္ထာရကေန စ။</p>
<p class=""centered"">သမုစ္စယဝါရော နိဋ္ဌိတော အဋ္ဌမော။</p>
<p class=""subhead"">၁။ ကတ္ထပညတ္တိဝါရော</p>
<p class=""subhead"">၁။ ပါရာဇိကကဏ္ဍံ</p>
<p class=""bodytext""><a name=""para247""></a><a name=""para247_vin5""></a><span class=""paranum"">၂၄၇</span>။ ယံ <a name=""V0.0162""></a> တေန ဘဂဝတာ ဇာနတာ ပဿတာ အရဟတာ သမ္မာသမ္ဗုဒ္ဓေန ကာယသံသဂ္ဂံ သာဒိယနပစ္စယာ ပါရာဇိကံ ကတ္ထ ပညတ္တံ? ကံ အာရဗ္ဘ? ကိသ္မိံ ဝတ္ထုသ္မိံ…ပေ… ကေနာဘတန္တိ?</p>
<p class=""bodytext"">ယံ တေန ဘဂဝတာ ဇာနတာ ပဿတာ အရဟတာ သမ္မာသမ္ဗုဒ္ဓေန ကာယသံသဂ္ဂံ သာဒိယနပစ္စယာ ပါရာဇိကံ ကတ္ထ ပညတ္တန္တိ? သာဝတ္ထိယံ ပညတ္တံ။ ကံ အာရဗ္ဘာတိ? သုန္ဒရီနန္ဒံ ဘိက္ခုနိံ အာရဗ္ဘ။ ကိသ္မိံ ဝတ္ထုသ္မိန္တိ? သုန္ဒရီနန္ဒာ ဘိက္ခုနီ အဝဿုတာ အဝဿုတဿ ပုရိသပုဂ္ဂလဿ ကာယသံသဂ္ဂံ သာဒိယိ, တသ္မိံ ဝတ္ထုသ္မိံ။ အတ္ထိ တတ္ထ ပညတ္တိ, အနုပညတ္တိ, အနုပ္ပန္နပညတ္တီတိ? ဧကာ ပညတ္တိ။ အနုပညတ္တိ အနုပ္ပန္နပညတ္တိ တသ္မိံ နတ္ထိ။ သဗ္ဗတ္ထပညတ္တိ, ပဒေသပညတ္တီတိ? သဗ္ဗတ္ထပညတ္တိ။ သာဓာရဏပညတ္တိ, အသာဓာရဏပညတ္တီတိ? အသာဓာရဏပညတ္တိ။ ဧကတောပညတ္တိ, ဥဘတောပညတ္တီတိ? ဧကတောပညတ္တိ။ စတုန္နံ ပါတိမောက္ခုဒ္ဒေသာနံ ကတ္ထောဂဓံ ကတ္ထ ပရိယာပန္နန္တိ? နိဒါနောဂဓံ နိဒါနပရိယာပန္နံ? ကတမေန ဥဒ္ဒေသေန ဥဒ္ဒေသံ အာဂစ္ဆတီတိ? ဒုတိယေန ဥဒ္ဒေသေန ဥဒ္ဒေသံ အာဂစ္ဆတိ။ စတုန္နံ ဝိပတ္တီနံ ကတမာ ဝိပတ္တီတိ? သီလဝိပတ္တိ။ သတ္တန္နံ အာပတ္တိက္ခန္ဓာနံ ကတမော အာပတ္တိက္ခန္ဓောတိ<a name=""T0.0209""></a>? ပါရာဇိကာပတ္တိက္ခန္ဓော။ ဆန္နံ အာပတ္တိသမုဋ္ဌာနာနံ ကတိဟိ သမုဋ္ဌာနေဟိ သမုဋ္ဌာတီတိ? ဧကေန သမုဋ္ဌာနေန သမုဋ္ဌာတိ – ကာယတော စ စိတ္တတော စ သမုဋ္ဌာတိ, န ဝါစတော…ပေ… ကေနာဘတန္တိ? ပရမ္ပရာဘတံ –</p>
",-247-
2016,mula_vi_05,146,"<p class=""gatha1"">ဥပါလိ <a name=""M0.0146""></a> ဒါသကော စေဝ, သောဏကော သိဂ္ဂဝေါ တထာ၊</p>
<p class=""gathalast"">မောဂ္ဂလိပုတ္တေန ပဉ္စမာ, ဧတေ ဇမ္ဗုသိရိဝှယေ။ …ပေ…၊</p>
<p class=""gatha1"">ဧတေ <a name=""V0.0163""></a> နာဂါ မဟာပညာ, ဝိနယညူ မဂ္ဂကောဝိဒါ၊</p>
<p class=""gathalast"">ဝိနယံ ဒီပေ ပကာသေသုံ, ပိဋကံ တမ္ဗပဏ္ဏိယာတိ။</p>
<p class=""bodytext"">ဝဇ္ဇပ္ပဋိစ္ဆာဒနပစ္စယာ <a name=""P5.0082""></a> ပါရာဇိကံ ကတ္ထ ပညတ္တန္တိ? သာဝတ္ထိယံ ပညတ္တံ။ ကံ အာရဗ္ဘာတိ? ထုလ္လနန္ဒံ ဘိက္ခုနိံ အာရဗ္ဘ။ ကိသ္မိံ ဝတ္ထုသ္မိန္တိ? ထုလ္လနန္ဒာ ဘိက္ခုနီ ဇာနံ ပါရာဇိကံ ဓမ္မံ အဇ္ဈာပန္နံ ဘိက္ခုနိံ နေဝတ္တနာ ပဋိစောဒေသိ န ဂဏဿ အာရောစေသိ, တသ္မိံ ဝတ္ထုသ္မိံ။ ဧကာ ပညတ္တိ။ ဆန္နံ အာပတ္တိသမုဋ္ဌာနာနံ ဧကေန သမုဋ္ဌာနေန သမုဋ္ဌာတိ – ဓုရနိက္ခေပေ…ပေ…။</p>
<p class=""bodytext"">ယာဝတတိယံ သမနုဘာသနာယ န ပဋိနိဿဇ္ဇနပစ္စယာ ပါရာဇိကံ ကတ္ထ ပညတ္တန္တိ? သာဝတ္ထိယံ ပညတ္တံ။ ကံ အာရဗ္ဘာတိ? ထုလ္လနန္ဒံ ဘိက္ခုနိံ အာရဗ္ဘ။ ကိသ္မိံ ဝတ္ထုသ္မိန္တိ? ထုလ္လနန္ဒာ ဘိက္ခုနီ သမဂ္ဂေန သံဃေန ဥက္ခိတ္တံ အရိဋ္ဌံ ဘိက္ခုံ ဂဒ္ဓဗာဓိပုဗ္ဗံ အနုဝတ္တိ, တသ္မိံ ဝတ္ထုသ္မိံ။ ဧကာ ပညတ္တိ။ ဆန္နံ အာပတ္တိသမုဋ္ဌာနာနံ ဧကေန သမုဋ္ဌာနေန သမုဋ္ဌာတိ – ဓုရနိက္ခေပေ…ပေ…။</p>
<p class=""bodytext"">အဋ္ဌမံ ဝတ္ထုံ ပရိပူရဏပစ္စယာ ပါရာဇိကံ ကတ္ထ ပညတ္တန္တိ? သာဝတ္ထိယံ ပညတ္တံ။ ကံ အာရဗ္ဘာတိ? ဆဗ္ဗဂ္ဂိယာ ဘိက္ခုနိယော အာရဗ္ဘ။ ကိသ္မိံ ဝတ္ထုသ္မိန္တိ? ဆဗ္ဗဂ္ဂိယာ ဘိက္ခုနိယော အဋ္ဌမံ ဝတ္ထုံ ပရိပူရေသုံ, တသ္မိံ ဝတ္ထုသ္မိံ။ ဧကာ ပညတ္တိ။ ဆန္နံ အာပတ္တိသမုဋ္ဌာနာနံ <a name=""T0.0210""></a> ဧကေန သမုဋ္ဌာနေန သမုဋ္ဌာတိ – ဓုရနိက္ခေပေ…ပေ…။</p>
<p class=""centered"">ပါရာဇိကာ နိဋ္ဌိတာ။</p>
<p class=""subhead"">၂။ သံဃာဒိသေသကဏ္ဍာဒိ</p>
<p class=""bodytext""><a name=""para248""></a><a name=""para248_vin5""></a><span class=""paranum"">၂၄၈</span>။ ယံ တေန ဘဂဝတာ ဇာနတာ ပဿတာ အရဟတာ သမ္မာသမ္ဗုဒ္ဓေန ဥဿယဝါဒိကာယ ဘိက္ခုနိယာ အဍ္ဍံ ကရဏပစ္စယာ သံဃာဒိသေသော ကတ္ထ ပညတ္တော? ကံ အာရဗ္ဘ? ကိသ္မိံ ဝတ္ထုသ္မိံ…ပေ… ကေနာဘတန္တိ?</p>
<p class=""bodytext"">ယံ တေန ဘဂဝတာ ဇာနတာ ပဿတာ အရဟတာ သမ္မာသမ္ဗုဒ္ဓေန ဥဿယဝါဒိကာယ ဘိက္ခုနိယာ အဍ္ဍံ ကရဏပစ္စယာ သံဃာဒိသေသော ကတ္ထ</p>
",-248-
2017,mula_vi_05,147,"<p class=""noindentbodytext""> ပညတ္တောတိ<a name=""M0.0147""></a>? သာဝတ္ထိယံ ပညတ္တော။ ကံ အာရဗ္ဘာတိ<a name=""V0.0164""></a>? ထုလ္လနန္ဒံ ဘိက္ခုနိံ အာရဗ္ဘ။ ကိသ္မိံ ဝတ္ထုသ္မိန္တိ? ထုလ္လနန္ဒာ ဘိက္ခုနီ ဥဿယဝါဒိကာ ဝိဟရိ, တသ္မိံ ဝတ္ထုသ္မိံ။ အတ္ထိ တတ္ထ ပညတ္တိ, အနုပညတ္တိ, အနုပ္ပန္နပညတ္တီတိ? ဧကာ ပညတ္တိ။ အနုပညတ္တိ အနုပ္ပန္နပညတ္တိ တသ္မိံ နတ္ထိ။ သဗ္ဗတ္ထပညတ္တိ, ပဒေသပညတ္တီတိ? သဗ္ဗတ္ထပညတ္တိ။ သာဓာရဏပညတ္တိ, အသာဓာရဏပညတ္တီတိ? အသာဓာရဏပညတ္တိ။ ဧကတောပညတ္တိ, ဥဘတောပညတ္တီတိ? ဧကတောပညတ္တိ။ စတုန္နံ ပါတိမောက္ခုဒ္ဒေသာနံ ကတ္ထောဂဓံ ကတ္ထ ပရိယာပန္နန္တိ? နိဒါနောဂဓံ နိဒါနပရိယာပန္နံ။ ကတမေန ဥဒ္ဒေသေန ဥဒ္ဒေသံ အာဂစ္ဆတီတိ? တတိယေန ဥဒ္ဒေသေန ဥဒ္ဒေသံ အာဂစ္ဆတိ။ စတုန္နံ ဝိပတ္တီနံ ကတမာ ဝိပတ္တီတိ? သီလဝိပတ္တိ။ သတ္တန္နံ အာပတ္တိက္ခန္ဓာနံ ကတမော အာပတ္တိက္ခန္ဓောတိ? သံဃာဒိသေသာပတ္တိက္ခန္ဓော။ ဆန္နံ အာပတ္တိသမုဋ္ဌာနာနံ ကတိဟိ သမုဋ္ဌာနေဟိ သမုဋ္ဌာတီတိ? ဒွီဟိ သမုဋ္ဌာနေဟိ သမုဋ္ဌာတိ – သိယာ ကာယတော စ ဝါစတော စ သမုဋ္ဌာတိ, န စိတ္တတော၊ သိယာ ကာယတော စ ဝါစတော စိတ္တတော စ သမုဋ္ဌာတိ…ပေ… ကေနာဘတန္တိ? ပရမ္ပရာဘတံ –</p>
<p class=""gatha1"">ဥပါလိ ဒါသကော စေဝ, သောဏကော သိဂ္ဂဝေါ တထာ၊</p>
<p class=""gathalast"">မောဂ္ဂလိပုတ္တေန ပဉ္စမာ, ဧတေ ဇမ္ဗုသိရိဝှယေ။ …ပေ…၊</p>
<p class=""gatha1"">ဧတေ နာဂါ မဟာပညာ, ဝိနယညူ မဂ္ဂကောဝိဒါ၊</p>
<p class=""gathalast"">ဝိနယံ ဒီပေ ပကာသေသုံ, ပိဋကံ တမ္ဗပဏ္ဏိယာတိ။</p>
<p class=""bodytext"">စောရိံ <a name=""T0.0211""></a> ဝုဋ္ဌာပနပစ္စယာ သံဃာဒိသေသော ကတ္ထ ပညတ္တောတိ? သာဝတ္ထိယံ ပညတ္တော။ ကံ အာရဗ္ဘာတိ? ထုလ္လနန္ဒံ ဘိက္ခုနိံ အာရဗ္ဘ။ ကိသ္မိံ ဝတ္ထုသ္မိန္တိ? ထုလ္လနန္ဒာ ဘိက္ခုနီ စောရိံ ဝုဋ္ဌာပေသိ, တသ္မိံ ဝတ္ထုသ္မိံ။ ဧကာ ပညတ္တိ။ ဆန္နံ အာပတ္တိသမုဋ္ဌာနာနံ ဒွီဟိ သမုဋ္ဌာနေဟိ သမုဋ္ဌာတိ – သိယာ ဝါစတော စ စိတ္တတော စ သမုဋ္ဌာတိ, န ကာယတော၊ သိယာ ကာယတော စ ဝါစတော စ စိတ္တတော စ သမုဋ္ဌာတိ…ပေ…။</p>
<p class=""bodytext"">ဧကာ ဂါမန္တရံ ဂမနပစ္စယာ သံဃာဒိသေသော ကတ္ထ ပညတ္တောတိ? သာဝတ္ထိယံ ပညတ္တော။ ကံ အာရဗ္ဘာတိ? အညတရံ ဘိက္ခုနိံ အာရဗ္ဘ။ ကိသ္မိံ ဝတ္ထုသ္မိန္တိ? အညတရာ ဘိက္ခုနီ ဧကာ ဂါမန္တရံ ဂစ္ဆိ, တသ္မိံ ဝတ္ထုသ္မိံ။ ဧကာ ပညတ္တိ, တိဿော အနုပညတ္တိယော။ ဆန္နံ အာပတ္တိသမုဋ္ဌာနာနံ ဧကေန သမုဋ္ဌာနေန သမုဋ္ဌာတိ – ပဌမပါရာဇိကေ…ပေ…။</p>
",
2018,mula_vi_05,148,"<p class=""bodytext"">သမဂ္ဂေန <a name=""M0.0148""></a> သံဃေန ဥက္ခိတ္တံ ဘိက္ခုနိံ ဓမ္မေန ဝိနယေန သတ္ထုသာသနေန အနပလောကေတွာ ကာရကသံဃံ <a name=""V0.0165""></a> အနညာယ ဂဏဿ ဆန္ဒံ ဩသာရဏပစ္စယာ သံဃာဒိသေသော ကတ္ထ ပညတ္တောတိ? သာဝတ္ထိယံ ပညတ္တော။ ကံ အာရဗ္ဘာတိ? ထုလ္လနန္ဒံ ဘိက္ခုနိံ အာရဗ္ဘ။ ကိသ္မိံ ဝတ္ထုသ္မိန္တိ? ထုလ္လနန္ဒာ ဘိက္ခုနီ သမဂ္ဂေန သံဃေန ဥက္ခိတ္တံ ဘိက္ခုနိံ <a name=""T0.0212""></a> ဓမ္မေန ဝိနယေန သတ္ထုသာသနေန အနပလောကေတွာ ကာရကသံဃံ အနညာယ ဂဏဿ ဆန္ဒံ ဩသာရေသိ, တသ္မိံ ဝတ္ထုသ္မိံ။ ဧကာ ပညတ္တိ။ ဆန္နံ အာပတ္တိသမုဋ္ဌာနာနံ ဧကေန သမုဋ္ဌာနေန သမုဋ္ဌာတိ – ဓုရနိက္ခေပေ…ပေ…။</p>
<p class=""bodytext"">အဝဿုတာယ ဘိက္ခုနိယာ အဝဿုတဿ ပုရိသပုဂ္ဂလဿ ဟတ္ထတော ခါဒနီယံ ဝါ ဘောဇနီယံ ဝါ သဟတ္ထာ ပဋိဂ္ဂဟေတွာ ဘုဉ္ဇနပစ္စယာ သံဃာဒိသေသော ကတ္ထ ပညတ္တောတိ? သာဝတ္ထိယံ ပညတ္တော။ ကံ အာရဗ္ဘာတိ? သုန္ဒရီနန္ဒံ ဘိက္ခုနိံ အာရဗ္ဘ။ ကိသ္မိံ ဝတ္ထုသ္မိန္တိ? သုန္ဒရီနန္ဒာ ဘိက္ခုနီ အဝဿုတာ အဝဿုတဿ ပုရိသပုဂ္ဂလဿ ဟတ္ထတော အာမိသံ ပဋိဂ္ဂဟေသိ, တသ္မိံ ဝတ္ထုသ္မိံ။ ဧကာ ပညတ္တိ။ ဆန္နံ အာပတ္တိသမုဋ္ဌာနာနံ ဧကေန သမုဋ္ဌာနေန သမုဋ္ဌာတိ – ပဌမပါရာဇိကေ…ပေ…။</p>
<p class=""bodytext"">‘‘ကိံ တေ, အယျေ, ဧသော ပုရိသပုဂ္ဂလော ကရိဿတိ အဝဿုတော ဝါ အနဝဿုတော ဝါ, ယတော တွံ အနဝဿုတာ! ဣင်္ဃ, အယျေ, ယံ တေ ဧသော ပုရိသပုဂ္ဂလော ဒေတိ ခါဒနီယံ ဝါ ဘောဇနီယံ ဝါ တံ တွံ သဟတ္ထာ ပဋိဂ္ဂဟေတွာ ခါဒ ဝါ ဘုဉ္ဇ ဝါ’’တိ ဥယျောဇနပစ္စယာ သံဃာဒိသေသော ကတ္ထ ပညတ္တောတိ? သာဝတ္ထိယံ ပညတ္တော။ ကံ အာရဗ္ဘာတိ? အညတရံ ဘိက္ခုနိံ အာရဗ္ဘ။ ကိသ္မိံ ဝတ္ထုသ္မိန္တိ? အညတရာ ဘိက္ခုနီ – ‘‘ကိံ တေ, အယျေ, ဧသော ပုရိသပုဂ္ဂလော ကရိဿတိ အဝဿုတော ဝါ အနဝဿုတော ဝါ, ယတော တွံ အနဝဿုတာ! ဣင်္ဃ, အယျေ, ယံ တေ ဧသော ပုရိသပုဂ္ဂလော ဒေတိ ခါဒနီယံ ဝါ ဘောဇနီယံ ဝါ တံ တွံ သဟတ္ထာ ပဋိဂ္ဂဟေတွာ ခါဒ ဝါ ဘုဉ္ဇ ဝါ’’တိ ဥယျောဇေသိ, တသ္မိံ <a name=""T0.0213""></a> ဝတ္ထုသ္မိံ။ ဧကာ ပညတ္တိ။ ဆန္နံ အာပတ္တိသမုဋ္ဌာနာနံ တီဟိ သမုဋ္ဌာနေဟိ သမုဋ္ဌာတိ…ပေ…။</p>
<p class=""bodytext"">ကုပိတာယ အနတ္တမနာယ ဘိက္ခုနိယာ ယာဝတတိယံ သမနုဘာသနာယ န ပဋိနိဿဇ္ဇနပစ္စယာ သံဃာဒိသေသော ကတ္ထ ပညတ္တောတိ? သာဝတ္ထိယံ ပညတ္တော။ ကံ အာရဗ္ဘာတိ? စဏ္ဍကာဠိံ ဘိက္ခုနိံ အာရဗ္ဘ။ ကိသ္မိံ ဝတ္ထုသ္မိန္တိ? စဏ္ဍကာဠီ ဘိက္ခုနီ ကုပိတာ အနတ္တမနာ ဧဝံ အဝစ – ‘‘ဗုဒ္ဓံ ပစ္စာစိက္ခာမိ, ဓမ္မံ ပစ္စာစိက္ခာမိ, သံဃံ ပစ္စာစိက္ခာမိ, သိက္ခံ ပစ္စာစိက္ခာမီ’’တိ, တသ္မိံ</p>
",
2019,mula_vi_05,149,"<p class=""noindentbodytext""> ဝတ္ထုသ္မိံ<a name=""M0.0149""></a>။ ဧကာ ပညတ္တိ။ ဆန္နံ အာပတ္တိသမုဋ္ဌာနာနံ ဧကေန သမုဋ္ဌာနေန သမုဋ္ဌာတိ – ဓုရနိက္ခေပေ…ပေ…။</p>
<p class=""bodytext"">ကိသ္မိဉ္စိဒေဝ <a name=""V0.0166""></a> အဓိကရဏေ ပစ္စာကတာယ ဘိက္ခုနိယာ ယာဝတတိယံ သမနုဘာသနာယ န ပဋိနိဿဇ္ဇနပစ္စယာ သံဃာဒိသေသော ကတ္ထ ပညတ္တောတိ? သာဝတ္ထိယံ ပညတ္တော။ ကံ အာရဗ္ဘာတိ? စဏ္ဍကာဠိံ ဘိက္ခုနိံ အာရဗ္ဘ။ ကိသ္မိံ ဝတ္ထုသ္မိန္တိ? စဏ္ဍကာဠီ ဘိက္ခုနီ ကိသ္မိဉ္စိဒေဝ အဓိကရဏေ ပစ္စာကတာ ကုပိတာ အနတ္တမနာ ဧဝံ အဝစ – ‘‘ဆန္ဒဂါမိနိယော စ ဘိက္ခုနိယော, ဒေါသဂါမိနိယော စ ဘိက္ခုနိယော, မောဟဂါမိနိယော စ ဘိက္ခုနိယော, ဘယဂါမိနိယော စ ဘိက္ခုနိယော’’တိ, တသ္မိံ ဝတ္ထုသ္မိံ။ ဧကာ ပညတ္တိ။ ဆန္နံ အာပတ္တိသမုဋ္ဌာနာနံ ဧကေန သမုဋ္ဌာနေန သမုဋ္ဌာတိ – ဓုရနိက္ခေပေ…ပေ…။</p>
<p class=""bodytext"">သံသဋ္ဌာနံ ဘိက္ခုနီနံ ယာဝတတိယံ သမနုဘာသနာယ န ပဋိနိဿဇ္ဇနပစ္စယာ <a name=""T0.0214""></a> သံဃာဒိသေသော ကတ္ထ ပညတ္တောတိ? သာဝတ္ထိယံ ပညတ္တော။ ကံ အာရဗ္ဘာတိ? သမ္ဗဟုလာ ဘိက္ခုနိယော အာရဗ္ဘ။ ကိသ္မိံ ဝတ္ထုသ္မိန္တိ? သမ္ဗဟုလာ ဘိက္ခုနိယော သံသဋ္ဌာ ဝိဟရိံသု, တသ္မိံ ဝတ္ထုသ္မိံ။ ဧကာ ပညတ္တိ။ ဆန္နံ အာပတ္တိသမုဋ္ဌာနာနံ ဧကေန သမုဋ္ဌာနေန သမုဋ္ဌာတိ – ဓုရနိက္ခေပေ…ပေ…။</p>
<p class=""bodytext"">‘‘သံသဋ္ဌာ<a name=""P5.0083""></a>, အယျေ, တုမှေ ဝိဟရထ။ မာ တုမှေ နာနာ ဝိဟရိတ္ထာ’’တိ ဥယျောဇေန္တိယာ ယာဝတတိယံ သမနုဘာသနာယ န ပဋိနိဿဇ္ဇနပစ္စယာ သံဃာဒိသေသော ကတ္ထ ပညတ္တောတိ? သာဝတ္ထိယံ ပညတ္တော။ ကံ အာရဗ္ဘာတိ? ထုလ္လနန္ဒံ ဘိက္ခုနိံ အာရဗ္ဘ။ ကိသ္မိံ ဝတ္ထုသ္မိန္တိ? ထုလ္လနန္ဒာ ဘိက္ခုနီ – ‘‘သံသဋ္ဌာဝ အယျေ, တုမှေ ဝိဟရထ။ မာ တမှေ နာနာ ဝိဟရိတ္ထာ’’တိ ဥယျောဇေသိ, တသ္မိံ ဝတ္ထုသ္မိံ။ ဧကာ ပညတ္တိ။ ဆန္နံ အာပတ္တိသမုဋ္ဌာနာနံ ဧကေန သမုဋ္ဌာနေန သမုဋ္ဌာတိ – ဓုရနိက္ခေပေ…ပေ…။</p>
<p class=""bodytext"">ဒဓိံ ဝိညာပေတွာ ဘုဉ္ဇနပစ္စယာ ပါဋိဒေသနီယံ ကတ္ထ ပညတ္တန္တိ? သာဝတ္ထိယံ ပညတ္တံ။ ကံ အာရဗ္ဘာတိ? ဆဗ္ဗဂ္ဂိယာ ဘိက္ခုနိယော အာရဗ္ဘ။ ကိသ္မိံ ဝတ္ထုသ္မိန္တိ? ဆဗ္ဗဂ္ဂိယာ ဘိက္ခုနိယော ဒဓိံ ဝိညာပေတွာ ဘုဉ္ဇိံသု, တသ္မိံ ဝတ္ထုသ္မိံ။ ဧကာ ပညတ္တိ, ဧကာ အနုပညတ္တိ။ ဆန္နံ အာပတ္တိသမုဋ္ဌာနာနံ စတူဟိ သမုဋ္ဌာနေဟိ သမုဋ္ဌာတိ…ပေ…<a name=""T0.0215""></a>။</p>
<p class=""centered"">ကတ္ထပညတ္တိဝါရော နိဋ္ဌိတော ပဌမော။</p>
",
2020,mula_vi_05,150,"<p class=""subhead"">၂။ ကတာပတ္တိဝါရော</p>
<p class=""subhead"">၁။ ပါရာဇိကကဏ္ဍံ</p>
<p class=""bodytext""><a name=""para249""></a><a name=""para249_vin5""></a><span class=""paranum"">၂၄၉</span>။ ကာယသံသဂ္ဂံ <a name=""M0.0150""></a><a name=""V0.0167""></a> သာဒိယနပစ္စယာ ကတိ အာပတ္တိယော အာပဇ္ဇတိ? ကာယသံသဂ္ဂံ သာဒိယနပစ္စယာ ပဉ္စ အာပတ္တိယော အာပဇ္ဇတိ။ အဝဿုတာ ဘိက္ခုနီ အဝဿုတဿ ပုရိသပုဂ္ဂလဿ အဓက္ခကံ ဥဗ္ဘဇာဏုမဏ္ဍလံ ဂဟဏံ သာဒိယတိ, အာပတ္တိ ပါရာဇိကဿ၊ ဘိက္ခု ကာယေန ကာယံ အာမသတိ, အာပတ္တိ သံဃာဒိသေသဿ၊ ကာယေန ကာယပဋိဗဒ္ဓံ အာမသတိ, အာပတ္တိ ထုလ္လစ္စယဿ၊ ကာယပဋိဗဒ္ဓေန ကာယပဋိဗဒ္ဓံ အာမသတိ, အာပတ္တိ ဒုက္ကဋဿ၊ အင်္ဂုလိပတောဒကေ ပါစိတ္တိယံ – ကာယသံသဂ္ဂံ သာဒိယနပစ္စယာ ဣမာ ပဉ္စ အာပတ္တိယော အာပဇ္ဇတိ။</p>
<p class=""bodytext"">ဝဇ္ဇပ္ပဋိစ္ဆာဒနပစ္စယာ ကတိ အာပတ္တိယော အာပဇ္ဇတိ? ဝဇ္ဇပ္ပဋိစ္ဆာဒနပစ္စယာ စတဿော အာပတ္တိယော အာပဇ္ဇတိ။ ဘိက္ခုနီ ဇာနံ ပါရာဇိကံ ဓမ္မံ <span class=""note"">[ဓမ္မံ အဇ္ဈာပန္နံ (သျာ။)]</span> ပဋိစ္ဆာဒေတိ, အာပတ္တိ ပါရာဇိကဿ၊ ဝေမတိကာ ပဋိစ္ဆာဒေတိ, အာပတ္တိ ထုလ္လစ္စယဿ၊ ဘိက္ခု သံဃာဒိသေသံ ပဋိစ္ဆာဒေတိ, အာပတ္တိ ပါစိတ္တိယဿ၊ အာစာရဝိပတ္တိံ ပဋိစ္ဆာဒေတိ, အာပတ္တိ ဒုက္ကဋဿ – ဝဇ္ဇပ္ပဋိစ္ဆာဒနပစ္စယာ ဣမာ စတဿော အာပတ္တိယော အာပဇ္ဇတိ။</p>
<p class=""bodytext"">ယာဝတတိယံ သမနုဘာသနာယ န ပဋိနိဿဇ္ဇနပစ္စယာ ကတိ အာပတ္တိယော အာပဇ္ဇတိ? ယာဝတတိယံ သမနုဘာသနာယ န ပဋိနိဿဇ္ဇနပစ္စယာ ပဉ္စ အာပတ္တိယော အာပဇ္ဇတိ။ ဥက္ခိတ္တာနုဝတ္တိကာ ဘိက္ခုနီ ယာဝတတိယံ <a name=""T0.0216""></a> သမနုဘာသနာယ န ပဋိနိဿဇ္ဇတိ, ဉတ္တိယာ ဒုက္ကဋံ၊ ဒွီဟိ ကမ္မဝါစာဟိ ထုလ္လစ္စယာ၊ ကမ္မဝါစာပရိယောသာနေ အာပတ္တိ ပါရာဇိကဿ၊ ဘေဒကာနုဝတ္တိကာ ဘိက္ခုနီ ယာဝတတိယံ သမနုဘာသနာယ န ပဋိနိဿဇ္ဇတိ, အာပတ္တိ သံဃာဒိသေသဿ၊ ပါပိကာယ ဒိဋ္ဌိယာ ယာဝတတိယံ သမနုဘာသနာယ န ပဋိနိဿဇ္ဇတိ, အာပတ္တိ ပါစိတ္တိယဿ <a name=""V0.0168""></a> – ယာဝတတိယံ သမနုဘာသနာယ န ပဋိနိဿဇ္ဇနပစ္စယာ ဣမာ ပဉ္စ အာပတ္တိယော အာပဇ္ဇတိ။</p>
<p class=""bodytext"">အဋ္ဌမံ ဝတ္ထုံ ပရိပူရဏပစ္စယာ ကတိ အာပတ္တိယော အာပဇ္ဇတိ? အဋ္ဌမံ ဝတ္ထုံ ပရိပူရဏပစ္စယာ တိဿော အာပတ္တိယော အာပဇ္ဇတိ။ ပုရိသေန – ‘‘ဣတ္ထန္နာမံ ဩကာသံ အာဂစ္ဆာ’’တိ ဝုတ္တာ ဂစ္ဆတိ, အာပတ္တိ ဒုက္ကဋဿ၊</p>
",-249-
2021,mula_vi_05,151,"<p class=""noindentbodytext""> ပုရိသဿ<a name=""M0.0151""></a> ဟတ္ထပါသံ ဩက္ကန္တမတ္တေ အာပတ္တိ ထုလ္လစ္စယဿ၊ အဋ္ဌမံ ဝတ္ထုံ ပရိပူရေတိ, အာပတ္တိ ပါရာဇိကဿ – အဋ္ဌမံ ဝတ္ထုံ ပရိပူရဏပစ္စယာ ဣမာ တိဿော အာပတ္တိယော အာပဇ္ဇတိ။</p>
<p class=""centered"">ပါရာဇိကာ နိဋ္ဌိတာ။</p>
<p class=""subhead"">၂။ သံဃာဒိသေသကဏ္ဍာဒိ</p>
<p class=""bodytext""><a name=""para250""></a><a name=""para250_vin5""></a><span class=""paranum"">၂၅၀</span>။ ဥဿယဝါဒိကာ ဘိက္ခုနီ အဍ္ဍံ ကရဏပစ္စယာ တိဿော အာပတ္တိယော အာပဇ္ဇတိ။ ဧကဿ အာရောစေတိ, အာပတ္တိ ဒုက္ကဋဿ၊ ဒုတိယဿ အာရောစေတိ, အာပတ္တိ ထုလ္လစ္စယဿ၊ အဍ္ဍပရိယောသာနေ အာပတ္တိ သံဃာဒိသေသဿ။</p>
<p class=""bodytext"">စောရိံ ဝုဋ္ဌာပနပစ္စယာ <a name=""P5.0084""></a> တိဿော အာပတ္တိယော အာပဇ္ဇတိ။ ဉတ္တိယာ ဒုက္ကဋံ၊ ဒွီဟိ ကမ္မဝါစာဟိ ထုလ္လစ္စယာ၊ ကမ္မဝါစာပရိယောသာနေ <a name=""T0.0217""></a> အာပတ္တိ သံဃာဒိသေသဿ။</p>
<p class=""bodytext"">ဧကာ ဂါမန္တရံ ဂမနပစ္စယာ တိဿော အာပတ္တိယော အာပဇ္ဇတိ။ ဂစ္ဆတိ, အာပတ္တိ ဒုက္ကဋဿ၊ ပဌမံ ပါဒံ ပရိက္ခေပံ အတိက္ကာမေတိ, အာပတ္တိ ထုလ္လစ္စယဿ၊ ဒုတိယံ ပါဒံ အတိက္ကာမေတိ, အာပတ္တိ သံဃာဒိသေသဿ။</p>
<p class=""bodytext"">သမဂ္ဂေန သံဃေန ဥက္ခိတ္တံ ဘိက္ခုနိံ ဓမ္မေန ဝိနယေန သတ္ထုသာသနေန အနပလောကေတွာ ကာရကသံဃံ အနညာယ ဂဏဿ ဆန္ဒံ ဩသာရဏပစ္စယာ တိဿော အာပတ္တိယော အာပဇ္ဇတိ။ ဉတ္တိယာ ဒုက္ကဋံ၊ ဒွီဟိ ကမ္မဝါစာဟိ ထုလ္လစ္စယာ၊ ကမ္မဝါစာပရိယောသာနေ အာပတ္တိ သံဃာဒိသေသဿ။</p>
<p class=""bodytext"">အဝဿုတာ ဘိက္ခုနီ အဝဿုတဿ ပုရိသပုဂ္ဂလဿ ဟတ္ထတော ခါဒနီယံ ဝါ ဘောဇနီယံ ဝါ သဟတ္ထာ <a name=""V0.0169""></a> ပဋိဂ္ဂဟေတွာ ဘုဉ္ဇနပစ္စယာ တိဿော အာပတ္တိယော အာပဇ္ဇတိ။ ‘‘ခါဒိဿာမိ ဘုဉ္ဇိဿာမီ’’တိ ပဋိဂ္ဂဏှာတိ, အာပတ္တိ ထုလ္လစ္စယဿ၊ အဇ္ဈောဟာရေ အဇ္ဈောဟာရေ အာပတ္တိ သံဃာဒိသေသဿ၊ ဥဒကဒန္တပေါနံ ပဋိဂ္ဂဏှာတိ, အာပတ္တိ ဒုက္ကဋဿ။</p>
<p class=""bodytext"">‘‘ကိံ တေ, အယျေ, ဧသော ပုရိသပုဂ္ဂလော ကရိဿတိ အဝဿုတော ဝါ အနဝဿုတော ဝါ, ယတော တွံ အနဝဿုတာ! ဣင်္ဃ, အယျေ, ယံ တေ ဧသော</p>
",-250-
2022,mula_vi_05,152,"<p class=""noindentbodytext""> ပုရိသပုဂ္ဂလော<a name=""M0.0152""></a> ဒေတိ ခါဒနီယံ ဝါ ဘောဇနီယံ ဝါ တံ တွံ သဟတ္ထာ ပဋိဂ္ဂဟေတွာ ခါဒ ဝါ ဘုဉ္ဇ ဝါ’’တိ, ဥယျောဇနပစ္စယာ တိဿော အာပတ္တိယော အာပဇ္ဇတိ။ တဿာ ဝစနေန ခါဒိဿာမိ ဘုဉ္ဇိဿာမီတိ <a name=""T0.0218""></a> ပဋိဂ္ဂဏှာတိ, အာပတ္တိ ဒုက္ကဋဿ၊ အဇ္ဈောဟာရေ အဇ္ဈောဟာရေ အာပတ္တိ ထုလ္လစ္စယဿ၊ ဘောဇနပရိယောသာနေ အာပတ္တိ သံဃာဒိသေသဿ။</p>
<p class=""bodytext"">ကုပိတာ ဘိက္ခုနီ ယာဝတတိယံ သမနုဘာသနာယ န ပဋိနိဿဇ္ဇနပစ္စယာ တိဿော အာပတ္တိယော အာပဇ္ဇတိ။ ဉတ္တိယာ ဒုက္ကဋံ၊ ဒွီဟိ ကမ္မဝါစာဟိ ထုလ္လစ္စယာ၊ ကမ္မဝါစာပရိယောသာနေ အာပတ္တိ သံဃာဒိသေသဿ။</p>
<p class=""bodytext"">ကိသ္မိဉ္စိဒေဝ အဓိကရဏေ ပစ္စာကတာ ဘိက္ခုနီ ယာဝတတိယံ သမနုဘာသနာယ န ပဋိနိဿဇ္ဇနပစ္စယာ တိဿော အာပတ္တိယော အာပဇ္ဇတိ။ ဉတ္တိယာ ဒုက္ကဋံ၊ ဒွီဟိ ကမ္မဝါစာဟိ ထုလ္လစ္စယာ၊ ကမ္မဝါစာပရိယောသာနေ အာပတ္တိ သံဃာဒိသေသဿ။</p>
<p class=""bodytext"">သံသဋ္ဌာ ဘိက္ခုနီ ယာဝတတိယံ သမနုဘာသနာယ န ပဋိနိဿဇ္ဇနပစ္စယာ တိဿော အာပတ္တိယော အာပဇ္ဇတိ။ ဉတ္တိယာ ဒုက္ကဋံ၊ ဒွီဟိ ကမ္မဝါစာဟိ ထုလ္လစ္စယာ၊ ကမ္မဝါစာပရိယောသာနေ အာပတ္တိ သံဃာဒိသေသဿ။</p>
<p class=""bodytext"">‘‘သံသဋ္ဌာဝ, အယျေ, တုမှေ ဝိဟရထ, မာ တုမှေ နာနာ ဝိဟရိတ္ထာ’’တိ ဥယျောဇေန္တီ ယာဝတတိယံ သမနုဘာသနာယ န ပဋိနိဿဇ္ဇနပစ္စယာ တိဿော အာပတ္တိယော အာပဇ္ဇတိ။ ဉတ္တိယာ ဒုက္ကဋံ၊ ဒွီဟိ ကမ္မဝါစာဟိ ထုလ္လစ္စယာ၊ ကမ္မဝါစာပရိယောသာနေ အာပတ္တိ သံဃာဒိသေသဿ။</p>
<p class=""bodytext"">ဒသ သံဃာဒိသေသာ နိဋ္ဌိတာ…ပေ…။</p>
<p class=""bodytext"">(ယထာ ဟေဋ္ဌာ တထာ ဝိတ္ထာရေတဗ္ဗာ ပစ္စယမေဝ နာနာကရဏံ)</p>
<p class=""bodytext"">ဒဓိံ <a name=""T0.0219""></a><a name=""V0.0170""></a> ဝိညာပေတွာ ဘုဉ္ဇနပစ္စယာ ကတိ အာပတ္တိယော အာပဇ္ဇတိ? ဒဓိံ ဝိညာပေတွာ ဘုဉ္ဇနပစ္စယာ ဒွေ အာပတ္တိယော အာပဇ္ဇတိ။ ဘုဉ္ဇိဿာမီတိ ပဋိဂ္ဂဏှာတိ, အာပတ္တိ ဒုက္ကဋဿ၊ အဇ္ဈောဟာရေ အဇ္ဈောဟာရေ အာပတ္တိ ပါဋိဒေသနီယဿ – ဒဓိံ ဝိညာပေတွာ ဘုဉ္ဇနပစ္စယာ ဣမာ ဒွေ အာပတ္တိယော အာပဇ္ဇတိ။</p>
<p class=""centered"">ကတာပတ္တိဝါရော နိဋ္ဌိတော ဒုတိယော။</p>
",
2023,mula_vi_05,153,"<p class=""subhead"">၃။ ဝိပတ္တိဝါရော</p>
<p class=""bodytext""><a name=""para251""></a><a name=""para251_vin5""></a><span class=""paranum"">၂၅၁</span>။ ကာယသံသဂ္ဂံ <a name=""M0.0153""></a><a name=""V0.0171""></a> သာဒိယနပစ္စယာ အာပတ္တိယော စတုန္နံ ဝိပတ္တီနံ ကတိ ဝိပတ္တိယော ဘဇန္တိ? ကာယသံသဂ္ဂံ သာဒိယနပစ္စယာ အာပတ္တိယော စတုန္နံ ဝိပတ္တီနံ ဒွေ ဝိပတ္တိယော ဘဇန္တိ – သိယာ သီလဝိပတ္တိံ, သိယာ အာစာရဝိပတ္တိံ…ပေ… ဒဓိံ ဝိညာပေတွာ ဘုဉ္ဇနပစ္စယာ အာပတ္တိယော စတုန္နံ ဝိပတ္တီနံ ကတိ ဝိပတ္တိယော ဘဇန္တိ? ဒဓိံ ဝိညာပေတွာ ဘုဉ္ဇနပစ္စယာ အာပတ္တိယော စတုန္နံ ဝိပတ္တီနံ ဧကံ ဝိပတ္တိံ ဘဇန္တိ – အာစာရဝိပတ္တိံ။</p>
<p class=""centered"">ဝိပတ္တိဝါရော နိဋ္ဌိတော တတိယော။</p>
<p class=""subhead"">၄။ သင်္ဂဟဝါရော</p>
<p class=""bodytext""><a name=""para252""></a><a name=""para252_vin5""></a><span class=""paranum"">၂၅၂</span>။ ကာယသံသဂ္ဂံ <a name=""V0.0172""></a> သာဒိယနပစ္စယာ အာပတ္တိယော သတ္တန္နံ အာပတ္တိက္ခန္ဓာနံ <a name=""P5.0085""></a> ကတိဟိ အာပတ္တိက္ခန္ဓေဟိ သင်္ဂဟိတာ? ကာယသံသဂ္ဂံ သာဒိယနပစ္စယာ အာပတ္တိယော သတ္တန္နံ အာပတ္တိက္ခန္ဓာနံ ပဉ္စဟိ အာပတ္တိက္ခန္ဓေဟိ သင်္ဂဟိတာ – သိယာ ပါရာဇိကာပတ္တိက္ခန္ဓေန, သိယာ သံဃာဒိသေသာပတ္တိက္ခန္ဓေန, သိယာ ထုလ္လစ္စယာပတ္တိက္ခန္ဓေန, သိယာ ပါစိတ္တိယာပတ္တိက္ခန္ဓေန, သိယာ ဒုက္ကဋာပတ္တိက္ခန္ဓေန…ပေ…။</p>
<p class=""bodytext"">ဒဓိံ ဝိညာပေတွာ <a name=""T0.0220""></a> ဘုဉ္ဇနပစ္စယာ အာပတ္တိယော သတ္တန္နံ အာပတ္တိက္ခန္ဓာနံ ကတိဟိ အာပတ္တိက္ခန္ဓေဟိ သင်္ဂဟိတာ? ဒဓိံ ဝိညာပေတွာ ဘုဉ္ဇနပစ္စယာ အာပတ္တိယော သတ္တန္နံ အာပတ္တိက္ခန္ဓာနံ ဒွီဟိ အာပတ္တိက္ခန္ဓေဟိ သင်္ဂဟိတာ – သိယာ ပါဋိဒေသနီယာပတ္တိက္ခန္ဓေန, သိယာ ဒုက္ကဋာပတ္တိက္ခန္ဓေန။</p>
<p class=""centered"">သင်္ဂဟဝါရော နိဋ္ဌိတော စတုတ္ထော။</p>
<p class=""subhead"">၅။ သမုဋ္ဌာနဝါရော</p>
<p class=""bodytext""><a name=""para253""></a><a name=""para253_vin5""></a><span class=""paranum"">၂၅၃</span>။ ကာယသံသဂ္ဂံ <a name=""V0.0173""></a> သာဒိယနပစ္စယာ အာပတ္တိယော ဆန္နံ အာပတ္တိသမုဋ္ဌာနာနံ ကတိဟိ သမုဋ္ဌာနေဟိ သမုဋ္ဌန္တိ? ကာယသံသဂ္ဂံ သာဒိယနပစ္စယာ အာပတ္တိယော ဆန္နံ အာပတ္တိသမုဋ္ဌာနာနံ ဧကေန သမုဋ္ဌာနေန သမုဋ္ဌန္တိ – ကာယတော စ စိတ္တတော စ သမုဋ္ဌန္တိ, န ဝါစတော…ပေ…။</p>
",-251-252-253-
2024,mula_vi_05,154,"<p class=""bodytext"">ဒဓိံ <a name=""M0.0154""></a> ဝိညာပေတွာ ဘုဉ္ဇနပစ္စယာ အာပတ္တိယော ဆန္နံ အာပတ္တိသမုဋ္ဌာနာနံ ကတိဟိ သမုဋ္ဌာနေဟိ သမုဋ္ဌန္တိ? ဒဓိံ ဝိညာပေတွာ ဘုဉ္ဇနပစ္စယာ အာပတ္တိယော ဆန္နံ အာပတ္တိသမုဋ္ဌာနာနံ စတူဟိ သမုဋ္ဌာနေဟိ သမုဋ္ဌန္တိ – သိယာ ကာယတော သမုဋ္ဌန္တိ, န ဝါစတော န စိတ္တတော၊ သိယာ ကာယတော စ ဝါစတော စ သမုဋ္ဌန္တိ, န စိတ္တတော၊ သိယာ ကာယတော စ စိတ္တတော စ သမုဋ္ဌန္တိ, န ဝါစတော၊ သိယာ ကာယတော စ ဝါစတော စ စိတ္တတော စ သမုဋ္ဌန္တိ။</p>
<p class=""centered"">သမုဋ္ဌာနဝါရော နိဋ္ဌိတော ပဉ္စမော။</p>
<p class=""subhead"">၆။ အဓိကရဏဝါရော</p>
<p class=""bodytext""><a name=""para254""></a><a name=""para254_vin5""></a><span class=""paranum"">၂၅၄</span>။ ကာယသံသဂ္ဂံ <a name=""V0.0174""></a> သာဒိယနပစ္စယာ အာပတ္တိယော စတုန္နံ အဓိကရဏာနံ ကတမံ အဓိကရဏံ? ကာယသံသဂ္ဂံ သာဒိယနပစ္စယာ အာပတ္တိယော စတုန္နံ <a name=""T0.0221""></a> အဓိကရဏာနံ, အာပတ္တာဓိကရဏံ…ပေ…။</p>
<p class=""bodytext"">ဒဓိံ ဝိညာပေတွာ ဘုဉ္ဇနပစ္စယာ အာပတ္တိယော စတုန္နံ အဓိကရဏာနံ ကတမံ အဓိကရဏံ? ဒဓိံ ဝိညာပေတွာ ဘုဉ္ဇနပစ္စယာ အာပတ္တိယော စတုန္နံ အဓိကရဏာနံ – အာပတ္တာဓိကရဏံ။</p>
<p class=""centered"">အဓိကရဏဝါရော နိဋ္ဌိတော ဆဋ္ဌော။</p>
<p class=""subhead"">၇။ သမထဝါရော</p>
<p class=""bodytext""><a name=""para255""></a><a name=""para255_vin5""></a><span class=""paranum"">၂၅၅</span>။ ကာယသံသဂ္ဂံ <a name=""V0.0175""></a> သာဒိယနပစ္စယာ အာပတ္တိယော သတ္တန္နံ သမထာနံ ကတိဟိ သမထေဟိ သမ္မန္တိ? ကာယသံသဂ္ဂံ သာဒိယနပစ္စယာ အာပတ္တိယော သတ္တန္နံ သမထာနံ တီဟိ သမထေဟိ သမ္မန္တိ – သိယာ သမ္မုခါဝိနယေန စ ပဋိညာတကရဏေန စ, သိယာ သမ္မုခါဝိနယေန စ တိဏဝတ္ထာရကေန စ…ပေ…။</p>
<p class=""bodytext"">ဒဓိံ ဝိညာပေတွာ ဘုဉ္ဇနပစ္စယာ အာပတ္တိယော သတ္တန္နံ သမထာနံ ကတိဟိ သမထေဟိ သမ္မန္တိ? ဒဓိံ ဝိညာပေတွာ ဘုဉ္ဇနပစ္စယာ အာပတ္တိယော သတ္တန္နံ သမထာနံ တီဟိ သမထေဟိ သမ္မန္တိ – သိယာ သမ္မုခါဝိနယေန စ ပဋိညာတကရဏေန စ, သိယာ သမ္မုခါဝိနယေန စ တိဏဝတ္ထာရကေန စ။</p>
<p class=""centered"">သမထဝါရော နိဋ္ဌိတော သတ္တမော။</p>
",-254-255-
2025,mula_vi_05,155,"<p class=""subhead"">၈။ သမုစ္စယဝါရော</p>
<p class=""bodytext""><a name=""para256""></a><a name=""para256_vin5""></a><span class=""paranum"">၂၅၆</span>။ ကာယသံသဂ္ဂံ <a name=""M0.0155""></a><a name=""V0.0176""></a> သာဒိယနပစ္စယာ ကတိ အာပတ္တိယော အာပဇ္ဇတိ? ကာယသံသဂ္ဂံ သာဒိယနပစ္စယာ ပဉ္စ အာပတ္တိယော အာပဇ္ဇတိ။ အဝဿုတာ ဘိက္ခုနီ အဝဿုတဿ ပုရိသပုဂ္ဂလဿ အဓက္ခကံ ဥဗ္ဘဇာဏုမဏ္ဍလံ ဂဟဏံ သာဒိယတိ, အာပတ္တိ ပါရာဇိကဿ၊ ဘိက္ခု ကာယေန ကာယံ အာမသတိ, အာပတ္တိ သံဃာဒိသေသဿ၊ ကာယေန ကာယပဋိဗဒ္ဓံ အာမသတိ, အာပတ္တိ ထုလ္လစ္စယဿ<a name=""T0.0222""></a>၊ ကာယပဋိဗဒ္ဓေန ကာယပဋိဗဒ္ဓံ အာမသတိ, အာပတ္တိ ဒုက္ကဋဿ၊ အင်္ဂုလိပတောဒကေ ပါစိတ္တိယံ – ကာယသံသဂ္ဂံ သာဒိယနပစ္စယာ ဣမာ ပဉ္စ အာပတ္တိယော အာပဇ္ဇတိ။</p>
<p class=""bodytext"">တာ <a name=""V0.0177""></a> အာပတ္တိယော စတုန္နံ ဝိပတ္တီနံ ကတိ ဝိပတ္တိယော ဘဇန္တိ? သတ္တန္နံ အာပတ္တိက္ခန္ဓာနံ ကတိဟိ အာပတ္တိက္ခန္ဓေဟိ သင်္ဂဟိတာ? ဆန္နံ အာပတ္တိသမုဋ္ဌာနာနံ ကတိဟိ သမုဋ္ဌာနေဟိ သမုဋ္ဌန္တိ? စတုန္နံ အဓိကရဏာနံ ကတမံ အဓိကရဏံ? သတ္တန္နံ သမထာနံ ကတိဟိ သမထေဟိ သမ္မန္တိ? တာ အာပတ္တိယော စတုန္နံ ဝိပတ္တီနံ ဒွေ ဝိပတ္တိယော ဘဇန္တိ – သိယာ သီလဝိပတ္တိံ, သိယာ အာစာရဝိပတ္တိံ။ သတ္တန္နံ အာပတ္တိက္ခန္ဓာနံ ပဉ္စဟိ အာပတ္တိက္ခန္ဓေဟိ သင်္ဂဟိတာ – သိယာ ပါရာဇိကာပတ္တိက္ခန္ဓေန, သိယာ သံဃာဒိသေသာပတ္တိက္ခန္ဓေန, သိယာ ထုလ္လစ္စယာပတ္တိက္ခန္ဓေန, သိယာ ပါစိတ္တိယာပတ္တိက္ခန္ဓေန, သိယာ ဒုက္ကဋာပတ္တိက္ခန္ဓေန။ ဆန္နံ အာပတ္တိသမုဋ္ဌာနာနံ ဧကေန သမုဋ္ဌာနေန သမုဋ္ဌန္တိ – ကာယတော စ စိတ္တတော စ သမုဋ္ဌန္တိ, န ဝါစတော။ စတုန္နံ အဓိကရဏာနံ အာပတ္တာဓိကရဏံ။ သတ္တန္နံ သမထာနံ တီဟိ သမထေဟိ သမ္မန္တိ – သိယာ သမ္မုခါဝိနယေန စ ပဋိညာတကရဏေန စ, သိယာ သမ္မုခါဝိနယေန စ တိဏဝတ္ထာရကေန စ…ပေ…။</p>
<p class=""bodytext"">ဒဓိံ ဝိညာပေတွာ ဘုဉ္ဇနပစ္စယာ ကတိ အာပတ္တိယော အာပဇ္ဇတိ? ဒဓိံ ဝိညာပေတွာ ဘုဉ္ဇနပစ္စယာ ဒွေ အာပတ္တိယော အာပဇ္ဇတိ။ ဘုဉ္ဇိဿာမီတိ ပဋိဂ္ဂဏှာတိ, အာပတ္တိ ဒုက္ကဋဿ၊ အဇ္ဈောဟာရေ <a name=""T0.0223""></a> အဇ္ဈောဟာရေ အာပတ္တိ ပါဋိဒေသနီယဿ – ဒဓိံ ဝိညာပေတွာ ဘုဉ္ဇနပစ္စယာ ဣမာ ဒွေ အာပတ္တိယော အာပဇ္ဇတိ။</p>
<p class=""bodytext"">တာ အာပတ္တိယော စတုန္နံ ဝိပတ္တီနံ ကတိ ဝိပတ္တိယော ဘဇန္တိ? သတ္တန္နံ အာပတ္တိက္ခန္ဓာနံ ကတိဟိ အာပတ္တိက္ခန္ဓေဟိ သင်္ဂဟိတာ? ဆန္နံ အာပတ္တိသမုဋ္ဌာနာနံ ကတိဟိ သမုဋ္ဌာနေဟိ သမုဋ္ဌန္တိ? စတုန္နံ အဓိကရဏာနံ ကတမံ</p>
",-256-
2026,mula_vi_05,156,"<p class=""noindentbodytext""> အဓိကရဏံ<a name=""M0.0156""></a>? သတ္တန္နံ သမထာနံ ကတိဟိ သမထေဟိ သမ္မန္တိ? တာ အာပတ္တိယော စတုန္နံ ဝိပတ္တီနံ ဧကံ ဝိပတ္တိံ ဘဇန္တိ – အာစာရဝိပတ္တိံ။ သတ္တန္နံ အာပတ္တိက္ခန္ဓာနံ ဒွီဟိ အာပတ္တိက္ခန္ဓေဟိ သင်္ဂဟိတာ – သိယာ ပါဋိဒေသနီယာပတ္တိက္ခန္ဓေန, သိယာ ဒုက္ကဋာပတ္တိက္ခန္ဓေန။ ဆန္နံ အာပတ္တိသမုဋ္ဌာနာနံ စတူဟိ သမုဋ္ဌာနေဟိ သမုဋ္ဌန္တိ – သိယာ ကာယတော သမုဋ္ဌန္တိ, န ဝါစတော န စိတ္တတော၊ သိယာ ကာယတော စ ဝါစတော စ သမုဋ္ဌန္တိ, န စိတ္တတော၊ သိယာ ကာယတော စ စိတ္တတော စ သမုဋ္ဌန္တိ န ဝါစတော၊ သိယာ ကာယတော စ ဝါစတော စ စိတ္တတော စ သမုဋ္ဌန္တိ။ စတုန္နံ အဓိကရဏာနံ, အာပတ္တာဓိကရဏံ။ သတ္တန္နံ သမထာနံ တီဟိ သမထေဟိ သမ္မန္တိ – သိယာ သမ္မုခါဝိနယေန စ ပဋိညာတကရဏေန စ, သိယာ သမ္မုခါဝိနယေန စ တိဏဝတ္ထာရကေန စာတိ။</p>
<p class=""centered"">သမုစ္စယဝါရော နိဋ္ဌိတော အဋ္ဌမော။ <span class=""note"">[ဣမဿာနန္တရံ ပေါရာဏသီဟဠပေါတ္ထကေ ဧဝမ္ပိ§ဒိဿတိ –§‘‘တေသမုဒ္ဒါနံ –§ကတိဝါရော စ ဝိပတ္တိဝါရော စ, သင်္ဂဟဝါရော စ သမုဋ္ဌာနဝါရော။ အဓိကရဏဝါရော စ သမထဝါရော စ, သမုစ္စယဝါရော စ ဣမေ သတ္တ ဝါရာ။ အာဒိတော ပညတ္တိဝါရေန သဟ အဋ္ဌဝါရာတိ’’ဣတိ။]</span></p>
<p class=""centered"">အဋ္ဌ ပစ္စယဝါရာ နိဋ္ဌိတာ။</p>
<p class=""centered"">ဘိက္ခုနီဝိဘင်္ဂေ သောဠသ မဟာဝါရာ နိဋ္ဌိတာ။</p>
",
2027,mula_vi_05,157,"<a name=""vin5_2""></a><p class=""chapter"">သမုဋ္ဌာနသီသသင်္ခေပေါ</p>
<p class=""subhead"">သမုဋ္ဌာနဿုဒ္ဒါနံ</p>
<p class=""hangnum""><a name=""para257""></a><a name=""para257_vin5""></a><span class=""paranum"">၂၅၇</span>။</p>
<p class=""gatha1""> အနိစ္စာ <a name=""T0.0224""></a><a name=""P5.0086""></a><a name=""M0.0157""></a><a name=""V0.0178""></a> သဗ္ဗေ သင်္ခါရာ, ဒုက္ခာနတ္တာ စ သင်္ခတာ၊</p>
<p class=""gathalast"">နိဗ္ဗာနဉ္စေဝ ပညတ္တိ, အနတ္တာ ဣတိ နိစ္ဆယာ။</p>
<p class=""gatha1"">ဗုဒ္ဓစန္ဒေ အနုပ္ပန္နေ, ဗုဒ္ဓါဒိစ္စေ အနုဂ္ဂတေ၊</p>
<p class=""gathalast"">တေသံ သဘာဂဓမ္မာနံ, နာမမတ္တံ န နာယတိ။</p>
<p class=""gatha1"">ဒုက္ကရံ ဝိဝိဓံ ကတွာ, ပူရယိတွာန ပါရမီ၊</p>
<p class=""gathalast"">ဥပ္ပဇ္ဇန္တိ မဟာဝီရာ, စက္ခုဘူတာ သဗြဟ္မကေ။</p>
<p class=""gatha1"">တေ ဒေသယန္တိ သဒ္ဓမ္မံ, ဒုက္ခဟာနိံ သုခါဝဟံ၊</p>
<p class=""gathalast"">အင်္ဂီရသော သကျမုနိ, သဗ္ဗဘူတာနုကမ္ပကော။</p>
<p class=""gatha1"">သဗ္ဗသတ္တုတ္တမော သီဟော, ပိဋကေ တီဏိ ဒေသယိ၊</p>
<p class=""gathalast"">သုတ္တန္တမဘိဓမ္မဉ္စ, ဝိနယဉ္စ မဟာဂုဏံ။</p>
<p class=""gatha1"">ဧဝံ နီယတိ သဒ္ဓမ္မော, ဝိနယော ယဒိ တိဋ္ဌတိ၊</p>
<p class=""gathalast"">ဥဘတော စ ဝိဘင်္ဂါနိ, ခန္ဓကာ ယာ စ မာတိကာ။</p>
<p class=""gatha1"">မာလာ သုတ္တဂုဏေနေဝ, ပရိဝါရေန ဂန္ထိတာ၊</p>
<p class=""gathalast"">တဿေဝ ပရိဝါရဿ, သမုဋ္ဌာနံ နိယတော ကတံ။</p>
<p class=""gatha1"">သမ္ဘေဒံ <a name=""V0.0179""></a> နိဒါနံ စညံ, သုတ္တေ ဒိဿန္တိ ဥပရိ၊</p>
<p class=""gathalast"">တသ္မာ သိက္ခေ ပရိဝါရံ, ဓမ္မကာမော သုပေသလောတိ။</p>
<p class=""subhead"">တေရသသမုဋ္ဌာနံ</p>
<p class=""gatha1"">ဝိဘင်္ဂေ ဒွီသု ပညတ္တံ, ဥဒ္ဒိသန္တိ ဥပေါသထေ၊</p>
<p class=""gathalast"">ပဝက္ခာမိ သမုဋ္ဌာနံ, ယထာဉာယံ သုဏာထ မေ။</p>
<p class=""gatha1"">ပါရာဇိကံ <a name=""T0.0225""></a> ယံ ပဌမံ, ဒုတိယဉ္စ တတော ပရံ၊</p>
<p class=""gathalast"">သဉ္စရိတ္တာနုဘာသနဉ္စ, အတိရေကဉ္စ စီဝရံ။</p>
<p class=""gatha1"">လောမာနိ ပဒသောဓမ္မော, ဘူတံ သံဝိဓာနေန စ၊</p>
<p class=""gathalast"">ထေယျဒေသနစောရီ စ, အနနုညာတာယ တေရသ။</p>
<p class=""gatha1"">တေရသေတေ သမုဋ္ဌာန နယာ, ဝိညူဟိ စိန္တိတာ။</p>
<p class=""gathalast"">ဧကေကသ္မိံ သမုဋ္ဌာနေ, သဒိသာ ဣဓ ဒိဿရေ။</p>
",-257-
2028,mula_vi_05,158,"<p class=""subhead"">၁။ ပဌမပါရာဇိကသမုဋ္ဌာနံ</p>
<p class=""hangnum""><a name=""para258""></a><a name=""para258_vin5""></a><span class=""paranum"">၂၅၈</span>။</p>
<p class=""gatha1""> မေထုနံ <a name=""M0.0158""></a> သုက္ကသံသဂ္ဂေါ, အနိယတာ ပဌမိကာ၊</p>
<p class=""gathalast"">ပုဗ္ဗူပပရိပါစိတာ, ရဟော ဘိက္ခုနိယာ သဟ။</p>
<p class=""gatha1"">သဘောဇနေ ရဟော ဒွေ စ, အင်္ဂုလိ ဥဒကေ ဟသံ၊</p>
<p class=""gathalast"">ပဟာရေ <a name=""P5.0087""></a> ဥဂ္ဂိရေ စေဝ, တေပညာသာ စ သေခိယာ။</p>
<p class=""gatha1"">အဓက္ခဂါမာဝဿုတာ, တလမဋ္ဌဉ္စ သုဒ္ဓိကာ၊</p>
<p class=""gathalast"">ဝဿံဝုဋ္ဌာ စ ဩဝါဒံ, နာနုဗန္ဓေ ပဝတ္တိနိံ။</p>
<p class=""gatha1"">ဆသတ္တတိ ဣမေ သိက္ခာ, ကာယမာနသိကာ ကတာ၊</p>
<p class=""gatha1"">သဗ္ဗေ ဧကသမုဋ္ဌာနာ, ပဌမံ ပါရာဇိကံ ယထာ။</p>
<p class=""centered"">ပဌမပါရာဇိကသမုဋ္ဌာနံ နိဋ္ဌိတံ။</p>
<p class=""subhead"">၂။ ဒုတိယပါရာဇိကသမုဋ္ဌာနံ</p>
<p class=""hangnum""><a name=""para259""></a><a name=""para259_vin5""></a><span class=""paranum"">၂၅၉</span>။</p>
<p class=""gatha1""> အဒိန္နံ <a name=""V0.0180""></a> ဝိဂ္ဂဟုတ္တရိ, ဒုဋ္ဌုလ္လာ အတ္တကာမိနံ၊</p>
<p class=""gathalast"">အမူလာ အညဘာဂိယာ, အနိယတာ ဒုတိယိကာ။</p>
<p class=""gatha1"">အစ္ဆိန္ဒေ ပရိဏာမနေ, မုသာ ဩမသပေသုဏာ၊</p>
<p class=""gathalast"">ဒုဋ္ဌုလ္လာ ပထဝီခဏေ, ဘူတံ အညာယ ဥဇ္ဈာပေ။</p>
<p class=""gatha1"">နိက္ကဍ္ဎနံ <a name=""T0.0226""></a> သိဉ္စနဉ္စ, အာမိသဟေတု ဘုတ္တာဝီ၊</p>
<p class=""gathalast"">ဧဟိ အနာဒရိ ဘိံသာ, အပနိဓေ စ ဇီဝိတံ။</p>
<p class=""gatha1"">ဇာနံ သပ္ပါဏကံ ကမ္မံ, ဦနသံဝါသနာသနာ၊</p>
<p class=""gathalast"">သဟဓမ္မိကဝိလေခါ, မောဟော အမူလကေန စ။</p>
<p class=""gatha1"">ကုက္ကုစ္စံ ဓမ္မိကံ စီဝရံ, ဒတွာ <span class=""note"">[ကုက္ကုစ္စံ ဓမ္မိကံ စီဝရံ (သီ။), ကုက္ကုစ္စံ ဓမ္မိကံ ဒတွာ (သျာ။)]</span> ပရိဏာမေယျ ပုဂ္ဂလေ၊</p>
<p class=""gathalast"">ကိံ တေ အကာလံ အစ္ဆိန္ဒေ, ဒုဂ္ဂဟီ နိရယေန စ။</p>
<p class=""gatha1"">ဂဏံ ဝိဘင်္ဂံ ဒုဗ္ဗလံ, ကထိနာဖာသုပဿယံ၊</p>
<p class=""gathalast"">အက္ကောသစဏ္ဍီ မစ္ဆရီ, ဂဗ္ဘိနီ စ ပါယန္တိယာ။</p>
",-258-259-
2029,mula_vi_05,159,"<p class=""gatha1"">ဒွေဝဿံ <a name=""M0.0159""></a> သိက္ခာ သံဃေန, တယော စေဝ ဂိဟီဂတာ၊</p>
<p class=""gathalast"">ကုမာရိဘူတာ တိဿော စ, ဦနဒွါဒသသမ္မတာ။</p>
<p class=""gatha1"">အလံ တာဝ သောကာဝါသံ, ဆန္ဒာ အနုဝဿာ စ ဒွေ၊</p>
<p class=""gathalast"">သိက္ခာပဒါ သတ္တတိမေ, သမုဋ္ဌာနာ တိကာ ကတာ။</p>
<p class=""gatha1"">ကာယစိတ္တေန န ဝါစာ, ဝါစာစိတ္တံ န ကာယိကံ၊</p>
<p class=""gathalast"">တီဟိ ဒွါရေဟိ ဇာယန္တိ, ပါရာဇိကံ ဒုတိယံ ယထာ။</p>
<p class=""centered"">ဒုတိယပါရာဇိကသမုဋ္ဌာနံ နိဋ္ဌိတံ။</p>
<p class=""subhead"">၃။ သဉ္စရိတ္တသမုဋ္ဌာနံ</p>
<p class=""hangnum""><a name=""para260""></a><a name=""para260_vin5""></a><span class=""paranum"">၂၆၀</span>။</p>
<p class=""gatha1""> သဉ္စရီ <a name=""V0.0181""></a> ကုဋိ ဝိဟာရော, ဓောဝနဉ္စ ပဋိဂ္ဂဟော၊</p>
<p class=""gathalast"">ဝိညတ္တုတ္တရိ အဘိဟဋ္ဌုံ, ဥဘိန္နံ ဒူတကေန စ။</p>
<p class=""gatha1"">ကောသိယာ သုဒ္ဓဒွေဘာဂါ, ဆဗ္ဗဿာနိ နိသီဒနံ၊</p>
<p class=""gathalast"">ရိဉ္စန္တိ ရူပိကာ စေဝ, ဥဘော နာနပ္ပကာရကာ။</p>
<p class=""gatha1"">ဦနဗန္ဓနဝဿိကာ, သုတ္တံ ဝိကပ္ပနေန စ၊</p>
<p class=""gathalast"">ဒွါရဒါနသိဗ္ဗာနိ <a name=""T0.0227""></a> <span class=""note"">[ဒွါရဒါနသိဗ္ဗိနီ (သီ။ သျာ။)]</span> စ, ပူဝပစ္စယဇောတိ စ။</p>
<p class=""gatha1"">ရတနံ သူစိ မဉ္စော စ, တူလံ နိသီဒနကဏ္ဍု စ၊</p>
<p class=""gathalast"">ဝဿိကာ စ သုဂတေန, ဝိညတ္တိ အညံ စေတာပနာ။</p>
<p class=""gatha1"">ဒွေ သံဃိကာ မဟာဇနိကာ, ဒွေ ပုဂ္ဂလလဟုကာ ဂရု၊</p>
<p class=""gathalast"">ဒွေ ဝိဃာသာ သာဋိကာ စ, သမဏစီဝရေန စ။</p>
<p class=""gatha1"">သမပညာသိမေ ဓမ္မာ, ဆဟိ ဌာနေဟိ ဇာယရေ၊</p>
<p class=""gathalast"">ကာယတော န ဝါစာစိတ္တာ, ဝါစတော န ကာယမနာ။</p>
<p class=""gatha1"">ကာယဝါစာ န စ စိတ္တာ <span class=""note"">[န စိတ္တတော (သီ။ သျာ။)]</span>, ကာယစိတ္တာ န ဝါစိကာ <span class=""note"">[န ဝါစတော (သီ။ သျာ။)]</span>၊</p>
<p class=""gathalast"">ဝါစာစိတ္တာ <a name=""P5.0088""></a> န ကာယေန, တီဟိ ဒွါရေဟိ <span class=""note"">[တီဟိ ဌာနေဟိ (သျာ။)]</span> ဇာယရေ။</p>
<p class=""gathalast"">ဆသမုဋ္ဌာနိကာ ဧတေ, သဉ္စရိတ္တေန သာဒိသာ။</p>
<p class=""centered"">သဉ္စရိတ္တသမုဋ္ဌာနံ နိဋ္ဌိတံ။</p>
",-260-
2030,mula_vi_05,160,"<p class=""subhead"">၄။ သမနုဘာသနာသမုဋ္ဌာနံ</p>
<p class=""hangnum""><a name=""para261""></a><a name=""para261_vin5""></a><span class=""paranum"">၂၆၁</span>။</p>
<p class=""gatha1""> ဘေဒါနုဝတ္တဒုဗ္ဗစ<a name=""M0.0160""></a><a name=""V0.0182""></a>, ဒူသဒုဋ္ဌုလ္လဒိဋ္ဌိ စ၊</p>
<p class=""gathalast"">ဆန္ဒံ ဥဇ္ဇဂ္ဃိကာ ဒွေ စ, ဒွေ စ သဒ္ဒါ န ဗျာဟရေ။</p>
<p class=""gatha1"">ဆမာ နီစာသနေ ဌာနံ, ပစ္ဆတော ဥပ္ပထေန စ၊</p>
<p class=""gathalast"">ဝဇ္ဇာနုဝတ္တိဂဟဏာ, ဩသာရေ ပစ္စာစိက္ခနာ။</p>
<p class=""gatha1"">ကိသ္မိံ သံသဋ္ဌာ ဒွေ ဝဓိ, ဝိသိဗ္ဗေ ဒုက္ခိတာယ စ၊</p>
<p class=""gathalast"">ပုန သံသဋ္ဌာ န ဝူပသမေ, အာရာမဉ္စ ပဝါရဏာ။</p>
<p class=""gatha1"">အနွဒ္ဓံ <span class=""note"">[အနွဒ္ဓမာသံ (သီ။ သျာ။)]</span> သဟ ဇီဝိနိံ, ဒွေ စီဝရံ အနုဗန္ဓနာ၊</p>
<p class=""gathalast"">သတ္တတိံသ <a name=""T0.0228""></a> ဣမေ ဓမ္မာ, ကာယဝါစာယ စိတ္တတော။</p>
<p class=""gathalast"">သဗ္ဗေ ဧကသမုဋ္ဌာနာ, သမနုဘာသနာ ယထာ။</p>
<p class=""centered"">သမနုဘာသနာသမုဋ္ဌာနံ နိဋ္ဌိတံ။</p>
<p class=""subhead"">၅။ ကထိနသမုဋ္ဌာနံ</p>
<p class=""hangnum""><a name=""para262""></a><a name=""para262_vin5""></a><span class=""paranum"">၂၆၂</span>။</p>
<p class=""gatha1""> ဥဗ္ဘတံ ကထိနံ တီဏိ, ပဌမံ ပတ္တဘေသဇ္ဇံ၊</p>
<p class=""gathalast"">အစ္စေကံ စာပိ သာသင်္ကံ, ပက္ကမန္တေန ဝါ ဒုဝေ။</p>
<p class=""gatha1"">ဥပဿယံ ပရမ္ပရာ, အနတိရိတ္တံ နိမန္တနာ၊</p>
<p class=""gathalast"">ဝိကပ္ပံ ရညော ဝိကာလေ, ဝေါသာသာရညကေန စ။</p>
<p class=""gatha1"">ဥဿယာသန္နိစယဉ္စ, ပုရေ ပစ္ဆာ ဝိကာလေ စ၊</p>
<p class=""gathalast"">ပဉ္စာဟိကာ သင်္ကမနီ, ဒွေပိ အာဝသထေန စ။</p>
<p class=""gatha1"">ပသာခေ <a name=""V0.0183""></a> အာသနေ စေဝ, တိံသ ဧကူနကာ ဣမေ၊</p>
<p class=""gathalast"">ကာယဝါစာ န စ စိတ္တာ <span class=""note"">[န စိတ္တတော (သျာ။)]</span>, တီဟိ ဒွါရေဟိ ဇာယရေ။</p>
<p class=""gathalast"">ဒွိသမုဋ္ဌာနိကာ သဗ္ဗေ, ကထိနေန သဟာသမာ။</p>
<p class=""centered"">ကထိနသမုဋ္ဌာနံ နိဋ္ဌိတံ။</p>
",-261-262-
2031,mula_vi_05,161,"<p class=""subhead"">၆။ ဧဠကလောမသမုဋ္ဌာနံ</p>
<p class=""hangnum""><a name=""para263""></a><a name=""para263_vin5""></a><span class=""paranum"">၂၆၃</span>။</p>
<p class=""gatha1""> ဧဠကလောမာ <a name=""M0.0161""></a> ဒွေ သေယျာ, အာဟစ္စ ပိဏ္ဍဘောဇနံ၊</p>
<p class=""gathalast"">ဂဏဝိကာလသန္နိဓိ, ဒန္တပေါနေန စေလကာ။</p>
<p class=""gatha1"">ဥယျုတ္တံ သေနံ <span class=""note"">[ဥယျုတ္တံ ဝသေ (သျာ။)]</span> ဥယျောဓိ, သုရာ ဩရေန နှာယနာ၊</p>
<p class=""gathalast"">ဒုဗ္ဗဏ္ဏေ ဒွေ ဒေသနိကာ, လသုဏုပတိဋ္ဌေ နစ္စနာ။</p>
<p class=""gatha1"">နှာနမတ္ထရဏံ သေယျာ, အန္တောရဋ္ဌေ တထာ ဗဟိ၊</p>
<p class=""gathalast"">အန္တောဝဿံ <a name=""T0.0229""></a> စိတ္တာဂါရံ, အာသန္ဒိ သုတ္တကန္တနာ။</p>
<p class=""gatha1"">ဝေယျာဝစ္စံ သဟတ္ထာ စ, အဘိက္ခုကာဝါသေန စ၊</p>
<p class=""gathalast"">ဆတ္တံ ယာနဉ္စ သံဃာဏိံ, အလင်္ကာရံ ဂန္ဓဝါသိတံ။</p>
<p class=""gatha1"">ဘိက္ခုနီ သိက္ခမာနာ စ, သာမဏေရီ ဂိဟိနိယာ၊</p>
<p class=""gathalast"">အသံကစ္စိကာ အာပတ္တိ, စတ္တာရီသာ စတုတ္တရိ။</p>
<p class=""gatha1"">ကာယေန န ဝါစာစိတ္တေန, ကာယစိတ္တေန န ဝါစတော၊</p>
<p class=""gathalast"">ဒွိသမုဋ္ဌာနိကာ သဗ္ဗေ, သမာ ဧဠကလောမိကာတိ။</p>
<p class=""centered"">ဧဠကလောမသမုဋ္ဌာနံ နိဋ္ဌိတံ။</p>
<p class=""subhead"">၇။ ပဒသောဓမ္မသမုဋ္ဌာနံ</p>
<p class=""hangnum""><a name=""para264""></a><a name=""para264_vin5""></a><span class=""paranum"">၂၆၄</span>။</p>
<p class=""gatha1""> ပဒညတြ <a name=""V0.0184""></a> အသမ္မတာ, တထာ အတ္ထင်္ဂတေန စ၊</p>
<p class=""gathalast"">တိရစ္ဆာနဝိဇ္ဇာ <a name=""P5.0089""></a> ဒွေ ဝုတ္တာ, အနောကာသော <span class=""note"">[အနောကာသေ (သီ။ သျာ။)]</span> စ ပုစ္ဆနာ။</p>
<p class=""gatha1"">သတ္တ သိက္ခာပဒါ ဧတေ, ဝါစာ န ကာယစိတ္တတော <span class=""note"">[ကာယစိတ္တကာ (က။)]</span>၊</p>
<p class=""gathalast"">ဝါစာစိတ္တေန ဇာယန္တိ, န တု ကာယေန ဇာယရေ။</p>
<p class=""gathalast"">ဒွိသမုဋ္ဌာနိကာ သဗ္ဗေ, ပဒသောဓမ္မသဒိသာ။</p>
<p class=""centered"">ပဒသောဓမ္မသမုဋ္ဌာနံ နိဋ္ဌိတံ။</p>
",-263-264-
2032,mula_vi_05,162,"<p class=""subhead"">၈။ အဒ္ဓါနသမုဋ္ဌာနံ</p>
<p class=""hangnum""><a name=""para265""></a><a name=""para265_vin5""></a><span class=""paranum"">၂၆၅</span>။</p>
<p class=""gatha1""> အဒ္ဓါနနာဝံ <a name=""M0.0162""></a> ပဏီတံ, မာတုဂါမေန သံဟရေ၊</p>
<p class=""gathalast"">ဓညံ နိမန္တိတာ စေဝ, အဋ္ဌ စ ပါဋိဒေသနီ။</p>
<p class=""gatha1"">သိက္ခာ ပန္နရသ ဧတေ, ကာယာ န ဝါစာ န မနာ၊</p>
<p class=""gathalast"">ကာယဝါစာဟိ ဇာယန္တိ, န တေ စိတ္တေန ဇာယရေ။</p>
<p class=""gatha1"">ကာယစိတ္တေန ဇာယန္တိ, န တေ ဇာယန္တိ ဝါစတော၊</p>
<p class=""gathalast"">ကာယဝါစာဟိ စိတ္တေန, သမုဋ္ဌာနာ စတုဗ္ဗိဓာ။</p>
<p class=""gathalast"">ပညတ္တာ <a name=""T0.0230""></a> ဗုဒ္ဓဉာဏေန, အဒ္ဓါနေန သဟာ သမာ <span class=""note"">[သမာနယာ (သျာ။)]</span>။</p>
<p class=""centered"">အဒ္ဓါနသမုဋ္ဌာနံ နိဋ္ဌိတံ။</p>
<p class=""subhead"">၉။ ထေယျသတ္ထသမုဋ္ဌာနံ</p>
<p class=""hangnum""><a name=""para266""></a><a name=""para266_vin5""></a><span class=""paranum"">၂၆၆</span>။</p>
<p class=""gatha1""> ထေယျသတ္ထံ <a name=""V0.0185""></a> ဥပဿုတိ, သူပဝိညာပနေန စ၊</p>
<p class=""gathalast"">ရတ္တိဆန္နဉ္စ ဩကာသံ, ဧတေ ဗျူဟေန သတ္တမာ။</p>
<p class=""gatha1"">ကာယစိတ္တေန ဇာယန္တိ, န တေ ဇာယန္တိ ဝါစတော၊</p>
<p class=""gathalast"">တီဟိ ဒွါရေဟိ ဇာယန္တိ, ဒွိသမုဋ္ဌာနိကာ ဣမေ။</p>
<p class=""gathalast"">ထေယျသတ္ထသမုဋ္ဌာနာ, ဒေသိတာဒိစ္စဗန္ဓုနာ။</p>
<p class=""centered"">ထေယျသတ္ထသမုဋ္ဌာနံ နိဋ္ဌိတံ။</p>
<p class=""subhead"">၁၀။ ဓမ္မဒေသနာသမုဋ္ဌာနံ</p>
<p class=""hangnum""><a name=""para267""></a><a name=""para267_vin5""></a><span class=""paranum"">၂၆၇</span>။</p>
<p class=""gatha1""> ဆတ္တပါဏိဿ သဒ္ဓမ္မံ, န ဒေသေန္တိ တထာဂတာ၊</p>
<p class=""gathalast"">ဧဝမေဝ <span class=""note"">[တထေဝ (သီ။ သျာ။)]</span> ဒဏ္ဍပါဏိဿ, သတ္ထအာဝုဓပါဏိနံ။</p>
<p class=""gatha1"">ပါဒုကုပါဟနာ ယာနံ, သေယျပလ္လတ္ထိကာယ စ၊</p>
<p class=""gathalast"">ဝေဌိတောဂုဏ္ဌိတော စေဝ, ဧကာဒသမနူနကာ။</p>
<p class=""gatha1"">ဝါစာစိတ္တေန ဇာယန္တိ, န တေ ဇာယန္တိ ကာယတော၊</p>
<p class=""gathalast"">သဗ္ဗေ ဧကသမုဋ္ဌာနာ, သမကာ ဓမ္မဒေသနေ။</p>
<p class=""centered"">ဓမ္မဒေသနာသမုဋ္ဌာနံ နိဋ္ဌိတံ။</p>
",-265-266-267-
2033,mula_vi_05,163,"<p class=""subhead"">၁၁။ ဘူတာရောစနသမုဋ္ဌာနံ</p>
<p class=""hangnum""><a name=""para268""></a><a name=""para268_vin5""></a><span class=""paranum"">၂၆၈</span>။</p>
<p class=""gatha1""> ဘူတံ <a name=""M0.0163""></a> ကာယေန ဇာယတိ, န ဝါစာ န စ စိတ္တတော၊</p>
<p class=""gathalast"">ဝါစတော စ သမုဋ္ဌာတိ, န ကာယာ န စ စိတ္တတော။</p>
<p class=""gatha1"">ကာယဝါစာယ <a name=""V0.0186""></a> ဇာယတိ, န တု ဇာယတိ စိတ္တတော၊</p>
<p class=""gathalast"">ဘူတာရောစနကာ <a name=""T0.0231""></a> နာမ, တီဟိ ဌာနေဟိ ဇာယတိ။</p>
<p class=""centered"">ဘူတာရောစနသမုဋ္ဌာနံ နိဋ္ဌိတံ။</p>
<p class=""subhead"">၁၂။ စောရိဝုဋ္ဌာပနသမုဋ္ဌာနံ</p>
<p class=""hangnum""><a name=""para269""></a><a name=""para269_vin5""></a><span class=""paranum"">၂၆၉</span>။</p>
<p class=""gatha1""> စောရီ ဝါစာယ စိတ္တေန, န တံ ဇာယတိ ကာယတော၊</p>
<p class=""gatha2"">ဇာယတိ တီဟိ ဒွါရေဟိ, စောရိဝုဋ္ဌာပနံ ဣဒံ၊</p>
<p class=""gathalast"">အကတံ ဒွိသမုဋ္ဌာနံ, ဓမ္မရာဇေန ဘာသိတံ <span class=""note"">[ဌပိတံ (သျာ။)]</span>။</p>
<p class=""centered"">စောရိဝုဋ္ဌာပနသမုဋ္ဌာနံ နိဋ္ဌိတံ။</p>
<p class=""subhead"">၁၃။ အနနုညာတသမုဋ္ဌာနံ</p>
<p class=""hangnum""><a name=""para270""></a><a name=""para270_vin5""></a><span class=""paranum"">၂၇၀</span>။</p>
<p class=""gatha1""> အနနုညာတံ ဝါစာယ, န ကာယာ န စ စိတ္တတော၊</p>
<p class=""gathalast"">ဇာယတိ ကာယဝါစာယ, န တံ ဇာယတိ စိတ္တတော။</p>
<p class=""gatha1"">ဇာယတိ ဝါစာစိတ္တေန, န တံ ဇာယတိ ကာယတော၊</p>
<p class=""gathalast"">ဇာယတိ <a name=""P5.0090""></a> တီဟိ ဒွါရေဟိ, အကတံ စတုဌာနိကံ။</p>
<p class=""centered"">အနနုညာတသမုဋ္ဌာနံ နိဋ္ဌိတံ။</p>
<p class=""gatha1"">သမုဋ္ဌာနဉှိ သင်္ခေပံ, ဒသ တီဏိ သုဒေသိတံ၊</p>
<p class=""gatha2"">အသမ္မောဟကရံ ဌာနံ, နေတ္တိဓမ္မာနုလောမိကံ၊</p>
<p class=""gathalast"">ဓာရယန္တော ဣမံ ဝိညူ, သမုဋ္ဌာနေ န မုယှတီတိ။</p>
<p class=""centered"">သမုဋ္ဌာနသီသသင်္ခေပေါ နိဋ္ဌိတော။</p>
",-268-269-270-
2034,mula_vi_05,164,"<a name=""vin5_3""></a><p class=""chapter"">အန္တရပေယျာလံ</p>
<p class=""subhead"">ကတိပုစ္ဆာဝါရော</p>
<p class=""bodytext""><a name=""para271""></a><a name=""para271_vin5""></a><span class=""paranum"">၂၇၁</span>။ ကတိ <a name=""T0.0232""></a><a name=""P5.0091""></a><a name=""M0.0164""></a><a name=""V0.0187""></a> အာပတ္တိယော? ကတိ အာပတ္တိက္ခန္ဓာ? ကတိ ဝိနီတဝတ္ထူနိ? ကတိ အဂါရဝါ? ကတိ ဂါရဝါ? ကတိ ဝိနီတဝတ္ထူနိ? ကတိ ဝိပတ္တိယော? ကတိ အာပတ္တိသမုဋ္ဌာနာ? ကတိ ဝိဝါဒမူလာနိ? ကတိ အနုဝါဒမူလာနိ? ကတိ သာရဏီယာ ဓမ္မာ? ကတိ ဘေဒကရဝတ္ထူနိ? ကတိ အဓိကရဏာနိ? ကတိ သမထာ?</p>
<p class=""bodytext"">ပဉ္စ အာပတ္တိယော။ ပဉ္စ အာပတ္တိက္ခန္ဓာ။ ပဉ္စ ဝိနီတဝတ္ထူနိ။ သတ္တ အာပတ္တိယော။ သတ္တ အာပတ္တိက္ခန္ဓာ။ သတ္တ ဝိနီတဝတ္ထူနိ။ ဆ အဂါရဝါ။ ဆ ဂါရဝါ။ ဆ ဝိနီတဝတ္ထူနိ။ စတဿော ဝိပတ္တိယော။ ဆ အာပတ္တိသမုဋ္ဌာနာ။ ဆ ဝိဝါဒမူလာနိ။ ဆ အနုဝါဒမူလာနိ။ ဆ သာရဏီယာ ဓမ္မာ။ အဋ္ဌာရသ ဘေဒကရဝတ္ထူနိ။ စတ္တာရိ အဓိကရဏာနိ။ သတ္တ သမထာ။</p>
<p class=""bodytext"">တတ္ထ ကတမာ ပဉ္စ အာပတ္တိယော? ပါရာဇိကာပတ္တိ, သံဃာဒိသေသာပတ္တိ, ပါစိတ္တိယာပတ္တိ, ပါဋိဒေသနီယာပတ္တိ, ဒုက္ကဋာပတ္တိ – ဣမာ ပဉ္စ အာပတ္တိယော။</p>
<p class=""bodytext"">တတ္ထ ကတမေ ပဉ္စ အာပတ္တိက္ခန္ဓာ? ပါရာဇိကာပတ္တိက္ခန္ဓော, သံဃာဒိသေသာပတ္တိက္ခန္ဓော, ပါစိတ္တိယာပတ္တိက္ခန္ဓော, ပါဋိဒေသနီယာပတ္တိက္ခန္ဓော, ဒုက္ကဋာပတ္တိက္ခန္ဓော – ဣမေ ပဉ္စ အာပတ္တိက္ခန္ဓာ။</p>
<p class=""bodytext"">တတ္ထ <a name=""T0.0233""></a> ကတမာနိ ပဉ္စ ဝိနီတဝတ္ထူနိ? ပဉ္စဟိ အာပတ္တိက္ခန္ဓေဟိ အာရတိ ဝိရတိ ပဋိဝိရတိ ဝေရမဏီ အကိရိယာ အကရဏံ အနဇ္ဈာပတ္တိ ဝေလာအနတိက္ကမော သေတုဃာတော – ဣမာနိ ပဉ္စ ဝိနီတဝတ္ထူနိ။</p>
<p class=""bodytext"">တတ္ထ <a name=""V0.0188""></a> ကတမာ သတ္တ အာပတ္တိယော? ပါရာဇိကာပတ္တိ, သံဃာဒိသေသာပတ္တိ, ထုလ္လစ္စယာပတ္တိ, ပါစိတ္တိယာပတ္တိ, ပါဋိဒေသနီယာပတ္တိ, ဒုက္ကဋာပတ္တိ, ဒုဗ္ဘာသိတာပတ္တိ – ဣမာ သတ္တ အာပတ္တိယော။</p>
<p class=""bodytext"">တတ္ထ ကတမေ သတ္တ အာပတ္တိက္ခန္ဓာ? ပါရာဇိကာပတ္တိက္ခန္ဓော, သံဃာဒိသေသာပတ္တိက္ခန္ဓော, ထုလ္လစ္စယာပတ္တိက္ခန္ဓော, ပါစိတ္တိယာပတ္တိက္ခန္ဓော, ပါဋိဒေသနီယာပတ္တိက္ခန္ဓော, ဒုက္ကဋာပတ္တိက္ခန္ဓော, ဒုဗ္ဘာသိတာပတ္တိက္ခန္ဓော – ဣမေ သတ္တ အာပတ္တိက္ခန္ဓာ။</p>
",-271-
2035,mula_vi_05,165,"<p class=""bodytext"">တတ္ထ <a name=""M0.0165""></a> ကတမာနိ သတ္တ ဝိနီတဝတ္ထူနိ? သတ္တဟိ အာပတ္တိက္ခန္ဓေဟိ အာရတိ ဝိရတိ ပဋိဝိရတိ ဝေရမဏီ အကိရိယာ အကရဏံ အနဇ္ဈာပတ္တိ ဝေလာအနတိက္ကမော သေတုဃာတော – ဣမာနိ သတ္တ ဝိနီတဝတ္ထူနိ။</p>
<p class=""bodytext"">တတ္ထ <a name=""P5.0092""></a> ကတမေ ဆ အဂါရဝါ? ဗုဒ္ဓေ အဂါရဝေါ, ဓမ္မေ အဂါရဝေါ, သံဃေ အဂါရဝေါ, သိက္ခာယ အဂါရဝေါ, အပ္ပမာဒေ အဂါရဝေါ, ပဋိသန္ဓာရေ အဂါရဝေါ – ဣမေ ဆ အဂါရဝါ။</p>
<p class=""bodytext"">တတ္ထ ကတမေ ဆ ဂါရဝါ? ဗုဒ္ဓေ ဂါရဝေါ, ဓမ္မေ ဂါရဝေါ, သံဃေ ဂါရဝေါ, သိက္ခာယ ဂါရဝေါ, အပ္ပမာဒေ ဂါရဝေါ, ပဋိသန္ဓာရေ ဂါရဝေါ – ဣမေ ဆ ဂါရဝါ။</p>
<p class=""bodytext"">တတ္ထ ကတမာနိ ဆ ဝိနီတဝတ္ထူနိ? ဆဟိ အဂါရဝေဟိ အာရတိ ဝိရတိ ပဋိဝိရတိ <a name=""T0.0234""></a> ဝေရမဏီ အကိရိယာ အကရဏံ အနဇ္ဈာပတ္တိ ဝေလာအနတိက္ကမော သေတုဃာတော – ဣမာနိ ဆ ဝိနီတဝတ္ထူနိ။</p>
<p class=""bodytext"">တတ္ထ ကတမာ စတဿော ဝိပတ္တိယော? သီလဝိပတ္တိ, အာစာရဝိပတ္တိ, ဒိဋ္ဌိဝိပတ္တိ, အာဇီဝဝိပတ္တိ – ဣမာ စတဿော ဝိပတ္တိယော။</p>
<p class=""bodytext"">တတ္ထ ကတမေ ဆ အာပတ္တိသမုဋ္ဌာနာ? အတ္ထာပတ္တိ ကာယတော သမုဋ္ဌာတိ, န ဝါစတော န စိတ္တတော၊ အတ္ထာပတ္တိ ဝါစတော သမုဋ္ဌာတိ, န ကာယတော န စိတ္တတော၊ အတ္ထာပတ္တိ ကာယတော စ ဝါစတော စ သမုဋ္ဌာတိ, န စိတ္တတော၊ အတ္ထာပတ္တိ ကာယတော စ စိတ္တတော စ သမုဋ္ဌာတိ, န ဝါစတော၊ အတ္ထာပတ္တိ ဝါစတော စ စိတ္တတော စ သမုဋ္ဌာတိ, န ကာယတော၊ အတ္ထာပတ္တိ ကာယတော စ ဝါစတော စ စိတ္တတော စ သမုဋ္ဌာတိ – ဣမေ ဆ အာပတ္တိသမုဋ္ဌာနာ။</p>
<p class=""bodytext""><a name=""para272""></a><a name=""para272_vin5""></a><span class=""paranum"">၂၇၂</span>။ တတ္ထ <a name=""V0.0189""></a> <span class=""note"">[စူဠဝ။ ၂၁၆၊ အ။ နိ။ ၆။၃၆၊ မ။ နိ။ ၃။၄၄၊ ဒီ။ နိ။ ၃။၃၂၅]</span> ကတမာနိ ဆ ဝိဝါဒမူလာနိ? ဣဓ ဘိက္ခု ကောဓနော ဟောတိ ဥပနာဟီ။ ယော သော ဘိက္ခု ကောဓနော ဟောတိ ဥပနာဟီ သော သတ္ထရိပိ အဂါရဝေါ ဝိဟရတိ အပ္ပတိဿော, ဓမ္မေပိ အဂါရဝေါ ဝိဟရတိ အပ္ပတိဿော, သံဃေပိ အဂါရဝေါ ဝိဟရတိ အပ္ပတိဿော, သိက္ခာယပိ န ပရိပူရကာရီ ဟောတိ။ ယော သော ဘိက္ခု သတ္ထရိ အဂါရဝေါ ဝိဟရတိ အပ္ပတိဿော, ဓမ္မေ…ပေ… သံဃေ…ပေ… သိက္ခာယ န ပရိပူရကာရီ, သော သံဃေ ဝိဝါဒံ ဇနေတိ။ ယော ဟောတိ ဝိဝါဒေါ ဗဟုဇနာဟိတာယ ဗဟုဇနာသုခါယ ဗဟုနော ဇနဿ အနတ္ထာယ အဟိတာယ ဒုက္ခာယ ဒေဝမနုဿာနံ။ ဧဝရူပံ စေ တုမှေ ဝိဝါဒမူလံ အဇ္ဈတ္တံ ဝါ <a name=""T0.0235""></a> ဗဟိဒ္ဓါ ဝါ သမနုပဿေယျာထ တတြ</p>
",-272-
2036,mula_vi_05,166,"<p class=""noindentbodytext""> တုမှေ<a name=""M0.0166""></a> တဿေဝ ပါပကဿ ဝိဝါဒမူလဿ ပဟာနာယ ဝါယမေယျာထ။ ဧဝရူပံ စေ တုမှေ ဝိဝါဒမူလံ အဇ္ဈတ္တံ ဝါ ဗဟိဒ္ဓါ ဝါ န သမနုပဿေယျာထ တတြ တုမှေ တဿေဝ ပါပကဿ ဝိဝါဒမူလဿ အာယတိံ အနဝဿဝါယ ပဋိပဇ္ဇေယျာထ။ ဧဝမေတဿ ပါပကဿ ဝိဝါဒမူလဿ ပဟာနံ ဟောတိ။ ဧဝမေတဿ ပါပကဿ ဝိဝါဒမူလဿ အာယတိံ အနဝဿဝေါ ဟောတိ။</p>
<p class=""bodytext""><span class=""note"">[စူဠဝ။ ၂၁၆]</span> ပုန စပရံ ဘိက္ခု မက္ခီ ဟောတိ ပဠာသီ…ပေ… ဣဿုကီ ဟောတိ မစ္ဆရီ, သဌော ဟောတိ မာယာဝီ, ပါပိစ္ဆော ဟောတိ မိစ္ဆာဒိဋ္ဌိ, သန္ဒိဋ္ဌိပရာမာသီ ဟောတိ အာဓာနဂ္ဂါဟီ ဒုပ္ပဋိနိဿဂ္ဂီ။ ယော သော ဘိက္ခု သန္ဒိဋ္ဌိပရာမာသီ ဟောတိ အာဓာနဂ္ဂါဟီ ဒုပ္ပဋိနိဿဂ္ဂီ သော သတ္ထရိပိ အဂါရဝေါ ဝိဟရတိ အပ္ပတိဿော, ဓမ္မေပိ အဂါရဝေါ ဝိဟရတိ အပ္ပတိဿော, သံဃေပိ အဂါရဝေါ ဝိဟရတိ အပ္ပတိဿော, သိက္ခာယပိ န ပရိပူရကာရီ ဟောတိ။ ယော သော ဘိက္ခု သတ္ထရိ အဂါရဝေါ ဝိဟရတိ အပ္ပတိဿော ဓမ္မေ…ပေ… သံဃေ…ပေ… သိက္ခာယ န ပရိပူရကာရီ, သော သံဃေ ဝိဝါဒံ ဇနေတိ။ ယော သော ဟောတိ ဝိဝါဒေါ ဗဟုဇနာဟိတာယ ဗဟုဇနာသုခါယ ဗဟုနော ဇနဿ အနတ္ထာယ အဟိတာယ ဒုက္ခာယ ဒေဝမနုဿာနံ။ ဧဝရူပံ စေ တုမှေ ဝိဝါဒမူလံ အဇ္ဈတ္တံ ဝါ ဗဟိဒ္ဓါ ဝါ သမနုပဿေယျာထ တတြ တုမှေ တဿေဝ ပါပကဿ ဝိဝါဒမူလဿ <a name=""T0.0236""></a> ပဟာနာယ ဝါယမေယျာထ။ ဧဝရူပံ စေ တုမှေ ဝိဝါဒမူလံ အဇ္ဈတ္တံ ဝါ ဗဟိဒ္ဓါ ဝါ န သမနုပဿေယျာထ တတြ တုမှေ တဿေဝ ပါပကဿ ဝိဝါဒမူလဿ အာယတိံ အနဝဿဝါယ ပဋိပဇ္ဇေယျာထ။ ဧဝမေတဿ ပါပကဿ ဝိဝါဒမူလဿ ပဟာနံ ဟောတိ။ ဧဝမေတဿ ပါပကဿ ဝိဝါဒမူလဿ အာယတိံ အနဝဿဝေါ ဟောတိ။ ဣမာနိ ဆ ဝိဝါဒမူလာနိ။</p>
<p class=""bodytext""><a name=""para273""></a><a name=""para273_vin5""></a><span class=""paranum"">၂၇၃</span>။ <span class=""note"">[စူဠဝ။ ၂၁၇]</span> တတ္ထ ကတမာနိ ဆ အနုဝါဒမူလာနိ? ဣဓ ဘိက္ခု ကောဓနော ဟောတိ ဥပနာဟီ။ ယော သော ဘိက္ခု ကောဓနော ဟောတိ ဥပနာဟီ သော သတ္ထရိပိ အဂါရဝေါ ဝိဟရတိ အပ္ပတိဿော, ဓမ္မေပိ အဂါရဝေါ ဝိဟရတိ အပ္ပတိဿော, သံဃေပိ အဂါရဝေါ ဝိဟရတိ အပ္ပတိဿော, သိက္ခာယပိ န ပရိပူရကာရီ ဟောတိ။ ယော သော ဘိက္ခု သတ္ထရိ အဂါရဝေါ ဝိဟရတိ အပ္ပတိဿော ဓမ္မေ…ပေ… သံဃေ <a name=""V0.0190""></a> …ပေ… သိက္ခာယ န ပရိပူရကာရီ သော သံဃေ အနုဝါဒံ ဇနေတိ။ ယော ဟောတိ အနုဝါဒေါ ဗဟုဇနာဟိတာယ ဗဟုဇနာသုခါယ ဗဟုနော ဇနဿ အနတ္ထာယ အဟိတာယ ဒုက္ခာယ ဒေဝမနုဿာနံ။</p>
",-273-
2037,mula_vi_05,167,"<p class=""noindentbodytext""> ဧဝရူပံ<a name=""M0.0167""></a> စေ တုမှေ အနုဝါဒမူလံ အဇ္ဈတ္တံ ဝါ ဗဟိဒ္ဓါ ဝါ သမနုပဿေယျာထ တတြ တုမှေ တဿေဝ ပါပကဿ အနုဝါဒမူလဿ ပဟာနာယ ဝါယမေယျာထ။ ဧဝရူပံ စေ တုမှေ အနုဝါဒမူလံ အဇ္ဈတ္တံ ဝါ ဗဟိဒ္ဓါ ဝါ န သမနုပဿေယျာထ တတြ တုမှေ တဿေဝ ပါပကဿ အနုဝါဒမူလဿ အာယတိံ အနဝဿဝါယ ပဋိပဇ္ဇေယျာထ။ ဧဝမေတဿ ပါပကဿ အနုဝါဒမူလဿ ပဟာနံ ဟောတိ။ ဧဝမေတဿ ပါပကဿ အနုဝါဒမူလဿ အာယတိံ အနဝဿဝေါ ဟောတိ။</p>
<p class=""bodytext"">ပုန စပရံ ဘိက္ခု မက္ခီ ဟောတိ ပလာသီ…ပေ… ဣဿုကီ ဟောတိ မစ္ဆရီ, သဌော ဟောတိ မာယာဝီ, ပါပိစ္ဆော ဟောတိ မိစ္ဆာဒိဋ္ဌိ, သန္ဒိဋ္ဌိပရာမာသီ <a name=""T0.0237""></a> ဟောတိ အာဓာနဂ္ဂါဟီ ဒုပ္ပဋိနိဿဂ္ဂီ။ ယော သော ဘိက္ခု သန္ဒိဋ္ဌိပရာမာသီ ဟောတိ အာဓာနဂ္ဂါဟီ ဒုပ္ပဋိနိဿဂ္ဂီ သော သတ္ထရိပိ အဂါရဝေါ ဝိဟရတိ အပ္ပတိဿော, ဓမ္မေပိ အဂါရဝေါ ဝိဟရတိ အပ္ပတိဿော, သံဃေပိ အဂါရဝေါ ဝိဟရတိ အပ္ပတိဿော, သိက္ခာယပိ န ပရိပူရကာရီ ဟောတိ။ ယော ဘိက္ခု သတ္ထရိ အဂါရဝေါ ဝိဟရတိ အပ္ပတိဿော ဓမ္မေ…ပေ… သံဃေ…ပေ… သိက္ခာယ န ပရိပူရကာရီ သော သံဃေ အနုဝါဒံ ဇနေတိ။ ယောဧ ဟောတိ အနုဝါဒေါ ဗဟုဇနာဟိတာယ ဗဟုဇနာသုခါယ ဗဟုနော ဇနဿ အနတ္ထာယ အဟိတာယ ဒုက္ခာယ ဒေဝမနုဿာနံ။ ဧဝရူပံ စေ တုမှေ အနုဝါဒမူလံ အဇ္ဈတ္တံ ဝါ ဗဟိဒ္ဓါ ဝါ သမနုပဿေယျာထ တတြ တုမှေ တဿေဝ ပါပကဿ အနုဝါဒမူလဿ ပဟာနာယ ဝါယမေယျာထ။ ဧဝရူပံ စေ တုမှေ အနုဝါဒမူလံ အဇ္ဈတ္တံ ဝါ ဗဟိဒ္ဓါ ဝါ န သမနုပဿေယျာထ တတြ တုမှေ တဿေဝ ပါပကဿ အနုဝါဒမူလဿ အာယတိံ အနဝဿဝါယ ပဋိပဇ္ဇေယျာထ။ ဧဝမေတဿ ပါပကဿ အနုဝါဒမူလဿ ပဟာနံ ဟောတိ။ ဧဝမေတဿ ပါပကဿ အနုဝါဒမူလဿ အာယတိံ အနဝဿဝေါ ဟောတိ။ ဣမာနိ ဆ အနုဝါဒမူလာနိ။</p>
<p class=""bodytext""><a name=""para274""></a><a name=""para274_vin5""></a><span class=""paranum"">၂၇၄</span>။ <span class=""note"">[ဒီ။ နိ။ ၃။၃၂၄၊ အ။ နိ။ ၆။၁၁]</span> တတ္ထ ကတမေ ဆ သာရဏီယာ ဓမ္မာ? ဣဓ ဘိက္ခုနော မေတ္တံ ကာယကမ္မံ ပစ္စုပဋ္ဌိတံ ဟောတိ သဗြဟ္မစာရီသု အာဝိ စေဝ ရဟော စ။ အယမ္ပိ ဓမ္မော သာရဏီယော ပိယကရဏော ဂရုကရဏော သင်္ဂဟာယ အဝိဝါဒါယ သာမဂ္ဂိယာ ဧကီဘာဝါယ သံဝတ္တတိ။</p>
<p class=""bodytext"">ပုန စပရံ ဘိက္ခုနော မေတ္တံ <a name=""T0.0238""></a> ဝစီကမ္မံ ပစ္စုပဋ္ဌိတံ ဟောတိ သဗြဟ္မစာရီသု အာဝိ စေဝ ရဟော စ။ အယမ္ပိ ဓမ္မော သာရဏီယော ပိယကရဏော ဂရုကရဏော သင်္ဂဟာယ အဝိဝါဒါယ သာမဂ္ဂိယာ ဧကီဘာဝါယ သံဝတ္တတိ။</p>
",-274-
2038,mula_vi_05,168,"<p class=""bodytext"">ပုန <a name=""M0.0168""></a><a name=""V0.0191""></a> စပရံ ဘိက္ခုနော မေတ္တံ မနောကမ္မံ ပစ္စုပဋ္ဌိတံ ဟောတိ သဗြဟ္မစာရီသု အာဝိ စေဝ ရဟော စ။ အယမ္ပိ ဓမ္မော သာရဏီယော ပိယကရဏော ဂရုကရဏော သင်္ဂဟာယ အဝိဝါဒါယ သာမဂ္ဂိယာ ဧကီဘာဝါယ သံဝတ္တတိ။</p>
<p class=""bodytext"">ပုန စပရံ ဘိက္ခု ယေ တေ လာဘာ ဓမ္မိကာ ဓမ္မလဒ္ဓါ အန္တမသော ပတ္တပရိယာပန္နမတ္တမ္ပိ တထာရူပေဟိ လာဘေဟိ အပ္ပဋိဝိဘတ္တဘောဂီ ဟောတိ သီလဝန္တေဟိ သဗြဟ္မစာရီဟိ သာဓာရဏဘောဂီ။ အယမ္ပိ ဓမ္မော သာရဏီယော ပိယကရဏော ဂရုကရဏော သင်္ဂဟာယ အဝိဝါဒါယ သာမဂ္ဂိယာ ဧကီဘာဝါယ သံဝတ္တတိ။</p>
<p class=""bodytext"">ပုန စပရံ ဘိက္ခု ယာနိ တာနိ သီလာနိ အခဏ္ဍာနိ အစ္ဆိဒ္ဒါနိ အသဗလာနိ အကမ္မာသာနိ ဘုဇိဿာနိ ဝိညုပသတ္ထာနိ အပရာမဋ္ဌာနိ သမာဓိသံဝတ္တနိကာနိ<a name=""P5.0093""></a>, တထာရူပေသု သီလေသု သီလသာမညဂတော ဝိဟရတိ သဗြဟ္မစာရီဟိ အာဝိ စေဝ ရဟော စ။ အယမ္ပိ ဓမ္မော သာရဏီယော ပိယကရဏော ဂရုကရဏော သင်္ဂဟာယ အဝိဝါဒါယ သာမဂ္ဂိယာ ဧကီဘာဝါယ သံဝတ္တတိ။</p>
<p class=""bodytext"">ပုန စပရံ ဘိက္ခု ယာယံ ဒိဋ္ဌိ အရိယာ နိယျာနိကာ နိယျာတိ တက္ကရဿ သမ္မာ ဒုက္ခက္ခယာယ တထာရူပါယ ဒိဋ္ဌိယာ ဒိဋ္ဌိသာမညဂတော ဝိဟရတိ သဗြဟ္မစာရီဟိ အာဝိ စေဝ ရဟော စ။ အယမ္ပိ ဓမ္မော သာရဏီယော ပိယကရဏော ဂရုကရဏော သင်္ဂဟာယ အဝိဝါဒါယ သာမဂ္ဂိယာ ဧကီဘာဝါယ သံဝတ္တတိ။ ဣမေ ဆ သာရဏီယာ ဓမ္မာ။</p>
<p class=""bodytext""><a name=""para275""></a><a name=""para275_vin5""></a><span class=""paranum"">၂၇၅</span>။ တတ္ထ <a name=""T0.0239""></a> ကတမာနိ အဋ္ဌာရသ ဘေဒကရဝတ္ထူနိ? ဣဓ ဘိက္ခု အဓမ္မံ ‘‘ဓမ္မော’’တိ ဒီပေတိ, ဓမ္မံ ‘‘အဓမ္မော’’တိ ဒီပေတိ, အဝိနယံ ‘‘ဝိနယော’’တိ ဒီပေတိ, ဝိနယံ ‘‘အဝိနယော’’တိ ဒီပေတိ, အဘာသိတံ အလပိတံ တထာဂတေန ‘‘ဘာသိတံ လပိတံ တထာဂတေနာ’’တိ ဒီပေတိ, ဘာသိတံ လပိတံ တထာဂတေန ‘‘အဘာသိတံ အလပိတံ တထာဂတေနာ’’တိ ဒီပေတိ, အနာစိဏ္ဏံ တထာဂတေန ‘‘အာစိဏ္ဏံ တထာဂတေနာ’’တိ ဒီပေတိ, အာစိဏ္ဏံ တထာဂတေန ‘‘အနာစိဏ္ဏံ တထာဂတေနာ’’တိ ဒီပေတိ, အပညတ္တံ တထာဂတေန ‘‘ပညတ္တံ တထာဂတေနာ’’တိ ဒီပေတိ, ပညတ္တံ တထာဂတေန ‘‘အပညတ္တံ တထာဂတေနာ’’တိ ဒီပေတိ, အာပတ္တိံ ‘‘အနာပတ္တီ’’တိ ဒီပေတိ, အနာပတ္တိံ ‘‘အာပတ္တီ’’တိ ဒီပေတိ, လဟုကံ အာပတ္တိံ ‘‘ဂရုကာ အာပတ္တီ’’တိ ဒီပေတိ, ဂရုကံ အာပတ္တိံ ‘‘လဟုကာ အာပတ္တီ’’တိ ဒီပေတိ, သာဝသေသံ အာပတ္တိံ ‘‘အနဝသေသာ အာပတ္တီ’’တိ <a name=""V0.0192""></a> ဒီပေတိ, အနဝသေသံ အာပတ္တိံ ‘‘သာဝသေသာ</p>
",-275-
2039,mula_vi_05,169,"<p class=""noindentbodytext""> အာပတ္တီ’’တိ<a name=""M0.0169""></a> ဒီပေတိ, ဒုဋ္ဌုလ္လံ အာပတ္တိံ ‘‘အဒုဋ္ဌုလ္လာ အာပတ္တီ’’တိ ဒီပေတိ, အဒုဋ္ဌုလ္လံ အာပတ္တိံ ‘‘ဒုဋ္ဌုလ္လာ အာပတ္တီ’’တိ ဒီပေတိ။ ဣမာနိ အဋ္ဌာရသ ဘေဒကရဝတ္ထူနိ။</p>
<p class=""bodytext""><span class=""note"">[စူဠဝ။ ၂၁၅၊ ပရိ။ ၃၄၀]</span> တတ္ထ ကတမာနိ စတ္တာရိ အဓိကရဏာနိ? ဝိဝါဒါဓိကရဏံ, အနုဝါဒါဓိကရဏံ, အာပတ္တာဓိကရဏံ, ကိစ္စာဓိကရဏံ – ဣမာနိ စတ္တာရိ အဓိကရဏာနိ။</p>
<p class=""bodytext"">တတ္ထ ကတမေ သတ္တ သမထာ? သမ္မုခါဝိနယော, သတိဝိနယော, အမူဠှဝိနယော, ပဋိညာတကရဏံ, ယေဘုယျသိကာ, တဿပါပိယသိကာ, တိဏဝတ္ထာရကော <a name=""T0.0240""></a> – ဣမေ သတ္တ သမထာ။</p>
<p class=""centered"">ကတိပုစ္ဆာဝါရော နိဋ္ဌိတော။</p>
<p class=""centered"">တဿုဒ္ဒါနံ –</p>
<p class=""gatha1"">အာပတ္တိ အာပတ္တိက္ခန္ဓာ, ဝိနီတာ သတ္တဓာ ပုန၊</p>
<p class=""gathalast"">ဝိနီတာဂါရဝါ စေဝ, ဂါရဝါ မူလမေဝ စ။</p>
<p class=""gatha1"">ပုန ဝိနီတာ ဝိပတ္တိ, သမုဋ္ဌာနာ ဝိဝါဒနာ၊</p>
<p class=""gathalast"">အနုဝါဒါ သာရဏီယံ, ဘေဒါဓိကရဏေန စ။</p>
<p class=""gathalast"">သတ္တေဝ သမထာ ဝုတ္တာ, ပဒါ သတ္တရသာ ဣမေတိ။</p>
<p class=""subhead"">၁။ ဆအာပတ္တိသမုဋ္ဌာနဝါရော</p>
<p class=""bodytext""><a name=""para276""></a><a name=""para276_vin5""></a><span class=""paranum"">၂၇၆</span>။ ပဌမေန <a name=""T0.0241""></a> အာပတ္တိသမုဋ္ဌာနေန ပါရာဇိကံ အာပဇ္ဇေယျာတိ? န ဟီတိ ဝတ္တဗ္ဗံ။ သံဃာဒိသေသံ အာပဇ္ဇေယျာတိ? သိယာတိ ဝတ္တဗ္ဗံ။ ထုလ္လစ္စယံ အာပဇ္ဇေယျာတိ? သိယာတိ ဝတ္တဗ္ဗံ။ ပါစိတ္တိယံ အာပဇ္ဇေယျာတိ? သိယာတိ ဝတ္တဗ္ဗံ။ ပါဋိဒေသနီယံ အာပဇ္ဇေယျာတိ? သိယာတိ ဝတ္တဗ္ဗံ။ ဒုက္ကဋံ အာပဇ္ဇေယျာတိ? သိယာတိ ဝတ္တဗ္ဗံ။ ဒုဗ္ဘာသိတံ အာပဇ္ဇေယျာတိ? န ဟီတိ ဝတ္တဗ္ဗံ။</p>
<p class=""bodytext"">ဒုတိယေန အာပတ္တိသမုဋ္ဌာနေန ပါရာဇိကံ အာပဇ္ဇေယျာတိ? န ဟီတိ ဝတ္တဗ္ဗံ။ သံဃာဒိသေသံ အာပဇ္ဇေယျာတိ? သိယာတိ ဝတ္တဗ္ဗံ။ ထုလ္လစ္စယံ အာပဇ္ဇေယျာတိ? သိယာတိ ဝတ္တဗ္ဗံ။ ပါစိတ္တိယံ အာပဇ္ဇေယျာတိ? သိယာတိ ဝတ္တဗ္ဗံ။ ပါဋိဒေသနီယံ အာပဇ္ဇေယျာတိ? န ဟီတိ ဝတ္တဗ္ဗံ။ ဒုက္ကဋံ အာပဇ္ဇေယျာတိ? သိယာတိ ဝတ္တဗ္ဗံ။ ဒုဗ္ဘာသိတံ အာပဇ္ဇေယျာတိ? န ဟီတိ ဝတ္တဗ္ဗံ။</p>
",-276-
2040,mula_vi_05,170,"<p class=""bodytext"">တတိယေန <a name=""M0.0170""></a><a name=""V0.0193""></a> အာပတ္တိသမုဋ္ဌာနေန ပါရာဇိကံ အာပဇ္ဇေယျာတိ? န ဟီတိ ဝတ္တဗ္ဗံ။ သံဃာဒိသေသံ အာပဇ္ဇေယျာတိ? သိယာတိ ဝတ္တဗ္ဗံ။ ထုလ္လစ္စယံ အာပဇ္ဇေယျာတိ? သိယာတိ ဝတ္တဗ္ဗံ။ ပါစိတ္တိယံ အာပဇ္ဇေယျာတိ? သိယာတိ ဝတ္တဗ္ဗံ။ ပါဋိဒေသနီယံ အာပဇ္ဇေယျာတိ? သိယာတိ ဝတ္တဗ္ဗံ။ ဒုက္ကဋံ အာပဇ္ဇေယျာတိ? သိယာတိ ဝတ္တဗ္ဗံ။ ဒုဗ္ဘာသိတံ အာပဇ္ဇေယျာတိ? န ဟီတိ ဝတ္တဗ္ဗံ။</p>
<p class=""bodytext"">စတုတ္ထေ <a name=""T0.0242""></a><a name=""P5.0094""></a> အာပတ္တိသမုဋ္ဌာနေန ပါရာဇိကံ အာပဇ္ဇေယျာတိ? သိယာတိ ဝတ္တဗ္ဗံ။ သံဃာဒိသေသံ အာပဇ္ဇေယျာတိ? သိယာတိ ဝတ္တဗ္ဗံ။ ထုလ္လစ္စယံ အာပဇ္ဇေယျာတိ? သိယာတိ ဝတ္တဗ္ဗံ။ ပါစိတ္တိယံ အာပဇ္ဇေယျာတိ? သိယာတိ ဝတ္တဗ္ဗံ။ ပါဋိဒေသနီယံ အာပဇ္ဇေယျာတိ? သိယာတိ ဝတ္တဗ္ဗံ။ ဒုက္ကဋံ အာပဇ္ဇေယျာတိ? သိယာတိ ဝတ္တဗ္ဗံ။ ဒုဗ္ဘာသိတံ အာပဇ္ဇေယျာတိ? န ဟီတိ ဝတ္တဗ္ဗံ။</p>
<p class=""bodytext"">ပဉ္စမေန အာပတ္တိသမုဋ္ဌာနေန ပါရာဇိကံ အာပဇ္ဇေယျာတိ? သိယာတိ ဝတ္တဗ္ဗံ။ သံဃာဒိသေသံ အာပဇ္ဇေယျာတိ? သိယာတိ ဝတ္တဗ္ဗံ။ ထုလ္လစ္စယံ အာပဇ္ဇေယျာတိ? သိယာတိ ဝတ္တဗ္ဗံ။ ပါစိတ္တိယံ အာပဇ္ဇေယျာတိ? သိယာတိ ဝတ္တဗ္ဗံ။ ပါဋိဒေသနီယံ အာပဇ္ဇေယျာတိ? န ဟီတိ ဝတ္တဗ္ဗံ။ ဒုက္ကဋံ အာပဇ္ဇေယျာတိ? သိယာတိ ဝတ္တဗ္ဗံ။ ဒုဗ္ဘာသိတံ အာပဇ္ဇေယျာတိ? သိယာတိ ဝတ္တဗ္ဗံ။</p>
<p class=""bodytext"">ဆဋ္ဌေန အာပတ္တိသမုဋ္ဌာနေန ပါရာဇိကံ အာပဇ္ဇေယျာတိ? သိယာတိ ဝတ္တဗ္ဗံ။ သံဃာဒိသေသံ အာပဇ္ဇေယျာတိ? သိယာတိ ဝတ္တဗ္ဗံ။ ထုလ္လစ္စယံ အာပဇ္ဇေယျာတိ? သိယာတိ ဝတ္တဗ္ဗံ။ ပါစိတ္တိယံ အာပဇ္ဇေယျာတိ? သိယာတိ ဝတ္တဗ္ဗံ။ ပါဋိဒေသနီယံ အာပဇ္ဇေယျာတိ? သိယာတိ ဝတ္တဗ္ဗံ။ ဒုက္ကဋံ အာပဇ္ဇေယျာတိ? သိယာတိ ဝတ္တဗ္ဗံ။ ဒုဗ္ဘာသိတံ အာပဇ္ဇေယျာတိ? န ဟီတိ ဝတ္တဗ္ဗံ။</p>
<p class=""centered"">ဆအာပတ္တိသမုဋ္ဌာနဝါရော နိဋ္ဌိတော ပဌမော။</p>
<p class=""subhead"">၂။ ကတာပတ္တိဝါရော</p>
<p class=""bodytext""><a name=""para277""></a><a name=""para277_vin5""></a><span class=""paranum"">၂၇၇</span>။ ပဌမေန အာပတ္တိသမုဋ္ဌာနေန ကတိ အာပတ္တိယော အာပဇ္ဇတိ? ပဌမေန <a name=""T0.0243""></a> အာပတ္တိသမုဋ္ဌာနေန ပဉ္စ အာပတ္တိယော အာပဇ္ဇတိ။ ဘိက္ခု ကပ္ပိယသညီ သညာစိကာယ ကုဋိံ ကရောတိ အဒေသိတဝတ္ထုကံ ပမာဏာတိက္ကန္တံ သာရမ္ဘံ အပရိက္ကမနံ, ပယောဂေ ဒုက္ကဋံ၊ ဧကံ ပိဏ္ဍံ အနာဂတေ</p>
",-277-
2041,mula_vi_05,171,"<p class=""noindentbodytext""> အာပတ္တိ<a name=""M0.0171""></a> ထုလ္လစ္စယဿ၊ တသ္မိံ ပိဏ္ဍေ အာဂတေ အာပတ္တိ သံဃာဒိသေသဿ၊ ဘိက္ခု ကပ္ပိယသညီ ဝိကာလေ ဘောဇနံ ဘုဉ္ဇတိ, အာပတ္တိ ပါစိတ္တိယဿ၊ ဘိက္ခု ကပ္ပိယသညီ အညာတိကာယ <a name=""V0.0194""></a> ဘိက္ခုနိယာ အန္တရဃရံ ပဝိဋ္ဌာယ ဟတ္ထတော ခါဒနီယံ ဝါ ဘောဇနီယံ ဝါ သဟတ္ထာ ပဋိဂ္ဂဟေတွာ ဘုဉ္ဇတိ, အာပတ္တိ ပါဋိဒေသနီယဿ – ပဌမေန အာပတ္တိသမုဋ္ဌာနေန ဣမာ ပဉ္စ အာပတ္တိယော အာပဇ္ဇတိ။</p>
<p class=""bodytext"">တာ အာပတ္တိယော စတုန္နံ ဝိပတ္တီနံ ကတိ ဝိပတ္တိယော ဘဇန္တိ? သတ္တန္နံ အာပတ္တိက္ခန္ဓာနံ ကတိဟိ အာပတ္တိက္ခန္ဓေဟိ သင်္ဂဟိတာ? ဆန္နံ အာပတ္တိသမုဋ္ဌာနာနံ ကတိဟိ သမုဋ္ဌာနေဟိ သမုဋ္ဌန္တိ? စတုန္နံ အဓိကရဏာနံ ကတမံ အဓိကရဏံ? သတ္တန္နံ သမထာနံ ကတိဟိ သမထေဟိ သမ္မန္တိ? တာ အာပတ္တိယော စတုန္နံ ဝိပတ္တီနံ ဒွေ ဝိပတ္တိယော ဘဇန္တိ – သိယာ သီလဝိပတ္တိံ, သိယာ အာစာရဝိပတ္တိံ။ သတ္တန္နံ အာပတ္တိက္ခန္ဓာနံ ပဉ္စဟိ အာပတ္တိက္ခန္ဓေဟိ သင်္ဂဟိတာ – သိယာ သံဃာဒိသေသာပတ္တိက္ခန္ဓေန, သိယာ ထုလ္လစ္စယာပတ္တိက္ခန္ဓေန, သိယာ ပါစိတ္တိယာပတ္တိက္ခန္ဓေန, သိယာ ပါဋိဒေသနီယာပတ္တိက္ခန္ဓေန, သိယာ ဒုက္ကဋာပတ္တိက္ခန္ဓေန။ ဆန္နံ အာပတ္တိသမုဋ္ဌာနာနံ ဧကေန သမုဋ္ဌာနေန သမုဋ္ဌန္တိ – ကာယတော သမုဋ္ဌန္တိ, န ဝါစတော န စိတ္တတော။ စတုန္နံ အဓိကရဏာနံ အာပတ္တာဓိကရဏံ<a name=""T0.0244""></a>။ သတ္တန္နံ သမထာနံ တီဟိ သမထေဟိ သမ္မန္တိ – သိယာ သမ္မုခါဝိနယေန စ ပဋိညာတကရဏေန စ, သိယာ သမ္မုခါဝိနယေန စ တိဏဝတ္ထာရကေန စ။</p>
<p class=""bodytext""><a name=""para278""></a><a name=""para278_vin5""></a><span class=""paranum"">၂၇၈</span>။ ဒုတိယေန အာပတ္တိသမုဋ္ဌာနေန ကတိ အာပတ္တိယော အာပဇ္ဇတိ? ဒုတိယေန အာပတ္တိသမုဋ္ဌာနေန စတဿော အာပတ္တိယော အာပဇ္ဇတိ – ဘိက္ခု ကပ္ပိယသညီ သမာဒိသတိ <a name=""P5.0095""></a> – ‘‘ကုဋိံ မေ ကရောထာ’’တိ။ တဿ ကုဋိံ ကရောန္တိ အဒေသိတဝတ္ထုကံ ပမာဏာတိက္ကန္တံ သာရမ္ဘံ အပရိက္ကမနံ။ ပယောဂေ ဒုက္ကဋံ၊ ဧကံ ပိဏ္ဍံ အနာဂတေ အာပတ္တိ ထုလ္လစ္စယဿ၊ တသ္မိံ ပိဏ္ဍေ အာဂတေ အာပတ္တိ သံဃာဒိသေသဿ။ ဘိက္ခု ကပ္ပိယသညီ အနုပသမ္ပန္နံ ပဒသော ဓမ္မံ ဝါစေတိ, အာပတ္တိ ပါစိတ္တိယဿ – ဒုတိယေန အာပတ္တိသမုဋ္ဌာနေန ဣမာ စတဿော အာပတ္တိယော အာပဇ္ဇတိ။</p>
<p class=""bodytext"">တာ အာပတ္တိယော စတုန္နံ ဝိပတ္တီနံ ကတိ ဝိပတ္တိယော ဘဇန္တိ…ပေ… သတ္တန္နံ သမထာနံ ကတိဟိ သမထေဟိ သမ္မန္တိ? တာ အာပတ္တိယော စတုန္နံ ဝိပတ္တီနံ ဒွေ ဝိပတ္တိယော ဘဇန္တိ – သိယာ သီလဝိပတ္တိံ, သိယာ အာစာရဝိပတ္တိံ။ သတ္တန္နံ</p>
",-278-
2042,mula_vi_05,172,"<p class=""noindentbodytext""> အာပတ္တိက္ခန္ဓာနံ<a name=""M0.0172""></a> စတူဟိ အာပတ္တိက္ခန္ဓေဟိ သင်္ဂဟိတာ – သိယာ သံဃာဒိသေသာပတ္တိက္ခန္ဓေန, သိယာ ထုလ္လစ္စယာပတ္တိက္ခန္ဓေန, သိယာ ပါစိတ္တိယာပတ္တိက္ခန္ဓေန, သိယာ ဒုက္ကဋာပတ္တိက္ခန္ဓေန။ ဆန္နံ အာပတ္တိသမုဋ္ဌာနာနံ ဧကေန သမုဋ္ဌာနေန သမုဋ္ဌန္တိ – ဝါစတော သမုဋ္ဌန္တိ, န ကာယတော န စိတ္တတော။ စတုန္နံ အဓိကရဏာနံ, အာပတ္တာဓိကရဏံ။ သတ္တန္နံ သမထာနံ တီဟိ သမထေဟိ သမ္မန္တိ – သိယာ သမ္မုခါဝိနယေန <a name=""T0.0245""></a> စ ပဋိညာတကရဏေန စ, သိယာ သမ္မုခါဝိနယေန စ တိဏဝတ္ထာရကေန စ။</p>
<p class=""bodytext""><a name=""para279""></a><a name=""para279_vin5""></a><span class=""paranum"">၂၇၉</span>။ တတိယေန <a name=""V0.0195""></a> အာပတ္တိသမုဋ္ဌာနေန ကတိ အာပတ္တိယော အာပဇ္ဇတိ? တတိယေန အာပတ္တိသမုဋ္ဌာနေန ပဉ္စ အာပတ္တိယော အာပဇ္ဇတိ။ ဘိက္ခု ကပ္ပိယသညီ သံဝိဒဟိတွာ ကုဋိံ ကရောတိ အဒေသိတဝတ္ထုကံ ပမာဏာတိက္ကန္တံ သာရမ္ဘံ အပရိက္ကမနံ။ ပယောဂေ ဒုက္ကဋံ၊ ဧကံ ပိဏ္ဍံ အနာဂတေ အာပတ္တိ ထုလ္လစ္စယဿ၊ တသ္မိံ ပိဏ္ဍေ အာဂတေ အာပတ္တိ သံဃာဒိသေသဿ။ ဘိက္ခု ကပ္ပိယသညီ ပဏီတဘောဇနာနိ အတ္တနော အတ္ထာယ ဝိညာပေတွာ ဘုဉ္ဇတိ, အာပတ္တိ ပါစိတ္တိယဿ။ ဘိက္ခု ကပ္ပိယသညီ ဘိက္ခုနိယာ ဝေါသာသန္တိယာ န နိဝါရေတွာ ဘုဉ္ဇတိ, အာပတ္တိ ပါဋိဒေသနီယဿ – တတိယေန အာပတ္တိသမုဋ္ဌာနေန ဣမာ ပဉ္စ အာပတ္တိယော အာပဇ္ဇတိ။</p>
<p class=""bodytext"">တာ အာပတ္တိယော စတုန္နံ ဝိပတ္တီနံ ကတိ ဝိပတ္တိယော ဘဇန္တိ…ပေ… သတ္တန္နံ သမထာနံ ကတိဟိ သမထေဟိ သမ္မန္တိ? တာ အာပတ္တိယော စတုန္နံ ဝိပတ္တီနံ ဒွေ ဝိပတ္တိယော ဘဇန္တိ – သိယာ သီလဝိပတ္တိံ, သိယာ အာစာရဝိပတ္တိံ။ သတ္တန္နံ အာပတ္တိက္ခန္ဓာနံ ပဉ္စဟိ အာပတ္တိက္ခန္ဓေဟိ သင်္ဂဟိတာ – သိယာ သံဃာဒိသေသာပတ္တိက္ခန္ဓေန, သိယာ ထုလ္လစ္စယာပတ္တိက္ခန္ဓေန, သိယာ ပါစိတ္တိယာပတ္တိက္ခန္ဓေန, သိယာ ပါဋိဒေသနီယာပတ္တိက္ခန္ဓေန, သိယာ ဒုက္ကဋာပတ္တိက္ခန္ဓေန။ ဆန္နံ အာပတ္တိသမုဋ္ဌာနာနံ ဧကေန သမုဋ္ဌာနေန သမုဋ္ဌန္တိ – ကာယတော စ ဝါစတော စ သမုဋ္ဌန္တိ, န စိတ္တတော။ စတုန္နံ အဓိကရဏာနံ, အာပတ္တာဓိကရဏံ<a name=""T0.0246""></a>။ သတ္တန္နံ သမထာနံ တီဟိ သမထေဟိ သမ္မန္တိ – သိယာ သမ္မုခါဝိနယေန စ ပဋိညာတကရဏေန စ, သိယာ သမ္မုခါဝိနယေန စ တိဏဝတ္ထာရကေန စ။</p>
<p class=""bodytext""><a name=""para280""></a><a name=""para280_vin5""></a><span class=""paranum"">၂၈၀</span>။ စတုတ္ထေန အာပတ္တိသမုဋ္ဌာနေန ကတိ အာပတ္တိယော အာပဇ္ဇတိ? စတုတ္ထေန အာပတ္တိသမုဋ္ဌာနေန ဆ အာပတ္တိယော အာပဇ္ဇတိ – ဘိက္ခု မေထုနံ ဓမ္မံ ပဋိသေဝတိ, အာပတ္တိ ပါရာဇိကဿ၊ ဘိက္ခု အကပ္ပိယသညီ သညာစိကာယ ကုဋိံ ကရောတိ <a name=""P5.0096""></a> အဒေသိတဝတ္ထုကံ ပမာဏာတိက္ကန္တံ သာရမ္ဘံ အပရိက္ကမနံ,</p>
",-279-280-
2043,mula_vi_05,173,"<p class=""noindentbodytext""> ပယောဂေ<a name=""M0.0173""></a> ဒုက္ကဋံ၊ ဧကံ ပိဏ္ဍံ အနာဂတေ အာပတ္တိ ထုလ္လစ္စယဿ၊ တသ္မိံ ပိဏ္ဍေ အာဂတေ အာပတ္တိ သံဃာဒိသေသဿ။ ဘိက္ခု အကပ္ပိယသညီ ဝိကာလေ ဘောဇနံ ဘုဉ္ဇတိ, အာပတ္တိ ပါစိတ္တိယဿ။ ဘိက္ခု အကပ္ပိယသညီ အညာတိကာယ ဘိက္ခုနိယာ အန္တရဃရံ ပဝိဋ္ဌာယ ဟတ္ထတော ခါဒနီယံ ဝါ ဘောဇနီယံ ဝါ သဟတ္ထာ ပဋိဂ္ဂဟေတွာ ဘုဉ္ဇတိ, အာပတ္တိ ပါဋိဒေသနီယဿ။ စတုတ္ထေန အာပတ္တိသမုဋ္ဌာနေန ဣမာ ဆ အာပတ္တိယော အာပဇ္ဇတိ။</p>
<p class=""bodytext"">တာ အာပတ္တိယော စတုန္နံ ဝိပတ္တီနံ ကတိ ဝိပတ္တိယော ဘဇန္တိ…ပေ… သတ္တန္နံ သမထာနံ ကတိဟိ သမထေဟိ သမ္မန္တိ? တာ အာပတ္တိယော စတုန္နံ ဝိပတ္တီနံ ဒွေ ဝိပတ္တိယော ဘဇန္တိ – သိယာ သီလဝိပတ္တိံ<a name=""V0.0196""></a>, သိယာ အာစာရဝိပတ္တိံ။ သတ္တန္နံ အာပတ္တိက္ခန္ဓာနံ ဆဟိ အာပတ္တိက္ခန္ဓေဟိ သင်္ဂဟိတာ – သိယာ ပါရာဇိကာပတ္တိက္ခန္ဓေန, သိယာ သံဃာဒိသေသာပတ္တိက္ခန္ဓေန, သိယာ ထုလ္လစ္စယာပတ္တိက္ခန္ဓေန, သိယာ ပါစိတ္တိယာပတ္တိက္ခန္ဓေန, သိယာ ပါဋိဒေသနီယာပတ္တိက္ခန္ဓေန<a name=""T0.0247""></a>, သိယာ ဒုက္ကဋာပတ္တိက္ခန္ဓေန။ ဆန္နံ အာပတ္တိသမုဋ္ဌာနာနံ ဧကေန သမုဋ္ဌာနေန သမုဋ္ဌန္တိ – ကာယတော စ စိတ္တတော စ သမုဋ္ဌန္တိ, န ဝါစတော။ စတုန္နံ အဓိကရဏာနံ, အာပတ္တာဓိကရဏံ။ သတ္တန္နံ သမထာနံ တီဟိ သမထေဟိ သမ္မန္တိ – သိယာ သမ္မုခါဝိနယေန စ ပဋိညာတကရဏေန စ, သိယာ သမ္မုခါဝိနယေန စ တိဏဝတ္ထာရကေန စ။</p>
<p class=""bodytext""><a name=""para281""></a><a name=""para281_vin5""></a><span class=""paranum"">၂၈၁</span>။ ပဉ္စမေန အာပတ္တိသမုဋ္ဌာနေန ကတိ အာပတ္တိယော အာပဇ္ဇတိ? ပဉ္စမေန အာပတ္တိသမုဋ္ဌာနေန ဆ အာပတ္တိယော အာပဇ္ဇတိ။ ဘိက္ခု ပါပိစ္ဆော ဣစ္ဆာပကတော အသန္တံ အဘူတံ ဥတ္တရိမနုဿဓမ္မံ ဥလ္လပတိ, အာပတ္တိ ပါရာဇိကဿ၊ ဘိက္ခု အကပ္ပိယသညီ သမာဒိသတိ – ‘‘ကုဋိံ မေ ကရောထာ’’တိ။ တဿ ကုဋိံ ကရောန္တိ အဒေသိတဝတ္ထုကံ ပမာဏာတိက္ကန္တံ သာရမ္ဘံ အပရိက္ကမနံ။ ပယောဂေ ဒုက္ကဋံ၊ ဧကံ ပိဏ္ဍံ အနာဂတေ အာပတ္တိ ထုလ္လစ္စယဿ၊ တသ္မိံ ပိဏ္ဍေ အာဂတေ အာပတ္တိ သံဃာဒိသေသဿ။ ဘိက္ခု အကပ္ပိယသညီ အနုပသမ္ပန္နံ ပဒသော ဓမ္မံ ဝါစေတိ, အာပတ္တိ ပါစိတ္တိယဿ။ န ခုံသေတုကာမော န ဝမ္ဘေတုကာမော န မင်္ကုကတ္တုကာမော ဒဝကမျတာ ဟီနေန ဟီနံ ဝဒေတိ, အာပတ္တိ ဒုဗ္ဘာသိတဿ – ပဉ္စမေန အာပတ္တိသမုဋ္ဌာနေန ဣမာ ဆ အာပတ္တိယော အာပဇ္ဇတိ။</p>
<p class=""bodytext"">တာ အာပတ္တိယော စတုန္နံ ဝိပတ္တီနံ ကတိ ဝိပတ္တိယော ဘဇန္တိ…ပေ… သတ္တန္နံ သမထာနံ ကတိဟိ သမထေဟိ သမ္မန္တိ? တာ အာပတ္တိယော စတုန္နံ</p>
",-281-
2044,mula_vi_05,174,"<p class=""noindentbodytext""> ဝိပတ္တီနံ<a name=""M0.0174""></a> ဒွေ ဝိပတ္တိယော ဘဇန္တိ – သိယာ သီလဝိပတ္တိံ, သိယာ အာစာရဝိပတ္တိံ။ သတ္တန္နံ အာပတ္တိက္ခန္ဓာနံ ဆဟိ အာပတ္တိက္ခန္ဓေဟိ <a name=""T0.0248""></a> သင်္ဂဟိတာ – သိယာ ပါရာဇိကာပတ္တိက္ခန္ဓေန, သိယာ သံဃာဒိသေသာပတ္တိက္ခန္ဓေန, သိယာ ထုလ္လစ္စယာပတ္တိက္ခန္ဓေန, သိယာ ပါစိတ္တိယာပတ္တိက္ခန္ဓေန, သိယာ ဒုက္ကဋာပတ္တိက္ခန္ဓေန, သိယာ ဒုဗ္ဘာသိတာပတ္တိက္ခန္ဓေန။ ဆန္နံ အာပတ္တိသမုဋ္ဌာနာနံ ဧကေန သမုဋ္ဌာနေန သမုဋ္ဌန္တိ – ဝါစတော စ စိတ္တတော စ သမုဋ္ဌန္တိ, န ကာယတော။ စတုန္နံ အဓိကရဏာနံ, အာပတ္တာဓိကရဏံ။ သတ္တန္နံ သမထာနံ တီဟိ သမထေဟိ သမ္မန္တိ – သိယာ သမ္မုခါဝိနယေန စ ပဋိညာတကရဏေန စ, သိယာ သမ္မုခါဝိနယေန စ တိဏဝတ္ထာရကေန စ။</p>
<p class=""bodytext""><a name=""para282""></a><a name=""para282_vin5""></a><span class=""paranum"">၂၈၂</span>။ ဆဋ္ဌေန အာပတ္တိသမုဋ္ဌာနေန ကတိ အာပတ္တိယော အာပဇ္ဇတိ? ဆဋ္ဌေန အာပတ္တိသမုဋ္ဌာနေန ဆ အာပတ္တိယော အာပဇ္ဇတိ – ဘိက္ခု သံဝိဒဟိတွာ ဘဏ္ဍံ အဝဟရတိ, အာပတ္တိ <a name=""V0.0197""></a> ပါရာဇိကဿ<a name=""P5.0097""></a>၊ ဘိက္ခု အကပ္ပိယသညီ သံဝိဒဟိတွာ ကုဋိံ ကရောတိ အဒေသိတဝတ္ထုကံ ပမာဏာတိက္ကန္တံ သာရမ္ဘံ အပရိက္ကမနံ, ပယောဂေ ဒုက္ကဋံ၊ ဧကံ ပိဏ္ဍံ အနာဂတေ အာပတ္တိ ထုလ္လစ္စယဿ၊ တသ္မိံ ပိဏ္ဍေ အာဂတေ, အာပတ္တိ သံဃာဒိသေသဿ။ ဘိက္ခု အကပ္ပိယသညီ ပဏီတဘောဇနာနိ အတ္တနော အတ္ထာယ ဝိညာပေတွာ ဘုဉ္ဇတိ, အာပတ္တိ ပါစိတ္တိယဿ။ ဘိက္ခု အကပ္ပိယသညီ ဘိက္ခုနိယာ ဝေါသာသန္တိယာ န နိဝါရေတွာ ဘုဉ္ဇတိ, အာပတ္တိ ပါဋိဒေသနီယဿ – ဆဋ္ဌေန အာပတ္တိသမုဋ္ဌာနေန ဣမာ ဆ အာပတ္တိယော အာပဇ္ဇတိ။</p>
<p class=""bodytext"">တာ အာပတ္တိယော စတုန္နံ ဝိပတ္တီနံ ကတိ ဝိပတ္တိယော ဘဇန္တိ? သတ္တန္နံ အာပတ္တိက္ခန္ဓာနံ ကတိဟိ အာပတ္တိက္ခန္ဓေဟိ သင်္ဂဟိတာ<a name=""T0.0249""></a>? ဆန္နံ အာပတ္တိသမုဋ္ဌာနာနံ ကတိဟိ အာပတ္တိသမုဋ္ဌာနေဟိ သမုဋ္ဌန္တိ? စတုန္နံ အဓိကရဏာနံ ကတမံ အဓိကရဏံ? သတ္တန္နံ သမထာနံ ကတိဟိ သမထေဟိ သမ္မန္တိ? တာ အာပတ္တိယော စတုန္နံ ဝိပတ္တီနံ ဒွေ ဝိပတ္တိယော ဘဇန္တိ – သိယာ သီလဝိပတ္တိံ, သိယာ အာစာရဝိပတ္တိံ။ သတ္တန္နံ အာပတ္တိက္ခန္ဓာနံ ဆဟိ အာပတ္တိက္ခန္ဓေဟိ သင်္ဂဟိတာ – သိယာ ပါရာဇိကာပတ္တိက္ခန္ဓေန, သိယာ သံဃာဒိသေသာပတ္တိက္ခန္ဓေန, သိယာ ထုလ္လစ္စယာပတ္တိက္ခန္ဓေန, သိယာ ပါစိတ္တိယာပတ္တိက္ခန္ဓေန, သိယာ ပါဋိဒေသနီယာပတ္တိက္ခန္ဓေန, သိယာ ဒုက္ကဋာပတ္တိက္ခန္ဓေန။ ဆန္နံ အာပတ္တိသမုဋ္ဌာနာနံ ဧကေန သမုဋ္ဌာနေန သမုဋ္ဌန္တိ – ကာယတော စ ဝါစတော စ စိတ္တတော စ သမုဋ္ဌန္တိ။ စတုန္နံ အဓိကရဏာနံ, အာပတ္တာဓိကရဏံ။</p>
",-282-
2045,mula_vi_05,175,"<p class=""noindentbodytext""> သတ္တန္နံ<a name=""M0.0175""></a> သမထာနံ တီဟိ သမထေဟိ သမ္မန္တိ – သိယာ သမ္မုခါဝိနယေန စ ပဋိညာတကရဏေန စ, သိယာ သမ္မုခါဝိနယေန စ တိဏဝတ္ထာရကေန စာတိ။</p>
<p class=""centered"">ဆန္နံ အာပတ္တိသမုဋ္ဌာနာနံ</p>
<p class=""centered"">ကတာပတ္တိဝါရော နိဋ္ဌိတော ဒုတိယော။</p>
<p class=""subhead"">၃။ အာပတ္တိသမုဋ္ဌာနဂါထာ</p>
<p class=""hangnum""><a name=""para283""></a><a name=""para283_vin5""></a><span class=""paranum"">၂၈၃</span>။</p>
<p class=""gatha1""> သမုဋ္ဌာနာ ကာယိကာ အနန္တဒဿိနာ၊</p>
<p class=""gatha2"">အက္ခာတာ လောကဟိတေန ဝိဝေကဒဿိနာ၊</p>
<p class=""gatha3"">အာပတ္တိယော တေန သမုဋ္ဌိတာ ကတိ၊</p>
<p class=""gathalast"">ပုစ္ဆာမိ တံ ဗြူဟိ ဝိဘင်္ဂကောဝိဒ။</p>
<p class=""gatha1"">သမုဋ္ဌာနာ <a name=""V0.0198""></a> ကာယိကာ အနန္တဒဿိနာ၊</p>
<p class=""gatha2"">အက္ခာတာ လောကဟိတေန ဝိဝေကဒဿိနာ၊</p>
<p class=""gatha3"">အာပတ္တိယော တေန သမုဋ္ဌိတာ ပဉ္စ၊</p>
<p class=""gathalast"">ဧတံ <a name=""T0.0250""></a> တေ အက္ခာမိ ဝိဘင်္ဂကောဝိဒ။</p>
<p class=""gatha1"">သမုဋ္ဌာနာ ဝါစသိကာ အနန္တဒဿိနာ၊</p>
<p class=""gatha2"">အက္ခာတာ လောကဟိတေန ဝိဝေကဒဿိနာ၊</p>
<p class=""gatha3"">အာပတ္တိယော တေန သမုဋ္ဌိတာ ကတိ၊</p>
<p class=""gathalast"">ပုစ္ဆာမိ တံ ဗြူဟိ ဝိဘင်္ဂကောဝိဒ။</p>
<p class=""gatha1"">သမုဋ္ဌာနာ ဝါစသိကာ အနန္တဒဿိနာ၊</p>
<p class=""gatha2"">အက္ခာတာ လောကဟိတေန ဝိဝေကဒဿိနာ၊</p>
<p class=""gatha3"">အာပတ္တိယော တေန သမုဋ္ဌိတာ စတဿော၊</p>
<p class=""gathalast"">ဧတံ တေ အက္ခာမိ ဝိဘင်္ဂကောဝိဒ။</p>
<p class=""gatha1"">သမုဋ္ဌာနာ ကာယိကာ ဝါစသိကာ အနန္တဒဿိနာ၊</p>
<p class=""gatha2"">အက္ခာတာ လောကဟိတေန ဝိဝေကဒဿိနာ၊</p>
<p class=""gatha3"">အာပတ္တိယော တေန သမုဋ္ဌိတာ ကတိ၊</p>
<p class=""gathalast"">ပုစ္ဆာမိ <a name=""T0.0251""></a> တံ ဗြူဟိ ဝိဘင်္ဂကောဝိဒ။</p>
",-283-
2046,mula_vi_05,176,"<p class=""gatha1"">သမုဋ္ဌာနာ <a name=""M0.0176""></a> ကာယိကာ ဝါစသိကာ အနန္တဒဿိနာ၊</p>
<p class=""gatha2"">အက္ခာတာ လောကဟိတေန ဝိဝေကဒဿိနာ၊</p>
<p class=""gatha3"">အာပတ္တိယော တေန သမုဋ္ဌိတာ ပဉ္စ၊</p>
<p class=""gathalast"">ဧတံ တေ အက္ခာမိ ဝိဘင်္ဂကောဝိဒ။</p>
<p class=""gatha1"">သမုဋ္ဌာနာ ကာယိကာ မာနသိကာ အနန္တဒဿိနာ၊</p>
<p class=""gatha2"">အက္ခာတာ လောကဟိတေန ဝိဝေကဒဿိနာ၊</p>
<p class=""gatha3"">အာပတ္တိယော တေန သမုဋ္ဌိတာ ကတိ၊</p>
<p class=""gathalast"">ပုစ္ဆာမိ တံ ဗြူဟိ ဝိဘင်္ဂကောဝိဒ။</p>
<p class=""gatha1"">သမုဋ္ဌာနာ <a name=""V0.0199""></a> ကာယိကာ မာနသိကာ အနန္တဒဿိနာ၊</p>
<p class=""gatha2"">အက္ခာတာ လောကဟိတေန ဝိဝေကဒဿိနာ၊</p>
<p class=""gatha3"">အာပတ္တိယော တေန သမုဋ္ဌိတာ ဆ၊</p>
<p class=""gathalast"">ဧတံ တေ အက္ခာမိ ဝိဘင်္ဂကောဝိဒ။</p>
<p class=""gatha1"">သမုဋ္ဌာနာ ဝါစသိကာ မာနသိကာ အနန္တဒဿိနာ၊</p>
<p class=""gatha2"">အက္ခာတာ လောကဟိတေန ဝိဝေကဒဿိနာ၊</p>
<p class=""gatha3"">အာပတ္တိယော တေန သမုဋ္ဌိတာ ကတိ၊</p>
<p class=""gathalast"">ပုစ္ဆာမိ တံ ဗြူဟိ ဝိဘင်္ဂကောဝိဒ။</p>
<p class=""gatha1"">သမုဋ္ဌာနာ ဝါစသိကာ မာနသိကာ အနန္တဒဿိနာ၊</p>
<p class=""gatha2"">အက္ခာတာ လောကဟိတေန ဝိဝေကဒဿိနာ၊</p>
<p class=""gatha3"">အာပတ္တိယော တေန သမုဋ္ဌိတာ ဆ၊</p>
<p class=""gathalast"">ဧတံ တေ အက္ခာမိ ဝိဘင်္ဂကောဝိဒ။</p>
<p class=""gatha1"">သမုဋ္ဌာနာ ကာယိကာ ဝါစသိကာ မာနသိကာ အနန္တဒဿိနာ၊</p>
<p class=""gatha2"">အက္ခာတာ လောကဟိတေန ဝိဝေကဒဿိနာ၊</p>
<p class=""gatha3"">အာပတ္တိယော တေန သမုဋ္ဌိတာ ကတိ၊</p>
<p class=""gathalast"">ပုစ္ဆာမိ တံ ဗြူဟိ ဝိဘင်္ဂကောဝိဒ။</p>
<p class=""gatha1"">သမုဋ္ဌာနာ <a name=""P5.0098""></a> ကာယိကာ ဝါစသိကာ မာနသိကာ အနန္တဒဿိနာ၊</p>
<p class=""gatha2"">အက္ခာတာ လောကဟိတေန ဝိဝေကဒဿိနာ၊</p>
<p class=""gatha3"">အာပတ္တိယော တေန သမုဋ္ဌိတာ ဆ၊</p>
<p class=""gathalast"">ဧတံ <a name=""T0.0252""></a> တေ အက္ခာမိ ဝိဘင်္ဂကောဝိဒါတိ။</p>
<p class=""centered"">အာပတ္တိသမုဋ္ဌာနဂါထာ နိဋ္ဌိတာ တတိယာ။</p>
",
2047,mula_vi_05,177,"<p class=""subhead"">၄။ ဝိပတ္တိပစ္စယဝါရော</p>
<p class=""bodytext""><a name=""para284""></a><a name=""para284_vin5""></a><span class=""paranum"">၂၈၄</span>။ သီလဝိပတ္တိပစ္စယာ <a name=""M0.0177""></a> ကတိ အာပတ္တိယော အာပဇ္ဇတိ? သီလဝိပတ္တိပစ္စယာ စတဿော <a name=""V0.0200""></a> အာပတ္တိယော အာပဇ္ဇတိ – ဘိက္ခုနီ ဇာနံ ပါရာဇိကံ ဓမ္မံ ပဋိစ္ဆာဒေတိ, အာပတ္တိ ပါရာဇိကဿ၊ ဝေမတိကာ ပဋိစ္ဆာဒေတိ, အာပတ္တိ ထုလ္လစ္စယဿ၊ ဘိက္ခု သံဃာဒိသေသံ ပဋိစ္ဆာဒေတိ, အာပတ္တိ ပါစိတ္တိယဿ၊ အတ္တနော ဒုဋ္ဌုလ္လံ အာပတ္တိံ ပဋိစ္ဆာဒေတိ, အာပတ္တိ ဒုက္ကဋဿ – သီလဝိပတ္တိပစ္စယာ ဣမာ စတဿော အာပတ္တိယော အာပဇ္ဇတိ။</p>
<p class=""bodytext"">တာ အာပတ္တိယော စတုန္နံ ဝိပတ္တီနံ ကတိ ဝိပတ္တိယော ဘဇန္တိ…ပေ… သတ္တန္နံ သမထာနံ ကတိဟိ သမထေဟိ သမ္မန္တိ? တာ အာပတ္တိယော စတုန္နံ ဝိပတ္တီနံ ဒွေ ဝိပတ္တိယော ဘဇန္တိ – သိယာ သီလဝိပတ္တိံ, သိယာ အာစာရဝိပတ္တိံ။ သတ္တန္နံ အာပတ္တိက္ခန္ဓာနံ စတူဟိ အာပတ္တိက္ခန္ဓေဟိ သင်္ဂဟိတာ – သိယာ ပါရာဇိကာပတ္တိက္ခန္ဓေန, သိယာ ထုလ္လစ္စယာပတ္တိက္ခန္ဓေန, သိယာ ပါစိတ္တိယာပတ္တိက္ခန္ဓေန, သိယာ ဒုက္ကဋာပတ္တိက္ခန္ဓေန။ ဆန္နံ အာပတ္တိသမုဋ္ဌာနာနံ ဧကေန သမုဋ္ဌာနေန သမုဋ္ဌန္တိ – ကာယတော စ ဝါစတော စ စိတ္တတော စ သမုဋ္ဌန္တိ။ စတုန္နံ အဓိကရဏာနံ, အာပတ္တာဓိကရဏံ။ သတ္တန္နံ သမထာနံ တီဟိ သမထေဟိ သမ္မန္တိ – သိယာ သမ္မုခါဝိနယေန စ ပဋိညာတကရဏေန စ, သိယာ သမ္မုခါဝိနယေန စ တိဏဝတ္ထာရကေန စ။</p>
<p class=""bodytext""><a name=""para285""></a><a name=""para285_vin5""></a><span class=""paranum"">၂၈၅</span>။ အာစာရဝိပတ္တိပစ္စယာ ကတိ အာပတ္တိယော အာပဇ္ဇတိ? အာစာရဝိပတ္တိပစ္စယာ <a name=""T0.0253""></a> ဧကံ အာပတ္တိံ အာပဇ္ဇတိ။ အာစာရဝိပတ္တိံ ပဋိစ္ဆာဒေတိ, အာပတ္တိ ဒုက္ကဋဿ – အာစာရဝိပတ္တိပစ္စယာ ဣမံ ဧကံ အာပတ္တိံ အာပဇ္ဇတိ။</p>
<p class=""bodytext"">သာ အာပတ္တိ စတုန္နံ ဝိပတ္တီနံ ကတိ ဝိပတ္တိယော ဘဇတိ …ပေ… သတ္တန္နံ သမထာနံ ကတိဟိ သမထေဟိ သမ္မတိ? သာ အာပတ္တိ စတုန္နံ ဝိပတ္တီနံ ဧကံ ဝိပတ္တိံ ဘဇတိ – အာစာရဝိပတ္တိံ။ သတ္တန္နံ အာပတ္တိက္ခန္ဓာနံ ဧကေန အာပတ္တိက္ခန္ဓေန သင်္ဂဟိတာ – ဒုက္ကဋာပတ္တိက္ခန္ဓေန။ ဆန္နံ အာပတ္တိသမုဋ္ဌာနာနံ ဧကေန သမုဋ္ဌာနေန သမုဋ္ဌာတိ – ကာယတော စ ဝါစတော စ စိတ္တတော စ သမုဋ္ဌာတိ။ စတုန္နံ အဓိကရဏာနံ အာပတ္တာဓိကရဏံ။ သတ္တန္နံ သမထာနံ တီဟိ သမထေဟိ သမ္မတိ – သိယာ သမ္မုခါဝိနယေန စ ပဋိညာတကရဏေန စ, သိယာ သမ္မုခါဝိနယေန စ တိဏဝတ္ထာရကေန စ။</p>
",-284-285-
2048,mula_vi_05,178,"<p class=""bodytext""><a name=""para286""></a><a name=""para286_vin5""></a><span class=""paranum"">၂၈၆</span>။ ဒိဋ္ဌိဝိပတ္တိပစ္စယာ <a name=""M0.0178""></a> ကတိ အာပတ္တိယော အာပဇ္ဇတိ? ဒိဋ္ဌိဝိပတ္တိပစ္စယာ ဒွေ အာပတ္တိယော အာပဇ္ဇတိ။ ပါပိကာယ ဒိဋ္ဌိယာ ယာဝတတိယံ သမနုဘာသနာယ န ပဋိနိဿဇ္ဇတိ, ဉတ္တိယာ ဒုက္ကဋံ <span class=""note"">[ဉတ္တိယာ ဒုက္ကဋံ, ဒွီဟိ ကမ္မဝါစာဟိ ဒုက္ကဋာ (သျာ။ က။)]</span>၊ ကမ္မဝါစာပရိယောသာနေ အာပတ္တိ ပါစိတ္တိယဿ – ဒိဋ္ဌိဝိပတ္တိပစ္စယာ ဣမာ ဒွေ အာပတ္တိယော အာပဇ္ဇတိ။</p>
<p class=""bodytext"">တာ <a name=""V0.0201""></a> အာပတ္တိယော စတုန္နံ ဝိပတ္တီနံ ကတိ ဝိပတ္တိယော ဘဇန္တိ…ပေ… သတ္တန္နံ သမထာနံ ကတိဟိ သမထေဟိ သမ္မန္တိ? တာ အာပတ္တိယော စတုန္နံ ဝိပတ္တီနံ ဧကံ ဝိပတ္တိံ ဘဇန္တိ – အာစာရဝိပတ္တိံ။ သတ္တန္နံ အာပတ္တိက္ခန္ဓာနံ ဒွီဟိ အာပတ္တိက္ခန္ဓေဟိ သင်္ဂဟိတာ <a name=""P5.0099""></a> – သိယာ ပါစိတ္တိယာပတ္တိက္ခန္ဓေန<a name=""T0.0254""></a>, သိယာ ဒုက္ကဋာပတ္တိက္ခန္ဓေန။ ဆန္နံ အာပတ္တိသမုဋ္ဌာနာနံ ဧကေန သမုဋ္ဌာနေန သမုဋ္ဌန္တိ – ကာယတော စ ဝါစတော စ စိတ္တတော စ သမုဋ္ဌန္တိ။ စတုန္နံ အဓိကရဏာနံ, အာပတ္တာဓိကရဏံ။ သတ္တန္နံ သမထာနံ တီဟိ သမထေဟိ သမ္မန္တိ – သိယာ သမ္မုခါဝိနယေန စ ပဋိညာတကရဏေန စ, သိယာ သမ္မုခါဝိနယေန စ တိဏဝတ္ထာရကေန စ။</p>
<p class=""bodytext""><a name=""para287""></a><a name=""para287_vin5""></a><span class=""paranum"">၂၈၇</span>။ အာဇီဝဝိပတ္တိပစ္စယာ ကတိ အာပတ္တိယော အာပဇ္ဇတိ? အာဇီဝဝိပတ္တိပစ္စယာ ဆ အာပတ္တိယော အာပဇ္ဇတိ – အာဇီဝဟေတု အာဇီဝကာရဏာ ပါပိစ္ဆော ဣစ္ဆာပကတော အသန္တံ အဘူတံ ဥတ္တရိမနုဿဓမ္မံ ဥလ္လပတိ, အာပတ္တိ ပါရာဇိကဿ၊ အာဇီဝဟေတု အာဇီဝကာရဏာ သဉ္စရိတ္တံ သမာပဇ္ဇတိ, အာပတ္တိ သံဃာဒိသေသဿ၊ အာဇီဝဟေတု အာဇီဝကာရဏာ ‘‘ယော တေ ဝိဟာရေ ဝသတိ, သော ဘိက္ခု အရဟာ’’တိ ဘဏတိ, ပဋိဝိဇာနန္တဿ အာပတ္တိ ထုလ္လစ္စယဿ၊ အာဇီဝဟေတု အာဇီဝကာရဏာ ဘိက္ခု ပဏီတဘောဇနာနိ အတ္တနော အတ္ထာယ ဝိညာပေတွာ ဘုဉ္ဇတိ, အာပတ္တိ ပါစိတ္တိယဿ၊ အာဇီဝဟေတု အာဇီဝကာရဏာ ဘိက္ခုနီ ပဏီတဘောဇနာနိ အတ္တနော အတ္ထာယ ဝိညာပေတွာ ဘုဉ္ဇတိ, အာပတ္တိ ပါဋိဒေသနီယဿ၊ အာဇီဝဟေတု အာဇီဝကာရဏာ သူပံ ဝါ ဩဒနံ ဝါ အဂိလာနော အတ္တနော အတ္ထာယ ဝိညာပေတွာ ဘုဉ္ဇတိ, အာပတ္တိ ဒုက္ကဋဿ – အာဇီဝဝိပတ္တိပစ္စယာ ဣမာ ဆ အာပတ္တိယော အာပဇ္ဇတိ။</p>
<p class=""bodytext"">တာ အာပတ္တိယော စတုန္နံ ဝိပတ္တီနံ ကတိ ဝိပတ္တိယော ဘဇန္တိ…ပေ… သတ္တန္နံ သမထာနံ ကတိဟိ သမထေဟိ သမ္မန္တိ။ တာ အာပတ္တိယော စတုန္နံ ဝိပတ္တီနံ</p>
",-286-287-
2049,mula_vi_05,179,"<p class=""noindentbodytext""> ဒွေ<a name=""M0.0179""></a> ဝိပတ္တိယော <a name=""T0.0255""></a> ဘဇန္တိ – သိယာ သီလဝိပတ္တိံ, သိယာ အာစာရဝိပတ္တိံ။ သတ္တန္နံ အာပတ္တိက္ခန္ဓာနံ ဆဟိ အာပတ္တိက္ခန္ဓေဟိ သင်္ဂဟိတာ – သိယာ ပါရာဇိကာပတ္တိက္ခန္ဓေန, သိယာ သံဃာဒိသေသာပတ္တိက္ခန္ဓေန, သိယာ ထုလ္လစ္စယာပတ္တိက္ခန္ဓေန, သိယာ ပါစိတ္တိယာပတ္တိက္ခန္ဓေန, သိယာ ပါဋိဒေသနီယာပတ္တိက္ခန္ဓေန, သိယာ ဒုက္ကဋာပတ္တိက္ခန္ဓေန။ ဆန္နံ အာပတ္တိသမုဋ္ဌာနာနံ ဆဟိ သမုဋ္ဌာနေဟိ သမုဋ္ဌန္တိ – သိယာ ကာယတော သမုဋ္ဌန္တိ, န ဝါစတော န စိတ္တတော၊ သိယာ ဝါစတော သမုဋ္ဌန္တိ, န ကာယတော န စိတ္တတော၊ သိယာ ကာယတော စ ဝါစတော စ သမုဋ္ဌန္တိ, န စိတ္တတော၊ သိယာ ကာယတော စ စိတ္တတော စ သမုဋ္ဌန္တိ, န ဝါစတော၊ သိယာ ဝါစတော စ စိတ္တတော စ သမုဋ္ဌန္တိ, န ကာယတော၊ သိယာ ကာယတော စ ဝါစတော စ စိတ္တတော စ သမုဋ္ဌန္တိ။ စတုန္နံ အဓိကရဏာနံ, အာပတ္တာဓိကရဏံ။ သတ္တန္နံ သမထာနံ တီဟိ <a name=""V0.0202""></a> သမထေဟိ သမ္မန္တိ – သိယာ သမ္မုခါဝိနယေန စ ပဋိညာတကရဏေန စ, သိယာ သမ္မုခါဝိနယေန စ တိဏဝတ္ထာရကေန စ။</p>
<p class=""centered"">ဝိပတ္တိပစ္စယဝါရော နိဋ္ဌိတော စတုတ္ထော။</p>
<p class=""subhead"">၅။ အဓိကရဏပစ္စယဝါရော</p>
<p class=""bodytext""><a name=""para288""></a><a name=""para288_vin5""></a><span class=""paranum"">၂၈၈</span>။ ဝိဝါဒါဓိကရဏပစ္စယာ ကတိ အာပတ္တိယော အာပဇ္ဇတိ? ဝိဝါဒါဓိကရဏပစ္စယာ ဒွေ အာပတ္တိယော အာပဇ္ဇတိ – ဥပသမ္ပန္နံ ဩမသတိ, အာပတ္တိ ပါစိတ္တိယဿ၊ အနုပသမ္ပန္နံ ဩမသတိ, အာပတ္တိ ဒုက္ကဋဿ – ဝိဝါဒါဓိကရဏပစ္စယာ ဣမာ ဒွေ အာပတ္တိယော အာပဇ္ဇတိ။</p>
<p class=""bodytext"">တာ အာပတ္တိယော စတုန္နံ <a name=""T0.0256""></a> ဝိပတ္တီနံ ကတိ ဝိပတ္တိယော ဘဇန္တိ…ပေ… သတ္တန္နံ သမထာနံ ကတိဟိ သမထေဟိ သမ္မန္တိ? တာ အာပတ္တိယော စတုန္နံ ဝိပတ္တီနံ ဧကံ ဝိပတ္တိံ ဘဇန္တိ – အာစာရဝိပတ္တိံ။ သတ္တန္နံ အာပတ္တိက္ခန္ဓာနံ ဒွီဟိ အာပတ္တိက္ခန္ဓေဟိ သင်္ဂဟိတာ – သိယာ ပါစိတ္တိယာပတ္တိက္ခန္ဓေန, သိယာ ဒုက္ကဋာပတ္တိက္ခန္ဓေန။ ဆန္နံ အာပတ္တိသမုဋ္ဌာနာနံ တီဟိ သမုဋ္ဌာနေဟိ သမုဋ္ဌန္တိ – သိယာ ကာယတော စ စိတ္တတော စ သမုဋ္ဌန္တိ, န ဝါစတော၊ <a name=""P5.0100""></a> သိယာ ဝါစတော စ စိတ္တတော စ သမုဋ္ဌန္တိ, န ကာယတော၊ သိယာ ကာယတော စ ဝါစတော စ</p>
",-288-
2050,mula_vi_05,180,"<p class=""noindentbodytext""> စိတ္တတော<a name=""M0.0180""></a> စ သမုဋ္ဌန္တိ။ စတုန္နံ အဓိကရဏာနံ, အာပတ္တာဓိကရဏံ။ သတ္တန္နံ သမထာနံ တီဟိ သမထေဟိ သမ္မန္တိ – သိယာ သမ္မုခါဝိနယေန စ ပဋိညာတကရဏေန စ, သိယာ သမ္မုခါဝိနယေန စ တိဏဝတ္ထာရကေန စ။</p>
<p class=""bodytext""><a name=""para289""></a><a name=""para289_vin5""></a><span class=""paranum"">၂၈၉</span>။ အနုဝါဒါဓိကရဏပစ္စယာ ကတိ အာပတ္တိယော အာပဇ္ဇတိ? အနုဝါဒါဓိကရဏပစ္စယာ တိဿော အာပတ္တိယော အာပဇ္ဇတိ။ ဘိက္ခုံ အမူလကေန ပါရာဇိကေန ဓမ္မေန အနုဒ္ဓံသေတိ, အာပတ္တိ သံဃာဒိသေသဿ၊ အမူလကေန သံဃာဒိသေသေန အနုဒ္ဓံသေတိ, အာပတ္တိ ပါစိတ္တိယဿ၊ အမူလိကာယ အာစာရဝိပတ္တိယာ အနုဒ္ဓံသေတိ, အာပတ္တိ ဒုက္ကဋဿ – အနုဝါဒါဓိကရဏပစ္စယာ ဣမာ တိဿော အာပတ္တိယော အာပဇ္ဇတိ။</p>
<p class=""bodytext"">တာ အာပတ္တိယော စတုန္နံ ဝိပတ္တီနံ ကတိ ဝိပတ္တိယော ဘဇန္တိ…ပေ… သတ္တန္နံ သမထာနံ ကတိဟိ သမထေဟိ သမ္မန္တိ? တာ အာပတ္တိယော စတုန္နံ ဝိပတ္တီနံ ဒွေ ဝိပတ္တိယော ဘဇန္တိ – သိယာ သီလဝိပတ္တိံ, သိယာ အာစာရဝိပတ္တိံ။ သတ္တန္နံ အာပတ္တိက္ခန္ဓာနံ တီဟိ အာပတ္တိက္ခန္ဓေဟိ သင်္ဂဟိတာ – သိယာ သံဃာဒိသေသာပတ္တိက္ခန္ဓေန, သိယာ ပါစိတ္တိယာပတ္တိက္ခန္ဓေန, သိယာ ဒုက္ကဋာပတ္တိက္ခန္ဓေန<a name=""T0.0257""></a><a name=""V0.0203""></a>။ ဆန္နံ အာပတ္တိသမုဋ္ဌာနာနံ တီဟိ သမုဋ္ဌာနေဟိ သမုဋ္ဌန္တိ – သိယာ ကာယတော စ စိတ္တတော စ သမုဋ္ဌန္တိ, န ဝါစတော၊ သိယာ ဝါစတော စ စိတ္တတော စ သမုဋ္ဌန္တိ, န ကာယတော၊ သိယာ ကာယတော စ ဝါစတော စ စိတ္တတော စ သမုဋ္ဌန္တိ။ စတုန္နံ အဓိကရဏာနံ, အာပတ္တာဓိကရဏံ။ သတ္တန္နံ သမထာနံ တီဟိ သမထေဟိ သမ္မန္တိ – သိယာ သမ္မုခါဝိနယေန စ ပဋိညာတကရဏေန စ, သိယာ သမ္မုခါဝိနယေန စ တိဏဝတ္ထာရကေန စ။</p>
<p class=""bodytext""><a name=""para290""></a><a name=""para290_vin5""></a><span class=""paranum"">၂၉၀</span>။ အာပတ္တာဓိကရဏပစ္စယာ ကတိ အာပတ္တိယော အာပဇ္ဇတိ? အာပတ္တာဓိကရဏပစ္စယာ စတဿော အာပတ္တိယော အာပဇ္ဇတိ။ ဘိက္ခုနီ ဇာနံ ပါရာဇိကံ ဓမ္မံ ပဋိစ္ဆာဒေတိ, အာပတ္တိ ပါရာဇိကဿ၊ ဝေမတိကာ ပဋိစ္ဆာဒေတိ, အာပတ္တိ ထုလ္လစ္စယဿ၊ ဘိက္ခု သံဃာဒိသေသံ ပဋိစ္ဆာဒေတိ၊ အာပတ္တိ ပါစိတ္တိယဿ၊ အာစာရဝိပတ္တိံ ပဋိစ္ဆာဒေတိ, အာပတ္တိ ဒုက္ကဋဿ – အာပတ္တာဓိကရဏပစ္စယာ ဣမာ စတဿော အာပတ္တိယော အာပဇ္ဇတိ။</p>
<p class=""bodytext"">တာ အာပတ္တိယော စတုန္နံ ဝိပတ္တီနံ ကတိ ဝိပတ္တိယော ဘဇန္တိ…ပေ… သတ္တန္နံ သမထာနံ ကတိဟိ သမထေဟိ သမ္မန္တိ? တာ အာပတ္တိယော စတုန္နံ ဝိပတ္တီနံ ဒွေ ဝိပတ္တိယော ဘဇန္တိ – သိယာ သီလဝိပတ္တိံ, သိယာ အာစာရဝိပတ္တိံ။</p>
",-289-290-
2051,mula_vi_05,181,"<p class=""noindentbodytext""> သတ္တန္နံ<a name=""M0.0181""></a> အာပတ္တိက္ခန္ဓာနံ စတူဟိ အာပတ္တိက္ခန္ဓေဟိ သင်္ဂဟိတာ – သိယာ ပါရာဇိကာပတ္တိက္ခန္ဓေန, သိယာ ထုလ္လစ္စယာပတ္တိက္ခန္ဓေန, သိယာ ပါစိတ္တိယာပတ္တိက္ခန္ဓေန, သိယာ ဒုက္ကဋာပတ္တိက္ခန္ဓေန။ ဆန္နံ အာပတ္တိသမုဋ္ဌာနာနံ ဧကေန သမုဋ္ဌာနေန <a name=""T0.0258""></a> သမုဋ္ဌန္တိ – ကာယတော စ ဝါစတော စ စိတ္တတော စ သမုဋ္ဌန္တိ။ စတုန္နံ အဓိကရဏာနံ, အာပတ္တာဓိကရဏံ။ သတ္တန္နံ သမထာနံ တီဟိ သမထေဟိ သမ္မန္တိ – သိယာ သမ္မုခါဝိနယေန စ ပဋိညာတကရဏေန စ, သိယာ သမ္မုခါဝိနယေန စ တိဏဝတ္ထာရကေန စ။</p>
<p class=""bodytext""><a name=""para291""></a><a name=""para291_vin5""></a><span class=""paranum"">၂၉၁</span>။ ကိစ္စာဓိကရဏပစ္စယာ ကတိ အာပတ္တိယော အာပဇ္ဇတိ? ကိစ္စာဓိကရဏပစ္စယာ ပဉ္စ အာပတ္တိယော အာပဇ္ဇတိ။ ဥက္ခိတ္တာနုဝတ္တိကာ ဘိက္ခုနီ ယာဝတတိယံ သမနုဘာသနာယ န ပဋိနိဿဇ္ဇတိ, ဉတ္တိယာ ဒုက္ကဋံ၊ ဒွီဟိ ကမ္မဝါစာဟိ ထုလ္လစ္စယာ၊ ကမ္မဝါစာပရိယောသာနေ အာပတ္တိ ပါရာဇိကဿ။ ဘေဒကာနုဝတ္တကာ ဘိက္ခူ ယာဝတတိယံ သမနုဘာသနာယ န ပဋိနိဿဇ္ဇန္တိ, အာပတ္တိ သံဃာဒိသေသဿ၊ ပါပိကာယ ဒိဋ္ဌိယာ ယာဝတတိယံ သမနုဘာသနာယ န ပဋိနိဿဇ္ဇတိ, အာပတ္တိ ပါစိတ္တိယဿ <a name=""P5.0101""></a> – ကိစ္စာဓိကရဏပစ္စယာ ဣမာ ပဉ္စ အာပတ္တိယော အာပဇ္ဇတိ။</p>
<p class=""bodytext"">တာ အာပတ္တိယော စတုန္နံ ဝိပတ္တီနံ ကတိ ဝိပတ္တိယော ဘဇန္တိ…ပေ… သတ္တန္နံ သမထာနံ ကတိဟိ <a name=""V0.0204""></a> သမထေဟိ သမ္မန္တိ? တာ အာပတ္တိယော စတုန္နံ ဝိပတ္တီနံ ဒွေ ဝိပတ္တိယော ဘဇန္တိ – သိယာ သီလဝိပတ္တိံ, သိယာ အာစာရဝိပတ္တိံ။ သတ္တန္နံ အာပတ္တိက္ခန္ဓာနံ ပဉ္စဟိ အာပတ္တိက္ခန္ဓေဟိ သင်္ဂဟိတာ – သိယာ ပါရာဇိကာပတ္တိက္ခန္ဓေန, သိယာ သံဃာဒိသေသာပတ္တိက္ခန္ဓေန, သိယာ ထုလ္လစ္စယာပတ္တိက္ခန္ဓေန, သိယာ ပါစိတ္တိယာပတ္တိက္ခန္ဓေန, သိယာ ဒုက္ကဋာပတ္တိက္ခန္ဓေန။ ဆန္နံ အာပတ္တိသမုဋ္ဌာနာနံ ဧကေန သမုဋ္ဌာနေန သမုဋ္ဌန္တိ – ကာယတော စ ဝါစတော စ စိတ္တတော စ သမုဋ္ဌန္တိ<a name=""T0.0259""></a>။ စတုန္နံ အဓိကရဏာနံ, အာပတ္တာဓိကရဏံ။ သတ္တန္နံ သမထာနံ တီဟိ သမထေဟိ သမ္မန္တိ – သိယာ သမ္မုခါဝိနယေန စ ပဋိညာတကရဏေန စ, သိယာ သမ္မုခါဝိနယေန စ တိဏဝတ္ထာရကေန စ။</p>
<p class=""bodytext"">ဌပေတွာ သတ္တ အာပတ္တိယော သတ္တ အာပတ္တိက္ခန္ဓေ, အဝသေသာ အာပတ္တိယော စတုန္နံ ဝိပတ္တီနံ ကတိ ဝိပတ္တိယော ဘဇန္တိ? သတ္တန္နံ အာပတ္တိက္ခန္ဓာနံ ကတိဟိ အာပတ္တိက္ခန္ဓေဟိ သင်္ဂဟိတာ? ဆန္နံ အာပတ္တိသမုဋ္ဌာနာနံ ကတိဟိ သမုဋ္ဌာနေဟိ သမုဋ္ဌန္တိ? စတုန္နံ အဓိကရဏာနံ ကတမံ အဓိကရဏံ? သတ္တန္နံ သမထာနံ ကတိဟိ သမထေဟိ သမ္မန္တိ? ဌပေတွာ သတ္တ အာပတ္တိယော</p>
",-291-
2052,mula_vi_05,182,"<p class=""noindentbodytext""> သတ္တ<a name=""M0.0182""></a> အာပတ္တိက္ခန္ဓေ အဝသေသာ အာပတ္တိယော စတုန္နံ ဝိပတ္တီနံ န ကတမံ ဝိပတ္တိံ ဘဇန္တိ? သတ္တန္နံ အာပတ္တိက္ခန္ဓာနံ န ကတမေန အာပတ္တိက္ခန္ဓေန သင်္ဂဟိတာ။ ဆန္နံ အာပတ္တိသမုဋ္ဌာနာနံ န ကတမေန အာပတ္တိသမုဋ္ဌာနေန သမုဋ္ဌန္တိ။ စတုန္နံ အဓိကရဏာနံ န ကတမံ အဓိကရဏံ။ သတ္တန္နံ သမထာနံ န ကတမေန သမထေန သမ္မန္တိ။ တံ ကိဿ ဟေတု? ဌပေတွာ သတ္တ အာပတ္တိယော သတ္တ အာပတ္တိက္ခန္ဓေ, နတ္ထညာ အာပတ္တိယောတိ။</p>
<p class=""centered"">အဓိကရဏပစ္စယဝါရော နိဋ္ဌိတော ပဉ္စမော။</p>
<p class=""centered"">အန္တရပေယျာလံ <span class=""note"">[အနန္တရပေယျာလံ (သီ။ သျာ။)]</span> နိဋ္ဌိတံ။</p>
<p class=""centered"">တဿုဒ္ဒါနံ –</p>
<p class=""gatha1"">ကတိပုစ္ဆာ သမုဋ္ဌာနာ, ကတာပတ္တိ တထေဝ စ၊</p>
<p class=""gathalast"">သမုဋ္ဌာနာ ဝိပတ္တိ စ, တထာဓိကရဏေန စာတိ။</p>
",
2053,mula_vi_05,183,"<p class=""title"">သမထဘေဒေါ</p>
<p class=""subhead"">၆။ အဓိကရဏပရိယာယဝါရော</p>
<p class=""bodytext""><a name=""para292""></a><a name=""para292_vin5""></a><span class=""paranum"">၂၉၂</span>။ ဝိဝါဒါဓိကရဏဿ <a name=""T0.0260""></a><a name=""M0.0183""></a><a name=""V0.0205""></a> – ကိံ ပုဗ္ဗင်္ဂမံ? ကတိ ဌာနာနိ? ကတိ ဝတ္ထူနိ? ကတိ ဘူမိယော? ကတိ ဟေတူ? ကတိ မူလာနိ? ကတိဟာကာရေဟိ ဝိဝဒတိ? ဝိဝါဒါဓိကရဏံ ကတိဟိ သမထေဟိ သမ္မတိ?</p>
<p class=""bodytext"">အနုဝါဒါဓိကရဏဿ – ကိံ ပုဗ္ဗင်္ဂမံ? ကတိ ဌာနာနိ? ကတိ ဝတ္ထူနိ? ကတိ ဘူမိယော? ကတိ ဟေတူ? ကတိ မူလာနိ? ကတိဟာကာရေဟိ အနုဝဒတိ? အနုဝါဒါဓိကရဏံ ကတိဟိ သမထေဟိ သမ္မတိ?</p>
<p class=""bodytext"">အာပတ္တာဓိကရဏဿ – ကိံ ပုဗ္ဗင်္ဂမံ? ကတိ ဌာနာနိ? ကတိ ဝတ္ထူနိ? ကတိ ဘူမိယော? ကတိ ဟေတူ? ကတိ မူလာနိ? ကတိဟာကာရေဟိ အာပတ္တိံ အာပဇ္ဇတိ? အာပတ္တာဓိကရဏံ ကတိဟိ သမထေဟိ သမ္မတိ?</p>
<p class=""bodytext"">ကိစ္စာဓိကရဏဿ – ကိံ ပုဗ္ဗင်္ဂမံ? ကတိ ဌာနာနိ? ကတိ ဝတ္ထူနိ? ကတိ ဘူမိယော? ကတိ ဟေတူ? ကတိ မူလာနိ? ကတိဟာကာရေဟိ ကိစ္စံ ဇာယတိ? ကိစ္စာဓိကရဏံ ကတိဟိ သမထေဟိ သမ္မတိ?</p>
<p class=""bodytext""><a name=""para293""></a><a name=""para293_vin5""></a><span class=""paranum"">၂၉၃</span>။ ဝိဝါဒါဓိကရဏဿ <a name=""P5.0102""></a> ကိံ ပုဗ္ဗင်္ဂမန္တိ? လောဘော ပုဗ္ဗင်္ဂမော, ဒေါသော ပုဗ္ဗင်္ဂမော, မောဟော ပုဗ္ဗင်္ဂမော, အလောဘော ပုဗ္ဗင်္ဂမော, အဒေါသော ပုဗ္ဗင်္ဂမော, အမောဟော ပုဗ္ဗင်္ဂမော။ ကတိ ဌာနာနီတိ? အဋ္ဌာရသ ဘေဒကရဝတ္ထူနိ ဌာနာနိ။ ကတိ ဝတ္ထူနီတိ? အဋ္ဌာရသ ဘေဒကရဝတ္ထူနိ။ ကတိ ဘူမိယောတိ? အဋ္ဌာရသ ဘေဒကရဝတ္ထူနိ ဘူမိယော။ ကတိ ဟေတူတိ? နဝ ဟေတူ – တယော ကုသလဟေတူ<a name=""V0.0206""></a>, တယော အကုသလဟေတူ, တယော အဗျာကတဟေတူ။ ကတိ မူလာနီတိ? ဒွါဒသ မူလာနိ။ ကတိဟာကာရေဟိ ဝိဝဒတီတိ? ဒွီဟာကာရေဟိ ဝိဝဒတိ – ဓမ္မဒိဋ္ဌိ ဝါ အဓမ္မဒိဋ္ဌိ ဝါ။ <span class=""note"">[စူဠဝ။ ၂၂၈]</span> ဝိဝါဒါဓိကရဏံ ကတိဟိ သမထေဟိ သမ္မတီတိ? ဝိဝါဒါဓိကရဏံ <a name=""T0.0261""></a> ဒွီဟိ သမထေဟိ သမ္မတိ – သမ္မုခါဝိနယေန စ ယေဘုယျသိကာယ စ။</p>
<p class=""bodytext""><a name=""para294""></a><a name=""para294_vin5""></a><span class=""paranum"">၂၉၄</span>။ အနုဝါဒါဓိကရဏဿ ကိံ ပုဗ္ဗင်္ဂမန္တိ? လောဘော ပုဗ္ဗင်္ဂမော, ဒေါသော ပုဗ္ဗင်္ဂမော, မောဟော ပုဗ္ဗင်္ဂမော, အလောဘော ပုဗ္ဗင်္ဂမော, အဒေါသော ပုဗ္ဗင်္ဂမော, အမောဟော ပုဗ္ဗင်္ဂမော။ ကတိ ဌာနာနီတိ? စတဿော</p>
",-292-293-294-
2054,mula_vi_05,184,"<p class=""noindentbodytext""> ဝိပတ္တိယော<a name=""M0.0184""></a> ဌာနာနိ။ ကတိ ဝတ္ထူနီတိ? စတဿော ဝိပတ္တိယော ဝတ္ထူနိ။ ကတိ ဘူမိယောတိ? စတဿော ဝိပတ္တိယော ဘူမိယော။ ကတိ ဟေတူတိ? နဝ ဟေတူ – တယော ကုသလဟေတူ, တယော အကုသလဟေတူ, တယော အဗျာကတဟေတူ။ ကတိ မူလာနီတိ? စုဒ္ဒသ မူလာနိ။ ကတိဟာကာရေဟိ အနုဝဒတီတိ? ဒွီဟာကာရေဟိ အနုဝဒတိ – ဝတ္ထုတော ဝါ အာပတ္တိတော ဝါ။ <span class=""note"">[စူဠဝ။ ၂၃၆]</span> အနုဝါဒါဓိကရဏံ ကတိဟိ သမထေဟိ သမ္မတီတိ? အနုဝါဒါဓိကရဏံ စတူဟိ သမထေဟိ သမ္မတိ – သမ္မုခါဝိနယေန စ သတိဝိနယေန စ အမူဠှဝိနယေန စ တဿပါပိယသိကာယ စ။</p>
<p class=""bodytext""><a name=""para295""></a><a name=""para295_vin5""></a><span class=""paranum"">၂၉၅</span>။ အာပတ္တာဓိကရဏဿ ကိံ ပုဗ္ဗင်္ဂမန္တိ? လောဘော ပုဗ္ဗင်္ဂမော, ဒေါသော ပုဗ္ဗင်္ဂမော, မောဟော ပုဗ္ဗင်္ဂမော, အလောဘော ပုဗ္ဗင်္ဂမော, အဒေါသော ပုဗ္ဗင်္ဂမော, အမောဟော ပုဗ္ဗင်္ဂမော။ ကတိ ဌာနာနီတိ? သတ္တ အာပတ္တိက္ခန္ဓာ ဌာနာနိ။ ကတိ ဝတ္ထူနီတိ? သတ္တ အာပတ္တိက္ခန္ဓာ ဝတ္ထူနိ။ ကတိ ဘူမိယောတိ? သတ္တ အာပတ္တိက္ခန္ဓာ ဘူမိယော။ ကတိ ဟေတူတိ? ဆ ဟေတူ <span class=""note"">[ကတိ ဟေတူတိ နဝ ဟေတူ, တယော ကုသလဟေတူ (သီ။ သျာ။)]</span> – တယော အကုသလဟေတူ, တယော အဗျာကတဟေတူ။ ကတိ မူလာနီတိ? ဆ အာပတ္တိသမုဋ္ဌာနာနိ မူလာနိ<a name=""T0.0262""></a>။ ကတိဟာကာရေဟိ အာပတ္တိံ အာပဇ္ဇတီတိ? ဆဟာကာရေဟိ အာပတ္တိံ အာပဇ္ဇတိ – အလဇ္ဇိတာ, အညာဏတာ, ကုက္ကုစ္စပကတတာ, အကပ္ပိယေ ကပ္ပိယသညိတာ, ကပ္ပိယေ အကပ္ပိယသညိတာ, သတိသမ္မောသာ။ <span class=""note"">[စူဠဝ။ ၂၃၉]</span> အာပတ္တာဓိကရဏံ ကတိဟိ သမထေဟိ သမ္မတီတိ? အာပတ္တာဓိကရဏံ တီဟိ သမထေဟိ သမ္မတိ – သမ္မုခါဝိနယေန စ ပဋိညာတကရဏေန စ, သမ္မုခါဝိနယေန စ တိဏဝတ္ထာရကေန စ။</p>
<p class=""bodytext""><a name=""para296""></a><a name=""para296_vin5""></a><span class=""paranum"">၂၉၆</span>။ ကိစ္စာဓိကရဏဿ ကိံ ပုဗ္ဗင်္ဂမန္တိ? လောဘော ပုဗ္ဗင်္ဂမော, ဒေါသော ပုဗ္ဗင်္ဂမော, မောဟော ပုဗ္ဗင်္ဂမော, အလောဘော ပုဗ္ဗင်္ဂမော, အဒေါသော ပုဗ္ဗင်္ဂမော, အမောဟော ပုဗ္ဗင်္ဂမော။ ကတိ ဌာနာနီတိ? စတ္တာရိ ကမ္မာနိ ဌာနာနိ။ ကတိ ဝတ္ထူနီတိ? စတ္တာရိ ကမ္မာနိ ဝတ္ထူနိ။ ကတိ ဘူမိယောတိ? စတ္တာရိ ကမ္မာနိ ဘူမိယော။ ကတိ ဟေတူတိ? နဝ ဟေတူ – တယော ကုသလဟေတူ, တယော အကုသလဟေတူ, တယော အဗျာကတဟေတူ။ ကတိ မူလာနီတိ? ဧကံ မူလံ – သံဃော။ ကတိဟာကာရေဟိ ကိစ္စံ ဇာယတီတိ<a name=""V0.0207""></a>? ဒွီဟာကာရေဟိ ကိစ္စံ ဇာယတိ – ဉတ္တိတော ဝါ အပလောကနတော ဝါ။ <span class=""note"">[စူဠဝ။ ၂၄၂]</span></p>
",-295-296-
2055,mula_vi_05,185,"<p class=""noindentbodytext""> ကိစ္စာဓိကရဏံ<a name=""M0.0185""></a> ကတိဟိ သမထေဟိ သမ္မတီတိ? ကိစ္စာဓိကရဏံ ဧကေန သမထေန သမ္မတိ – သမ္မုခါဝိနယေန။</p>
<p class=""bodytext"">ကတိ <a name=""P5.0103""></a> သမထာ? သတ္တ သမထာ။ သမ္မုခါဝိနယော, သတိဝိနယော, အမူဠှဝိနယော, ပဋိညာတကရဏံ, ယေဘုယျသိကာ, တဿပါပိယသိကာ, တိဏဝတ္ထာရကော – ဣမေ သတ္တ သမထာ။</p>
<p class=""bodytext"">သိယာ ဣမေ သတ္တ သမထာ ဒသ သမထာ ဟောန္တိ, ဒသ သမထာ သတ္တ သမထာ ဟောန္တိ ဝတ္ထုဝသေန ပရိယာယေန သိယာတိ။</p>
<p class=""bodytext"">ကထဉ္စ သိယာ? ဝိဝါဒါဓိကရဏဿ ဒွေ သမထာ<a name=""T0.0263""></a>, အနုဝါဒါဓိကရဏဿ စတ္တာရော သမထာ, အာပတ္တာဓိကရဏဿ တယော သမထာ, ကိစ္စာဓိကရဏဿ ဧကော သမထော။ ဧဝံ ဣမေ သတ္တ သမထာ ဒသ သမထာ ဟောန္တိ, ဒသ သမထာ သတ္တ သမထာ ဟောန္တိ ဝတ္ထုဝသေန ပရိယာယေန။</p>
<p class=""centered"">ပရိယာယဝါရော နိဋ္ဌိတော ဆဋ္ဌော။</p>
<p class=""subhead"">၇။ သာဓာရဏဝါရော</p>
<p class=""bodytext""><a name=""para297""></a><a name=""para297_vin5""></a><span class=""paranum"">၂၉၇</span>။ ကတိ သမထာ ဝိဝါဒါဓိကရဏဿ သာဓာရဏာ? ကတိ သမထာ ဝိဝါဒါဓိကရဏဿ အသာဓာရဏာ? ကတိ သမထာ အနုဝါဒါဓိကရဏဿ သာဓာရဏာ? ကတိ သမထာ အနုဝါဒါဓိကရဏဿ အသာဓာရဏာ? ကတိ သမထာ အာပတ္တာဓိကရဏဿ သာဓာရဏာ? ကတိ သမထာ အာပတ္တာဓိကရဏဿ အသာဓာရဏာ? ကတိ သမထာ ကိစ္စာဓိကရဏဿ သာဓာရဏာ? ကတိ သမထာ ကိစ္စာဓိကရဏဿ အသာဓာရဏာ?</p>
<p class=""bodytext"">ဒွေ သမထာ ဝိဝါဒါဓိကရဏဿ သာဓာရဏာ – သမ္မုခါဝိနယော, ယေဘုယျသိကာ။ ပဉ္စ သမထာ ဝိဝါဒါဓိကရဏဿ အသာဓာရဏာ – သတိဝိနယော, အမူဠှဝိနယော, ပဋိညာတကရဏံ, တဿပါပိယသိကာ, တိဏဝတ္ထာရကော။</p>
<p class=""bodytext"">စတ္တာရော သမထာ အနုဝါဒါဓိကရဏဿ သာဓာရဏာ – သမ္မုခါဝိနယော၊ သတိဝိနယော, အမူဠှဝိနယော, တဿပါပိယသိကာ။ တယော သမထာ အနုဝါဒါဓိကရဏဿ အသာဓာရဏာ – ယေဘုယျသိကာ, ပဋိညာတကရဏံ, တိဏဝတ္ထာရကော။</p>
",-297-
2056,mula_vi_05,186,"<p class=""bodytext"">တယော <a name=""M0.0186""></a><a name=""V0.0208""></a> သမထာ အာပတ္တာဓိကရဏဿ သာဓာရဏာ – သမ္မုခါဝိနယော, ပဋိညာတကရဏံ, တိဏဝတ္ထာရကော။ စတ္တာရော သမထာ အာပတ္တာဓိကရဏဿ အသာဓာရဏာ – ယေဘုယျသိကာ, သတိဝိနယော, အမူဠှဝိနယော, တဿပါပိယသိကာ<a name=""T0.0264""></a>။</p>
<p class=""bodytext"">ဧကော သမထော ကိစ္စာဓိကရဏဿ သာဓာရဏော – သမ္မုခါဝိနယော။ ဆ သမထာ ကိစ္စာဓိကရဏဿ အသာဓာရဏာ – ယေဘုယျသိကာ, သတိဝိနယော, အမူဠှဝိနယော, ပဋိညာတကရဏံ, တဿပါပိယသိကာ, တိဏဝတ္ထာရကော။</p>
<p class=""centered"">သာဓာရဏဝါရော နိဋ္ဌိတော သတ္တမော။</p>
<p class=""subhead"">၈။ တဗ္ဘာဂိယဝါရော</p>
<p class=""bodytext""><a name=""para298""></a><a name=""para298_vin5""></a><span class=""paranum"">၂၉၈</span>။ ကတိ သမထာ ဝိဝါဒါဓိကရဏဿ တဗ္ဘာဂိယာ? ကတိ သမထာ ဝိဝါဒါဓိကရဏဿ အညဘာဂိယာ? ကတိ သမထာ အနုဝါဒါဓိကရဏဿ တဗ္ဘာဂိယာ? ကတိ သမထာ အနုဝါဒါဓိကရဏဿ အညဘာဂိယာ? ကတိ သမထာ အာပတ္တာဓိကရဏဿ တဗ္ဘာဂိယာ? ကတိ သမထာ အာပတ္တာဓိကရဏဿ အညဘာဂိယာ? ကတိ သမထာ ကိစ္စာဓိကရဏဿ တဗ္ဘာဂိယာ? ကတိ သမထာ ကိစ္စာဓိကရဏဿ အညဘာဂိယာ?</p>
<p class=""bodytext"">ဒွေ <a name=""P5.0104""></a> သမထာ ဝိဝါဒါဓိကရဏဿ တဗ္ဘာဂိယာ – သမ္မုခါဝိနယော, ယေဘုယျသိကာ။ ပဉ္စ သမထာ ဝိဝါဒါဓိကရဏဿ အညဘာဂိယာ – သတိဝိနယော, အမူဠှဝိနယော, ပဋိညာတကရဏံ, တဿပါပိယသိကာ, တိဏဝတ္ထာရကော။</p>
<p class=""bodytext"">စတ္တာရော သမထာ အနုဝါဒါဓိကရဏဿ တဗ္ဘာဂိယာ – သမ္မုခါဝိနယော, သတိဝိနယော, အမူဠှဝိနယော, တဿပါပိယသိကာ။ တယော သမထာ အနုဝါဒါဓိကရဏဿ အညဘာဂိယာ – ယေဘုယျသိကာ, ပဋိညာတကရဏံ, တိဏဝတ္ထာရကော။</p>
<p class=""bodytext"">တယော သမထာ အာပတ္တာဓိကရဏဿ တဗ္ဘာဂိယာ – သမ္မုခါဝိနယော, ပဋိညာတကရဏံ, တိဏဝတ္ထာရကော။ စတ္တာရော သမထာ အာပတ္တာဓိကရဏဿ အညဘာဂိယာ – ယေဘုယျသိကာ, သတိဝိနယော, အမူဠှဝိနယော, တဿပါပိယသိကာ။</p>
",-298-
2057,mula_vi_05,187,"<p class=""bodytext"">ဧကော <a name=""T0.0265""></a><a name=""M0.0187""></a><a name=""V0.0209""></a> သမထော ကိစ္စာဓိကရဏဿ တဗ္ဘာဂိယော – သမ္မုခါဝိနယော။ ဆ သမထာ ကိစ္စာဓိကရဏဿ အညဘာဂိယာ – ယေဘုယျသိကာ, သတိဝိနယော, အမူဠှဝိနယော, ပဋိညာတကရဏံ, တဿပါပိယသိကာ, တိဏဝတ္ထာရကော။</p>
<p class=""centered"">တဗ္ဘာဂိယဝါရော နိဋ္ဌိတော အဋ္ဌမော။</p>
<p class=""subhead"">၉။ သမထာ သမထဿ သာဓာရဏဝါရော</p>
<p class=""bodytext""><a name=""para299""></a><a name=""para299_vin5""></a><span class=""paranum"">၂၉၉</span>။ သမထာ သမထဿ သာဓာရဏာ, သမထာ သမထဿ အသာဓာရဏာ။ သိယာ သမထာ သမထဿ သာဓာရဏာ, သိယာ သမထာ သမထဿ အသာဓာရဏာ။</p>
<p class=""bodytext"">ကထံ သိယာ သမထာ သမထဿ သာဓာရဏာ? ကထံ သိယာ သမထာ သမထဿ အသာဓာရဏာ? ယေဘုယျသိကာ သမ္မုခါဝိနယဿ သာဓာရဏာ, သတိဝိနယဿ အမူဠှဝိနယဿ ပဋိညာတကရဏဿ တဿပါပိယသိကာယ တိဏဝတ္ထာရကဿ အသာဓာရဏာ။</p>
<p class=""bodytext"">သတိဝိနယော သမ္မုခါဝိနယဿ သာဓာရဏော, အမူဠှဝိနယဿ ပဋိညာတကရဏဿ တဿပါပိယသိကာယ တိဏဝတ္ထာရကဿ ယေဘုယျသိကာယ အသာဓာရဏော။</p>
<p class=""bodytext"">အမူဠှဝိနယော သမ္မုခါဝိနယဿ သာဓာရဏော, ပဋိညာတကရဏဿ တဿပါပိယသိကာယ တိဏဝတ္ထာရကဿ ယေဘုယျသိကာယ သတိဝိနယဿ အသာဓာရဏော။</p>
<p class=""bodytext"">ပဋိညာတကရဏံ သမ္မုခါဝိနယဿ သာဓာရဏံ, တဿပါပိယသိကာယ တိဏဝတ္ထာရကဿ ယေဘုယျသိကာယ သတိဝိနယဿ အမူဠှဝိနယဿ အသာဓာရဏံ။</p>
<p class=""bodytext"">တဿပါပိယသိကာ သမ္မုခါဝိနယဿ သာဓာရဏာ, တိဏဝတ္ထာရကဿ ယေဘုယျသိကာယ သတိဝိနယဿ အမူဠှဝိနယဿ ပဋိညာတကရဏဿ အသာဓာရဏာ။</p>
<p class=""bodytext"">တိဏဝတ္ထာရကော သမ္မုခါဝိနယဿ သာဓာရဏော, ယေဘုယျသိကာယ သတိဝိနယဿ အမူဠှဝိနယဿ <a name=""V0.0210""></a> ပဋိညာတကရဏဿ တဿပါပိယသိကာယ</p>
",-299-
2058,mula_vi_05,188,"<p class=""noindentbodytext""> အသာဓာရဏော<a name=""M0.0188""></a>။ ဧဝံ <a name=""T0.0266""></a> သိယာ သမထာ သမထဿ သာဓာရဏာ၊ ဧဝံ သိယာ သမထာ သမထဿ အသာဓာရဏာ။</p>
<p class=""centered"">သမထာ သမထဿ သာဓာရဏဝါရော နိဋ္ဌိတော နဝမော။</p>
<p class=""subhead"">၁၀။ သမထာ သမထဿ တဗ္ဘာဂိယဝါရော</p>
<p class=""bodytext""><a name=""para300""></a><a name=""para300_vin5""></a><span class=""paranum"">၃၀၀</span>။ သမထာ သမထဿ တဗ္ဘာဂိယာ, သမထာ သမထဿ အညဘာဂိယာ။ သိယာ သမထာ သမထဿ တဗ္ဘာဂိယာ, သိယာ သမထာ သမထဿ အညဘာဂိယာ။</p>
<p class=""bodytext"">ကထံ သိယာ သမထာ သမထဿ တဗ္ဘာဂိယာ? ကထံ သိယာ သမထာ သမထဿ အညဘာဂိယာ? ယေဘုယျသိကာ သမ္မုခါဝိနယဿ တဗ္ဘာဂိယာ, သတိဝိနယဿ အမူဠှဝိနယဿ ပဋိညာတကရဏဿ တဿပါပိယသိကာယ တိဏဝတ္ထာရကဿ အညဘာဂိယာ။</p>
<p class=""bodytext"">သတိဝိနယော သမ္မုခါဝိနယဿ တဗ္ဘာဂိယော, အမူဠှဝိနယဿ ပဋိညာတကရဏဿ တဿပါပိယသိကာယ တိဏဝတ္ထာရကဿ ယေဘုယျသိကာယ အညဘာဂိယော။</p>
<p class=""bodytext"">အမူဠှဝိနယော သမ္မုခါဝိနယဿ တဗ္ဘာဂိယော, ပဋိညာတကရဏဿ တဿပါပိယသိကာယ တိဏဝတ္ထာရကဿ ယေဘုယျသိကာယ သတိဝိနယဿ အညဘာဂိယော။</p>
<p class=""bodytext"">ပဋိညာတကရဏံ သမ္မုခါဝိနယဿ တဗ္ဘာဂိယံ, တဿပါပိယသိကာယ တိဏဝတ္ထာရကဿ ယေဘုယျသိကာယ သတိဝိနယဿ အမူဠှဝိနယဿ အညဘာဂိယံ။</p>
<p class=""bodytext"">တဿပါပိယသိကာ သမ္မုခါဝိနယဿ တဗ္ဘာဂိယာ, တိဏဝတ္ထာရကဿ ယေဘုယျသိကာယ သတိဝိနယဿ အမူဠှဝိနယဿ ပဋိညာတကရဏဿ အညဘာဂိယာ။</p>
<p class=""bodytext"">တိဏဝတ္ထာရကော သမ္မုခါဝိနယဿ တဗ္ဘာဂိယော, ယေဘုယျသိကာယ သတိဝိနယဿ အမူဠှဝိနယဿ ပဋိညာတကရဏဿ တဿပါပိယသိကာယ အညဘာဂိယော။ ဧဝံ သိယာ သမထာ သမထဿ တဗ္ဘာဂိယာ, ဧဝံ သိယာ <a name=""T0.0267""></a> သမထာ သမထဿ အညဘာဂိယာ။</p>
<p class=""centered"">သမထာ သမထဿ တဗ္ဘာဂိယဝါရော နိဋ္ဌိတော ဒသမော။</p>
",-300-
2059,mula_vi_05,189,"<p class=""subhead"">၁၁။ သမထသမ္မုခါဝိနယဝါရော</p>
<p class=""bodytext""><a name=""para301""></a><a name=""para301_vin5""></a><span class=""paranum"">၃၀၁</span>။ သမထော <a name=""M0.0189""></a><a name=""V0.0211""></a> သမ္မုခါဝိနယော, သမ္မုခါဝိနယော သမထော? သမထော ယေဘုယျသိကာ, ယေဘုယျသိကာ သမထော? သမထော သတိဝိနယော<a name=""P5.0105""></a>, သတိဝိနယော သမထော? သမထော အမူဠှဝိနယော, အမူဠှဝိနယော သမထော? သမထော ပဋိညာတကရဏံ, ပဋိညာတကရဏံ သမထော? သမထော တဿပါပိယသိကာ, တဿပါပိယသိကာ သမထော? သမထော တိဏဝတ္ထာရကော, တိဏဝတ္ထာရကော သမထော?</p>
<p class=""bodytext"">ယေဘုယျသိကာ သတိဝိနယော အမူဠှဝိနယော ပဋိညာတကရဏံ တဿပါပိယသိကာ တိဏဝတ္ထာရကော – ဣမေ သမထာ သမထာ, နော သမ္မုခါဝိနယော။ သမ္မုခါဝိနယော သမထော စေဝ သမ္မုခါဝိနယော စ။</p>
<p class=""bodytext"">သတိဝိနယော အမူဠှဝိနယော ပဋိညာတကရဏံ တဿပါပိယသိကာ တိဏဝတ္ထာရကော သမ္မုခါဝိနယော – ဣမေ သမထာ သမထာ, နော ယေဘုယျသိကာ။ ယေဘုယျသိကာ သမထော စေဝ ယေဘုယျသိကာ စ။</p>
<p class=""bodytext"">အမူဠှဝိနယော ပဋိညာတကရဏံ တဿပါပိယသိကာ တိဏဝတ္ထာရကော သမ္မုခါဝိနယော ယေဘုယျသိကာ – ဣမေ သမထာ သမထာ, နော သတိဝိနယော။ သတိဝိနယော သမထော စေဝ သတိဝိနယော စ။</p>
<p class=""bodytext"">ပဋိညာတကရဏံ တဿပါပိယသိကာ တိဏဝတ္ထာရကော သမ္မုခါဝိနယော ယေဘုယျသိကာ သတိဝိနယော – ဣမေ သမထာ သမထာ, နော အမူဠှဝိနယော။ အမူဠှဝိနယော သမထော စေဝ အမူဠှဝိနယော စ။</p>
<p class=""bodytext"">တဿပါပိယသိကာ တိဏဝတ္ထာရကော သမ္မုခါဝိနယော ယေဘုယျသိကာ သတိဝိနယော အမူဠှဝိနယော – ဣမေ သမထာ သမထာ, နော ပဋိညာတကရဏံ။ ပဋိညာတကရဏံ <a name=""T0.0268""></a> သမထော စေဝ ပဋိညာတကရဏဉ္စ။</p>
<p class=""bodytext"">တိဏဝတ္ထာရကော သမ္မုခါဝိနယော ယေဘုယျသိကာ သတိဝိနယော အမူဠှဝိနယော ပဋိညာတကရဏံ – ဣမေ သမထာ သမထာ, နော တဿပါပိယသိကာ။ တဿပါပိယသိကာ သမထော စေဝ တဿပါပိယသိကာ စ။</p>
<p class=""bodytext"">သမ္မုခါဝိနယော <a name=""V0.0212""></a> ယေဘုယျသိကာ သတိဝိနယော အမူဠှဝိနယော ပဋိညာတကရဏံ တဿပါပိယသိကာ – ဣမေ သမထာ သမထာ, နော တိဏဝတ္ထာရကော။ တိဏဝတ္ထာရကော သမထော စေဝ တိဏဝတ္ထာရကော စ။</p>
<p class=""centered"">သမထသမ္မုခါဝိနယဝါရော နိဋ္ဌိတော ဧကာဒသမော။</p>
",-301-
2060,mula_vi_05,190,"<p class=""subhead"">၁၂။ ဝိနယဝါရော</p>
<p class=""bodytext""><a name=""para302""></a><a name=""para302_vin5""></a><span class=""paranum"">၃၀၂</span>။ ဝိနယော <a name=""M0.0190""></a> သမ္မုခါဝိနယော, သမ္မုခါဝိနယော ဝိနယော? ဝိနယော ယေဘုယျသိကာ, ယေဘုယျသိကာ ဝိနယော? ဝိနယော သတိဝိနယော, သတိဝိနယော ဝိနယော? ဝိနယော အမူဠှဝိနယော, အမူဠှဝိနယော ဝိနယော? ဝိနယော ပဋိညာတကရဏံ, ပဋိညာတကရဏံ ဝိနယော? ဝိနယော တဿပါပိယသိကာ, တဿပါပိယသိကာ ဝိနယော? ဝိနယော တိဏဝတ္ထာရကော, တိဏဝတ္ထာရကော ဝိနယော?</p>
<p class=""bodytext"">ဝိနယော သိယာ သမ္မုခါဝိနယော သိယာ န သမ္မုခါဝိနယော။ သမ္မုခါဝိနယော ဝိနယော စေဝ သမ္မုခါဝိနယော စ။</p>
<p class=""bodytext"">ဝိနယော သိယာ ယေဘုယျသိကာ, သိယာ န ယေဘုယျသိကာ။ ယေဘုယျသိကာ ဝိနယော စေဝ ယေဘုယျသိကာ စ။</p>
<p class=""bodytext"">ဝိနယော သိယာ သတိဝိနယော, သိယာ န သတိဝိနယော။ သတိဝိနယော ဝိနယော စေဝ သတိဝိနယော စ။</p>
<p class=""bodytext"">ဝိနယော သိယာ အမူဠှဝိနယော, သိယာ န အမူဠှဝိနယော။ အမူဠှဝိနယော ဝိနယော စေဝ အမူဠှဝိနယော စ<a name=""T0.0269""></a>။</p>
<p class=""bodytext"">ဝိနယော သိယာ ပဋိညာတကရဏံ, သိယာ န ပဋိညာတကရဏံ။ ပဋိညာတကရဏံ ဝိနယော စေဝ ပဋိညာတကရဏဉ္စ။</p>
<p class=""bodytext"">ဝိနယော <a name=""V0.0213""></a> သိယာ တဿပါပိယသိကာ, သိယာ န တဿပါပိယသိကာ။ တဿပါပိယသိကာ ဝိနယော စေဝ တဿပါပိယသိကာ စ။</p>
<p class=""bodytext"">ဝိနယော သိယာ တိဏဝတ္ထာရကော, သိယာ န တိဏဝတ္ထာရကော။ တိဏဝတ္ထာရကော ဝိနယော စေဝ တိဏဝတ္ထာရကော စ။</p>
<p class=""centered"">ဝိနယဝါရော နိဋ္ဌိတော ဒွါဒသမော။</p>
<p class=""subhead"">၁၃။ ကုသလဝါရော</p>
<p class=""bodytext""><a name=""para303""></a><a name=""para303_vin5""></a><span class=""paranum"">၃၀၃</span>။ သမ္မုခါဝိနယော ကုသလော အကုသလော အဗျာကတော? ယေဘုယျသိကာ ကုသလာ အကုသလာ အဗျာကတာ? သတိဝိနယော ကုသလော အကုသလော အဗျာကတော? အမူဠှဝိနယော ကုသလော</p>
",-302-303-
2061,mula_vi_05,191,"<p class=""noindentbodytext""> အကုသလော<a name=""M0.0191""></a> အဗျာကတော? ပဋိညာတကရဏံ ကုသလံ အကုသလံ အဗျာကတံ? တဿပါပိယသိကာ ကုသလာ အကုသလာ အဗျာကတာ? တိဏဝတ္ထာရကော ကုသလော အကုသလော အဗျာကတော?</p>
<p class=""bodytext"">သမ္မုခါဝိနယော သိယာ ကုသလော, သိယာ အဗျာကတော။ နတ္ထိ သမ္မုခါဝိနယော အကုသလော။</p>
<p class=""bodytext"">ယေဘုယျသိကာ သိယာ ကုသလာ, သိယာ အကုသလာ, သိယာ အဗျာကတာ။</p>
<p class=""bodytext"">သတိဝိနယော သိယာ ကုသလော, သိယာ အကုသလော, သိယာ အဗျာကတော။</p>
<p class=""bodytext"">အမူဠှဝိနယော သိယာ ကုသလော, သိယာ အကုသလော, သိယာ အဗျာကတော။</p>
<p class=""bodytext"">ပဋိညာတကရဏံ သိယာ ကုသလံ, သိယာ အကုသလံ, သိယာ အဗျာကတံ။</p>
<p class=""bodytext"">တဿပါပိယသိကာ သိယာ ကုသလာ, သိယာ အကုသလာ သိယာ အဗျာကတာ။</p>
<p class=""bodytext"">တိဏဝတ္ထာရကော သိယာ ကုသလော, သိယာ အကုသလော, သိယာ အဗျာကတော။</p>
<p class=""bodytext"">ဝိဝါဒါဓိကရဏံ ကုသလံ အကုသလံ အဗျာကတံ။ အနုဝါဒါဓိကရဏံ ကုသလံ အကုသလံ <a name=""V0.0214""></a> အဗျာကတံ။ အာပတ္တာဓိကရဏံ ကုသလံ အကုသလံ အဗျာကတံ။ ကိစ္စာဓိကရဏံ <a name=""T0.0270""></a> ကုသလံ အကုသလံ အဗျာကတံ။</p>
<p class=""bodytext"">ဝိဝါဒါဓိကရဏံ <a name=""P5.0106""></a> သိယာ ကုသလံ, သိယာ အကုသလံ, သိယာ အဗျာကတံ။</p>
<p class=""bodytext"">အနုဝါဒါဓိကရဏံ သိယာ ကုသလံ, သိယာ အကုသလံ, သိယာ အဗျာကတံ။</p>
<p class=""bodytext"">အာပတ္တာဓိကရဏံ သိယာ အကုသလံ, သိယာ အဗျာကတံ။ နတ္ထိ အာပတ္တာဓိကရဏံ ကုသလံ။</p>
<p class=""bodytext"">ကိစ္စာဓိကရဏံ သိယာ ကုသလံ, သိယာ အကုသလံ, သိယာ အဗျာကတံ။</p>
<p class=""centered"">ကုသလဝါရော နိဋ္ဌိတော တေရသမော။</p>
",
2062,mula_vi_05,192,"<p class=""subhead"">၁၄။ ယတ္ထဝါရော, ပုစ္ဆာဝါရော</p>
<p class=""bodytext""><a name=""para304""></a><a name=""para304_vin5""></a><span class=""paranum"">၃၀၄</span>။ ယတ္ထ <a name=""M0.0192""></a> ယေဘုယျသိကာ လဗ္ဘတိ, တတ္ထ သမ္မုခါဝိနယော လဗ္ဘတိ၊ ယတ္ထ သမ္မုခါဝိနယော လဗ္ဘတိ, တတ္ထ ယေဘုယျသိကာ လဗ္ဘတိ။ န တတ္ထ သတိဝိနယော လဗ္ဘတိ, န တတ္ထ အမူဠှဝိနယော လဗ္ဘတိ, န တတ္ထ ပဋိညာတကရဏံ လဗ္ဘတိ, န တတ္ထ တဿပါပိယသိကာ လဗ္ဘတိ, န တတ္ထ တိဏဝတ္ထာရကော လဗ္ဘတိ။</p>
<p class=""bodytext"">ယတ္ထ သတိဝိနယော လဗ္ဘတိ, တတ္ထ သမ္မုခါဝိနယော လဗ္ဘတိ၊ ယတ္ထ သမ္မုခါဝိနယော လဗ္ဘတိ, တတ္ထ သတိဝိနယော လဗ္ဘတိ။ န တတ္ထ အမူဠှဝိနယော လဗ္ဘတိ, န တတ္ထ ပဋိညာတကရဏံ လဗ္ဘတိ, န တတ္ထ တဿပါပိယသိကာ လဗ္ဘတိ, န တတ္ထ တိဏဝတ္ထာရကော လဗ္ဘတိ, န တတ္ထ ယေဘုယျသိကာ လဗ္ဘတိ။</p>
<p class=""bodytext"">ယတ္ထ အမူဠှဝိနယော လဗ္ဘတိ, တတ္ထ သမ္မုခါဝိနယော လဗ္ဘတိ၊ ယတ္ထ သမ္မုခါဝိနယော လဗ္ဘတိ, တတ္ထ အမူဠှဝိနယော လဗ္ဘတိ။ န တတ္ထ ပဋိညာတကရဏံ လဗ္ဘတိ, န တတ္ထ တဿပါပိယသိကာ လဗ္ဘတိ, န တတ္ထ တိဏဝတ္ထာရကော လဗ္ဘတိ, န တတ္ထ ယေဘုယျသိကာ လဗ္ဘတိ, န တတ္ထ သတိဝိနယော လဗ္ဘတိ။</p>
<p class=""bodytext"">ယတ္ထ <a name=""V0.0215""></a> ပဋိညာတကရဏံ လဗ္ဘတိ, တတ္ထ သမ္မုခါဝိနယော <a name=""T0.0271""></a> လဗ္ဘတိ၊ ယတ္ထ သမ္မုခါဝိနယော လဗ္ဘတိ, တတ္ထ ပဋိညာတကရဏံ လဗ္ဘတိ။ န တတ္ထ တဿပါပိယသိကာ လဗ္ဘတိ, န တတ္ထ တိဏဝတ္ထာရကော လဗ္ဘတိ, န တတ္ထ ယေဘုယျသိကာ လဗ္ဘတိ, န တတ္ထ သတိဝိနယော လဗ္ဘတိ, န တတ္ထ အမူဠှဝိနယော လဗ္ဘတိ။</p>
<p class=""bodytext"">ယတ္ထ တဿပါပိယသိကာ လဗ္ဘတိ, တတ္ထ သမ္မုခါဝိနယော လဗ္ဘတိ၊ ယတ္ထ သမ္မုခါဝိနယော လဗ္ဘတိ, တတ္ထ တဿပါပိယသိကာ လဗ္ဘတိ။ န တတ္ထ တိဏဝတ္ထာရကော လဗ္ဘတိ, န တတ္ထ ယေဘုယျသိကာ လဗ္ဘတိ, န တတ္ထ သတိဝိနယော လဗ္ဘတိ, န တတ္ထ အမူဠှဝိနယော လဗ္ဘတိ, န တတ္ထ ပဋိညာတကရဏံ လဗ္ဘတိ။</p>
<p class=""bodytext"">ယတ္ထ တိဏဝတ္ထာရကော လဗ္ဘတိ, တတ္ထ သမ္မုခါဝိနယော လဗ္ဘတိ၊ ယတ္ထ သမ္မုခါဝိနယော လဗ္ဘတိ, တတ္ထ တိဏဝတ္ထာရကော လဗ္ဘတိ။ န တတ္ထ ယေဘုယျသိကာ လဗ္ဘတိ, န တတ္ထ သတိဝိနယော လဗ္ဘတိ, န တတ္ထ</p>
",-304-
2063,mula_vi_05,193,"<p class=""noindentbodytext""> အမူဠှဝိနယော<a name=""M0.0193""></a> လဗ္ဘတိ, န တတ္ထ ပဋိညာတကရဏံ လဗ္ဘတိ, န တတ္ထ တဿပါပိယသိကာ လဗ္ဘတိ။</p>
<p class=""bodytext"">ယတ္ထ ယေဘုယျသိကာ တတ္ထ သမ္မုခါဝိနယော၊ ယတ္ထ သမ္မုခါဝိနယော တတ္ထ ယေဘုယျသိကာ။ န တတ္ထ သတိဝိနယော, န တတ္ထ အမူဠှဝိနယော, န တတ္ထ ပဋိညာတကရဏံ, န တတ္ထ တဿပါပိယသိကာ, န တတ္ထ တိဏဝတ္ထာရကော။</p>
<p class=""bodytext"">ယတ္ထ သတိဝိနယော တတ္ထ သမ္မုခါဝိနယော၊ ယတ္ထ သမ္မုခါဝိနယော တတ္ထ သတိဝိနယော။ န တတ္ထ အမူဠှဝိနယော, န တတ္ထ ပဋိညာတကရဏံ, န တတ္ထ တဿပါပိယသိကာ, န တတ္ထ တိဏဝတ္ထာရကော, န တတ္ထ ယေဘုယျသိကာ။ သမ္မုခါဝိနယံ <a name=""T0.0272""></a> ကာတုန မူလံ…ပေ…။</p>
<p class=""bodytext"">ယတ္ထ တိဏဝတ္ထာရကော တတ္ထ သမ္မုခါဝိနယော၊ ယတ္ထ သမ္မုခါဝိနယော တတ္ထ တိဏဝတ္ထာရကော။ န တတ္ထ ယေဘုယျသိကာ, န တတ္ထ သတိဝိနယော, န တတ္ထ အမူဠှဝိနယော, န တတ္ထ ပဋိညာတကရဏံ, န တတ္ထ တဿပါပိယသိကာ။</p>
<p class=""centered"">စက္ကပေယျာလံ။</p>
<p class=""centered"">ယတ္ထဝါရော နိဋ္ဌိတော စုဒ္ဒသမော။</p>
<p class=""subhead"">၁၅။ သမထဝါရော, ဝိဿဇ္ဇနာဝါရော</p>
<p class=""bodytext""><a name=""para305""></a><a name=""para305_vin5""></a><span class=""paranum"">၃၀၅</span>။ ယသ္မိံ <a name=""V0.0216""></a> သမယေ သမ္မုခါဝိနယေန စ ယေဘုယျသိကာယ စ အဓိကရဏံ ဝူပသမ္မတိ, ယတ္ထ ယေဘုယျသိကာ လဗ္ဘတိ တတ္ထ သမ္မုခါဝိနယော လဗ္ဘတိ, ယတ္ထ သမ္မုခါဝိနယော လဗ္ဘတိ တတ္ထ ယေဘုယျသိကာ လဗ္ဘတိ။ န တတ္ထ သတိဝိနယော လဗ္ဘတိ, န တတ္ထ အမူဠှဝိနယော လဗ္ဘတိ, န တတ္ထ ပဋိညာတကရဏံ လဗ္ဘတိ, န တတ္ထ တဿပါပိယသိကာ လဗ္ဘတိ, န တတ္ထ တိဏဝတ္ထာရကော လဗ္ဘတိ။</p>
<p class=""bodytext"">ယသ္မိံ <a name=""P5.0107""></a> သမယေ သမ္မုခါဝိနယေန စ သတိဝိနယေန စ အဓိကရဏံ ဝူပသမ္မတိ, ယတ္ထ သတိဝိနယော လဗ္ဘတိ တတ္ထ သမ္မုခါဝိနယော လဗ္ဘတိ, ယတ္ထ သမ္မုခါဝိနယော လဗ္ဘတိ တတ္ထ သတိဝိနယော လဗ္ဘတိ။ န တတ္ထ အမူဠှဝိနယော လဗ္ဘတိ, န တတ္ထ ပဋိညာတကရဏံ လဗ္ဘတိ, န တတ္ထ</p>
",-305-
2064,mula_vi_05,194,"<p class=""noindentbodytext""> တဿပါပိယသိကာ<a name=""M0.0194""></a> လဗ္ဘတိ, န တတ္ထ တိဏဝတ္ထာရကော လဗ္ဘတိ, န တတ္ထ ယေဘုယျသိကာ လဗ္ဘတိ။</p>
<p class=""bodytext"">ယသ္မိံ သမယေ သမ္မုခါဝိနယေန စ အမူဠှဝိနယေန စ အဓိကရဏံ ဝူပသမ္မတိ, ယတ္ထ အမူဠှဝိနယော လဗ္ဘတိ တတ္ထ သမ္မုခါဝိနယော လဗ္ဘတိ, ယတ္ထ သမ္မုခါဝိနယော လဗ္ဘတိ တတ္ထ အမူဠှဝိနယော လဗ္ဘတိ။ န တတ္ထ ပဋိညာတကရဏံ လဗ္ဘတိ, န တတ္ထ တဿပါပိယသိကာ လဗ္ဘတိ, န တတ္ထ <a name=""T0.0273""></a> တိဏဝတ္ထာရကော လဗ္ဘတိ, န တတ္ထ ယေဘုယျသိကာ လဗ္ဘတိ, န တတ္ထ သတိဝိနယော လဗ္ဘတိ။</p>
<p class=""bodytext"">ယသ္မိံ သမယေ သမ္မုခါဝိနယေန စ ပဋိညာတကရဏေန စ အဓိကရဏံ ဝူပသမ္မတိ, ယတ္ထ ပဋိညာတကရဏံ လဗ္ဘတိ တတ္ထ သမ္မုခါဝိနယော လဗ္ဘတိ, ယတ္ထ သမ္မုခါဝိနယော လဗ္ဘတိ တတ္ထ ပဋိညာတကရဏံ လဗ္ဘတိ။ န တတ္ထ တဿပါပိယသိကာ လဗ္ဘတိ, န တတ္ထ တိဏဝတ္ထာရကော လဗ္ဘတိ, န တတ္ထ ယေဘုယျသိကာ လဗ္ဘတိ, န တတ္ထ သတိဝိနယော လဗ္ဘတိ, န တတ္ထ အမူဠှဝိနယော လဗ္ဘတိ။</p>
<p class=""bodytext"">ယသ္မိံ သမယေ သမ္မုခါဝိနယေန စ တဿပါပိယသိကာယ စ အဓိကရဏံ ဝူပသမ္မတိ, ယတ္ထ တဿပါပိယသိကာ လဗ္ဘတိ တတ္ထ သမ္မုခါဝိနယော လဗ္ဘတိ, ယတ္ထ သမ္မုခါဝိနယော လဗ္ဘတိ တတ္ထ တဿပါပိယသိကာ လဗ္ဘတိ။ န တတ္ထ တိဏဝတ္ထာရကော လဗ္ဘတိ, န တတ္ထ ယေဘုယျသိကာ လဗ္ဘတိ, န <a name=""V0.0217""></a> တတ္ထ သတိဝိနယော လဗ္ဘတိ, န တတ္ထ အမူဠှဝိနယော လဗ္ဘတိ, န တတ္ထ ပဋိညာတကရဏံ လဗ္ဘတိ။</p>
<p class=""bodytext"">ယသ္မိံ သမယေ သမ္မုခါဝိနယေန စ တိဏဝတ္ထာရကေန စ အဓိကရဏံ ဝူပသမ္မတိ, ယတ္ထ တိဏဝတ္ထာရကော လဗ္ဘတိ တတ္ထ သမ္မုခါဝိနယော လဗ္ဘတိ, ယတ္ထ သမ္မုခါဝိနယော လဗ္ဘတိ တတ္ထ တိဏဝတ္ထာရကော လဗ္ဘတိ။ န တတ္ထ ယေဘုယျသိကာ လဗ္ဘတိ, န တတ္ထ သတိဝိနယော လဗ္ဘတိ, န တတ္ထ အမူဠှဝိနယော လဗ္ဘတိ, န တတ္ထ ပဋိညာတကရဏံ လဗ္ဘတိ, န တတ္ထ တဿပါပိယသိကာ လဗ္ဘတိ။</p>
<p class=""centered"">သမထဝါရော နိဋ္ဌိတော ပန္နရသမော။</p>
",
2065,mula_vi_05,195,"<p class=""subhead"">၁၆။ သံသဋ္ဌဝါရော</p>
<p class=""bodytext""><a name=""para306""></a><a name=""para306_vin5""></a><span class=""paranum"">၃၀၆</span>။ အဓိကရဏန္တိ <a name=""T0.0274""></a><a name=""M0.0195""></a> ဝါ သမထာတိ ဝါ ဣမေ ဓမ္မာ သံသဋ္ဌာ ဥဒါဟု ဝိသံသဋ္ဌာ? လဗ္ဘာ စ ပနိမေသံ ဓမ္မာနံ ဝိနိဗ္ဘုဇိတွာ ဝိနိဗ္ဘုဇိတွာ <span class=""note"">[ဝိနိဗ္ဘုဇ္ဇိတွာ ဝိနိဗ္ဘုဇ္ဇိတွာ (က။), ဋီကာယံ ဧကပဒမေဝ ဒိဿတိ]</span> နာနာကရဏံ ပညာပေတုန္တိ?</p>
<p class=""bodytext"">အဓိကရဏန္တိ ဝါ သမထာတိ ဝါ ဣမေ ဓမ္မာ ဝိသံသဋ္ဌာ, နော သံသဋ္ဌာ။ လဗ္ဘာ စ ပနိမေသံ ဓမ္မာနံ ဝိနိဗ္ဘုဇိတွာ ဝိနိဗ္ဘုဇိတွာ နာနာကရဏံ ပညာပေတုန္တိ။ သော – ‘‘မာ ဟေဝ’’န္တိဿ ဝစနီယော။ အဓိကရဏန္တိ ဝါ သမထာတိ ဝါ ဣမေ ဓမ္မာ သံသဋ္ဌာ, နော ဝိသံသဋ္ဌာ။ နော စ လဗ္ဘာ <span class=""note"">[န စ လဗ္ဘာ (က။)]</span> ဣမေသံ ဓမ္မာနံ ဝိနိဗ္ဘုဇိတွာ ဝိနိဗ္ဘုဇိတွာ နာနာကရဏံ ပညာပေတုံ။ တံ ကိဿ ဟေတု? နနု ဝုတ္တံ ဘဂဝတာ – ‘‘စတ္တာရိမာနိ, ဘိက္ခဝေ, အဓိကရဏာနိ, သတ္တ သမထာ။ အဓိကရဏာ သမထေဟိ သမ္မန္တိ, သမထာ အဓိကရဏေဟိ သမ္မန္တိ။ ဧဝံ, ဣမေ ဓမ္မာ သံသဋ္ဌာ နော ဝိသံသဋ္ဌာ၊ နော စ လဗ္ဘာ ဣမေသံ ဓမ္မာနံ ဝိနိဗ္ဘုဇိတွာ ဝိနိဗ္ဘုဇိတွာ နာနာကရဏံ ပညာပေတု’’န္တိ။</p>
<p class=""centered"">သံသဋ္ဌဝါရော နိဋ္ဌိတော သောဠသမော။</p>
<p class=""subhead"">၁၇။ သမ္မတိဝါရော</p>
<p class=""bodytext""><a name=""para307""></a><a name=""para307_vin5""></a><span class=""paranum"">၃၀၇</span>။ ဝိဝါဒါဓိကရဏံ ကတိဟိ သမထေဟိ သမ္မတိ? အနုဝါဒါဓိကရဏံ ကတိဟိ သမထေဟိ သမ္မတိ? အာပတ္တာဓိကရဏံ ကတိဟိ သမထေဟိ သမ္မတိ? ကိစ္စာဓိကရဏံ ကတိဟိ သမထေဟိ သမ္မတိ?</p>
<p class=""bodytext""><span class=""note"">[စူဠဝ။ ၂၂၈, ၂၃၆ အာဒယော]</span> ဝိဝါဒါဓိကရဏံ <a name=""V0.0218""></a> ဒွီဟိ သမထေဟိ သမ္မတိ – သမ္မုခါဝိနယေန စ ယေဘုယျသိကာယ စ။</p>
<p class=""bodytext""><span class=""note"">[စူဠဝ။ ၂၂၈, ၂၃၆ အာဒယော]</span> အနုဝါဒါဓိကရဏံ စတူဟိ သမထေဟိ သမ္မတိ – သမ္မုခါဝိနယေန စ သတိဝိနယေန စ အမူဠှဝိနယေန စ တဿပါပိယသိကာယ စ။</p>
<p class=""bodytext""><span class=""note"">[စူဠဝ။ ၂၃၉, ၂၄၂ အာဒယော]</span> အာပတ္တာဓိကရဏံ တီဟိ သမထေဟိ <a name=""T0.0275""></a> သမ္မတိ – သမ္မုခါဝိနယေန စ ပဋိညာတကရဏေန စ တိဏဝတ္ထာရကေန စ။</p>
<p class=""bodytext""><span class=""note"">[စူဠဝ။ ၂၃၉, ၂၄၂ အာဒယော]</span> ကိစ္စာဓိကရဏံ ဧကေန သမထေန သမ္မတိ – သမ္မုခါဝိနယေန။</p>
",-306-307-
2066,mula_vi_05,196,"<p class=""bodytext"">ဝိဝါဒါဓိကရဏဉ္စ <a name=""M0.0196""></a> အနုဝါဒါဓိကရဏဉ္စ ကတိဟိ သမထေဟိ သမ္မန္တိ? ဝိဝါဒါဓိကရဏဉ္စ အနုဝါဒါဓိကရဏဉ္စ ပဉ္စဟိ သမထေဟိ သမ္မန္တိ – သမ္မုခါဝိနယေန စ ယေဘုယျသိကာယ စ သတိဝိနယေန စ အမူဠှဝိနယေန စ တဿပါပိယသိကာယ စ။</p>
<p class=""bodytext"">ဝိဝါဒါဓိကရဏဉ္စ <a name=""P5.0108""></a> အာပတ္တာဓိကရဏဉ္စ ကတိဟိ သမထေဟိ သမ္မန္တိ? ဝိဝါဒါဓိကရဏဉ္စ အာပတ္တာဓိကရဏဉ္စ စတူဟိ သမထေဟိ သမ္မန္တိ – သမ္မုခါဝိနယေန စ ယေဘုယျသိကာယ စ ပဋိညာတကရဏေန စ တိဏဝတ္ထာရကေန စ။</p>
<p class=""bodytext"">ဝိဝါဒါဓိကရဏဉ္စ ကိစ္စာဓိကရဏဉ္စ ကတိဟိ သမထေဟိ သမ္မန္တိ? ဝိဝါဒါဓိကရဏဉ္စ ကိစ္စာဓိကရဏဉ္စ ဒွီဟိ သမထေဟိ သမ္မန္တိ – သမ္မုခါဝိနယေန စ ယေဘုယျသိကာယ စ။</p>
<p class=""bodytext"">အနုဝါဒါဓိကရဏဉ္စ အာပတ္တာဓိကရဏဉ္စ ကတိဟိ သမထေဟိ သမ္မန္တိ? အနုဝါဒါဓိကရဏဉ္စ အာပတ္တာဓိကရဏဉ္စ ဆဟိ သမထေဟိ သမ္မန္တိ – သမ္မုခါဝိနယေန စ သတိဝိနယေန စ အမူဠှဝိနယေန စ ပဋိညာတကရဏေန စ တဿပါပိယသိကာယ စ တိဏဝတ္ထာရကေန စ။</p>
<p class=""bodytext"">အနုဝါဒါဓိကရဏဉ္စ ကိစ္စာဓိကရဏဉ္စ ကတိဟိ သမထေဟိ သမ္မန္တိ? အနုဝါဒါဓိကရဏဉ္စ ကိစ္စာဓိကရဏဉ္စ စတူဟိ သမထေဟိ သမ္မန္တိ – သမ္မုခါဝိနယေန စ သတိဝိနယေန စ အမူဠှဝိနယေန စ တဿပါပိယသိကာယ စ။</p>
<p class=""bodytext"">အာပတ္တာဓိကရဏဉ္စ <a name=""V0.0219""></a> ကိစ္စာဓိကရဏဉ္စ ကတိဟိ သမထေဟိ သမ္မန္တိ? အာပတ္တာဓိကရဏဉ္စ ကိစ္စာဓိကရဏဉ္စ တီဟိ သမထေဟိ သမ္မန္တိ – သမ္မုခါဝိနယေန <a name=""T0.0276""></a> စ ပဋိညာတကရဏေန စ တိဏဝတ္ထာရကေန စ။</p>
<p class=""bodytext"">ဝိဝါဒါဓိကရဏဉ္စ အနုဝါဒါဓိကရဏဉ္စ အာပတ္တာဓိကရဏဉ္စ ကတိဟိ သမထေဟိ သမ္မန္တိ? ဝိဝါဒါဓိကရဏဉ္စ အနုဝါဒါဓိကရဏဉ္စ အာပတ္တာဓိကရဏဉ္စ သတ္တဟိ သမထေဟိ သမ္မန္တိ – သမ္မုခါဝိနယေန စ ယေဘုယျသိကာယ စ သတိဝိနယေန စ အမူဠှဝိနယေန စ ပဋိညာတကရဏေန စ တဿပါပိယသိကာယ စ တိဏဝတ္ထာရကေန စ။</p>
<p class=""bodytext"">ဝိဝါဒါဓိကရဏဉ္စ အနုဝါဒါဓိကရဏဉ္စ ကိစ္စာဓိကရဏဉ္စ ကတိဟိ သမထေဟိ သမ္မန္တိ? ဝိဝါဒါဓိကရဏဉ္စ အနုဝါဒါဓိကရဏဉ္စ ကိစ္စာဓိကရဏဉ္စ ပဉ္စဟိ</p>
",
2067,mula_vi_05,197,"<p class=""noindentbodytext""> သမထေဟိ<a name=""M0.0197""></a> သမ္မန္တိ – သမ္မုခါဝိနယေန စ ယေဘုယျသိကာယ စ သတိဝိနယေန စ အမူဠှဝိနယေန စ တဿပါပိယသိကာယ စ။</p>
<p class=""bodytext"">အနုဝါဒါဓိကရဏဉ္စ အာပတ္တာဓိကရဏဉ္စ ကိစ္စာဓိကရဏဉ္စ ကတိဟိ သမထေဟိ သမ္မန္တိ? အနုဝါဒါဓိကရဏဉ္စ အာပတ္တာဓိကရဏဉ္စ ကိစ္စာဓိကရဏဉ္စ ဆဟိ သမထေဟိ သမ္မန္တိ – သမ္မုခါဝိနယေန စ သတိဝိနယေန စ အမူဠှဝိနယေန စ ပဋိညာတကရဏေန စ တဿပါပိယသိကာယ စ တိဏဝတ္ထာရကေန စ။</p>
<p class=""bodytext"">ဝိဝါဒါဓိကရဏဉ္စ အနုဝါဒါဓိကရဏဉ္စ အာပတ္တာဓိကရဏဉ္စ ကိစ္စာဓိကရဏဉ္စ ကတိဟိ သမထေဟိ သမ္မန္တိ? ဝိဝါဒါဓိကရဏဉ္စ အနုဝါဒါဓိကရဏဉ္စ အာပတ္တာဓိကရဏဉ္စ ကိစ္စာဓိကရဏဉ္စ သတ္တဟိ သမထေဟိ သမ္မန္တိ – သမ္မုခါဝိနယေန စ ယေဘုယျသိကာယ စ သတိဝိနယေန စ အမူဠှဝိနယေန စ ပဋိညာတကရဏေန စ တဿပါပိယသိကာယ စ တိဏဝတ္ထာရကေန စ။</p>
<p class=""centered"">သမ္မတိဝါရော နိဋ္ဌိတော သတ္တရသမော။</p>
<p class=""subhead"">၁၈။ သမ္မန္တိ န သမ္မန္တိဝါရော</p>
<p class=""bodytext""><a name=""para308""></a><a name=""para308_vin5""></a><span class=""paranum"">၃၀၈</span>။ ဝိဝါဒါဓိကရဏံ ကတိဟိ သမထေဟိ သမ္မတိ, ကတိဟိ သမထေဟိ န သမ္မတိ? အနုဝါဒါဓိကရဏံ ကတိဟိ သမထေဟိ သမ္မတိ, ကတိဟိ သမထေဟိ န သမ္မတိ? အာပတ္တာဓိကရဏံ ကတိဟိ <a name=""V0.0220""></a> သမထေဟိ သမ္မတိ, ကတိဟိ သမထေဟိ န သမ္မတိ? ကိစ္စာဓိကရဏံ ကတိဟိ သမထေဟိ သမ္မတိ, ကတိဟိ သမထေဟိ န သမ္မတိ?</p>
<p class=""bodytext"">ဝိဝါဒါဓိကရဏံ ဒွီဟိ သမထေဟိ သမ္မတိ – သမ္မုခါဝိနယေန စ ယေဘုယျသိကာယ <a name=""T0.0277""></a> စ။ ပဉ္စဟိ သမထေဟိ န သမ္မတိ – သတိဝိနယေန စ အမူဠှဝိနယေန စ ပဋိညာတကရဏေန စ တဿပါပိယသိကာယ စ တိဏဝတ္ထာရကေန စ။</p>
<p class=""bodytext"">အနုဝါဒါဓိကရဏံ စတူဟိ သမထေဟိ သမ္မတိ – သမ္မုခါဝိနယေန စ သတိဝိနယေန စ အမူဠှဝိနယေန စ တဿပါပိယသိကာယ စ။ တီဟိ သမထေဟိ န သမ္မတိ – ယေဘုယျသိကာယ စ ပဋိညာတကရဏေန စ တိဏဝတ္ထာရကေန စ။</p>
",-308-
2068,mula_vi_05,198,"<p class=""bodytext""><span class=""note"">[စူဠဝ။ ၂၃၉]</span> အာပတ္တာဓိကရဏံ <a name=""M0.0198""></a> တီဟိ သမထေဟိ သမ္မတိ – သမ္မုခါဝိနယေန စ ပဋိညာတကရဏေန စ တိဏဝတ္ထာရကေန စ။ စတူဟိ သမထေဟိ န သမ္မတိ – ယေဘုယျသိကာယ စ သတိဝိနယေန စ အမူဠှဝိနယေန စ တဿပါပိယသိကာယ စ။</p>
<p class=""bodytext"">ကိစ္စာဓိကရဏံ <a name=""P5.0109""></a> ဧကေန သမထေန သမ္မတိ – သမ္မုခါဝိနယေန။ ဆဟိ သမထေဟိ န သမ္မတိ – ယေဘုယျသိကာယ စ သတိဝိနယေန စ အမူဠှဝိနယေန စ ပဋိညာတကရဏေန စ တဿပါပိယသိကာယ စ တိဏဝတ္ထာရကေန စ။</p>
<p class=""bodytext"">ဝိဝါဒါဓိကရဏဉ္စ အနုဝါဒါဓိကရဏဉ္စ ကတိဟိ သမထေဟိ သမ္မန္တိ? ကတိဟိ သမထေဟိ န သမ္မန္တိ? ဝိဝါဒါဓိကရဏဉ္စ အနုဝါဒါဓိကရဏဉ္စ ပဉ္စဟိ သမထေဟိ သမ္မန္တိ – သမ္မုခါဝိနယေန စ ယေဘုယျသိကာယ စ သတိဝိနယေန စ အမူဠှဝိနယေန စ တဿပါပိယသိကာယ စ။ ဒွီဟိ သမထေဟိ န သမ္မန္တိ – ပဋိညာတကရဏေန စ တိဏဝတ္ထာရကေန စ။</p>
<p class=""bodytext"">ဝိဝါဒါဓိကရဏဉ္စ အာပတ္တာဓိကရဏဉ္စ ကတိဟိ သမထေဟိ သမ္မန္တိ? ကတိဟိ သမထေဟိ န သမ္မန္တိ? ဝိဝါဒါဓိကရဏဉ္စ အာပတ္တာဓိကရဏဉ္စ စတူဟိ သမထေဟိ သမ္မန္တိ – သမ္မုခါဝိနယေန စ ယေဘုယျသိကာယ စ ပဋိညာတကရဏေန စ <a name=""T0.0278""></a> တိဏဝတ္ထာရကေန စ။ တီဟိ သမထေဟိ န သမ္မန္တိ – သတိဝိနယေန စ အမူဠှဝိနယေန စ တဿပါပိယသိကာယ စ။</p>
<p class=""bodytext"">ဝိဝါဒါဓိကရဏဉ္စ <a name=""V0.0221""></a> ကိစ္စာဓိကရဏဉ္စ ကတိဟိ သမထေဟိ သမ္မန္တိ? ကတိဟိ သမထေဟိ န သမ္မန္တိ? ဝိဝါဒါဓိကရဏဉ္စ ကိစ္စာဓိကရဏဉ္စ ဒွီဟိ သမထေဟိ သမ္မန္တိ – သမ္မုခါဝိနယေန စ ယေဘုယျသိကာယ စ။ ပဉ္စဟိ သမထေဟိ န သမ္မန္တိ – သတိဝိနယေန စ အမူဠှဝိနယေန စ ပဋိညာတကရဏေန စ တဿပါပိယသိကာယ စ တိဏဝတ္ထာရကေန စ။</p>
<p class=""bodytext"">အနုဝါဒါဓိကရဏဉ္စ အာပတ္တာဓိကရဏဉ္စ ကတိဟိ သမထေဟိ သမ္မန္တိ? ကတိဟိ သမထေဟိ န သမ္မန္တိ? အနုဝါဒါဓိကရဏဉ္စ အာပတ္တာဓိကရဏဉ္စ ဆဟိ သမထေဟိ သမ္မန္တိ – သမ္မုခါဝိနယေန စ သတိဝိနယေန စ အမူဠှဝိနယေန စ ပဋိညာတကရဏေန စ တဿပါပိယသိကာယ စ တိဏဝတ္ထာရကေန စ။ ဧကေန သမထေန န သမ္မန္တိ – ယေဘုယျသိကာယ။</p>
<p class=""bodytext"">အနုဝါဒါဓိကရဏဉ္စ ကိစ္စာဓိကရဏဉ္စ ကတိဟိ သမထေဟိ သမ္မန္တိ? ကတိဟိ သမထေဟိ န သမ္မန္တိ? အနုဝါဒါဓိကရဏဉ္စ ကိစ္စာဓိကရဏဉ္စ စတူဟိ သမထေဟိ သမ္မန္တိ – သမ္မုခါဝိနယေန စ သတိဝိနယေန စ အမူဠှဝိနယေန စ</p>
",
2069,mula_vi_05,199,"<p class=""noindentbodytext""> တဿပါပိယသိကာ<a name=""M0.0199""></a> စ။ တီဟိ သမထေဟိ န သမ္မန္တိ – ယေဘုယျသိကာယ စ ပဋိညာတကရဏေန စ တိဏဝတ္ထာရကေန စ။</p>
<p class=""bodytext"">အာပတ္တာဓိကရဏဉ္စ ကိစ္စာဓိကရဏဉ္စ ကတိဟိ သမထေဟိ သမ္မန္တိ? ကတိဟိ သမထေဟိ န သမ္မန္တိ? အာပတ္တာဓိကရဏဉ္စ ကိစ္စာဓိကရဏဉ္စ တီဟိ သမထေဟိ သမ္မန္တိ – သမ္မုခါဝိနယေန စ ပဋိညာတကရဏေန စ တိဏဝတ္ထာရကေန စ<a name=""T0.0279""></a>။ စတူဟိ သမထေဟိ န သမ္မန္တိ – ယေဘုယျသိကာယ စ သတိဝိနယေန စ အမူဠှဝိနယေန စ တဿပါပိယသိကာယ စ။</p>
<p class=""bodytext"">ဝိဝါဒါဓိကရဏဉ္စ အနုဝါဒါဓိကရဏဉ္စ အာပတ္တာဓိကရဏဉ္စ ကတိဟိ သမထေဟိ သမ္မန္တိ? ကတိဟိ သမထေဟိ န သမ္မန္တိ? ဝိဝါဒါဓိကရဏဉ္စ အနုဝါဒါဓိကရဏဉ္စ အာပတ္တာဓိကရဏဉ္စ သတ္တဟိ သမထေဟိ သမ္မန္တိ – သမ္မုခါဝိနယေန စ ယေဘုယျသိကာယ စ သတိဝိနယေန စ အမူဠှဝိနယေန စ ပဋိညာတကရဏေန စ တဿပါပိယသိကာယ စ တိဏဝတ္ထာရကေန စ။</p>
<p class=""bodytext"">ဝိဝါဒါဓိကရဏဉ္စ အနုဝါဒါဓိကရဏဉ္စ ကိစ္စာဓိကရဏဉ္စ ကတိဟိ သမထေဟိ သမ္မန္တိ? ကတိဟိ သမထေဟိ န သမ္မန္တိ? ဝိဝါဒါဓိကရဏဉ္စ အနုဝါဒါဓိကရဏဉ္စ ကိစ္စာဓိကရဏဉ္စ ပဉ္စဟိ သမထေဟိ သမ္မန္တိ – သမ္မုခါဝိနယေန စ ယေဘုယျသိကာယ စ သတိဝိနယေန စ အမူဠှဝိနယေန စ တဿပါပိယသိကာယ စ။ ဒွီဟိ သမထေဟိ န သမ္မန္တိ – ပဋိညာတကရဏေန စ တိဏဝတ္ထာရကေန စ။</p>
<p class=""bodytext"">အနုဝါဒါဓိကရဏဉ္စ <a name=""V0.0222""></a> အာပတ္တာဓိကရဏဉ္စ ကိစ္စာဓိကရဏဉ္စ ကတိဟိ သမထေဟိ သမ္မန္တိ? ကတိဟိ သမထေဟိ န သမ္မန္တိ? အနုဝါဒါဓိကရဏဉ္စ အာပတ္တာဓိကရဏဉ္စ ကိစ္စာဓိကရဏဉ္စ ဆဟိ သမထေဟိ သမ္မန္တိ – သမ္မုခါဝိနယေန စ သတိဝိနယေန စ အမူဠှဝိနယေန စ ပဋိညာတကရဏေန စ တဿပါပိယသိကာယ စ တိဏဝတ္ထာရကေန စ။ ဧကေန သမထေန န သမ္မန္တိ – ယေဘုယျသိကာယ။</p>
<p class=""bodytext"">ဝိဝါဒါဓိကရဏဉ္စ အနုဝါဒါဓိကရဏဉ္စ အာပတ္တာဓိကရဏဉ္စ ကိစ္စာဓိကရဏဉ္စ ကတိဟိ သမထေဟိ သမ္မန္တိ? ကတိဟိ သမထေဟိ န သမ္မန္တိ? ဝိဝါဒါဓိကရဏဉ္စ အနုဝါဒါဓိကရဏဉ္စ <a name=""T0.0280""></a> အာပတ္တာဓိကရဏဉ္စ ကိစ္စာဓိကရဏဉ္စ သတ္တဟိ သမထေဟိ သမ္မန္တိ – သမ္မုခါဝိနယေန စ ယေဘုယျသိကာယ စ သတိဝိနယေန စ အမူဠှဝိနယေန စ ပဋိညာတကရဏေန စ တဿပါပိယသိကာယ စ တိဏဝတ္ထာရကေန စ။</p>
<p class=""centered"">သမ္မန္တိ န သမ္မန္တိဝါရော နိဋ္ဌိတော အဋ္ဌာရသမော။</p>
",
2070,mula_vi_05,200,"<p class=""subhead"">၁၉။ သမထာဓိကရဏဝါရော</p>
<p class=""bodytext""><a name=""para309""></a><a name=""para309_vin5""></a><span class=""paranum"">၃၀၉</span>။ သမထာ <a name=""M0.0200""></a> သမထေဟိ သမ္မန္တိ? သမထာ အဓိကရဏေဟိ သမ္မန္တိ? အဓိကရဏာ သမထေဟိ သမ္မန္တိ? အဓိကရဏာ အဓိကရဏေဟိ သမ္မန္တိ?</p>
<p class=""bodytext"">သိယာ <a name=""P5.0110""></a> သမထာ သမထေဟိ သမ္မန္တိ, သိယာ သမထာ သမထေဟိ န သမ္မန္တိ။ သိယာ သမထာ အဓိကရဏေဟိ သမ္မန္တိ, သိယာ သမထာ အဓိကရဏေဟိ န သမ္မန္တိ။ သိယာ အဓိကရဏာ သမထေဟိ သမ္မန္တိ, သိယာ အဓိကရဏာ သမထေဟိ န သမ္မန္တိ။ သိယာ အဓိကရဏာ အဓိကရဏေဟိ သမ္မန္တိ, သိယာ အဓိကရဏာ အဓိကရဏေဟိ န သမ္မန္တိ။</p>
<p class=""bodytext""><a name=""para310""></a><a name=""para310_vin5""></a><span class=""paranum"">၃၁၀</span>။ ကထံ သိယာ သမထာ သမထေဟိ သမ္မန္တိ, ကထံ သိယာ သမထာ သမထေဟိ န သမ္မန္တိ? ယေဘုယျသိကာ သမ္မုခါဝိနယေန သမ္မတိ၊ သတိဝိနယေန န သမ္မတိ, အမူဠှဝိနယေန န သမ္မတိ, ပဋိညာတကရဏေန န သမ္မတိ, တဿပါပိယသိကာယ န သမ္မတိ, တိဏဝတ္ထာရကေန န သမ္မတိ။</p>
<p class=""bodytext"">သတိဝိနယော သမ္မုခါဝိနယေန သမ္မတိ၊ အမူဠှဝိနယေန န သမ္မတိ, ပဋိညာတကရဏေန န <a name=""V0.0223""></a> သမ္မာတိ, တဿပါပိယသိကာယ န သမ္မတိ, တိဏဝတ္ထာရကေန န သမ္မတိ, ယေဘုယျသိကာယ န သမ္မတိ။</p>
<p class=""bodytext"">အမူဠှဝိနယော သမ္မုခါဝိနယေန သမ္မတိ၊ ပဋိညာတကရဏေန န သမ္မတိ, တဿပါပိယသိကာယ <a name=""T0.0281""></a> န သမ္မတိ, တိဏဝတ္ထာရကေန န သမ္မတိ, ယေဘုယျသိကာယ န သမ္မတိ, သတိဝိနယေန န သမ္မတိ။</p>
<p class=""bodytext"">ပဋိညာတကရဏံ သမ္မုခါဝိနယေန သမ္မတိ၊ တဿပါပိယသိကာယ န သမ္မတိ, တိဏဝတ္ထာရကေန န သမ္မတိ, ယေဘုယျသိကာယ န သမ္မတိ, သတိဝိနယေန န သမ္မတိ, အမူဠှဝိနယေန န သမ္မတိ။</p>
<p class=""bodytext"">တဿပါပိယသိကာ သမ္မုခါဝိနယေန သမ္မတိ၊ တိဏဝတ္ထာရကေန န သမ္မတိ, ယေဘုယျသိကာယ န သမ္မတိ, သတိဝိနယေန န သမ္မတိ, အမူဠှဝိနယေန န သမ္မတိ, ပဋိညာတကရဏေန န သမ္မတိ။</p>
<p class=""bodytext"">တိဏဝတ္ထာရကော သမ္မုခါဝိနယေန သမ္မတိ၊ ယေဘုယျသိကာယ န သမ္မတိ, သတိဝိနယေန န သမ္မတိ, အမူဠှဝိနယေန န သမ္မတိ, ပဋိညာတကရဏေန န သမ္မတိ, တဿပါပိယသိကာယ န သမ္မတိ။ ဧဝံ သိယာ သမထာ သမထေဟိ သမ္မန္တိ။ ဧဝံ သိယာ သမထာ သမထေဟိ န သမ္မန္တိ။</p>
",-309-310-
2071,mula_vi_05,201,"<p class=""bodytext""><a name=""para311""></a><a name=""para311_vin5""></a><span class=""paranum"">၃၁၁</span>။ ကထံ <a name=""M0.0201""></a> သိယာ သမထာ အဓိကရဏေဟိ သမ္မန္တိ, ကထံ သိယာ သမထာ အဓိကရဏေဟိ န သမ္မန္တိ? သမ္မုခါဝိနယော ဝိဝါဒါဓိကရဏေန န သမ္မတိ, အနုဝါဒါဓိကရဏေန န သမ္မတိ, အာပတ္တာဓိကရဏေန န သမ္မတိ၊ ကိစ္စာဓိကရဏေန သမ္မတိ။</p>
<p class=""bodytext"">ယေဘုယျသိကာ ဝိဝါဒါဓိကရဏေန န သမ္မတိ, အနုဝါဒါဓိကရဏေန န သမ္မတိ, အာပတ္တာဓိကရဏေန န သမ္မတိ၊ ကိစ္စာဓိကရဏေန သမ္မတိ။</p>
<p class=""bodytext"">သတိဝိနယော ဝိဝါဒါဓိကရဏေန န သမ္မတိ, အနုဝါဒါဓိကရဏေန န သမ္မတိ, အာပတ္တာဓိကရဏေန န သမ္မတိ၊ ကိစ္စာဓိကရဏေန သမ္မတိ။</p>
<p class=""bodytext"">အမူဠှဝိနယော <a name=""T0.0282""></a><a name=""V0.0224""></a> ဝိဝါဒါဓိကရဏေန န သမ္မတိ, အနုဝါဒါဓိကရဏေန န သမ္မတိ, အာပတ္တာဓိကရဏေန န သမ္မတိ၊ ကိစ္စာဓိကရဏေန သမ္မတိ။</p>
<p class=""bodytext"">ပဋိညာတကရဏံ ဝိဝါဒါဓိကရဏေန န သမ္မတိ, အနုဝါဒါဓိကရဏေန န သမ္မတိ, အာပတ္တာဓိကရဏေန န သမ္မတိ၊ ကိစ္စာဓိကရဏေန သမ္မတိ။</p>
<p class=""bodytext"">တဿပါပိယသိကာ ဝိဝါဒါဓိကရဏေန န သမ္မတိ, အနုဝါဒါဓိကရဏေန န သမ္မတိ, အာပတ္တာဓိကရဏေန န သမ္မတိ၊ ကိစ္စာဓိကရဏေန သမ္မတိ။</p>
<p class=""bodytext"">တိဏဝတ္ထာရကော ဝိဝါဒါဓိကရဏေန န သမ္မတိ, အနုဝါဒါဓိကရဏေန န သမ္မတိ, အာပတ္တာဓိကရဏေန န သမ္မတိ၊ ကိစ္စာဓိကရဏေန သမ္မတိ။ ဧဝံ သိယာ သမထာ အဓိကရဏေဟိ သမ္မန္တိ။ ဧဝံ သိယာ သမထာ အဓိကရဏေဟိ န သမ္မန္တိ။</p>
<p class=""bodytext""><a name=""para312""></a><a name=""para312_vin5""></a><span class=""paranum"">၃၁၂</span>။ ကထံ သိယာ အဓိကရဏာ သမထေဟိ သမ္မန္တိ, ကထံ သိယာ အဓိကရဏာ သမထေဟိ န သမ္မန္တိ? ဝိဝါဒါဓိကရဏံ သမ္မုခါဝိနယေန စ ယေဘုယျသိကာယ စ သမ္မတိ၊ သတိဝိနယေန စ အမူဠှဝိနယေန စ ပဋိညာတကရဏေန စ တဿပါပိယသိကာယ စ တိဏဝတ္ထာရကေန စ န သမ္မတိ။</p>
<p class=""bodytext"">အနုဝါဒါဓိကရဏံ သမ္မုခါဝိနယေန စ သတိဝိနယေန စ အမူဠှဝိနယေန စ တဿပါပိယသိကာယ စ သမ္မတိ၊ ယေဘုယျသိကာယ စ ပဋိညာတကရဏေန စ တိဏဝတ္ထာရကေန စ န သမ္မတိ။</p>
<p class=""bodytext"">အာပတ္တာဓိကရဏံ သမ္မုခါဝိနယေန စ ပဋိညာတကရဏေန စ တိဏဝတ္ထာရကေန စ သမ္မတိ၊ ယေဘုယျသိကာယ စ သတိဝိနယေန စ အမူဠှဝိနယေန စ တဿပါပိယသိကာယ စ န သမ္မတိ။</p>
",-311-312-
2072,mula_vi_05,202,"<p class=""bodytext"">ကိစ္စာဓိကရဏံ <a name=""M0.0202""></a> သမ္မုခါဝိနယေန သမ္မတိ<a name=""T0.0283""></a>၊ ယေဘုယျသိကာယ စ သတိဝိနယေန စ အမူဠှဝိနယေန စ ပဋိညာတကရဏေန စ တဿပါပိယသိကာယ <a name=""P5.0111""></a> တိဏဝတ္ထာရကေန စ န သမ္မတိ။ ဧဝံ သိယာ အဓိကရဏာ သမထေဟိ သမ္မန္တိ။ ဧဝံ သိယာ အဓိကရဏာ သမထေဟိ န သမ္မန္တိ။</p>
<p class=""bodytext""><a name=""para313""></a><a name=""para313_vin5""></a><span class=""paranum"">၃၁၃</span>။ ကထံ <a name=""V0.0225""></a> သိယာ အဓိကရဏာ အဓိကရဏေဟိ သမ္မန္တိ? ကထံ သိယာ အဓိကရဏာ အဓိကရဏေဟိ န သမ္မန္တိ? ဝိဝါဒါဓိကရဏံ ဝိဝါဒါဓိကရဏေန န သမ္မတိ, အနုဝါဒါဓိကရဏေန န သမ္မတိ, အာပတ္တာဓိကရဏေန န သမ္မတိ၊ ကိစ္စာဓိကရဏေန သမ္မတိ။</p>
<p class=""bodytext"">အနုဝါဒါဓိကရဏံ ဝိဝါဒါဓိကရဏေန န သမ္မတိ, အနုဝါဒါဓိကရဏေန န သမ္မတိ, အာပတ္တာဓိကရဏေန န သမ္မတိ၊ ကိစ္စာဓိကရဏေန သမ္မတိ။</p>
<p class=""bodytext"">အာပတ္တာဓိကရဏံ ဝိဝါဒါဓိကရဏေန န သမ္မတိ, အနုဝါဒါဓိကရဏေန န သမ္မတိ, အာပတ္တာဓိကရဏေန န သမ္မတိ၊ ကိစ္စာဓိကရဏေန သမ္မတိ။</p>
<p class=""bodytext"">ကိစ္စာဓိကရဏံ ဝိဝါဒါဓိကရဏေန န သမ္မတိ, အနုဝါဒါဓိကရဏေန န သမ္မတိ, အာပတ္တာဓိကရဏေန န သမ္မတိ၊ ကိစ္စာဓိကရဏေန သမ္မတိ။ ဧဝံ သိယာ အဓိကရဏာ အဓိကရဏေဟိ သမ္မန္တိ။ ဧဝံ သိယာ အဓိကရဏာ အဓိကရဏေဟိ န သမ္မန္တိ။</p>
<p class=""bodytext"">ဆာပိ သမထာ စတ္တာရောပိ အဓိကရဏာ သမ္မုခါဝိနယေန သမ္မန္တိ၊ သမ္မုခါဝိနယော န ကေနစိ သမ္မတိ။</p>
<p class=""centered"">သမထာဓိကရဏဝါရော နိဋ္ဌိတော ဧကူနဝီသတိမော။</p>
<p class=""subhead"">၂၀။ သမုဋ္ဌာပနဝါရော</p>
<p class=""bodytext""><a name=""para314""></a><a name=""para314_vin5""></a><span class=""paranum"">၃၁၄</span>။ ဝိဝါဒါဓိကရဏံ <a name=""T0.0284""></a> စတုန္နံ အဓိကရဏာနံ ကတမံ အဓိကရဏံ သမုဋ္ဌာပေတိ? ဝိဝါဒါဓိကရဏံ စတုန္နံ အဓိကရဏာနံ န ကတမံ အဓိကရဏံ သမုဋ္ဌာပေတိ၊ အပိစ, ဝိဝါဒါဓိကရဏပစ္စယာ စတ္တာရော အဓိကရဏာ ဇာယန္တိ။ ယထာ ကထံ ဝိယ? <span class=""note"">[စူဠဝ။ ၂၁၅၊ ပရိ။ ၃၄၈ အာဒယော]</span> ဣဓ ဘိက္ခူ ဝိဝဒန္တိ – ‘‘ဓမ္မောတိ ဝါ, အဓမ္မောတိ ဝါ, ဝိနယောတိ ဝါ, အဝိနယောတိ ဝါ, အဘာသိတံ အလပိတံ တထာဂတေနာတိ ဝါ, ဘာသိတံ လပိတံ တထာဂတေနာတိ ဝါ, အနာစိဏ္ဏံ တထာဂတေနာတိ ဝါ, အာစိဏ္ဏံ</p>
",-313-314-
2073,mula_vi_05,203,"<p class=""noindentbodytext""> တထာဂတေနာတိ<a name=""M0.0203""></a> ဝါ, အပညတ္တံ တထာဂတေနာတိ ဝါ, ပညတ္တံ တထာဂတေနာတိ ဝါ, အာပတ္တီတိ ဝါ, အနာပတ္တီတိ ဝါ, လဟုကာ အာပတ္တီတိ ဝါ, ဂရုကာ အာပတ္တီတိ ဝါ, သာဝသေသာ အာပတ္တီတိ ဝါ, အနဝသေသာ အာပတ္တီတိ ဝါ, ဒုဋ္ဌုလ္လာ အာပတ္တီတိ ဝါ အဒုဋ္ဌုလ္လာ အာပတ္တီတိ ဝါ’’။ ယံ တတ္ထ ဘဏ္ဍနံ ကလဟော ဝိဂ္ဂဟော ဝိဝါဒေါ နာနာဝါဒေါ အညထာဝါဒေါ ဝိပစ္စတာယ ဝေါဟာရော မေဓကံ <span class=""note"">[မေဓဂံ (က။)]</span>, ဣဒံ ဝုစ္စတိ ဝိဝါဒါဓိကရဏံ။ ဝိဝါဒါဓိကရဏေ သံဃော ဝိဝဒတိ။ ဝိဝါဒါဓိကရဏံ <a name=""V0.0226""></a> ဝိဝဒမာနော အနုဝဒတိ။ အနုဝါဒါဓိကရဏံ အနုဝဒမာနော အာပတ္တိံ အာပဇ္ဇတိ အာပတ္တာဓိကရဏံ။ တာယ အာပတ္တိယာ သံဃော ကမ္မံ ကရောတိ ကိစ္စာဓိကရဏံ။ ဧဝံ ဝိဝါဒါဓိကရဏပစ္စယာ စတ္တာရော အဓိကရဏာ ဇာယန္တိ။</p>
<p class=""bodytext""><a name=""para315""></a><a name=""para315_vin5""></a><span class=""paranum"">၃၁၅</span>။ အနုဝါဒါဓိကရဏံ စတုန္နံ အဓိကရဏာနံ ကတမံ အဓိကရဏံ သမုဋ္ဌာပေတိ? အနုဝါဒါဓိကရဏံ စတုန္နံ အဓိကရဏာနံ န ကတမံ အဓိကရဏံ သမုဋ္ဌာပေတိ၊ အပိစ, အနုဝါဒါဓိကရဏပစ္စယာ စတ္တာရော အဓိကရဏာ <a name=""T0.0285""></a> ဇာယန္တိ။ ယထာ ကထံ ဝိယ? <span class=""note"">[စူဠဝ။ ၂၁၅၊ ပရိ။ ၃၄၈ အာဒယော]</span> ဣဓ ဘိက္ခူ ဘိက္ခုံ အနုဝဒန္တိ သီလဝိပတ္တိယာ ဝါ အာစာရဝိပတ္တိယာ ဝါ ဒိဋ္ဌိဝိပတ္တိယာ ဝါ အာဇီဝဝိပတ္တိယာ ဝါ။ ယော တတ္ထ အနုဝါဒေါ အနုဝဒနာ အနုလ္လပနာ အနုဘဏနာ အနုသမ္ပဝင်္ကတာ အဗ္ဘုဿဟနတာ အနုဗလပ္ပဒါနံ, ဣဒံ ဝုစ္စတိ အနုဝါဒါဓိကရဏံ။ အနုဝါဒါဓိကရဏေ သံဃော ဝိဝဒတိ။ ဝိဝါဒါဓိကရဏံ ဝိဝဒမာနော အနုဝဒတိ။ အနုဝါဒါဓိကရဏံ အနုဝဒမာနော အာပတ္တိံ အာပဇ္ဇတိ အာပတ္တာဓိကရဏံ။ တာယ အာပတ္တိယာ သံဃော ကမ္မံ ကရောတိ ကိစ္စာဓိကရဏံ။ ဧဝံ အနုဝါဒါဓိကရဏပစ္စယာ စတ္တာရော အဓိကရဏာ ဇာယန္တိ။</p>
<p class=""bodytext""><a name=""para316""></a><a name=""para316_vin5""></a><span class=""paranum"">၃၁၆</span>။ အာပတ္တာဓိကရဏံ စတုန္နံ အဓိကရဏာနံ ကတမံ အဓိကရဏံ သမုဋ္ဌာပေတိ? အာပတ္တာဓိကရဏံ စတုန္နံ အဓိကရဏာနံ န ကတမံ အဓိကရဏံ သမုဋ္ဌာပေတိ၊ အပိစ, အာပတ္တာဓိကရဏပစ္စယာ စတ္တာရော အဓိကရဏာ ဇာယန္တိ။ ယထာ ကထံ ဝိယ? ပဉ္စပိ အာပတ္တိက္ခန္ဓာ အာပတ္တာဓိကရဏံ, သတ္တပိ အာပတ္တိက္ခန္ဓာ အာပတ္တာဓိကရဏံ, ဣဒံ ဝုစ္စတိ အာပတ္တာဓိကရဏံ။ အာပတ္တာဓိကရဏေ သံဃော ဝိဝဒတိ။ ဝိဝါဒါဓိကရဏံ ဝိဝဒမာနော <a name=""P5.0112""></a> အနုဝဒတိ။ အနုဝါဒါဓိကရဏံ အနုဝဒမာနော အာပတ္တိံ အာပဇ္ဇတိ အာပတ္တာဓိကရဏံ။</p>
",-315-316-
2074,mula_vi_05,204,"<p class=""noindentbodytext""> တာယ<a name=""M0.0204""></a> အာပတ္တိယာ သံဃော ကမ္မံ ကရောတိ ကိစ္စာဓိကရဏံ။ ဧဝံ အာပတ္တာဓိကရဏပစ္စယာ စတ္တာရော အဓိကရဏာ ဇာယန္တိ။</p>
<p class=""bodytext""><a name=""para317""></a><a name=""para317_vin5""></a><span class=""paranum"">၃၁၇</span>။ ကိစ္စာဓိကရဏံ စတုန္နံ အဓိကရဏာနံ ကတမံ အဓိကရဏံ သမုဋ္ဌာပေတိ<a name=""T0.0286""></a>? ကိစ္စာဓိကရဏံ စတုန္နံ အဓိကရဏာနံ န ကတမံ အဓိကရဏံ သမုဋ္ဌာပေတိ, အပိစ ကိစ္စာဓိကရဏပစ္စယာ စတ္တာရော အဓိကရဏာ ဇာယန္တိ။ ယထာ ကထံ ဝိယ? ယာ သံဃဿ ကိစ္စယတာ ကရဏီယတာ အပလောကနကမ္မံ ဉတ္တိကမ္မံ ဉတ္တိဒုတိယကမ္မံ ဉတ္တိစတုတ္ထကမ္မံ, ဣဒံ ဝုစ္စတိ ကိစ္စာဓိကရဏံ။ ကိစ္စာဓိကရဏေ သံဃော ဝိဝဒတိ။ ဝိဝါဒါဓိကရဏံ ဝိဝဒမာနော အနုဝဒတိ။ အနုဝါဒါဓိကရဏံ အနုဝဒမာနော အာပတ္တိံ အာပဇ္ဇတိ အာပတ္တာဓိကရဏံ။ တာယ အာပတ္တိယာ <a name=""V0.0227""></a> သံဃော ကမ္မံ ကရောတိ ကိစ္စာဓိကရဏံ။ ဧဝံ ကိစ္စာဓိကရဏပစ္စယာ စတ္တာရော အဓိကရဏာ ဇာယန္တိ။</p>
<p class=""centered"">သမုဋ္ဌာပနဝါရော နိဋ္ဌိတော ဝီသတိမော။</p>
<p class=""subhead"">၂၁။ ဘဇတိဝါရော</p>
<p class=""bodytext""><a name=""para318""></a><a name=""para318_vin5""></a><span class=""paranum"">၃၁၈</span>။ ဝိဝါဒါဓိကရဏံ စတုန္နံ အဓိကရဏာနံ ကတမံ အဓိကရဏံ ဘဇတိ? ကတမံ အဓိကရဏံ ဥပနိဿိတံ? ကတမံ အဓိကရဏံ ပရိယာပန္နံ? ကတမေန အဓိကရဏေန သင်္ဂဟိတံ?</p>
<p class=""bodytext"">အနုဝါဒါဓိကရဏံ စတုန္နံ အဓိကရဏာနံ ကတမံ အဓိကရဏံ ဘဇတိ? ကတမံ အဓိကရဏံ ဥပနိဿိတံ? ကတမံ အဓိကရဏံ ပရိယာပန္နံ? ကတမေန အဓိကရဏေန သင်္ဂဟိတံ?</p>
<p class=""bodytext"">အာပတ္တာဓိကရဏံ စတုန္နံ အဓိကရဏာနံ ကတမံ အဓိကရဏံ ဘဇတိ? ကတမံ အဓိကရဏံ ဥပနိဿိတံ? ကတမံ အဓိကရဏံ ပရိယာပန္နံ? ကတမေန အဓိကရဏေန သင်္ဂဟိတံ?</p>
<p class=""bodytext"">ကိစ္စာဓိကရဏံ စတုန္နံ အဓိကရဏာနံ ကတမံ အဓိကရဏံ ဘဇတိ? ကတမံ အဓိကရဏံ ဥပနိဿိတံ? ကတမံ အဓိကရဏံ ပရိယာပန္နံ? ကတမေန အဓိကရဏေန <a name=""T0.0287""></a> သင်္ဂဟိတံ?</p>
<p class=""bodytext"">ဝိဝါဒါဓိကရဏံ စတုန္နံ အဓိကရဏာနံ ဝိဝါဒါဓိကရဏံ ဘဇတိ, ဝိဝါဒါဓိကရဏံ ဥပနိဿိတံ, ဝိဝါဒါဓိကရဏံ ပရိယာပန္နံ, ဝိဝါဒါဓိကရဏေန သင်္ဂဟိတံ။</p>
",-317-318-
2075,mula_vi_05,205,"<p class=""bodytext"">အနုဝါဒါဓိကရဏံ <a name=""M0.0205""></a> စတုန္နံ အဓိကရဏာနံ အနုဝါဒါဓိကရဏံ ဘဇတိ, အနုဝါဒါဓိကရဏံ ဥပနိဿိတံ, အနုဝါဒါဓိကရဏံ ပရိယာပန္နံ, အနုဝါဒါဓိကရဏေန သင်္ဂဟိတံ။</p>
<p class=""bodytext"">အာပတ္တာဓိကရဏံ စတုန္နံ အဓိကရဏာနံ အာပတ္တာဓိကရဏံ ဘဇတိ, အာပတ္တာဓိကရဏံ ဥပနိဿိတံ, အာပတ္တာဓိကရဏံ ပရိယာပန္နံ, အာပတ္တာဓိကရဏေန သင်္ဂဟိတံ။</p>
<p class=""bodytext"">ကိစ္စာဓိကရဏံ စတုန္နံ အဓိကရဏာနံ ကိစ္စာဓိကရဏံ ဘဇတိ, ကိစ္စာဓိကရဏံ ဥပနိဿိတံ, ကိစ္စာဓိကရဏံ ပရိယာပန္နံ, ကိစ္စာဓိကရဏေန သင်္ဂဟိတံ။</p>
<p class=""bodytext""><a name=""para319""></a><a name=""para319_vin5""></a><span class=""paranum"">၃၁၉</span>။ ဝိဝါဒါဓိကရဏံ <a name=""V0.0228""></a> သတ္တန္နံ သမထာနံ ကတိ သမထေ ဘဇတိ, ကတိ သမထေ ဥပနိဿိတံ, ကတိ သမထေ ပရိယာပန္နံ, ကတိဟိ သမထေဟိ သင်္ဂဟိတံ, ကတိဟိ သမထေဟိ သမ္မတိ?</p>
<p class=""bodytext"">အနုဝါဒါဓိကရဏံ သတ္တန္နံ သမထာနံ ကတိ သမထေ ဘဇတိ, ကတိ သမထေ ဥပနိဿိတံ, ကတိ သမထေ ပရိယာပန္နံ, ကတိဟိ သမထေဟိ သင်္ဂဟိတံ, ကတိဟိ သမထေဟိ သမ္မတိ?</p>
<p class=""bodytext"">အာပတ္တာဓိကရဏံ သတ္တန္နံ သမထာနံ ကတိ သမထေ ဘဇတိ, ကတိ သမထေ ဥပနိဿိတံ, ကတိ သမထေ ပရိယာပန္နံ, ကတိဟိ သမထေဟိ သင်္ဂဟိတံ, ကတိဟိ သမထေဟိ သမ္မတိ?</p>
<p class=""bodytext"">ကိစ္စာဓိကရဏံ သတ္တန္နံ သမထာနံ ကတိ သမထေ ဘဇတိ, ကတိ သမထေ ဥပနိဿိတံ, ကတိ သမထေ ပရိယာပန္နံ, ကတိဟိ သမထေဟိ သင်္ဂဟိတံ, ကတိဟိ သမထေဟိ သမ္မတိ?</p>
<p class=""bodytext"">ဝိဝါဒါဓိကရဏံ သတ္တန္နံ သမထာနံ ဒွေ သမထေ ဘဇတိ, ဒွေ သမထေ ဥပနိဿိတံ, ဒွေ သမထေ ပရိယာပန္နံ, ဒွီဟိ သမထေဟိ သင်္ဂဟိတံ, ဒွီဟိ သမထေဟိ သမ္မတိ – သမ္မုခါဝိနယေန စ ယေဘုယျသိကာယ စ။</p>
<p class=""bodytext"">အနုဝါဒါဓိကရဏံ သတ္တန္နံ သမထာနံ စတ္တာရော သမထေ ဘဇတိ, စတ္တာရော သမထေ ဥပနိဿိတံ, စတ္တာရော သမထေ ပရိယာပန္နံ, စတူဟိ သမထေဟိ သင်္ဂဟိတံ, စတူဟိ သမထေဟိ သမ္မတိ – သမ္မုခါဝိနယေန စ သတိဝိနယေန <a name=""T0.0288""></a> စ အမူဠှဝိနယေန စ တဿပါပိယသိကာယ စ။</p>
",-319-
2076,mula_vi_05,206,"<p class=""bodytext"">အာပတ္တာဓိကရဏံ <a name=""M0.0206""></a> သတ္တန္နံ သမထာနံ တယော သမထေ ဘဇတိ, တယော သမထေ ဥပနိဿိတံ, တယော သမထေ ပရိယာပန္နံ, တီဟိ သမထေဟိ သင်္ဂဟိတံ တီဟိ သမထေဟိ သမ္မတိ – သမ္မုခါဝိနယေန စ ပဋိညာတကရဏေန <a name=""P5.0113""></a> တိဏဝတ္ထာရကေန စ။</p>
<p class=""bodytext"">ကိစ္စာဓိကရဏံ သတ္တန္နံ သမထာနံ ဧကံ သမထံ ဘဇတိ, ဧကံ သမထံ ဥပနိဿိတံ, ဧကံ သမထံ ပရိယာပန္နံ, ဧကေန သမထေန သင်္ဂဟိတံ, ဧကေန သမထေန သမ္မတိ – သမ္မုခါဝိနယေနာတိ။</p>
<p class=""centered"">ဘဇတိဝါရော နိဋ္ဌိတော ဧကဝီသတိမော။</p>
<p class=""centered"">သမထဘေဒေါ နိဋ္ဌိတော။</p>
<p class=""centered"">တဿုဒ္ဒါနံ –</p>
<p class=""gatha1"">အဓိကရဏံ <a name=""V0.0229""></a> ပရိယာယံ, သာဓာရဏာ စ ဘာဂိယာ၊</p>
<p class=""gathalast"">သမထာ သာဓာရဏိကာ, သမထဿ တဗ္ဘာဂိယာ။</p>
<p class=""gatha1"">သမထာ သမ္မုခါ စေဝ, ဝိနယေန ကုသလေန စ၊</p>
<p class=""gathalast"">ယတ္ထ သမထသံသဋ္ဌာ, သမ္မန္တိ န သမ္မန္တိ စ။</p>
<p class=""gathalast"">သမထာဓိကရဏဉ္စေဝ, သမုဋ္ဌာနံ ဘဇန္တိ စာတိ။</p>
",
2077,mula_vi_05,207,"<a name=""vin5_4""></a><p class=""chapter"">ခန္ဓကပုစ္ဆာဝါရော</p>
<p class=""hangnum""><a name=""para320""></a><a name=""para320_vin5""></a><span class=""paranum"">၃၂၀</span>။</p>
<p class=""gatha1""> ဥပသမ္ပဒံ <a name=""T0.0289""></a><a name=""P5.0114""></a><a name=""M0.0207""></a><a name=""V0.0230""></a> ပုစ္ဆိဿံ သနိဒါနံ သနိဒ္ဒေသံ၊</p>
<p class=""gatha2"">သမုက္ကဋ္ဌပဒါနံ ကတိ အာပတ္တိယော၊</p>
<p class=""gatha3"">ဥပသမ္ပဒံ ဝိဿဇ္ဇိဿံ သနိဒါနံ သနိဒ္ဒေသံ၊</p>
<p class=""gathalast"">သမုက္ကဋ္ဌပဒါနံ ဒွေ အာပတ္တိယော။</p>
<p class=""gatha1"">ဥပေါသထံ ပုစ္ဆိဿံ သနိဒါနံ သနိဒ္ဒေသံ၊</p>
<p class=""gatha2"">သမုက္ကဋ္ဌပဒါနံ ကတိ အာပတ္တိယော၊</p>
<p class=""gatha3"">ဥပေါသထံ ဝိဿဇ္ဇိဿံ သနိဒါနံ သနိဒ္ဒေသံ၊</p>
<p class=""gathalast"">သမုက္ကဋ္ဌပဒါနံ တိဿော အာပတ္တိယော။</p>
<p class=""gatha1"">ဝဿူပနာယိကံ ပုစ္ဆိဿံ သနိဒါနံ သနိဒ္ဒေသံ၊</p>
<p class=""gatha2"">သမုက္ကဋ္ဌပဒါနံ ကတိ အာပတ္တိယော၊</p>
<p class=""gatha3"">ဝဿူပနာယိကံ ဝိဿဇ္ဇိဿံ သနိဒါနံ သနိဒ္ဒေသံ၊</p>
<p class=""gathalast"">သမုက္ကဋ္ဌပဒါနံ ဧကာ အာပတ္တိ။</p>
<p class=""gatha1"">ပဝါရဏံ ပုစ္ဆိဿံ သနိဒါနံ သနိဒ္ဒေသံ၊</p>
<p class=""gatha2"">သမုက္ကဋ္ဌပဒါနံ ကတိ အာပတ္တိယော၊</p>
<p class=""gatha3"">ပဝါရဏံ ဝိဿဇ္ဇိဿံ သနိဒါနံ သနိဒ္ဒေသံ၊</p>
<p class=""gathalast"">သမုက္ကဋ္ဌပဒါနံ တိဿော အာပတ္တိယော။</p>
<p class=""gatha1"">စမ္မသညုတ္တံ ပုစ္ဆိဿံ သနိဒါနံ သနိဒ္ဒေသံ၊</p>
<p class=""gatha2"">သမုက္ကဋ္ဌပဒါနံ ကတိ အာပတ္တိယော၊</p>
<p class=""gatha3"">စမ္မသညုတ္တံ <a name=""T0.0290""></a><a name=""V0.0231""></a> ဝိဿဇ္ဇိဿံ သနိဒါနံ သနိဒ္ဒေသံ၊</p>
<p class=""gathalast"">သမုက္ကဋ္ဌပဒါနံ တိဿော အာပတ္တိယော။</p>
<p class=""gatha1"">ဘေသဇ္ဇံ ပုစ္ဆိဿံ သနိဒါနံ သနိဒ္ဒေသံ၊</p>
<p class=""gatha2"">သမုက္ကဋ္ဌပဒါနံ ကတိ အာပတ္တိယော၊</p>
<p class=""gatha3"">ဘေသဇ္ဇံ ဝိဿဇ္ဇိဿံ သနိဒါနံ သနိဒ္ဒေသံ၊</p>
<p class=""gathalast"">သမုက္ကဋ္ဌပဒါနံ တိဿော အာပတ္တိယော။</p>
",-320-
2078,mula_vi_05,208,"<p class=""gatha1"">ကထိနကံ <a name=""M0.0208""></a> ပုစ္ဆိဿံ သနိဒါနံ သနိဒ္ဒေသံ၊</p>
<p class=""gatha2"">သမုက္ကဋ္ဌပဒါနံ ကတိ အာပတ္တိယော၊</p>
<p class=""gatha3"">ကထိနကံ ဝိဿဇ္ဇိဿံ သနိဒါနံ သနိဒ္ဒေသံ၊</p>
<p class=""gathalast"">သမုက္ကဋ္ဌပဒါနံ နတ္ထိ တတ္ထ အာပတ္တိ <span class=""note"">[န ကတမာ အာပတ္တိယော (က။)]</span>။</p>
<p class=""gatha1"">စီဝရသညုတ္တံ ပုစ္ဆိဿံ သနိဒါနံ သနိဒ္ဒေသံ၊</p>
<p class=""gatha2"">သမုက္ကဋ္ဌပဒါနံ ကတိ အာပတ္တိယော၊</p>
<p class=""gatha3"">စီဝရသညုတ္တံ ဝိဿဇ္ဇိဿံ သနိဒါနံ သနိဒ္ဒေသံ၊</p>
<p class=""gathalast"">သမုက္ကဋ္ဌပဒါနံ တိဿော အာပတ္တိယော။</p>
<p class=""gatha1"">စမ္ပေယျကံ ပုစ္ဆိဿံ သနိဒါနံ သနိဒ္ဒေသံ၊</p>
<p class=""gatha2"">သမုက္ကဋ္ဌပဒါနံ ကတိ အာပတ္တိယော၊</p>
<p class=""gatha3"">စမ္ပေယျကံ ဝိဿဇ္ဇိဿံ သနိဒါနံ သနိဒ္ဒေသံ၊</p>
<p class=""gathalast"">သမုက္ကဋ္ဌပဒါနံ ဧကာ အာပတ္တိ။</p>
<p class=""gatha1"">ကောသမ္ဗကံ ပုစ္ဆိဿံ သနိဒါနံ သနိဒ္ဒေသံ၊</p>
<p class=""gatha2"">သမုက္ကဋ္ဌပဒါနံ ကတိ အာပတ္တိယော၊</p>
<p class=""gatha3"">ကောသမ္ဗကံ <a name=""T0.0291""></a> ဝိဿဇ္ဇိဿံ သနိဒါနံ သနိဒ္ဒေသံ၊</p>
<p class=""gathalast"">သမုက္ကဋ္ဌပဒါနံ ဧကာ အာပတ္တိ။</p>
<p class=""gatha1"">ကမ္မက္ခန္ဓကံ ပုစ္ဆိဿံ သနိဒါနံ သနိဒ္ဒေသံ၊</p>
<p class=""gatha2"">သမုက္ကဋ္ဌပဒါနံ ကတိ အာပတ္တိယော၊</p>
<p class=""gatha3"">ကမ္မက္ခန္ဓကံ <a name=""V0.0232""></a> ဝိဿဇ္ဇိဿံ သနိဒါနံ သနိဒ္ဒေသံ၊</p>
<p class=""gathalast"">သမုက္ကဋ္ဌပဒါနံ ဧကာ အာပတ္တိ။</p>
<p class=""gatha1"">ပါရိဝါသိကံ ပုစ္ဆိဿံ သနိဒါနံ သနိဒ္ဒေသံ၊</p>
<p class=""gatha2"">သမုက္ကဋ္ဌပဒါနံ ကတိ အာပတ္တိယော၊</p>
<p class=""gatha3"">ပါရိဝါသိကံ ဝိဿဇ္ဇိဿံ သနိဒါနံ သနိဒ္ဒေသံ၊</p>
<p class=""gathalast"">သမုက္ကဋ္ဌပဒါနံ ဧကာ အာပတ္တိ။</p>
<p class=""gatha1"">သမုစ္စယံ ပုစ္ဆိဿံ သနိဒါနံ သနိဒ္ဒေသံ၊</p>
<p class=""gatha2"">သမုက္ကဋ္ဌပဒါနံ ကတိ အာပတ္တိယော၊</p>
<p class=""gatha3"">သမုစ္စယံ ဝိဿဇ္ဇိဿံ သနိဒါနံ သနိဒ္ဒေသံ၊</p>
<p class=""gathalast"">သမုက္ကဋ္ဌပဒါနံ ဧကာ အာပတ္တိ။</p>
",
2079,mula_vi_05,209,"<p class=""gatha1"">သမထံ <a name=""M0.0209""></a> ပုစ္ဆိဿံ သနိဒါနံ သနိဒ္ဒေသံ၊</p>
<p class=""gatha2"">သမုက္ကဋ္ဌပဒါနံ ကတိ အာပတ္တိယော၊</p>
<p class=""gatha3"">သမထံ ဝိဿဇ္ဇိဿံ သနိဒါနံ သနိဒ္ဒေသံ၊</p>
<p class=""gathalast"">သမုက္ကဋ္ဌပဒါနံ ဒွေ အာပတ္တိယော။</p>
<p class=""gatha1"">ခုဒ္ဒကဝတ္ထုကံ ပုစ္ဆိဿံ သနိဒါနံ သနိဒ္ဒေသံ၊</p>
<p class=""gatha2"">သမုက္ကဋ္ဌပဒါနံ ကတိ အာပတ္တိယော၊</p>
<p class=""gatha3"">ခုဒ္ဒကဝတ္ထုကံ <a name=""T0.0292""></a> ဝိဿဇ္ဇိဿံ သနိဒါနံ သနိဒ္ဒေသံ၊</p>
<p class=""gathalast"">သမုက္ကဋ္ဌပဒါနံ တိဿော အာပတ္တိယော။</p>
<p class=""gatha1"">သေနာသနံ ပုစ္ဆိဿံ သနိဒါနံ သနိဒ္ဒေသံ၊</p>
<p class=""gatha2"">သမုက္ကဋ္ဌပဒါနံ ကတိ အာပတ္တိယော၊</p>
<p class=""gatha3"">သေနာသနံ ဝိဿဇ္ဇိဿံ သနိဒါနံ သနိဒ္ဒေသံ၊</p>
<p class=""gathalast"">သမုက္ကဋ္ဌပဒါနံ တိဿော အာပတ္တိယော။</p>
<p class=""gatha1"">သံဃဘေဒံ ပုစ္ဆိဿံ သနိဒါနံ သနိဒ္ဒေသံ၊</p>
<p class=""gatha2"">သမုက္ကဋ္ဌပဒါနံ ကတိ အာပတ္တိယော၊</p>
<p class=""gatha3"">သံဃဘေဒံ <a name=""V0.0233""></a> ဝိဿဇ္ဇိဿံ သနိဒါနံ သနိဒ္ဒေသံ၊</p>
<p class=""gathalast"">သမုက္ကဋ္ဌပဒါနံ ဒွေ အာပတ္တိယော။</p>
<p class=""gatha1"">သမာစာရံ ပုစ္ဆိဿံ သနိဒါနံ သနိဒ္ဒေသံ၊</p>
<p class=""gatha2"">သမုက္ကဋ္ဌပဒါနံ ကတိ အာပတ္တိယော၊</p>
<p class=""gatha3"">သမာစာရံ ဝိဿဇ္ဇိဿံ သနိဒါနံ သနိဒ္ဒေသံ၊</p>
<p class=""gathalast"">သမုက္ကဋ္ဌပဒါနံ ဧကာ အာပတ္တိ။</p>
<p class=""gatha1"">ဌပနံ ပုစ္ဆိဿံ သနိဒါနံ သနိဒ္ဒေသံ၊</p>
<p class=""gatha2"">သမုက္ကဋ္ဌပဒါနံ ကတိ အာပတ္တိယော၊</p>
<p class=""gatha3"">ဌပနံ ဝိဿဇ္ဇိဿံ သနိဒါနံ သနိဒ္ဒေသံ၊</p>
<p class=""gathalast"">သမုက္ကဋ္ဌပဒါနံ ဧကာ အာပတ္တိ။</p>
<p class=""gatha1"">ဘိက္ခုနိက္ခန္ဓကံ ပုစ္ဆိဿံ သနိဒါနံ သနိဒ္ဒေသံ၊</p>
<p class=""gatha2"">သမုက္ကဋ္ဌပဒါနံ ကတိ အာပတ္တိယော၊</p>
<p class=""gatha3"">ဘိက္ခုနိက္ခန္ဓကံ <a name=""T0.0293""></a> ဝိဿဇ္ဇိဿံ သနိဒါနံ သနိဒ္ဒေသံ၊</p>
<p class=""gathalast"">သမုက္ကဋ္ဌပဒါနံ ဒွေ အာပတ္တိယော။</p>
",
2080,mula_vi_05,210,"<p class=""gatha1"">ပဉ္စသတိကံ <a name=""M0.0210""></a> ပုစ္ဆိဿံ သနိဒါနံ သနိဒ္ဒေသံ၊</p>
<p class=""gatha2"">သမုက္ကဋ္ဌပဒါနံ ကတိ အာပတ္တိယော၊</p>
<p class=""gatha3"">ပဉ္စသတိကံ ဝိဿဇ္ဇိဿံ သနိဒါနံ သနိဒ္ဒေသံ၊</p>
<p class=""gathalast"">သမုက္ကဋ္ဌပဒါနံ နတ္ထိ တတ္ထ အာပတ္တိ။</p>
<p class=""gatha1"">သတ္တသတိကံ ပုစ္ဆိဿံ သနိဒါနံ သနိဒ္ဒေသံ၊</p>
<p class=""gatha2"">သမုက္ကဋ္ဌပဒါနံ ကတိ အာပတ္တိယော၊</p>
<p class=""gatha3"">သတ္တသတိကံ ဝိဿဇ္ဇိဿံ သနိဒါနံ သနိဒ္ဒေသံ၊</p>
<p class=""gathalast"">သမုက္ကဋ္ဌပဒါနံ နတ္ထိ တတ္ထ အာပတ္တီတိ။</p>
<p class=""centered"">ခန္ဓကပုစ္ဆာဝါရော နိဋ္ဌိတော ပဌမော။</p>
<p class=""centered"">တဿုဒ္ဒါနံ –</p>
<p class=""gatha1"">ဥပသမ္ပဒူပေါသထော<a name=""V0.0234""></a>, ဝဿူပနာယိကပဝါရဏာ၊</p>
<p class=""gathalast"">စမ္မဘေသဇ္ဇကထိနာ, စီဝရံ စမ္ပေယျကေန စ။</p>
<p class=""gatha1"">ကောသမ္ဗက္ခန္ဓကံ ကမ္မံ, ပါရိဝါသိသမုစ္စယာ၊</p>
<p class=""gatha2"">သမထခုဒ္ဒကာ သေနာ, သံဃဘေဒံ သမာစာရော၊</p>
<p class=""gathalast"">ဌပနံ ဘိက္ခုနိက္ခန္ဓံ, ပဉ္စသတ္တသတေန စာတိ။</p>
",
2081,mula_vi_05,211,"<a name=""vin5_5""></a><p class=""chapter"">ဧကုတ္တရိကနယော</p>
<p class=""subhead"">၁-ဧကုတ္တရိကဝါရော</p>
<p class=""bodytext""><a name=""para321""></a><a name=""para321_vin5""></a><span class=""paranum"">၃၂၁</span>။ အာပတ္တိကရာ <a name=""T0.0294""></a><a name=""P5.0115""></a><a name=""M0.0211""></a><a name=""V0.0235""></a> ဓမ္မာ ဇာနိတဗ္ဗာ။ အနာပတ္တိကရာ ဓမ္မာ ဇာနိတဗ္ဗာ။ အာပတ္တိ ဇာနိတဗ္ဗာ။ အနာပတ္တိ ဇာနိတဗ္ဗာ။ လဟုကာ အာပတ္တိ ဇာနိတဗ္ဗာ။ ဂရုကာ အာပတ္တိ ဇာနိတဗ္ဗာ။ သာဝသေသာ အာပတ္တိ ဇာနိတဗ္ဗာ။ အနဝသေသာ အာပတ္တိ ဇာနိတဗ္ဗာ။ ဒုဋ္ဌုလ္လာ အာပတ္တိ ဇာနိတဗ္ဗာ။ အဒုဋ္ဌုလ္လာ အာပတ္တိ ဇာနိတဗ္ဗာ။ သပ္ပဋိကမ္မာ အာပတ္တိ ဇာနိတဗ္ဗာ။ အပ္ပဋိကမ္မာ အာပတ္တိ ဇာနိတဗ္ဗာ။ ဒေသနာဂါမိနီ အာပတ္တိ ဇာနိတဗ္ဗာ။ အဒေသနာဂါမိနီ အာပတ္တိ ဇာနိတဗ္ဗာ။ အန္တရာယိကာ အာပတ္တိ ဇာနိတဗ္ဗာ။ အနန္တရာယိကာ အာပတ္တိ ဇာနိတဗ္ဗာ။ သာဝဇ္ဇပညတ္တိ အာပတ္တိ ဇာနိတဗ္ဗာ။ အနဝဇ္ဇပညတ္တိ အာပတ္တိ ဇာနိတဗ္ဗာ။ ကိရိယတော သမုဋ္ဌိတာ အာပတ္တိ ဇာနိတဗ္ဗာ။ အကိရိယတော သမုဋ္ဌိတာ အာပတ္တိ ဇာနိတဗ္ဗာ။ ကိရိယာကိရိယတော သမုဋ္ဌိတာ အာပတ္တိ ဇာနိတဗ္ဗာ။ ပုဗ္ဗာပတ္တိ ဇာနိတဗ္ဗာ။ အပရာပတ္တိ ဇာနိတဗ္ဗာ။ ပုဗ္ဗာပတ္တီနံ အန္တရာပတ္တိ ဇာနိတဗ္ဗာ။ အပရာပတ္တီနံ အန္တရာပတ္တိ ဇာနိတဗ္ဗာ။ ဒေသိတာ ဂဏနူပဂါ အာပတ္တိ ဇာနိတဗ္ဗာ။ ဒေသိတာ န ဂဏနူပဂါ အာပတ္တိ ဇာနိတဗ္ဗာ။ ပညတ္တိ ဇာနိတဗ္ဗာ။ အနုပညတ္တိ ဇာနိတဗ္ဗာ။ အနုပ္ပန္နပညတ္တိ ဇာနိတဗ္ဗာ။ သဗ္ဗတ္ထပညတ္တိ ဇာနိတဗ္ဗာ။ ပဒေသပညတ္တိ ဇာနိတဗ္ဗာ။ သာဓာရဏပညတ္တိ ဇာနိတဗ္ဗာ<a name=""T0.0295""></a>။ အသာဓာရဏပညတ္တိ ဇာနိတဗ္ဗာ။ ဧကတောပညတ္တိ ဇာနိတဗ္ဗာ။ ဥဘတောပညတ္တိ ဇာနိတဗ္ဗာ။ ထုလ္လဝဇ္ဇာ အာပတ္တိ ဇာနိတဗ္ဗာ။ အထုလ္လဝဇ္ဇာ အာပတ္တိ ဇာနိတဗ္ဗာ။ ဂိဟိပဋိသံယုတ္တာ အာပတ္တိ ဇာနိတဗ္ဗာ။ န ဂိဟိပဋိသံယုတ္တာ အာပတ္တိ ဇာနိတဗ္ဗာ။ နိယတာ အာပတ္တိ ဇာနိတဗ္ဗာ။ အနိယတာ အာပတ္တိ ဇာနိတဗ္ဗာ။ အာဒိကရော ပုဂ္ဂလော ဇာနိတဗ္ဗော။ အနာဒိကရော ပုဂ္ဂလော ဇာနိတဗ္ဗော။ အဓိစ္စာပတ္တိကော ပုဂ္ဂလော ဇာနိတဗ္ဗော။ အဘိဏှာပတ္တိကော ပုဂ္ဂလော ဇာနိတဗ္ဗော။ စောဒကော ပုဂ္ဂလော ဇာနိတဗ္ဗော။ စုဒိတကော ပုဂ္ဂလော ဇာနိတဗ္ဗော။ အဓမ္မစောဒကော ပုဂ္ဂလော ဇာနိတဗ္ဗော။ အဓမ္မစုဒိတကော ပုဂ္ဂလော ဇာနိတဗ္ဗော။ ဓမ္မစောဒကော ပုဂ္ဂလော ဇာနိတဗ္ဗော။ ဓမ္မစုဒိတကော ပုဂ္ဂလော ဇာနိတဗ္ဗော<a name=""V0.0236""></a>
Empty Line. Go Next Line
",-321-
2082,mula_vi_05,212,"<p class=""noindentbodytext""> ပုဂ္ဂလော <a name=""M0.0212""></a> ဇာနိတဗ္ဗော။ အနာသိတကော ပုဂ္ဂလော ဇာနိတဗ္ဗော။ သမာနသံဝါသကော ပုဂ္ဂလော ဇာနိတဗ္ဗော။ အသမာနသံဝါသကော ပုဂ္ဂလော ဇာနိတဗ္ဗော။ ဌပနံ ဇာနိတဗ္ဗန္တိ။</p>
<p class=""centered"">ဧကကံ နိဋ္ဌိတံ။</p>
<p class=""centered"">တဿုဒ္ဒါနံ –</p>
<p class=""gatha1"">ကရာ အာပတ္တိ လဟုကာ, သာဝသေသာ စ ဒုဋ္ဌုလ္လာ၊</p>
<p class=""gathalast"">ပဋိကမ္မဒေသနာ <a name=""T0.0296""></a> စ, အန္တရာ ဝဇ္ဇကိရိယံ။</p>
<p class=""gatha1"">ကိရိယာကိရိယံ ပုဗ္ဗာ, အန္တရာ ဂဏနူပဂါ၊</p>
<p class=""gathalast"">ပညတ္တိ အနာနုပ္ပန္န, သဗ္ဗသာဓာရဏာ စ ဧကတော <span class=""note"">[ပညတ္တာနုပ္ပန္နာ သဗ္ဗာ, သာဓာရဏာ စ ဧကတော (သျာ။)]</span>။</p>
<p class=""gatha1"">ထုလ္လဂိဟိနိယတာ <a name=""P5.0116""></a> စ, အာဒိ အဓိစ္စစောဒကော၊</p>
<p class=""gatha2"">အဓမ္မဓမ္မနိယတော, အဘဗ္ဗောက္ခိတ္တနာသိတာ၊</p>
<p class=""gathalast"">သမာနံ ဌပနဉ္စေဝ, ဥဒ္ဒါနံ ဧကကေ ဣဒန္တိ။</p>
<p class=""subhead"">၂။ ဒုကဝါရော</p>
<p class=""bodytext""><a name=""para322""></a><a name=""para322_vin5""></a><span class=""paranum"">၃၂၂</span>။ အတ္ထာပတ္တိ သညာ ဝိမောက္ခာ, အတ္ထာပတ္တိ နော သညာဝိမောက္ခာ။ အတ္ထာပတ္တိ လဒ္ဓသမာပတ္တိကဿ, အတ္ထာပတ္တိ န လဒ္ဓသမာပတ္တိကဿ။ အတ္ထာပတ္တိ သဒ္ဓမ္မပဋိသညုတ္တာ, အတ္ထာပတ္တိ အသဒ္ဓမ္မပဋိသညုတ္တာ။ အတ္ထာပတ္တိ သပရိက္ခာရပဋိသညုတ္တာ, အတ္ထာပတ္တိ ပရပရိက္ခာရပဋိသညုတ္တာ။ အတ္ထာပတ္တိ သပုဂ္ဂလပဋိသညုတ္တာ, အတ္ထာပတ္တိ ပရပုဂ္ဂလပဋိသညုတ္တာ။ အတ္ထိ သစ္စံ ဘဏန္တော ဂရုကံ အာပတ္တိံ အာပဇ္ဇတိ, မုသာ ဘဏန္တော လဟုကံ။ အတ္ထိ မုသာ ဘဏန္တော ဂရုကံ အာပတ္တိံ အာပဇ္ဇတိ, သစ္စံ ဘဏန္တော လဟုကံ။ အတ္ထာပတ္တိ ဘူမိဂတော အာပဇ္ဇတိ, နော ဝေဟာသဂတော။ အတ္ထာပတ္တိ ဝေဟာသဂတော အာပဇ္ဇတိ, နော ဘူမိဂတော။ အတ္ထာပတ္တိ နိက္ခမန္တော အာပဇ္ဇတိ, နော ပဝိသန္တော။ အတ္ထာပတ္တိ ပဝိသန္တော အာပဇ္ဇတိ, နော နိက္ခမန္တော။ အတ္ထာပတ္တိ အာဒိယန္တော အာပဇ္ဇတိ, အတ္ထာပတ္တိ အနာဒိယန္တော <a name=""T0.0297""></a> အာပဇ္ဇတိ။</p>
",-322-
2083,mula_vi_05,213,"<p class=""noindentbodytext""> အတ္ထာပတ္တိ<a name=""M0.0213""></a> သမာဒိယန္တော အာပဇ္ဇတိ<a name=""V0.0237""></a>, အတ္ထာပတ္တိ န သမာဒိယန္တော အာပဇ္ဇတိ။ အတ္ထာပတ္တိ ကရောန္တော အာပဇ္ဇတိ, အတ္ထာပတ္တိ န ကရောန္တော အာပဇ္ဇတိ။ အတ္ထာပတ္တိ ဒေန္တော အာပဇ္ဇတိ, အတ္ထာပတ္တိ န ဒေန္တော အာပဇ္ဇတိ။ (အတ္ထာပတ္တိ ဒေသေန္တော အာပဇ္ဇတိ, အတ္ထာပတ္တိ န ဒေသေန္တော အာပဇ္ဇတိ။) <span class=""note"">[( ) (နတ္ထိ ကတ္ထစိ)]</span> အတ္ထာပတ္တိ ပဋိဂ္ဂဏှန္တော အာပဇ္ဇတိ, အတ္ထာပတ္တိ န ပဋိဂ္ဂဏှန္တော အာပဇ္ဇတိ။ အတ္ထာပတ္တိ ပရိဘောဂေန အာပဇ္ဇတိ, အတ္ထာပတ္တိ န ပရိဘောဂေန အာပဇ္ဇတိ။ အတ္ထာပတ္တိ ရတ္တိံ အာပဇ္ဇတိ, နော ဒိဝါ။ အတ္ထာပတ္တိ ဒိဝါ အာပဇ္ဇတိ, နော ရတ္တိံ။ အတ္ထာပတ္တိ အရုဏုဂ္ဂေ အာပဇ္ဇတိ, အတ္ထာပတ္တိ န အရုဏုဂ္ဂေ အာပဇ္ဇတိ။ အတ္ထာပတ္တိ ဆိန္ဒန္တော အာပဇ္ဇတိ, အတ္ထာပတ္တိ န ဆိန္ဒန္တော အာပဇ္ဇတိ။ အတ္ထာပတ္တိ ဆာဒေန္တော အာပဇ္ဇတိ, အတ္ထာပတ္တိ န ဆာဒေန္တော အာပဇ္ဇတိ။ အတ္ထာပတ္တိ ဓာရေန္တော အာပဇ္ဇတိ, အတ္ထာပတ္တိ န ဓာရေန္တော အာပဇ္ဇတိ။</p>
<p class=""bodytext"">ဒွေ ဥပေါသထာ – စာတုဒ္ဒသိကော စ ပန္နရသိကော စ။ ဒွေ ပဝါရဏာ – စာတုဒ္ဒသိကာ စ ပန္နရသိကာ စ။ ဒွေ ကမ္မာနိ – အပလောကနကမ္မံ, ဉတ္တိကမ္မံ။ အပရာနိပိ ဒွေ ကမ္မာနိ – ဉတ္တိဒုတိယကမ္မံ, ဉတ္တိစတုတ္ထကမ္မံ။ ဒွေ ကမ္မဝတ္ထူနိ – အပလောကနကမ္မဿ ဝတ္ထု, ဉတ္တိကမ္မဿ ဝတ္ထု။ အပရာနိပိ ဒွေ ကမ္မဝတ္ထူနိ – ဉတ္တိဒုတိယကမ္မဿ ဝတ္ထု, ဉတ္တိစတုတ္ထကမ္မဿ ဝတ္ထု။ ဒွေ ကမ္မဒေါသာ – အပလောကနကမ္မဿ ဒေါသော, ဉတ္တိကမ္မဿ ဒေါသော။ အပရေပိ <a name=""T0.0298""></a> ဒွေ ကမ္မဒေါသာ – ဉတ္တိဒုတိယကမ္မဿ ဒေါသော, ဉတ္တိစတုတ္ထကမ္မဿ ဒေါသော။ ဒွေ ကမ္မသမ္ပတ္တိယော – အပလောကနကမ္မဿ သမ္ပတ္တိ, ဉတ္တိကမ္မဿ သမ္ပတ္တိ။ အပရာပိ ဒွေ ကမ္မသမ္ပတ္တိယော – ဉတ္တိဒုတိယကမ္မဿ သမ္ပတ္တိ, ဉတ္တိစတုတ္ထကမ္မဿ သမ္ပတ္တိ။ ဒွေ နာနာသံဝါသကဘူမိယော – အတ္တနာ ဝါ အတ္တာနံ နာနာသံဝါသကံ ကရောတိ, သမဂ္ဂေါ ဝါ နံ သံဃော ဥက္ခိပတိ အဒဿနေ ဝါ အပ္ပဋိကမ္မေ ဝါ အပ္ပဋိနိဿဂ္ဂေ ဝါ။ ဒွေ သမာနသံဝါသကဘူမိယော – အတ္တနာ ဝါ အတ္တာနံ <a name=""P5.0117""></a> သမာနသံဝါသကံ ကရောတိ, သမဂ္ဂေါ ဝါ နံ သံဃော ဥက္ခိတ္တံ ဩသာရေတိ ဒဿနေ ဝါ ပဋိကမ္မေ ဝါ ပဋိနိဿဂ္ဂေ ဝါ။ ဒွေ ပါရာဇိကာ – ဘိက္ခူနဉ္စ ဘိက္ခုနီနဉ္စ။ ဒွေ သံဃာဒိသေသာ, ဒွေ ထုလ္လစ္စယာ, ဒွေ ပါစိတ္တိယာ, ဒွေ ပါဋိဒေသနီယာ, ဒွေ ဒုက္ကဋာ, ဒွေ ဒုဗ္ဘာသိတာ – ဘိက္ခူနဉ္စ ဘိက္ခုနီနဉ္စ။ သတ္တ အာပတ္တိယော, သတ္တ အာပတ္တိက္ခန္ဓာ။ ဒွီဟာကာရေဟိ သံဃော ဘိဇ္ဇတိ – ကမ္မေန ဝါ သလာကဂ္ဂါဟေန ဝါ။</p>
",
2084,mula_vi_05,214,"<p class=""bodytext"">ဒွေ <a name=""M0.0214""></a> ပုဂ္ဂလာ န ဥပသမ္ပာဒေတဗ္ဗာ – အဒ္ဓါနဟီနော, အင်္ဂဟီနော။ အပရေပိ ဒွေ ပုဂ္ဂလာ န ဥပသမ္ပာဒေတဗ္ဗာ – ဝတ္ထုဝိပန္နော, ကရဏဒုက္ကဋကော။ အပရေပိ ဒွေ ပုဂ္ဂလာ န ဥပသမ္ပာဒေတဗ္ဗာ – အပရိပူရော ပရိပူရော နော စ ယာစတိ။ ဒွိန္နံ ပုဂ္ဂလာနံ နိဿာယ န ဝတ္ထဗ္ဗံ – အလဇ္ဇိဿ စ ဗာလဿ စ။ ဒွိန္နံ ပုဂ္ဂလာနံ နိဿယော <a name=""T0.0299""></a> န ဒါတဗ္ဗော – အလဇ္ဇိဿ စ လဇ္ဇိနော စ န ယာစတိ။ ဒွိန္နံ ပုဂ္ဂလာနံ နိဿယော ဒါတဗ္ဗော – ဗာလဿ စ လဇ္ဇိဿ စ ယာစတိ။ ဒွေ ပုဂ္ဂလာ အဘဗ္ဗာ အာပတ္တိံ အာပဇ္ဇိတုံ – ဗုဒ္ဓါ စ ပစ္စေကဗုဒ္ဓါ စ။ ဒွေ ပုဂ္ဂလာ ဘဗ္ဗာ, အာပတ္တိံ <a name=""V0.0238""></a> အာပဇ္ဇိတုံ – ဘိက္ခူ စ ဘိက္ခုနိယော စ။ ဒွေ ပုဂ္ဂလာ အဘဗ္ဗာ သဉ္စိစ္စ အာပတ္တိံ အာပဇ္ဇိတုံ – ဘိက္ခူ စ ဘိက္ခုနိယော စ အရိယပုဂ္ဂလာ။ ဒွေ ပုဂ္ဂလာ ဘဗ္ဗာ သဉ္စိစ္စ အာပတ္တိံ အာပဇ္ဇိတုံ – ဘိက္ခူ စ ဘိက္ခုနိယော စ ပုထုဇ္ဇနာ။ ဒွေ ပုဂ္ဂလာ အဘဗ္ဗာ သဉ္စိစ္စ သာတိသာရံ ဝတ္ထုံ အဇ္ဈာစရိတုံ – ဘိက္ခူ စ ဘိက္ခုနိယော စ အရိယပုဂ္ဂလာ။ ဒွေ ပုဂ္ဂလာ ဘဗ္ဗာ သဉ္စိစ္စ သာတိသာရံ ဝတ္ထုံ အဇ္ဈာစရိတုံ – ဘိက္ခူ စ ဘိက္ခုနိယော စ ပုထုဇ္ဇနာ။</p>
<p class=""bodytext"">ဒွေ ပဋိက္ကောသာ – ကာယေန ဝါ ပဋိက္ကောသတိ ဝါစာယ ဝါ ပဋိက္ကောသတိ။ ဒွေ နိဿာရဏာ – အတ္ထိ ပုဂ္ဂလော အပ္ပတ္တော နိဿာရဏံ တံ စေ သံဃော နိဿာရေတိ ဧကစ္စော သုနိဿာရိတော, ဧကစ္စော ဒုန္နိဿာရိတော။ ဒွေ ဩသာရဏာ – အတ္ထိ ပုဂ္ဂလော အပ္ပတ္တော ဩသာရဏံ တံ စေ သံဃော ဩသာရေတိ ဧကစ္စော သောသာရိတော, ဧကစ္စော ဒေါသာရိတော။ ဒွေ ပဋိညာ – ကာယေန ဝါ ပဋိဇာနာတိ ဝါစာယ ဝါ ပဋိဇာနာတိ။ ဒွေ ပဋိဂ္ဂဟာ – ကာယေန ဝါ ပဋိဂ္ဂဏှာတိ ကာယပဋိဗဒ္ဓေန ဝါ ပဋိဂ္ဂဏှာတိ။ ဒွေ ပဋိက္ခေပါ – ကာယေန ဝါ ပဋိက္ခိပတိ ဝါစာယ ဝါ ပဋိက္ခိပတိ။ ဒွေ <a name=""T0.0300""></a> ဥပဃာတိကာ – သိက္ခူပဃာတိကာ စ ဘောဂူပဃာတိကာ စ။ ဒွေ စောဒနာ – ကာယေန ဝါ စောဒေတိ ဝါစာယ ဝါ စောဒေတိ။ ဒွေ ကထိနဿ ပလိဗောဓာ – အာဝါသပလိဗောဓော စ စီဝရပလိဗောဓော စ။ ဒွေ ကထိနဿ အပလိဗောဓာ – အာဝါသအပလိဗောဓော စ စီဝရအပလိဗောဓော စ။ ဒွေ စီဝရာနိ – ဂဟပတိကဉ္စ ပံသုကူလဉ္စ။ ဒွေ ပတ္တာ – အယောပတ္တော မတ္တိကာပတ္တော။ ဒွေ မဏ္ဍလာနိ – တိပုမယံ, သီသမယံ။ ဒွေ ပတ္တဿ အဓိဋ္ဌာနာ – ကာယေန ဝါ အဓိဋ္ဌေတိ ဝါစာယ ဝါ အဓိဋ္ဌေတိ။ ဒွေ စီဝရဿ <a name=""P5.0118""></a> အဓိဋ္ဌာနာ – ကာယေန ဝါ အဓိဋ္ဌေတိ ဝါစာယ ဝါ အဓိဋ္ဌေတိ။ ဒွေ ဝိကပ္ပနာ – သမ္မုခါဝိကပ္ပနာ စ ပရမ္မုခါဝိကပ္ပနာ စ။ ဒွေ ဝိနယာ – ဘိက္ခူနဉ္စ ဘိက္ခုနီနဉ္စ။</p>
",
2085,mula_vi_05,215,"<p class=""noindentbodytext""> ဒွေ<a name=""M0.0215""></a> ဝေနယိကာ – ပညတ္တဉ္စ ပညတ္တာနုလောမဉ္စ။ ဒွေ ဝိနယဿ သလ္လေခါ – အကပ္ပိယေ သေတုဃာတော, ကပ္ပိယေ မတ္တကာရိတာ။ ဒွီဟာကာရေဟိ အာပတ္တိံ အာပဇ္ဇတိ – ကာယေန ဝါ အာပဇ္ဇတိ ဝါစာယ ဝါ အာပဇ္ဇတိ။ ဒွီဟာကာရေဟိ အာပတ္တိယာ ဝုဋ္ဌာတိ – ကာယေန ဝါ ဝုဋ္ဌာတိ ဝါစာယ ဝါ ဝုဋ္ဌာတိ။ ဒွေ ပရိဝါသာ – ပဋိစ္ဆန္နပရိဝါသော, အပ္ပဋိစ္ဆန္နပရိဝါသော။ အပရေပိ ဒွေ ပရိဝါသာ – သုဒ္ဓန္တပရိဝါသော သမောဓာနပရိဝါသော။ ဒွေ မာနတ္တာ – ပဋိစ္ဆန္နမာနတ္တံ, အပ္ပဋိစ္ဆန္နမာနတ္တံ။ အပရေပိ ဒွေ မာနတ္တာ – ပက္ခမာနတ္တံ, သမောဓာနမာနတ္တံ။ ဒွိန္နံ ပုဂ္ဂလာနံ ရတ္တိစ္ဆေဒေါ <a name=""T0.0301""></a> – ပါရိဝါသိကဿ စ မာနတ္တစာရိကဿ စ။ ဒွေ အနာဒရိယာနိ – ပုဂ္ဂလာနာဒရိယဉ္စ ဓမ္မာနာဒရိယဉ္စ။ ဒွေ လောဏာနိ – ဇာတိမဉ္စ ကာရိမဉ္စ <span class=""note"">[ဇာတိမယဉ္စ ခါရိမယဉ္စ (သျာ။)]</span>။ အပရာနိပိ ဒွေ လောဏာနိ – သာမုဒ္ဒံ ကာဠလောဏံ။ အပရာနိပိ ဒွေ လောဏာနိ – သိန္ဓဝံ, ဥဗ္ဘိဒံ <span class=""note"">[ဥဗ္ဘိရံ (ဣတိပိ)]</span>။ အပရာနိပိ ဒွေ လောဏာနိ – ရောမကံ, ပက္ကာလကံ။ ဒွေ ပရိဘောဂါ – အဗ္ဘန္တရပရိဘောဂေါ စ ဗာဟိရပရိဘောဂေါ စ။ ဒွေ အက္ကောသာ – ဟီနော စ အက္ကောသော ဥက္ကဋ္ဌော စ အက္ကောသော။ ဒွီဟာကာရေဟိ ပေသုညံ ဟောတိ – ပိယကမျဿ ဝါ ဘေဒါဓိပ္ပါယဿ <a name=""V0.0239""></a> ဝါ။ ဒွီဟာကာရေဟိ ဂဏဘောဇနံ ပသဝတိ – နိမန္တနတော ဝါ ဝိညတ္တိတော ဝါ။ ဒွေ ဝဿူပနာယိကာ – ပုရိမိကာ, ပစ္ဆိမိကာ။ ဒွေ အဓမ္မိကာနိ ပါတိမောက္ခဋ္ဌပနာနိ။ ဒွေ ဓမ္မိကာနိ ပါတိမောက္ခဋ္ဌပနာနိ။</p>
<p class=""bodytext""><span class=""note"">[အ။ နိ။ ၂။၉၉ အာဒယော]</span> ဒွေ ပုဂ္ဂလာ ဗာလာ – ယော စ အနာဂတံ ဘာရံ ဝဟတိ, ယော စ အာဂတံ ဘာရံ န ဝဟတိ။ ဒွေ ပုဂ္ဂလာ ပဏ္ဍိတာ – ယော စ အနာဂတံ ဘာရံ န ဝဟတိ, ယော စ အာဂတံ ဘာရံ ဝဟတိ။ အပရေပိ ဒွေ ပုဂ္ဂလာ ဗာလာ – ယော စ အကပ္ပိယေ ကပ္ပိယသညီ, ယော စ ကပ္ပိယေ အကပ္ပိယသညီ။ ဒွေ ပုဂ္ဂလာ ပဏ္ဍိတာ – ယော စ အကပ္ပိယေ အကပ္ပိယသညီ, ယော စ ကပ္ပိယေ ကပ္ပိယသညီ။ အပရေပိ ဒွေ ပုဂ္ဂလာ ဗာလာ – ယော စ အနာပတ္တိယာ အာပတ္တိသညီ, ယော စ အာပတ္တိယာ အနာပတ္တိသညီ။ ဒွေ ပုဂ္ဂလာ ပဏ္ဍိတာ – ယော <a name=""T0.0302""></a> စ အာပတ္တိယာ အာပတ္တိသညီ, ယော စ အနာပတ္တိယာ အနာပတ္တိသညီ။ အပရေပိ ဒွေ ပုဂ္ဂလာ ဗာလာ – ယော စ အဓမ္မေ ဓမ္မသညီ, ယော စ ဓမ္မေ အဓမ္မသညီ။ ဒွေ ပုဂ္ဂလာ ပဏ္ဍိတာ – ယော စ အဓမ္မေ အဓမ္မသညီ, ယော စ ဓမ္မေ ဓမ္မသညီ။ အပရေပိ ဒွေ ပုဂ္ဂလာ ဗာလာ – ယော စ အဝိနယေ ဝိနယသညီ,</p>
",
2086,mula_vi_05,216,"<p class=""noindentbodytext""> ယော<a name=""M0.0216""></a> စ ဝိနယေ အဝိနယသညီ။ ဒွေ ပုဂ္ဂလာ ပဏ္ဍိတာ – ယော စ အဝိနယေ အဝိနယသညီ, ယော စ ဝိနယေ ဝိနယသညီ။</p>
<p class=""bodytext""><span class=""note"">[အ။ နိ။ ၂။၁၀၉]</span> ဒွိန္နံ ပုဂ္ဂလာနံ အာသဝါ ဝဍ္ဎန္တိ – ယော စ န ကုက္ကုစ္စာယိတဗ္ဗံ ကုက္ကုစ္စာယတိ, ယော စ ကုက္ကုစ္စာယိတဗ္ဗံ <a name=""P5.0119""></a> ကုက္ကုစ္စာယတိ။ ဒွိန္နံ ပုဂ္ဂလာနံ အာသဝါ န ဝဍ္ဎန္တိ – ယော စ ကုက္ကုစ္စာယိတဗ္ဗံ န ကုက္ကုစ္စာယတိ, ယော စ ကုက္ကုစ္စာယိတဗ္ဗံ ကုက္ကုစ္စာယတိ။ အပရေသမ္ပိ ဒွိန္နံ ပုဂ္ဂလာနံ အာသဝါ ဝဍ္ဎန္တိ – ယော စ အကပ္ပိယေ ကပ္ပိယသညီ, ယော စ ကပ္ပိယေ အကပ္ပိယသညီ။ ဒွိန္နံ ပုဂ္ဂလာနံ အာသဝါ န ဝဍ္ဎန္တိ – ယော စ အကပ္ပိယေ အကပ္ပိယသညီ, ယော စ ကပ္ပိယေ ကပ္ပိယသညီ။ အပရေသမ္ပိ ဒွိန္နံ ပုဂ္ဂလာနံ အာသဝါ ဝဍ္ဎန္တိ – ယော စ အနာပတ္တိယာ အာပတ္တိသညီ, ယော စ အာပတ္တိယာ အနာပတ္တိသညီ။ ဒွိန္နံ ပုဂ္ဂလာနံ အာသဝါ န ဝဍ္ဎန္တိ – ယော စ အနာပတ္တိယာ အနာပတ္တိသညီ, ယော စ အာပတ္တိယာ အာပတ္တိသညီ။ အပရေသမ္ပိ ဒွိန္နံ ပုဂ္ဂလာနံ အာသဝါ ဝဍ္ဎန္တိ – ယော စ အဓမ္မေ ဓမ္မသညီ, ယော စ ဓမ္မေ အဓမ္မသညီ။ ဒွိန္နံ ပုဂ္ဂလာနံ အာသဝါ န ဝဍ္ဎန္တိ <a name=""T0.0303""></a> – ယော စ အဓမ္မေ အဓမ္မသညီ, ယော စ ဓမ္မေ ဓမ္မသညီ။ အပရေသမ္ပိ ဒွိန္နံ ပုဂ္ဂလာနံ အာသဝါ ဝဍ္ဎန္တိ – ယော စ အဝိနယေ ဝိနယသညီ, ယော စ ဝိနယေ အဝိနယသညီ။ ဒွိန္နံ ပုဂ္ဂလာနံ အာသဝါ န ဝဍ္ဎန္တိ – ယော စ အဝိနယေ အဝိနယသညီ, ယော စ ဝိနယေ ဝိနယသညီ။</p>
<p class=""centered"">ဒုကာ နိဋ္ဌိတာ။</p>
<p class=""centered"">တဿုဒ္ဒါနံ –</p>
<p class=""gatha1"">သညာ <a name=""V0.0240""></a> လဒ္ဓါ စ သဒ္ဓမ္မာ, ပရိက္ခာရာ စ ပုဂ္ဂလာ၊</p>
<p class=""gathalast"">သစ္စံ ဘူမိ နိက္ခမန္တော, အာဒိယန္တော သမာဒိယံ။</p>
<p class=""gatha1"">ကရောန္တော ဒေန္တော ဂဏှန္တော, ပရိဘောဂေန ရတ္တိ စ၊</p>
<p class=""gathalast"">အရုဏာဆိန္ဒံ ဆာဒေန္တော, ဓာရေန္တော စ ဥပေါသထာ။</p>
<p class=""gatha1"">ပဝါရဏာ ကမ္မာပရာ, ဝတ္ထု အပရာ ဒေါသာ စ၊</p>
<p class=""gathalast"">အပရာ ဒွေ စ သမ္ပတ္တိ, နာနာ သမာနမေဝ စ။</p>
<p class=""gatha1"">ပါရာဇိသံဃထုလ္လစ္စယ, ပါစိတ္တိ ပါဋိဒေသနာ၊</p>
<p class=""gathalast"">ဒုက္ကဋာ ဒုဗ္ဘာသိတာ စေဝ, သတ္တ အာပတ္တိက္ခန္ဓာ စ။</p>
",
2087,mula_vi_05,217,"<p class=""gatha1"">ဘိဇ္ဇတိ <a name=""M0.0217""></a> ဥပသမ္ပဒါ, တထေဝ အပရေ ဒုဝေ၊</p>
<p class=""gathalast"">န ဝတ္ထဗ္ဗံ န ဒါတဗ္ဗံ, အဘဗ္ဗာဘဗ္ဗမေဝ စ။</p>
<p class=""gatha1"">သဉ္စိစ္စ သာတိသာရာ စ, ပဋိက္ကောသာ နိဿာရဏာ၊</p>
<p class=""gathalast"">ဩသာရဏာ <a name=""T0.0304""></a> ပဋိညာ စ, ပဋိဂ္ဂဟာ ပဋိက္ခိပါ။</p>
<p class=""gatha1"">ဥပဃာတိ စောဒနာ စ, ကထိနာ စ ဒုဝေ တထာ၊</p>
<p class=""gathalast"">စီဝရာ ပတ္တမဏ္ဍလာ, အဓိဋ္ဌာနာ တထေဝ ဒွေ။</p>
<p class=""gatha1"">ဝိကပ္ပနာ စ ဝိနယာ, ဝေနယိကာ စ သလ္လေခါ၊</p>
<p class=""gathalast"">အာပဇ္ဇတိ စ ဝုဋ္ဌာတိ, ပရိဝါသာပရေ ဒုဝေ။</p>
<p class=""gatha1"">ဒွေ မာနတ္တာ အပရေ စ, ရတ္တိစ္ဆေဒေါ အနာဒရိ၊</p>
<p class=""gathalast"">ဒွေ လောဏာ တယော အပရေ, ပရိဘောဂက္ကောသေန စ။</p>
<p class=""gatha1"">ပေသုညော စ ဂဏာဝဿ, ဌပနာ ဘာရကပ္ပိယံ၊</p>
<p class=""gathalast"">အနာပတ္တိ အဓမ္မဓမ္မာ, ဝိနယေ အာသဝေ တထာတိ။</p>
<p class=""subhead"">၃။ တိကဝါရော</p>
<p class=""bodytext""><a name=""para323""></a><a name=""para323_vin5""></a><span class=""paranum"">၃၂၃</span>။ အတ္ထာပတ္တိ <a name=""V0.0241""></a> တိဋ္ဌန္တေ ဘဂဝတိ အာပဇ္ဇတိ, နော ပရိနိဗ္ဗုတေ၊ အတ္ထာပတ္တိ ပရိနိဗ္ဗုတေ ဘဂဝတိ အာပဇ္ဇတိ, နော တိဋ္ဌန္တေ၊ အတ္ထာပတ္တိ <a name=""P5.0120""></a> တိဋ္ဌန္တေပိ ဘဂဝတိ အာပဇ္ဇတိ ပရိနိဗ္ဗုတေပိ။ အတ္ထာပတ္တိ ကာလေ အာပဇ္ဇတိ, နော ဝိကာလေ၊ အတ္ထာပတ္တိ ဝိကာလေ အာပဇ္ဇတိ, နော ကာလေ၊ အတ္ထာပတ္တိ ကာလေ စေဝ အာပဇ္ဇတိ ဝိကာလေ စ။ အတ္ထာပတ္တိ ရတ္တိံ အာပဇ္ဇတိ, နော ဒိဝါ၊ အတ္ထာပတ္တိ ဒိဝါ အာပဇ္ဇတိ, နော ရတ္တိံ၊ အတ္ထာပတ္တိ ရတ္တိဉ္စေဝ အာပဇ္ဇတိ ဒိဝါ စ။ အတ္ထာပတ္တိ ဒသဝဿော အာပဇ္ဇတိ, နော ဦနဒသဝဿော၊ အတ္ထာပတ္တိ ဦနဒသဝဿော အာပဇ္ဇတိ, နော <a name=""T0.0305""></a> ဒသဝဿော၊ အတ္ထာပတ္တိ ဒသဝဿော စေဝ အာပဇ္ဇတိ ဦနဒသဝဿော စ။ အတ္ထာပတ္တိ ပဉ္စဝဿော အာပဇ္ဇတိ, နော ဦနပဉ္စဝဿော၊ အတ္ထာပတ္တိ ဦနပဉ္စဝဿော အာပဇ္ဇတိ, နော ပဉ္စဝဿော၊ အတ္ထာပတ္တိ ပဉ္စဝဿော စေဝ အာပဇ္ဇတိ ဦနပဉ္စဝဿော စ။ အတ္ထာပတ္တိ ကုသလစိတ္တော အာပဇ္ဇတိ၊ အတ္ထာပတ္တိ အကုသလစိတ္တော အာပဇ္ဇတိ၊ အတ္ထာပတ္တိ အဗျာကတစိတ္တော အာပဇ္ဇတိ။ အတ္ထာပတ္တိ သုခဝေဒနာသမင်္ဂီ အာပဇ္ဇတိ၊ အတ္ထာပတ္တိ ဒုက္ခဝေဒနာသမင်္ဂီ အာပဇ္ဇတိ၊ အတ္ထာပတ္တိ အဒုက္ခမသုခဝေဒနာသမင်္ဂီ အာပဇ္ဇတိ။ တီဏိ</p>
",-323-
2088,mula_vi_05,218,"<p class=""noindentbodytext""> စောဒနာဝတ္ထူနိ<a name=""M0.0218""></a> – ဒိဋ္ဌေန, သုတေန, ပရိသင်္ကာယ။ တယော သလာကဂ္ဂါဟာ – ဂုဠှကော, ဝိဝဋကော <span class=""note"">[ဝိဝဋ္ဋကော (က။)]</span>, သကဏ္ဏဇပ္ပကော။ တယော ပဋိက္ခေပါ – မဟိစ္ဆတာ, အသန္တုဋ္ဌိတာ <span class=""note"">[အသန္တုဋ္ဌတာ (သျာ။)]</span>, အသလ္လေခတာ။ တယော အနုညာတာ – အပ္ပိစ္ဆတာ, သန္တုဋ္ဌိတာ, သလ္လေခတာ။ အပရေပိ တယော ပဋိက္ခေပါ – မဟိစ္ဆတာ, အသန္တုဋ္ဌိတာ, အမတ္တညုတာ။ တယော အနုညာတာ – အပ္ပိစ္ဆတာ, သန္တုဋ္ဌိတာ, မတ္တညုတာ။ တိဿော ပညတ္တိယော – ပညတ္တိ, အနုပညတ္တိ, အနုပ္ပန္နပညတ္တိ။ အပရာပိ တိဿော ပညတ္တိယော – သဗ္ဗတ္ထပညတ္တိ, ပဒေသပညတ္တိ, သာဓာရဏပညတ္တိ။ အပရာပိ တိဿော ပညတ္တိယော – အသာဓာရဏပညတ္တိ, ဧကတောပညတ္တိ, ဥဘတောပညတ္တိ။</p>
<p class=""bodytext"">အတ္ထာပတ္တိ ဗာလော အာပဇ္ဇတိ, နော ပဏ္ဍိတော၊ အတ္ထာပတ္တိ ပဏ္ဍိတော အာပဇ္ဇတိ, နော ဗာလော၊ အတ္ထာပတ္တိ ဗာလော စေဝ အာပဇ္ဇတိ ပဏ္ဍိတော <a name=""T0.0306""></a> စ။ အတ္ထာပတ္တိ ကာဠေ အာပဇ္ဇတိ, နော ဇုဏှေ၊ အတ္ထာပတ္တိ ဇုဏှေ အာပဇ္ဇတိ, နော ကာဠေ၊ အတ္ထာပတ္တိ ကာဠေ စေဝ အာပဇ္ဇတိ ဇုဏှေ စ။ အတ္ထိ ကာဠေ ကပ္ပတိ, နော ဇုဏှေ၊ အတ္ထိ ဇုဏှေ ကပ္ပတိ, နော ကာဠေ၊ အတ္ထိ ကာဠေ စေဝ ကပ္ပတိ ဇုဏှေ စ။ အတ္ထာပတ္တိ ဟေမန္တေ အာပဇ္ဇတိ, နော ဂိမှေ နော ဝဿေ၊ အတ္ထာပတ္တိ ဂိမှေ အာပဇ္ဇတိ, နော ဟေမန္တေ နော ဝဿေ၊ အတ္ထာပတ္တိ ဝဿေ အာပဇ္ဇတိ, နော ဟေမန္တေ နော ဂိမှေ။ အတ္ထာပတ္တိ သံဃော အာပဇ္ဇတိ, န ဂဏော န ပုဂ္ဂလော၊ အတ္ထာပတ္တိ ဂဏော အာပဇ္ဇတိ, န သံဃော န ပုဂ္ဂလော၊ အတ္ထာပတ္တိ ပုဂ္ဂလော အာပဇ္ဇတိ, န သံဃော န ဂဏော။ အတ္ထိ သံဃဿ ကပ္ပတိ, န ဂဏဿ <a name=""V0.0242""></a> န ပုဂ္ဂလဿ၊ အတ္ထိ ဂဏဿ ကပ္ပတိ, န သံဃဿ န ပုဂ္ဂလဿ၊ အတ္ထိ ပုဂ္ဂလဿ ကပ္ပတိ, န သံဃဿ န ဂဏဿ။ တိဿော ဆာဒနာ ဝတ္ထုံ ဆာဒေတိ, နော အာပတ္တိံ၊ အာပတ္တိံ ဆာဒေတိ, နော ဝတ္ထုံ၊ ဝတ္ထုဉ္စေဝ ဆာဒေတိ အာပတ္တိဉ္စ။ တိဿော ပဋိစ္ဆာဒိယော – ဇန္တာဃရပဋိစ္ဆာဒိ, ဥဒကပဋိစ္ဆာဒိ, ဝတ္ထပဋိစ္ဆာဒိ။ <span class=""note"">[အ။ နိ။ ၃။၁၃၂]</span> တီဏိ ပဋိစ္ဆန္နာနိ ဝဟန္တိ, နော ဝိဝဋာနိ – မာတုဂါမော ပဋိစ္ဆန္နော ဝဟတိ, နော ဝိဝဋော၊ ဗြာဟ္မဏာနံ မန္တာ ပဋိစ္ဆန္နာ ဝဟန္တိ, နော ဝိဝဋာ၊ မိစ္ဆာဒိဋ္ဌိ ပဋိစ္ဆန္နာ <a name=""P5.0121""></a> ဝဟတိ, နော ဝိဝဋာ။ တီဏိ ဝိဝဋာနိ ဝိရောစန္တိ, နော ပဋိစ္ဆန္နာနိ – စန္ဒမဏ္ဍလံ ဝိဝဋံ ဝိရောစတိ, နော ပဋိစ္ဆန္နံ၊ သူရိယမဏ္ဍလံ ဝိဝဋံ ဝိရောစတိ, နော ပဋိစ္ဆန္နံ၊ တထာဂတပ္ပဝေဒိတော <a name=""T0.0307""></a> ဓမ္မဝိနယော ဝိဝဋော ဝိရောစတိ, နော ပဋိစ္ဆန္နော။ တယော သေနာသနဂ္ဂါဟာ –</p>
",
2089,mula_vi_05,219,"<p class=""noindentbodytext""> ပုရိမကော<a name=""M0.0219""></a>, ပစ္ဆိမကော, အန္တရာမုတ္တကော။ အတ္ထာပတ္တိ ဂိလာနော အာပဇ္ဇတိ, နော အဂိလာနော၊ အတ္ထာပတ္တိ အဂိလာနော အာပဇ္ဇတိ, နော ဂိလာနော၊ အတ္ထာပတ္တိ ဂိလာနော စေဝ အာပဇ္ဇတိ အဂိလာနော စ။</p>
<p class=""bodytext"">တီဏိ အဓမ္မိကာနိ ပါတိမောက္ခဋ္ဌပနာနိ။ တီဏိ ဓမ္မိကာနိ ပါတိမောက္ခဋ္ဌပနာနိ။ တယော ပရိဝါသာ – ပဋိစ္ဆန္နပရိဝါသော, အပ္ပဋိစ္ဆန္နပရိဝါသော, သုဒ္ဓန္တပရိဝါသော။ တယော မာနတ္တာ – ပဋိစ္ဆန္နမာနတ္တံ, အပ္ပဋိစ္ဆန္နမာနတ္တံ, ပက္ခမာနတ္တံ။ တယော ပါရိဝါသိကဿ ဘိက္ခုနော ရတ္တိစ္ဆေဒါ – သဟဝါသော, ဝိပ္ပဝါသော, အနာရောစနာ။ အတ္ထာပတ္တိ အန္တော အာပဇ္ဇတိ, နော ဗဟိ၊ အတ္ထာပတ္တိ ဗဟိ အာပဇ္ဇတိ, နော အန္တော၊ အတ္ထာပတ္တိ အန္တော စေဝ အာပဇ္ဇတိ ဗဟိ စ။ အတ္ထာပတ္တိ အန္တောသီမာယ အာပဇ္ဇတိ, နော ဗဟိသီမာယ၊ အတ္ထာပတ္တိ ဗဟိသီမာယ အာပဇ္ဇတိ, နော အန္တောသီမာယ၊ အတ္ထာပတ္တိ အန္တောသီမာယ စေဝ အာပဇ္ဇတိ ဗဟိသီမာယ စ။ တီဟာကာရေဟိ အာပတ္တိံ အာပဇ္ဇတိ – ကာယေန အာပဇ္ဇတိ, ဝါစာယ အာပဇ္ဇတိ, ကာယေန ဝါစာယ အာပဇ္ဇတိ။ အပရေဟိပိ တီဟာကာရေဟိ အာပတ္တိံ အာပဇ္ဇတိ – သံဃမဇ္ဈေ, ဂဏမဇ္ဈေ, ပုဂ္ဂလဿ သန္တိကေ။ တီဟာကာရေဟိ အာပတ္တိယာ ဝုဋ္ဌာတိ – ကာယေန ဝုဋ္ဌာတိ, ဝါစာယ ဝုဋ္ဌာတိ, ကာယေန ဝါစာယ ဝုဋ္ဌာတိ။ အပရေဟိပိ တီဟာကာရေဟိ <a name=""T0.0308""></a> အာပတ္တိယာ ဝုဋ္ဌာတိ – သံဃမဇ္ဈေ, ဂဏမဇ္ဈေ, ပုဂ္ဂလဿ သန္တိကေ။ တီဏိ အဓမ္မိကာနိ အမူဠှဝိနယဿ ဒါနာနိ။ တီဏိ ဓမ္မိကာနိ အမူဠှဝိနယဿ ဒါနာနိ။</p>
<p class=""bodytext""><span class=""note"">[စူဠဝ။ ၆]</span> တီဟင်္ဂေဟိ သမန္နာဂတဿ ဘိက္ခုနော အာကင်္ခမာနော သံဃော တဇ္ဇနီယကမ္မံ ကရေယျ – ဘဏ္ဍနကာရကော ဟောတိ ကလဟကာရကော ဝိဝါဒကာရကော ဘဿကာရကော သံဃေ အဓိကရဏကာရကော, ဗာလော ဟောတိ အဗျတ္တော, အာပတ္တိဗဟုလော အနပဒါနော ဂိဟိသံသဋ္ဌော ဝိဟရတိ အနနုလောမိကေဟိ ဂိဟိသံသဂ္ဂေဟိ။ <span class=""note"">[စူဠဝ။ ၁၅]</span> တီဟင်္ဂေဟိ သမန္နာဂတဿ ဘိက္ခုနော အာကင်္ခမာနော သံဃော နိယဿကမ္မံ ကရေယျ – ဘဏ္ဍနကာရကော <a name=""V0.0243""></a> ဟောတိ…ပေ… သံဃေ အဓိကရဏကာရကော, ဗာလော ဟောတိ အဗျတ္တော, အာပတ္တိဗဟုလော အနပဒါနော ဂိဟိသံသဋ္ဌော ဝိဟရတိ အနနုလောမိကေဟိ ဂိဟိသံသဂ္ဂေဟိ။ <span class=""note"">[စူဠဝ။ ၂၇]</span> တီဟင်္ဂေဟိ သမန္နာဂတဿ ဘိက္ခုနော အာကင်္ခမာနော သံဃော ပဗ္ဗာဇနီယကမ္မံ ကရေယျ – ဘဏ္ဍနကာရကော ဟောတိ…ပေ… သံဃေ အဓိကရဏကာရကော, ဗာလော ဟောတိ အဗျတ္တော, အာပတ္တိဗဟုလော အနပဒါနော ကုလဒူကကော ဟောတိ ပါပသမာစာရော ပါပသမာစာရာ</p>
",
2090,mula_vi_05,220,"<p class=""noindentbodytext""> ဒိဿန္တိ<a name=""M0.0220""></a> စေဝ သုယျန္တိ စ။ တီဟင်္ဂေဟိ သမန္နာဂတဿ ဘိက္ခုနော အာကင်္ခမာနော သံဃော ပဋိသာရဏီယကမ္မံ ကရေယျ – ဘဏ္ဍနကာရကော ဟောတိ…ပေ… သံဃေ အဓိကရဏကာရကော, ဗာလော ဟောတိ အဗျတ္တော, အာပတ္တိ ဗဟုလော အနပဒါနော ဂိဟီ အက္ကောသတိ ပရိဘာသတိ။ <span class=""note"">[စူဠဝ။ ၅၀]</span> တီဟင်္ဂေဟိ သမန္နာဂတဿ ဘိက္ခုနော အာကင်္ခမာနော သံဃော အာပတ္တိယာ အဒဿနေ ဥက္ခေပနီယကမ္မံ ကရေယျ <a name=""P5.0122""></a> – ဘဏ္ဍနကာရကော ဟောတိ…ပေ… သံဃေ အဓိကရဏကာရကော, ဗာလော ဟောတိ အဗျတ္တော, အာပတ္တိဗဟုလော အနပဒါနော အာပတ္တိံ အာပဇ္ဇိတွာ န ဣစ္ဆတိ အာပတ္တိံ ပဿိတုံ။ <span class=""note"">[စူဠဝ။ ၅၉]</span> တီဟင်္ဂေဟိ သမန္နာဂတဿ ဘိက္ခုနော <a name=""T0.0309""></a> အာကင်္ခမာနော သံဃော အာပတ္တိယာ အပ္ပဋိကမ္မေ ဥက္ခေပနီယကမ္မံ ကရေယျ – ဘဏ္ဍနကာရကော ဟောတိ…ပေ… သံဃေ အဓိကရဏကာရကော, ဗာလော ဟောတိ အဗျတ္တော, အာပတ္တိဗဟုလော အနပဒါနော အာပတ္တိံ အာပဇ္ဇိတွာ န ဣစ္ဆတိ အာပတ္တိံ ပဋိကာတုံ။ <span class=""note"">[စူဠဝ။ ၆၉]</span> တီဟင်္ဂေဟိ သမန္နာဂတဿ ဘိက္ခုနော အာကင်္ခမာနော သံဃော ပါပိကာယ ဒိဋ္ဌိယာ အပ္ပဋိနိဿဂ္ဂေ ဥက္ခေပနီယကမ္မံ ကရေယျ – ဘဏ္ဍနကာရကော ဟောတိ…ပေ… သံဃေ အဓိကရဏကာရကော, ဗာလော ဟောတိ အဗျတ္တော, အာပတ္တိဗဟုလော အနပဒါနော န ဣစ္ဆတိ ပါပိကံ ဒိဋ္ဌိံ ပဋိနိဿဇ္ဇိတုံ။</p>
<p class=""bodytext"">တီဟင်္ဂေဟိ သမန္နာဂတဿ ဘိက္ခုနော အာကင်္ခမာနော သံဃော အာဂါဠှာယ စေတေယျ – ဘဏ္ဍနကာရကော ဟောတိ ကလဟကာရကော ဝိဝါဒကာရကော ဘဿကာရကော သံဃေ အဓိကရဏကာရကော, ဗာလော ဟောတိ အဗျတ္တော အာပတ္တိဗဟုလော အနပဒါနော, ဂိဟိသံသဋ္ဌော ဝိဟရတိ အနနုလောမိကေဟိ ဂိဟိသံသဂ္ဂေဟိ။ တီဟင်္ဂေဟိ သမန္နာဂတဿ ဘိက္ခုနော ကမ္မံ ကာတဗ္ဗံ – အလဇ္ဇီ စ ဟောတိ, ဗာလော စ, အပကတတ္တော စ။ အပရေဟိပိ တီဟင်္ဂေဟိ သမန္နာဂတဿ ဘိက္ခုနော ကမ္မံ ကာတဗ္ဗံ – အဓိသီလေ သီလဝိပန္နော ဟောတိ, အဇ္ဈာစာရေ အာစာရဝိပန္နော ဟောတိ, အတိဒိဋ္ဌိယာ ဒိဋ္ဌိဝိပန္နော <a name=""T0.0310""></a> ဟောတိ။ အပရေဟိပိ တီဟင်္ဂေဟိ သမန္နာဂတဿ ဘိက္ခုနော ကမ္မံ ကာတဗ္ဗံ – ကာယိကေန ဒဝေန သမန္နာဂတော ဟောတိ, ဝါစသိကေန ဒဝေန သမန္နာဂတော ဟောတိ, ကာယိကဝါစသိကေန ဒဝေန သမန္နာဂတော ဟောတိ။ အပရေဟိပိ တီဟင်္ဂေဟိ သမန္နာဂတဿ ဘိက္ခုနော <a name=""V0.0244""></a> ကမ္မံ ကာတဗ္ဗံ – ကာယိကေန အနာစာရေန သမန္နာဂတော ဟောတိ, ဝါစသိကေန အနာစာရေန သမန္နာဂတော ဟောတိ, ကာယိကဝါစသိကေန အနာစာရေန သမန္နာဂတော ဟောတိ။ အပရေဟိပိ တီဟင်္ဂေဟိ သမန္နာဂတဿ</p>
",
2091,mula_vi_05,221,"<p class=""noindentbodytext""> ဘိက္ခုနော<a name=""M0.0221""></a> ကမ္မံ ကာတဗ္ဗံ – ကာယိကေန ဥပဃာတိကေန သမန္နာဂတော ဟောတိ, ဝါစသိကေန ဥပဃာတိကေန သမန္နာဂတော ဟောတိ, ကာယိကဝါစသိကေန ဥပဃာတိကေန သမန္နာဂတော ဟောတိ။ အပရေဟိပိ တီဟင်္ဂေဟိ သမန္နာဂတဿ ဘိက္ခုနော ကမ္မံ ကာတဗ္ဗံ – ကာယိကေန မိစ္ဆာဇီဝေန သမန္နာဂတော ဟောတိ, ဝါစသိကေန မိစ္ဆာဇီဝေန သမန္နာဂတော ဟောတိ, ကာယိကဝါစသိကေန မိစ္ဆာဇီဝေန သမန္နာဂတော ဟောတိ။ အပရေဟိပိ တီဟင်္ဂေဟိ သမန္နာဂတဿ ဘိက္ခုနော ကမ္မံ ကာတဗ္ဗံ – အာပတ္တိံ အာပန္နော ကမ္မကတော ဥပသမ္ပာဒေတိ, နိဿယံ ဒေတိ, သာမဏေရံ ဥပဋ္ဌာပေတိ။ အပရေဟိပိ တီဟင်္ဂေဟိ သမန္နာဂတဿ ဘိက္ခုနော ကမ္မံ ကာတဗ္ဗံ – ယာယ အာပတ္တိယာ သံဃေန ကမ္မံ ကတံ ဟောတိ တံ အာပတ္တိံ အာပဇ္ဇတိ, အညံ ဝါ တာဒိသိကံ, တတော ဝါ ပါပိဋ္ဌတရံ။ အပရေဟိပိ တီဟင်္ဂေဟိ သမန္နာဂတဿ ဘိက္ခုနော ကမ္မံ ကာတဗ္ဗံ – ဗုဒ္ဓဿ အဝဏ္ဏံ ဘာသတိ, ဓမ္မဿ အဝဏ္ဏံ ဘာသတိ, သံဃဿ အဝဏ္ဏံ ဘာသတိ။</p>
<p class=""bodytext"">တီဟင်္ဂေဟိ သမန္နာဂတဿ ဘိက္ခုနော <a name=""T0.0311""></a> သံဃမဇ္ဈေ ဥပေါသထံ ဌပေန္တဿ – ‘‘အလံ, ဘိက္ခု, မာ ဘဏ္ဍနံ မာ ကလဟံ မာ ဝိဂ္ဂဟံ မာ ဝိဝါဒ’’န္တိ ဩမဒ္ဒိတွာ သံဃေန ဥပေါသထော ကာတဗ္ဗော – အလဇ္ဇီ စ ဟောတိ, ဗာလော စ, အပကတတ္တော စ။ တီဟင်္ဂေဟိ သမန္နာဂတဿ ဘိက္ခုနော သံဃမဇ္ဈေ ပဝါရဏံ ဌပေန္တဿ – ‘‘အလံ, ဘိက္ခု, မာ ဘဏ္ဍနံ မာ ကလဟံ မာ ဝိဂ္ဂဟံ မာ ဝိဝါဒ’’န္တိ ဩမဒ္ဒိတွာ သံဃေန ပဝါရေတဗ္ဗံ – အလဇ္ဇီ စ ဟောတိ, ဗာလော စ, အပကတတ္တော စ။ တီဟင်္ဂေဟိ သမန္နာဂတဿ ဘိက္ခုနော န ကာစိ သံဃသမ္မုတိ ဒါတဗ္ဗာ – အလဇ္ဇီ စ ဟောတိ, ဗာလော စ, အပကတတ္တော စ။ တီဟင်္ဂေဟိ သမန္နာဂတေန ဘိက္ခုနာ သံဃေ န ဝေါဟရိတဗ္ဗံ <span class=""note"">[သံဃော န ဝေါဟရိတဗ္ဗော (သျာ။)]</span> – အလဇ္ဇီ စ ဟောတိ, ဗာလော စ, အပကတတ္တော စ။ တီဟင်္ဂေဟိ သမန္နာဂတော ဘိက္ခု န ကိသ္မိံ စိ ပစ္စေကဋ္ဌာနေ ဌပေတဗ္ဗော – အလဇ္ဇီ စ ဟောတိ, ဗာလော စ, အပကတတ္တော စ။ တီဟင်္ဂေဟိ သမန္နာဂတဿ ဘိက္ခုနော <a name=""P5.0123""></a> နိဿာယ န ဝတ္ထဗ္ဗံ – အလဇ္ဇီ စ ဟောတိ, ဗာလော စ, အပကတတ္တော စ။ တီဟင်္ဂေဟိ သမန္နာဂတဿ ဘိက္ခုနော နိဿယော န ဒါတဗ္ဗော – အလဇ္ဇီ စ ဟောတိ, ဗာလော စ, အပကတတ္တော စ။ တီဟင်္ဂေဟိ သမန္နာဂတဿ ဘိက္ခုနော ဩကာသကမ္မံ ကာရာပေန္တဿ နာလံ ဩကာသကမ္မံ ကာတုံ – အလဇ္ဇီ စ ဟောတိ, ဗာလော စ, အပကတတ္တော စ။ တီဟင်္ဂေဟိ သမန္နာဂတဿ ဘိက္ခုနော သဝစနီယံ နာဒါတဗ္ဗံ – အလဇ္ဇီ စ ဟောတိ,</p>
",
2092,mula_vi_05,222,"<p class=""noindentbodytext""> ဗာလော<a name=""M0.0222""></a> စ, အပကတတ္တော စ။ တီဟင်္ဂေဟိ သမန္နာဂတဿ ဘိက္ခုနော ဝိနယော <a name=""T0.0312""></a> န ပုစ္ဆိတဗ္ဗော – အလဇ္ဇီ စ ဟောတိ, ဗာလော စ, အပကတတ္တော စ။ တီဟင်္ဂေဟိ သမန္နာဂတေန ဘိက္ခုနာ ဝိနယော န ပုစ္ဆိတဗ္ဗော – အလဇ္ဇီ စ ဟောတိ, ဗာလော စ, အပကတတ္တော စ။ တီဟင်္ဂေဟိ သမန္နာဂတဿ ဘိက္ခုနော ဝိနယော န ဝိဿဇ္ဇေတဗ္ဗော – အလဇ္ဇီ စ ဟောတိ, ဗာလော စ, အပကတတ္တော စ။ တီဟင်္ဂေဟိ သမန္နာဂတေန ဘိက္ခုနာ ဝိနယော န ဝိဿဇ္ဇေတဗ္ဗော – အလဇ္ဇီ စ ဟောတိ, ဗာလော စ, အပကတတ္တော <a name=""V0.0245""></a> စ။ တီဟင်္ဂေဟိ သမန္နာဂတဿ ဘိက္ခုနော အနုယောဂေါ န ဒါတဗ္ဗော – အလဇ္ဇီ စ ဟောတိ, ဗာလော စ, အပကတတ္တော စ။ တီဟင်္ဂေဟိ သမန္နာဂတေန ဘိက္ခုနာ သဒ္ဓိံ ဝိနယော န သာကစ္ဆိတဗ္ဗော <span class=""note"">[သာကစ္ဆာတဗ္ဗော (က။)]</span> – အလဇ္ဇီ စ ဟောတိ, ဗာလော စ, အပကတတ္တော စ။ တီဟင်္ဂေဟိ သမန္နာဂတေန ဘိက္ခုနာ န ဥပသမ္ပာဒေတဗ္ဗံ န နိဿယော ဒါတဗ္ဗော န သာမဏေရော ဥပဋ္ဌာပေတဗ္ဗော – အလဇ္ဇီ စ ဟောတိ, ဗာလော စ, အပကတတ္တော စ။</p>
<p class=""bodytext"">တယော ဥပေါသထာ – စာတုဒ္ဒသိကော, ပန္နရသိကော, သာမဂ္ဂိဥပေါသထော။ အပရေပိ တယော ဥပေါသထာ – သံဃေဥပေါသထော, ဂဏေဥပေါသထော, ပုဂ္ဂလေဥပေါသထော။ အပရေပိ တယော ဥပေါသထာ – သုတ္တုဒ္ဒေသောဥပေါသထော, ပါရိသုဒ္ဓိဥပေါသထော, အဓိဋ္ဌာနုပေါသထော။ တိဿော ပဝါရဏာ – စာတုဒ္ဒသိကာ, ပန္နရသိကာ, သာမဂ္ဂိပဝါရဏာ။ အပရာပိ တိဿော ပဝါရဏာ – သံဃေပဝါရဏာ, ဂဏေပဝါရဏာ, ပုဂ္ဂလေပဝါရဏာ။ အပရာပိ တိဿော ပဝါရဏာ – တေဝါစိကာပဝါရဏာ<a name=""T0.0313""></a>, ဒွေဝါစိကာပဝါရဏာ, သမာနဝဿိကာပဝါရဏာ။</p>
<p class=""bodytext"">တယော အာပါယိကာ နေရယိကာ – ဣဒမပ္ပဟာယ, ယော စ အဗြဟ္မစာရီ ဗြဟ္မစာရိပဋိညော, ယော စ သုဒ္ဓံ ဗြဟ္မစာရိံ ပရိသုဒ္ဓဗြဟ္မစရိယံ စရန္တံ အမူလကေန အဗြဟ္မစရိယေန အနုဒ္ဓံသေတိ, ယော စာယံ ဧဝံဝါဒီ ဧဝံဒိဋ္ဌိ <span class=""note"">[ဧဝံဒိဋ္ဌီ (သီ။)]</span> – ‘‘နတ္ထိ ကာမေသု ဒေါသော’’တိ သော ကာမေသု ပါတဗျတံ အာပဇ္ဇတိ။ <span class=""note"">[အ။ နိ။ ၃။၇၀]</span> တီဏိ အကုသလမူလာနိ – လောဘော အကုသလမူလံ, ဒေါသော အကုသလမူလံ, မောဟော အကုသလမူလံ။ <span class=""note"">[အ။ နိ။ ၃။၇၀]</span> တီဏိ ကုသလမူလာနိ – အလောဘော ကုသလမူလံ, အဒေါသော ကုသလမူလံ, အမောဟော ကုသလမူလံ။ တီဏိ ဒုစ္စရိတာနိ – ကာယဒုစ္စရိတံ, ဝစီဒုစ္စရိတံ, မနောဒုစ္စရိတံ။ တီဏိ သုစရိတာနိ – ကာယသုစရိတံ, ဝစီသုစရိတံ, မနောသုစရိတံ။ တယော အတ္ထဝသေ ပဋိစ္စ ဘဂဝတာ ကုလေသု တိကဘောဇနံ ပညတ္တံ – ဒုမ္မင်္ကူနံ ပုဂ္ဂလာနံ နိဂ္ဂဟာယ, ပေသလာနံ</p>
",
2093,mula_vi_05,223,"<p class=""noindentbodytext""> ဘိက္ခူနံ<a name=""M0.0223""></a> ဖာသုဝိဟာရာယ, ‘‘မာ ပါပိစ္ဆာ ပက္ခံ နိဿာယ သံဃံ ဘိန္ဒေယျု’’န္တိ <a name=""P5.0124""></a> ကုလာနုဒ္ဒယတာယ စ။ <span class=""note"">[စူဠဝ။ ၃၅၀]</span> တီဟိ အသဒ္ဓမ္မေဟိ အဘိဘူတော ပရိယာဒိန္နစိတ္တော ဒေဝဒတ္တော အာပါယိကော နေရယိကော ကပ္ပဋ္ဌော အတေကိစ္ဆော ပါပိစ္ဆတာ ပါပမိတ္တတာ ဩရမတ္တကေန ဝိသေသာဓိဂမေန အန္တရာ ဝေါသာနံ အာပါဒိ။ တိဿော သမ္မုတိယော – ဒဏ္ဍသမ္မုတိ, သိက္ကာသမ္မုတိ, ဒဏ္ဍသိက္ကာသမ္မုတိ။ တိဿော ပါဒုကာ ဓုဝဋ္ဌာနိကာ အသင်္ကမနီယာ – ဝစ္စပါဒုကာ, ပဿာဝပါဒုကာ, အာစမနပါဒုကာ။ တိဿော ပါဒဃံသနိယော – သက္ခရံ, ကထလာ, သမုဒ္ဒဖေဏကောတိ။</p>
<p class=""centered"">တိကံ နိဋ္ဌိတံ။</p>
<p class=""centered"">တဿုဒ္ဒါနံ –</p>
<p class=""gatha1"">တိဋ္ဌန္တေ <a name=""T0.0314""></a> ကာလေ ရတ္တိဉ္စ, ဒသ ပဉ္စ ကုသလေန၊</p>
<p class=""gathalast"">ဝေဒနာ စောဒနာ ဝတ္ထု, သလာကာ ဒွေ ပဋိက္ခိပါ။</p>
<p class=""gatha1"">ပညတ္တိ <a name=""V0.0246""></a> အပရေ ဒွေ စ, ဗာလော ကာဠေ စ ကပ္ပတိ၊</p>
<p class=""gathalast"">ဟေမန္တေ သံဃော သံဃဿ, ဆာဒနာ စ ပဋိစ္ဆာဒိ။</p>
<p class=""gatha1"">ပဋိစ္ဆန္နာ ဝိဝဋာ စ, သေနာသနဂိလာယနာ၊</p>
<p class=""gathalast"">ပါတိမောက္ခံ ပရိဝါသံ, မာနတ္တာ ပါရိဝါသိကာ။</p>
<p class=""gatha1"">အန္တော အန္တော စ သီမာယ, အာပဇ္ဇတိ ပုနာပရေ၊</p>
<p class=""gathalast"">ဝုဋ္ဌာတိ အပရေ စေဝ, အမူဠှဝိနယာ ဒုဝေ။</p>
<p class=""gatha1"">တဇ္ဇနီယာ နိယဿာ စ, ပဗ္ဗာဇပဋိသာရဏီ၊</p>
<p class=""gathalast"">အဒဿနာ ပဋိကမ္မေ, အနိဿဂ္ဂေ စ ဒိဋ္ဌိယာ။</p>
<p class=""gatha1"">အာဂါဠှကမ္မာဓိသီလေ, ဒဝါနာစာရ ဃာတိကာ၊</p>
<p class=""gathalast"">အာဇီဝါပန္နာ တာဒိသိကာ, အဝဏ္ဏုပေါသထေန စ။</p>
<p class=""gatha1"">ပဝါရဏာ သမ္မုတိ စ, ဝေါဟာရပစ္စေကေန စ၊</p>
<p class=""gathalast"">န ဝတ္ထဗ္ဗံ န ဒါတဗ္ဗံ, ဩကာသံ န ကရေ တထာ။</p>
<p class=""gatha1"">န ကရေ သဝစနီယံ, န ပုစ္ဆိတဗ္ဗကာ ဒုဝေ၊</p>
<p class=""gathalast"">န ဝိဿဇ္ဇေ ဒုဝေ စေဝ, အနုယောဂမ္ပိ နော ဒဒေ။</p>
",
2094,mula_vi_05,224,"<p class=""gatha1"">သာကစ္ဆာ <a name=""T0.0315""></a><a name=""M0.0224""></a> ဥပသမ္ပဒါ, နိဿယသာမဏေရာ စ၊</p>
<p class=""gathalast"">ဥပေါသထတိကာ တီဏိ, ပဝါရဏတိကာ တယော။</p>
<p class=""gatha1"">အာပါယိကာ အကုသလာ, ကုသလာ စရိတာ ဒုဝေ၊</p>
<p class=""gatha2"">တိကဘောဇနသဒ္ဓမ္မေ, သမ္မုတိ ပါဒုကေန စ၊</p>
<p class=""gathalast"">ပါဒဃံသနိကာ စေဝ, ဥဒ္ဒါနံ တိကကေ ဣဒန္တိ။</p>
<p class=""subhead"">၄။ စတုက္ကဝါရော</p>
<p class=""bodytext""><a name=""para324""></a><a name=""para324_vin5""></a><span class=""paranum"">၃၂၄</span>။ အတ္ထာပတ္တိ <a name=""V0.0247""></a> သကဝါစာယ အာပဇ္ဇတိ, ပရဝါစာယ ဝုဋ္ဌာတိ၊ အတ္ထာပတ္တိ ပရဝါစာယ အာပဇ္ဇတိ, သကဝါစာယ ဝုဋ္ဌာတိ၊ အတ္ထာပတ္တိ သကဝါစာယ အာပဇ္ဇတိ, သကဝါစာယ ဝုဋ္ဌာတိ၊ အတ္ထာပတ္တိ ပရဝါစာယ အာပဇ္ဇတိ, ပရဝါစာယ ဝုဋ္ဌာတိ။ အတ္ထာပတ္တိ ကာယေန အာပဇ္ဇတိ, ဝါစာယ ဝုဋ္ဌာတိ၊ အတ္ထာပတ္တိ ဝါစာယ အာပဇ္ဇတိ, ကာယေန ဝုဋ္ဌာတိ၊ အတ္ထာပတ္တိ ကာယေန အာပဇ္ဇတိ, ကာယေန ဝုဋ္ဌာတိ၊ အတ္ထာပတ္တိ ဝါစာယ အာပဇ္ဇတိ, ဝါစာယ ဝုဋ္ဌာတိ။ အတ္ထာပတ္တိ ပသုတ္တော အာပဇ္ဇတိ, ပဋိဗုဒ္ဓေါ ဝုဋ္ဌာတိ၊ အတ္ထာပတ္တိ ပဋိဗုဒ္ဓေါ <a name=""P5.0125""></a> အာပဇ္ဇတိ, ပသုတ္တော ဝုဋ္ဌာတိ၊ အတ္ထာပတ္တိ ပသုတ္တော အာပဇ္ဇတိ, ပသုတ္တော ဝုဋ္ဌာတိ၊ အတ္ထာပတ္တိ ပဋိဗုဒ္ဓေါ အာပဇ္ဇတိ, ပဋိဗုဒ္ဓေါ ဝုဋ္ဌာတိ။ အတ္ထာပတ္တိ အစိတ္တကော အာပဇ္ဇတိ, သစိတ္တကော ဝုဋ္ဌာတိ၊ အတ္ထာပတ္တိ သစိတ္တကော အာပဇ္ဇတိ, အစိတ္တကော ဝုဋ္ဌာတိ၊ အတ္ထာပတ္တိ အစိတ္တကော အာပဇ္ဇတိ, အစိတ္တကော ဝုဋ္ဌာတိ၊ အတ္ထာပတ္တိ သစိတ္တကော အာပဇ္ဇတိ, သစိတ္တကော ဝုဋ္ဌာတိ။ အတ္ထာပတ္တိ အာပဇ္ဇန္တော ဒေသေတိ၊ ဒေသေန္တော အာပဇ္ဇတိ၊ အတ္ထာပတ္တိ <a name=""T0.0316""></a> အာပဇ္ဇန္တော ဝုဋ္ဌာတိ၊ ဝုဋ္ဌဟန္တော အာပဇ္ဇတိ။ အတ္ထာပတ္တိ ကမ္မေန အာပဇ္ဇတိ, အကမ္မေန ဝုဋ္ဌာတိ၊ အတ္ထာပတ္တိ အကမ္မေန အာပဇ္ဇတိ, ကမ္မေန ဝုဋ္ဌာတိ၊ အတ္ထာပတ္တိ ကမ္မေန အာပဇ္ဇတိ, ကမ္မေန ဝုဋ္ဌာတိ၊ အတ္ထာပတ္တိ အကမ္မေန အာပဇ္ဇတိ, အကမ္မေန ဝုဋ္ဌာတိ။</p>
<p class=""bodytext""><span class=""note"">[အ။ နိ။ ၄။၂၅၀၊ ဒီ။ နိ။ ၃။၃၁၃၊ ဝိဘ။ ၉၃၉]</span> စတ္တာရော အနရိယဝေါဟာရာ – အဒိဋ္ဌေ ဒိဋ္ဌဝါဒိတာ, အဿုတေ သုတဝါဒိတာ, အမုတေ မုတဝါဒိတာ, အဝိညာတေ ဝိညာတဝါဒိတာ။ စတ္တာရော အရိယဝေါဟာရာ – အဒိဋ္ဌေ အဒိဋ္ဌဝါဒိတာ, အဿုတေ အဿုတဝါဒိတာ, အမုတေ အမုတဝါဒိတာ, အဝိညာတေ အဝိညာတဝါဒိတာ။ အပရေပိ စတ္တာရော အနရိယဝေါဟာရာ – ဒိဋ္ဌေ အဒိဋ္ဌဝါဒိတာ, သုတေ အဿုတဝါဒိတာ, မုတေ အမုတဝါဒိတာ, ဝိညာတေ အဝိညာတဝါဒိတာ။</p>
",-324-
2095,mula_vi_05,225,"<p class=""noindentbodytext""> စတ္တာရော<a name=""M0.0225""></a> အရိယဝေါဟာရာ – ဒိဋ္ဌေ ဒိဋ္ဌဝါဒိတာ, သုတေ သုတဝါဒိတာ, မုတေ မုတဝါဒိတာ, ဝိညာတေ ဝိညာတဝါဒိတာ။</p>
<p class=""bodytext"">စတ္တာရော ပါရာဇိကာ ဘိက္ခူနံ ဘိက္ခုနီဟိ သာဓာရဏာ၊ စတ္တာရော ပါရာဇိကာ ဘိက္ခုနီနံ ဘိက္ခူဟိ အသာဓာရဏာ။ စတ္တာရော ပရိက္ခာရာ – အတ္ထိ ပရိက္ခာရော ရက္ခိတဗ္ဗော ဂေါပေတဗ္ဗော မမာယိတဗ္ဗော ပရိဘုဉ္ဇိတဗ္ဗော၊ အတ္ထိ ပရိက္ခာရော ရက္ခိတဗ္ဗော ဂေါပေတဗ္ဗော မမာယိတဗ္ဗော, န ပရိဘုဉ္ဇိတဗ္ဗော၊ အတ္ထိ ပရိက္ခာရော ရက္ခိတဗ္ဗော ဂေါပေတဗ္ဗော, န မမာယိတဗ္ဗော န ပရိဘုဉ္ဇိတဗ္ဗော၊ အတ္ထိ ပရိက္ခာရော န ရက္ခိတဗ္ဗော န ဂေါပေတဗ္ဗော, န မမာယိတဗ္ဗော န ပရိဘုဉ္ဇိတဗ္ဗော။ အတ္ထာပတ္တိ <a name=""T0.0317""></a> သမ္မုခါ အာပဇ္ဇတိ, ပရမ္မုခါ ဝုဋ္ဌာတိ၊ အတ္ထာပတ္တိ ပရမ္မုခါ အာပဇ္ဇတိ<a name=""V0.0248""></a>, သမ္မုခါ ဝုဋ္ဌာတိ၊ အတ္ထာပတ္တိ သမ္မုခါ အာပဇ္ဇတိ, သမ္မုခါ ဝုဋ္ဌာတိ၊ အတ္ထာပတ္တိ ပရမ္မုခါ အာပဇ္ဇတိ, ပရမ္မုခါ ဝုဋ္ဌာတိ။ အတ္ထာပတ္တိ အဇာနန္တော အာပဇ္ဇတိ, ဇာနန္တော ဝုဋ္ဌာတိ၊ အတ္ထာပတ္တိ ဇာနန္တော အာပဇ္ဇတိ, အဇာနန္တော ဝုဋ္ဌာတိ၊ အတ္ထာပတ္တိ အဇာနန္တော အာပဇ္ဇတိ, အဇာနန္တော ဝုဋ္ဌာတိ၊ အတ္ထာပတ္တိ ဇာနန္တော အာပဇ္ဇတိ, ဇာနန္တော ဝုဋ္ဌာတိ။</p>
<p class=""bodytext"">စတူဟာကာရေဟိ အာပတ္တိံ အာပဇ္ဇတိ – ကာယေန အာပဇ္ဇတိ, ဝါစာယ အာပဇ္ဇတိ, ကာယေန ဝါစာယ အာပဇ္ဇတိ, ကမ္မဝါစာယ အာပဇ္ဇတိ။ အပရေဟိပိ စတူဟာကာရေဟိ အာပတ္တိံ အာပဇ္ဇတိ – သံဃမဇ္ဈေ, ဂဏမဇ္ဈေ, ပုဂ္ဂလဿ သန္တိကေ, လိင်္ဂပါတုဘာဝေန။ စတူဟာကာရေဟိ အာပတ္တိယာ ဝုဋ္ဌာတိ – ကာယေန ဝုဋ္ဌာတိ, ဝါစာယ ဝုဋ္ဌာတိ, ကာယေန ဝါစာယ ဝုဋ္ဌာတိ, ကမ္မဝါစာယ ဝုဋ္ဌာတိ။ အပရေဟိပိ စတူဟာကာရေဟိ အာပတ္တိယာ ဝုဋ္ဌာတိ – သံဃမဇ္ဈေ, ဂဏမဇ္ဈေ, ပုဂ္ဂလဿ သန္တိကေ, လိင်္ဂပါတုဘာဝေန။ သဟ ပဋိလာဘေန ပုရိမံ ဇဟတိ, ပစ္ဆိမေ ပတိဋ္ဌာတိ, ဝိညတ္တိယော ပဋိပ္ပဿမ္ဘန္တိ, ပဏ္ဏတ္တိယော နိရုဇ္ဈန္တိ။ သဟ ပဋိလာဘေန ပစ္ဆိမံ ဇဟတိ, ပုရိမေ ပတိဋ္ဌာတိ, ဝိညတ္တိယော ပဋိပ္ပဿမ္ဘန္တိ, ပဏ္ဏတ္တိယော နိရုဇ္ဈန္တိ။ စတဿော စောဒနာ – သီလဝိပတ္တိယာ စောဒေတိ<a name=""P5.0126""></a>, အာစာရဝိပတ္တိယာ စောဒေတိ, ဒိဋ္ဌိဝိပတ္တိယာ စောဒေတိ, အာဇီဝဝိပတ္တိယာ စောဒေတိ။ စတ္တာရော ပရိဝါသာ – ပဋိစ္ဆန္နပရိဝါသော<a name=""T0.0318""></a>, အပ္ပဋိစ္ဆန္နပရိဝါသော, သုဒ္ဓန္တပရိဝါသော, သမောဓာနပရိဝါသော။ စတ္တာရော မာနတ္တာ – ပဋိစ္ဆန္နမာနတ္တံ, အပ္ပဋိစ္ဆန္နမာနတ္တံ, ပက္ခမာနတ္တံ, သမောဓာနမာနတ္တံ။ စတ္တာရော မာနတ္တစာရိကဿ ဘိက္ခုနော ရတ္တိစ္ဆေဒါ – သဟဝါသော, ဝိပ္ပဝါသော, အနာရောစနာ, ဦနေ ဂဏေ စရတိ။ စတ္တာရော</p>
",
2096,mula_vi_05,226,"<p class=""noindentbodytext""> သာမုက္ကံသာ<a name=""M0.0226""></a>။ စတ္တာရော ပဋိဂ္ဂဟိတပရိဘောဂါ – ယာဝကာလိကံ, ယာမကာလိကံ, သတ္တာဟကာလိကံ, ယာဝဇီဝိကံ။ စတ္တာရိ မဟာဝိကဋာနိ – ဂူထော, မုတ္တံ, ဆာရိကာ, မတ္တိကာ။ စတ္တာရိ ကမ္မာနိ – အပလောကနကမ္မံ, ဉတ္တိကမ္မံ, ဉတ္တိဒုတိယကမ္မံ, ဉတ္တိစတုတ္ထကမ္မံ။ အပရာနိပိ စတ္တာရိ ကမ္မာနိ – အဓမ္မေန ဝဂ္ဂကမ္မံ, အဓမ္မေန သမဂ္ဂကမ္မံ, ဓမ္မေန ဝဂ္ဂကမ္မံ, ဓမ္မေန သမဂ္ဂကမ္မံ။ စတဿော ဝိပတ္တိယော – သီလဝိပတ္တိ, အာစာရဝိပတ္တိ, ဒိဋ္ဌိဝိပတ္တိ, အာဇီဝဝိပတ္တိ။ စတ္တာရိ အဓိကရဏာနိ – ဝိဝါဒါဓိကရဏံ, အနုဝါဒါဓိကရဏံ, အာပတ္တာဓိကရဏံ, ကိစ္စာဓိကရဏံ။ <span class=""note"">[အ။ နိ။ ၄။၂၁၁]</span> စတ္တာရော ပရိသဒူသနာ – ဘိက္ခု ဒုဿီလော ပါပဓမ္မော ပရိသဒူသနော, ဘိက္ခုနီ ဒုဿီလာ ပါပဓမ္မာ ပရိသဒူသနာ, ဥပါသကော ဒုဿီလော ပါပဓမ္မော ပရိသဒူသနော, ဥပါသိကာ ဒုဿီလာ ပါပဓမ္မာ ပရိသဒူသနာ။ စတ္တာရော ပရိသသောဘနာ <span class=""note"">[ပရိသသောဘဏာ (သျာ။ က။)]</span> – ဘိက္ခု သီလဝါ ကလျာဏဓမ္မော ပရိသသောဘနော, ဘိက္ခုနီ သီလဝတီ ကလျာဏဓမ္မာ ပရိသသောဘနာ, ဥပါသကော သီလဝါ ကလျာဏဓမ္မော ပရိသသောဘနော, ဥပါသိကာ သီလဝတီ ကလျာဏဓမ္မာ ပရိသသောဘနာ။</p>
<p class=""bodytext"">အတ္ထာပတ္တိ <a name=""V0.0249""></a> အာဂန္တုကော အာပဇ္ဇတိ, နော အာဝါသိကော၊ အတ္ထာပတ္တိ <a name=""T0.0319""></a> အာဝါသိကော အာပဇ္ဇတိ, နော အာဂန္တုကော၊ အတ္ထာပတ္တိ အာဂန္တုကော စေဝ အာပဇ္ဇတိ အာဝါသိကော စ အတ္ထာပတ္တိ နေဝ အာဂန္တုကော အာပဇ္ဇတိ, နော အာဝါသိကော။ အတ္ထာပတ္တိ ဂမိကော အာပဇ္ဇတိ, နော အာဝါသိကော၊ အတ္ထာပတ္တိ အာဝါသိကော အာပဇ္ဇတိ, နော ဂမိကော၊ အတ္ထာပတ္တိ ဂမိကော စေဝ အာပဇ္ဇတိ အာဝါသိကော စ၊ အတ္ထာပတ္တိ နေဝ ဂမိကော အာပဇ္ဇတိ နော အာဝါသိကော။ အတ္ထိ ဝတ္ထုနာနတ္တတာ နော အာပတ္တိနာနတ္တတာ, အတ္ထိ အာပတ္တိနာနတ္တတာ နော ဝတ္ထုနာနတ္တတာ, အတ္ထိ ဝတ္ထုနာနတ္တတာ စေဝ အာပတ္တိနာနတ္တတာ စ, အတ္ထိ နေဝ ဝတ္ထုနာနတ္တတာ နော အာပတ္တိနာနတ္တတာ။ အတ္ထိ ဝတ္ထုသဘာဂတာ နော အာပတ္တိသဘာဂတာ, အတ္ထိ အာပတ္တိသဘာဂတာ နော ဝတ္ထုသဘာဂတာ, အတ္ထိ ဝတ္ထုသဘာဂတာ စေဝ အာပတ္တိသဘာဂတာ စ အတ္ထိ နေဝ ဝတ္ထုသဘာဂတာ နော အာပတ္တိသဘာဂတာ။ အတ္ထာပတ္တိ ဥပဇ္ဈာယော အာပဇ္ဇတိ နော သဒ္ဓိဝိဟာရိကော, အတ္ထာပတ္တိ သဒ္ဓိဝိဟာရိကော အာပဇ္ဇတိ နော ဥပဇ္ဈာယော, အတ္ထာပတ္တိ ဥပဇ္ဈာယော စေဝ အာပဇ္ဇတိ သဒ္ဓိဝိဟာရိကော စ, အတ္ထာပတ္တိ နေဝ ဥပဇ္ဈာယော အာပဇ္ဇတိ နော သဒ္ဓိဝိဟာရိကော။ အတ္ထာပတ္တိ အာစရိယော</p>
",
2097,mula_vi_05,227,"<p class=""noindentbodytext""> အာပဇ္ဇတိ<a name=""M0.0227""></a> နော အန္တေဝါသိကော, အတ္ထာပတ္တိ အန္တေဝါသိကော အာပဇ္ဇတိ နော အာစရိယော, အတ္ထာပတ္တိ အာစရိယော စေဝ အာပဇ္ဇတိ အန္တေဝါသိကော စ, အတ္ထာပတ္တိ နေဝ အာစရိယော အာပဇ္ဇတိ နော အန္တေဝါသိကော။ စတ္တာရော ပစ္စယာ အနာပတ္တိ ဝဿစ္ဆေဒဿ – သံဃော ဝါ ဘိန္နော <a name=""T0.0320""></a> ဟောတိ, သံဃံ ဝါ ဘိန္ဒိတုကာမာ ဟောန္တိ, ဇီဝိတန္တရာယော ဝါ ဟောတိ, ဗြဟ္မစရိယန္တရာယော ဝါ ဟောတိ။ စတ္တာရိ ဝစီဒုစ္စရိတာနိ – မုသာဝါဒေါ, ပိသုဏာ ဝါစာ, ဖရုသာ ဝါစာ, သမ္ဖပ္ပလာပေါ။ စတ္တာရိ ဝစီသုစရိတာနိ – သစ္စဝါစာ, အပိသုဏာ ဝါစာ, သဏှာ ဝါစာ, မန္တာ ဘာသာ။ အတ္ထိ <a name=""P5.0127""></a> အာဒိယန္တော ဂရုကံ အာပတ္တိံ အာပဇ္ဇတိ, ပယောဇေန္တော လဟုကံ၊ အတ္ထိ အာဒိယန္တော လဟုကံ အာပတ္တိံ အာပဇ္ဇတိ, ပယောဇေန္တော ဂရုကံ, အတ္ထိ အာဒိယန္တောပိ ပယောဇေန္တောပိ ဂရုကံ အာပတ္တိံ အာပဇ္ဇတိ၊ အတ္ထိ အာဒိယန္တောပိ ပယောဇေန္တောပိ လဟုကံ အာပတ္တိံ အာပဇ္ဇတိ။</p>
<p class=""bodytext"">အတ္ထိ ပုဂ္ဂလော အဘိဝါဒနာရဟော, နော ပစ္စုဋ္ဌာနာရဟော၊ အတ္ထိ ပုဂ္ဂလော ပစ္စုဋ္ဌာနာရဟော, နော အဘိဝါဒနာရဟော၊ အတ္ထိ ပုဂ္ဂလော အဘိဝါဒနာရဟော စေဝ ပစ္စုဋ္ဌာနာရဟော စ၊ အတ္ထိ ပုဂ္ဂလော နေဝ အဘိဝါဒနာရဟော နော ပစ္စုဋ္ဌာနာရဟော။ အတ္ထိ ပုဂ္ဂလော အာသနာရဟော, နော အဘိဝါဒနာရဟော၊ အတ္ထိ ပုဂ္ဂလော အဘိဝါဒနာရဟော, နော အာသနာရဟော၊ အတ္ထိ ပုဂ္ဂလော အာသနာရဟော စေဝ အဘိဝါဒနာရဟော စ၊ အတ္ထိ ပုဂ္ဂလော နေဝ အာသနာရဟော နော အဘိဝါဒနာရဟော။ အတ္ထာပတ္တိ ကာလေ အာပဇ္ဇတိ, နော ဝိကာလေ၊ အတ္ထာပတ္တိ ဝိကာလေ အာပဇ္ဇတိ, နော ကာလေ၊ အတ္ထာပတ္တိ ကာလေ စေဝ အာပဇ္ဇတိ ဝိကာလေ စ၊ အတ္ထာပတ္တိ နေဝ ကာလေ အာပဇ္ဇတိ နော ဝိကာလေ။ အတ္ထိ ပဋိဂ္ဂဟိတံ ကာလေ ကပ္ပတိ, နော ဝိကာလေ၊ အတ္ထိ ပဋိဂ္ဂဟိတံ ဝိကာလေ ကပ္ပတိ, နော ကာလေ၊ အတ္ထိ ပဋိဂ္ဂဟိတံ ကာလေ <a name=""V0.0250""></a> စေဝ ကပ္ပတိ <a name=""T0.0321""></a> ဝိကာလေ စ၊ အတ္ထိ ပဋိဂ္ဂဟိတံ နေဝ ကာလေ ကပ္ပတိ နော ဝိကာလေ။ အတ္ထာပတ္တိ ပစ္စန္တိမေသု ဇနပဒေသု အာပဇ္ဇတိ, နော မဇ္ဈိမေသု၊ အတ္ထာပတ္တိ မဇ္ဈိမေသု ဇနပဒေသု အာပဇ္ဇတိ, နော ပစ္စန္တိမေသု၊ အတ္ထာပတ္တိ ပစ္စန္တိမေသု စေဝ ဇနပဒေသု အာပဇ္ဇတိ မဇ္ဈိမေသု စ၊ အတ္ထာပတ္တိ နေဝ ပစ္စန္တိမေသု ဇနပဒေသု အာပဇ္ဇတိ နော မဇ္ဈိမေသု။ အတ္ထိ ပစ္စန္တိမေသု ဇနပဒေသု ကပ္ပတိ, နော မဇ္ဈိမေသု၊ အတ္ထိ မဇ္ဈိမေသု ဇနပဒေသု ကပ္ပတိ, နော ပစ္စန္တိမေသု၊ အတ္ထိ ပစ္စန္တိမေသု စေဝ ဇနပဒေသု ကပ္ပတိ မဇ္ဈိမေသု စ၊ အတ္ထိ နေဝ ပစ္စန္တိမေသု ဇနပဒေသု ကပ္ပတိ</p>
",
2098,mula_vi_05,228,"<p class=""noindentbodytext""> နော<a name=""M0.0228""></a> မဇ္ဈိမေသု။ အတ္ထာပတ္တိ အန္တော အာပဇ္ဇတိ, နော ဗဟိ၊ အတ္ထာပတ္တိ ဗဟိ အာပဇ္ဇတိ, နော အန္တော၊ အတ္ထာပတ္တိ အန္တော စေဝ အာပဇ္ဇတိ ဗဟိ စ၊ အတ္ထာပတ္တိ နေဝ အန္တော အာပဇ္ဇတိ နော ဗဟိ။ အတ္ထာပတ္တိ အန္တောသီမာယ အာပဇ္ဇတိ, နော ဗဟိသီမာယ၊ အတ္ထာပတ္တိ ဗဟိသီမာယ အာပဇ္ဇတိ, နော အန္တောသီမာယ၊ အတ္ထာပတ္တိ အန္တောသီမာယ စေဝ အာပဇ္ဇတိ ဗဟိသီမာယ စ၊ အတ္ထာပတ္တိ နေဝ အန္တောသီမာယ အာပဇ္ဇတိ နော ဗဟိသီမာယ။ အတ္ထာပတ္တိ ဂါမေ အာပဇ္ဇတိ, နော အရညေ၊ အတ္ထာပတ္တိ အရညေ အာပဇ္ဇတိ, နော ဂါမေ၊ အတ္ထာပတ္တိ ဂါမေ စေဝ အာပဇ္ဇတိ အရညေ စ၊ အတ္ထာပတ္တိ နေဝ ဂါမေ အာပဇ္ဇတိ နော အရညေ။</p>
<p class=""bodytext"">စတဿော စောဒနာ – ဝတ္ထုသန္ဒဿနာ, အာပတ္တိသန္ဒဿနာ, သံဝါသပဋိက္ခေပေါ<a name=""T0.0322""></a>, သာမီစိပဋိက္ခေပေါ။ စတ္တာရော ပုဗ္ဗကိစ္စာ။ စတ္တာရော ပတ္တကလ္လာ။ စတ္တာရိ အနညပါစိတ္တိယာနိ။ စတဿော ဘိက္ခုသမ္မုတိယော။ <span class=""note"">[အ။ နိ။ ၄။၁၇၊ ဝိဘ။ ၉၃၉၊ ဒီ။ နိ။ ၃။၃၁၁]</span> စတ္တာရိ အဂတိဂမနာနိ – ဆန္ဒာဂတိံ ဂစ္ဆတိ, ဒေါသာဂတိံ ဂစ္ဆတိ, မောဟာဂတိံ ဂစ္ဆတိ, ဘယာဂတိံ ဂစ္ဆတိ။ စတ္တာရိ နာဂတိဂမနာနိ – န ဆန္ဒာဂတိံ ဂစ္ဆတိ, န ဒေါသာဂတိံ ဂစ္ဆတိ, န မောဟာဂတိံ ဂစ္ဆတိ, န ဘယာဂတိံ ဂစ္ဆတိ။ စတူဟင်္ဂေဟိ သမန္နာဂတော အလဇ္ဇီ ဘိက္ခု သံဃံ ဘိန္ဒတိ – ဆန္ဒာဂတိံ ဂစ္ဆန္တော, ဒေါသာဂတိံ ဂစ္ဆန္တော, မောဟာဂတိံ ဂစ္ဆန္တော, ဘယာဂတိံ ဂစ္ဆန္တော။ စတူဟင်္ဂေဟိ သမန္နာဂတော ပေသလော ဘိက္ခု ဘိန္နံ သံဃံ သမဂ္ဂံ ကရောတိ – န ဆန္ဒာဂတိံ ဂစ္ဆန္တော, န ဒေါသာဂတိံ ဂစ္ဆန္တော, န မောဟာဂတိံ ဂစ္ဆန္တော, န ဘယာဂတိံ ဂစ္ဆန္တော။ စတူဟင်္ဂေဟိ သမန္နာဂတဿ ဘိက္ခုနော ဝိနယော န ပုစ္ဆိတဗ္ဗော – ဆန္ဒာဂတိံ ဂစ္ဆတိ, ဒေါသာဂတိံ ဂစ္ဆတိ, မောဟာဂတိံ ဂစ္ဆတိ<a name=""V0.0251""></a>, ဘယာဂတိံ ဂစ္ဆတိ။ စတူဟင်္ဂေဟိ သမန္နာဂတေန ဘိက္ခုနာ ဝိနယော န ပုစ္ဆိတဗ္ဗော – ဆန္ဒာဂတိံ ဂစ္ဆတိ, ဒေါသာဂတိံ ဂစ္ဆတိ, မောဟာဂတိံ ဂစ္ဆတိ, ဘယာဂတိံ ဂစ္ဆတိ။ စတူဟင်္ဂေဟိ သမန္နာဂတဿ ဘိက္ခုနော ဝိနယော န ဝိဿဇ္ဇေတဗ္ဗော – ဆန္ဒာဂတိံ ဂစ္ဆတိ, ဒေါသာဂတိံ ဂစ္ဆတိ, မောဟာဂတိံ ဂစ္ဆတိ, ဘယာဂတိံ ဂစ္ဆတိ။ စတူဟင်္ဂေဟိ သမန္နာဂတေန ဘိက္ခုနာ ဝိနယော န ဝိဿဇ္ဇေတဗ္ဗော – ဆန္ဒာဂတိံ ဂစ္ဆတိ, ဒေါသာဂတိံ ဂစ္ဆတိ, မောဟာဂတိံ ဂစ္ဆတိ, ဘယာဂတိံ ဂစ္ဆတိ။ စတူဟင်္ဂေဟိ သမန္နာဂတဿ ဘိက္ခုနော အနုယောဂေါ န ဒါတဗ္ဗော – ဆန္ဒာဂတိံ ဂစ္ဆတိ<a name=""T0.0323""></a>, ဒေါသာဂတိံ ဂစ္ဆတိ, မောဟာဂတိံ ဂစ္ဆတိ, ဘယာဂတိံ ဂစ္ဆတိ။</p>
",
2099,mula_vi_05,229,"<p class=""noindentbodytext""> စတူဟင်္ဂေဟိ<a name=""M0.0229""></a> သမန္နာဂတေ <a name=""P5.0128""></a> ဘိက္ခုနာ သဒ္ဓိံ ဝိနယော န သာကစ္ဆိတဗ္ဗော – ဆန္ဒာဂတိံ ဂစ္ဆတိ, ဒေါသာဂတိံ ဂစ္ဆတိ, မောဟာဂတိံ ဂစ္ဆတိ, ဘယာဂတိံ ဂစ္ဆတိ။ အတ္ထာပတ္တိ ဂိလာနော အာပဇ္ဇတိ, နော အဂိလာနော၊ အတ္ထာပတ္တိ အဂိလာနော အာပဇ္ဇတိ, နော ဂိလာနော၊ အတ္ထာပတ္တိ ဂိလာနော စေဝ အာပဇ္ဇတိ အဂိလာနော စ၊ အတ္ထာပတ္တိ နေဝ ဂိလာနော အာပဇ္ဇတိ နော အဂိလာနော။ စတ္တာရိ အဓမ္မိကာနိ ပါတိမောက္ခဋ္ဌပနာနိ။ စတ္တာရိ ဓမ္မိကာနိ ပါတိမောက္ခဋ္ဌပနာနိ။</p>
<p class=""centered"">စတုက္ကံ နိဋ္ဌိတံ။</p>
<p class=""centered"">တဿုဒ္ဒါနံ –</p>
<p class=""gatha1"">သကဝါစာယ ကာယေန, ပသုတ္တော စ အစိတ္တကော၊</p>
<p class=""gathalast"">အာပဇ္ဇန္တော စ ကမ္မေန, ဝေါဟာရာ စတုရော တထာ။</p>
<p class=""gatha1"">ဘိက္ခူနံ ဘိက္ခုနီနဉ္စ, ပရိက္ခာရော စ သမ္မုခါ၊</p>
<p class=""gathalast"">အဇာနကာယေ မဇ္ဈေ စ, ဝုဋ္ဌာတိ ဒုဝိဓာ တထာ။</p>
<p class=""gatha1"">ပဋိလာဘေန စောဒနာ, ပရိဝါသာ စ ဝုစ္စတိ၊</p>
<p class=""gathalast"">မာနတ္တစာရိကာ စာပိ, သာမုက္ကံသာ ပဋိဂ္ဂဟိ။</p>
<p class=""gatha1"">မဟာဝိကဋကမ္မာနိ, ပုန ကမ္မေ ဝိပတ္တိယော၊</p>
<p class=""gathalast"">အဓိကရဏာ <a name=""T0.0324""></a> ဒုဿီလာ စ, သောဘနာဂန္တုကေန စ။</p>
<p class=""gatha1"">ဂမိကော ဝတ္ထုနာနတ္တာ, သဘာဂုပဇ္ဈာယေန စ၊</p>
<p class=""gathalast"">အာစရိယော ပစ္စယာ ဝါ, ဒုစ္စရိတံ သုစရိတံ။</p>
<p class=""gatha1"">အာဒိယန္တော ပုဂ္ဂလော စ, အရဟော အာသနေန စ၊</p>
<p class=""gathalast"">ကာလေ စ ကပ္ပတိ စေဝ, ပစ္စန္တိမေသု ကပ္ပတိ။</p>
<p class=""gatha1"">အန္တော အန္တော စ သီမာယ, ဂါမေ စ စောဒနာယ စ၊</p>
<p class=""gathalast"">ပုဗ္ဗကိစ္စံ ပတ္တကလ္လံ, အနညာ သမ္မုတိယော စ။</p>
<p class=""gatha1"">အဂတိ <a name=""V0.0252""></a> နာဂတိ စေဝ, အလဇ္ဇီ ပေသလေန စ၊</p>
<p class=""gatha2"">ပုစ္ဆိတဗ္ဗာ ဒုဝေ စေဝ, ဝိဿဇ္ဇေယျာ တထာ ဒုဝေ၊</p>
<p class=""gathalast"">အနုယောဂေါ စ သာကစ္ဆာ, ဂိလာနော ဌပနေန စာတိ။</p>
",
2100,mula_vi_05,230,"<p class=""subhead"">၅။ ပဉ္စကဝါရော</p>
<p class=""bodytext""><a name=""para325""></a><a name=""para325_vin5""></a><span class=""paranum"">၃၂၅</span>။ ပဉ္စ <a name=""M0.0230""></a> အာပတ္တိယော။ ပဉ္စ အာပတ္တိက္ခန္ဓာ။ ပဉ္စ ဝိနီတဝတ္ထူနိ။ ပဉ္စ ကမ္မာနိ အာနန္တရိကာနိ။ ပဉ္စ ပုဂ္ဂလာ နိယတာ။ ပဉ္စ ဆေဒနကာ အာပတ္တိယော။ ပဉ္စဟာကာရေဟိ အာပတ္တိံ အာပဇ္ဇတိ။ ပဉ္စ အာပတ္တိယော။ မုသာဝါဒပစ္စယာ ပဉ္စဟာကာရေဟိ ကမ္မံ န ဥပေတိ – သယံ ဝါ ကမ္မံ န ကရောတိ, ပရံ ဝါ န အဇ္ဈေသတိ, ဆန္ဒံ ဝါ ပါရိသုဒ္ဓိံ ဝါ န ဒေတိ, ကယိရမာနေ ကမ္မေ ပဋိက္ကောသတိ, ကတေ ဝါ ပန ကမ္မေ အဓမ္မဒိဋ္ဌိ ဟောတိ။ ပဉ္စဟာကာရေဟိ ကမ္မံ ဥပေတိ <a name=""T0.0325""></a> – သယံ ဝါ ကမ္မံ ကရောတိ, ပရံ ဝါ အဇ္ဈေသတိ, ဆန္ဒံ ဝါ ပါရိသုဒ္ဓိံ ဝါ ဒေတိ, ကယိရမာနေ ကမ္မေ နပ္ပဋိက္ကောသတိ, ကတေ ဝါ ပန ကမ္မေ ဓမ္မဒိဋ္ဌိ ဟောတိ။ ပဉ္စ ပိဏ္ဍပါတိကဿ ဘိက္ခုနော ကပ္ပန္တိ – အနာမန္တစာရော, ဂဏဘောဇနံ, ပရမ္ပရဘောဇနံ, အနဓိဋ္ဌာနံ, အဝိကပ္ပနာ။ <span class=""note"">[အ။ နိ။ ၅။၁၀၂]</span> ပဉ္စဟင်္ဂေဟိ သမန္နာဂတော ဘိက္ခု ဥဿင်္ကိတပရိသင်္ကိတော <a name=""P5.0129""></a> ဟောတိ – ပါပဘိက္ခုပိ အကုပ္ပဓမ္မောပိ ဝေသိယာဂေါစရော ဝါ ဟောတိ, ဝိဓဝါဂေါစရော ဝါ ဟောတိ, ထုလ္လကုမာရိဂေါစရော ဝါ ဟောတိ, ပဏ္ဍကဂေါစရော ဝါ ဟောတိ, ဘိက္ခုနိဂေါစရော ဝါ ဟောတိ။ ပဉ္စ တေလာနိ – တိလတေလံ, သာသပတေလံ, မဓုကတေလံ, ဧရဏ္ဍကတေလံ, ဝသာတေလံ။ ပဉ္စ ဝသာနိ – အစ္ဆဝသံ, မစ္ဆဝသံ, သုသုကာဝသံ, သူကရဝသံ, ဂဒြဘဝသံ။ <span class=""note"">[အ။ နိ။ ၅။၁၃၀၊ ဒီ။ နိ။ ၃။၃၁၆]</span> ပဉ္စ ဗျသနာနိ – ဉာတိဗျသနံ, ဘောဂဗျသနံ, ရောဂဗျသနံ, သီလဗျသနံ, ဒိဋ္ဌိဗျသနံ။ <span class=""note"">[အ။ နိ။ ၅။၁၃၀၊ ဒီ။ နိ။ ၃။၃၁၆]</span> ပဉ္စ သမ္ပဒါ – ဉာတိသမ္ပဒါ, ဘောဂသမ္ပဒါ, အရောဂသမ္ပဒါ, သီလသမ္ပဒါ, ဒိဋ္ဌိသမ္ပဒါ။ ပဉ္စ နိဿယပဋိပ္ပဿဒ္ဓိယော ဥပဇ္ဈာယမှာ – ဥပဇ္ဈာယော ပက္ကန္တော ဝါ ဟောတိ, ဝိဗ္ဘန္တော ဝါ, ကာလင်္ကတော ဝါ, ပက္ခသင်္ကန္တော ဝါ, အာဏတ္တိယေဝ ပဉ္စမီ။ ပဉ္စ ပုဂ္ဂလာ န ဥပသမ္ပာဒေတဗ္ဗာ – အဒ္ဓါနဟီနော, အင်္ဂဟီနော, ဝတ္ထုဝိပန္နော, ကရဏဒုက္ကဋကော, အပရိပူရော။ ပဉ္စ ပံသုကူလာနိ – သောသာနိကံ, ပါပဏိကံ, ဥန္ဒူရက္ခာယိကံ, ဥပစိကက္ခာယိကံ, အဂ္ဂိဒဍ္ဎံ။ အပရာနိပိ ပဉ္စ ပံသုကူလာနိ – ဂေါခါယိကံ, အဇက္ခာယိကံ, ထူပစီဝရံ, အာဘိသေကိကံ, ဂတပဋိယာဂတံ <span class=""note"">[ဘတပဋိယာဘတံ (က။)]</span>။ ပဉ္စ အဝဟာရာ – ထေယျာဝဟာရော, ပသယှာဝဟာရော, ပရိကပ္ပါဝဟာရော ပဋိစ္ဆန္နာဝဟာရော, ကုသာဝဟာရော။ ပဉ္စ မဟာစောရာ သန္တော သံဝိဇ္ဇမာနာ လောကသ္မိံ။ ပဉ္စ အဝိဿဇ္ဇနိယာနိ။ ပဉ္စ အဝေဘင်္ဂိယာနိ။ ပဉ္စာပတ္တိယော ကာယတော သမုဋ္ဌန္တိ, န ဝါစတော န စိတ္တတော။ ပဉ္စာပတ္တိယော ကာယတော စ ဝါစတော စ သမုဋ္ဌန္တိ, <a name=""T0.0326""></a>
Empty Line. Go Next Line
",-325-
2101,mula_vi_05,231,"<p class=""noindentbodytext"">န  စိတ္တတော။ <a name=""M0.0231""></a>ပဉ္စာပတ္တိယော ဒေသနာဂါမိနိယော။ ပဉ္စ သံဃာ<a name=""V0.0253""></a>။ ပဉ္စ ပါတိမောက္ခုဒ္ဒေသာ။ သဗ္ဗပစ္စန္တိမေသု ဇနပဒေသု ဝိနယဓရပဉ္စမေန ဂဏေန ဥပသမ္ပာဒေတဗ္ဗံ။ ပဉ္စာနိသံသာ ကထိနတ္ထာရေ။ ပဉ္စ ကမ္မာနိ။ ယာဝတတိယကေ ပဉ္စ အာပတ္တိယော။ ပဉ္စဟာကာရေဟိ အဒိန္နံ အာဒိယန္တဿ အာပတ္တိ ပါရာဇိကဿ။ ပဉ္စဟာကာရေဟိ အဒိန္နံ အာဒိယန္တဿ အာပတ္တိ ထုလ္လစ္စယဿ။ ပဉ္စဟာကာရေဟိ အဒိန္နံ အာဒိယန္တဿ အာပတ္တိ ဒုက္ကဋဿ။ ပဉ္စ အကပ္ပိယာနိ န ပရိဘုဉ္ဇိတဗ္ဗာနိ – အဒိန္နဉ္စ ဟောတိ, အဝိဒိတဉ္စ ဟောတိ, အကပ္ပိယဉ္စ ဟောတိ, အပ္ပဋိဂ္ဂဟိတဉ္စ ဟောတိ, အကတာတိရိတ္တဉ္စ ဟောတိ။ ပဉ္စ ကပ္ပိယာနိ ပရိဘုဉ္ဇိတဗ္ဗာနိ – ဒိန္နဉ္စ ဟောတိ, ဝိဒိတဉ္စ ဟောတိ, ကပ္ပိယဉ္စ ဟောတိ, ပဋိဂ္ဂဟိတဉ္စ ဟောတိ, ကတာတိရိတ္တဉ္စ ဟောတိ။ ပဉ္စ ဒါနာနိ အပုညာနိ ပုညသမ္မတာနိ လောကသ္မိံ <span class=""note"">[လောကဿ (သျာ။)]</span> – မဇ္ဇဒါနံ, သမဇ္ဇဒါနံ, ဣတ္ထိဒါနံ, ဥသဘဒါနံ, စိတ္တကမ္မဒါနံ။ ပဉ္စ ဥပ္ပန္နာ ဒုပ္ပဋိဝိနောဒယာ <span class=""note"">[ဝိနောဒိယာ (သျာ။)]</span> – ဥပ္ပန္နော ရာဂေါ ဒုပ္ပဋိဝိနောဒယော, ဥပ္ပန္နော ဒေါသော ဒုပ္ပဋိဝိနောဒယော, ဥပ္ပန္နော မောဟော ဒုပ္ပဋိဝိနောဒယော, ဥပ္ပန္နံ ပဋိဘာနံ ဒုပ္ပဋိဝိနောဒယံ, ဥပ္ပန္နံ ဂမိယစိတ္တံ ဒုပ္ပဋိဝိနောဒယံ<a name=""T0.0327""></a>။ ပဉ္စာနိသံသာ သမ္မဇ္ဇနိယာ – သကစိတ္တံ ပသီဒတိ, ပရစိတ္တံ ပသီဒတိ, ဒေဝတာ အတ္တမနာ ဟောန္တိ, ပါသာဒိကသံဝတ္တနိကကမ္မံ <a name=""P5.0130""></a> ဥပစိနတိ, ကာယဿ ဘေဒါ ပရံ မရဏာ သုဂတိံ သဂ္ဂံ လောကံ ဥပပဇ္ဇတိ။ အပရေပိ ပဉ္စာနိသံသာ သမ္မဇ္ဇနိယာ – သကစိတ္တံ ပသီဒတိ, ပရစိတ္တံ ပသီဒတိ, ဒေဝတာ အတ္တမနာ ဟောန္တိ, သတ္ထုသာသနံ ကတံ ဟောတိ, ပစ္ဆိမာ ဇနတာ ဒိဋ္ဌာနုဂတိံ အာပဇ္ဇတိ။</p>
<p class=""bodytext"">ပဉ္စဟင်္ဂေဟိ သမန္နာဂတော ဝိနယဓရော ‘‘ဗာလော’’ တွေဝ သင်္ခံ ဂစ္ဆတိ – အတ္တနော ဘာသပရိယန္တံ န ဥဂ္ဂဏှာတိ, ပရဿ ဘာသပရိယန္တံ န ဥဂ္ဂဏှာတိ, အတ္တနော ဘာသပရိယန္တံ န ဥဂ္ဂဟေတွာ ပရဿ ဘာသပရိယန္တံ န ဥဂ္ဂဟေတွာ အဓမ္မေန ကာရေတိ အပ္ပဋိညာယ။ ပဉ္စဟင်္ဂေဟိ သမန္နာဂတော ဝိနယဓရော ‘‘ပဏ္ဍိတော’’ တွေဝ သင်္ခံ ဂစ္ဆတိ – အတ္တနော ဘာသပရိယန္တံ ဥဂ္ဂဏှာတိ, ပရဿ ဘာသပရိယန္တံ ဥဂ္ဂဏှာတိ, အတ္တနော ဘာသပရိယန္တံ ဥဂ္ဂဟေတွာ ပရဿ ဘာသပရိယန္တံ ဥဂ္ဂဟေတွာ ဓမ္မေန ကာရေတိ ပဋိညာယ။ အပရေဟိပိ ပဉ္စဟင်္ဂေဟိ သမန္နာဂတော ဝိနယဓရော ဗာလော တွေဝ သင်္ခံ ဂစ္ဆတိ – အာပတ္တိံ န ဇာနာတိ, အာပတ္တိယာ မူလံ န ဇာနာတိ,</p>
",
2102,mula_vi_05,232,"<p class=""noindentbodytext""> အာပတ္တိသမုဒယံ<a name=""M0.0232""></a> န ဇာနာတိ, အာပတ္တိနိရောဓံ န ဇာနာတိ, အာပတ္တိနိရောဓဂါမိနိံ ပဋိပဒံ န ဇာနာတိ။ ပဉ္စဟင်္ဂေဟိ သမန္နာဂတော ဝိနယဓရော ပဏ္ဍိတော တွေဝ သင်္ခံ ဂစ္ဆတိ – အာပတ္တိံ ဇာနာတိ, အာပတ္တိယာ မူလံ ဇာနာတိ, အာပတ္တိသမုဒယံ ဇာနာတိ, အာပတ္တိနိရောဓံ ဇာနာတိ<a name=""T0.0328""></a>, အာပတ္တိနိရောဓဂါမိနိံ ပဋိပဒံ ဇာနာတိ။ အပရေဟိပိ ပဉ္စဟင်္ဂေဟိ သမန္နာဂတော ဝိနယဓရော ဗာလော တွေဝ သင်္ခံ ဂစ္ဆတိ – အဓိကရဏံ န ဇာနာတိ, အဓိကရဏဿ မူလံ န ဇာနာတိ, အဓိကရဏသမုဒယံ န ဇာနာတိ, အဓိကရဏနိရောဓံ န ဇာနာတိ, အဓိကရဏနိရောဓဂါမိနိံ ပဋိပဒံ န ဇာနာတိ။ ပဉ္စဟင်္ဂေဟိ သမန္နာဂတော ဝိနယဓရော ပဏ္ဍိတော တွေဝ သင်္ခံ ဂစ္ဆတိ – အဓိကရဏံ ဇာနာတိ<a name=""V0.0254""></a>, အဓိကရဏဿ မူလံ ဇာနာတိ, အဓိကရဏသမုဒယံ ဇာနာတိ, အဓိကရဏနိရောဓံ ဇာနာတိ, အဓိကရဏနိရောဓဂါမိနိံ ပဋိပဒံ ဇာနာတိ။ အပရေဟိပိ ပဉ္စဟင်္ဂေဟိ သမန္နာဂတော ဝိနယဓရော ဗာလော တွေဝ သင်္ခံ ဂစ္ဆတိ – ဝတ္ထုံ န ဇာနာတိ, နိဒါနံ န ဇာနာတိ, ပညတ္တိံ န ဇာနာတိ, အနုပညတ္တိံ န ဇာနာတိ, အနုသန္ဓိဝစနပထံ န ဇာနာတိ။ ပဉ္စဟင်္ဂေဟိ သမန္နာဂတော ဝိနယဓရော ပဏ္ဍိတော တွေဝ သင်္ခံ ဂစ္ဆတိ – ဝတ္ထုံ ဇာနာတိ, နိဒါနံ ဇာနာတိ, ပညတ္တိံ ဇာနာတိ, အနုပညတ္တိံ ဇာနာတိ, အနုသန္ဓိဝစနပထံ ဇာနာတိ။ အပရေဟိပိ ပဉ္စဟင်္ဂေဟိ သမန္နာဂတော ဝိနယဓရော ဗာလော တွေဝ သင်္ခံ ဂစ္ဆတိ – ဉတ္တိံ န ဇာနာတိ, ဉတ္တိယာ ကရဏံ န ဇာနာတိ, န ပုဗ္ဗကုသလော ဟောတိ, န အပရကုသလော ဟောတိ, အကာလညူ စ ဟောတိ။ ပဉ္စဟင်္ဂေဟိ သမန္နာဂတော ဝိနယဓရော ပဏ္ဍိတော တွေဝ သင်္ခံ ဂစ္ဆတိ – ဉတ္တိံ ဇာနာတိ, ဉတ္တိယာ ကရဏံ ဇာနာတိ, ပုဗ္ဗကုသလော ဟောတိ, အပရကုသလော ဟောတိ, ကာလညူ စ ဟောတိ။ အပရေဟိပိ ပဉ္စဟင်္ဂေဟိ သမန္နာဂတော ဝိနယဓရော ဗာလော တွေဝ သင်္ခံ <a name=""T0.0329""></a> ဂစ္ဆတိ – အာပတ္တာနာပတ္တိံ န ဇာနာတိ, လဟုကဂရုကံ အာပတ္တိံ န ဇာနာတိ, သာဝသေသာနဝသေသံ အာပတ္တိံ န ဇာနာတိ, ဒုဋ္ဌုလ္လာဒုဋ္ဌုလ္လံ အာပတ္တိံ န ဇာနာတိ, အာစရိယပရမ္ပရာ ခေါ ပနဿ န သုဂ္ဂဟိတာ ဟောတိ န သုမနသိကတာ န သူပဓာရိတာ။ ပဉ္စဟင်္ဂေဟိ သမန္နာဂတော ဝိနယဓရော ပဏ္ဍိတောတွေဝ သင်္ခံ ဂစ္ဆတိ – အာပတ္တာနာပတ္တိံ ဇာနာတိ, လဟုကဂရုကံ အာပတ္တိံ ဇာနာတိ, သာဝသေသာနဝသေသံ အာပတ္တိံ ဇာနတိ, ဒုဋ္ဌုလ္လာဒုဋ္ဌုလ္လံ အာပတ္တိံ ဇာနာတိ, အာစရိယပရမ္ပရာ ခေါ ပနဿ သုဂ္ဂဟိတာ ဟောတိ သုမနသိကတာ သူပဓာရိတာ။ အပရေဟိပိ ပဉ္စဟင်္ဂေဟိ သမန္နာဂတော ဝိနယဓရော ဗာလော တွေဝ သင်္ခံ ဂစ္ဆတိ – အာပတ္တာနာပတ္တိံ န ဇာနာတိ, လဟုကဂရုကံ အာပတ္တိံ န ဇာနာတိ, </p>
",
2103,mula_vi_05,233,"<p class=""noindentbodytext""> သာဝသေသာနဝသေသံ <a name=""M0.0233""></a> အာပတ္တိံ န ဇာနာတိ, ဒုဋ္ဌုလ္လာဒုဋ္ဌုလ္လံ အာပတ္တိံ <a name=""P5.0131""></a> ဇာနာတိ, ဥဘယာနိ ခေါ ပနဿ ပါတိမောက္ခာနိ န ဝိတ္ထာရေန သွာဂတာနိ ဟောန္တိ န သုဝိဘတ္တာနိ န သုပ္ပဝတ္တီနိ န သုဝိနိစ္ဆိတာနိ သုတ္တသော အနုဗျဉ္ဇနသော။ ပဉ္စဟင်္ဂေဟိ သမန္နာဂတော ဝိနယဓရော ပဏ္ဍိတော တွေဝ သင်္ခံ ဂစ္ဆတိ – အာပတ္တာနာပတ္တိံ ဇာနာတိ, လဟုကဂရုကံ အာပတ္တိံ ဇာနာတိ, သာဝသေသာနဝသေသံ အာပတ္တိံ ဇာနာတိ, ဒုဋ္ဌုလ္လာဒုဋ္ဌုလ္လံ အာပတ္တိံ ဇာနာတိ, ဥဘယာနိ ခေါ ပနဿ ပါတိမောက္ခာနိ ဝိတ္ထာရေန သွာဂတာနိ ဟောန္တိ သုဝိဘတ္တာနိ သုပ္ပဝတ္တီနိ သုဝိနိစ္ဆိတာနိ သုတ္တသော အနုဗျဉ္ဇနသော။ အပရေဟိပိ ပဉ္စဟင်္ဂေဟိ သမန္နာဂတော ဝိနယဓရော ဗာလော တွေဝ သင်္ခံ ဂစ္ဆတိ – အာပတ္တာနာပတ္တိံ န ဇာနာတိ, လဟုကဂရုကံ အာပတ္တိံ <a name=""T0.0330""></a> န ဇာနာတိ, သာဝသေသာနဝသေသံ အာပတ္တိံ န ဇာနာတိ, ဒုဋ္ဌုလ္လာဒုဋ္ဌုလ္လံ အာပတ္တိံ န ဇာနာတိ, အဓိကရဏေ စ န ဝိနိစ္ဆယကုသလော ဟောတိ။ ပဉ္စဟင်္ဂေဟိ သမန္နာဂတော ဝိနယဓရော ပဏ္ဍိတော တွေဝ သင်္ခံ ဂစ္ဆတိ – အာပတ္တာနာပတ္တိံ ဇာနာတိ, လဟုကဂရုကံ အာပတ္တိံ ဇာနာတိ, သာဝသေသာနဝသေသံ အာပတ္တိံ ဇာနာတိ, ဒုဋ္ဌုလ္လာဒုဋ္ဌုလ္လံ အာပတ္တိံ ဇာနာတိ, အဓိကရဏေ စ ဝိနိစ္ဆယကုသလော ဟောတိ။</p>
<p class=""bodytext""><span class=""note"">[အ။ နိ။ ၅။၁၈၁၊ ပရိ။ ၄၄၃]</span> ပဉ္စ <a name=""V0.0255""></a> အာရညိကာ – မန္ဒတ္တာ မောမူဟတ္တာ အာရညိကော ဟောတိ, ပါပိစ္ဆော ဣစ္ဆာပကတော အာရညိကော ဟောတိ, ဥမ္မာဒါ စိတ္တက္ခေပါ အာရညိကော ဟောတိ, ဝဏ္ဏိတံ ဗုဒ္ဓေဟိ ဗုဒ္ဓသာဝကေဟီတိ အာရညိကော ဟောတိ, အပိ စ အပ္ပိစ္ဆညေဝ နိဿာယ သန္တုဋ္ဌိညေဝ နိဿာယ သလ္လေခညေဝ နိဿာယ ပဝိဝေကညေဝ နိဿာယ ဣဒမတ္ထိတညေဝ <span class=""note"">[ဣဒမဋ္ဌိတညေဝ (သီ။ သျာ။)]</span> နိဿာယ အာရညိကော ဟောတိ။ ပဉ္စ ပိဏ္ဍပါတိကာ…ပေ… ပဉ္စ ပံသုကူလိကာ…ပေ… ပဉ္စ ရုက္ခမူလိကာ…ပေ… ပဉ္စ သောသာနိကာ…ပေ… ပဉ္စ အဗ္ဘောကာသိကာ…ပေ… ပဉ္စ တေစီဝရိကာ…ပေ… ပဉ္စ သပဒါနစာရိကာ…ပေ… ပဉ္စ နေသဇ္ဇိကာ…ပေ… ပဉ္စ ယထာသန္ထတိကာ…ပေ… ပဉ္စ ဧကာသနိကာ…ပေ… ပဉ္စ ခလုပစ္ဆာဘတ္တိကာ…ပေ… ပဉ္စ ပတ္တပိဏ္ဍိကာ – မန္ဒတ္တာ မောမူဟတ္တာ ပတ္တပိဏ္ဍိကော ဟောတိ, ပါပိစ္ဆော ဣစ္ဆာပကတော ပတ္တပိဏ္ဍိကော ဟောတိ, ဥမ္မာဒါ စိတ္တက္ခေပါ ပတ္တပိဏ္ဍိကော ဟောတိ, ဝဏ္ဏိတံ ဗုဒ္ဓေဟိ ဗုဒ္ဓသာဝကေဟီတိ ပတ္တပိဏ္ဍိကော ဟောတိ, အပိ စ အပ္ပိစ္ဆညေဝ <a name=""T0.0331""></a> နိဿာယ သန္တုဋ္ဌိညေဝ နိဿာယ သလ္လေခညေဝ နိဿာယ ပဝိဝေကညေဝ နိဿာယ ဣဒမတ္ထိတညေဝ နိဿာယ ပတ္တပိဏ္ဍိကော ဟောတိ။</p>
",
2104,mula_vi_05,234,"<p class=""bodytext""><span class=""note"">[ပရိ။ ၄၁၇]</span> ပဉ္စဟင်္ဂေဟိ <a name=""M0.0234""></a> သမန္နာဂတေန ဘိက္ခုနာ နာနိဿိတေန ဝတ္ထဗ္ဗံ – ဥပေါသထံ န ဇာနာတိ, ဥပေါသထကမ္မံ န ဇာနာတိ, ပါတိမောက္ခံ န ဇာနာတိ, ပါတိမောက္ခုဒ္ဒေသံ န ဇာနာတိ, ဦနပဉ္စဝဿော ဟောတိ။ ပဉ္စဟင်္ဂေဟိ <a name=""P5.0132""></a> သမန္နာဂတေန ဘိက္ခုနာ အနိဿိတေန ဝတ္ထဗ္ဗံ – ဥပေါသထံ ဇာနာတိ, ဥပေါသထကမ္မံ ဇာနာတိ, ပါတိမောက္ခံ ဇာနာတိ, ပါတိမောက္ခုဒ္ဒေသံ ဇာနာတိ, ပဉ္စဝဿော ဝါ ဟောတိ အတိရေကပဉ္စဝဿော ဝါ။ အပရေဟိပိ ပဉ္စဟင်္ဂေဟိ သမန္နာဂတေန ဘိက္ခုနာ နာနိဿိတေန ဝတ္ထဗ္ဗံ – ပဝါရဏံ န ဇာနာတိ, ပဝါရဏာကမ္မံ န ဇာနာတိ, ပါတိမောက္ခံ န ဇာနာတိ, ပါတိမောက္ခုဒ္ဒေသံ န ဇာနာတိ, ဦနပဉ္စဝဿော ဟောတိ။ ပဉ္စဟင်္ဂေဟိ သမန္နာဂတေန ဘိက္ခုနာ အနိဿိတေန ဝတ္ထဗ္ဗံ – ပဝါရဏံ ဇာနာတိ, ပဝါရဏာကမ္မံ ဇာနာတိ, ပါတိမောက္ခံ ဇာနာတိ, ပါတိမောက္ခုဒ္ဒေသံ ဇာနာတိ, ပဉ္စဝဿော ဝါ ဟောတိ အတိရေကပဉ္စဝဿော ဝါ။ အပရေဟိပိ ပဉ္စဟင်္ဂေဟိ သမန္နာဂတေန ဘိက္ခုနာ နာနိဿိတေန ဝတ္ထဗ္ဗံ – အာပတ္တာနာပတ္တိံ န ဇာနာတိ, လဟုကဂရုကံ အာပတ္တိံ န ဇာနာတိ, သာဝသေသာနဝသေသံ အာပတ္တိံ န ဇာနာတိ, ဒုဋ္ဌုလ္လာဒုဋ္ဌုလ္လံ အာပတ္တိံ န ဇာနာတိ, ဦနပဉ္စဝဿော ဟောတိ။ ပဉ္စဟင်္ဂေဟိ သမန္နာဂတေန ဘိက္ခုနာ အနိဿိတေန ဝတ္ထဗ္ဗံ – အာပတ္တာနာပတ္တိံ ဇာနာတိ, လဟုကဂရုကံ အာပတ္တိံ <a name=""T0.0332""></a> ဇာနာတိ, သာဝသေသာနဝသေသံ အာပတ္တိံ ဇာနာတိ, ဒုဋ္ဌုလ္လာဒုဋ္ဌုလ္လံ အာပတ္တိံ ဇာနာတိ, ပဉ္စဝဿော ဝါ ဟောတိ အတိရေကပဉ္စဝဿော ဝါ။ ပဉ္စဟင်္ဂေဟိ သမန္နာဂတာယ ဘိက္ခုနိယာ နာနိဿိတာယ ဝတ္ထဗ္ဗံ – ဥပေါသထံ န ဇာနာတိ, ဥပေါသထကမ္မံ န ဇာနာတိ, ပါတိမောက္ခံ န ဇာနာတိ, ပါတိမောက္ခုဒ္ဒေသံ န ဇာနာတိ, ဦနပဉ္စဝဿာ ဟောတိ။ ပဉ္စဟင်္ဂေဟိ သမန္နာဂတာယ ဘိက္ခုနိယာ အနိဿိတာယ ဝတ္ထဗ္ဗံ <a name=""V0.0256""></a> – ဥပေါသထံ ဇာနာတိ, ဥပေါသထကမ္မံ ဇာနာတိ, ပါတိမောက္ခံ ဇာနာတိ, ပါတိမောက္ခုဒ္ဒေသံ ဇာနာတိ, ပဉ္စဝဿာ ဝါ ဟောတိ အတိရေကပဉ္စဝဿာ ဝါ။ အပရေဟိပိ ပဉ္စဟင်္ဂေဟိ သမန္နာဂတာယ ဘိက္ခုနိယာ နာနိဿိတာယ ဝတ္ထဗ္ဗံ – ပဝါရဏံ န ဇာနာတိ, ပဝါရဏာကမ္မံ န ဇာနာတိ, ပါတိမောက္ခံ န ဇာနာတိ, ပါတိမောက္ခုဒ္ဒေသံ န ဇာနာတိ, ဦနပဉ္စဝဿာ ဟောတိ။ ပဉ္စဟင်္ဂေဟိ သမန္နာဂတာယ ဘိက္ခုနိယာ အနိဿိတာယ ဝတ္ထဗ္ဗံ – ပဝါရဏံ ဇာနာတိ, ပဝါရဏာကမ္မံ ဇာနာတိ, ပါတိမောက္ခံ ဇာနာတိ, ပါတိမောက္ခုဒ္ဒေသံ ဇာနာတိ, ပဉ္စဝဿာ ဝါ ဟောတိ အတိရေကပဉ္စဝဿာ ဝါ။ အပရေဟိပိ ပဉ္စဟင်္ဂေဟိ သမန္နာဂတာယ ဘိက္ခုနိယာ နာနိဿိတာယ </p>
",
2105,mula_vi_05,235,"<p class=""noindentbodytext""> ဝတ္ထဗ္ဗံ <a name=""M0.0235""></a> – အာပတ္တာနာပတ္တိံ န ဇာနာတိ, လဟုကဂရုကံ အာပတ္တိံ န ဇာနာတိ, သာဝသေသာနဝသေသံ အာပတ္တိံ န ဇာနာတိ, ဒုဋ္ဌုလ္လာဒုဋ္ဌုလ္လံ အာပတ္တိံ န ဇာနာတိ, ဦနပဉ္စဝဿာ ဟောတိ။ ပဉ္စဟင်္ဂေဟိ သမန္နာဂတာယ ဘိက္ခုနိယာ အနိဿိတာယ ဝတ္ထဗ္ဗံ – အာပတ္တာနာပတ္တိံ ဇာနာတိ, လဟုကဂရုကံ အာပတ္တိံ ဇာနာတိ, သာဝသေသာနဝသေသံ အာပတ္တိံ ဇာနာတိ, ဒုဋ္ဌုလ္လာဒုဋ္ဌုလ္လံ အာပတ္တိံ <a name=""T0.0333""></a> ဇာနာတိ, ပဉ္စဝဿာ ဝါ ဟောတိ အတိရေကပဉ္စဝဿာ ဝါ။</p>
<p class=""bodytext"">ပဉ္စ အာဒီနဝါ အပါသာဒိကေ – အတ္တာပိ အတ္တာနံ ဥပဝဒတိ, အနုဝိစ္စပိ ဝိညူ ဂရဟန္တိ, ပါပကော ကိတ္တိသဒ္ဒေါ အဗ္ဘုဂ္ဂစ္ဆတိ, သမ္မူဠှော ကာလံ ကရောတိ, ကာယဿ ဘေဒါ ပရံ မရဏာ အပါယံ ဒုဂ္ဂတိံ ဝိနိပါတံ နိရယံ ဥပပဇ္ဇတိ။ ပဉ္စာနိသံသာ ပါသာဒိကေ – အတ္တာပိ အတ္တာနံ န ဥပဝဒတိ, အနုဝိစ္စပိ ဝိညူ ပသံသန္တိ, ကလျာဏော ကိတ္တိသဒ္ဒေါ အဗ္ဘုဂ္ဂစ္ဆတိ, အသမ္မူဠှော ကာလံ ကရောတိ, ကာယဿ ဘေဒါ ပရံ မရဏာ သုဂတိံ သဂ္ဂံ လောကံ ဥပပဇ္ဇတိ။ အပရေပိ ပဉ္စ အာဒီနဝါ အပါသာဒိကေ – အပ္ပသန္နာ န ပသီဒန္တိ, ပသန္နာနံ ဧကစ္စာနံ အညထတ္တံ ဟောတိ, သတ္ထုသာသနံ အကတံ ဟောတိ, ပစ္ဆိမာ ဇနတာ ဒိဋ္ဌာနုဂတိံ နာပဇ္ဇတိ, စိတ္တမဿ န ပသီဒတိ။ ပဉ္စာနိသံသာ ပါသာဒိကေ – အပ္ပသန္နာ ပသီဒန္တိ, ပသန္နာနံ ဘိယျောဘာဝါယ ဟောတိ, သတ္ထုသာသနံ ကတံ ဟောတိ, ပစ္ဆိမာ ဇနတာ ဒိဋ္ဌာနုဂတိံ အာပဇ္ဇတိ, စိတ္တမဿ ပသီဒတိ။ ပဉ္စ အာဒီနဝါ ကုလူပကေ – အနာမန္တစာရေ အာပဇ္ဇတိ, ရဟော နိသဇ္ဇာယ အာပဇ္ဇတိ, ပဋိစ္ဆန္နေ အာသနေ အာပဇ္ဇတိ, မာတုဂါမဿ ဥတ္တရိဆပ္ပဉ္စဝါစာဟိ ဓမ္မံ ဒေသေန္တော အာပဇ္ဇတိ, ကာမသင်္ကပ္ပဗဟုလော စ ဝိဟရတိ။ ပဉ္စ အာဒီနဝါ ကုလူပကဿ ဘိက္ခုနော – အတိဝေလံ ကုလေသု သံသဋ္ဌဿ ဝိဟရတော မာတုဂါမဿ အဘိဏှဒဿနံ, ဒဿနေ သတိ သံသဂ္ဂေါ, သံသဂ္ဂေ သတိ ဝိဿာသော, ဝိဿာသေ သတိ ဩတာရော, ဩတိဏ္ဏစိတ္တဿေတံ <a name=""T0.0334""></a> ဘိက္ခုနော ပါဋိကင်္ခံ အနဘိရတော ဝါ ဗြဟ္မစရိယံ စရိဿတိ အညတရံ ဝါ သံကိလိဋ္ဌံ အာပတ္တိံ အာပဇ္ဇိဿတိ သိက္ခံ ဝါ ပစ္စက္ခာယ ဟီနာယာဝတ္တိဿတိ။</p>
<p class=""bodytext""><span class=""note"">[ပါစိ။ ၉၂]</span> ပဉ္စ <a name=""V0.0257""></a> ဗီဇဇာတာနိ – မူလဗီဇံ, ခန္ဓဗီဇံ, ဖဠုဗီဇံ, အဂ္ဂဗီဇံ, ဗီဇဗီဇညေဝ <span class=""note"">[ဗီဇဗီဇမေဝ (က။)]</span> ပဉ္စမံ။ ပဉ္စဟိ သမဏကပ္ပေဟိ ဖလံ ပရိဘုဉ္ဇိတဗ္ဗံ – အဂ္ဂိပရိဇိတံ, သတ္ထပရိဇိတံ, နခပရိဇိတံ, အဗီဇံ, နိဗ္ဗတ္တဗီဇညေဝ <span class=""note"">[နိဗ္ဗဋ္ဋဗီဇညေဝ (သီ။), နိဗ္ဗဋဗီဇညေဝ (သျာ။), နိပ္ပဋ္ဋဗီဇညေဝ (က။)]</span> ပဉ္စမံ။ ပဉ္စ ဝိသုဒ္ဓိယော – နိဒါနံ ဥဒ္ဒိသိတွာ</p>
",
2106,mula_vi_05,236,"<p class=""noindentbodytext""> အဝသေသံ<a name=""M0.0236""></a> သုတေန သာဝေတဗ္ဗံ, အယံ ပဌမာ ဝိသုဒ္ဓိ၊ နိဒါနံ ဥဒ္ဒိသိတွာ စတ္တာရိ ပါရာဇိကာနိ ဥဒ္ဒိသိတွာ အဝသေသံ သုတေန သာဝေတဗ္ဗံ, အယံ ဒုတိယာ ဝိသုဒ္ဓိ၊ နိဒါနံ ဥဒ္ဒိသိတွာ စတ္တာရိ ပါရာဇိကာနိ ဥဒ္ဒိသိတွာ တေရသ သံဃာဒိသေသေ ဥဒ္ဒိသိတွာ အဝသေသံ သုတေန သာဝေတဗ္ဗံ, အယံ တတိယာ ဝိသုဒ္ဓိ၊ နိဒါနံ ဥဒ္ဒိသိတွာ စတ္တာရိ ပါရာဇိကာနိ ဥဒ္ဒိသိတွာ တေရသ သံဃာဒိသေသေ ဥဒ္ဒိသိတွာ ဒွေ အနိယတေ <a name=""P5.0133""></a> ဥဒ္ဒိသိတွာ အဝသေသံ သုတေန သာဝေတဗ္ဗံ, အယံ စတုတ္ထာ ဝိသုဒ္ဓိ၊ ဝိတ္ထာရေနေဝ ပဉ္စမီ။ အပရာပိ ပဉ္စ ဝိသုဒ္ဓိယော – သုတ္တုဒ္ဒေသော, ပါရိသုဒ္ဓိဥပေါသထော, အဓိဋ္ဌာနုပေါသထော, ပဝါရဏာ, သာမဂ္ဂီဥပေါသထောယေဝ ပဉ္စမော။ ပဉ္စာနိသံသာ ဝိနယဓရေ – အတ္တနော သီလက္ခန္ဓော သုဂုတ္တော ဟောတိ သုရက္ခိတော, ကုက္ကုစ္စပကတာနံ ပဋိသရဏံ ဟောတိ, ဝိသာရဒေါ သံဃမဇ္ဈေ ဝေါဟရတိ, ပစ္စတ္ထိကေ သဟဓမ္မေန သုနိဂ္ဂဟိတံ နိဂ္ဂဏှာတိ, သဒ္ဓမ္မဋ္ဌိတိယာ ပဋိပန္နော ဟောတိ။ ပဉ္စ အဓမ္မိကာနိ ပါတိမောက္ခဋ္ဌပနာနိ<a name=""T0.0335""></a>။ ပဉ္စ ဓမ္မိကာနိ ပါတိမောက္ခဋ္ဌပနာနီတိ။</p>
<p class=""centered"">ပဉ္စကံ နိဋ္ဌိတံ။</p>
<p class=""centered"">တဿုဒ္ဒါနံ –</p>
<p class=""gatha1"">အာပတ္တိ အာပတ္တိက္ခန္ဓာ, ဝိနီတာနန္တရေန စ၊</p>
<p class=""gathalast"">ပုဂ္ဂလာ ဆေဒနာ စေဝ, အာပဇ္ဇတိ စ ပစ္စယာ။</p>
<p class=""gatha1"">န ဥပေတိ ဥပေတိ စ, ကပ္ပန္တုသင်္ကိတေလဉ္စ၊</p>
<p class=""gathalast"">ဝသံ ဗျသနာ သမ္ပဒါ, ပဿဒ္ဓိ ပုဂ္ဂလေန စ။</p>
<p class=""gatha1"">သောသာနိကံ ခါယိတဉ္စ, ထေယျံ စောရော စ ဝုစ္စတိ၊</p>
<p class=""gathalast"">အဝိဿဇ္ဇိ အဝေဘင်္ဂိ, ကာယတော ကာယဝါစတော။</p>
<p class=""gatha1"">ဒေသနာ <a name=""V0.0258""></a> သံဃံ ဥဒ္ဒေသံ, ပစ္စန္တိကထိနေန စ၊</p>
<p class=""gathalast"">ကမ္မာနိ ယာဝတတိယံ, ပါရာဇိထုလ္လဒုက္ကဋံ။</p>
<p class=""gatha1"">အကပ္ပိယံ ကပ္ပိယဉ္စ, အပုညဒုဝိနောဒယာ၊</p>
<p class=""gathalast"">သမ္မဇ္ဇနီ အပရေ စ, ဘာသံ အာပတ္တိမေဝ စ။</p>
<p class=""gatha1"">အဓိကရဏံ ဝတ္ထု ဉတ္တိ, အာပတ္တာ ဥဘယာနိ စ၊</p>
<p class=""gathalast"">လဟုကဋ္ဌမကာ ဧတေ, ကဏှသုက္ကာ ဝိဇာနထ။</p>
<p class=""gatha1"">အရညံ ပိဏ္ဍပါတဉ္စ, ပံသုရုက္ခသုသာနိကာ၊</p>
<p class=""gathalast"">အဗ္ဘောကာသော စီဝရဉ္စ, သပဒါနော နိသဇ္ဇိကော။</p>
",
2107,mula_vi_05,237,"<p class=""gatha1"">သန္ထတိ <a name=""M0.0237""></a> ခလု ပစ္ဆာပိ, ပတ္တပိဏ္ဍိကမေဝ စ၊</p>
<p class=""gathalast"">ဥပေါသထံ <a name=""T0.0336""></a> ပဝါရဏံ, အာပတ္တာနာပတ္တိပိ စ။</p>
<p class=""gatha1"">ကဏှသုက္ကပဒါ ဧတေ, ဘိက္ခုနီနမ္ပိ တေ တထာ၊</p>
<p class=""gathalast"">အပါသာဒိကပါသာဒိ, တထေဝ အပရေ ဒုဝေ။</p>
<p class=""gatha1"">ကုလူပကေ အတိဝေလံ, ဗီဇံ သမဏကပ္ပိ စ၊</p>
<p class=""gatha2"">ဝိသုဒ္ဓိ အပရေ စေဝ, ဝိနယာဓမ္မိကေန စ၊</p>
<p class=""gathalast"">ဓမ္မိကာ စ တထာ ဝုတ္တာ, နိဋ္ဌိတာ သုဒ္ဓိပဉ္စကာတိ။</p>
<p class=""subhead"">၆။ ဆက္ကဝါရော</p>
<p class=""bodytext""><a name=""para326""></a><a name=""para326_vin5""></a><span class=""paranum"">၃၂၆</span>။ <span class=""note"">[ဒီ။ နိ။ ၃။၃၂၄]</span> ဆ အဂါရဝါ။ ဆ ဂါရဝါ။ ဆ ဝိနီတဝတ္ထူနိ။ ဆ သာမီစိယော။ ဆ အာပတ္တိသမုဋ္ဌာနာ။ ဆစ္ဆေဒနကာ အာပတ္တိယော။ ဆဟာကာရေဟိ အာပတ္တိံ အာပဇ္ဇတိ။ ဆာနိသံသာ ဝိနယဓရေ။ ဆ ပရမာနိ။ ဆာရတ္တံ တိစီဝရေန ဝိပ္ပဝသိတဗ္ဗံ။ ဆ စီဝရာနိ<a name=""P5.0134""></a>။ ဆ ရဇနာနိ။ ဆ အာပတ္တိယော ကာယတော စ စိတ္တတော စ သမုဋ္ဌန္တိ န ဝါစတော။ ဆ အာပတ္တိယော ဝါစတော စ စိတ္တတော စ သမုဋ္ဌန္တိ န ကာယတော။ ဆ အာပတ္တိယော ကာယတော စ ဝါစတော စ စိတ္တတော စ သမုဋ္ဌန္တိ။ ဆ ကမ္မာနိ။ ဆ ဝိဝါဒမူလာနိ။ ဆ အနုဝါဒမူလာနိ။ ဆ သာရဏီယာ ဓမ္မာ ဒီဃသော။ ဆ ဝိဒတ္ထိယော, သုဂတဝိဒတ္ထိယာ, တိရိယံ ဆ ဝိဒတ္ထိယော။ ဆ နိဿယပဋိပ္ပဿဒ္ဓိယော အာစရိယမှာ။ ဆ နဟာနေ အနုပညတ္တိယော – ဝိပ္ပကတစီဝရံ <a name=""T0.0337""></a> အာဒါယ ပက္ကမတိ, ဝိပ္ပကတစီဝရံ သမာဒါယ ပက္ကမတိ။</p>
<p class=""bodytext""><span class=""note"">[မဟာဝ။ ၈၅ အာဒယော]</span> ဆဟင်္ဂေဟိ <a name=""V0.0259""></a> သမန္နာဂတေန ဘိက္ခုနာ ဥပသမ္ပာဒေတဗ္ဗံ နိဿယော ဒါတဗ္ဗော သာမဏေရော ဥပဋ္ဌာပေတဗ္ဗော – အသေက္ခေန သီလက္ခန္ဓေန သမန္နာဂတော ဟောတိ, အသေက္ခေန သမာဓိက္ခန္ဓေန သမန္နာဂတော ဟောတိ, အသေက္ခေန ပညက္ခန္ဓေန သမန္နာဂတော ဟောတိ, အသေက္ခေန ဝိမုတ္တိက္ခန္ဓေန သမန္နာဂတော ဟောတိ, အသေက္ခေန ဝိမုတ္တိဉာဏဒဿနက္ခန္ဓေန သမန္နာဂတော ဟောတိ, ဒသဝဿော ဝါ ဟောတိ အတိရေကဒသဝဿော ဝါ။</p>
<p class=""bodytext"">အပရေဟိပိ ဆဟင်္ဂေဟိ သမန္နာဂတေန ဘိက္ခုနာ ဥပသမ္ပာဒေတဗ္ဗံ နိဿယော ဒါတဗ္ဗော သာမဏေရော ဥပဋ္ဌာပေတဗ္ဗော – အတ္တနာ အသေက္ခေန</p>
",-326-
2108,mula_vi_05,238,"<p class=""noindentbodytext""> သီလက္ခန္ဓေ<a name=""M0.0238""></a> သမန္နာဂတော ဟောတိ, ပရံ အသေက္ခေ သီလက္ခန္ဓေ သမာဒပေတာ၊ အတ္တနာ အသေက္ခေန သမာဓိက္ခန္ဓေန သမန္နာဂတော ဟောတိ, ပရံ အသေက္ခေ သမာဓိက္ခန္ဓေ သမာဒပေတာ၊ အတ္တနာ အသေက္ခေန ပညက္ခန္ဓေန သမန္နာဂတော ဟောတိ, ပရံ အသေက္ခေ ပညက္ခန္ဓေ သမာဒပေတာ၊ အတ္တနာ အသေက္ခေန ဝိမုတ္တိက္ခန္ဓေန သမန္နာဂတော ဟောတိ, ပရံ အသေက္ခေ ဝိမုတ္တိက္ခန္ဓေ သမာဒပေတာ၊ အတ္တနာ အသေက္ခေန ဝိမုတ္တိဉာဏဒဿနက္ခန္ဓေန သမန္နာဂတော ဟောတိ, ပရံ အသေက္ခေ ဝိမုတ္တိဉာဏဒဿနက္ခန္ဓေ သမာဒပေတာ၊ ဒသဝဿော ဝါ ဟောတိ အတိရေကဒသဝဿော ဝါ။</p>
<p class=""bodytext"">အပရေဟိပိ ဆဟင်္ဂေဟိ သမန္နာဂတေန ဘိက္ခုနာ ဥပသမ္ပာဒေတဗ္ဗံ နိဿယော ဒါတဗ္ဗော သာမဏေရော ဥပဋ္ဌာပေတဗ္ဗော – သဒ္ဓေါ ဟောတိ, ဟိရိမာ ဟောတိ, ဩတ္တပ္ပီ ဟောတိ, အာရဒ္ဓဝီရိယော ဟောတိ<a name=""T0.0338""></a>, ဥပဋ္ဌိတဿတိ ဟောတိ, ဒသဝဿော ဝါ ဟောတိ အတိရေကဒသဝဿော ဝါ။</p>
<p class=""bodytext"">အပရေဟိပိ ဆဟင်္ဂေဟိ သမန္နာဂတေန ဘိက္ခုနာ ဥပသမ္ပာဒေတဗ္ဗံ နိဿယော ဒါတဗ္ဗော သာမဏေရော ဥပဋ္ဌာပေတဗ္ဗော – န အဓိသီလေ သီလဝိပန္နော ဟောတိ, န အဇ္ဈာစာရေ အာစာရဝိပန္နော ဟောတိ, န အတိဒိဋ္ဌိယာ ဒိဋ္ဌိဝိပန္နော ဟောတိ, ဗဟုဿုတော ဟောတိ, ပညဝါ ဟောတိ, ဒသဝဿော ဝါ ဟောတိ အတိရေကဒသဝဿော ဝါ။</p>
<p class=""bodytext"">အပရေဟိပိ ဆဟင်္ဂေဟိ သမန္နာဂတေန ဘိက္ခုနာ ဥပသမ္ပာဒေတဗ္ဗံ နိဿယော ဒါတဗ္ဗော သာမဏေရော ဥပဋ္ဌာပေတဗ္ဗော – ပဋိဗလော ဟောတိ အန္တေဝါသိံ ဝါ သဒ္ဓိဝိဟာရိံ ဝါ ဂိလာနံ ဥပဋ္ဌာတုံ ဝါ ဥပဋ္ဌာပေတုံ ဝါ, အနဘိရတံ ဝူပကာသေတုံ ဝါ ဝူပကာသာပေတုံ ဝါ <span class=""note"">[အနဘိရတိံ (က။)]</span>, ဥပ္ပန္နံ ကုက္ကုစ္စံ ဓမ္မတော ဝိနောဒေတုံ <span class=""note"">[ဝိနောဒေတုံ ဝါ ဝိနောဒါပေတုံ ဝါ (သျာ။) မဟာဝ။ ၈၅]</span>, အာပတ္တိံ ဇာနာတိ, အာပတ္တိဝုဋ္ဌာနံ ဇာနာတိ, ဒသဝဿော ဝါ ဟောတိ အတိရေကဒသဝဿော ဝါ။</p>
<p class=""bodytext"">အပရေဟိပိ <a name=""V0.0260""></a> ဆဟင်္ဂေဟိ သမန္နာဂတေန ဘိက္ခုနာ ဥပသမ္ပာဒေတဗ္ဗံ နိဿယော ဒါတဗ္ဗော သာမဏေရော ဥပဋ္ဌာပေတဗ္ဗော – ပဋိဗလော ဟောတိ အန္တေဝါသိံ ဝါ သဒ္ဓိဝိဟာရိံ ဝါ အာဘိသမာစာရိကာယ သိက္ခာယ သိက္ခာပေတုံ, အာဒိဗြဟ္မစာရိယကာယ သိက္ခာယ ဝိနေတုံ, အဘိဓမ္မေ ဝိနေတုံ, အဘိဝိနယေ ဝိနေတုံ, ဥပ္ပန္နံ ဒိဋ္ဌိဂတံ ဓမ္မတော ဝိဝေစေတုံ, ဒသဝဿော ဝါ ဟောတိ အတိရေကဒသဝဿော ဝါ။</p>
",
2109,mula_vi_05,239,"<p class=""bodytext"">အပရေဟိပိ <a name=""M0.0239""></a> ဆဟင်္ဂေဟိ သမန္နာဂတေန ဘိက္ခုနာ ဥပသမ္ပာဒေတဗ္ဗံ နိဿယော ဒါတဗ္ဗော သာမဏေရော ဥပဋ္ဌာပေတဗ္ဗော – အာပတ္တိံ ဇာနာတိ, အနာပတ္တိံ ဇာနာတိ, လဟုကံ <a name=""T0.0339""></a> အာပတ္တိံ ဇာနာတိ, ဂရုကံ အာပတ္တိံ ဇာနာတိ, ဥဘယာနိ ခေါ ပနဿ ပါတိမောက္ခာနိ ဝိတ္ထာရေန သွာဂတာနိ ဟောန္တိ သုဝိဘတ္တာနိ သုပ္ပဝတ္တီနိ သုဝိနိစ္ဆိတာနိ သုတ္တသော အနုဗျဉ္ဇနသော, ဒသဝဿော ဝါ ဟောတိ အတိရေကဒသဝဿော ဝါ။</p>
<p class=""bodytext"">ဆ အဓမ္မိကာနိ ပါတိမောက္ခဋ္ဌပနာနိ, ဆ ဓမ္မိကာနိ ပါတိမောက္ခဋ္ဌပနာနီတိ။</p>
<p class=""centered"">ဆက္ကံ နိဋ္ဌိတံ။</p>
<p class=""centered"">တဿုဒ္ဒါနံ –</p>
<p class=""gatha1"">အဂါရဝါ ဂါရဝါ စ, ဝိနီတာ သာမီစိပိ စ၊</p>
<p class=""gathalast"">သမုဋ္ဌာနာ ဆေဒနာ စေဝ, အာကာရာနိသံသေန စ။</p>
<p class=""gatha1"">ပရမာနိ စ ဆာရတ္တံ, စီဝရံ ရဇနာနိ စ၊</p>
<p class=""gathalast"">ကာယတော စိတ္တတော စာပိ, ဝါစတော စိတ္တတောပိ စ။</p>
<p class=""gatha1"">ကာယဝါစာစိတ္တတော စ, ကမ္မဝိဝါဒမေဝ စ၊</p>
<p class=""gathalast"">အနုဝါဒါ ဒီဃသော စ, တိရိယံ နိဿယေန စ။</p>
<p class=""gatha1"">အနုပညတ္တိ အာဒါယ, သမာဒါယ တထေဝ စ၊</p>
<p class=""gatha2"">အသေက္ခေ သမာဒပေတာ, သဒ္ဓေါ အဓိသီလေန စ၊</p>
<p class=""gathalast"">ဂိလာနာဘိသမာစာရီ, အာပတ္တာဓမ္မဓမ္မိကာတိ။</p>
<p class=""subhead"">၇။ သတ္တကဝါရော</p>
<p class=""bodytext""><a name=""para327""></a><a name=""para327_vin5""></a><span class=""paranum"">၃၂၇</span>။ သတ္တာပတ္တိယော<a name=""V0.0261""></a>။ သတ္တာပတ္တိက္ခန္ဓာ။ သတ္တ ဝိနီတဝတ္ထူနိ။ သတ္တ သာမီစိယော။ သတ္တ အဓမ္မိကာ ပဋိညာတကရဏာ။ သတ္တ ဓမ္မိကာ ပဋိညာတကရဏာ။ သတ္တန္နံ အနာပတ္တိ သတ္တာဟကရဏီယေန <a name=""T0.0340""></a> ဂန္တုံ။ သတ္တာနိသံသာ ဝိနယဓရေ။ သတ္တ ပရမာနိ<a name=""P5.0135""></a>။ သတ္တမေ အရုဏုဂ္ဂမနေ နိဿဂ္ဂိယံ ဟောတိ။ သတ္တ သမထာ။ သတ္တ ကမ္မာနိ။ သတ္တ အာမကဓညာနိ။ တိရိယံ သတ္တန္တရာ။</p>
",-327-
2110,mula_vi_05,240,"<p class=""noindentbodytext""> ဂဏဘောဇနေ<a name=""M0.0240""></a> သတ္တ အနုပညတ္တိယော။ ဘေသဇ္ဇာနိ ပဋိဂ္ဂဟေတွာ သတ္တာဟပရမံ သန္နိဓိကာရကံ ပရိဘုဉ္ဇိတဗ္ဗာနိ။ ကတစီဝရံ အာဒါယ ပက္ကမတိ။ ကတစီဝရံ သမာဒါယ ပက္ကမတိ။ ဘိက္ခုဿ န ဟောတိ အာပတ္တိ ဒဋ္ဌဗ္ဗာ။ ဘိက္ခုဿ ဟောတိ အာပတ္တိ ဒဋ္ဌဗ္ဗာ။ ဘိက္ခုဿ ဟောတိ အာပတ္တိ ဒဋ္ဌဗ္ဗာ <span class=""note"">[ပဋိကာတဗ္ဗာ (သဗ္ဗတ္ထ) အဋ္ဌကထာ စ စမ္ပေယျက္ခန္ဓကေ အဓမ္မကမ္မာဒိကထာ စ ဩလောကေတဗ္ဗာ]</span>။ သတ္တ အဓမ္မိကာနိ ပါတိမောက္ခဋ္ဌပနာနိ။ သတ္တ ဓမ္မိကာနိ ပါတိမောက္ခဋ္ဌပနာနိ။</p>
<p class=""bodytext""><span class=""note"">[အ။ နိ။ ၇။၇၅]</span> သတ္တဟင်္ဂေဟိ သမန္နာဂတော ဘိက္ခု ဝိနယဓရော ဟောတိ – အာပတ္တိံ ဇာနာတိ, အနာပတ္တိံ ဇာနာတိ, လဟုကံ အာပတ္တိံ ဇာနာတိ, ဂရုကံ အာပတ္တိံ ဇာနာတိ, သီလဝါ ဟောတိ, ပါတိမောက္ခသံဝရသံဝုတော ဝိဟရတိ အာစာရဂေါစရသမ္ပန္နော အဏုမတ္တေသု ဝဇ္ဇေသု ဘယဒဿာဝီ သမာဒါယ သိက္ခတိ သိက္ခာပဒေသု, စတုန္နံ ဈာနာနံ အာဘိစေတသိကာနံ ဒိဋ္ဌဓမ္မသုခဝိဟာရာနံ နိကာမလာဘီ ဟောတိ အကိစ္ဆလာဘီ အကသိရလာဘီ, အာသဝါနဉ္စ ခယာ အနာသဝံ စေတောဝိမုတ္တိံ ပညာဝိမုတ္တိံ ဒိဋ္ဌေဝ ဓမ္မေ သယံ အဘိညာ သစ္ဆိကတွာ ဥပသမ္ပဇ္ဇ ဝိဟရတိ။</p>
<p class=""bodytext"">အပရေဟိပိ သတ္တဟင်္ဂေဟိ သမန္နာဂတော ဘိက္ခု ဝိနယဓရော ဟောတိ – အာပတ္တိံ ဇာနာတိ, အနာပတ္တိံ ဇာနာတိ, လဟုကံ အာပတ္တိံ ဇာနာတိ, ဂရုကံ အာပတ္တိံ ဇာနာတိ, ဗဟုဿုတော ဟောတိ သုတဓရော သုတသန္နိစယော ယေ တေ ဓမ္မာ အာဒိကလျာဏာ <a name=""T0.0341""></a> မဇ္ဈေကလျာဏာ ပရိယောသာနကလျာဏာ သာတ္ထံ သဗျဉ္ဇနံ ကေဝလပရိပုဏ္ဏံ ပရိသုဒ္ဓံ ဗြဟ္မစရိယံ အဘိဝဒန္တိ တထာရူပဿ ဓမ္မာ ဗဟုဿုတာ ဟောန္တိ ဓာတာ <span class=""note"">[ဓတာ (သီ။ သျာ။)]</span> ဝစသာ ပရိစိတာ မနသာနုပေက္ခိတာ ဒိဋ္ဌိယာ သုပ္ပဋိဝိဒ္ဓါ, စတုန္နံ ဈာနာနံ အာဘိစေတသိကာနံ ဒိဋ္ဌဓမ္မသုခဝိဟာရာနံ နိကာမလာဘီ ဟောတိ အကိစ္ဆလာဘီ အကသိရလာဘီ, အာသဝါနဉ္စ ခယာ အနာသဝံ စေတောဝိမုတ္တိံ ပညာဝိမုတ္တိံ ဒိဋ္ဌေဝ ဓမ္မေ သယံ အဘိညာ သစ္ဆိကတွာ ဥပသမ္ပဇ္ဇ ဝိဟရတိ။</p>
<p class=""bodytext"">အပရေဟိပိ သတ္တဟင်္ဂေဟိ သမန္နာဂတော ဘိက္ခု ဝိနယဓရော ဟောတိ – အာပတ္တိံ ဇာနာတိ, အနာပတ္တိံ ဇာနာတိ, လဟုကံ အာပတ္တိံ ဇာနာတိ, ဂရုကံ အာပတ္တိံ ဇာနာတိ, ဥဘယာနိ ခေါ ပနဿ <a name=""V0.0262""></a> ပါတိမောက္ခာနိ ဝိတ္ထာရေန သွာဂတာနိ ဟောန္တိ သုဝိဘတ္တာနိ သုပ္ပဝတ္တီနိ သုဝိနိစ္ဆိတာနိ သုတ္တသော အနုဗျဉ္ဇနသော, စတုန္နံ ဈာနာနံ အာဘိစေတသိကာနံ ဒိဋ္ဌဓမ္မသုခဝိဟာရာနံ နိကာမလာဘီ ဟောတိ အကိစ္ဆလာဘီ အကသိရလာဘီ,</p>
",
2111,mula_vi_05,241,"<p class=""noindentbodytext""> အာသဝါနဉ္စ<a name=""M0.0241""></a> ခယာ အနာသဝံ စေတောဝိမုတ္တိံ ပညာဝိမုတ္တိံ ဒိဋ္ဌေဝ ဓမ္မေ သယံ အဘိညာ သစ္ဆိကတွာ ဥပသမ္ပဇ္ဇ ဝိဟရတိ။</p>
<p class=""bodytext"">အပရေဟိပိ သတ္တဟင်္ဂေဟိ သမန္နာဂတော ဘိက္ခု ဝိနယဓရော ဟောတိ – အာပတ္တိံ ဇာနာတိ၊ အနာပတ္တိံ ဇာနာတိ၊ လဟုကံ အာပတ္တိံ ဇာနာတိ၊ ဂရုကံ အာပတ္တိံ ဇာနာတိ၊ အနေကဝိဟိတံ ပုဗ္ဗေနိဝါသံ အနုဿရတိ, သေယျထိဒံ – ဧကမ္ပိ ဇာတိံ ဒွေပိ ဇာတိယော တိဿောပိ ဇာတိယော စတဿောပိ ဇာတိယော ပဉ္စပိ ဇာတိယော ဒသပိ ဇာတိယော ဝီသမ္ပိ ဇာတိယော တိံသမ္ပိ ဇာတိယော စတ္တာလီသမ္ပိ ဇာတိယော ပညာသမ္ပိ ဇာတိယော ဇာတိသတမ္ပိ <a name=""T0.0342""></a> ဇာတိသဟဿမ္ပိ ဇာတိသတသဟဿမ္ပိ အနေကေပိ သံဝဋ္ဋကပ္ပေ အနေကေပိ ဝိဝဋ္ဋကပ္ပေ အနေကေပိ သံဝဋ္ဋဝိဝဋ္ဋကပ္ပေ – ‘‘အမုတြာသိံ ဧဝံနာမော ဧဝံဂေါတ္တော ဧဝံဝဏ္ဏော ဧဝမာဟာရော ဧဝံသုခဒုက္ခပ္ပဋိသံဝေဒီ ဧဝမာယုပရိယန္တော, သော တတော စုတော အမုတြ ဥဒပါဒိံ၊ တတြာပါသိံ ဧဝံနာမော ဧဝံဂေါတ္တော ဧဝံဝဏ္ဏော ဧဝမာဟာရော ဧဝံသုခဒုက္ခပ္ပဋိသံဝေဒီ ဧဝမာယုပရိယန္တော, သော တတော စုတော ဣဓူပပန္နော’’တိ ဣတိ သာကာရံ သဥဒ္ဒေသံ အနေကဝိဟိတံ ပုဗ္ဗေနိဝါသံ အနုဿရတိ၊ ဒိဗ္ဗေန စက္ခုနာ ဝိသုဒ္ဓေန အတိက္ကန္တမာနုသကေန <span class=""note"">[အတိက္ကန္တမာနုဿကေန (က။)]</span> သတ္တေ ပဿတိ စဝမာနေ ဥပပဇ္ဇမာနေ ဟီနေ ပဏီတေ သုဝဏ္ဏေ ဒုဗ္ဗဏ္ဏေ, သုဂတေ ဒုဂ္ဂတေ ယထာကမ္မူပဂေ သတ္တေ ပဇာနာတိ – ‘‘ဣမေ ဝတ ဘောန္တော သတ္တာ ကာယဒုစ္စရိတေန သမန္နာဂတာ ဝစီဒုစ္စရိတေန သမန္နာဂတာ မနောဒုစ္စရိတေန သမန္နာဂတာ အရိယာနံ ဥပဝါဒကာ မိစ္ဆာဒိဋ္ဌိကာ မိစ္ဆာဒိဋ္ဌိကမ္မသမာဒါနာ, တေ ကာယဿ ဘေဒါ ပရံ မရဏာ အပါယံ ဒုဂ္ဂတိံ ဝိနိပါတံ နိရယံ ဥပပန္နာ, ဣမေ ဝါ ပန ဘောန္တော သတ္တာ ကာယသုစရိတေန သမန္နာဂတာ ဝစီသုစရိတေန သမန္နာဂတာ မနောသုစရိတေန သမန္နာဂတာ အရိယာနံ အနုပဝါဒကာ သမ္မာဒိဋ္ဌိကာ သမ္မာဒိဋ္ဌိကမ္မသမာဒါနာ, တေ ကာယဿ ဘေဒါ ပရံ မရဏာ သုဂတိံ သဂ္ဂံ လောကံ ဥပပန္နာ’’တိ ဣတိ ဒိဗ္ဗေန စက္ခုနာ ဝိသုဒ္ဓေန အတိက္ကန္တမာနုသကေန သတ္တေ ပဿတိ စဝမာနေ ဥပပဇ္ဇမာနေ ဟီနေ ပဏီတေ သုဝဏ္ဏေ ဒုဗ္ဗဏ္ဏေ သုဂတေ ဒုဂ္ဂတေ ယထာကမ္မူပဂေ သတ္တေ ပဇာနာတိ၊ အာသဝါနဉ္စ ခယာ အနာသဝံ စေတောဝိမုတ္တိံ ပညာဝိမုတ္တိံ ဒိဋ္ဌေဝ ဓမ္မေ သယံ အဘိညာ <a name=""T0.0343""></a> သစ္ဆိကတွာ ဥပသမ္ပဇ္ဇ ဝိဟရတိ။</p>
",
2112,mula_vi_05,242,"<p class=""bodytext"">သတ္တဟင်္ဂေဟိ <a name=""M0.0242""></a> သမန္နာဂတော ဝိနယဓရော သောဘတိ – အာပတ္တိံ ဇာနာတိ, အနာပတ္တိံ ဇာနာတိ, လဟုကံ အာပတ္တိံ ဇာနာတိ, ဂရုကံ <a name=""P5.0136""></a> အာပတ္တိံ ဇာနာတိ, သီလဝါ ဟောတိ…ပေ… သမာဒါယ သိက္ခတိ သိက္ခာပဒေသု, စတုန္နံ ဈာနာနံ အာဘိစေတသိကာနံ ဒိဋ္ဌဓမ္မသုခဝိဟာရာနံ နိကာမလာဘီ ဟောတိ <a name=""V0.0263""></a> အကိစ္ဆလာဘီ အကသိရလာဘီ, အာသဝါနဉ္စ ခယာ အနာသဝံ စေတောဝိမုတ္တိံ ပညာဝိမုတ္တိံ ဒိဋ္ဌေဝ ဓမ္မေ သယံ အဘိညာ သစ္ဆိကတွာ ဥပသမ္ပဇ္ဇ ဝိဟရတိ။</p>
<p class=""bodytext"">အပရေဟိပိ သတ္တဟင်္ဂေဟိ သမန္နာဂတော ဝိနယဓရော။ သောဘတိ – အာပတ္တိံ ဇာနာတိ, အနာပတ္တိံ ဇာနာတိ, လဟုကံ အာပတ္တိံ ဇာနာတိ, ဂရုကံ အာပတ္တိံ ဇာနာတိ, ဗဟုဿုတော ဟောတိ…ပေ… ဒိဋ္ဌိယာ သုပ္ပဋိဝိဒ္ဓေါ စတုန္နံ ဈာနာနံ အာဘိစေတသိကာနံ ဒိဋ္ဌဓမ္မသုခဝိဟာရာနံ နိကာမလာဘီ ဟောတိ အကိစ္ဆလာဘီ အကသိရလာဘီ, အာသဝါနဉ္စ ခယာ အနာသဝံ စေတောဝိမုတ္တိံ ပညာဝိမုတ္တိံ ဒိဋ္ဌေဝ ဓမ္မေ သယံ အဘိညာ သစ္ဆိကတွာ ဥပသမ္ပဇ္ဇ ဝိဟရတိ။</p>
<p class=""bodytext"">အပရေဟိပိ သတ္တဟင်္ဂေဟိ သမန္နာဂတော ဝိနယဓရော သောဘတိ – အာပတ္တိံ ဇာနာတိ, အနာပတ္တိံ ဇာနာတိ, လဟုကံ အာပတ္တိံ ဇာနာတိ, ဂရုကံ အာပတ္တိံ ဇာနာတိ, ဥဘယာနိ ခေါ ပနဿ ပါတိမောက္ခာနိ ဝိတ္ထာရေန သွာဂတာနိ ဟောန္တိ သုဝိဘတ္တာနိ သုပ္ပဝတ္တီနိ သုဝိနိစ္ဆိတာနိ သုတ္တသော အနုဗျဉ္ဇနသော, စတုန္နံ ဈာနာနံ အာဘိစေတသိကာနံ ဒိဋ္ဌဓမ္မသုခဝိဟာရာနံ နိကာမလာဘီ ဟောတိ အကိစ္ဆလာဘီ အကသိရလာဘီ, အာသဝါနဉ္စ ခယာ အနာသဝံ စေတောဝိမုတ္တိံ ပညာဝိမုတ္တိံ ဒိဋ္ဌေဝ ဓမ္မေ သယံ <a name=""T0.0344""></a> အဘိညာ သစ္ဆိကတွာ ဥပသမ္ပဇ္ဇ ဝိဟရတိ။</p>
<p class=""bodytext"">အပရေဟိပိ သတ္တဟင်္ဂေဟိ သမန္နာဂတော ဝိနယဓရော သောဘတိ – အာပတ္တိံ ဇာနာတိ၊ အနာပတ္တိံ ဇာနာတိ၊ လဟုကံ အာပတ္တိံ ဇာနာတိ၊ ဂရုကံ အာပတ္တိံ ဇာနာတိ၊ အနေကဝိဟိတံ ပုဗ္ဗေနိဝါသံ အနုဿရတိ, သေယျထိဒံ – ဧကမ္ပိ ဇာတိံ ဒွေပိ ဇာတိယော…ပေ… ဣတိ သာကာရံ သဥဒ္ဒေသံ အနေကဝိဟိတံ ပုဗ္ဗေနိဝါသံ အနုဿရတိ, ဒိဗ္ဗေန စက္ခုနာ ဝိသုဒ္ဓေန အတိက္ကန္တမာနုသကေန သတ္တေ ပဿတိ စဝမာနေ ဥပပဇ္ဇမာနေ ဟီနေ ပဏီတေ သုဝဏ္ဏေ ဒုဗ္ဗဏ္ဏေ သုဂတေ ဒုဂ္ဂတေ ယထာကမ္မူပဂေ သတ္တေ ပဇာနာတိ…ပေ… ဣတိ ဒိဗ္ဗေန စက္ခုနာ ဝိသုဒ္ဓေန အတိက္ကန္တမာနုသကေန သတ္တေ ပဿတိ စဝမာနေ ဥပပဇ္ဇမာနေ ဟီနေ ပဏီတေ သုဝဏ္ဏေ ဒုဗ္ဗဏ္ဏေ သုဂတေ ဒုဂ္ဂတေ</p>
",
2113,mula_vi_05,243,"<p class=""noindentbodytext""> ယထာကမ္မူပဂေ<a name=""M0.0243""></a> သတ္တေ ပဇာနာတိ၊ အာသဝါနဉ္စ ခယာ အနာသဝံ စေတောဝိမုတ္တိံ ပညာဝိမုတ္တိံ ဒိဋ္ဌေဝ ဓမ္မေ သယံ အဘိညာ သစ္ဆိကတွာ ဥပသမ္ပဇ္ဇ ဝိဟရတိ။</p>
<p class=""bodytext""><span class=""note"">[ဒီ။ နိ။ ၃။၃၃၀]</span> သတ္တ အသဒ္ဓမ္မာ – အဿဒ္ဓေါ ဟောတိ, အဟိရိကော ဟောတိ, အနောတ္တပ္ပီ ဟောတိ, အပ္ပဿုတော ဟောတိ, ကုသီတော ဟောတိ, မုဋ္ဌဿတိ ဟောတိ, ဒုပ္ပညော ဟောတိ။</p>
<p class=""bodytext""><span class=""note"">[ဒီ။ နိ။ ၃။၃၃၀]</span> သတ္တ <a name=""V0.0264""></a> သဒ္ဓမ္မာ – သဒ္ဓေါ ဟောတိ, ဟိရိမာ ဟောတိ, ဩတ္တပ္ပီ ဟောတိ, ဗဟုဿုတော ဟောတိ, အာရဒ္ဓဝီရိယော ဟောတိ, ဥပဋ္ဌိတဿတိ ဟောတိ, ပညဝါ ဟောတီတိ။</p>
<p class=""centered"">သတ္တကံ နိဋ္ဌိတံ။</p>
<p class=""centered"">တဿုဒ္ဒါနံ –</p>
<p class=""gatha1"">အာပတ္တိ အာပတ္တိက္ခန္ဓာ, ဝိနီတာ သာမီစိပိ စ၊</p>
<p class=""gathalast"">အဓမ္မိကာ ဓမ္မိကာ စ, အနာပတ္တိ စ သတ္တာဟံ။</p>
<p class=""gatha1"">အာနိသံသာ ပရမာနိ, အရုဏသမထေန စ၊</p>
<p class=""gathalast"">ကမ္မာ အာမကဓညာ စ, တိရိယံ ဂဏဘောဇနေ။</p>
<p class=""gatha1"">သတ္တာဟပရမံ <a name=""T0.0345""></a> အာဒါယ, သမာဒါယ တထေဝ စ၊</p>
<p class=""gathalast"">န ဟောတိ ဟောတိ ဟောတိ စ, အဓမ္မာ ဓမ္မိကာနိ စ။</p>
<p class=""gatha1"">စတုရော ဝိနယဓရာ, စတုဘိက္ခူ စ သောဘနေ၊</p>
<p class=""gathalast"">သတ္တ စေဝ အသဒ္ဓမ္မာ, သတ္တ သဒ္ဓမ္မာ ဒေသိတာတိ။</p>
<p class=""subhead"">၈။ အဋ္ဌကဝါရော</p>
<p class=""bodytext""><a name=""para328""></a><a name=""para328_vin5""></a><span class=""paranum"">၃၂၈</span>။ အဋ္ဌာနိသံသေ သမ္ပဿမာနေန န သော ဘိက္ခု အာပတ္တိယာ အဒဿနေ ဥက္ခိပိတဗ္ဗော။ အဋ္ဌာနိသံသေ သမ္ပဿမာနေန ပရေသမ္ပိ သဒ္ဓါယ သာ အာပတ္တိ ဒေသေတဗ္ဗာ။ အဋ္ဌ ယာဝတတိယကာ။ အဋ္ဌဟာကာရေဟိ ကုလာနိ ဒူသေတိ။ အဋ္ဌ မာတိကာ စီဝရဿ ဥပ္ပါဒါယ။ အဋ္ဌ မာတိကာ ကထိနဿ ဥဗ္ဘာရာယ။ အဋ္ဌ ပါနာနိ။ <span class=""note"">[စူဠဝ။ ၃၄၈၊ အ။ နိ။ ၈။၇]</span> အဋ္ဌဟိ အသဒ္ဓမ္မေဟိ အဘိဘူတော ပရိယာဒိန္နစိတ္တော ဒေဝဒတ္တော အာပါယိကော နေရယိကော ကပ္ပဋ္ဌော</p>
",-328-
2114,mula_vi_05,244,"<p class=""noindentbodytext""> အတေကိစ္ဆော<a name=""M0.0244""></a>။ အဋ္ဌ လောကဓမ္မာ။ အဋ္ဌ ဂရုဓမ္မာ။ အဋ္ဌ ပါဋိဒေသနီယာ။ အဋ္ဌင်္ဂိကော မုသာဝါဒေါ<a name=""P5.0137""></a>။ အဋ္ဌ ဥပေါသထင်္ဂါနိ။ အဋ္ဌ ဒူတေယျင်္ဂါနိ။ အဋ္ဌ တိတ္ထိယဝတ္တာနိ။ အဋ္ဌ အစ္ဆရိယာ အဗ္ဘုတဓမ္မာ မဟာသမုဒ္ဒေ။ အဋ္ဌ အစ္ဆရိယာ အဗ္ဘုတဓမ္မာ ဣမသ္မိံ ဓမ္မဝိနယေ။ အဋ္ဌ အနတိရိတ္တာ။ အဋ္ဌ အတိရိတ္တာ။ အဋ္ဌမေ အရုဏုဂ္ဂမနေ နိဿဂ္ဂိယံ ဟောတိ။ အဋ္ဌ ပါရာဇိကာ။ အဋ္ဌမံ ဝတ္ထုံ ပရိပူရေန္တီ နာသေတဗ္ဗာ။ အဋ္ဌမံ ဝတ္ထုံ ပရိပူရေန္တိယာ ဒေသိတာပိ အဒေသိတာ ဟောတိ။ အဋ္ဌဝါစိကာ <a name=""T0.0346""></a> ဥပသမ္ပဒါ။ အဋ္ဌန္နံ ပစ္စုဋ္ဌာတဗ္ဗံ။ အဋ္ဌန္နံ <a name=""V0.0265""></a> အာသနံ ဒါတဗ္ဗံ။ ဥပါသိကာ အဋ္ဌ ဝရာနိ ယာစတိ။ အဋ္ဌဟင်္ဂေဟိ သမန္နာဂတော ဘိက္ခု ဘိက္ခုနောဝါဒကော သမ္မန္နိတဗ္ဗော <span class=""note"">[သမ္မနိတဗ္ဗော (က။)]</span>။ အဋ္ဌာနိသံသာ ဝိနယဓရေ။ အဋ္ဌ ပရမာနိ။ တဿပါပိယသိကကမ္မကတေန ဘိက္ခုနာ အဋ္ဌသု ဓမ္မေသု သမ္မာ ဝတ္တိတဗ္ဗံ။ အဋ္ဌ အဓမ္မိကာနိ ပါတိမောက္ခဋ္ဌပနာနိ အဋ္ဌ ဓမ္မိကာနိ ပါတိမောက္ခဋ္ဌပနာနီတိ။</p>
<p class=""centered"">အဋ္ဌကံ နိဋ္ဌိတံ။</p>
<p class=""centered"">တဿုဒ္ဒါနံ –</p>
<p class=""gatha1"">န သော ဘိက္ခု ပရေသမ္ပိ, ယာဝတတိယဒူသနာ၊</p>
<p class=""gathalast"">မာတိကာ ကထိနုဗ္ဘာရာ, ပါနာ အဘိဘူတေန စ။</p>
<p class=""gatha1"">လောကဓမ္မာ ဂရုဓမ္မာ, ပါဋိဒေသနီယာ မုသာ၊</p>
<p class=""gathalast"">ဥပေါသထာ စ ဒူတင်္ဂါ, တိတ္ထိယာ သမုဒ္ဒေပိ စ။</p>
<p class=""gatha1"">အဗ္ဘုတာ အနတိရိတ္တံ, အတိရိတ္တံ နိဿဂ္ဂိယံ၊</p>
<p class=""gathalast"">ပါရာဇိကဋ္ဌမံ ဝတ္ထု, အဒေသိတူပသမ္ပဒါ။</p>
<p class=""gatha1"">ပစ္စုဋ္ဌာနာသနဉ္စေဝ, ဝရံ ဩဝါဒကေန စ၊</p>
<p class=""gatha2"">အာနိသံသာ ပရမာနိ, အဋ္ဌဓမ္မေသု ဝတ္တနာ၊</p>
<p class=""gathalast"">အဓမ္မိကာ ဓမ္မိကာ စ, အဋ္ဌကာ သုပ္ပကာသိတာတိ။</p>
<p class=""subhead"">၉။ နဝကဝါရော</p>
<p class=""bodytext""><a name=""para329""></a><a name=""para329_vin5""></a><span class=""paranum"">၃၂၉</span>။ နဝ အာဃာတဝတ္ထူနိ။ နဝ အာဃာတပဋိဝိနယာ။ နဝ ဝိနီတဝတ္ထူနိ။ နဝ ပဌမာပတ္တိကာ။ နဝဟိ သံဃော ဘိဇ္ဇတိ။ နဝ ပဏီတဘောဇနာနိ<a name=""T0.0347""></a>။</p>
",-329-
2115,mula_vi_05,245,"<p class=""noindentbodytext""> နဝမံသေဟိ<a name=""M0.0245""></a> ဒုက္ကဋံ။ နဝ ပါတိမောက္ခုဒ္ဒေသာ။ နဝ ပရမာနိ။ နဝ တဏှာမူလကာ ဓမ္မာ။ နဝ ဝိဓမာနာ။ နဝ စီဝရာနိ အဓိဋ္ဌာတဗ္ဗာနိ။ နဝ စီဝရာနိ န ဝိကပ္ပေတဗ္ဗာနိ။ ဒီဃသော နဝ ဝိဒတ္ထိယော သုဂတဝိဒတ္ထိယာ။ နဝ အဓမ္မိကာနိ ဒါနာနိ။ နဝ အဓမ္မိကာ ပဋိဂ္ဂဟာ။ နဝ အဓမ္မိကာ ပရိဘောဂါ – တီဏိ ဓမ္မိကာနိ ဒါနာနိ, တယော ဓမ္မိကာ ပဋိဂ္ဂဟာ, တယော ဓမ္မိကာ ပရိဘောဂါ။ နဝ အဓမ္မိကာ သညတ္တိယော <a name=""V0.0266""></a> <span class=""note"">[ပညတ္တိယော (သဗ္ဗတ္ထ) အဋ္ဌကထာ စ သမထက္ခန္ဓကေ ကဏှပက္ခနဝကဉ္စ ဩလောကေတဗ္ဗံ]</span>။ နဝ ဓမ္မိကာ သညတ္တိယော။ အဓမ္မကမ္မေ ဒွေ နဝကာနိ။ ဓမ္မကမ္မေ ဒွေ <a name=""P5.0138""></a> နဝကာနိ။ နဝ အဓမ္မိကာနိ ပါတိမောက္ခဋ္ဌပနာနိ။ နဝ ဓမ္မိကာနိ ပါတိမောက္ခဋ္ဌပနာနီတိ။</p>
<p class=""centered"">နဝကံ နိဋ္ဌိတံ။</p>
<p class=""centered"">တဿုဒ္ဒါနံ –</p>
<p class=""gatha1"">အာဃာတဝတ္ထုဝိနယာ, ဝိနီတာ ပဌမေန စ၊</p>
<p class=""gathalast"">ဘိဇ္ဇတိ စ ပဏီတဉ္စ, မံသုဒ္ဒေသပရမာနိ စ။</p>
<p class=""gatha1"">တဏှာ မာနာ အဓိဋ္ဌာနာ, ဝိကပ္ပေ စ ဝိဒတ္ထိယော၊</p>
<p class=""gathalast"">ဒါနာ ပဋိဂ္ဂဟာ ဘောဂါ, တိဝိဓာ ပုန ဓမ္မိကာ။</p>
<p class=""gatha1"">အဓမ္မဓမ္မသညတ္တိ, ဒုဝေ ဒွေ နဝကာနိ စ၊</p>
<p class=""gathalast"">ပါတိမောက္ခဋ္ဌပနာနိ, အဓမ္မဓမ္မိကာနိ စာတိ။</p>
<p class=""subhead"">၁၀။ ဒသကဝါရော</p>
<p class=""bodytext""><a name=""para330""></a><a name=""para330_vin5""></a><span class=""paranum"">၃၃၀</span>။ ဒသ အာဃာတဝတ္ထူနိ။ ဒသ အာဃာတပဋိဝိနယာ။ ဒသ ဝိနီတဝတ္ထူနိ။ ဒသဝတ္ထုကာ မိစ္ဆာဒိဋ္ဌိ။ ဒသဝတ္ထုကာ သမ္မာဒိဋ္ဌိ။ ဒသ အန္တဂ္ဂါဟိကာ ဒိဋ္ဌိ။ ဒသ မိစ္ဆတ္တာ။ ဒသ သမ္မတ္တာ။ ဒသ <a name=""T0.0348""></a> အကုသလကမ္မပထာ။ ဒသ ကုသလကမ္မပထာ။ ဒသ အဓမ္မိကာ သလာကဂ္ဂါဟာ။ ဒသ ဓမ္မိကာ သလာကဂ္ဂါဟာ။ သာမဏေရာနံ ဒသ သိက္ခာပဒါနိ။ ဒသဟင်္ဂေဟိ သမန္နာဂတော သာမဏေရော နာသေတဗ္ဗော။</p>
<p class=""bodytext"">ဒသဟင်္ဂေဟိ သမန္နာဂတော ဝိနယဓရော ဗာလော တွေဝ သင်္ခံ ဂစ္ဆတိ – အတ္တနော ဘာသပရိယန္တံ န ဥဂ္ဂဏှာတိ, ပရဿ ဘာသပရိယန္တံ န</p>
",-330-
2116,mula_vi_05,246,"<p class=""noindentbodytext""> ဥဂ္ဂဏှာတိ<a name=""M0.0246""></a>, အတ္တနော ဘာသပရိယန္တံ အနုဂ္ဂဟေတွာ ပရဿ ဘာသပရိယန္တံ အနုဂ္ဂဟေတွာ အဓမ္မေန ကာရေတိ, အပ္ပဋိညာယ အာပတ္တိံ န ဇာနာတိ, အာပတ္တိယာ မူလံ န ဇာနာတိ, အာပတ္တိသမုဒယံ န ဇာနာတိ, အာပတ္တိနိရောဓံ န ဇာနာတိ, အာပတ္တိနိရောဓဂါမိနိံ ပဋိပဒံ န ဇာနာတိ။</p>
<p class=""bodytext"">ဒသဟင်္ဂေဟိ သမန္နာဂတော ဝိနယဓရော ပဏ္ဍိတော တွေဝ သင်္ခံ ဂစ္ဆတိ – အတ္တနော ဘာသပရိယန္တံ ဥဂ္ဂဏှာတိ, ပရဿ ဘာသပရိယန္တံ ဥဂ္ဂဏှာတိ, အတ္တနော ဘာသပရိယန္တံ ဥဂ္ဂဟေတွာ ပရဿ ဘာသပရိယန္တံ <a name=""V0.0267""></a> ဥဂ္ဂဟေတွာ ဓမ္မေန ကာရေတိ, ပဋိညာယ အာပတ္တိံ ဇာနာတိ, အာပတ္တိယာ မူလံ ဇာနာတိ, အာပတ္တိသမုဒယံ ဇာနာတိ, အာပတ္တိနိရောဓံ ဇာနာတိ, အာပတ္တိနိရောဓဂါမိနိံ ပဋိပဒံ ဇာနာတိ။</p>
<p class=""bodytext"">အပရေဟိပိ ဒသဟင်္ဂေဟိ သမန္နာဂတော ဝိနယဓရော ဗာလော တွေဝ သင်္ခံ ဂစ္ဆတိ – အဓိကရဏံ န ဇာနာတိ, အဓိကရဏဿ မူလံ န ဇာနာတိ, အဓိကရဏသမုဒယံ န ဇာနာတိ, အဓိကရဏနိရောဓံ န ဇာနာတိ, အဓိကရဏနိရောဓဂါမိနိံ ပဋိပဒံ န ဇာနာတိ, ဝတ္ထုံ န ဇာနာတိ, နိဒါနံ <span class=""note"">[ဥဒ္ဒါနံ (က။)]</span> န ဇာနာတိ, ပညတ္တိံ န ဇာနာတိ, အနုပညတ္တိံ န ဇာနာတိ<a name=""T0.0349""></a>, အနုသန္ဓိဝစနပထံ န ဇာနာတိ။</p>
<p class=""bodytext"">ဒသဟင်္ဂေဟိ သမန္နာဂတော ဝိနယဓရော ပဏ္ဍိတော တွေဝ သင်္ခံ ဂစ္ဆတိ – အဓိကရဏံ ဇာနာတိ, အဓိကရဏဿ မူလံ ဇာနာတိ, အဓိကရဏသမုဒယံ ဇာနာတိ, အဓိကရဏနိရောဓံ ဇာနာတိ, အဓိကရဏနိရောဓဂါမိနိံ ပဋိပဒံ ဇာနာတိ, ဝတ္ထုံ ဇာနာတိ, နိဒါနံ ဇာနာတိ, ပညတ္တိံ ဇာနာတိ, အနုပညတ္တိံ ဇာနာတိ, အနုသန္ဓိဝစနပထံ ဇာနာတိ။</p>
<p class=""bodytext"">အပရေဟိပိ ဒသဟင်္ဂေဟိ သမန္နာဂတော <a name=""P5.0139""></a> ဝိနယဓရော ဗာလော တွေဝ သင်္ခံ ဂစ္ဆတိ – ဉတ္တိံ န ဇာနာတိ, ဉတ္တိယာ ကရဏံ န ဇာနာတိ, န ပုဗ္ဗကုသလော ဟောတိ, န အပရကုသလော ဟောတိ, အကာလညူ စ ဟောတိ, အာပတ္တာနာပတ္တိံ န ဇာနာတိ, လဟုကဂရုကံ အာပတ္တိံ န ဇာနာတိ, သာဝသေသာနဝသေသံ အာပတ္တိံ န ဇာနာတိ, ဒုဋ္ဌုလ္လာဒုဋ္ဌုလ္လံ အာပတ္တိံ န ဇာနာတိ, အာစရိယပရမ္ပရာ ခေါ ပနဿ န သုဂ္ဂဟိတာ ဟောတိ န သုမနသိကတာ န သူပဓာရိတာ။</p>
",
2117,mula_vi_05,247,"<p class=""bodytext"">ဒသဟင်္ဂေဟိ <a name=""M0.0247""></a> သမန္နာဂတော ဝိနယဓရော ပဏ္ဍိတော တွေဝ သင်္ခံ ဂစ္ဆတိ – ဉတ္တိံ ဇာနာတိ, ဉတ္တိယာ ကရဏံ ဇာနာတိ, ပုဗ္ဗကုသလော ဟောတိ, အပရကုသလော ဟောတိ, ကာလညူ စ ဟောတိ, အာပတ္တာနာပတ္တိံ ဇာနာတိ, လဟုကဂရုကံ အာပတ္တိံ ဇာနာတိ, သာဝသေသာနဝသေသံ အာပတ္တိံ ဇာနာတိ, ဒုဋ္ဌုလ္လာဒုဋ္ဌုလ္လံ အာပတ္တိံ ဇာနာတိ, အာစရိယပရမ္ပရာ ခေါ ပနဿ သုဂ္ဂဟိတာ ဟောတိ သုမနသိကတာ သူပဓာရိတာ။</p>
<p class=""bodytext"">အပရေဟိပိ ဒသဟင်္ဂေဟိ သမန္နာဂတော ဝိနယဓရော ဗာလော တွေဝ သင်္ခံ ဂစ္ဆတိ – အာပတ္တာနာပတ္တိံ န ဇာနာတိ, လဟုကဂရုကံ အာပတ္တိံ န ဇာနာတိ, သာဝသေသာနဝသေသံ အာပတ္တိံ န <a name=""T0.0350""></a> ဇာနာတိ, ဒုဋ္ဌုလ္လာဒုဋ္ဌုလ္လံ အာပတ္တိံ န ဇာနာတိ, ဥဘယာနိ ခေါ ပနဿ ပါတိမောက္ခာနိ ဝိတ္ထာရေန န သွာဂတာနိ ဟောန္တိ န သုဝိဘတ္တာနိ န သုပ္ပဝတ္တီနိ န သုဝိနိစ္ဆိတာနိ သုတ္တသော အနုဗျဉ္ဇနသော<a name=""V0.0268""></a>, အာပတ္တာနာပတ္တိံ န ဇာနာတိ, လဟုကဂရုကံ အာပတ္တိံ န ဇာနာတိ, သာဝသေသာနဝသေသံ အာပတ္တိံ န ဇာနာတိ, ဒုဋ္ဌုလ္လာဒုဋ္ဌုလ္လံ အာပတ္တိံ န ဇာနာတိ, အဓိကရဏေ စ န ဝိနိစ္ဆယကုသလော ဟောတိ။</p>
<p class=""bodytext"">ဒသဟင်္ဂေဟိ သမန္နာဂတော ဝိနယဓရော ပဏ္ဍိတော တွေဝ သင်္ခံ ဂစ္ဆတိ – အာပတ္တာနာပတ္တိံ ဇာနာတိ, လဟုကဂရုကံ အာပတ္တိံ ဇာနာတိ, သာဝသေသာနဝသေသံ အာပတ္တိံ ဇာနာတိ, ဒုဋ္ဌုလ္လာဒုဋ္ဌုလ္လံ အာပတ္တိံ ဇာနာတိ, ဥဘယာနိ ခေါ ပနဿ ပါတိမောက္ခာနိ ဝိတ္ထာရေန သွာဂတာနိ ဟောန္တိ သုဝိဘတ္တာနိ သုပ္ပဝတ္တီနိ သုဝိနိစ္ဆိတာနိ သုတ္တသော အနုဗျဉ္ဇနသော, အာပတ္တာနာပတ္တိံ ဇာနာတိ, လဟုကဂရုကံ အာပတ္တိံ ဇာနာတိ, သာဝသေသာနဝသေသံ အာပတ္တိံ ဇာနာတိ, ဒုဋ္ဌုလ္လာဒုဋ္ဌုလ္လံ အာပတ္တိံ ဇာနာတိ, အဓိကရဏေ စ ဝိနိစ္ဆယကုသလော ဟောတိ။</p>
<p class=""bodytext""><span class=""note"">[အ။ နိ။ ၁၀။၃၃]</span> ဒသဟင်္ဂေဟိ သမန္နာဂတော ဘိက္ခု ဥဗ္ဗာဟိကာယ သမ္မန္နိတဗ္ဗော။ ဒသ အတ္ထဝသေ ပဋိစ္စ တထာဂတေန သာဝကာနံ သိက္ခာပဒံ ပညတ္တံ။ ဒသ အာဒီနဝါ ရာဇန္တေပုရပ္ပဝေသနေ။ ဒသ ဒါနဝတ္ထူနိ။ ဒသ ရတနာနိ။ ဒသဝဂ္ဂေါ ဘိက္ခုသံဃော။ ဒသဝဂ္ဂေန ဂဏေန ဥပသမ္ပာဒေတဗ္ဗံ။ ဒသ ပံသုကူလာနိ။ ဒသ စီဝရဓာရဏာ <span class=""note"">[စီဝရဓာရဏာနိ (သျာ။)]</span>။ ဒသာဟပရမံ အတိရေကစီဝရံ</p>
",
2118,mula_vi_05,248,"<p class=""noindentbodytext""> ဓာရေတဗ္ဗံ<a name=""M0.0248""></a>။ ဒသ သုက္ကာနိ။ ဒသ ဣတ္ထိယော။ ဒသ <a name=""T0.0351""></a> ဘရိယာယော။ ဝေသာလိယာ ဒသ ဝတ္ထူနိ ဒီပေန္တိ။ ဒသ ပုဂ္ဂလာ အဝန္ဒိယာ။ ဒသ အက္ကောသဝတ္ထူနိ။ ဒသဟာကာရေဟိ ပေသုညံ ဥပသံဟရတိ။ ဒသ သေနာသနာနိ။ ဒသ ဝရာနိ ယာစိံသု။ ဒသ အဓမ္မိကာနိ ပါတိမောက္ခဋ္ဌပနာနိ။ ဒသ ဓမ္မိကာနိ ပါတိမောက္ခဋ္ဌပနာနိ။ ဒသာနိသံသာ ယာဂုယာ။ ဒသ မံသာ အကပ္ပိယာ။ ဒသ ပရမာနိ။ ဒသဝဿေန ဘိက္ခုနာ ဗျတ္တေန ပဋိဗလေန ပဗ္ဗာဇေတဗ္ဗံ ဥပသမ္ပာဒေတဗ္ဗံ နိဿယော ဒါတဗ္ဗော သာမဏေရော ဥပဋ္ဌာပေတဗ္ဗော။ ဒသဝဿာယ ဘိက္ခုနိယာ ဗျတ္တာယ ပဋိဗလာယ ပဗ္ဗာဇေတဗ္ဗံ ဥပသမ္ပာဒေတဗ္ဗံ နိဿယော ဒါတဗ္ဗော သာမဏေရီ ဥပဋ္ဌာပေတဗ္ဗာ။ ဒသဝဿာယ ဘိက္ခုနိယာ ဗျတ္တာယ ပဋိဗလာယ ဝုဋ္ဌာပနသမ္မုတိ သာဒိတဗ္ဗာ။ ဒသဝဿာယ ဂိဟိဂတာယ သိက္ခာ ဒါတဗ္ဗာတိ။</p>
<p class=""centered"">ဒသကံ နိဋ္ဌိတံ။</p>
<p class=""centered"">တဿုဒ္ဒါနံ –</p>
<p class=""gatha1"">အာဃာတံ <a name=""P5.0140""></a> ဝိနယံ ဝတ္ထု, မိစ္ဆာ သမ္မာ စ အန္တဂါ၊</p>
<p class=""gathalast"">မိစ္ဆတ္တာ စေဝ သမ္မတ္တာ, အကုသလာ ကုသလာပိ စ။</p>
<p class=""gatha1"">သလာကာ <a name=""V0.0269""></a> အဓမ္မာ ဓမ္မာ, သာမဏေရာ စ နာသနာ၊</p>
<p class=""gathalast"">ဘာသာဓိကရဏဉ္စေဝ, ဉတ္တိလဟုကမေဝ စ။</p>
<p class=""gatha1"">လဟုကာ ဂရုကာ ဧတေ, ကဏှသုက္ကာ ဝိဇာနထ၊</p>
<p class=""gathalast"">ဥဗ္ဗာဟိကာ စ သိက္ခာ စ, အန္တေပုရေ စ ဝတ္ထူနိ။</p>
<p class=""gatha1"">ရတနံ <a name=""T0.0352""></a> ဒသဝဂ္ဂေါ စ, တထေဝ ဥပသမ္ပဒါ၊</p>
<p class=""gathalast"">ပံသုကူလဓာရဏာ စ, ဒသာဟသုက္ကဣတ္ထိယော။</p>
<p class=""gatha1"">ဘရိယာ ဒသ ဝတ္ထူနိ, အဝန္ဒိယက္ကောသေန စ၊</p>
<p class=""gathalast"">ပေသုညဉ္စေဝ သေနာနိ, ဝရာနိ စ အဓမ္မိကာ။</p>
<p class=""gatha1"">ဓမ္မိကာ ယာဂုမံသာ စ, ပရမာ ဘိက္ခု ဘိက္ခုနီ၊</p>
<p class=""gathalast"">ဝုဋ္ဌာပနာ ဂိဟိဂတာ, ဒသကာ သုပ္ပကာသိတာတိ။</p>
",
2119,mula_vi_05,249,"<p class=""subhead"">၁၁။ ဧကာဒသကဝါရော</p>
<p class=""bodytext""><a name=""para331""></a><a name=""para331_vin5""></a><span class=""paranum"">၃၃၁</span>။ ဧကာဒ <a name=""M0.0249""></a> ပုဂ္ဂလာ အနုပသမ္ပန္နာ န ဥပသမ္ပာဒေတဗ္ဗာ, ဥပသမ္ပန္နာ နာသေတဗ္ဗာ။ ဧကာဒသ ပါဒုကာ အကပ္ပိယာ။ ဧကာဒသ ပတ္တာ အကပ္ပိယာ။ ဧကာဒသ စီဝရာနိ အကပ္ပိယာနိ။ ဧကာဒသ ယာဝတတိယကာ။ ဘိက္ခုနီနံ ဧကာဒသ အန္တရာယိကာ ဓမ္မာ ပုစ္ဆိတဗ္ဗာ။ ဧကာဒသ စီဝရာနိ အဓိဋ္ဌာတဗ္ဗာနိ။ ဧကာဒသ စီဝရာနိ န ဝိကပ္ပေတဗ္ဗာနိ။ ဧကာဒသေ အရုဏုဂ္ဂမနေ နိဿဂ္ဂိယံ ဟောတိ။ ဧကာဒသ ဂဏ္ဌိကာ ကပ္ပိယာ။ ဧကာဒသ ဝိဓာ <span class=""note"">[ဝီထာ (သျာ။)]</span> ကပ္ပိယာ။ ဧကာဒသ ပထဝီ အကပ္ပိယာ။ ဧကာဒသ ပထဝီ ကပ္ပိယာ။ ဧကာဒသ နိဿယပဋိပ္ပဿဒ္ဓိယော။ ဧကာဒသ ပုဂ္ဂလာ အဝန္ဒိယာ။ ဧကာဒသ ပရမာနိ။ ဧကာဒသ ဝရာနိ ယာစိံသု။ ဧကာဒသ သီမာဒေါသာ။ အက္ကောသကပရိဘာသကေ ပုဂ္ဂလေ ဧကာဒသာဒီနဝါ ပါဋိကင်္ခါ။ <span class=""note"">[အ။ နိ။ ၁၁။၁၅၊ မိ။ ပ။ ၄။၄။၆]</span> မေတ္တာယ စေတောဝိမုတ္တိယာ အာသေဝိတာယ ဘာဝိတာယ ဗဟုလီကတာယ ယာနီကတာယ ဝတ္ထုကတာယ အနုဋ္ဌိတာယ ပရိစိတာယ သုသမာရဒ္ဓါယ ဧကာဒသာနိသံသာ ပါဋိကင်္ခါ<a name=""T0.0353""></a>။ သုခံ သုပတိ, သုခံ ပဋိဗုဇ္ဈတိ, န ပါပကံ သုပိနံ ပဿတိ, မနုဿာနံ ပိယော ဟောတိ, အမနုဿာနံ ပိယော ဟောတိ, ဒေဝတာ ရက္ခန္တိ, နာဿ အဂ္ဂိ ဝါ ဝိသံ ဝါ သတ္ထံ ဝါ ကမတိ, တုဝဋ္ဋံ စိတ္တံ သမာဓိယတိ, မုခဝဏ္ဏော ဝိပ္ပသီဒတိ, အသမ္မူဠှော ကာလင်္ကရောတိ, ဥတ္တရိ အပ္ပဋိဝိဇ္ဈန္တော ဗြဟ္မလောကူပဂေါ ဟောတိ – မေတ္တာယ စေတောဝိမုတ္တိယာ <a name=""V0.0270""></a> အာသေဝိတာယ ဘာဝိတာယ ဗဟုလီကတာယ ယာနီကတာယ ဝတ္ထုကတာယ အနုဋ္ဌိတာယ ပရိစိတာယ သုသမာရဒ္ဓါယ ဣမေ ဧကာဒသာနိသံသာ ပါဋိကင်္ခါတိ။</p>
<p class=""centered"">ဧကာဒသကံ နိဋ္ဌိတံ။</p>
<p class=""centered"">တဿုဒ္ဒါနံ –</p>
<p class=""gatha1"">နာသေတဗ္ဗာ ပါဒုကာ စ, ပတ္တာ စ စီဝရာနိ စ၊</p>
<p class=""gathalast"">တတိယာ ပုစ္ဆိတဗ္ဗာ စ, အဓိဋ္ဌာနဝိကပ္ပနာ။</p>
<p class=""gatha1"">အရုဏာ <a name=""P5.0141""></a> ဂဏ္ဌိကာ ဝိဓာ, အကပ္ပိယာ စ ကပ္ပိယံ၊</p>
<p class=""gatha2"">နိဿယာဝန္ဒိယာ စေဝ, ပရမာနိ ဝရာနိ စ၊</p>
<p class=""gathalast"">သီမာဒေါသာ စ အက္ကောသာ, မေတ္တာယေကာဒသာ ကတာတိ။</p>
<p class=""centered"">ဧကုတ္တရိကနယော။</p>
",-331-
2120,mula_vi_05,250,"<p class=""centered"">တဿုဒ္ဒါနံ –</p>
<p class=""gatha1"">ဧကကာ <a name=""M0.0250""></a> စ ဒုကာ စေဝ, တိကာ စ စတုပဉ္စကာ၊</p>
<p class=""gathalast"">ဆသတ္တဋ္ဌနဝကာ စ, ဒသ ဧကာဒသာနိ စ။</p>
<p class=""gatha1"">ဟိတာယ သဗ္ဗသတ္တာနံ, ဉာတဓမ္မေန တာဒိနာ၊</p>
<p class=""gathalast"">ဧကုတ္တရိကာ ဝိမလာ, မဟာဝီရေန ဒေသိတာတိ။</p>
<p class=""centered"">ဧကုတ္တရိကနယော နိဋ္ဌိတော။</p>
",
2121,mula_vi_05,251,"<a name=""vin5_6""></a><p class=""chapter"">ဥပေါသထာဒိပုစ္ဆာဝိဿဇ္ဇနာ</p>
<p class=""subhead"">အာဒိမဇ္ဈန္တပုစ္ဆနံ</p>
<p class=""bodytext""><a name=""para332""></a><a name=""para332_vin5""></a><span class=""paranum"">၃၃၂</span>။ ဥပေါသထကမ္မဿ <a name=""T0.0354""></a><a name=""P5.0142""></a><a name=""M0.0251""></a><a name=""V0.0271""></a> ကော အာဒိ, ကိံ မဇ္ဈေ, ကိံ ပရိယောသာနံ? ပဝါရဏာကမ္မဿ ကော အာဒိ, ကိံ မဇ္ဈေ, ကိံ ပရိယောသာနံ? တဇ္ဇနီယကမ္မဿ ကော အာဒိ, ကိံ မဇ္ဈေ, ကိံ ပရိယောသာနံ? နိယဿကမ္မဿ…ပေ… ပဗ္ဗာဇနီယကမ္မဿ…ပေ… ပဋိသာရဏီယကမ္မဿ…ပေ… ဥက္ခေပနီယကမ္မဿ…ပေ… ပရိဝါသဒါနဿ…ပေ… မူလာယပဋိကဿနာယ…ပေ… မာနတ္တဒါနဿ…ပေ… အဗ္ဘာနဿ…ပေ… ဥပသမ္ပဒါကမ္မဿ ကော အာဒိ, ကိံ မဇ္ဈေ, ကိံ ပရိယောသာနံ? တဇ္ဇနီယကမ္မဿ ပဋိပ္ပဿဒ္ဓိယာ ကော အာဒိ, ကိံ မဇ္ဈေ, ကိံ ပရိယောသာနံ? နိယဿကမ္မဿ ပဋိပ္ပဿဒ္ဓိယာ ကော အာဒိ, ကိံ မဇ္ဈေ, ကိံ ပရိယောသာနံ? ပဗ္ဗာဇနီယကမ္မဿ ပဋိပ္ပဿဒ္ဓိယာ ကော အာဒိ, ကိံ မဇ္ဈေ, ကိံ ပရိယောသာနံ? ပဋိသာရဏီယကမ္မဿ ပဋိပ္ပဿဒ္ဓိယာ ကော အာဒိ, ကိံ မဇ္ဈေ, ကိံ ပရိယောသာနံ? ဥက္ခေပနီယကမ္မဿ ပဋိပ္ပဿဒ္ဓိယာ ကော အာဒိ, ကိံ မဇ္ဈေ, ကိံ ပရိယောသာနံ? သတိဝိနယဿ ကော အာဒိ, ကိံ မဇ္ဇေ, ကိံ ပရိယောသာနံ? အမူဠှဝိနယဿ ကော အာဒိ, ကိံ မဇ္ဈေ, ကိံ ပရိယောသာနံ? တဿပါပိယသိကာယ ကော အာဒိ, ကိံ မဇ္ဈေ, ကိံ ပရိယောသာနံ? တိဏဝတ္ထာရကဿ ကော အာဒိ, ကိံ မဇ္ဈေ, ကိံ ပရိယောသာနံ? ဘိက္ခုနောဝါဒကသမ္မုတိယာ ကော အာဒိ, ကိံ မဇ္ဈေ, ကိံ ပရိယောသာနံ? တိစီဝရေန အဝိပ္ပဝါသသမ္မုတိယာ ကော အာဒိ, ကိံ မဇ္ဈေ, ကိံ ပရိယောသာနံ? သန္ထတသမ္မုတိယာ ကော အာဒိ, ကိံ မဇ္ဈေ, ကိံ ပရိယောသာနံ? ရူပိယဆဍ္ဍကသမ္မုတိယာ ကော အာဒိ, ကိံ မဇ္ဈေ, ကိံ ပရိယောသာနံ? သာဋိယဂ္ဂါဟာပကသမ္မုတိယော ကော အာဒိ, ကိံ မဇ္ဈေ, ကိံ ပရိယောသာနံ? ပတ္တဂ္ဂါဟာပကသမ္မုတိယာ ကော အာဒိ, ကိံ မဇ္ဈေ, ကိံ ပရိယောသာနံ? ဒဏ္ဍသမ္မုတိယာ ကော အာဒိ, ကိံ မဇ္ဈေ, ကိံ ပရိယောသာနံ? သိက္ကာသမ္မုတိယာ ကော အာဒိ, ကိံ မဇ္ဈေ, ကိံ ပရိယောသာနံ? ဒဏ္ဍသိက္ကာသမ္မုတိယာ ကော အာဒိ, ကိံ မဇ္ဈေ, ကိံ ပရိယောသာနံ?</p>
<p class=""subhead"">အာဒိမဇ္ဈန္တဝိဿဇ္ဇနာ</p>
<p class=""bodytext""><a name=""para333""></a><a name=""para333_vin5""></a><span class=""paranum"">၃၃၃</span>။ ဥပေါသထကမ္မဿ <a name=""T0.0355""></a><a name=""V0.0272""></a> ကော အာဒိ, ကိံ မဇ္ဈေ, ကိံ ပရိယောသာနန္တိ? ဥပေါသထကမ္မဿ သာမဂ္ဂီ အာဒိ, ကိရိယာ မဇ္ဈေ, နိဋ္ဌာနံ ပရိယောသာနံ။</p>
",-332-333-
2122,mula_vi_05,252,"<p class=""bodytext"">ပဝါရဏာကမ္မဿ <a name=""M0.0252""></a> ကော အာဒိ, ကိံ မဇ္ဈေ, ကိံ ပရိယောသာနန္တိ? ပဝါရဏာကမ္မဿ သာမဂ္ဂီ အာဒိ, ကိရိယာ မဇ္ဈေ, နိဋ္ဌာနံ ပရိယောသာနံ။</p>
<p class=""bodytext"">တဇ္ဇနီယကမ္မဿ ကော အာဒိ, ကိံ မဇ္ဈေ, ကိံ ပရိယောသာနန္တိ? တဇ္ဇနီယကမ္မဿ ဝတ္ထု စ ပုဂ္ဂလော စ အာဒိ, ဉတ္တိ မဇ္ဈေ, ကမ္မဝါစာ ပရိယောသာနံ။</p>
<p class=""bodytext"">နိယဿကမ္မဿ…ပေ… ပဗ္ဗာဇနီယကမ္မဿ…ပေ… ပဋိသာရဏီယကမ္မဿ…ပေ… ဥက္ခေပနီယကမ္မဿ…ပေ… ပရိဝါသဒါနဿ…ပေ… မူလာယပဋိကဿနာယ…ပေ… မာနတ္တဒါနဿ…ပေ… အဗ္ဘာနဿ ကော အာဒိ, ကိံ မဇ္ဈေ, ကိံ ပရိယောသာနန္တိ? အဗ္ဘာနဿ ဝတ္ထု စ ပုဂ္ဂလော စ အာဒိ, ဉတ္တိ မဇ္ဈေ, ကမ္မဝါစာ ပရိယောသာနံ။</p>
<p class=""bodytext"">ဥပသမ္ပဒါကမ္မဿ ကော အာဒိ, ကိံ မဇ္ဈေ, ကိံ ပရိယောသာနန္တိ? ဥပသမ္ပဒါကမ္မဿ ပုဂ္ဂလော အာဒိ, ဉတ္တိ မဇ္ဈေ, ကမ္မဝါစာ ပရိယောသာနံ။</p>
<p class=""bodytext"">တဇ္ဇနီယကမ္မဿ ပဋိပ္ပဿဒ္ဓိယာ ကော အာဒိ, ကိံ မဇ္ဈေ, ကိံ ပရိယောသာနန္တိ? တဇ္ဇနီယကမ္မဿ ပဋိပ္ပဿဒ္ဓိယာ သမ္မာဝတ္တနာ အာဒိ, ဉတ္တိ မဇ္ဈေ, ကမ္မဝါစာ ပရိယောသာနံ။</p>
<p class=""bodytext"">နိယဿကမ္မဿ…ပေ… ပဗ္ဗာဇနီယကမ္မဿ…ပေ… ပဋိသာရဏီယကမ္မဿ…ပေ… ဥက္ခေပနီယကမ္မဿ ပဋိပ္ပဿဒ္ဓိယာ ကော အာဒိ, ကိံ မဇ္ဈေ, ကိံ ပရိယောသာနန္တိ? ဥက္ခေပနီယကမ္မဿ ပဋိပ္ပဿဒ္ဓိယာ သမ္မာဝတ္တနာ အာဒိ, ဉတ္တိ မဇ္ဈေ, ကမ္မဝါစာ ပရိယောသာနံ။</p>
<p class=""bodytext"">သတိဝိနယဿ ကော အာဒိ<a name=""P5.0143""></a>, ကိံ မဇ္ဈေ, ကိံ ပရိယောသာနန္တိ? သတိဝိနယဿ ဝတ္ထု <a name=""T0.0356""></a> စ ပုဂ္ဂလော စ အာဒိ, ဉတ္တိ မဇ္ဈေ, ကမ္မဝါစာ ပရိယောသာနံ။</p>
<p class=""bodytext"">အမူဠှဝိနယဿ <a name=""V0.0273""></a> …ပေ… တဿပါပိယသိကာယ…ပေ… တိဏဝတ္ထာရကဿ…ပေ… ဘိက္ခုနောဝါဒကသမ္မုတိယာ…ပေ… တိစီဝရေန အဝိပ္ပဝါသသမ္မုတိယာ…ပေ… သန္ထတသမ္မုတိယာ…ပေ… ရူပိယဆဍ္ဍကသမ္မုတိယာ…ပေ… သာဋိယဂ္ဂါဟာပကသမ္မုတိယာ…ပေ… ပတ္တဂ္ဂါဟာပကသမ္မုတိယာ…ပေ… ဒဏ္ဍသမ္မုတိယာ…ပေ… သိက္ကာသမ္မုတိယာ…ပေ… ဒဏ္ဍသိက္ကာသမ္မုတိယာ ကော အာဒိ, ကိံ မဇ္ဈေ, ကိံ ပရိယောသာနန္တိ? ဒဏ္ဍသိက္ကာသမ္မုတိယာ ဝတ္ထု စ ပုဂ္ဂလော စ အာဒိ, ဉတ္တိ မဇ္ဈေ, ကမ္မဝါစာ ပရိယောသာနံ။</p>
<p class=""centered"">ဥပေါသထာဒိပုစ္ဆာဝိဿဇ္ဇနာ နိဋ္ဌိတာ။</p>
",
2123,mula_vi_05,253,"<p class=""subhead"">အတ္ထဝသပကရဏံ</p>
<p class=""bodytext""><a name=""para334""></a><a name=""para334_vin5""></a><span class=""paranum"">၃၃၄</span>။ <span class=""note"">[အ။ နိ။ ၁၀။၃၃၄၊ ပရိ။ ၂၂]</span> ဒသ <a name=""T0.0357""></a><a name=""M0.0253""></a> အတ္ထဝသေ ပဋိစ္စ တထာဂတေန သာဝကာနံ သိက္ခာပဒံ ပညတ္တံ – သံဃသုဋ္ဌုတာယ, သံဃဖာသုတာယ, ဒုမ္မင်္ကူနံ ပုဂ္ဂလာနံ နိဂ္ဂဟာယ, ပေသလာနံ ဘိက္ခူနံ ဖာသုဝိဟာရာယ, ဒိဋ္ဌဓမ္မိကာနံ အာသဝါနံ သံဝရာယ, သမ္ပရာယိကာနံ အာသဝါနံ ပဋိဃာတာယ, အပ္ပသန္နာနံ ပသာဒါယ, ပသန္နာနံ ဘိယျောဘာဝါယ, သဒ္ဓမ္မဋ္ဌိတိယာ ဝိနယာနုဂ္ဂဟာယ။</p>
<p class=""bodytext"">ယံ သံဃသုဋ္ဌု တံ သံဃဖာသု။ ယံ သံဃဖာသု တံ ဒုမ္မင်္ကူနံ ပုဂ္ဂလာနံ နိဂ္ဂဟာယ။ ယံ ဒုမ္မင်္ကူနံ ပုဂ္ဂလာနံ နိဂ္ဂဟာယ တံ ပေသလာနံ ဘိက္ခူနံ ဖာသုဝိဟာရာယ။ ယံ ပေသလာနံ ဘိက္ခူနံ ဖာသုဝိဟာရာယ တံ ဒိဋ္ဌဓမ္မိကာနံ အာသဝါနံ သံဝရာယ။ ယံ ဒိဋ္ဌဓမ္မိကာနံ အာသဝါနံ သံဝရာယ တံ သမ္ပရာယိကာနံ အာသဝါနံ ပဋိဃာတာယ။ ယံ သမ္ပရာယိကာနံ အာသဝါနံ ပဋိဃာတာယ တံ အပ္ပသန္နာနံ ပသာဒါယ။ ယံ အပ္ပသန္နာနံ ပသာဒါယ တံ ပသန္နာနံ ဘိယျောဘာဝါယ။ ယံ ပသန္နာနံ ဘိယျောဘာဝါယ တံ သဒ္ဓမ္မဋ္ဌိတိယာ။ ယံ သဒ္ဓမ္မဋ္ဌိတိယာ တံ ဝိနယာနုဂ္ဂဟာယ။</p>
<p class=""bodytext"">ယံ သံဃသုဋ္ဌု တံ သံဃဖာသု။ ယံ သံဃသုဋ္ဌု တံ ဒုမ္မင်္ကူနံ ပုဂ္ဂလာနံ နိဂ္ဂဟာယ။ ယံ သံဃသုဋ္ဌု တံ ပေသလာနံ ဘိက္ခူနံ ဖာသုဝိဟာရာယ။ ယံ သံဃသုဋ္ဌု တံ ဒိဋ္ဌဓမ္မိကာနံ အာသဝါနံ သံဝရာယ။ ယံ သံဃသုဋ္ဌု တံ သမ္ပရာယိကာနံ အာသဝါနံ ပဋိဃာတာယ။ ယံ သံဃသုဋ္ဌု တံ <a name=""T0.0358""></a> အပ္ပသန္နာနံ ပသာဒါယ။ ယံ သံဃသုဋ္ဌု တံ ပသန္နာနံ ဘိယျောဘာဝါယ။ ယံ သံဃသုဋ္ဌု တံ သဒ္ဓမ္မဋ္ဌိတိယာ။ ယံ သံဃသုဋ္ဌု တံ ဝိနယာနုဂ္ဂဟာယ။</p>
<p class=""bodytext"">ယံ သံဃဖာသု တံ ဒုမ္မင်္ကူနံ ပုဂ္ဂလာနံ နိဂ္ဂဟာယ။ ယံ သံဃဖာသု တံ ပေသလာနံ ဘိက္ခူနံ ဖာသုဝိဟာရာယ<a name=""V0.0274""></a>။ ယံ သံဃဖာသု တံ ဒိဋ္ဌဓမ္မိကာနံ အာသဝါနံ သံဝရာယ။ ယံ သံဃဖာသု တံ သမ္ပရာယိကာနံ အာသဝါနံ ပဋိဃာတာယ။ ယံ သံဃဖာသု တံ အပ္ပသန္နာနံ ပသာဒါယ။ ယံ သံဃဖာသု တံ ပသန္နာနံ ဘိယျောဘာဝါယ။ ယံ သံဃဖာသု တံ သဒ္ဓမ္မဋ္ဌိတိယာ။ ယံ သံဃဖာသု တံ ဝိနယာနုဂ္ဂဟာယ။ ယံ သံဃဖာသု တံ သံဃသုဋ္ဌု။</p>
<p class=""bodytext"">ယံ ဒုမ္မင်္ကူနံ ပုဂ္ဂလာနံ နိဂ္ဂဟာယ…ပေ… ယံ ပေသလာနံ ဘိက္ခူနံ ဖာသုဝိဟာရာယ… ယံ ဒိဋ္ဌဓမ္မိကာနံ အာသဝါနံ သံဝရာယ… ယံ သမ္ပရာယိကာနံ</p>
",-334-
2124,mula_vi_05,254,"<p class=""noindentbodytext""> အာသဝါနံ<a name=""M0.0254""></a> ပဋိဃာတာယ… ယံ အပ္ပသန္နာနံ ပသာဒါယ… ယံ ပသန္နာနံ ဘိယျောဘာဝါယ… ယံ သဒ္ဓမ္မဋ္ဌိတိယာ… ယံ ဝိနယာနုဂ္ဂဟာယ တံ သံဃသုဋ္ဌု။ ယံ ဝိနယာနုဂ္ဂဟာယ တံ သံဃဖာသု။ ယံ ဝိနယာနုဂ္ဂဟာယ တံ ဒုမ္မင်္ကူနံ ပုဂ္ဂလာနံ နိဂ္ဂဟာယ။ ယံ ဝိနယာနုဂ္ဂဟာယ တံ ပေသလာနံ ဘိက္ခူနံ ဖာသုဝိဟာရာယ။ ယံ ဝိနယာနုဂ္ဂဟာယ တံ ဒိဋ္ဌဓမ္မိကာနံ အာသဝါနံ သံဝရာယ။ ယံ ဝိနယာနုဂ္ဂဟာယ တံ သမ္ပရာယိကာနံ အာသဝါနံ ပဋိဃာတာယ။ ယံ ဝိနယာနုဂ္ဂဟာယ တံ အပ္ပသန္နာနံ ပသာဒါယ။ ယံ ဝိနယာနုဂ္ဂဟာယ တံ ပသန္နာနံ ဘိယျောဘာဝါယ။ ယံ ဝိနယာနုဂ္ဂဟာယ တံ <a name=""T0.0359""></a> သဒ္ဓမ္မဋ္ဌိတိယာတိ။</p>
<p class=""gatha1"">အတ္ထသတံ ဓမ္မသတံ, ဒွေ စ နိရုတ္တိသတာနိ၊</p>
<p class=""gathalast"">စတ္တာရိ ဉာဏသတာနိ, အတ္ထဝသေ ပကရဏေတိ။</p>
<p class=""centered"">အတ္ထဝသပကရဏံ နိဋ္ဌိတံ။</p>
<p class=""centered"">မဟာဝဂ္ဂေါ နိဋ္ဌိတော။</p>
<p class=""centered"">တဿုဒ္ဒါနံ –</p>
<p class=""gatha1"">ပဌမံ အဋ္ဌပုစ္ဆာယံ, ပစ္စယေသု ပုနဋ္ဌ စ၊</p>
<p class=""gathalast"">ဘိက္ခူနံ သောဠသ ဧတေ, ဘိက္ခုနီနဉ္စ သောဠသ။</p>
<p class=""gatha1"">ပေယျာလအန္တရာ ဘေဒါ, ဧကုတ္တရိကမေဝ စ၊</p>
<p class=""gathalast"">ပဝါရဏတ္ထဝသိကာ, မဟာဝဂ္ဂဿ သင်္ဂဟောတိ။</p>
<p class=""centered"">အတ္ထဝသပကရဏံ နိဋ္ဌိတံ။</p>
",
2125,mula_vi_05,255,"<a name=""vin5_7""></a><p class=""chapter"">ဂါထာသင်္ဂဏိကံ</p>
<p class=""subhead"">၁။ သတ္တနဂရေသု ပညတ္တသိက္ခာပဒံ</p>
<p class=""hangnum""><a name=""para335""></a><a name=""para335_vin5""></a><span class=""paranum"">၃၃၅</span>။</p>
<p class=""gatha1""> ဧကံသံ <a name=""T0.0360""></a><a name=""P5.0144""></a><a name=""M0.0255""></a><a name=""V0.0275""></a> စီဝရံ ကတွာ, ပဂ္ဂဏှိတွာန အဉ္ဇလိံ၊</p>
<p class=""gathalast"">အာသီသမာနရူပေါဝ <span class=""note"">[အာသိံသမာနရူပေါဝ (သီ။ သျာ။)]</span>, ကိဿ တွံ ဣဓ မာဂတော။</p>
<p class=""gatha1"">ဒွီသု ဝိနယေသု ယေ ပညတ္တာ၊</p>
<p class=""gatha2"">ဥဒ္ဒေသံ အာဂစ္ဆန္တိ ဥပေါသထေသု၊</p>
<p class=""gatha3"">ကတိ တေ သိက္ခာပဒါ ဟောန္တိ၊</p>
<p class=""gathalast"">ကတိသု နဂရေသု ပညတ္တာ။</p>
<p class=""gatha1"">ဘဒ္ဒကော တေ ဥမ္မင်္ဂေါ, ယောနိသော ပရိပုစ္ဆသိ၊</p>
<p class=""gathalast"">တဂ္ဃ တေ အဟမက္ခိဿံ, ယထာသိ ကုသလော တထာ။</p>
<p class=""gatha1"">ဒွီသု ဝိနယေသု ယေ ပညတ္တာ၊</p>
<p class=""gatha2"">ဥဒ္ဒေသံ အာဂစ္ဆန္တိ ဥပေါသထေသု၊</p>
<p class=""gatha3"">အဍ္ဎုဍ္ဎသတာနိ တေ ဟောန္တိ၊</p>
<p class=""gathalast"">သတ္တသု နဂရေသု ပညတ္တာ။</p>
<p class=""gatha1"">ကတမေသု သတ္တသု နဂရေသု ပညတ္တာ၊</p>
<p class=""gatha2"">ဣင်္ဃ မေ တွံ ဗျာကရ နံ <span class=""note"">[ဣင်္ဃ မေ တံ ဗျာကရ (က။)]</span>၊</p>
<p class=""gatha3"">တံ ဝစနပထံ <span class=""note"">[တဝ ဝစနပထံ (သျာ။)]</span> နိသာမယိတွာ၊</p>
<p class=""gathalast"">ပဋိပဇ္ဇေမ ဟိတာယ နော သိယာ။</p>
<p class=""gatha1"">ဝေသာလိယံ <a name=""V0.0276""></a> ရာဇဂဟေ, သာဝတ္ထိယဉ္စ အာဠဝိယံ၊</p>
<p class=""gathalast"">ကောသမ္ဗိယဉ္စ သက္ကေသု, ဘဂ္ဂေသု စေဝ ပညတ္တာ။</p>
<p class=""gatha1"">ကတိ <a name=""T0.0361""></a> ဝေသာလိယံ ပညတ္တာ, ကတိ ရာဇဂဟေ ကတာ၊</p>
<p class=""gathalast"">သာဝတ္ထိယံ ကတိ ဟောန္တိ, ကတိ အာဠဝိယံ ကတာ။</p>
<p class=""gatha1"">ကတိ ကောသမ္ဗိယံ ပညတ္တာ, ကတိ သက္ကေသု ဝုစ္စန္တိ၊</p>
<p class=""gathalast"">ကတိ ဘဂ္ဂေသု ပညတ္တာ, တံ မေ အက္ခာဟိ ပုစ္ဆိတော။</p>
",-335-
2126,mula_vi_05,256,"<p class=""gatha1"">ဒသ <a name=""M0.0256""></a> ဝေသာလိယံ ပညတ္တာ, ဧကဝီသ ရာဇဂဟေ ကတာ၊</p>
<p class=""gathalast"">ဆဦန တီဏိသတာနိ, သဗ္ဗေ သာဝတ္ထိယံ ကတာ။</p>
<p class=""gatha1"">ဆ အာဠဝိယံ ပညတ္တာ, အဋ္ဌ ကောသမ္ဗိယံ ကတာ၊</p>
<p class=""gathalast"">အဋ္ဌ သက္ကေသု ဝုစ္စန္တိ, တယော ဘဂ္ဂေသု ပညတ္တာ။</p>
<p class=""gatha1"">ယေ ဝေသာလိယံ ပညတ္တာ, တေ သုဏောဟိ ယထာတထံ <span class=""note"">[ယထာကထံ (သီ။ သျာ။ ဧဝမုပရိပိ)]</span>၊</p>
<p class=""gathalast"">မေထုနဝိဂ္ဂဟုတ္တရိ, အတိရေကဉ္စ ကာဠကံ။</p>
<p class=""gatha1"">ဘူတံ ပရမ္ပရဘတ္တံ, ဒန္တပေါနေန <span class=""note"">[ဒန္တပေါဏေန (က။)]</span> အစေလကော၊</p>
<p class=""gathalast"">ဘိက္ခုနီသု စ အက္ကောသော, ဒသေတေ ဝေသာလိယံ ကတာ။</p>
<p class=""gatha1"">ယေ ရာဇဂဟေ ပညတ္တာ, တေ သုဏောဟိ ယထာတထံ၊</p>
<p class=""gathalast"">အဒိန္နာဒါနံ ရာဇဂဟေ, ဒွေ အနုဒ္ဓံသနာ ဒွေပိ စ ဘေဒါ။</p>
<p class=""gatha1"">အန္တရဝါသကံ ရူပိယံ သုတ္တံ, ဥဇ္ဈာပနေန စ ပါစိတပိဏ္ဍံ<a name=""T0.0362""></a><a name=""P5.0145""></a>၊</p>
<p class=""gathalast"">ဂဏဘောဇနံ ဝိကာလေ စ, စာရိတ္တံ နဟာနံ ဦနဝီသတိ။</p>
<p class=""gatha1"">စီဝရံ ဒတွာ ဝေါသာသန္တိ, ဧတေ ရာဇဂဟေ ကတာ၊</p>
<p class=""gathalast"">ဂိရဂ္ဂစရိယာ တတ္ထေဝ, ဆန္ဒဒါနေန ဧကဝီသတိ။</p>
<p class=""gatha1"">ယေ <a name=""V0.0277""></a> သာဝတ္ထိယံ ပညတ္တာ, တေ သုဏောဟိ ယထာတထံ၊</p>
<p class=""gathalast"">ပါရာဇိကာနိ စတ္တာရိ, သံဃာဒိသေသာ ဘဝန္တိ သောဠသ။</p>
<p class=""gatha1"">အနိယတာ စ ဒွေ ဟောန္တိ, နိဿဂ္ဂိယာ စတုဝီသတိ၊</p>
<p class=""gathalast"">ဆပညာသသတဉ္စေဝ, ခုဒ္ဒကာနိ ပဝုစ္စန္တိ။</p>
<p class=""gatha1"">ဒသယေဝ စ ဂါရယှာ, ဒွေသတ္တတိ စ သေခိယာ၊</p>
<p class=""gathalast"">ဆဦန တီဏိသတာနိ, သဗ္ဗေ သာဝတ္ထိယံ ကတာ။</p>
<p class=""gatha1"">ယေ အာဠဝိယံ ပညတ္တာ, တေ သုဏောဟိ ယထာတထံ၊</p>
<p class=""gatha2"">ကုဋိကောသိယသေယျာ စ, ခဏနေ ဂစ္ဆ ဒေဝတေ၊</p>
<p class=""gathalast"">သပ္ပါဏကဉ္စ သိဉ္စန္တိ, ဆ ဧတေ အာဠဝိယံ ကတာ။</p>
<p class=""gatha1"">ယေ ကောသမ္ဗိယံ ပညတ္တာ, တေ သုဏောဟိ ယထာတထံ၊</p>
<p class=""gatha2"">မဟာဝိဟာရော ဒေါဝစဿံ, အညံ ဒွါရံ သုရာယ စ၊</p>
<p class=""gathalast"">အနာဒရိယံ သဟဓမ္မော, ပယောပါနေန အဋ္ဌမံ။</p>
",
2127,mula_vi_05,257,"<p class=""gatha1"">ယေ <a name=""M0.0257""></a> သက္ကေသု ပညတ္တာ, တေ သုဏောဟိ ယထာတထံ၊</p>
<p class=""gathalast"">ဧဠကလောမာနိ ပတ္တော စ, ဩဝါဒေါ စေဝ ဘေသဇ္ဇံ။</p>
<p class=""gatha1"">သူစိ အာရညိကော စေဝ, အဋ္ဌေတေ <span class=""note"">[ဆ ဧတေ (သဗ္ဗတ္ထ)]</span> ကာပိလဝတ္ထဝေ၊</p>
<p class=""gathalast"">ဥဒကသုဒ္ဓိယာ <a name=""T0.0363""></a> ဩဝါဒေါ, ဘိက္ခုနီသု ပဝုစ္စန္တိ။</p>
<p class=""gatha1"">ယေ ဘဂ္ဂေသု ပညတ္တာ, တေ သုဏောဟိ ယထာတထံ၊</p>
<p class=""gathalast"">သမာဒဟိတွာ ဝိသိဗ္ဗေန္တိ, သာမိသေန သသိတ္ထကံ။</p>
<p class=""gatha1"">ပါရာဇိကာနိ စတ္တာရိ, သံဃာဒိသေသာနိ ဘဝန္တိ၊</p>
<p class=""gathalast"">သတ္တ စ နိဿဂ္ဂိယာနိ, အဋ္ဌ ဒွတ္တိံသ ခုဒ္ဒကာ။</p>
<p class=""gatha1"">ဒွေ <a name=""V0.0278""></a> ဂါရယှာ တယော သေက္ခာ, ဆပ္ပညာသ သိက္ခာပဒါ၊</p>
<p class=""gathalast"">ဆသု နဂရေသု ပညတ္တာ, ဗုဒ္ဓေနာဒိစ္စဗန္ဓုနာ။</p>
<p class=""gatha1"">ဆဦန တီဏိသတာနိ, သဗ္ဗေ သာဝတ္ထိယံ ကတာ၊</p>
<p class=""gathalast"">ကာရုဏိကေန ဗုဒ္ဓေန, ဂေါတမေန ယသဿိနာ။</p>
<p class=""subhead"">၂။ စတုဝိပတ္တိံ</p>
<p class=""hangnum""><a name=""para336""></a><a name=""para336_vin5""></a><span class=""paranum"">၃၃၆</span>။</p>
<p class=""gatha1""> ယံ တံ <span class=""note"">[ယံ ယံ (က။)]</span> ပုစ္ဆိမှ အကိတ္တယိ နော၊</p>
<p class=""gatha2"">တံ တံ ဗျာကတံ အနညထာ၊</p>
<p class=""gatha3"">အညံ တံ ပုစ္ဆာမိ တဒိင်္ဃ ဗြူဟိ၊</p>
<p class=""gatha2"">ဂရုက လဟုကဉ္စာပိ သာဝသေသံ၊</p>
<p class=""gatha3"">အနဝသေသံ ဒုဋ္ဌုလ္လဉ္စ အဒုဋ္ဌုလ္လံ၊</p>
<p class=""gathalast"">ယေ စ ယာဝတတိယကာ။</p>
<p class=""gatha1"">သာဓာရဏံ အသာဓာရဏံ၊</p>
<p class=""gatha2"">ဝိဘတ္တိယော စ <span class=""note"">[ဝိပတ္တိယော စ (သီ။ သျာ။)]</span> ယေဟိ သမထေဟိ သမ္မန္တိ၊</p>
<p class=""gatha3"">သဗ္ဗာနိပေတာနိ ဝိယာကရောဟိ၊</p>
<p class=""gathalast"">ဟန္ဒ ဝါကျံ သုဏောမ တေ။</p>
<p class=""gatha1"">ဧကတိံသာ <a name=""P5.0146""></a> ယေ ဂရုကာ, အဋ္ဌေတ္ထ အနဝသေသာ၊</p>
<p class=""gatha2"">ယေ <a name=""T0.0364""></a> ဂရုကာ တေ ဒုဋ္ဌုလ္လာ, ယေ ဒုဋ္ဌုလ္လာ သာ သီလဝိပတ္တိ၊</p>
<p class=""gathalast"">ပါရာဇိကံ သံဃာဒိသေသော, ‘‘သီလဝိပတ္တီ’’တိ ဝုစ္စတိ။</p>
",-336-
2128,mula_vi_05,258,"<p class=""gatha1"">ထုလ္လစ္စယံ <a name=""M0.0258""></a> ပါစိတ္တိယာ, ပါဋိဒေသနီယံ ဒုက္ကဋံ၊</p>
<p class=""gatha2"">ဒုဗ္ဘာသိတံ ယော စာယံ, အက္ကောသတိ ဟသာဓိပ္ပါယော၊</p>
<p class=""gathalast"">အယံ သာ အာစာရဝိပတ္တိသမ္မတာ။</p>
<p class=""gatha1"">ဝိပရီတဒိဋ္ဌိံ <a name=""V0.0279""></a> ဂဏှန္တိ, အသဒ္ဓမ္မေဟိ ပုရက္ခတာ၊</p>
<p class=""gatha2"">အဗ္ဘာစိက္ခန္တိ သမ္ဗုဒ္ဓံ, ဒုပ္ပညာ မောဟပါရုတာ၊</p>
<p class=""gathalast"">အယံ သာ ဒိဋ္ဌိဝိပတ္တိသမ္မတာ။</p>
<p class=""bodytext"">အာဇီဝဟေတု အာဇီဝကာရဏာ ပါပိစ္ဆော ဣစ္ဆာပကတော အသန္တံ အဘူတံ ဥတ္တရိမနုဿဓမ္မံ ဥလ္လပတိ, အာဇီဝဟေတု အာဇီဝကာရဏာ သဉ္စရိတ္တံ သမာပဇ္ဇတိ, အာဇီဝဟေတု အာဇီဝကာရဏာ – ‘‘ယော တေ ဝိဟာရေ ဝသတိ, သော ဘိက္ခု အရဟာ’’တိ ဘဏတိ, အာဇီဝဟေတု အာဇီဝကာရဏာ ဘိက္ခု ပဏီတဘောဇနာနိ အတ္တနော အတ္ထာယ ဝိညာပေတွာ ဘုဉ္ဇတိ, အာဇီဝဟေတု အာဇီဝကာရဏာ ဘိက္ခုနီ ပဏီတဘောဇနာနိ အတ္တနော အတ္ထာယ ဝိညာပေတွာ ဘုဉ္ဇတိ, အာဇီဝဟေတု အာဇီဝကာရဏာ သူပံ ဝါ ဩဒနံ ဝါ အဂိလာနော အတ္တနော အတ္ထာယ ဝိညာပေတွာ ဘုဉ္ဇတိ။ အယံ သာ အာဇီဝဝိပတ္တိ သမ္မတာ။</p>
<p class=""gatha1"">ဧကာဒသ ယာဝတတိယကာ, တေ သုဏောဟိ ယထာတထံ၊</p>
<p class=""gatha2"">ဥက္ခိတ္တာနုဝတ္တိကာ, အဋ္ဌ ယာဝတတိယကာ၊</p>
<p class=""gathalast"">အရိဋ္ဌော စဏ္ဍကာဠီ စ, ဣမေ တေ ယာဝတတိယကာ။</p>
<p class=""subhead"">၃။ ဆေဒနကာဒိ</p>
<p class=""bodytext""><a name=""para337""></a><a name=""para337_vin5""></a><span class=""paranum"">၃၃၇</span>။ ကတိ <a name=""T0.0365""></a> ဆေဒနကာနိ? ကတိ ဘေဒနကာနိ? ကတိ ဥဒ္ဒါလနကာနိ? ကတိ အနညပါစိတ္တိယာနိ? ကတိ ဘိက္ခုသမ္မုတိယော? ကတိ သာမီစိယော? ကတိ ပရမာနိ?</p>
<p class=""gathalast"">ကတိ ဇာနန္တိ ပညတ္တာ, ဗုဒ္ဓေနာဒိစ္စဗန္ဓုနာ။</p>
<p class=""bodytext"">ဆ ဆေဒနကာနိ။ ဧကံ ဘေဒနကံ။ ဧကံ ဥဒ္ဒါလနကံ။ စတ္တာရိ အနညပါစိတ္တိယာနိ။ စတဿော ဘိက္ခုသမ္မုတိယော။ သတ္တ သာမီစိယော။ စုဒ္ဒသ ပရမာနိ။</p>
<p class=""gathalast"">သောဒသ <span class=""note"">[သောဠသ (သီ။ သျာ။) အဋ္ဌကထာ ဩလောကေတဗ္ဗာ]</span> ဇာနန္တိ ပညတ္တာ, ဗုဒ္ဓေနာဒိစ္စဗန္ဓုနာ။</p>
",-337-
2129,mula_vi_05,259,"<p class=""subhead"">၄။ အသာဓာရဏာဒိ</p>
<p class=""hangnum""><a name=""para338""></a><a name=""para338_vin5""></a><span class=""paranum"">၃၃၈</span>။</p>
<p class=""gatha1""> ဝီသံ <a name=""M0.0259""></a><a name=""V0.0280""></a> ဒွေ သတာနိ ဘိက္ခူနံ သိက္ခာပဒါနိ၊</p>
<p class=""gatha2"">ဥဒ္ဒေသံ အာဂစ္ဆန္တိ ဥပေါသထေသု၊</p>
<p class=""gatha3"">တီဏိ သတာနိ စတ္တာရိ ဘိက္ခုနီနံ သိက္ခာပဒါနိ၊</p>
<p class=""gathalast"">ဥဒ္ဒေသံ အာဂစ္ဆန္တိ ဥပေါသထေသု။</p>
<p class=""gatha1"">ဆစတ္တာရီသာ ဘိက္ခူနံ, ဘိက္ခုနီဟိ အသာဓာရဏာ၊</p>
<p class=""gathalast"">သတံ တိံသာ စ ဘိက္ခုနီနံ, ဘိက္ခူဟိ အသာဓာရဏာ။</p>
<p class=""gatha1"">သတံ သတ္တတိ ဆစ္စေဝ, ဥဘိန္နံ အသာဓာရဏာ၊</p>
<p class=""gathalast"">သတံ သတ္တတိ စတ္တာရိ, ဥဘိန္နံ သမသိက္ခတာ။</p>
<p class=""gatha1"">ဝီသံ <a name=""P5.0147""></a> ဒွေ သတာနိ ဘိက္ခူနံ သိက္ခာပဒါနိ၊</p>
<p class=""gatha2"">ဥဒ္ဒေသံ အာဂစ္ဆန္တိ ဥပေါသထေသု၊</p>
<p class=""gathalast"">တေ သုဏောဟိ ယထာတထံ။</p>
<p class=""gatha1"">ပါရာဇိကာနိ စတ္တာရိ, သံဃာဒိသေသာနိ ဘဝန္တိ တေရသ၊</p>
<p class=""gathalast"">အနိယတာ ဒွေ ဟောန္တိ။</p>
<p class=""gatha1"">နိဿဂ္ဂိယာနိ တိံသေဝ, ဒွေနဝုတိ စ ခုဒ္ဒကာ၊</p>
<p class=""gathalast"">စတ္တာရော <a name=""T0.0366""></a> ပါဋိဒေသနီယာ, ပဉ္စသတ္တတိ သေခိယာ။</p>
<p class=""gatha1"">ဝီသံ ဒွေ သတာနိ စိမေ ဟောန္တိ ဘိက္ခူနံ သိက္ခာပဒါနိ၊</p>
<p class=""gathalast"">ဥဒ္ဒေသံ အာဂစ္ဆန္တိ ဥပေါသထေသု။</p>
<p class=""gatha1"">တီဏိ သတာနိ စတ္တာရိ, ဘိက္ခုနီနံ သိက္ခာပဒါနိ၊</p>
<p class=""gathalast"">ဥဒ္ဒေသံ အာဂစ္ဆန္တိ ဥပေါသထေသု, တေ သုဏောဟိ ယထာတထံ။</p>
<p class=""gatha1"">ပါရာဇိကာနိ <a name=""V0.0281""></a> အဋ္ဌ, သံဃာဒိသေသာနိ ဘဝန္တိ သတ္တရသ၊</p>
<p class=""gathalast"">နိဿဂ္ဂိယာနိ တိံသေဝ, သတံ သဋ္ဌိ ဆ စေဝ ခုဒ္ဒကာနိ ပဝုစ္စန္တိ။</p>
<p class=""gatha1"">အဋ္ဌ ပါဋိဒေသနီယာ, ပဉ္စသတ္တတိ သေခိယာ၊</p>
<p class=""gatha2"">တီဏိ သတာနိ စတ္တာရိ စိမေ ဟောန္တိ ဘိက္ခုနီနံ သိက္ခာပဒါနိ၊</p>
<p class=""gathalast"">ဥဒ္ဒေသံ အာဂစ္ဆန္တိ ဥပေါသထေသု။</p>
<p class=""gatha1"">ဆစတ္တာရီသာ ဘိက္ခူနံ, ဘိက္ခုနီဟိ အသာဓာရဏာ၊</p>
<p class=""gathalast"">တေ သုဏောဟိ ယထာတထံ။</p>
",-338-
2130,mula_vi_05,260,"<p class=""gatha1""><a name=""M0.0260""></a>ဆ သံဃာဒိသေသာ, ဒွေ အနိယတေဟိ အဋ္ဌ၊</p>
<p class=""gathalast"">နိဿဂ္ဂိယာနိ <a name=""T0.0367""></a> ဒွါဒသ, တေဟိ တေ ဟောန္တိ ဝီသတိ။</p>
<p class=""gatha1"">ဒွေဝီသတိ ခုဒ္ဒကာ, စတုရော ပါဋိဒေသနီယာ၊</p>
<p class=""gathalast"">ဆစတ္တာရီသာ စိမေ ဟောန္တိ, ဘိက္ခူနံ ဘိက္ခုနီဟိ အသာဓာရဏာ။</p>
<p class=""gatha1"">သတံ တိံသာ စ ဘိက္ခုနီနံ, ဘိက္ခူဟိ အသာဓာရဏာ၊</p>
<p class=""gathalast"">တေ သုဏောဟိ ယထာတထံ။</p>
<p class=""gatha1"">ပါရာဇိကာနိ <a name=""V0.0282""></a> စတ္တာရိ, သံဃမှာ ဒသ နိဿရေ၊</p>
<p class=""gatha2"">နိဿဂ္ဂိယာနိ ဒွါဒသ, ဆန္နဝုတိ စ ခုဒ္ဒကာ၊</p>
<p class=""gathalast"">အဋ္ဌ ပါဋိဒေသနီယာ။</p>
<p class=""gatha1"">သတံ တိံသာ စိမေ ဟောန္တိ ဘိက္ခုနီနံ, ဘိက္ခူဟိ အသာဓာရဏာ၊</p>
<p class=""gatha2"">သတံ သတ္တတိ ဆစ္စေဝ, ဥဘိန္နံ အသာဓာရဏာ၊</p>
<p class=""gathalast"">တေ သုဏောဟိ ယထာတထံ။</p>
<p class=""gatha1"">ပါရာဇိကာနိ စတ္တာရိ, သံဃာဒိသေသာနိ ဘဝန္တိ သောဠသ၊</p>
<p class=""gatha2"">အနိယတာ ဒွေ ဟောန္တိ, နိဿဂ္ဂိယာနိ စတုဝီသတိ၊</p>
<p class=""gatha3"">သတံ အဋ္ဌာရသာ စေဝ, ခုဒ္ဒကာနိ ပဝုစ္စန္တိ၊</p>
<p class=""gathalast"">ဒွါဒသ ပါဋိဒေသနီယာ။</p>
<p class=""gatha1"">သတံ သတ္တတိ ဆစ္စေဝိမေ ဟောန္တိ, ဥဘိန္နံ အသာဓာရဏာ၊</p>
<p class=""gatha2"">သတံ သတ္တတိ စတ္တာရိ, ဥဘိန္နံ သမသိက္ခတာ၊</p>
<p class=""gathalast"">တေ သုဏောဟိ ယထာတထံ။</p>
<p class=""gatha1"">ပါရာဇိကာနိ စတ္တာရိ, သံဃာဒိသေသာနိ ဘဝန္တိ သတ္တ၊</p>
<p class=""gatha2"">နိဿဂ္ဂိယာနိ အဋ္ဌာရသ, သမသတ္တတိ ခုဒ္ဒကာ၊</p>
<p class=""gathalast"">ပဉ္စသတ္တတိ သေခိယာနိ။</p>
<p class=""gatha1"">သတံ သတ္တတိ စတ္တာရိ စိမေ ဟောန္တိ, ဥဘိန္နံ သမသိက္ခတာ၊</p>
<p class=""gathalast"">အဋ္ဌေ <a name=""P5.0148""></a> ပါရာဇိကာ ယေ ဒုရာသဒါ, တာလဝတ္ထုသမူပမာ။</p>
<p class=""gatha1"">ပဏ္ဍုပလာသော ပုထုသိလာ, သီသစ္ဆိန္နောဝ သော နရော၊</p>
<p class=""gathalast"">တာလောဝ မတ္ထကစ္ဆိန္နော, အဝိရုဠှီ ဘဝန္တိ တေ။</p>
",
2131,mula_vi_05,261,"<p class=""gatha1"">တေဝီသတိ <a name=""M0.0261""></a> သံဃာဒိသေသာ, ဒွေ အနိယတာ၊</p>
<p class=""gatha2"">ဒွေ <a name=""T0.0368""></a> စတ္တာရီသ နိဿဂ္ဂိယာ၊</p>
<p class=""gathalast"">အဋ္ဌာသီတိသတံ ပါစိတ္တိယာ, ဒွါဒသ ပါဋိဒေသနီယာ။</p>
<p class=""gatha1"">ပဉ္စသတ္တတိ သေခိယာ, တီဟိ သမထေဟိ သမ္မန္တိ၊</p>
<p class=""gathalast"">သမ္မုခါ စ ပဋိညာယ, တိဏဝတ္ထာရကေန စ။</p>
<p class=""gatha1"">ဒွေ ဥပေါသထာ ဒွေ ပဝါရဏာ၊</p>
<p class=""gatha2"">စတ္တာရိ ကမ္မာနိ ဇိနေန ဒေသိတာ၊</p>
<p class=""gatha3"">ပဉ္စေဝ ဥဒ္ဒေသာ စတုရော ဘဝန္တိ၊</p>
<p class=""gathalast"">အနညထာ အာပတ္တိက္ခန္ဓာ စ ဘဝန္တိ သတ္တ။</p>
<p class=""gatha1"">အဓိကရဏာနိ <a name=""V0.0283""></a> စတ္တာရိ သတ္တဟိ သမထေဟိ သမ္မန္တိ၊</p>
<p class=""gathalast"">ဒွီဟိ စတူဟိ တီဟိ ကိစ္စံ ဧကေန သမ္မတိ။</p>
<p class=""subhead"">၅။ ပါရာဇိကာဒိအာပတ္တိ</p>
<p class=""hangnum""><a name=""para339""></a><a name=""para339_vin5""></a><span class=""paranum"">၃၃၉</span>။</p>
<p class=""gatha1""> ‘ပါရာဇိက’န္တိ ယံ ဝုတ္တံ, တံ သုဏောဟိ ယထာတထံ၊</p>
<p class=""gatha2"">စုတော ပရဒ္ဓေါ ဘဋ္ဌော စ, သဒ္ဓမ္မာ ဟိ နိရင်္ကတော၊</p>
<p class=""gathalast"">သံဝါသောပိ တဟိံ နတ္ထိ, တေနေတံ ဣတိ ဝုစ္စတိ။</p>
<p class=""gatha1"">‘သံဃာဒိသေသော’တိ ယံ ဝုတ္တံ, တံ သုဏောဟိ ယထာတထံ၊</p>
<p class=""gatha2"">သံဃောဝ ဒေတိ ပရိဝါသံ, မူလာယ ပဋိကဿတိ၊</p>
<p class=""gathalast"">မာနတ္တံ ဒေတိ အဗ္ဘေတိ, တေနေတံ ဣတိ ဝုစ္စတိ။</p>
<p class=""gatha1"">‘အနိယတော’တိ ယံ ဝုတ္တံ, တံ သုဏောဟိ ယထာတထံ၊</p>
<p class=""gatha2"">အနိယတော န နိယတော, အနေကံသိကတံ ပဒံ၊</p>
<p class=""gathalast"">တိဏ္ဏမညတရံ ဌာနံ, ‘အနိယတော’တိ ပဝုစ္စတိ။</p>
<p class=""gatha1"">‘ထုလ္လစ္စယ’န္တိ ယံ ဝုတ္တံ, တံ သုဏောဟိ ယထာတထံ၊</p>
<p class=""gatha2"">ဧကဿ <a name=""T0.0369""></a> မူလေ ယော ဒေသေတိ, ယော စ တံ ပဋိဂဏှတိ၊</p>
<p class=""gathalast"">အစ္စယော တေန သမော နတ္ထိ, တေနေတံ ဣတိ ဝုစ္စတိ။</p>
<p class=""gatha1"">‘နိဿဂ္ဂိယ’န္တိ ယံ ဝုတ္တံ, တံ သုဏောဟိ ယထာတထံ၊</p>
<p class=""gatha2"">သံဃမဇ္ဈေ ဂဏမဇ္ဈေ, ဧကဿေဝ စ ဧကတော၊</p>
<p class=""gathalast"">နိဿဇ္ဇိတွာန ဒေသေတိ, တေနေတံ ဣတိ ဝုစ္စတိ။</p>
",-339-
2132,mula_vi_05,262,"<p class=""gatha1"">‘ပါစိတ္တိယ’န္တိ <a name=""M0.0262""></a> ယံ ဝုတ္တံ, တံ သုဏောဟိ ယထာတထံ၊</p>
<p class=""gatha2"">ပါတေတိ ကုသလံ ဓမ္မံ, အရိယမဂ္ဂံ အပရဇ္ဈတိ၊</p>
<p class=""gathalast"">စိတ္တသံမောဟနဋ္ဌာနံ, တေနေတံ ဣတိ ဝုစ္စတိ။</p>
<p class=""gatha1"">‘ပါဋိဒေသနီယ’န္တိ <a name=""V0.0284""></a> ယံ ဝုတ္တံ, တံ သုဏောဟိ ယထာတထံ၊</p>
<p class=""gatha2"">ဘိက္ခု အညာတကော သန္တော, ကိစ္ဆာ လဒ္ဓါယ ဘောဇနံ၊</p>
<p class=""gathalast"">သာမံ ဂဟေတွာ ဘုဉ္ဇေယျ, ‘ဂါရယှ’န္တိ ပဝုစ္စတိ။</p>
<p class=""gatha1"">နိမန္တနာသု ဘုဉ္ဇန္တာ ဆန္ဒာယ, ဝေါသာသတိ တတ္ထ ဘိက္ခုနိံ၊</p>
<p class=""gathalast"">အနိဝါရေတွာ တဟိံ ဘုဉ္ဇေ, ဂါရယှန္တိ ပဝုစ္စတိ။</p>
<p class=""gatha1"">သဒ္ဓါစိတ္တံ <a name=""P5.0149""></a> ကုလံ ဂန္တွာ, အပ္ပဘောဂံ အနာဠိယံ <span class=""note"">[အနာဠှိယံ (သီ။ သျာ။)]</span>၊</p>
<p class=""gathalast"">အဂိလာနော တဟိံ ဘုဉ္ဇေ, ဂါရယှန္တိ ပဝုစ္စတိ။</p>
<p class=""gatha1"">ယော စေ အရညေ ဝိဟရန္တော, သာသင်္ကေ သဘယာနကေ၊</p>
<p class=""gathalast"">အဝိဒိတံ တဟိံ ဘုဉ္ဇေ, ဂါရယှန္တိ ပဝုစ္စတိ။</p>
<p class=""gatha1"">ဘိက္ခုနီ အညာတိကာ သန္တာ, ယံ ပရေသံ မမာယိတံ၊</p>
<p class=""gatha2"">သပ္ပိ တေလံ မဓုံ ဖာဏိတံ, မစ္ဆမံသံ အထော ခီရံ၊</p>
<p class=""gathalast"">ဒဓိံ သယံ <a name=""T0.0370""></a> ဝိညာပေယျ ဘိက္ခုနီ, ဂါရယှပတ္တာ သုဂတဿ သာသနေ။</p>
<p class=""gatha1"">‘ဒုက္ကဋ’န္တိ ယံ ဝုတ္တံ, တံ သုဏောဟိ ယထာတထံ၊</p>
<p class=""gathalast"">အပရဒ္ဓံ ဝိရဒ္ဓဉ္စ, ခလိတံ ယဉ္စ ဒုက္ကဋံ။</p>
<p class=""gatha1"">ယံ မနုဿော ကရေ ပါပံ, အာဝိ ဝါ ယဒိ ဝါ ရဟော၊</p>
<p class=""gathalast"">‘ဒုက္ကဋ’န္တိ ပဝေဒေန္တိ, တေနေတံ ဣတိ ဝုစ္စတိ။</p>
<p class=""gatha1"">‘ဒုဗ္ဘာသိတ’န္တိ ယံ ဝုတ္တံ, တံ သုဏောဟိ ယထာတထံ၊</p>
<p class=""gatha2"">ဒုဗ္ဘာသိတံ ဒုရာဘဋ္ဌံ, သံကိလိဋ္ဌဉ္စ ယံ ပဒံ၊</p>
<p class=""gathalast"">ယဉ္စ ဝိညူ ဂရဟန္တိ, တေနေတံ ဣတိ ဝုစ္စတိ။</p>
<p class=""gatha1"">‘သေခိယ’န္တိ ယံ ဝုတ္တံ, တံ သုဏောဟိ ယထာတထံ၊</p>
<p class=""gathalast"">သေက္ခဿ သိက္ခမာနဿ, ဥဇုမဂ္ဂါနုသာရိနော။</p>
<p class=""gatha1"">အာဒိ <a name=""V0.0285""></a> စေတံ စရဏဉ္စ, မုခံ သညမသံဝရော၊</p>
<p class=""gathalast"">သိက္ခာ ဧတာဒိသီ နတ္ထိ, တေနေတံ ဣတိ ဝုစ္စတိ။</p>
",
2133,mula_vi_05,263,"<p class=""gatha1""><span class=""note"">[ဥဒါ။ ၄၅ ဥဒါနေပိ]</span> ဆန္နမတိဝဿတိ<a name=""M0.0263""></a>, ဝိဝဋံ နာတိဝဿတိ၊</p>
<p class=""gathalast"">တသ္မာ ဆန္နံ ဝိဝရေထ, ဧဝံ တံ နာတိဝဿတိ။</p>
<p class=""gatha1"">ဂတိ မိဂါနံ ပဝနံ, အာကာသော ပက္ခိနံ ဂတိ၊</p>
<p class=""gathalast"">ဝိဘဝေါ ဂတိ ဓမ္မာနံ, နိဗ္ဗာနံ အရဟတော ဂတီတိ။</p>
<p class=""centered"">ဂါထာသင်္ဂဏိကံ။</p>
<p class=""centered"">တဿုဒ္ဒါနံ –</p>
<p class=""gatha1"">သတ္တနဂရေသု ပညတ္တာ, ဝိပတ္တိ စတုရောပိ စ၊</p>
<p class=""gatha2"">ဘိက္ခူနံ <a name=""T0.0371""></a> ဘိက္ခုနီနဉ္စ, သာဓာရဏာ အသာဓာရဏာ၊</p>
<p class=""gathalast"">သာသနံ အနုဂ္ဂဟာယ, ဂါထာသင်္ဂဏိကံ ဣဒန္တိ။</p>
<p class=""centered"">ဂါထာသင်္ဂဏိကံ နိဋ္ဌိတံ။</p>
",
2134,mula_vi_05,264,"<a name=""vin5_8""></a><p class=""chapter"">အဓိကရဏဘေဒေါ</p>
<p class=""subhead"">၁။ ဥက္ကောဋနဘေဒါဒိ</p>
<p class=""bodytext""><a name=""para340""></a><a name=""para340_vin5""></a><span class=""paranum"">၃၄၀</span>။ <span class=""note"">[စူဠဝ။ ၂၁၅၊ ပရိ။ ၂၇၅]</span> စတ္တာရိ <a name=""T0.0372""></a><a name=""P5.0150""></a><a name=""M0.0264""></a><a name=""V0.0286""></a> အဓိကရဏာနိ။ ဝိဝါဒါဓိကရဏံ, အနုဝါဒါဓိကရဏံ, အာပတ္တာဓိကရဏံ, ကိစ္စာဓိကရဏံ – ဣမာနိ စတ္တာရိ အဓိကရဏာနိ။</p>
<p class=""bodytext"">ဣမေသံ စတုန္နံ အဓိကရဏာနံ ကတိ ဥက္ကောဋာ? ဣမေသံ စတုန္နံ အဓိကရဏာနံ ဒသ ဥက္ကောဋာ။ ဝိဝါဒါဓိကရဏဿ ဒွေ ဥက္ကောဋာ, အနုဝါဒါဓိကရဏဿ စတ္တာရော ဥက္ကောဋာ, အာပတ္တာဓိကရဏဿ တယော ဥက္ကောဋာ, ကိစ္စာဓိကရဏဿ ဧကော ဥက္ကောဋော – ဣမေသံ စတုန္နံ အဓိကရဏာနံ ဣမေ ဒသ ဥက္ကောဋာ။</p>
<p class=""bodytext"">ဝိဝါဒါဓိကရဏံ ဥက္ကောဋေန္တော ကတိ သမထေ ဥက္ကောဋေတိ? အနုဝါဒါဓိကရဏံ ဥက္ကောဋေန္တော ကတိ သမထေ ဥက္ကောဋေတိ? အာပတ္တာဓိကရဏံ ဥက္ကောဋေန္တော ကတိ သမထေ ဥက္ကောဋေတိ? ကိစ္စာဓိကရဏံ ဥက္ကောဋေန္တော ကတိ သမထေ ဥက္ကောဋေတိ?</p>
<p class=""bodytext"">ဝိဝါဒါဓိကရဏံ ဥက္ကောဋေန္တော ဒွေ သမထေ ဥက္ကောဋေတိ။ အနုဝါဒါဓိကရဏံ ဥက္ကောဋေန္တော စတ္တာရော သမထေ ဥက္ကောဋေတိ။ အာပတ္တာဓိကရဏံ ဥက္ကောဋေန္တော တယော သမထေ ဥက္ကောဋေတိ။ ကိစ္စာဓိကရဏံ ဥက္ကောဋေန္တော ဧကံ သမထံ ဥက္ကောဋေတိ။</p>
<p class=""bodytext""><a name=""para341""></a><a name=""para341_vin5""></a><span class=""paranum"">၃၄၁</span>။ ကတိ ဥက္ကောဋာ? ကတိဟာကာရေဟိ ဥက္ကောဋနံ ပသဝတိ? ကတိဟင်္ဂေဟိ သမန္နာဂတော ပုဂ္ဂလော အဓိကရဏံ <a name=""T0.0373""></a> ဥက္ကောဋေတိ? ကတိ ပုဂ္ဂလာ အဓိကရဏံ ဥက္ကောဋေန္တာ အာပတ္တိံ အာပဇ္ဇန္တိ?</p>
<p class=""bodytext"">ဒွါဒသ <a name=""V0.0287""></a> ဥက္ကောဋာ။ ဒသဟာကာရေဟိ ဥက္ကောဋနံ ပသဝတိ။ စတူဟင်္ဂေဟိ သမန္နာဂတော ပုဂ္ဂလော အဓိကရဏံ ဥက္ကောဋေတိ။ စတ္တာရော ပုဂ္ဂလာ အဓိကရဏံ ဥက္ကောဋေန္တာ အာပတ္တိံ အာပဇ္ဇန္တိ?</p>
<p class=""bodytext"">ကတမေ ဒွါဒသ ဥက္ကောဋာ? အကတံ ကမ္မံ, ဒုက္ကဋံ ကမ္မံ, ပုန ကာတဗ္ဗံ ကမ္မံ, အနိဟတံ, ဒုန္နိဟတံ, ပုန နိဟနိတဗ္ဗံ, အဝိနိစ္ဆိတံ, ဒုဝိနိစ္ဆိတံ, ပုန ဝိနိစ္ဆိတဗ္ဗံ, အဝူပသန္တံ, ဒုဝူပသန္တံ, ပုန ဝူပသမေတဗ္ဗန္တိ – ဣမေ ဒွါဒသ ဥက္ကောဋာ။</p>
",-340-341-
2135,mula_vi_05,265,"<p class=""bodytext"">ကတမေဟိ <a name=""M0.0265""></a> ဒသဟာကာရေဟိ ဥက္ကောဋနံ ပသဝတိ? တတ္ထ ဇာတကံ အဓိကရဏံ ဥက္ကောဋေတိ, တတ္ထ ဇာတကံ ဝူပသန္တံ အဓိကရဏံ ဥက္ကောဋေတိ, အန္တရာမဂ္ဂေ အဓိကရဏံ ဥက္ကောဋေတိ, အန္တရာမဂ္ဂေ ဝူပသန္တံ အဓိကရဏံ ဥက္ကောဋေတိ, တတ္ထ ဂတံ အဓိကရဏံ ဥက္ကောဋေတိ, တတ္ထ ဂတံ ဝူပသန္တံ အဓိကရဏံ ဥက္ကောဋေတိ, သတိဝိနယံ ဥက္ကောဋေတိ, အမူဠှဝိနယံ ဥက္ကောဋေတိ, တဿပါပိယသိကံ <a name=""P5.0151""></a> ဥက္ကောဋေတိ, တိဏဝတ္ထာရကံ ဥက္ကောဋေတိ – ဣမေဟိ ဒသဟာကာရေဟိ ဥက္ကောဋနံ ပသဝတိ။</p>
<p class=""bodytext"">ကတမေဟိ စတူဟင်္ဂေဟိ သမန္နာဂတော ပုဂ္ဂလော အဓိကရဏံ ဥက္ကောဋေတိ? ဆန္ဒာဂတိံ ဂစ္ဆန္တော အဓိကရဏံ ဥက္ကောဋေတိ, ဒေါသာဂတိံ ဂစ္ဆန္တော အဓိကရဏံ ဥက္ကောဋေတိ, မောဟာဂတိံ ဂစ္ဆန္တော အဓိကရဏံ ဥက္ကောဋေတိ, ဘယာဂတိံ ဂစ္ဆန္တော အဓိကရဏံ ဥက္ကောဋေတိ – ဣမေဟိ စတူဟင်္ဂေဟိ သမန္နာဂတော ပုဂ္ဂလော အဓိကရဏံ ဥက္ကောဋေတိ။</p>
<p class=""bodytext"">ကတမေ စတ္တာရော ပုဂ္ဂလာ အဓိကရဏံ ဥက္ကောဋေန္တာ အာပတ္တိံ အာပဇ္ဇန္တိ? တဒဟုပသမ္ပန္နော ဥက္ကောဋေတိ ဥက္ကောဋနကံ ပါစိတ္တိယံ, အာဂန္တုကော ဥက္ကောဋေတိ ဥက္ကောဋနကံ ပါစိတ္တိယံ, ကာရကော ဥက္ကောဋေတိ ဥက္ကောဋနကံ ပါစိတ္တိယံ, ဆန္ဒဒါယကော ဥက္ကောဋေတိ ဥက္ကောဋနကံ ပါစိတ္တိယံ – ဣမေ စတ္တာရော ပုဂ္ဂလာ အဓိကရဏံ ဥက္ကောဋေန္တာ အာပတ္တိံ အာပဇ္ဇန္တိ။</p>
<p class=""subhead"">၂။ အဓိကရဏနိဒါနာဒိ</p>
<p class=""bodytext""><a name=""para342""></a><a name=""para342_vin5""></a><span class=""paranum"">၃၄၂</span>။ ဝိဝါဒါဓိကရဏံ <a name=""T0.0374""></a> ကိံနိဒါနံ, ကိံသမုဒယံ, ကိံဇာတိကံ, ကိံပဘဝံ, ကိံသမ္ဘာရံ, ကိံသမုဋ္ဌာနံ? အနုဝါဒါဓိကရဏံ ကိံနိဒါနံ, ကိံသမုဒယံ, ကိံဇာတိကံ, ကိံပဘဝံ, ကိံသမ္ဘာရံ, ကိံသမုဋ္ဌာနံ? အာပတ္တာဓိကရဏံ ကိံနိဒါနံ, ကိံသမုဒယံ, ကိံဇာတိကံ, ကိံပဘဝံ, ကိံသမ္ဘာရံ, ကိံသမုဋ္ဌာနံ<a name=""V0.0288""></a>? ကိစ္စာဓိကရဏံ ကိံနိဒါနံ, ကိံသမုဒယံ, ကိံဇာတိကံ, ကိံပဘဝံ, ကိံသမ္ဘာရံ, ကိံသမုဋ္ဌာနံ?</p>
<p class=""bodytext"">ဝိဝါဒါဓိကရဏံ ဝိဝါဒနိဒါနံ ဝိဝါဒသမုဒယံ ဝိဝါဒဇာတိကံ ဝိဝါဒပဘဝံ ဝိဝါဒသမ္ဘာရံ ဝိဝါဒသမုဋ္ဌာနံ။ အနုဝါဒါဓိကရဏံ အနုဝါဒနိဒါနံ အနုဝါဒသမုဒယံ အနုဝါဒဇာတိကံ အနုဝါဒပဘဝံ အနုဝါဒသမ္ဘာရံ အနုဝါဒသမုဋ္ဌာနံ။ အာပတ္တာဓိကရဏံ အာပတ္တိနိဒါနံ အာပတ္တိသမုဒယံ အာပတ္တိဇာတိကံ အာပတ္တိပဘဝံ အာပတ္တိသမ္ဘာရံ အာပတ္တိသမုဋ္ဌာနံ။ ကိစ္စာဓိကရဏံ ကိစ္စယနိဒါနံ ကိစ္စယသမုဒယံ ကိစ္စယဇာတိကံ ကိစ္စယပဘဝံ ကိစ္စယသမ္ဘာရံ ကိစ္စယသမုဋ္ဌာနံ။</p>
",-342-
2136,mula_vi_05,266,"<p class=""bodytext"">ဝိဝါဒါဓိကရဏံ <a name=""M0.0266""></a> ကိံနိဒါနံ, ကိံသမုဒယံ, ကိံဇာတိကံ, ကိံပဘဝံ, ကိံသမ္ဘာရံ, ကိံသမုဋ္ဌာနံ? အနုဝါဒါဓိကရဏံ…ပေ… အာပတ္တာဓိကရဏံ…ပေ… ကိစ္စာဓိကရဏံ ကိံနိဒါနံ, ကိံသမုဒယံ, ကိံဇာတိကံ, ကိံပဘဝံ, ကိံသမ္ဘာရံ, ကိံသမုဋ္ဌာနံ?</p>
<p class=""bodytext"">ဝိဝါဒါဓိကရဏံ ဟေတုနိဒါနံ, ဟေတုသမုဒယံ, ဟေတုဇာတိကံ, ဟေတုပဘဝံ, ဟေတုသမ္ဘာရံ, ဟေတုသမုဋ္ဌာနံ။ အနုဝါဒါဓိကရဏံ…ပေ… အာပတ္တာဓိကရဏံ…ပေ… ကိစ္စာဓိကရဏံ ဟေတုနိဒါနံ, ဟေတုသမုဒယံ, ဟေတုဇာတိကံ, ဟေတုပဘဝံ, ဟေတုသမ္ဘာရံ, ဟေတုသမုဋ္ဌာနံ။</p>
<p class=""bodytext"">ဝိဝါဒါဓိကရဏံ ကိံနိဒါနံ, ကိံသမုဒယံ, ကိံဇာတိကံ, ကိံပဘဝံ, ကိံသမ္ဘာရံ, ကိံသမုဋ္ဌာနံ? အနုဝါဒါဓိကရဏံ <a name=""T0.0375""></a> …ပေ… အာပတ္တာဓိကရဏံ…ပေ… ကိစ္စာဓိကရဏံ ကိံနိဒါနံ, ကိံသမုဒယံ, ကိံဇာတိကံ, ကိံပဘဝံ, ကိံသမ္ဘာရံ, ကိံသမုဋ္ဌာနံ?</p>
<p class=""bodytext"">ဝိဝါဒါဓိကရဏံ ပစ္စယနိဒါနံ, ပစ္စယသမုဒယံ, ပစ္စယဇာတိကံ, ပစ္စယပဘဝံ, ပစ္စယသမ္ဘာရံ, ပစ္စယသမုဋ္ဌာနံ။ အနုဝါဒါဓိကရဏံ…ပေ… အာပတ္တာဓိကရဏံ…ပေ… ကိစ္စာဓိကရဏံ ပစ္စယနိဒါနံ, ပစ္စယသမုဒယံ, ပစ္စယဇာတိကံ, ပစ္စယပဘဝံ, ပစ္စယသမ္ဘာရံ, ပစ္စယသမုဋ္ဌာနံ။</p>
<p class=""subhead"">၃။ အဓိကရဏမူလာဒိ</p>
<p class=""bodytext""><a name=""para343""></a><a name=""para343_vin5""></a><span class=""paranum"">၃၄၃</span>။ စတုန္နံ <a name=""V0.0289""></a> အဓိကရဏာနံ ကတိ မူလာနိ, ကတိ သမုဋ္ဌာနာ? စတုန္နံ အဓိကရဏာနံ တေတ္တိံသ မူလာနိ, တေတ္တိံသ သမုဋ္ဌာနာ။</p>
<p class=""bodytext"">စတုန္နံ အဓိကရဏာနံ ကတမာနိ တေတ္တိံသ မူလာနိ? ဝိဝါဒါဓိကရဏဿ ဒွါဒသ မူလာနိ, အနုဝါဒါဓိကရဏဿ စုဒ္ဒသ မူလာနိ, အာပတ္တာဓိကရဏဿ ဆ မူလာနိ, ကိစ္စာဓိကရဏဿ ဧကံ မူလံ, သံဃော – စတုန္နံ အဓိကရဏာနံ ဣမာနိ တေတ္တိံသ မူလာနိ။</p>
<p class=""bodytext"">စတုန္နံ <a name=""P5.0152""></a> အဓိကရဏာနံ ကတမေ တေတ္တိံသ သမုဋ္ဌာနာ? ဝိဝါဒါဓိကရဏဿ အဋ္ဌာရသဘေဒကရဝတ္ထူနိ သမုဋ္ဌာနာ, အနုဝါဒါဓိကရဏဿ စတဿော ဝိပတ္တိယော သမုဋ္ဌာနာ, အာပတ္တာဓိကရဏဿ သတ္တာပတ္တိက္ခန္ဓာ သမုဋ္ဌာနာ, ကိစ္စာဓိကရဏဿ စတ္တာရိ ကမ္မာနိ သမုဋ္ဌာနာ – စတုန္နံ အဓိကရဏာနံ ဣမေ တေတ္တိံသ သမုဋ္ဌာနာ။</p>
",-343-
2137,mula_vi_05,267,"<p class=""subhead"">၄။ အဓိကရဏပစ္စယာပတ္တိ</p>
<p class=""bodytext""><a name=""para344""></a><a name=""para344_vin5""></a><span class=""paranum"">၃၄၄</span>။ ဝိဝါဒါဓိကရဏံ <a name=""M0.0267""></a> အာပတ္တာနာပတ္တီတိ? ဝိဝါဒါဓိကရဏံ န အာပတ္တိ။ ကိံ ပန ဝိဝါဒါဓိကရဏပစ္စယာ အာပတ္တိံ အာပဇ္ဇေယျာတိ? အာမ, ဝိဝါဒါဓိကရဏပစ္စယာ အာပတ္တိံ အာပဇ္ဇေယျ။ ဝိဝါဒါဓိကရဏပစ္စယာ <a name=""T0.0376""></a> ကတိ အာပတ္တိယော အာပဇ္ဇတိ? ဝိဝါဒါဓိကရဏပစ္စယာ ဒွေ အာပတ္တိယော အာပဇ္ဇတိ။ ဥပသမ္ပန္နံ ဩမသတိ, အာပတ္တိ ပါစိတ္တိယဿ၊ အနုပသမ္ပန္နံ ဩမသတိ, အာပတ္တိ ဒုက္ကဋဿ – ဝိဝါဒါဓိကရဏပစ္စယာ ဣမာ ဒွေ အာပတ္တိယော အာပဇ္ဇတိ။</p>
<p class=""bodytext"">တာ အာပတ္တိယော စတုန္နံ ဝိပတ္တီနံ ကတိ ဝိပတ္တိယော ဘဇန္တိ? စတုန္နံ အဓိကရဏာနံ ကတမံ အဓိကရဏံ? သတ္တန္နံ အာပတ္တိက္ခန္ဓာနံ ကတိဟိ အာပတ္တိက္ခန္ဓေဟိ သင်္ဂဟိတာ? ဆန္နံ အာပတ္တိသမုဋ္ဌာနာနံ ကတိဟိ သမုဋ္ဌာနေဟိ သမုဋ္ဌန္တိ? ကတိဟိ အဓိကရဏေဟိ ကတိသု ဌာနေသု ကတိဟိ သမထေဟိ သမ္မန္တိ?</p>
<p class=""bodytext"">တာ အာပတ္တိယော စတုန္နံ ဝိပတ္တီနံ ဧကံ ဝိပတ္တိံ ဘဇန္တိ – အာစာရဝိပတ္တိံ။ စတုန္နံ အဓိကရဏာနံ<a name=""P5.0153""></a>, အာပတ္တာဓိကရဏံ။ သတ္တန္နံ အာပတ္တိက္ခန္ဓာနံ ဒွီဟိ အာပတ္တိက္ခန္ဓေဟိ သင်္ဂဟိတာ – သိယာ ပါစိတ္တိယာပတ္တိက္ခန္ဓေန, သိယာ ဒုက္ကဋာပတ္တိက္ခန္ဓေန။ ဆန္နံ အာပတ္တိသမုဋ္ဌာနာနံ တီဟိ သမုဋ္ဌာနေဟိ <a name=""V0.0290""></a> သမုဋ္ဌန္တိ။ ဧကေန အဓိကရဏေန – ကိစ္စာဓိကရဏေန၊ တီသု ဌာနေသု – သံဃမဇ္ဈေ, ဂဏမဇ္ဈေ, ပုဂ္ဂလဿ သန္တိကေ၊ တီဟိ သမထေဟိ သမ္မန္တိ – သိယာ သမ္မုခါဝိနယေန စ ပဋိညာတကရဏေန စ, သိယာ သမ္မုခါဝိနယေန စ တိဏဝတ္ထာရကေန စ။</p>
<p class=""bodytext""><a name=""para345""></a><a name=""para345_vin5""></a><span class=""paranum"">၃၄၅</span>။ အနုဝါဒါဓိကရဏံ အာပတ္တာနာပတ္တီတိ? အနုဝါဒါဓိကရဏံ န အာပတ္တိ။ ကိံ ပန အနုဝါဒါဓိကရဏပစ္စယာ အာပတ္တိံ အာပဇ္ဇေယျာတိ? အာမ, အနုဝါဒါဓိကရဏပစ္စယာ အာပတ္တိံ အာပဇ္ဇေယျ။ အနုဝါဒါဓိကရဏပစ္စယာ, ကတိ အာပတ္တိယော အာပဇ္ဇတိ? အနုဝါဒါဓိကရဏပစ္စယာ တိဿော <a name=""T0.0377""></a> အာပတ္တိယော အာပဇ္ဇတိ။ ဘိက္ခုံ အမူလကေန ပါရာဇိကေန ဓမ္မေန အနုဒ္ဓံသေတိ, အာပတ္တိ သံဃာဒိသေသဿ၊ အမူလကေန သံဃာဒိသေသေန အနုဒ္ဓံသေတိ, အာပတ္တိ ပါစိတ္တိယဿ၊ အမူလိကာယ အာစာရဝိပတ္တိယာ အနုဒ္ဓံသေတိ, အာပတ္တိ ဒုက္ကဋဿ – အနုဝါဒါဓိကရဏပစ္စယာ ဣမာ တိဿော အာပတ္တိယော အာပဇ္ဇတိ။</p>
",-344-345-
2138,mula_vi_05,268,"<p class=""bodytext"">တာ <a name=""M0.0268""></a> အာပတ္တိယော စတုန္နံ ဝိပတ္တီနံ ကတိ ဝိပတ္တိယော ဘဇန္တိ? စတုန္နံ အဓိကရဏာနံ ကတမံ အဓိကရဏံ? သတ္တန္နံ အာပတ္တိက္ခန္ဓာနံ ကတိဟိ အာပတ္တိက္ခန္ဓေဟိ သင်္ဂဟိတာ? ဆန္နံ အာပတ္တိသမုဋ္ဌာနာနံ ကတိဟိ သမုဋ္ဌာနေဟိ သမုဋ္ဌန္တိ? ကတိဟိ အဓိကရဏေဟိ ကတိသု ဌာနေသု ကတိဟိ သမထေဟိ သမ္မန္တိ?</p>
<p class=""bodytext"">တာ အာပတ္တိယော စတုန္နံ ဝိပတ္တီနံ ဒွေ ဝိပတ္တိယော ဘဇန္တိ – သိယာ သီလဝိပတ္တိံ, သိယာ အာစာရဝိပတ္တိံ။ စတုန္နံ အဓိကရဏာနံ, အာပတ္တာဓိကရဏံ။ သတ္တန္နံ အာပတ္တိက္ခန္ဓာနံ တီဟိ အာပတ္တိက္ခန္ဓေဟိ သင်္ဂဟိတာ – သိယာ သံဃာဒိသေသာပတ္တိက္ခန္ဓေန, သိယာ ပါစိတ္တိယာပတ္တိက္ခန္ဓေန, သိယာ ဒုက္ကဋာပတ္တိက္ခန္ဓေန။ ဆန္နံ အာပတ္တိသမုဋ္ဌာနာနံ တီဟိ သမုဋ္ဌာနေဟိ သမုဋ္ဌန္တိ။ ယာ တာ အာပတ္တိယော ဂရုကာ တာ အာပတ္တိယော ဧကေန အဓိကရဏေန – ကိစ္စာဓိကရဏေန၊ ဧကမှိ ဌာနေ – သံဃမဇ္ဈေ၊ ဒွီဟိ သမထေဟိ သမ္မန္တိ – သမ္မုခါဝိနယေန စ ပဋိညာတကရဏေန စ။ ယာ တာ အာပတ္တိယော လဟုကာ တာ အာပတ္တိယော ဧကေန အဓိကရဏေန – ကိစ္စာဓိကရဏေန၊ တီသု ဌာနေသု – သံဃမဇ္ဈေ ဂဏမဇ္ဈေ ပုဂ္ဂလဿ သန္တိကေ၊ တီဟိ သမထေဟိ သမ္မန္တိ – သိယာ သမ္မုခါဝိနယေန စ ပဋိညာတကရဏေန စ<a name=""T0.0378""></a>, သိယာ သမ္မုခါဝိနယေန စ တိဏဝတ္ထာရကေန စ။</p>
<p class=""bodytext""><a name=""para346""></a><a name=""para346_vin5""></a><span class=""paranum"">၃၄၆</span>။ အာပတ္တာဓိကရဏံ အာပတ္တာနာပတ္တီတိ? အာပတ္တာဓိကရဏံ အာပတ္တိ။ ကိံ ပန အာပတ္တာဓိကရဏပစ္စယာ အာပတ္တိံ အာပဇ္ဇေယျာတိ? အာမ, အာပတ္တာဓိကရဏပစ္စယာ အာပတ္တိံ အာပဇ္ဇေယျ။ အာပတ္တာဓိကရဏပစ္စယာ ကတိ အာပတ္တိယော အာပဇ္ဇတိ? အာပတ္တာဓိကရဏပစ္စယာ စတဿော <a name=""V0.0291""></a> အာပတ္တိယော အာပဇ္ဇတိ။ ဘိက္ခုနီ ဇာနံ ပါရာဇိကံ ဓမ္မံ <span class=""note"">[ပါရာဇိကံ ဓမ္မံ အဇ္ဈာပန္နံ (သျာ။)]</span> ပဋိစ္ဆာဒေတိ, အာပတ္တိ ပါရာဇိကဿ၊ ဝေမတိကာ ပဋိစ္ဆာဒေတိ, အာပတ္တိ ထုလ္လစ္စယဿ၊ ဘိက္ခု သံဃာဒိသေသံ ပဋိစ္ဆာဒေတိ, အာပတ္တိ ပါစိတ္တိယဿ၊ အာစာရဝိပတ္တိံ ပဋိစ္ဆာဒေတိ, အာပတ္တိ ဒုက္ကဋဿ – အာပတ္တာဓိကရဏပစ္စယာ ဣမာ စတဿော အာပတ္တိယော အာပဇ္ဇတိ။</p>
<p class=""bodytext"">တာ အာပတ္တိယော စတုန္နံ ဝိပတ္တီနံ ကတိ ဝိပတ္တိယော ဘဇန္တိ? စတုန္နံ အဓိကရဏာနံ ကတမံ အဓိကရဏံ? သတ္တန္နံ အာပတ္တိက္ခန္ဓာနံ ကတိဟိ အာပတ္တိက္ခန္ဓေဟိ သင်္ဂဟိတာ? ဆန္နံ အာပတ္တိသမုဋ္ဌာနာနံ ကတိဟိ သမုဋ္ဌာနေဟိ</p>
",-346-
2139,mula_vi_05,269,"<p class=""noindentbodytext""> သမုဋ္ဌန္တိ<a name=""M0.0269""></a>? ကတိဟိ အဓိကရဏေဟိ ကတိသု ဌာနေသု ကတိဟိ သမထေဟိ သမ္မန္တိ?</p>
<p class=""bodytext"">တာ အာပတ္တိယော စတုန္နံ ဝိပတ္တီနံ ဒွေ ဝိပတ္တိယော ဘဇန္တိ – သိယာ သီလဝိပတ္တိံ သိယာ အာစာရဝိပတ္တိံ။ စတုန္နံ အဓိကရဏာနံ – အာပတ္တာဓိကရဏံ။ သတ္တန္နံ အာပတ္တိက္ခန္ဓာနံ စတူဟိ အာပတ္တိက္ခန္ဓေဟိ သင်္ဂဟိတာ – သိယာ ပါရာဇိကာပတ္တိက္ခန္ဓေန, သိယာ ထုလ္လစ္စယာပတ္တိက္ခန္ဓေန, သိယာ ပါစိတ္တိယာပတ္တိက္ခန္ဓေန, သိယာ ဒုက္ကဋာပတ္တိက္ခန္ဓေန။ ဆန္နံ အာပတ္တိသမုဋ္ဌာနာနံ ဧကေန သမုဋ္ဌာနေန သမုဋ္ဌန္တိ <a name=""T0.0379""></a> – ကာယတော စ ဝါစတော စ စိတ္တတော စ သမုဋ္ဌန္တိ။ ယာ သာ အာပတ္တိ အနဝသေသာ သာ အာပတ္တိ န ကတမေန အဓိကရဏေန, န ကတမမှိ ဌာနေ, န ကတမေန သမထေန သမ္မတိ။ ယာ တာ အာပတ္တိယော လဟုကာ တာ အာပတ္တိယော ဧကေန အဓိကရဏေန – ကိစ္စာဓိကရဏေန၊ တီသု ဌာနေသု – သံဃမဇ္ဈေ, ဂဏမဇ္ဈေ, ပုဂ္ဂလဿ သန္တိကေ၊ တီဟိ သမထေဟိ သမ္မန္တိ – သိယာ သမ္မုခါဝိနယေန စ ပဋိညာတကရဏေန စ, သိယာ သမ္မုခါဝိနယေန စ တိဏဝတ္ထာရကေန စ။</p>
<p class=""bodytext""><a name=""para347""></a><a name=""para347_vin5""></a><span class=""paranum"">၃၄၇</span>။ ကိစ္စာဓိကရဏံ အာပတ္တာနာပတ္တီတိ? ကိစ္စာဓိကရဏံ န အာပတ္တိ။ ကိံ ပန ကိစ္စာဓိကရဏပစ္စယာ အာပတ္တိံ အာပဇ္ဇေယျာတိ? အာမ, ကိစ္စာဓိကရဏပစ္စယာ အာပတ္တိံ အာပဇ္ဇေယျ။ ကိစ္စာဓိကရဏပစ္စယာ ကတိ အာပတ္တိယော အာပဇ္ဇတိ? ကိစ္စာဓိကရဏပစ္စယာ ပဉ္စ အာပတ္တိယော အာပဇ္ဇတိ။ ဥက္ခိတ္တာနုဝတ္တိကာ ဘိက္ခုနီ ယာဝတတိယံ သမနုဘာသနာယ န ပဋိနိဿဇ္ဇတိ, ဉတ္တိယာ ဒုက္ကဋံ၊ ဒွီဟိ ကမ္မဝါစာဟိ ထုလ္လစ္စယာ၊ ကမ္မဝါစာပရိယောသာနေ အာပတ္တိ ပါရာဇိကဿ၊ ဘေဒကာနုဝတ္တကာ ဘိက္ခူ ယာဝတတိယံ သမနုဘာသနာယ န ပဋိနိဿဇ္ဇန္တိ, အာပတ္တိ သံဃာဒိသေသဿ၊ ပါပိကာယ ဒိဋ္ဌိယာ ယာဝတတိယံ သမနုဘာသနာယ န ပဋိနိဿဇ္ဇန္တိ, အာပတ္တိ ပါစိတ္တိယဿ – ကိစ္စာဓိကရဏပစ္စယာ ဣမာ ပဉ္စ အာပတ္တိယော အာပဇ္ဇတိ။</p>
<p class=""bodytext"">တာ <a name=""V0.0292""></a> အာပတ္တိယော စတုန္နံ ဝိပတ္တီနံ ကတိ ဝိပတ္တိယော ဘဇန္တိ? စတုန္နံ အဓိကရဏာနံ ကတမံ အဓိကရဏံ? သတ္တန္နံ အာပတ္တိက္ခန္ဓာနံ ကတိဟိ အာပတ္တိက္ခန္ဓေဟိ သင်္ဂဟိတာ? ဆန္နံ အာပတ္တိသမုဋ္ဌာနာနံ <a name=""T0.0380""></a> ကတိဟိ သမုဋ္ဌာနေဟိ သမုဋ္ဌန္တိ? ကတိဟိ အဓိကရဏေဟိ ကတိသု ဌာနေသု ကတိဟိ သမထေဟိ သမ္မန္တိ?</p>
",-347-
2140,mula_vi_05,270,"<p class=""bodytext"">တာ <a name=""P5.0154""></a><a name=""M0.0270""></a> အာပတ္တိယော စတုန္နံ ဝိပတ္တီနံ ဒွေ ဝိပတ္တိယော ဘဇန္တိ – သိယာ သီလဝိပတ္တိံ သိယာ အာစာရဝိပတ္တိံ။ စတုန္နံ အဓိကရဏာနံ – အာပတ္တာဓိကရဏံ။ သတ္တန္နံ အာပတ္တိက္ခန္ဓာနံ ပဉ္စဟိ အာပတ္တိက္ခန္ဓေဟိ သင်္ဂဟိတာ – သိယာ ပါရာဇိကာပတ္တိက္ခန္ဓေန, သိယာ သံဃာဒိသေသာပတ္တိက္ခန္ဓေန, သိယာ ထုလ္လစ္စယာပတ္တိက္ခန္ဓေန, သိယာ ပါစိတ္တိယာပတ္တိက္ခန္ဓေန, သိယာ ဒုက္ကဋာပတ္တိက္ခန္ဓေန။ ဆန္နံ အာပတ္တိသမုဋ္ဌာနာနံ ဧကေန သမုဋ္ဌာနေန သမုဋ္ဌန္တိ – ကာယတော စ ဝါစတော စ စိတ္တတော စ သမုဋ္ဌန္တိ။ ယာ သာ အာပတ္တိ အနဝသေသာ သာ အာပတ္တိ န ကတမေန အဓိကရဏေန, န ကတမမှိ ဌာနေ, န ကတမေန သမထေန သမ္မတိ။ ယာ သာ အာပတ္တိ ဂရုကာ သာ အာပတ္တိ ဧကေန အဓိကရဏေန – ကိစ္စာဓိကရဏေန၊ ဧကမှိ ဌာနေ – သံဃမဇ္ဈေ၊ ဒွီဟိ သမထေဟိ သမ္မတိ – သမ္မုခါဝိနယေန စ ပဋိညာတကရဏေန စ။ ယာ တာ အာပတ္တိယော လဟုကာ တာ အာပတ္တိယော ဧကေန အဓိကရဏေန – ကိစ္စာဓိကရဏေန၊ တီသု ဌာနေသု – သံဃမဇ္ဈေ, ဂဏမဇ္ဈေ, ပုဂ္ဂလဿ သန္တိကေ၊ တီဟိ သမထေဟိ သမ္မန္တိ – သိယာ သမ္မုခါဝိနယေန စ ပဋိညာတကရဏေန စ, သိယာ သမ္မုခါဝိနယေန စ တိဏဝတ္ထာရကေန စ။</p>
<p class=""subhead"">၅။ အဓိကရဏာဓိပ္ပါယော</p>
<p class=""bodytext""><a name=""para348""></a><a name=""para348_vin5""></a><span class=""paranum"">၃၄၈</span>။ ဝိဝါဒါဓိကရဏံ ဟောတိ အနုဝါဒါဓိကရဏံ, ဟောတိ အာပတ္တာဓိကရဏံ, ဟောတိ ကိစ္စာဓိကရဏံ။ ဝိဝါဒါဓိကရဏံ န ဟောတိ အနုဝါဒါဓိကရဏံ, န ဟောတိ အာပတ္တာဓိကရဏံ, န ဟောတိ ကိစ္စာဓိကရဏံ၊ အပိ <a name=""T0.0381""></a> စ, ဝိဝါဒါဓိကရဏပစ္စယာ ဟောတိ အနုဝါဒါဓိကရဏံ, ဟောတိ အာပတ္တာဓိကရဏံ, ဟောတိ ကိစ္စာဓိကရဏံ။ ယထာ ကထံ ဝိယ? <span class=""note"">[စူဠဝ။ ၂၁၅၊ ပရိ။ ၃၁၄]</span> ဣဓ ဘိက္ခူ ဝိဝဒန္တိ – ဓမ္မောတိ ဝါ အဓမ္မောတိ ဝါ ဒုဋ္ဌုလ္လာပတ္တီတိ ဝါ အဒုဋ္ဌုလ္လာပတ္တီတိ ဝါ။ ယံ တတ္ထ ဘဏ္ဍနံ ကလဟော ဝိဂ္ဂဟော ဝိဝါဒေါ နာနာဝါဒေါ အညထာဝါဒေါ ဝိပစ္စတာယ ဝေါဟာရော မေဓကံ, ဣဒံ ဝုစ္စတိ ဝိဝါဒါဓိကရဏံ။ ဝိဝါဒါဓိကရဏေ သံဃော ဝိဝဒတိ ဝိဝါဒါဓိကရဏံ။ ဝိဝဒမာနော အနုဝဒတိ အနုဝါဒါဓိကရဏံ။ အနုဝဒမာနော အာပတ္တိံ အာပဇ္ဇတိ အာပတ္တာဓိကရဏံ။ တာယ အာပတ္တိယာ သံဃော ကမ္မံ ကရောတိ ကိစ္စာဓိကရဏံ။ ဧဝံ ဝိဝါဒါဓိကရဏပစ္စယာ ဟောတိ အနုဝါဒါဓိကရဏံ, ဟောတိ အာပတ္တာဓိကရဏံ, ဟောတိ ကိစ္စာဓိကရဏံ။</p>
",-348-
2141,mula_vi_05,271,"<p class=""bodytext"">အနုဝါဒါဓိကရဏံ <a name=""M0.0271""></a><a name=""V0.0293""></a> ဟောတိ အာပတ္တာဓိကရဏံ, ဟောတိ ကိစ္စာဓိကရဏံ, ဟောတိ ဝိဝါဒါဓိကရဏံ။ အနုဝါဒါဓိကရဏံ န ဟောတိ အာပတ္တာဓိကရဏံ, န ဟောတိ ကိစ္စာဓိကရဏံ, န ဟောတိ ဝိဝါဒါဓိကရဏံ၊ အပိ စ, အနုဝါဒါဓိကရဏပစ္စယာ ဟောတိ အာပတ္တာဓိကရဏံ, ဟောတိ ကိစ္စာဓိကရဏံ, ဟောတိ ဝိဝါဒါဓိကရဏံ။ ယထာ ကထံ ဝိယ? ဣဓ ဘိက္ခူ ဘိက္ခုံ အနုဝဒန္တိ သီလဝိပတ္တိယာ ဝါ အာစာရဝိပတ္တိယာ ဝါ ဒိဋ္ဌိဝိပတ္တိယာ ဝါ အာဇီဝဝိပတ္တိယာ ဝါ။ ယော တတ္ထ အနုဝါဒေါ အနုဝဒနာ အနုလ္လပနာ အနုဘဏနာ အနုသမ္ပဝင်္ကတာ အဗ္ဘုဿဟနတာ အနုဗလပ္ပဒါနံ, ဣဒံ ဝုစ္စတိ အနုဝါဒါဓိကရဏံ။ အနုဝါဒါဓိကရဏေ သံဃော ဝိဝဒတိ, ဝိဝါဒါဓိကရဏံ။ ဝိဝဒမာနော အနုဝဒတိ, အနုဝါဒါဓိကရဏံ။ အနုဝဒမာနော အာပတ္တိံ အာပဇ္ဇတိ, အာပတ္တာဓိကရဏံ။ တာယ အာပတ္တိယာ သံဃော ကမ္မံ ကရောတိ, ကိစ္စာဓိကရဏံ။ ဧဝံ အနုဝါဒါဓိကရဏပစ္စယာ ဟောတိ အာပတ္တာဓိကရဏံ, ဟောတိ ကိစ္စာဓိကရဏံ, ဟောတိ ဝိဝါဒါဓိကရဏံ။</p>
<p class=""bodytext"">အာပတ္တာဓိကရဏံ ဟောတိ ကိစ္စာဓိကရဏံ, ဟောတိ ဝိဝါဒါဓိကရဏံ, ဟောတိ အနုဝါဒါဓိကရဏံ။ အာပတ္တာဓိကရဏံ န ဟောတိ ကိစ္စာဓိကရဏံ, န ဟောတိ ဝိဝါဒါဓိကရဏံ, န ဟောတိ အနုဝါဒါဓိကရဏံ၊ အပိ စ, အာပတ္တာဓိကရဏပစ္စယာ ဟောတိ ကိစ္စာဓိကရဏံ, ဟောတိ ဝိဝါဒါဓိကရဏံ, ဟောတိ အနုဝါဒါဓိကရဏံ။ ယထာ ကထံ ဝိယ? <span class=""note"">[စူဠဝ။ ၂၁၅၊ ပရိ။ ၃၄၈]</span> ပဉ္စပိ အာပတ္တိက္ခန္ဓာ အာပတ္တာဓိကရဏံ, သတ္တပိ အာပတ္တိက္ခန္ဓာ အာပတ္တာဓိကရဏံ, ဣဒံ ဝုစ္စတိ အာပတ္တာဓိကရဏံ။ အာပတ္တာဓိကရဏေ သံဃော ဝိဝဒတိ ဝိဝါဒါဓိကရဏံ။ ဝိဝဒမာနော အနုဝဒတိ အနုဝါဒါဓိကရဏံ။ အနုဝဒမာနော အာပတ္တိံ အာပဇ္ဇတိ အာပတ္တာဓိကရဏံ။ တာယ အာပတ္တိယာ သံဃော ကမ္မံ ကရောတိ ကိစ္စာဓိကရဏံ။ ဧဝံ အာပတ္တာဓိကရဏပစ္စယာ ဟောတိ ကိစ္စာဓိကရဏံ, ဟောတိ ဝိဝါဒါဓိကရဏံ, ဟောတိ အနုဝါဒါဓိကရဏံ။</p>
<p class=""bodytext"">ကိစ္စာဓိကရဏံ ဟောတိ ဝိဝါဒါဓိကရဏံ, ဟောတိ အနုဝါဒါဓိကရဏံ, ဟောတိ အာပတ္တာဓိကရဏံ။ ကိစ္စာဓိကရဏံ န ဟောတိ ဝိဝါဒါဓိကရဏံ, န ဟောတိ အနုဝါဒါဓိကရဏံ, န ဟောတိ အာပတ္တာဓိကရဏံ၊ အပိ စ, ကိစ္စာဓိကရဏပစ္စယာ ဟောတိ ဝိဝါဒါဓိကရဏံ, ဟောတိ အနုဝါဒါဓိကရဏံ, ဟောတိ <a name=""T0.0383""></a> အာပတ္တာဓိကရဏံ။ ယထာ ကထံ ဝိယ? ယာ သံဃဿ ကိစ္စယတာ ကရဏီယတာ အပလောကနကမ္မံ ဉတ္တိကမ္မံ ဉတ္တိဒုတိယကမ္မံ ဉတ္တိစတုတ္ထကမ္မံ,</p>
",
2142,mula_vi_05,272,"<p class=""noindentbodytext""> ဣဒံ<a name=""M0.0272""></a> ဝုစ္စတိ ကိစ္စာဓိကရဏံ။ ကိစ္စာဓိကရဏေ သံဃော ဝိဝဒတိ ဝိဝါဒါဓိကရဏံ။ ဝိဝဒမာနော အနုဝဒတိ အနုဝါဒါဓိကရဏံ။ အနုဝဒမာနော အာပတ္တိံ အာပဇ္ဇတိ အာပတ္တာဓိကရဏံ။ တာယ အာပတ္တိယာ သံဃော ကမ္မံ ကရောတိ ကိစ္စာဓိကရဏံ။ ဧဝံ ကိစ္စာဓိကရဏပစ္စယာ ဟောတိ ဝိဝါဒါဓိကရဏံ, ဟောတိ အနုဝါဒါဓိကရဏံ, ဟောတိ အာပတ္တာဓိကရဏံ။</p>
<p class=""subhead"">၆။ ပုစ္ဆာဝါရော</p>
<p class=""bodytext""><a name=""para349""></a><a name=""para349_vin5""></a><span class=""paranum"">၃၄၉</span>။ ယတ္ထ <a name=""V0.0294""></a> သတိဝိနယော တတ္ထ သမ္မုခါဝိနယော? ယတ္ထ သမ္မုခါဝိနယော <a name=""P5.0155""></a> တတ္ထ သတိဝိနယော? ယတ္ထ အမူဠှဝိနယော တတ္ထ သမ္မုခါဝိနယော? ယတ္ထ သမ္မုခါဝိနယော တတ္ထ အမူဠှဝိနယော? ယတ္ထ ပဋိညာတကရဏံ တတ္ထ သမ္မုခါဝိနယော? ယတ္ထ သမ္မုခါဝိနယော တတ္ထ ပဋိညာတကရဏံ? ယတ္ထ ယေဘုယျသိကာ တတ္ထ သမ္မုခါဝိနယော? ယတ္ထ သမ္မုခါဝိနယော တတ္ထ ယေဘုယျသိကာ? ယတ္ထ တဿပါပိယသိကာ တတ္ထ သမ္မုခါဝိနယော? ယတ္ထ သမ္မုခါဝိနယော တတ္ထ တဿပါပိယသိကာ? ယတ္ထ တိဏဝတ္ထာရကော တတ္ထ သမ္မုခါဝိနယော? ယတ္ထ သမ္မုခါဝိနယော တတ္ထ တိဏဝတ္ထာရကော?</p>
<p class=""subhead"">၇။ ဝိဿဇ္ဇနာဝါရော</p>
<p class=""bodytext""><a name=""para350""></a><a name=""para350_vin5""></a><span class=""paranum"">၃၅၀</span>။ ယသ္မိံ သမယေ သမ္မုခါဝိနယေန စ သတိဝိနယေန စ အဓိကရဏံ ဝူပသမ္မတိ – ယတ္ထ သတိဝိနယော တတ္ထ သမ္မုခါဝိနယော, ယတ္ထ သမ္မုခါဝိနယော တတ္ထ သတိဝိနယော, န တတ္ထ အမူဠှဝိနယော, န တတ္ထ <a name=""T0.0384""></a> ပဋိညာတကရဏံ, န တတ္ထ ယေဘုယျသိကာ, န တတ္ထ တဿပါပိယသိကာ, န တတ္ထ တိဏဝတ္ထာရကော။ ယသ္မိံ သမယေ သမ္မုခါဝိနယေန စ အမူဠှဝိနယေန စ…ပေ… သမ္မုခါဝိနယေန စ ပဋိညာတကရဏေန စ…ပေ… သမ္မုခါဝိနယေန စ ယေဘုယျသိကာယ စ…ပေ… သမ္မုခါဝိနယေန စ တဿပါပိယသိကာယ စ…ပေ… သမ္မုခါဝိနယေန စ တိဏဝတ္ထာရကေန စ အဓိကရဏံ ဝူပသမ္မတိ – ယတ္ထ တိဏဝတ္ထာရကော တတ္ထ သမ္မုခါဝိနယော, ယတ္ထ သမ္မုခါဝိနယော တတ္ထ တိဏဝတ္ထာရကော, န တတ္ထ သတိဝိနယော, န တတ္ထ အမူဠှဝိနယော, န တတ္ထ ပဋိညာတကရဏံ, န တတ္ထ ယေဘုယျသိကာ, န တတ္ထ တဿပါပိယသိကာ။</p>
<p class=""subhead"">၈။ သံသဋ္ဌဝါရော</p>
<p class=""bodytext""><a name=""para351""></a><a name=""para351_vin5""></a><span class=""paranum"">၃၅၁</span>။ သမ္မုခါဝိနယောတိ ဝါ သတိဝိနယောတိ ဝါ – ဣမေ ဓမ္မာ သံသဋ္ဌာ ဥဒါဟု ဝိသံသဋ္ဌာ? လဗ္ဘာ စ ပနိမေသံ ဓမ္မာနံ ဝိနိဗ္ဘုဇိတွာ ဝိနိဗ္ဘုဇိတွာ</p>
",-349-350-351-
2143,mula_vi_05,273,"<p class=""noindentbodytext""> နာနာကရဏံ<a name=""M0.0273""></a> ပညာပေတုံ? သမ္မုခါဝိနယောတိ ဝါ အမူဠှဝိနယောတိ ဝါ…ပေ… သမ္မုခါဝိနယောတိ ဝါ ပဋိညာတကရဏန္တိ ဝါ… သမ္မုခါဝိနယောတိ ဝါ ယေဘုယျသိကာတိ ဝါ… သမ္မုခါဝိနယောတိ ဝါ တဿပါပိယသိကာတိ ဝါ… သမ္မုခါဝိနယောတိ ဝါ တိဏဝတ္ထာရကောတိ – ဣမေ ဓမ္မာ သံသဋ္ဌာ ဥဒါဟု ဝိသံသဋ္ဌာ<a name=""V0.0295""></a>? လဗ္ဘာ စ ပနိမေသံ ဓမ္မာနံ ဝိနိဗ္ဘုဇိတွာ ဝိနိဗ္ဘုဇိတွာ နာနာကရဏံ ပညာပေတုံ?</p>
<p class=""bodytext"">သမ္မုခါဝိနယောတိ ဝါ သတိဝိနယောတိ ဝါ – ဣမေ ဓမ္မာ သံသဋ္ဌာ, နော ဝိသံသဋ္ဌာ၊ န စ လဗ္ဘာ ဣမေသံ ဓမ္မာနံ ဝိနိဗ္ဘုဇိတွာ ဝိနိဗ္ဘုဇိတွာ နာနာကရဏံ ပညာပေတုံ။ သမ္မုခါဝိနယောတိ ဝါ အမူဠှဝိနယောတိ <a name=""T0.0385""></a> ဝါ…ပေ… သမ္မုခါဝိနယောတိ ဝါ ပဋိညာတကရဏန္တိ ဝါ… သမ္မုခါဝိနယောတိ ဝါ ယေဘုယျသိကာတိ ဝါ… သမ္မုခါဝိနယောတိ ဝါ တဿပါပိယသိကာတိ ဝါ… သမ္မုခါဝိနယောတိ ဝါ တိဏဝတ္ထာရကောတိ ဝါ – ဣမေ ဓမ္မာ သံသဋ္ဌာ, နော ဝိသံသဋ္ဌာ၊ န စ လဗ္ဘာ ဣမေသံ ဓမ္မာနံ ဝိနိဗ္ဘုဇိတွာ ဝိနိဗ္ဘုဇိတွာ နာနာကရဏံ ပညာပေတုံ။</p>
<p class=""subhead"">၉။ သတ္တသမထနိဒါနံ</p>
<p class=""bodytext""><a name=""para352""></a><a name=""para352_vin5""></a><span class=""paranum"">၃၅၂</span>။ သမ္မုခါဝိနယော ကိံနိဒါနော, ကိံသမုဒယော, ကိံဇာတိကော, ကိံပဘဝေါ, ကိံသမ္ဘာရော ကိံသမုဋ္ဌာနော? သတိဝိနယော ကိံနိဒါနော, ကိံသမုဒယော, ကိံဇာတိကော, ကိံပဘဝေါ, ကိံသမ္ဘာရော, ကိံသမုဋ္ဌာနော? အမူဠှဝိနယော ကိံနိဒါနော, ကိံသမုဒယော, ကိံဇာတိကော, ကိံပဘဝေါ, ကိံသမ္ဘာရော, ကိံသမုဋ္ဌာနော? ပဋိညာတကရဏံ ကိံနိဒါနံ, ကိံသမုဒယံ, ကိံဇာတိကံ, ကိံပဘဝံ, ကိံသမ္ဘာရံ, ကိံသမုဋ္ဌာနံ? ယေဘုယျသိကာ ကိံနိဒါနာ, ကိံသမုဒယာ, ကိံဇာတိကာ, ကိံပဘဝါ, ကိံသမ္ဘာရာ, ကိံသမုဋ္ဌာနာ? တဿပါပိယသိကာ ကိံနိဒါနာ, ကိံသမုဒယာ, ကိံဇာတိကာ, ကိံပဘဝါ, ကိံသမ္ဘာရာ, ကိံသမုဋ္ဌာနာ တိဏဝတ္ထာရကော ကိံနိဒါနော, ကိံသမုဒယော, ကိံဇာတိကော, ကိံပဘဝေါ, ကိံသမ္ဘာရော, ကိံသမုဋ္ဌာနော?</p>
<p class=""bodytext"">သမ္မုခါဝိနယော နိဒါနနိဒါနော, နိဒါနသမုဒယော, နိဒါနဇာတိကော, နိဒါနပဘဝေါ, နိဒါနသမ္ဘာရော, နိဒါနသမုဋ္ဌာနော။ သတိဝိနယော…ပေ… အမူဠှဝိနယော…ပေ… ပဋိညာတကရဏံ နိဒါနနိဒါနံ, နိဒါနသမုဒယံ, နိဒါနဇာတိကံ, နိဒါနပဘဝံ, နိဒါနသမ္ဘာရံ, နိဒါနသမုဋ္ဌာနံ။ ယေဘုယျသိကာ…ပေ… တဿပါပိယသိကာ နိဒါနနိဒါနာ, နိဒါနသမုဒယာ, နိဒါနဇာတိကာ, နိဒါနပဘဝါ,</p>
",-352-
2144,mula_vi_05,274,"<p class=""noindentbodytext""> နိဒါနသမ္ဘာရာ<a name=""M0.0274""></a>, နိဒါနသမုဋ္ဌာနာ။ တိဏဝတ္ထာရကော နိဒါနနိဒါနော, နိဒါနသမုဒယော, နိဒါနဇာတိကော, နိဒါနပဘဝေါ, နိဒါနသမ္ဘာရော, နိဒါနသမုဋ္ဌာနော။</p>
<p class=""bodytext"">သမ္မုခါဝိနယော <a name=""P5.0156""></a> ကိံနိဒါနော, ကိံသမုဒယော, ကိံဇာတိကော, ကိံပဘဝေါ, ကိံသမ္ဘာရော, ကိံသမုဋ္ဌာနော<a name=""V0.0296""></a>? သတိဝိနယော…ပေ… အမူဠှဝိနယော…ပေ… ပဋိညာတကရဏံ…ပေ… ယေဘုယျသိကာ…ပေ… တဿပါပိယသိကာ…ပေ… တိဏဝတ္ထာရကော ကိံနိဒါနော, ကိံသမုဒယော, ကိံဇာတိကော, ကိံပဘဝေါ, ကိံသမ္ဘာရော, ကိံသမုဋ္ဌာနော?</p>
<p class=""bodytext"">သမ္မုခါဝိနယော ဟေတုနိဒါနော, ဟေတုသမုဒယော, ဟေတုဇာတိကော, ဟေတုပဘဝေါ, ဟေတုသမ္ဘာရော, ဟေတုသမုဋ္ဌာနော<a name=""T0.0386""></a>။ သတိဝိနယော…ပေ… အမူဠှဝိနယော…ပေ… ပဋိညာတကရဏံ ဟေတုနိဒါနံ, ဟေတုသမုဒယံ, ဟေတုဇာတိကံ, ဟေတုပဘဝံ, ဟေတုသမ္ဘာရံ, ဟေတုသမုဋ္ဌာနံ။ ယေဘုယျသိကာ…ပေ… တဿပါပိယသိကာ ဟေတုနိဒါနာ, ဟေတုသမုဒယာ, ဟေတုဇာတိကာ, ဟေတုပဘဝါ, ဟေတုသမ္ဘာရာ, ဟေတုသမုဋ္ဌာနာ။ တိဏဝတ္ထာရကော ဟေတုနိဒါနော, ဟေတုသမုဒယော, ဟေတုဇာတိကော, ဟေတုပဘဝေါ, ဟေတုသမ္ဘာရော, ဟေတုသမုဋ္ဌာနော။</p>
<p class=""bodytext"">သမ္မုခါဝိနယော ကိံနိဒါနော, ကိံသမုဒယော, ကိံဇာတိကော, ကိံပဘဝေါ, ကိံသမ္ဘာရော, ကိံသမုဋ္ဌာနော? သတိဝိနယော…ပေ… အမူဠှဝိနယော…ပေ… ပဋိညာတကရဏံ…ပေ… ယေဘုယျသိကာ…ပေ… တဿပါပိယသိကာ…ပေ… တိဏဝတ္ထာရကော ကိံနိဒါနော, ကိံသမုဒယော, ကိံဇာတိကော, ကိံပဘဝေါ, ကိံသမ္ဘာရော, ကိံသမုဋ္ဌာနော? သမ္မုခါဝိနယော ပစ္စယနိဒါနော, ပစ္စယသမုဒယော, ပစ္စယဇာတိကော, ပစ္စယပဘဝေါ, ပစ္စယသမ္ဘာရော, ပစ္စယသမုဋ္ဌာနော။ သတိဝိနယော…ပေ… အမူဠှဝိနယော…ပေ… ပဋိညာတကရဏံ ပစ္စယနိဒါနံ, ပစ္စယသမုဒယံ, ပစ္စယဇာတိကံ, ပစ္စယပဘဝံ, ပစ္စယသမ္ဘာရံ, ပစ္စယသမုဋ္ဌာနံ။ ယေဘုယျသိကာ…ပေ… တဿပါပိယသိကာ ပစ္စယနိဒါနာ, ပစ္စယသမုဒယာ, ပစ္စယဇာတိကာ, ပစ္စယပဘဝါ, ပစ္စယသမ္ဘာရာ, ပစ္စယသမုဋ္ဌာနာ။ တိဏဝတ္ထာရကော ပစ္စယနိဒါနော, ပစ္စယသမုဒယော, ပစ္စယဇာတိကော, ပစ္စယပဘဝေါ, ပစ္စယသမ္ဘာရော, ပစ္စယသမုဋ္ဌာနော။</p>
<p class=""bodytext""><a name=""para353""></a><a name=""para353_vin5""></a><span class=""paranum"">၃၅၃</span>။ သတ္တန္နံ သမထာနံ ကတိ မူလာနိ, ကတိ သမုဋ္ဌာနာ? သတ္တန္နံ သမထာနံ ဆဗ္ဗီသ မူလာနိ, ဆတ္တိံသ သမုဋ္ဌာနာ။ သတ္တန္နံ သမထာနံ ကတမာနိ</p>
",-353-
2145,mula_vi_05,275,"<p class=""noindentbodytext""> ဆဗ္ဗီ<a name=""M0.0275""></a> မူလာနိ? သမ္မုခါဝိနယဿ စတ္တာရိ မူလာနိ။ သံဃသမ္မုခတာ, ဓမ္မသမ္မုခတာ, ဝိနယသမ္မုခတာ, ပုဂ္ဂလသမ္မုခတာ၊ သတိဝိနယဿ စတ္တာရိ မူလာနိ၊ အမူဠှဝိနယဿ စတ္တာရိ မူလာနိ၊ ပဋိညာတကရဏဿ ဒွေ မူလာနိ – ယော စ ဒေသေတိ ယဿ စ ဒေသေတိ၊ ယေဘုယျသိကာယ စတ္တာရိ မူလာနိ၊ တဿပါပိယသိကာယ စတ္တာရိ <a name=""T0.0387""></a> မူလာနိ၊ တိဏဝတ္ထာရကဿ စတ္တာရိ မူလာနိ – သံဃသမ္မုခတာ, ဓမ္မသမ္မုခတာ, ဝိနယသမ္မုခတာ, ပုဂ္ဂလသမ္မုခတာ – သတ္တန္နံ သမထာနံ ဣမာနိ ဆဗ္ဗီသ မူလာနိ။</p>
<p class=""bodytext"">သတ္တန္နံ <a name=""V0.0297""></a> သမထာနံ ကတမေ ဆတ္တိံသ သမုဋ္ဌာနာ? သတိဝိနယဿ ကမ္မဿ ကိရိယာ, ကရဏံ, ဥပဂမနံ, အဇ္ဈုပဂမနံ, အဓိဝါသနာ, အပ္ပဋိက္ကောသနာ။ အမူဠှဝိနယဿ ကမ္မဿ…ပေ… ပဋိညာတကရဏဿ ကမ္မဿ… ယေဘုယျသိကာယ ကမ္မဿ… တဿပါပိယသိကာယ ကမ္မဿ… တိဏဝတ္ထာရကဿ ကမ္မဿ ကိရိယာ, ကရဏံ, ဥပဂမနံ, အဇ္ဈုပဂမနံ, အဓိဝါသနာ, အပ္ပဋိက္ကောသနာ – သတ္တန္နံ သမထာနံ ဣမေ ဆတ္တိံသ သမုဋ္ဌာနာ။</p>
<p class=""subhead"">၁၀။ သတ္တသမထနာနတ္ထာဒိ</p>
<p class=""bodytext""><a name=""para354""></a><a name=""para354_vin5""></a><span class=""paranum"">၃၅၄</span>။ သမ္မုခါဝိနယောတိ ဝါ သတိဝိနယောတိ ဝါ – ဣမေ ဓမ္မာ နာနတ္ထာ နာနာဗျဉ္ဇနာ ဥဒါဟု ဧကတ္ထာ ဗျဉ္ဇနမေဝ နာနံ? သမ္မုခါဝိနယောတိ ဝါ အမူဠှဝိနယောတိ ဝါ…ပေ… သမ္မုခါဝိနယောတိ ဝါ ပဋိညာတကရဏန္တိ ဝါ… သမ္မုခါဝိနယောတိ ဝါ ယေဘုယျသိကာတိ ဝါ… သမ္မုခါဝိနယောတိ ဝါ တဿပါပိယသိကာတိ ဝါ… သမ္မုခါဝိနယောတိ ဝါ တိဏဝတ္ထာရကောတိ ဝါ – ဣမေ ဓမ္မာ နာနတ္ထာ နာနာဗျဉ္ဇနာ ဥဒါဟု ဧကတ္ထာ ဗျဉ္ဇနမေဝ နာနံ? သမ္မုခါဝိနယောတိ ဝါ သတိဝိနယောတိ ဝါ – ဣမေ ဓမ္မာ နာနတ္ထာ စေဝ နာနာဗျဉ္ဇနာ စ။ သမ္မုခါဝိနယောတိ ဝါ အမူဠှဝိနယောတိ ဝါ…ပေ… သမ္မုခါဝိနယောတိ ဝါ ပဋိညာတကရဏန္တိ ဝါ… သမ္မုခါဝိနယောတိ ဝါ ယေဘုယျသိကာတိ ဝါ… သမ္မုခါဝိနယောတိ ဝါ တဿပါပိယသိကာတိ ဝါ… သမ္မုခါဝိနယောတိ ဝါ <a name=""T0.0388""></a> တိဏဝတ္ထာရကောတိ ဝါ – ဣမေ ဓမ္မာ နာနတ္ထာ စေဝ နာနာ ဗျဉ္ဇနာ စ။</p>
<p class=""bodytext""><a name=""para355""></a><a name=""para355_vin5""></a><span class=""paranum"">၃၅၅</span>။ <span class=""note"">[စူဠဝ။ ၂၂၄]</span> ဝိဝါဒေါ <a name=""P5.0157""></a> ဝိဝါဒါဓိကရဏံ, ဝိဝါဒေါ နော အဓိကရဏံ, အဓိကရဏံ နော ဝိဝါဒေါ, အဓိကရဏဉ္စေဝ ဝိဝါဒေါ စ? သိယာ ဝိဝါဒေါ ဝိဝါဒါဓိကရဏံ, သိယာ ဝိဝါဒေါ နော အဓိကရဏံ, သိယာ အဓိကရဏံ နော ဝိဝါဒေါ, သိယာ အဓိကရဏဉ္စေဝ ဝိဝါဒေါ စ။</p>
",-354-355-
2146,mula_vi_05,276,"<p class=""bodytext"">တတ္ထ <a name=""M0.0276""></a> ကတမော ဝိဝါဒေါ ဝိဝါဒါဓိကရဏံ? ဣဓ ဘိက္ခူ ဝိဝဒန္တိ ဓမ္မောတိ ဝါ အဓမ္မောတိ ဝါ…ပေ… ဒုဋ္ဌုလ္လာ အာပတ္တီတိ ဝါ အဒုဋ္ဌုလ္လာ အာပတ္တီတိ ဝါ။ ယံ တတ္ထ ဘဏ္ဍနံ, ကလဟော, ဝိဂ္ဂဟော, ဝိဝါဒေါ, နာနာဝါဒေါ, အညထာဝါဒေါ, ဝိပစ္စတာယ ဝေါဟာရော, မေဓကံ – အယံ ဝိဝါဒေါ ဝိဝါဒါဓိကရဏံ။</p>
<p class=""bodytext"">တတ္ထ ကတမော ဝိဝါဒေါ နော အဓိကရဏံ? မာတာပိ ပုတ္တေန ဝိဝဒတိ, ပုတ္တောပိ မာတရာ ဝိဝဒတိ, ပိတာပိ ပုတ္တေန ဝိဝဒတိ, ပုတ္တောပိ ပိတရာ ဝိဝဒတိ, ဘာတာပိ ဘာတရာ ဝိဝဒတိ, ဘာတာပိ <a name=""V0.0298""></a> ဘဂိနိယာ ဝိဝဒတိ, ဘဂိနီပိ ဘာတရာ ဝိဝဒတိ, သဟာယောပိ သဟာယေန ဝိဝဒတိ – အယံ ဝိဝါဒေါ နော အဓိကရဏံ။</p>
<p class=""bodytext"">တတ္ထ ကတမံ အဓိကရဏံ နော ဝိဝါဒေါ? အနုဝါဒါဓိကရဏံ, အာပတ္တာဓိကရဏံ, ကိစ္စာဓိကရဏံ – ဣဒံ အဓိကရဏံ နော ဝိဝါဒေါ။</p>
<p class=""bodytext"">တတ္ထ ကတမံ အဓိကရဏဉ္စေဝ ဝိဝါဒေါ စ? ဝိဝါဒါဓိကရဏံ အဓိကရဏဉ္စေဝ ဝိဝါဒေါ စ။</p>
<p class=""bodytext""><a name=""para356""></a><a name=""para356_vin5""></a><span class=""paranum"">၃၅၆</span>။ <span class=""note"">[စူဠဝ။ ၂၂၄ အာဒယော]</span> အနုဝါဒေါ အနုဝါဒါဓိကရဏံ, အနုဝါဒေါ နော အဓိကရဏံ, အဓိကရဏံ နော အနုဝါဒေါ, အဓိကရဏဉ္စေဝ အနုဝါဒေါ စ? သိယာ အနုဝါဒေါ <a name=""T0.0389""></a> အနုဝါဒါဓိကရဏံ, သိယာ အနုဝါဒေါ နော အဓိကရဏံ, သိယာ အဓိကရဏံ နော အနုဝါဒေါ, သိယာ အဓိကရဏဉ္စေဝ အနုဝါဒေါ စ။</p>
<p class=""bodytext"">တတ္ထ ကတမော အနုဝါဒေါ အနုဝါဒါဓိကရဏံ? ဣဓ ဘိက္ခူ ဘိက္ခုံ အနုဝဒန္တိ သီလဝိပတ္တိယာ ဝါ အာစာရဝိပတ္တိယာ ဝါ ဒိဋ္ဌိဝိပတ္တိယာ ဝါ အာဇီဝဝိပတ္တိယာ ဝါ။ ယော တတ္ထ အနုဝါဒေါ, အနုဝဒနာ အနုလ္လပနာ အနုဘဏနာ အနုသမ္ပဝင်္ကတာ အဗ္ဘုဿဟနတာ အနုဗလပ္ပဒါနံ – အယံ အနုဝါဒေါ အနုဝါဒါဓိကရဏံ။</p>
<p class=""bodytext"">တတ္ထ ကတမော အနုဝါဒေါ နော အဓိကရဏံ? မာတာပိ ပုတ္တံ အနုဝဒတိ, ပုတ္တောပိ မာတရံ အနုဝဒတိ, ပိတာပိ ပုတ္တံ အနုဝဒတိ, ပုတ္တောပိ ပိတရံ အနုဝဒတိ, ဘာတာပိ ဘာတရံ အနုဝဒတိ, ဘာတာပိ ဘဂိနိံ အနုဝဒတိ, ဘဂိနီပိ ဘာတရံ အနုဝဒတိ, သဟာယောပိ သဟာယံ အနုဝဒတိ – အယံ အနုဝါဒေါ နော အဓိကရဏံ။</p>
<p class=""bodytext"">တတ္ထ ကတမံ အဓိကရဏံ နော အနုဝါဒေါ? အာပတ္တာဓိကရဏံ ကိစ္စာဓိကရဏံ ဝိဝါဒါဓိကရဏံ – ဣဒံ အဓိကရဏံ နော အနုဝါဒေါ။</p>
",-356-
2147,mula_vi_05,277,"<p class=""bodytext"">တတ္ထ <a name=""M0.0277""></a> ကတမံ အဓိကရဏဉ္စေဝ အနုဝါဒေါ စ? အနုဝါဒါဓိကရဏံ အဓိကရဏဉ္စေဝ အနုဝါဒေါ စ။</p>
<p class=""bodytext""><a name=""para357""></a><a name=""para357_vin5""></a><span class=""paranum"">၃၅၇</span>။ အာပတ္တိ <a name=""V0.0299""></a> အာပတ္တာဓိကရဏံ, အာပတ္တိ နော အဓိကရဏံ, အဓိကရဏံ နော အာပတ္တိ, အဓိကရဏဉ္စေဝ အာပတ္တိ စ? သိယာ အာပတ္တိ အာပတ္တာဓိကရဏံ, သိယာ အာပတ္တိ နော အဓိကရဏံ, သိယာ အဓိကရဏံ နော အာပတ္တိ, သိယာ အဓိကရဏဉ္စေဝ အာပတ္တိ စ။</p>
<p class=""bodytext"">တတ္ထ ကတမာ အာပတ္တိ အာပတ္တာဓိကရဏံ? ပဉ္စပိ အာပတ္တိက္ခန္ဓာ အာပတ္တာဓိကရဏံ<a name=""T0.0390""></a>။ သတ္တပိ အာပတ္တိက္ခန္ဓာ အာပတ္တာဓိကရဏံ။ အယံ အာပတ္တိ အာပတ္တာဓိကရဏံ။</p>
<p class=""bodytext"">တတ္ထ ကတမာ အာပတ္တိ နော အဓိကရဏံ? သောတာပတ္တိ သမာပတ္တိ – အယံ အာပတ္တိ နော အဓိကရဏံ။</p>
<p class=""bodytext"">တတ္ထ ကတမံ အဓိကရဏံ နော အာပတ္တိ? ကိစ္စာဓိကရဏံ ဝိဝါဒါဓိကရဏံ အနုဝါဒါဓိကရဏံ – ဣဒံ အဓိကရဏံ နော အာပတ္တိ။</p>
<p class=""bodytext"">တတ္ထ ကတမံ အဓိကရဏဉ္စေဝ အာပတ္တိ စ? အာပတ္တာဓိကရဏံ အဓိကရဏဉ္စေဝ အာပတ္တိ စ။</p>
<p class=""bodytext""><a name=""para358""></a><a name=""para358_vin5""></a><span class=""paranum"">၃၅၈</span>။ <span class=""note"">[စူဠဝ။ ၂၂၃]</span> ကိစ္စံ ကိစ္စာဓိကရဏံ, ကိစ္စံ နော အဓိကရဏံ, အဓိကရဏံ နော ကိစ္စံ, အဓိကရဏဉ္စေဝ ကိစ္စဉ္စ? သိယာ ကိစ္စံ ကိစ္စာဓိကရဏံ, သိယာ ကိစ္စံ နော အဓိကရဏံ, သိယာ အဓိကရဏံ နော ကိစ္စံ, သိယာ အဓိကရဏဉ္စေဝ ကိစ္စဉ္စ။</p>
<p class=""bodytext"">တတ္ထ ကတမံ ကိစ္စံ ကိစ္စာဓိကရဏံ? ယာ သံဃဿ ကိစ္စယတာ ကရဏီယတာ အပလောကနကမ္မံ ဉတ္တိကမ္မံ ဉတ္တိဒုတိယကမ္မံ ဉတ္တိစတုတ္ထကမ္မံ – ဣဒံ ကိစ္စံ ကိစ္စာဓိကရဏံ။</p>
<p class=""bodytext"">တတ္ထ ကတမံ ကိစ္စံ နော အဓိကရဏံ? အာစရိယကိစ္စံ ဥပဇ္ဈာယကိစ္စံ <span class=""note"">[ဥပဇ္ဈာယကိစ္စံ သကိစ္စံ (က။)]</span> သမာနုပဇ္ဈာယကိစ္စံ သမာနာစရိယကိစ္စံ – ဣဒံ ကိစ္စံ နော အဓိကရဏံ။</p>
<p class=""bodytext"">တတ္ထ ကတမံ အဓိကရဏံ နော ကိစ္စံ? ဝိဝါဒါဓိကရဏံ အနုဝါဒါဓိကရဏံ အာပတ္တာဓိကရဏံ – ဣဒံ အဓိကရဏံ နော ကိစ္စံ။</p>
",-357-358-
2148,mula_vi_05,278,"<p class=""bodytext"">တတ္ထ <a name=""M0.0278""></a><a name=""V0.0300""></a> ကတမံ အဓိကရဏဉ္စေဝ ကိစ္စဉ္စ? ကိစ္စာဓိကရဏံ အဓိကရဏဉ္စေဝ ကိစ္စံ စာတိ။</p>
<p class=""centered"">အဓိကရဏဘေဒေါ နိဋ္ဌိတော။</p>
<p class=""centered"">တဿုဒ္ဒါနံ –</p>
<p class=""gatha1"">အဓိကရဏံ <a name=""T0.0391""></a> ဥက္ကောဋာ, အာကာရာ ပုဂ္ဂလေန စ၊</p>
<p class=""gathalast"">နိဒါနဟေတုပစ္စယာ, မူလံ သမုဋ္ဌာနေန စ။</p>
<p class=""gatha1"">အာပတ္တိ ဟောတိ ယတ္ထ စ, သံသဋ္ဌာ နိဒါနေန စ <span class=""note"">[သံသဋ္ဌာ နိဒါနပဘဝါ (သီ။)]</span>၊</p>
<p class=""gatha1"">ဟေတုပစ္စယမူလာနိ, သမုဋ္ဌာနေန ဗျဉ္ဇနာ၊</p>
<p class=""gathalast"">ဝိဝါဒေါ အဓိကရဏန္တိ, ဘေဒါဓိကရဏေ ဣဒန္တိ။</p>
",
2149,mula_vi_05,279,"<a name=""vin5_9""></a><p class=""chapter"">အပရဂါထာသင်္ဂဏိကံ</p>
<p class=""subhead"">၁။ စောဒနာဒိပုစ္ဆာဝိဿဇ္ဇနာ</p>
<p class=""hangnum""><a name=""para359""></a><a name=""para359_vin5""></a><span class=""paranum"">၃၅၉</span>။</p>
<p class=""gatha1""> စောဒနာ <a name=""T0.0392""></a><a name=""P5.0158""></a><a name=""M0.0279""></a><a name=""V0.0301""></a> ကိမတ္ထာယ, သာရဏာ ကိဿ ကာရဏာ၊</p>
<p class=""gathalast"">သံဃော ကိမတ္ထာယ, မတိကမ္မံ ပန ကိဿ ကာရဏာ။</p>
<p class=""gatha1"">စောဒနာ သာရဏတ္ထာယ, နိဂ္ဂဟတ္ထာယ သာရဏာ၊</p>
<p class=""gathalast"">သံဃော ပရိဂ္ဂဟတ္ထာယ, မတိကမ္မံ ပန ပါဋိယေက္ကံ။</p>
<p class=""gatha1"">မာ ခေါ တုရိတော အဘဏိ, မာ ခေါ စဏ္ဍိကတော ဘဏိ၊</p>
<p class=""gathalast"">မာ ခေါ ပဋိဃံ ဇနယိ, သစေ အနုဝိဇ္ဇကော တုဝံ။</p>
<p class=""gatha1"">မာ ခေါ သဟသာ အဘဏိ, ကထံ ဝိဂ္ဂါဟိကံ အနတ္ထသံဟိတံ၊</p>
<p class=""gathalast"">သုတ္တေ ဝိနယေ အနုလောမေ, ပညတ္တေ အနုလောမိကေ။</p>
<p class=""gatha1"">အနုယောဂဝတ္တံ နိသာမယ, ကုသလေန ဗုဒ္ဓိမတာ ကတံ၊</p>
<p class=""gatha2"">သုဝုတ္တံ သိက္ခာပဒါနုလောမိကံ, ဂတိံ န နာသေန္တော သမ္ပရာယိကံ၊</p>
<p class=""gathalast"">ဟိတေသီ အနုယုဉ္ဇဿု, ကာလေနတ္ထူပသံဟိတံ။</p>
<p class=""gatha1"">စုဒိတဿ စ စောဒကဿ စ၊</p>
<p class=""gatha2"">သဟသာ ဝေါဟာရံ မာ ပဓာရေသိ၊</p>
<p class=""gatha3"">စောဒကော အာဟ အာပန္နောတိ၊</p>
<p class=""gathalast"">စုဒိတကော အာဟ အနာပန္နောတိ။</p>
<p class=""gatha1"">ဥဘော <a name=""V0.0302""></a> အနုက္ခိပန္တော, ပဋိညာနုသန္ဓိတေန <a name=""T0.0393""></a> ကာရယေ၊</p>
<p class=""gatha2"">ပဋိညာ လဇ္ဇီသု ကတာ, အလဇ္ဇီသု ဧဝံ န ဝိဇ္ဇတိ၊</p>
<p class=""gathalast"">ဗဟုမ္ပိ အလဇ္ဇီ ဘာသေယျ, ဝတ္တာနုသန္ဓိတေန <span class=""note"">[ဝုတ္တာနုသန္ဓိတေန (သီ။ သျာ။ က။)]</span> ကာရယေ။</p>
<p class=""gatha1"">အလဇ္ဇီ ကီဒိသော ဟောတိ, ပဋိညာ ယဿ န ရူဟတိ၊</p>
<p class=""gathalast"">ဧတဉ္စ <span class=""note"">[ဧဝဉ္စ (က။)]</span> တာဟံ ပုစ္ဆာမိ, ကီဒိသော ဝုစ္စတိ အလဇ္ဇီ ပုဂ္ဂလော။</p>
<p class=""gatha1"">သဉ္စိစ္စ အာပတ္တိံ အာပဇ္ဇတိ, အာပတ္တိံ ပရိဂူဟတိ၊</p>
<p class=""gathalast"">အဂတိဂမနဉ္စ ဂစ္ဆတိ, ဧဒိသော ဝုစ္စတိ အလဇ္ဇီပုဂ္ဂလော။</p>
<p class=""gatha1"">သစ္စံ အဟမ္ပိ ဇာနာမိ, ဧဒိသော ဝုစ္စတိ အလဇ္ဇီပုဂ္ဂလော၊</p>
<p class=""gathalast"">အညဉ္စ တာဟံ ပုစ္ဆာမိ, ကီဒိသော ဝုစ္စတိ လဇ္ဇီပုဂ္ဂလော။</p>
<p class=""gatha1"">သဉ္စိစ္စ အာပတ္တိံ နာပဇ္ဇတိ, အာပတ္တိံ န ပရိဂူဟတိ၊</p>
<p class=""gathalast"">အဂတိဂမနံ <a name=""T0.0394""></a> န ဂစ္ဆတိ, ဧဒိသော ဝုစ္စတိ လဇ္ဇီပုဂ္ဂလော။</p>
",-359-
2150,mula_vi_05,280,"<p class=""gatha1"">သစ္စံ <a name=""M0.0280""></a> အဟမ္ပိ ဇာနာမိ, ဧဒိသော ဝုစ္စတိ လဇ္ဇီပုဂ္ဂလော၊</p>
<p class=""gathalast"">အညဉ္စ တာဟံ ပုစ္ဆာမိ, ကီဒိသော ဝုစ္စတိ အဓမ္မစောဒကော။</p>
<p class=""gatha1"">အကာလေ <a name=""P5.0159""></a> စောဒေတိ အဘူတေန၊</p>
<p class=""gatha2"">ဖရုသေန အနတ္ထသံဟိတေန၊</p>
<p class=""gatha3"">ဒေါသန္တရော စောဒေတိ နော မေတ္တာစိတ္တော၊</p>
<p class=""gathalast"">ဧဒိသော ဝုစ္စတိ အဓမ္မစောဒကော။</p>
<p class=""gatha1"">သစ္စံ အဟမ္ပိ ဇာနာမိ, ဧဒိသော ဝုစ္စတိ အဓမ္မစောဒကော၊</p>
<p class=""gathalast"">အညဉ္စ တာဟံ ပုစ္ဆာမိ, ကီဒိသော ဝုစ္စတိ ဓမ္မစောဒကော။</p>
<p class=""gatha1"">ကာလေန စောဒေတိ ဘူတေန, သဏှေန အတ္ထသံဟိတေန၊</p>
<p class=""gatha2"">မေတ္တာစိတ္တော စောဒေတိ နော ဒေါသန္တရော၊</p>
<p class=""gathalast"">ဧဒိသော ဝုစ္စတိ ဓမ္မစောဒကော။</p>
<p class=""gatha1"">သစ္စံ <a name=""V0.0303""></a> အဟမ္ပိ ဇာနာမိ, ဧဒိသော ဝုစ္စတိ ဓမ္မစောဒကော၊</p>
<p class=""gathalast"">အညဉ္စ တာဟံ ပုစ္ဆာမိ, ကီဒိသော ဝုစ္စတိ ဗာလစောဒကော။</p>
<p class=""gatha1"">ပုဗ္ဗာပရံ န ဇာနာတိ, ပုဗ္ဗာပရဿ အကောဝိဒေါ၊</p>
<p class=""gatha2"">အနုသန္ဓိဝစနပထံ န ဇာနာတိ၊</p>
<p class=""gatha3"">အနုသန္ဓိဝစနပထဿ အကောဝိဒေါ၊</p>
<p class=""gathalast"">ဧဒိသော ဝုစ္စတိ ဗာလစောဒကော။</p>
<p class=""gatha1"">သစ္စံ အဟမ္ပိ ဇာနာမိ, ဧဒိသော ဝုစ္စတိ ဗာလစောဒကော၊</p>
<p class=""gathalast"">အညဉ္စ <a name=""T0.0395""></a> တာဟံ ပုစ္ဆာမိ, ကီဒိသော ဝုစ္စတိ ပဏ္ဍိတစောဒကော။</p>
<p class=""gatha1"">ပုဗ္ဗာပရမ္ပိ ဇာနာတိ, ပုဗ္ဗာပရဿ ကောဝိဒေါ၊</p>
<p class=""gatha2"">အနုသန္ဓိဝစနပထံ ဇာနာတိ, အနုသန္ဓိဝစနပထဿ ကောဝိဒေါ၊</p>
<p class=""gathalast"">ဧဒိသော ဝုစ္စတိ ပဏ္ဍိတစောဒကော။</p>
<p class=""gatha1"">သစ္စံ အဟမ္ပိ ဇာနာမိ, ဧဒိသော ဝုစ္စတိ ပဏ္ဍိတစောဒကော၊</p>
<p class=""gathalast"">အညဉ္စ တာဟံ ပုစ္ဆာမိ, စောဒနာ ကိန္တိ ဝုစ္စတိ။</p>
<p class=""gatha1"">သီလဝိပတ္တိယာ စောဒေတိ, အထော အာစာရဒိဋ္ဌိယာ၊</p>
<p class=""gathalast"">အာဇီဝေနပိ စောဒေတိ, စောဒနာ တေန ဝုစ္စတီတိ။</p>
<p class=""centered"">အပရံ ဂါထာသင်္ဂဏိကံ နိဋ္ဌိတံ။</p>
",
2151,mula_vi_05,281,"<a name=""vin5_10""></a><p class=""chapter"">စောဒနာကဏ္ဍံ</p>
<p class=""bodytext""><a name=""para360""></a><a name=""para360_vin5""></a><span class=""paranum"">၃၆၀</span>။ အနုဝိဇ္ဇကေ <a name=""T0.0396""></a><a name=""P5.0160""></a><a name=""M0.0281""></a><a name=""V0.0304""></a> စောဒကော ပုစ္ဆိတဗ္ဗော – ‘‘ယံ ခေါ တွံ, အာဝုသော, ဣမံ ဘိက္ခုံ စောဒေသိ, ကိမှိ နံ စောဒေသိ, သီလဝိပတ္တိယာ ဝါ စောဒေသိ, အာစာရဝိပတ္တိယာ ဝါ စောဒေသိ, ဒိဋ္ဌိဝိပတ္တိယာ ဝါ စောဒေသီ’’တိ? သော စေ ဧဝံ ဝဒေယျ – ‘‘သီလဝိပတ္တိယာ ဝါ စောဒေမိ, အာစာရဝိပတ္တိယာ ဝါ စောဒေမိ, ဒိဋ္ဌိဝိပတ္တိယာ ဝါ စောဒေမီ’’တိ, သော ဧဝမဿ ဝစနီယော – ‘‘ဇာနာသိ ပနာယသ္မာ သီလဝိပတ္တိံ, ဇာနာသိ အာစာရဝိပတ္တိံ, ဇာနာသိ ဒိဋ္ဌိဝိပတ္တိ’’န္တိ? သော စေ ဧဝံ ဝဒေယျ – ‘‘ဇာနာမိ ခေါ အဟံ, အာဝုသော, သီလဝိပတ္တိံ, ဇာနာမိ အာစာရဝိပတ္တိံ, ဇာနာမိ ဒိဋ္ဌိဝိပတ္တိ’’န္တိ, သော ဧဝမဿ ဝစနီယော – ‘‘ကတမာ ပနာဝုသော, သီလဝိပတ္တိ? ကတမာ အာစာရဝိပတ္တိ? ကတမာ ဒိဋ္ဌိဝိပတ္တီ’’တိ? သော စေ ဧဝံ ဝဒေယျ – ‘‘စတ္တာရိ စ ပါရာဇိကာနိ, တေရသ စ သံဃာဒိသေသာ – အယံ သီလဝိပတ္တိ။ ထုလ္လစ္စယံ, ပါစိတ္တိယံ, ပါဋိဒေသနီယံ, ဒုက္ကဋံ, ဒုဗ္ဘာသိတံ, အယံ အာစာရဝိပတ္တိ။ မိစ္ဆာဒိဋ္ဌိ, အန္တဂ္ဂါဟိကာ ဒိဋ္ဌိ – အယံ ဒိဋ္ဌိဝိပတ္တီ’’တိ, သော ဧဝမဿ ဝစနီယော – ‘‘ယံ ခေါ တွံ, အာဝုသော, ဣမံ ဘိက္ခုံ စောဒေသိ, ဒိဋ္ဌေန ဝါ စောဒေသိ သုတေန ဝါ စောဒေသိ ပရိသင်္ကာယ ဝါ စောဒေသီ’’တိ? သော စေ ဧဝံ ဝဒေယျ – ‘‘ဒိဋ္ဌေန ဝါ စောဒေမိ သုတေန ဝါ စောဒေမိ ပရိသင်္ကာယ ဝါ စောဒေမီ’’တိ, သော ဧဝမဿ ဝစနီယော – ‘‘ယံ ခေါ တွံ, အာဝုသော, ဣမံ ဘိက္ခုံ ဒိဋ္ဌေန စောဒေသိ, ကိံ တေ ဒိဋ္ဌံ ကိန္တိ တေ ဒိဋ္ဌံ, ကဒါ <a name=""T0.0397""></a> တေ ဒိဋ္ဌံ, ကတ္ထ တေ ဒိဋ္ဌံ ပါရာဇိကံ အဇ္ဈာပဇ္ဇန္တော ဒိဋ္ဌော, သံဃာဒိသေသံ အဇ္ဈာပဇ္ဇန္တော ဒိဋ္ဌော, ထုလ္လစ္စယံ… ပါစိတ္တိယံ… ပါဋိဒေသနီယံ… ဒုက္ကဋံ… ဒုဗ္ဘာသိတံ အဇ္ဈာပဇ္ဇန္တော ဒိဋ္ဌော, ကတ္ထ စ တွံ အဟောသိ, ကတ္ထ စာယံ ဘိက္ခု အဟောသိ, ကိဉ္စ တွံ ကရောသိ, ကိံ စာယံ ဘိက္ခု ကရောတီ’’တိ? သော စေ ဧဝံ ဝဒေယျ – ‘‘န ခေါ အဟံ, အာဝုသော, ဣမံ ဘိက္ခုံ ဒိဋ္ဌေန စောဒေမိ, အပိ စ သုတေန စောဒေမီ’’တိ, သော ဧဝမဿ ဝစနီယော – ‘‘ယံ ခေါ တွံ, အာဝုသော, ဣမံ ဘိက္ခုံ သုတေန စောဒေသိ, ကိံ တေ သုတံ, ကိန္တိ တေ သုတံ, ကဒါ တေ သုတံ<a name=""V0.0305""></a>, ကတ္ထ တေ သုတံ, ပါရာဇိကံ အဇ္ဈာပန္နောတိ သုတံ, သံဃာဒိသေသံ… ထုလ္လစ္စယံ… ပါစိတ္တိယံ… ပါဋိဒေသနီယံ… ဒုက္ကဋံ… ဒုဗ္ဘာသိတံ အဇ္ဈာပန္နောတိ သုတံ, ဘိက္ခုဿ သုတံ, ဘိက္ခုနိယာ သုတံ, သိက္ခမာနာယ </p>
",-360-
2152,mula_vi_05,282,"<p class=""noindentbodytext""> သုတံ<a name=""M0.0282""></a>, သာမဏေရဿ သုတံ, သာမဏေရိယာ သုတံ, ဥပါသကဿ သုတံ, ဥပါသိကာယ သုတံ, ရာဇူနံ သုတံ, ရာဇမဟာမတ္တာနံ သုတံ, တိတ္ထိယာနံ သုတံ, တိတ္ထိယသာဝကာနံ သုတ’’န္တိ? သော စေ ဧဝံ ဝဒေယျ – ‘‘န ခေါ အဟံ, အာဝုသော, ဣမံ ဘိက္ခုံ သုတေန စောဒေမိ, အပိ စ ပရိသင်္ကာယ စောဒေမီ’’တိ, သော ဧဝမဿ ဝစနီယော – ‘‘ယံ ခေါ တွံ, အာဝုသော, ဣမံ ဘိက္ခုံ ပရိသင်္ကာယ စောဒေသိ, ကိံ ပရိသင်္ကသိ, ကိန္တိ ပရိသင်္ကသိ, ကဒါ ပရိသင်္ကသိ, ကတ္ထ ပရိသင်္ကသိ, ပါရာဇိကံ အဇ္ဈာပန္နောတိ <a name=""T0.0398""></a> ပရိသင်္ကသိ, သံဃာဒိသေသံ အဇ္ဈာပန္နောတိ ပရိသင်္ကသိ, ထုလ္လစ္စယံ… ပါစိတ္တိယံ… ပါဋိဒေသနီယံ… ဒုက္ကဋံ… ဒုဗ္ဘာသိတံ အဇ္ဈာပန္နောတိ ပရိသင်္ကသိ, ဘိက္ခုဿ သုတွာ ပရိသင်္ကသိ, ဘိက္ခုနိယာ သုတွာ ပရိသင်္ကသိ, သိက္ခမာနာယ သုတွာ ပရိသင်္ကသိ, သာမဏေရဿ သုတွာ ပရိသင်္ကသိ, သာမဏေရိယာ သုတွာ ပရိသင်္ကသိ, ဥပါသကဿ သုတွာ ပရိသင်္ကသိ, ဥပါသိကာယ သုတွာ ပရိသင်္ကသိ, ရာဇူနံ သုတွာ ပရိသင်္ကသိ, ရာဇမဟာမတ္တာနံ သုတွာ ပရိသင်္ကသိ, တိတ္ထိယာနံ သုတွာ ပရိသင်္ကသိ, တိတ္ထိယသာဝကာနံ သုတွာ ပရိသင်္ကသီ’’တိ?</p>
<p class=""hangnum""><a name=""para361""></a><a name=""para361_vin5""></a><span class=""paranum"">၃၆၁</span>။</p>
<p class=""gatha1""> ဒိဋ္ဌံ ဒိဋ္ဌေန သမေတိ ဒိဋ္ဌေန သံသန္ဒတေ ဒိဋ္ဌံ၊</p>
<p class=""gatha2"">ဒိဋ္ဌံ ပဋိစ္စ န ဥပေတိ အသုဒ္ဓပရိသင်္ကိတော၊</p>
<p class=""gathalast"">သော ပုဂ္ဂလော ပဋိညာယ ကာတဗ္ဗော တေနုပေါသထော။</p>
<p class=""gatha1"">သုတံ သုတေန သမေတိ သုတေန သံသန္ဒတေ သုတံ၊</p>
<p class=""gatha2"">သုတံ ပဋိစ္စ န ဥပေတိ အသုဒ္ဓပရိသင်္ကိတော၊</p>
<p class=""gathalast"">သော ပုဂ္ဂလော ပဋိညာယ ကာတဗ္ဗော တေနုပေါသထော။</p>
<p class=""gatha1"">မုတံ မုတေန သမေတိ မုတေန သံသန္ဒတေ မုတံ၊</p>
<p class=""gatha2"">မုတံ ပဋိစ္စ န ဥပေတိ အသုဒ္ဓပရိသင်္ကိတော၊</p>
<p class=""gathalast"">သော ပုဂ္ဂလော ပဋိညာယ ကာတဗ္ဗော တေနုပေါသထော။</p>
<p class=""bodytext""><a name=""para362""></a><a name=""para362_vin5""></a><span class=""paranum"">၃၆၂</span>။ စောဒနာယ ကော အာဒိ, ကိံ မဇ္ဈေ, ကိံ ပရိယောသာနံ? စောဒနာယ ဩကာသကမ္မံ အာဒိ, ကိရိယာ မဇ္ဈေ, သမထော ပရိယောသာနံ။ စောဒနာယ <a name=""T0.0399""></a> ကတိ မူလာနိ, ကတိ ဝတ္ထူနိ, ကတိ ဘူမိယော, ကတိဟာကာရေဟိ စောဒေတိ? စောဒနာယ ဒွေ မူလာနိ, တီဏိ ဝတ္ထူနိ, ပဉ္စ ဘူမိယော, ဒွီဟာကာရေဟိ စောဒေတိ။ စောဒနာယ ကတမာနိ ဒွေ မူလာနိ? သမူလိကာ ဝါ အမူလိကာ ဝါ – စောဒနာယ <a name=""V0.0306""></a> ဣမာနိ ဒွေ မူလာနိ။ စောဒနာယ ကတမာနိ တီဏိ ဝတ္ထူနိ?</p>
",-361-362-
2153,mula_vi_05,283,"<p class=""noindentbodytext""> ဒိဋ္ဌေန<a name=""M0.0283""></a> သုတေန ပရိသင်္ကာယ – စောဒနာယ ဣမာနိ တီဏိ ဝတ္ထူနိ။ စောဒနာ <a name=""P5.0161""></a> ကတမာ ပဉ္စ ဘူမိယော? ကာလေန ဝက္ခာမိ နော အကာလေန, ဘူတေန ဝက္ခာမိ နော အဘူတေန, သဏှေန ဝက္ခာမိ နော ဖရုသေန, အတ္ထသံဟိတေန ဝက္ခာမိ နော အနတ္ထသံဟိတေန, မေတ္တာစိတ္တော ဝက္ခာမိ နော ဒေါသန္တရောတိ – စောဒနာယ ဣမာ ပဉ္စ ဘူမိယော။</p>
<p class=""bodytext"">ကတမေဟိ ဒွီဟာကာရေဟိ စောဒေတိ? ကာယေန ဝါ စောဒေတိ ဝါစာယ ဝါ စောဒေတိ – ဣမေဟိ ဒွီဟာကာရေဟိ စောဒေတိ။</p>
<p class=""subhead"">၂။ စောဒကာဒိပဋိပတ္တိ</p>
<p class=""bodytext""><a name=""para363""></a><a name=""para363_vin5""></a><span class=""paranum"">၃၆၃</span>။ စောဒကေန ကထံ ပဋိပဇ္ဇိတဗ္ဗံ? စုဒိတကေန ကထံ ပဋိပဇ္ဇိတဗ္ဗံ? သံဃေန ကထံ ပဋိပဇ္ဇိတဗ္ဗံ? အနုဝိဇ္ဇကေန ကထံ ပဋိပဇ္ဇိတဗ္ဗံ? စောဒကေန ကထံ ပဋိပဇ္ဇိတဗ္ဗန္တိ? စောဒကေန ပဉ္စသု ဓမ္မေသု ပတိဋ္ဌာယ ပရော စောဒေတဗ္ဗော။ ကာလေန ဝက္ခာမိ နော အကာလေန, ဘူတေန ဝက္ခာမိ နော အဘူတေန, သဏှေန ဝက္ခာမိ နော ဖရုသေန, အတ္ထသံဟိတေန ဝက္ခာမိ နော အနတ္ထသံဟိတေန, မေတ္တာစိတ္တော ဝက္ခာမိ နော ဒေါသန္တရောတိ – စောဒကေန ဧဝံ ပဋိပဇ္ဇိတဗ္ဗံ။ စုဒိတကေန ကထံ ပဋိပဇ္ဇိတဗ္ဗန္တိ? စုဒိတကေန ဒွီသု ဓမ္မေသု ပဋိပဇ္ဇိတဗ္ဗံ။ သစ္စေ စ အကုပ္ပေ စ – စုဒိတကေန ဧဝံ ပဋိပဇ္ဇိတဗ္ဗံ။ သံဃေန ကထံ ပဋိပဇ္ဇိတဗ္ဗန္တိ? သံဃေန <a name=""T0.0400""></a> ဩတိဏ္ဏာနောတိဏ္ဏံ ဇာနိတဗ္ဗံ။ သံဃေန ဧဝံ ပဋိပဇ္ဇိတဗ္ဗံ။ အနုဝိဇ္ဇကေန ကထံ ပဋိပဇ္ဇိတဗ္ဗန္တိ? အနုဝိဇ္ဇကေန ယေန ဓမ္မေန ယေန ဝိနယေန ယေန သတ္ထုသာသနေန တံ အဓိကရဏံ ဝူပသမ္မတိ တထာ တံ အဓိကရဏံ ဝူပသမေတဗ္ဗံ။ အနုဝိဇ္ဇကေန ဧဝံ ပဋိပဇ္ဇိတဗ္ဗံ။</p>
<p class=""hangnum""><a name=""para364""></a><a name=""para364_vin5""></a><span class=""paranum"">၃၆၄</span>။</p>
<p class=""gatha1""> ဥပေါသထော ကိမတ္ထာယ, ပဝါရဏာ ကိဿ ကာရဏာ၊</p>
<p class=""gatha2"">ပရိဝါသော ကိမတ္ထာယ, မူလာယပဋိကဿနာ ကိဿ ကာရဏာ၊</p>
<p class=""gathalast"">မာနတ္တံ ကိမတ္ထာယ, အဗ္ဘာနံ ကိဿ ကာရဏာ။</p>
<p class=""gatha1"">ဥပေါသထော သာမဂ္ဂတ္ထာယ, ဝိသုဒ္ဓတ္ထာယ ပဝါရဏာ၊</p>
<p class=""gatha2"">ပရိဝါသော မာနတ္တတ္ထာယ, မူလာယပဋိကဿနာ နိဂ္ဂဟတ္ထာယ၊</p>
<p class=""gathalast"">မာနတ္တံ အဗ္ဘာနတ္ထာယ, ဝိသုဒ္ဓတ္ထာယ အဗ္ဘာနံ။</p>
",-363-364-
2154,mula_vi_05,284,"<p class=""gatha1"">ဆန္ဒာ <a name=""M0.0284""></a><a name=""V0.0307""></a> ဒေါသာ ဘယာ မောဟာ, ထေရေ စ ပရိဘာသတိ၊</p>
<p class=""gatha2"">ကာယဿ ဘေဒါ ဒုပ္ပညော, ခတော ဥပဟတိန္ဒြိယော၊</p>
<p class=""gathalast"">နိရယံ ဂစ္ဆတိ ဒုမ္မေဓော, န စ သိက္ခာယ ဂါရဝေါ။</p>
<p class=""gatha1"">န စ အာမိသံ နိဿာယ၊</p>
<p class=""gatha2"">န စ နိဿာယ ပုဂ္ဂလံ၊</p>
<p class=""gatha3"">ဥဘော ဧတေ ဝိဝဇ္ဇေတွာ၊</p>
<p class=""gathalast"">ယထာဓမ္မော တထာ ကရေ။</p>
<p class=""subhead"">၃။ စောဒကဿအတ္တဈာပနံ</p>
<p class=""gatha1"">ကောဓနော ဥပနာဟီ စ၊</p>
<p class=""gatha2"">စဏ္ဍော စ ပရိဘာသကော၊</p>
<p class=""gatha3"">အနာပတ္တိယာ အာပတ္တီတိ ရောပေတိ၊</p>
<p class=""gathalast"">တာဒိသော စောဒကော ဈာပေတိ အတ္တာနံ။</p>
<p class=""gatha1"">ဥပကဏ္ဏကံ ဇပ္ပတိ ဇိမှံ ပေက္ခတိ၊</p>
<p class=""gatha2"">ဝီတိဟရတိ <a name=""T0.0401""></a> ကုမ္မဂ္ဂံ ပဋိသေဝတိ၊</p>
<p class=""gatha3"">အနာပတ္တိယာ <a name=""P5.0162""></a> အာပတ္တီတိ ရောပေတိ၊</p>
<p class=""gathalast"">တာဒိသော စောဒကော ဈာပေတိ အတ္တာနံ။</p>
<p class=""gatha1"">အကာလေန စောဒေတိ အဘူတေန၊</p>
<p class=""gatha2"">ဖရုသေန အနတ္ထသံဟိတေန၊</p>
<p class=""gatha3"">ဒေါသန္တရော စောဒေတိ နော မေတ္တာစိတ္တော၊</p>
<p class=""gatha2"">အနာပတ္တိယာ အာပတ္တီတိ ရောပေတိ၊</p>
<p class=""gathalast"">တာဒိသော စောဒကော ဈာပေတိ အတ္တာနံ။</p>
<p class=""gatha1"">ဓမ္မာဓမ္မံ န ဇာနာတိ၊</p>
<p class=""gatha2"">ဓမ္မာဓမ္မဿ အကောဝိဒေါ၊</p>
<p class=""gatha3"">အနာပတ္တိယာ <a name=""V0.0308""></a> အာပတ္တီတိ ရောပေတိ၊</p>
<p class=""gathalast"">တာဒိသော စောဒကော ဈာပေတိ အတ္တာနံ။</p>
<p class=""gatha1"">ဝိနယာဝိနယံ န ဇာနာတိ၊</p>
<p class=""gatha2"">ဝိနယာဝိနယဿ အကောဝိဒေါ၊</p>
<p class=""gatha3"">အနာပတ္တိယာ အာပတ္တီတိ ရောပေတိ၊</p>
<p class=""gathalast"">တာဒိသော စောဒကော ဈာပေတိ အတ္တာနံ။</p>
",
2155,mula_vi_05,285,"<p class=""gatha1"">ဘာသိတာဘာသိတံ <a name=""M0.0285""></a> န ဇာနာတိ၊</p>
<p class=""gatha2"">ဘာသိတာဘာသိတဿ အကောဝိဒေါ၊</p>
<p class=""gatha3"">အနာပတ္တိယာ အာပတ္တီတိ ရောပေတိ၊</p>
<p class=""gathalast"">တာဒိသော စောဒကော ဈာပေတိ အတ္တာနံ။</p>
<p class=""gatha1"">အာစိဏ္ဏာနာစိဏ္ဏံ <a name=""T0.0402""></a> န ဇာနာတိ၊</p>
<p class=""gatha2"">အာစိဏ္ဏာနာစိဏ္ဏဿ အကောဝိဒေါ၊</p>
<p class=""gatha3"">အနာပတ္တိယာ အာပတ္တီတိ ရောပေတိ၊</p>
<p class=""gathalast"">တာဒိသော စောဒကော ဈာပေတိ အတ္တာနံ။</p>
<p class=""gatha1"">ပညတ္တာပညတ္တံ န ဇာနာတိ၊</p>
<p class=""gatha2"">ပညတ္တာပညတ္တဿ အကောဝိဒေါ၊</p>
<p class=""gatha3"">အနာပတ္တိယာ အာပတ္တီတိ ရောပေတိ၊</p>
<p class=""gathalast"">တာဒိသော စောဒကော ဈာပေတိ အတ္တာနံ။</p>
<p class=""gatha1"">အာပတ္တာနာပတ္တိံ န ဇာနာတိ၊</p>
<p class=""gatha2"">အာပတ္တာနာပတ္တိယာ အကောဝိဒေါ၊</p>
<p class=""gatha3"">အနာပတ္တိယာ အာပတ္တီတိ ရောပေတိ၊</p>
<p class=""gathalast"">တာဒိသော စောဒကော ဈာပေတိ အတ္တာနံ။</p>
<p class=""gatha1"">လဟုကဂရုကံ န ဇာနာတိ၊</p>
<p class=""gatha2"">လဟုကဂရုကဿ အကောဝိဒေါ၊</p>
<p class=""gatha3"">အနာပတ္တိယာ <a name=""V0.0309""></a> အာပတ္တီတိ ရောပေတိ၊</p>
<p class=""gathalast"">တာဒိသော စောဒကော ဈာပေတိ အတ္တာနံ။</p>
<p class=""gatha1"">သာဝသေသာနဝသေသံ န ဇာနာတိ၊</p>
<p class=""gatha2"">သာဝသေသာနဝသေသဿ အကောဝိဒေါ၊</p>
<p class=""gatha3"">အနာပတ္တိယာ အာပတ္တီတိ ရောပေတိ၊</p>
<p class=""gathalast"">တာဒိသော စောဒကော ဈာပေတိ အတ္တာနံ။</p>
<p class=""gatha1"">ဒုဋ္ဌုလ္လာဒုဋ္ဌုလ္လံ <a name=""T0.0403""></a> န ဇာနာတိ၊</p>
<p class=""gatha2"">ဒုဋ္ဌုလ္လာဒုဋ္ဌုလ္လဿ အကောဝိဒေါ၊</p>
<p class=""gatha3"">အနာပတ္တိယာ အာပတ္တီတိ ရောပေတိ၊</p>
<p class=""gathalast"">တာဒိသော စောဒကော ဈာပေတိ အတ္တာနံ။</p>
",
2156,mula_vi_05,286,"<p class=""gatha1"">ပုဗ္ဗာပရံ <a name=""M0.0286""></a> န ဇာနာတိ၊</p>
<p class=""gatha2"">ပုဗ္ဗာပရဿ အကောဝိဒေါ၊</p>
<p class=""gatha3"">အနာပတ္တိယာ အာပတ္တီတိ ရောပေတိ၊</p>
<p class=""gathalast"">တာဒိသော စောဒကော ဈာပေတိ အတ္တာနံ။</p>
<p class=""gatha1"">အနုသန္ဓိဝစနပထံ န ဇာနာတိ၊</p>
<p class=""gatha2"">အနုသန္ဓိဝစနပထဿ အကောဝိဒေါ၊</p>
<p class=""gatha3"">အနာပတ္တိယာ အာပတ္တီတိ ရောပေတိ၊</p>
<p class=""gathalast"">တာဒိသော စောဒကော ဈာပေတိ အတ္တာနန္တိ။</p>
<p class=""centered"">စောဒနာကဏ္ဍံ နိဋ္ဌိတံ။</p>
<p class=""centered"">တဿုဒ္ဒါနံ –</p>
<p class=""gatha1"">စောဒနာ အနုဝိဇ္ဇာ စ, အာဒိ မူလေနုပေါသထော၊</p>
<p class=""gathalast"">ဂတိ စောဒနကဏ္ဍမှိ, သာသနံ ပတိဋ္ဌာပယန္တိ။</p>
",
2157,mula_vi_05,287,"<a name=""vin5_11""></a><p class=""chapter"">စူဠသင်္ဂါမော</p>
<p class=""subhead"">၁။ အနုဝိဇ္ဇကဿပဋိပတ္တိ</p>
<p class=""bodytext""><a name=""para365""></a><a name=""para365_vin5""></a><span class=""paranum"">၃၆၅</span>။ <span class=""note"">[ပရိ။ ၄၂၁]</span> သင်္ဂါမာဝစရေ <a name=""T0.0404""></a><a name=""P5.0163""></a><a name=""M0.0287""></a><a name=""V0.0310""></a> ဘိက္ခုနာ သံဃံ ဥပသင်္ကမန္တေန နီစစိတ္တေန သံဃော ဥပသင်္ကမိတဗ္ဗော ရဇောဟရဏသမေန စိတ္တေန၊ အာသနကုသလေန ဘဝိတဗ္ဗံ နိသဇ္ဇကုသလေန၊ ထေရေ ဘိက္ခူ အနုပခဇ္ဇန္တေန, နဝေ ဘိက္ခူ အာသနေန အပ္ပဋိဗာဟန္တေန, ယထာပတိရူပေ အာသနေ နိသီဒိတဗ္ဗံ၊ အနာနာကထိကေန ဘဝိတဗ္ဗံ အတိရစ္ဆာနကထိကေန၊ သာမံ ဝါ ဓမ္မော ဘာသိတဗ္ဗော ပရော ဝါ အဇ္ဈေသိတဗ္ဗော အရိယော ဝါ တုဏှီဘာဝေါ နာတိမညိတဗ္ဗော။</p>
<p class=""bodytext"">သံဃေန အနုမတေန ပုဂ္ဂလေန အနုဝိဇ္ဇကေန အနုဝိဇ္ဇိတုကာမေန န ဥပဇ္ဈာယော ပုစ္ဆိတဗ္ဗော, န အာစရိယော ပုစ္ဆိတဗ္ဗော, န သဒ္ဓိဝိဟာရိကော ပုစ္ဆိတဗ္ဗော, န အန္တေဝါသိကော ပုစ္ဆိတဗ္ဗော, န သမာနုပဇ္ဈာယကော ပုစ္ဆိတဗ္ဗော, န သမာနာစရိယကော ပုစ္ဆိတဗ္ဗော, န ဇာတိ ပုစ္ဆိတဗ္ဗာ, န နာမံ ပုစ္ဆိတဗ္ဗံ, န ဂေါတ္တံ ပုစ္ဆိတဗ္ဗံ, န အာဂမော ပုစ္ဆိတဗ္ဗော, န ကုလပဒေသော ပုစ္ဆိတဗ္ဗော, န ဇာတိဘူမိ ပုစ္ဆိတဗ္ဗာ။ တံ ကိံ ကာရဏာ? အတြဿ ပေမံ ဝါ ဒေါသော ဝါ။ ပေမေ ဝါ သတိ ဒေါသေ ဝါ, ဆန္ဒာပိ ဂစ္ဆေယျ ဒေါသာပိ ဂစ္ဆေယျ မောဟာပိ ဂစ္ဆေယျ ဘယာပိ ဂစ္ဆေယျ။</p>
<p class=""bodytext"">သံဃေန အနုမတေန ပုဂ္ဂလေန အနုဝိဇ္ဇကေန အနုဝိဇ္ဇိတုကာမေန သံဃဂရုကေန ဘဝိတဗ္ဗံ နော ပုဂ္ဂလဂရုကေန, သဒ္ဓမ္မဂရုကေန ဘဝိတဗ္ဗံ နော အာမိသဂရုကေန, အတ္ထဝသိကေန ဘဝိတဗ္ဗံ နော ပရိသကပ္ပိကေန, ကာလေန အနုဝိဇ္ဇိတဗ္ဗံ နော အကာလေန, ဘူတေန အနုဝိဇ္ဇိတဗ္ဗံ <a name=""T0.0405""></a> နော အဘူတေန, သဏှေန အနုဝိဇ္ဇိတဗ္ဗံ နော ဖရုသေန, အတ္ထသံဟိတေန အနုဝိဇ္ဇိတဗ္ဗံ နော အနတ္ထသံဟိတေန, မေတ္တာစိတ္တေန အနုဝိဇ္ဇိတဗ္ဗံ နော ဒေါသန္တရေန, န ဥပကဏ္ဏကဇပ္ပိနာ ဘဝိတဗ္ဗံ, န <a name=""V0.0311""></a> ဇိမှံ ပေက္ခိတဗ္ဗံ, န အက္ခိ နိခဏိတဗ္ဗံ, န ဘမုကံ ဥက္ခိပိတဗ္ဗံ, န သီသံ ဥက္ခိပိတဗ္ဗံ, န ဟတ္ထဝိကာရော ကာတဗ္ဗော, န ဟတ္ထမုဒ္ဒါ ဒဿေတဗ္ဗာ။</p>
<p class=""bodytext"">အာသနကုသလေန ဘဝိတဗ္ဗံ နိသဇ္ဇကုသလေန, ယုဂမတ္တံ ပေက္ခန္တေန အတ္ထံ အနုဝိဓိယန္တေန သကေ အာသနေ နိသီဒိတဗ္ဗံ, န စ အာသနာ</p>
",-365-
2158,mula_vi_05,288,"<p class=""noindentbodytext""> ဝုဋ္ဌာတဗ္ဗံ<a name=""M0.0288""></a>, န ဝီတိဟာတဗ္ဗံ, န ကုမ္မဂ္ဂေါ သေဝိတဗ္ဗော, န ဗာဟာဝိက္ခေပကံ <span class=""note"">[န ဝါစာ ဝိက္ခေပကံ (သျာ။)]</span> ဘဏိတဗ္ဗံ, အတုရိတေန ဘဝိတဗ္ဗံ အသာဟသိကေန, အစဏ္ဍိကတေန ဘဝိတဗ္ဗံ ဝစနက္ခမေ<a name=""P5.0164""></a>, မေတ္တာစိတ္တေန ဘဝိတဗ္ဗံ ဟိတာနုကမ္ပိနာ, ကာရုဏိကေန ဘဝိတဗ္ဗံ ဟိတပရိသက္ကိနာ, အသမ္ဖပ္ပလာပိနာ ဘဝိတဗ္ဗံ ပရိယန္တဘာဏိနာ, အဝေရဝသိကေန ဘဝိတဗ္ဗံ အနသုရုတ္တေန, အတ္တာ ပရိဂ္ဂဟေတဗ္ဗော, ပရော ပရိဂ္ဂဟေတဗ္ဗော, စောဒကော ပရိဂ္ဂဟေတဗ္ဗော, စုဒိတကော ပရိဂ္ဂဟေတဗ္ဗော, အဓမ္မစောဒကော ပရိဂ္ဂဟေတဗ္ဗော, အဓမ္မစုဒိတကော ပရိဂ္ဂဟေတဗ္ဗော, ဓမ္မစောဒကော ပရိဂ္ဂဟေတဗ္ဗော, ဓမ္မစုဒိတကော ပရိဂ္ဂဟေတဗ္ဗော, ဝုတ္တံ အဟာပေန္တေန အဝုတ္တံ အပကာသေန္တေန ဩတိဏ္ဏာနိ ပဒဗျဉ္ဇနာနိ သာဓုကံ ပရိဂ္ဂဟေတွာ ပရော ပဋိပုစ္ဆိတွာ ယထာ ပဋိညာယ ကာရေတဗ္ဗော, မန္ဒော ဟာသေတဗ္ဗော <span class=""note"">[ဝေပေါ ပဟာသေတဗ္ဗော (သျာ။)]</span>, ဘီရူ <a name=""T0.0406""></a> အဿာသေတဗ္ဗော, စဏ္ဍော နိသေဓေတဗ္ဗော, အသုစိ ဝိဘာဝေတဗ္ဗော, ဥဇုမဒ္ဒဝေန န ဆန္ဒာဂတိံ ဂန္တဗ္ဗံ, န ဒေါသာဂတိံ ဂန္တဗ္ဗံ, န မောဟာဂတိံ ဂန္တဗ္ဗံ, န ဘယာဂတိံ ဂန္တဗ္ဗံ, မဇ္ဈတ္တေန ဘဝိတဗ္ဗံ ဓမ္မေသု စ ပုဂ္ဂလေသု စ။ ဧဝဉ္စ ပန အနုဝိဇ္ဇကော အနုဝိဇ္ဇမာနော သတ္ထု စေဝ သာသနကရော ဟောတိ, ဝိညူနဉ္စ သဗြဟ္မစာရီနံ ပိယော စ ဟောတိ မနာပေါ စ ဂရု စ ဘာဝနီယော စ။</p>
<p class=""bodytext""><a name=""para366""></a><a name=""para366_vin5""></a><span class=""paranum"">၃၆၆</span>။ သုတ္တံ သံသန္ဒနတ္ထာယ, ဩပမ္မံ နိဒဿနတ္ထာယ, အတ္ထော ဝိညာပနတ္ထာယ, ပဋိပုစ္ဆာ ဌပနတ္ထာယ, ဩကာသကမ္မံ စောဒနတ္ထာယ, စောဒနာ သာရဏတ္ထာယ, သာရဏာ သဝစနီယတ္ထာယ, သဝစနီယံ ပလိဗောဓတ္ထာယ, ပလိဗောဓော ဝိနိစ္ဆယတ္ထာယ, ဝိနိစ္ဆယော သန္တီရဏတ္ထာယ, သန္တီရဏံ ဌာနာဌာနဂမနတ္ထာယ, ဌာနာဌာနဂမနံ ဒုမ္မင်္ကူနံ ပုဂ္ဂလာနံ နိဂ္ဂဟတ္ထာယ, ပေသလာနံ ဘိက္ခူနံ သမ္ပဂ္ဂဟတ္ထာယ, သံဃော သမ္ပရိဂ္ဂဟသမ္ပဋိစ္ဆနတ္ထာယ, သံဃေန အနုမတာ ပုဂ္ဂလာ ပစ္စေကဋ္ဌာယိနော အဝိသံဝါဒကဋ္ဌာယိနော။</p>
<p class=""bodytext"">ဝိနယော သံဝရတ္ထာယ, သံဝရော အဝိပ္ပဋိသာရတ္ထာယ, အဝိပ္ပဋိသာရော ပါမုဇ္ဇတ္ထာယ, ပါမုဇ္ဇံ ပီတတ္ထာယ, ပီတိ ပဿဒ္ဓတ္ထာယ, ပဿဒ္ဓိ သုခတ္ထာယ, သုခံ သမာဓတ္ထာယ, သမာဓိ ယထာဘူတဉာဏဒဿနတ္ထာယ, ယထာဘူတဉာဏဒဿနံ နိဗ္ဗိဒတ္ထာယ, နိဗ္ဗိဒါ ဝိရာဂတ္ထာယ, ဝိရာဂေါ ဝိမုတ္တတ္ထာယ, ဝိမုတ္တိ ဝိမုတ္တိဉာဏဒဿနတ္ထာယ, ဝိမုတ္တိဉာဏဒဿနံ အနုပါဒါပရိနိဗ္ဗာနတ္ထာယ။</p>
",-366-
2159,mula_vi_05,289,"<p class=""noindentbodytext""> ဧတဒတ္ထာ<a name=""M0.0289""></a><a name=""V0.0312""></a> ကထာ, ဧတဒတ္ထာ မန္တနာ, ဧတဒတ္ထာ ဥပနိသာ, ဧတဒတ္ထံ သောတာဝဓာနံ – ယဒိဒံ <a name=""T0.0407""></a> အနုပါဒါစိတ္တဿ ဝိမောက္ခောတိ။</p>
<p class=""hangnum""><a name=""para367""></a><a name=""para367_vin5""></a><span class=""paranum"">၃၆၇</span>။</p>
<p class=""gatha1""> အနုယောဂဝတ္တံ နိသာမယ, ကုသလေန ဗုဒ္ဓိမတာ ကတံ၊</p>
<p class=""gathalast"">သုဝုတ္တံ သိက္ခာပဒါနုလောမိကံ, ဂတိံ န နာသေန္တော သမ္ပရာယိကံ။</p>
<p class=""gatha1"">ဝတ္ထုံ <a name=""P5.0165""></a> ဝိပတ္တိံ အာပတ္တိံ, နိဒါနံ အာကာရအကောဝိဒေါ၊</p>
<p class=""gathalast"">ပုဗ္ဗာပရံ န ဇာနာတိ, ကတာကတံ သမေန စ။</p>
<p class=""gatha1"">ကမ္မဉ္စ အဓိကရဏဉ္စ, သမထေ စာပိ အကောဝိဒေါ၊</p>
<p class=""gathalast"">ရတ္တော ဒုဋ္ဌော စ မူဠှော စ, ဘယာ မောဟာ စ ဂစ္ဆတိ။</p>
<p class=""gatha1"">န စ သညတ္တိကုသလော, နိဇ္ဈတ္တိယာ စ အကောဝိဒေါ၊</p>
<p class=""gatha2"">လဒ္ဓပက္ခော အဟိရိကော, ကဏှကမ္မော အနာဒရော၊</p>
<p class=""gathalast"">သ ဝေ <span class=""note"">[သစေ (က။)]</span> တာဒိသကော ဘိက္ခု, အပ္ပဋိက္ခောတိ ဝုစ္စတိ။</p>
<p class=""gatha1"">ဝတ္ထုံ ဝိပတ္တိံ အာပတ္တိံ, နိဒါနံ အာကာရကောဝိဒေါ၊</p>
<p class=""gathalast"">ပုဗ္ဗာပရဉ္စ ဇာနာတိ, ကတာကတံ သမေန စ။</p>
<p class=""gatha1"">ကမ္မဉ္စ အဓိကရဏဉ္စ, သမထေ စာပိ ကောဝိဒေါ၊</p>
<p class=""gathalast"">အရတ္တော အဒုဋ္ဌော အမူဠှော, ဘယာ မောဟာ န ဂစ္ဆတိ။</p>
<p class=""gatha1"">သညတ္တိယာ စ ကုသလော, နိဇ္ဈတ္တိယာ စ ကောဝိဒေါ၊</p>
<p class=""gatha2"">လဒ္ဓပက္ခော ဟိရိမနော, သုက္ကကမ္မော သဂါရဝေါ၊</p>
<p class=""gathalast"">သ ဝေ တာဒိသကော ဘိက္ခု, သပ္ပဋိက္ခောတိ ဝုစ္စတီတိ။</p>
<p class=""centered"">စူဠသင်္ဂါမော နိဋ္ဌိတော။</p>
<p class=""centered"">တဿုဒ္ဒါနံ –</p>
<p class=""gatha1"">နီစစိတ္တေန <a name=""T0.0408""></a><a name=""V0.0313""></a> ပုစ္ဆေယျ, ဂရု သံဃေ န ပုဂ္ဂလေ၊</p>
<p class=""gatha2"">သုတ္တံ သံသန္ဒနတ္ထာယ, ဝိနယာနုဂ္ဂဟေန စ၊</p>
<p class=""gathalast"">ဥဒ္ဒါနံ စူဠသင်္ဂါမေ, ဧကုဒ္ဒေသော <span class=""note"">[ဧကုဒ္ဒေသံ (သီ။ သျာ။)]</span> ဣဒံ ကတန္တိ။</p>
",-367-
2160,mula_vi_05,290,"<a name=""vin5_12""></a><p class=""chapter"">မဟာသင်္ဂါမော</p>
<p class=""subhead"">၁။ ဝေါဟရန္တေန ဇာနိတဗ္ဗာဒိ</p>
<p class=""bodytext""><a name=""para368""></a><a name=""para368_vin5""></a><span class=""paranum"">၃၆၈</span>။ သင်္ဂါမာဝစရေ <a name=""T0.0409""></a><a name=""P5.0166""></a><a name=""M0.0290""></a> ဘိက္ခုနာ သံဃေ ဝေါဟရန္တေန ဝတ္ထု ဇာနိတဗ္ဗံ, ဝိပတ္တိ ဇာနိတဗ္ဗာ, အာပတ္တိ ဇာနိတဗ္ဗာ, နိဒါနံ ဇာနိတဗ္ဗံ, အာကာရော ဇာနိတဗ္ဗော, ပုဗ္ဗာပရံ ဇာနိတဗ္ဗံ, ကတာကတံ ဇာနိတဗ္ဗံ, ကမ္မံ ဇာနိတဗ္ဗံ, အဓိကရဏံ ဇာနိတဗ္ဗံ, သမထော ဇာနိတဗ္ဗော, န ဆန္ဒာဂတိ ဂန္တဗ္ဗာ, န ဒေါသာဂတိ ဂန္တဗ္ဗာ, န မောဟာဂတိ ဂန္တဗ္ဗာ, န ဘယာဂတိ ဂန္တဗ္ဗာ, သညာပနီယေ ဌာနေ သညာပေတဗ္ဗံ, နိဇ္ဈာပနီယေ ဌာနေ နိဇ္ဈာပေတဗ္ဗံ, ပေက္ခနီယေ ဌာနေ ပေက္ခိတဗ္ဗံ, ပသာဒနီယေ ဌာနေ ပသာဒေတဗ္ဗံ, လဒ္ဓပက္ခောမှီတိ ပရပက္ခော နာဝဇာနိတဗ္ဗော, ဗဟုဿုတောမှီတိ အပ္ပဿုတော နာဝဇာနိတဗ္ဗော, ထေရတရောမှီတိ နဝကတရော နာဝဇာနိတဗ္ဗော, အသမ္ပတ္တံ န ဗျာဟာတဗ္ဗံ, သမ္ပတ္တံ ဓမ္မတော ဝိနယတော န ပရိဟာပေတဗ္ဗံ, ယေန ဓမ္မေန ယေန ဝိနယေန ယေန သတ္ထုသာသနေန တံ အဓိကရဏံ ဝူပသမ္မတိ, တထာ တံ အဓိကရဏံ ဝူပသမေတဗ္ဗံ။</p>
<p class=""bodytext""><a name=""para369""></a><a name=""para369_vin5""></a><span class=""paranum"">၃၆၉</span>။ ဝတ္ထု <span class=""bld"">ဇာနိတဗ္ဗ</span>န္တိ အဋ္ဌပါရာဇိကာနံ <span class=""note"">[အဋ္ဌန္နံ ပါရာဇိကာနံ (သီ။ က။)]</span> ဝတ္ထု ဇာနိတဗ္ဗံ, တေဝီသသံဃာဒိသေသာနံ ဝတ္ထု ဇာနိတဗ္ဗံ, ဒွေအနိယတာနံ ဝတ္ထု ဇာနိတဗ္ဗံ, ဒွေစတ္တာရီသနိဿဂ္ဂိယာနံ ဝတ္ထု ဇာနိတဗ္ဗံ, အဋ္ဌာသီတိသတပါစိတ္တိယာနံ ဝတ္ထု ဇာနိတဗ္ဗံ, ဒွါဒသပါဋိဒေသနီယာနံ ဝတ္ထု ဇာနိတဗ္ဗံ, ဒုက္ကဋာနံ ဝတ္ထု <a name=""T0.0410""></a> ဇာနိတဗ္ဗံ, ဒုဗ္ဘာသိတာနံ ဝတ္ထု ဇာနိတဗ္ဗံ။</p>
<p class=""bodytext""><a name=""para370""></a><a name=""para370_vin5""></a><span class=""paranum"">၃၇၀</span>။ <span class=""bld"">ဝိပတ္တိ ဇာနိတဗ္ဗာ</span>တိ သီလဝိပတ္တိ ဇာနိတဗ္ဗာ, အာစာရဝိပတ္တိ ဇာနိတဗ္ဗာ, ဒိဋ္ဌိဝိပတ္တိ ဇာနိတဗ္ဗာ, အာဇီဝဝိပတ္တိ ဇာနိတဗ္ဗာ။</p>
<p class=""bodytext""><a name=""para371""></a><a name=""para371_vin5""></a><span class=""paranum"">၃၇၁</span>။ <span class=""bld"">အာပတ္တိ ဇာနိတဗ္ဗာ</span>တိ ပါရာဇိကာပတ္တိ ဇာနိတဗ္ဗာ, သံဃာဒိသေသာပတ္တိ ဇာနိတဗ္ဗာ, ထုလ္လစ္စယာပတ္တိ <a name=""V0.0315""></a> ဇာနိတဗ္ဗာ, ပါစိတ္တိယာပတ္တိ ဇာနိတဗ္ဗာ, ပါဋိဒေသနီယာပတ္တိ ဇာနိတဗ္ဗာ, ဒုက္ကဋာပတ္တိ ဇာနိတဗ္ဗာ, ဒုဗ္ဘာသိတာပတ္တိ ဇာနိတဗ္ဗာ။</p>
",-368-369-370-371-
2161,mula_vi_05,291,"<p class=""bodytext""><a name=""para372""></a><a name=""para372_vin5""></a><span class=""paranum"">၃၇၂</span>။ <span class=""bld"">နိဒါနံ</span> <a name=""M0.0291""></a> <span class=""bld"">ဇာနိတဗ္ဗ</span>န္တိ အဋ္ဌပါရာဇိကာနံ နိဒါနံ ဇာနိတဗ္ဗံ, တေဝီသသံဃာဒိသေသာနံ နိဒါနံ ဇာနိတဗ္ဗံ, ဒွေအနိယတာနံ နိဒါနံ ဇာနိတဗ္ဗံ, ဒွေစတ္တာရီသနိဿဂ္ဂိယာနံ နိဒါနံ ဇာနိတဗ္ဗံ, အဋ္ဌာသီတိသတပါစိတ္တိယာနံ နိဒါနံ ဇာနိတဗ္ဗံ, ဒွါဒသပါဋိဒေသနီယာနံ နိဒါနံ ဇာနိတဗ္ဗံ, ဒုက္ကဋာနံ နိဒါနံ ဇာနိတဗ္ဗံ, ဒုဗ္ဘာသိတာနံ နိဒါနံ ဇာနိတဗ္ဗံ။</p>
<p class=""bodytext""><a name=""para373""></a><a name=""para373_vin5""></a><span class=""paranum"">၃၇၃</span>။ <span class=""bld"">အာကာရော ဇာနိတဗ္ဗော</span>တိ သံဃော အာကာရတော ဇာနိတဗ္ဗော, ဂဏော အာကာရတော ဇာနိတဗ္ဗော, ပုဂ္ဂလော အာကာရတော ဇာနိတဗ္ဗော, စောဒကော အာကာရတော ဇာနိတဗ္ဗော, စုဒိတကော အာကာရတော ဇာနိတဗ္ဗော<a name=""P5.0167""></a>။ <span class=""bld"">သံဃော အာကာရတော ဇာနိတဗ္ဗော</span>တိ ပဋိဗလော နု ခေါ အယံ သံဃော ဣမံ အဓိကရဏံ ဝူပသမေတုံ ဓမ္မေန ဝိနယေန သတ္ထုသာသနေန ဥဒါဟု နောတိ, ဧဝံ သံဃော အာကာရတော ဇာနိတဗ္ဗော။ <span class=""bld"">ဂဏော အာကာရတော ဇာနိတဗ္ဗော</span>တိ ပဋိဗလော နု ခေါ အယံ ဂဏော ဣမံ အဓိကရဏံ ဝူပသမေတုံ ဓမ္မေန ဝိနယေန သတ္ထုသာသနေန ဥဒါဟု နောတိ, ဧဝံ ဂဏော အာကာရတော ဇာနိတဗ္ဗော<a name=""T0.0411""></a>။ <span class=""bld"">ပုဂ္ဂလော အာကာရတော ဇာနိတဗ္ဗော</span>တိ ပဋိဗလော နု ခေါ အယံ ပုဂ္ဂလော ဣမံ အဓိကရဏံ ဝူပသမေတုံ ဓမ္မေန ဝိနယေန သတ္ထုသာသနေန ဥဒါဟု နောတိ, ဧဝံ ပုဂ္ဂလော အာကာရတော ဇာနိတဗ္ဗော။ <span class=""bld"">စောဒကော အာကာရတော ဇာနိတဗ္ဗော</span>တိ ကစ္စိ နု ခေါ အယမာယသ္မာ ပဉ္စသု ဓမ္မေသု ပတိဋ္ဌာယ ပရံ စောဒေတိ ဥဒါဟု နောတိ, ဧဝံ စောဒကော အာကာရတော ဇာနိတဗ္ဗော။ <span class=""bld"">စုဒိတကော အာကာရတော ဇာနိတဗ္ဗော</span>တိ ကစ္စိ နု ခေါ အယမာယသ္မာ ဒွီသု ဓမ္မေသု ပတိဋ္ဌိတော သစ္စေ စ အကုပ္ပေ စ ဥဒါဟု နောတိ, ဧဝံ စုဒိတကော အာကာရတော ဇာနိတဗ္ဗော။</p>
<p class=""bodytext""><a name=""para374""></a><a name=""para374_vin5""></a><span class=""paranum"">၃၇၄</span>။ <span class=""bld"">ပုဗ္ဗာပရံ ဇာနိတဗ္ဗ</span>န္တိ ကစ္စိ နု ခေါ အယမာယသ္မာ ဝတ္ထုတော ဝါ ဝတ္ထုံ သင်္ကမတိ, ဝိပတ္တိတော ဝါ ဝိပတ္တိံ သင်္ကမတိ, အာပတ္တိတော ဝါ အာပတ္တိံ သင်္ကမတိ, အဝဇာနိတွာ ဝါ ပဋိဇာနာတိ, ပဋိဇာနိတွာ ဝါ အဝဇာနာတိ, အညေန ဝါ အညံ ပဋိစရတိ, ဥဒါဟု နောတိ, ဧဝံ ပုဗ္ဗာပရံ ဇာနိတဗ္ဗံ။</p>
<p class=""bodytext""><a name=""para375""></a><a name=""para375_vin5""></a><span class=""paranum"">၃၇၅</span>။ <span class=""bld"">ကတာကတံ ဇာနိတဗ္ဗ</span>န္တိ မေထုနဓမ္မော ဇာနိတဗ္ဗော, မေထုနဓမ္မဿ အနုလောမံ ဇာနိတဗ္ဗံ, မေထုနဓမ္မဿ ပုဗ္ဗဘာဂေါ ဇာနိတဗ္ဗော။ <span class=""bld"">မေထုနဓမ္မော ဇာနိတဗ္ဗော</span>တိ ဒွယံဒွယသမာပတ္တိ ဇာနိတဗ္ဗာ။ <span class=""bld"">မေထုနဓမ္မဿ </p>
",-372-373-374-375-
2162,mula_vi_05,292,"<p class=""noindentbodytext""><span class=""bld""> အနုလောမံ</span><a name=""M0.0292""></a> <span class=""bld"">ဇာနိတဗ္ဗ</span>န္တိ ဘိက္ခု အတ္တနော မုခေန ပရဿ အင်္ဂဇာတံ ဂဏှာတိ<a name=""V0.0316""></a>။ <span class=""bld"">မေထုနဓမ္မဿ ပုဗ္ဗဘာဂေါ ဇာနိတဗ္ဗော</span>တိ ဝဏ္ဏာဝဏ္ဏော <span class=""note"">[ဝဏ္ဏော အဝဏ္ဏော (သျာ။)]</span>, ကာယသံသဂ္ဂေါ, ဒုဋ္ဌုလ္လဝါစာ, အတ္တကာမပါရိစရိယာ, ဝစနမနုပ္ပဒါနံ <a name=""T0.0412""></a> <span class=""note"">[ဓနမနုပ္ပဒါနံ (က။)]</span>။</p>
<p class=""bodytext""><a name=""para376""></a><a name=""para376_vin5""></a><span class=""paranum"">၃၇၆</span>။ <span class=""bld"">ကမ္မံ ဇာနိတဗ္ဗ</span>န္တိ သောဠသကမ္မာနိ ဇာနိတဗ္ဗာနိ – စတ္တာရိ အပလောကနကမ္မာနိ ဇာနိတဗ္ဗာနိ, စတ္တာရိ ဉတ္တိကမ္မာနိ ဇာနိတဗ္ဗာနိ, စတ္တာရိ ဉတ္တိဒုတိယကမ္မာနိ ဇာနိတဗ္ဗာနိ, စတ္တာရိ ဉတ္တိစတုတ္ထကမ္မာနိ ဇာနိတဗ္ဗာနိ။</p>
<p class=""bodytext""><a name=""para377""></a><a name=""para377_vin5""></a><span class=""paranum"">၃၇၇</span>။ <span class=""bld"">အဓိကရဏံ ဇာနိတဗ္ဗ</span>န္တိ စတ္တာရိ အဓိကရဏာနိ ဇာနိတဗ္ဗာနိ – ဝိဝါဒါဓိကရဏံ ဇာနိတဗ္ဗံ, အနုဝါဒါဓိကရဏံ ဇာနိတဗ္ဗံ, အာပတ္တာဓိကရဏံ ဇာနိတဗ္ဗံ, ကိစ္စာဓိကရဏံ ဇာနိတဗ္ဗံ။</p>
<p class=""bodytext""><a name=""para378""></a><a name=""para378_vin5""></a><span class=""paranum"">၃၇၈</span>။ <span class=""bld"">သမထော ဇာနိတဗ္ဗော</span>တိ သတ္တ သမထာ ဇာနိတဗ္ဗာ – သမ္မုခါဝိနယော ဇာနိတဗ္ဗော, သတိဝိနယော ဇာနိတဗ္ဗော, အမူဠှဝိနယော ဇာနိတဗ္ဗော, ပဋိညာတကရဏံ ဇာနိတဗ္ဗံ, ယေဘုယျသိကာ ဇာနိတဗ္ဗာ, တဿပါပိယသိကာ ဇာနိတဗ္ဗာ, တိဏဝတ္ထာရကော ဇာနိတဗ္ဗော။</p>
<p class=""subhead"">၂။ အဂတိအဂန္တဗ္ဗော</p>
<p class=""bodytext""><a name=""para379""></a><a name=""para379_vin5""></a><span class=""paranum"">၃၇၉</span>။ <span class=""bld"">န ဆန္ဒာဂတိ ဂန္တဗ္ဗာ</span>တိ ဆန္ဒာဂတိံ ဂစ္ဆန္တော ကထံ ဆန္ဒာဂတိံ ဂစ္ဆတိ? ဣဓေကစ္စော – ‘‘အယံ မေ ဥပဇ္ဈာယော ဝါ အာစရိယော ဝါ သဒ္ဓိဝိဟာရိကော ဝါ အန္တေဝါသိကော ဝါ သမာနုပဇ္ဈာယကော ဝါ သမာနာစရိယကော ဝါ သန္ဒိဋ္ဌော ဝါ သမ္ဘတ္တော ဝါ ဉာတိသာလောဟိတော ဝါ’’တိ, တဿာနုကမ္ပာယ တဿာနုရက္ခာယ အဓမ္မံ ဓမ္မောတိ ဒီပေတိ, ဓမ္မံ အဓမ္မောတိ ဒီပေတိ, အဝိနယံ ဝိနယောတိ ဒီပေတိ, ဝိနယံ အဝိနယောတိ ဒီပေတိ, အဘာသိတံ အလပိတံ တထာဂတေန ဘာသိတံ လပိတံ တထာဂတေနာတိ <a name=""T0.0413""></a> ဒီပေတိ, ဘာသိတံ လပိတံ တထာဂတေန အဘာသိတံ အလပိတံ တထာဂတေနာတိ ဒီပေတိ, အနာစိဏ္ဏံ တထာဂတေန အာစိဏ္ဏံ တထာဂတေနာတိ ဒီပေတိ, အာစိဏ္ဏံ တထာဂတေန အနာစိဏ္ဏံ တထာဂတေနာတိ ဒီပေတိ, အပညတ္တံ တထာဂတေန ပညတ္တံ တထာဂတေနာတိ ဒီပေတိ, ပညတ္တံ တထာဂတေန အပညတ္တံ တထာဂတေနာတိ ဒီပေတိ,</p>
",-376-377-378-379-
2163,mula_vi_05,293,"<p class=""noindentbodytext""> အနာပတ္တိံ<a name=""M0.0293""></a> အာပတ္တီတိ ဒီပေတိ, အာပတ္တိံ အနာပတ္တီတိ ဒီပေတိ, လဟုကံ အာပတ္တိံ ဂရုကာ အာပတ္တီတိ ဒီပေတိ, ဂရုကံ အာပတ္တိံ လဟုကာ အာပတ္တီတိ ဒီပေတိ, သာဝသေသံ အာပတ္တိံ အနဝသေသာ အာပတ္တီတိ ဒီပေတိ, အနဝသေသံ အာပတ္တိံ သာဝသေသာ အာပတ္တီတိ ဒီပေတိ, ဒုဋ္ဌုလ္လံ အာပတ္တိံ အဒုဋ္ဌုလ္လာ အာပတ္တီတိ ဒီပေတိ, အဒုဋ္ဌုလ္လံ <a name=""P5.0168""></a> အာပတ္တိံ ဒုဋ္ဌုလ္လာ အာပတ္တီတိ ဒီပေတိ။ ဣမေဟိ အဋ္ဌာရသဟိ ဝတ္ထူဟိ ဆန္ဒာဂတိံ ဂစ္ဆန္တော ဗဟုဇနာဟိတာယ <a name=""V0.0317""></a> ပဋိပန္နော ဟောတိ ဗဟုဇနာသုခါယ ဗဟုနော ဇနဿ အနတ္ထာယ အဟိတာယ ဒုက္ခာယ ဒေဝမနုဿာနံ။ ဣမေဟိ အဋ္ဌာရသဟိ ဝတ္ထူဟိ ဆန္ဒာဂတိံ ဂစ္ဆန္တော ခတံ ဥပဟတံ အတ္တာနံ ပရိဟရတိ, သာဝဇ္ဇော စ ဟောတိ သာနုဝဇ္ဇော စ ဝိညူနံ, ဗဟုဉ္စ အပုညံ ပသဝတိ။ ဆန္ဒာဂတိံ ဂစ္ဆန္တော ဧဝံ ဆန္ဒာဂတိံ ဂစ္ဆတိ။</p>
<p class=""bodytext""><a name=""para380""></a><a name=""para380_vin5""></a><span class=""paranum"">၃၈၀</span>။ <span class=""bld"">န ဒေါသာဂတိ ဂန္တဗ္ဗာ</span>တိ ဒေါသာဂတိံ ဂစ္ဆန္တော ကထံ ဒေါသာဂတိံ ဂစ္ဆတိ? ဣဓေကစ္စော အနတ္ထံ မေ အစရီတိ အာဃာတံ ဗန္ဓတိ, အနတ္ထံ မေ စရတီတိ အာဃာတံ ဗန္ဓတိ, အနတ္ထံ မေ စရိဿတီတိ <a name=""T0.0414""></a> အာဃာတံ ဗန္ဓတိ, ပိယဿ မေ မနာပဿ အနတ္ထံ အစရိ… အနတ္ထံ စရတိ… အနတ္ထံ စရိဿတီတိ အာဃာတံ ဗန္ဓတိ, အပ္ပိယဿ မေ အမနာပဿ အတ္ထံ အစရိ… အတ္ထံ စရတိ… အတ္ထံ စရိဿတီတိ အာဃာတံ ဗန္ဓတိ။ ဣမေဟိ နဝဟိ အာဃာတဝတ္ထူဟိ အာဃာတော ပဋိဃာတော ကုဒ္ဓေါ ကောဓာဘိဘူတော အဓမ္မံ ဓမ္မောတိ ဒီပေတိ, ဓမ္မံ အဓမ္မောတိ ဒီပေတိ…ပေ… ဒုဋ္ဌုလ္လံ အာပတ္တိံ အဒုဋ္ဌုလ္လာ အာပတ္တီတိ ဒီပေတိ, အဒုဋ္ဌုလ္လံ အာပတ္တိံ ဒုဋ္ဌုလ္လာ အာပတ္တီတိ ဒီပေတိ။ ဣမေဟိ အဋ္ဌာရသဟိ ဝတ္ထူဟိ ဒေါသာဂတိံ ဂစ္ဆန္တော ဗဟုဇနာဟိတာယ ပဋိပန္နော ဟောတိ ဗဟုဇနာသုခါယ ဗဟုနော ဇနဿ အနတ္ထာယ အဟိတာယ ဒုက္ခာယ ဒေဝမနုဿာနံ။ ဣမေဟိ အဋ္ဌာရသဟိ ဝတ္ထူဟိ ဒေါသာဂတိံ ဂစ္ဆန္တော ခတံ ဥပဟတံ အတ္တာနံ ပရိဟရတိ, သာဝဇ္ဇော စ ဟောတိ သာနုဝဇ္ဇော စ ဝိညူနံ ဗဟုဉ္စ အပုညံ ပသဝတိ။ ဒေါသာဂတိံ ဂစ္ဆန္တော ဧဝံ ဒေါသာဂတိံ ဂစ္ဆတိ။</p>
<p class=""bodytext""><a name=""para381""></a><a name=""para381_vin5""></a><span class=""paranum"">၃၈၁</span>။ <span class=""bld"">န မောဟာဂတိ ဂန္တဗ္ဗာ</span>တိ မောဟာဂတိံ ဂစ္ဆန္တော ကထံ မောဟာဂတိံ ဂစ္ဆတိ? ရတ္တော ရာဂဝသေန ဂစ္ဆတိ, ဒုဋ္ဌော ဒေါသဝသေန ဂစ္ဆတိ, မူဠှော မောဟဝသေန ဂစ္ဆတိ, ပရာမဋ္ဌော ဒိဋ္ဌိဝသေန ဂစ္ဆတိ, မူဠှော သံမူဠှော မောဟာဘိဘူတော အဓမ္မံ ဓမ္မောတိ ဒီပေတိ, ဓမ္မံ</p>
",-380-381-
2164,mula_vi_05,294,"<p class=""noindentbodytext""> အဓမ္မောတိ<a name=""M0.0294""></a> ဒီပေတိ…ပေ… ဒုဋ္ဌုလ္လံ အာပတ္တိံ အဒုဋ္ဌုလ္လာ အာပတ္တီတိ ဒီပေတိ, အဒုဋ္ဌုလ္လံ အာပတ္တိံ ဒုဋ္ဌုလ္လာ အာပတ္တီတိ ဒီပေတိ။ ဣမေဟိ အဋ္ဌာရသဟိ ဝတ္ထူဟိ မောဟာဂတိံ ဂစ္ဆန္တော ဗဟုဇနာဟိတာယ ပဋိပန္နော ဟောတိ ဗဟုဇနာသုခါယ ဗဟုနော ဇနဿ အနတ္ထာယ အဟိတာယ <a name=""T0.0415""></a> ဒုက္ခာယ ဒေဝမနုဿာနံ။ ဣမေဟိ အဋ္ဌာရသဟိ ဝတ္ထူဟိ မောဟာဂတိံ ဂစ္ဆန္တော ခတံ ဥပဟတံ အတ္တာနံ ပရိဟရတိ, သာဝဇ္ဇော စ ဟောတိ သာနုဝဇ္ဇော စ ဝိညူနံ, ဗဟုဉ္စ အပုညံ ပသဝတိ။ မောဟာဂတိံ ဂစ္ဆန္တော ဧဝံ မောဟာဂတိံ ဂစ္ဆတိ။</p>
<p class=""bodytext""><a name=""para382""></a><a name=""para382_vin5""></a><span class=""paranum"">၃၈၂</span>။ <span class=""bld"">န ဘယာဂတိ ဂန္တဗ္ဗာ</span>တိ ဘယာဂတိံ ဂစ္ဆန္တော ကထံ ဘယာဂတိံ ဂစ္ဆတိ? ဣဓေကစ္စော – ‘‘အယံ ဝိသမနိဿိတော ဝါ ဂဟနနိဿိတော ဝါ ဗလဝနိဿိတော ဝါ ကက္ခဠော ဖရုသော ဇီဝိတန္တရာယံ ဝါ ဗြဟ္မစရိယန္တရာယံ ဝါ ကရိဿတီ’’တိ, တဿ ဘယာ ဘီတော အဓမ္မံ ဓမ္မောတိ <a name=""V0.0318""></a> ဒီပေတိ, ဓမ္မံ အဓမ္မောတိ ဒီပေတိ, အဝိနယံ ဝိနယောတိ ဒီပေတိ, ဝိနယံ အဝိနယောတိ ဒီပေတိ, အဘာသိတံ အလပိတံ တထာဂတေန ဘာသိတံ လပိတံ တထာဂတေနာတိ ဒီပေတိ, ဘာသိတံ လပိတံ တထာဂတေန အဘာသိတံ အလပိတံ တထာဂတေနာတိ ဒီပေတိ, အနာစိဏ္ဏံ တထာဂတေန အာစိဏ္ဏံ တထာဂတေနာတိ ဒီပေတိ, အာစိဏ္ဏံ တထာဂတေန အနာစိဏ္ဏံ တထာဂတေနာတိ ဒီပေတိ, အပညတ္တံ တထာဂတေန ပညတ္တံ တထာဂတေနာတိ ဒီပေတိ, ပညတ္တံ တထာဂတေန အပညတ္တံ တထာဂတေနာတိ ဒီပေတိ, အနာပတ္တိံ အာပတ္တီတိ ဒီပေတိ, အာပတ္တိံ အနာပတ္တီတိ ဒီပေတိ, လဟုကံ အာပတ္တိံ ဂရုကာ အာပတ္တီတိ ဒီပေတိ, ဂရုကံ အာပတ္တိံ လဟုကာ အာပတ္တီတိ ဒီပေတိ, သာဝသေသံ အာပတ္တိံ အနဝသေသာ အာပတ္တီတိ ဒီပေတိ, အနဝသေသံ အာပတ္တိံ သာဝသေသာ အာပတ္တီတိ ဒီပေတိ, ဒုဋ္ဌုလ္လံ အာပတ္တိံ အဒုဋ္ဌုလ္လာ အာပတ္တီတိ ဒီပေတိ, အဒုဋ္ဌုလ္လံ အာပတ္တိံ ဒုဋ္ဌုလ္လာ အာပတ္တီတိ ဒီပေတိ။ ဣမေဟိ အဋ္ဌာရသဟိ ဝတ္ထူဟိ ဘယာဂတိံ ဂစ္ဆန္တော ဗဟုဇနာဟိတာယ ပဋိပန္နော ဟောတိ ဗဟုဇနာသုခါယ ဗဟုနော ဇနဿ အနတ္ထာယ အဟိတာယ ဒုက္ခာယ ဒေဝမနုဿာနံ။ ဣမေဟိ အဋ္ဌာရသဟိ ဝတ္ထူဟိ ဘယာဂတိံ ဂစ္ဆန္တော ခတံ ဥပဟတံ အတ္တာနံ ပရိဟရတိ, သာဝဇ္ဇော စ ဟောတိ သာနုဝဇ္ဇော စ ဝိညူနံ, ဗဟုဉ္စ အပုညံ ပသဝတိ။ ဘယာဂတိံ ဂစ္ဆန္တော ဧဝံ ဘယာဂတိံ ဂစ္ဆတိ။</p>
<p class=""gatha1"">ဆန္ဒာ ဒေါသာ ဘယာ မောဟာ, ယော ဓမ္မံ အတိဝတ္တတိ၊</p>
<p class=""gathalast"">နိဟီယတိ တဿ ယသော, ကာဠပက္ခေဝ စန္ဒိမာတိ။</p>
",-382-
2165,mula_vi_05,295,"<p class=""subhead"">၃။ အဂတိအဂမနံ</p>
<p class=""bodytext""><a name=""para383""></a><a name=""para383_vin5""></a><span class=""paranum"">၃၈၃</span>။ <span class=""bld"">ကထံ</span> <a name=""M0.0295""></a> <span class=""bld"">န ဆန္ဒာဂတိံ ဂစ္ဆတိ</span>? အဓမ္မံ အဓမ္မောတိ ဒီပေန္တော န ဆန္ဒာဂတိံ ဂစ္ဆတိ, ဓမ္မံ ဓမ္မောတိ ဒီပေန္တော <a name=""P5.0169""></a> န ဆန္ဒာဂတိံ <a name=""T0.0416""></a> ဂစ္ဆတိ, အဝိနယံ အဝိနယောတိ ဒီပေန္တော န ဆန္ဒာဂတိံ ဂစ္ဆတိ, ဝိနယံ ဝိနယောတိ ဒီပေန္တော န ဆန္ဒာဂတိံ ဂစ္ဆတိ, အဘာသိတံ အလပိတံ တထာဂတေန အဘာသိတံ အလပိတံ တထာဂတေနာတိ ဒီပေန္တော န ဆန္ဒာဂတိံ ဂစ္ဆတိ, ဘာသိတံ လပိတံ တထာဂတေန ဘာသိတံ လပိတံ တထာဂတေနာတိ ဒီပေန္တော န ဆန္ဒာဂတိံ ဂစ္ဆတိ, အနာစိဏ္ဏံ တထာဂတေန အနာစိဏ္ဏံ တထာဂတေနာတိ ဒီပေန္တော န ဆန္ဒာဂတိံ ဂစ္ဆတိ, အာစိဏ္ဏံ တထာဂတေန အာစိဏ္ဏံ တထာဂတေနာတိ ဒီပေန္တော န ဆန္ဒာဂတိံ ဂစ္ဆတိ, အပညတ္တံ တထာဂတေန အပညတ္တံ တထာဂတေနာတိ ဒီပေန္တော န ဆန္ဒာဂတိံ ဂစ္ဆတိ, ပညတ္တံ တထာဂတေန ပညတ္တံ တထာဂတေနာတိ ဒီပေန္တော န ဆန္ဒာဂတိံ ဂစ္ဆတိ, အနာပတ္တိံ အနာပတ္တီတိ ဒီပေန္တော န ဆန္ဒာဂတိံ ဂစ္ဆတိ, အာပတ္တိံ အာပတ္တီတိ ဒီပေန္တော န ဆန္ဒာဂတိံ ဂစ္ဆတိ, လဟုကံ အာပတ္တိံ လဟုကာ အာပတ္တီတိ ဒီပေန္တော န ဆန္ဒာဂတိံ ဂစ္ဆတိ, ဂရုကံ အာပတ္တိံ ဂရုကာ အာပတ္တီတိ ဒီပေန္တော န ဆန္ဒာဂတိံ ဂစ္ဆတိ, သာဝသေသံ အာပတ္တိံ သာဝသေသာ အာပတ္တီတိ ဒီပေန္တော န ဆန္ဒာဂတိံ ဂစ္ဆတိ, အနဝသေသံ <a name=""V0.0319""></a> အာပတ္တိံ အနဝသေသာ အာပတ္တီတိ ဒီပေန္တော န ဆန္ဒာဂတိံ ဂစ္ဆတိ, ဒုဋ္ဌုလ္လံ အာပတ္တိံ ဒုဋ္ဌုလ္လာ အာပတ္တီတိ ဒီပေန္တော န ဆန္ဒာဂတိံ ဂစ္ဆတိ, အဒုဋ္ဌုလ္လံ အာပတ္တိံ အဒုဋ္ဌုလ္လာ အာပတ္တီတိ ဒီပေန္တော န ဆန္ဒာဂတိံ ဂစ္ဆတိ။ ဧဝံ န ဆန္ဒာဂတိံ ဂစ္ဆတိ။</p>
<p class=""bodytext""><a name=""para384""></a><a name=""para384_vin5""></a><span class=""paranum"">၃၈၄</span>။ <span class=""bld"">ကထံ န ဒေါသာဂတိံ ဂစ္ဆတိ</span>? အဓမ္မံ အဓမ္မောတိ ဒီပေန္တော <a name=""T0.0417""></a> န ဒေါသာဂတိံ ဂစ္ဆတိ, ဓမ္မံ ဓမ္မောတိ ဒီပေန္တော န ဒေါသာဂတိံ ဂစ္ဆတိ…ပေ… ဒုဋ္ဌုလ္လံ အာပတ္တိံ ဒုဋ္ဌုလ္လာ အာပတ္တီတိ ဒီပေန္တော န ဒေါသာဂတိံ ဂစ္ဆတိ, အဒုဋ္ဌုလ္လံ အာပတ္တိံ အဒုဋ္ဌုလ္လာ အာပတ္တီတိ ဒီပေန္တော န ဒေါသာဂတိံ ဂစ္ဆတိ။ ဧဝံ န ဒေါသာဂတိံ ဂစ္ဆတိ။</p>
<p class=""bodytext""><a name=""para385""></a><a name=""para385_vin5""></a><span class=""paranum"">၃၈၅</span>။ <span class=""bld"">ကထံ န မောဟာဂတိံ ဂစ္ဆတိ</span>? အဓမ္မံ အဓမ္မောတိ ဒီပေန္တော န မောဟာဂတိံ ဂစ္ဆတိ, ဓမ္မံ ဓမ္မောတိ ဒီပေန္တော န မောဟာဂတိံ ဂစ္ဆတိ…ပေ… ဒုဋ္ဌုလ္လံ အာပတ္တိံ ဒုဋ္ဌုလ္လာ အာပတ္တီတိ ဒီပေန္တော န</p>
",-383-384-385-
2166,mula_vi_05,296,"<p class=""noindentbodytext""> မောဟာဂတိံ<a name=""M0.0296""></a> ဂစ္ဆတိ, အဒုဋ္ဌုလ္လံ အာပတ္တိံ အဒုဋ္ဌုလ္လာ အာပတ္တီတိ ဒီပေန္တော န မောဟာဂတိံ ဂစ္ဆတိ။ ဧဝံ န မောဟာဂတိံ ဂစ္ဆတိ။</p>
<p class=""bodytext""><a name=""para386""></a><a name=""para386_vin5""></a><span class=""paranum"">၃၈၆</span>။ <span class=""bld"">ကထံ န ဘယာဂတိံ ဂစ္ဆတိ</span>? အဓမ္မံ အဓမ္မောတိ ဒီပေန္တော န ဘယာဂတိံ ဂစ္ဆတိ, ဓမ္မံ ဓမ္မောတိ ဒီပေန္တော န ဘယာဂတိံ ဂစ္ဆတိ, အဝိနယံ အဝိနယောတိ ဒီပေန္တော န ဘယာဂတိံ ဂစ္ဆတိ, ဝိနယံ ဝိနယောတိ ဒီပေန္တော န ဘယာဂတိံ ဂစ္ဆတိ, အဘာသိတံ အလပိတံ တထာဂတေန အဘာသိတံ အလပိတံ တထာဂတေနာတိ ဒီပေန္တော န ဘယာဂတိံ ဂစ္ဆတိ, ဘာသိတံ လပိတံ တထာဂတေန ဘာသိတံ လပိတံ တထာဂတေနာတိ ဒီပေန္တော န ဘယာဂတိံ ဂစ္ဆတိ, အနာစိဏ္ဏံ တထာဂတေန အနာစိဏ္ဏံ တထာဂတေနာတိ ဒီပေန္တော န ဘယာဂတိံ ဂစ္ဆတိ, အာစိဏ္ဏံ တထာဂတေန အာစိဏ္ဏံ တထာဂတေနာတိ ဒီပေန္တော န ဘယာဂတိံ ဂစ္ဆတိ, အပညတ္တံ တထာဂတေန အပညတ္တံ တထာဂတေနာတိ ဒီပေန္တော န ဘယာဂတိံ ဂစ္ဆတိ, ပညတ္တံ တထာဂတေန ပညတ္တံ တထာဂတေနာတိ ဒီပေန္တော န ဘယာဂတိံ ဂစ္ဆတိ, အနာပတ္တိံ အနာပတ္တီတိ ဒီပေန္တော န ဘယာဂတိံ ဂစ္ဆတိ, အာပတ္တိံ အာပတ္တီတိ ဒီပေန္တော န ဘယာဂတိံ ဂစ္ဆတိ, လဟုကံ အာပတ္တိံ လဟုကာ အာပတ္တီတိ ဒီပေန္တော န ဘယာဂတိံ ဂစ္ဆတိ, ဂရုကံ အာပတ္တိံ ဂရုကာ အာပတ္တီတိ ဒီပေန္တော န ဘယာဂတိံ ဂစ္ဆတိ, သာဝသေသံ အာပတ္တိံ သာဝသေသာ အာပတ္တီတိ ဒီပေန္တော န ဘယာဂတိံ ဂစ္ဆတိ, အနဝသေသံ အာပတ္တိံ အနဝသေသာ အာပတ္တီတိ ဒီပေန္တော န ဘယာဂတိံ ဂစ္ဆတိ, ဒုဋ္ဌုလ္လံ အာပတ္တိံ ဒုဋ္ဌုလ္လာ အာပတ္တီတိ ဒီပေန္တော န ဘယာဂတိံ ဂစ္ဆတိ, အဒုဋ္ဌုလ္လံ အာပတ္တိံ အဒုဋ္ဌုလ္လာ အာပတ္တီတိ ဒီပေန္တော န ဘယာဂတိံ ဂစ္ဆတိ။ ဧဝံ န ဘယာဂတိံ ဂစ္ဆတိ။</p>
<p class=""gatha1"">ဆန္ဒာ <a name=""V0.0320""></a> ဒေါသာ ဘယာ မောဟာ, ယော ဓမ္မံ နာတိဝတ္တတိ၊</p>
<p class=""gathalast"">အာပူရတိ တဿ ယသော, သုက္ကပက္ခေဝ စန္ဒိမာတိ။</p>
<p class=""subhead"">၄။ သညာပနီယာဒိ</p>
<p class=""bodytext""><a name=""para387""></a><a name=""para387_vin5""></a><span class=""paranum"">၃၈၇</span>။ <span class=""bld"">ကထံ သညာပနီယေ ဌာနေ သညာပေတိ</span>? အဓမ္မံ အဓမ္မောတိ ဒီပေန္တော သညာပနီယေ ဌာနေ သညာပေတိ, ဓမ္မံ ဓမ္မောတိ ဒီပေန္တော <a name=""T0.0418""></a> သညာပနီယေ ဌာနေ သညာပေတိ…ပေ… ဒုဋ္ဌုလ္လံ အာပတ္တိံ ဒုဋ္ဌုလ္လာ အာပတ္တီတိ ဒီပေန္တော သညာပနီယေ ဌာနေ သညာပေတိ, အဒုဋ္ဌုလ္လံ အာပတ္တိံ</p>
",-386-387-
2167,mula_vi_05,297,"<p class=""noindentbodytext"">'' အဒုဋ္ဌုလ္လာ<a name=""M0.0297""></a> အာပတ္တီ""တိ ဒီပေန္တော သညာပနီယေ ဌာနေ သညာပေတိ။ ဧဝံ သညာပနီယေ ဌာနေ သညာပေတိ။</p>
<p class=""bodytext""><a name=""para388""></a><a name=""para388_vin5""></a><span class=""paranum"">၃၈၈</span>။ <span class=""bld"">ကထံ နိဇ္ဈာပနီယေ ဌာနေ နိဇ္ဈာပေတိ</span>? အဓမ္မံ အဓမ္မောတိ ဒီပေန္တော နိဇ္ဈာပနီယေ ဌာနေ နိဇ္ဈာပေတိ, ဓမ္မံ ဓမ္မောတိ ဒီပေန္တော နိဇ္ဈာပနီယေ ဌာနေ နိဇ္ဈာပေတိ…ပေ… ဒုဋ္ဌုလ္လံ အာပတ္တိံ ဒုဋ္ဌုလ္လာ အာပတ္တီတိ ဒီပေန္တော နိဇ္ဈာပနီယေ ဌာနေ နိဇ္ဈာပေတိ, အဒုဋ္ဌုလ္လံ အာပတ္တိံ အဒုဋ္ဌုလ္လာ အာပတ္တီတိ ဒီပေန္တော နိဇ္ဈာပနီယေ ဌာနေ နိဇ္ဈာပေတိ။ ဧဝံ နိဇ္ဈာပနီယေ ဌာနေ နိဇ္ဈာပေတိ။</p>
<p class=""bodytext""><a name=""para389""></a><a name=""para389_vin5""></a><span class=""paranum"">၃၈၉</span>။ <span class=""bld"">ကထံ ပေက္ခနီယေ ဌာနေ ပေက္ခတိ</span>? အဓမ္မံ အဓမ္မောတိ ဒီပေန္တော ပေက္ခနီယေ ဌာနေ ပေက္ခတိ, ဓမ္မံ ဓမ္မောတိ ဒီပေန္တော ပေက္ခနီယေ ဌာနေ ပေက္ခတိ…ပေ… ဒုဋ္ဌုလ္လံ အာပတ္တိံ ဒုဋ္ဌုလ္လာ အာပတ္တီတိ ဒီပေန္တော ပေက္ခနီယေ ဌာနေ ပေက္ခတိ, အဒုဋ္ဌုလ္လံ အာပတ္တိံ အဒုဋ္ဌုလ္လာ အာပတ္တီတိ ဒီပေန္တော ပေက္ခနီယေ ဌာနေ ပေက္ခတိ။ ဧဝံ ပေက္ခနီယေ ဌာနေ ပေက္ခတိ။</p>
<p class=""bodytext""><a name=""para390""></a><a name=""para390_vin5""></a><span class=""paranum"">၃၉၀</span>။ <span class=""bld"">ကထံ ပသာဒနီယေ ဌာနေ ပသာဒေတိ</span>? အဓမ္မံ အဓမ္မောတိ ဒီပေန္တော ပသာဒနီယေ ဌာနေ ပသာဒေတိ, ဓမ္မံ ဓမ္မောတိ ဒီပေန္တော ပသာဒနီယေ ဌာနေ ပသာဒေတိ…ပေ… ဒုဋ္ဌုလ္လံ အာပတ္တိံ ဒုဋ္ဌုလ္လာ အာပတ္တီတိ ဒီပေန္တော ပသာဒနီယေ ဌာနေ ပသာဒေတိ, အဒုဋ္ဌုလ္လံ အာပတ္တိံ <a name=""T0.0419""></a> အဒုဋ္ဌုလ္လာ အာပတ္တီတိ ဒီပေန္တော ပသာဒနီယေ ဌာနေ ပသာဒေတိ။ ဧဝံ ပသာဒနီယေ ဌာနေ ပသာဒေတိ။</p>
<p class=""subhead"">၅။ ပရပက္ခာဒိအဝဇာနနံ</p>
<p class=""bodytext""><a name=""para391""></a><a name=""para391_vin5""></a><span class=""paranum"">၃၉၁</span>။ <span class=""bld"">ကထံ လဒ္ဓပက္ခောမှီတိ ပရပက္ခံ အဝဇာနာတိ</span>? ဣဓေကစ္စော လဒ္ဓပက္ခော ဟောတိ လဒ္ဓပရိဝါရော <a name=""V0.0321""></a> ပက္ခဝါ ဉာတိမာ။ ‘‘အယံ အလဒ္ဓပက္ခော အလဒ္ဓပရိဝါရော န ပက္ခဝါ န ဉာတိမာ’’တိ တဿ အဝဇာနန္တော အဓမ္မံ ဓမ္မောတိ ဒီပေတိ, ဓမ္မံ အဓမ္မောတိ ဒီပေတိ…ပေ… ဒုဋ္ဌုလ္လံ အာပတ္တိံ အဒုဋ္ဌုလ္လာ အာပတ္တီတိ ဒီပေတိ, အဒုဋ္ဌုလ္လံ အာပတ္တိံ ဒုဋ္ဌုလ္လာ အာပတ္တီတိ ဒီပေတိ။ ဧဝံ လဒ္ဓပက္ခောမှီတိ ပရပက္ခံ အဝဇာနာတိ။</p>
<p class=""bodytext""><a name=""para392""></a><a name=""para392_vin5""></a><span class=""paranum"">၃၉၂</span>။ <span class=""bld"">ကထံ ဗဟုဿုတောမှီတိ အပ္ပဿုတံ အဝဇာနာတိ</span>? ဣဓေကစ္စော ဗဟုဿုတော ဟောတိ သုတဓရော သုတသန္နိစယော။ ‘‘အယံ အပ္ပဿုတော</p>
",-388-389-390-391-392-
2168,mula_vi_05,298,"<p class=""noindentbodytext""> အပ္ပါဂမော<a name=""M0.0298""></a> အပ္ပဓရော’’တိ တဿ အဝဇာနန္တော အဓမ္မံ ဓမ္မောတိ ဒီပေတိ, ဓမ္မံ အဓမ္မောတိ ဒီပေတိ…ပေ… ဒုဋ္ဌုလ္လံ အာပတ္တိံ အဒုဋ္ဌုလ္လာ အာပတ္တီတိ ဒီပေတိ, အဒုဋ္ဌုလ္လံ အာပတ္တိံ ဒုဋ္ဌုလ္လာ အာပတ္တီတိ ဒီပေတိ။ ဧဝံ ဗဟုဿုတောမှီတိ အပ္ပဿုတံ အဝဇာနာတိ။</p>
<p class=""bodytext""><a name=""para393""></a><a name=""para393_vin5""></a><span class=""paranum"">၃၉၃</span>။ <span class=""bld"">ကထံ ထေရတရောမှီတိ နဝကတရံ အဝဇာနာတိ</span>? ဣဓေကစ္စော ထေရော ဟောတိ ရတ္တညူ စိရပဗ္ဗဇိတော အယံ နဝကော အပ္ပညာတော အပ္ပကတညူ ဣမဿ ဝစနံ အကတံ ဘဝိဿတီ’’တိ တဿ အဝဇာနန္တော အဓမ္မံ ဓမ္မောတိ ဒီပေတိ, ဓမ္မံ အဓမ္မောတိ ဒီပေတိ <a name=""T0.0420""></a> …ပေ… ဒုဋ္ဌုလ္လံ အာပတ္တိံ အဒုဋ္ဌုလ္လာ အာပတ္တီတိ ဒီပေတိ, အဒုဋ္ဌုလ္လံ <a name=""P5.0170""></a> အာပတ္တိံ ဒုဋ္ဌုလ္လာ အာပတ္တီတိ ဒီပေတိ။ ဧဝံ ထေရတရောမှီတိ နဝကတရံ အဝဇာနာတိ။</p>
<p class=""bodytext""><a name=""para394""></a><a name=""para394_vin5""></a><span class=""paranum"">၃၉၄</span>။ <span class=""bld"">အသမ္ပတ္တံ န ဗျာဟရိတဗ္ဗ</span>န္တိ အနောတိဏ္ဏံ ဘာရံ <span class=""note"">[ဘာသံ (သျာ။)]</span> န ဩတာရေတဗ္ဗံ။ <span class=""bld"">သမ္ပတ္တံ ဓမ္မတော ဝိနယတော န ပရိဟာပေတဗ္ဗ</span>န္တိ ယံအတ္ထာယ သံဃော သန္နိပတိတော ဟောတိ တံ အတ္ထံ ဓမ္မတော ဝိနယတော န ပရိဟာပေတဗ္ဗံ။</p>
<p class=""bodytext""><a name=""para395""></a><a name=""para395_vin5""></a><span class=""paranum"">၃၉၅</span>။ <span class=""bld"">ယေန ဓမ္မေနာ</span>တိ ဘူတေန ဝတ္ထုနာ။ <span class=""bld"">ယေန ဝိနယေနာ</span>တိ စောဒေတွာ သာရေတွာ။ <span class=""bld"">ယေန သတ္ထုသာသနေနာ</span>တိ ဉတ္တိသမ္ပဒါယ အနုဿာဝနသမ္ပဒါယ, ယေန ဓမ္မေန ယေန ဝိနယေန ယေန သတ္ထုသာသနေန တံ အဓိကရဏံ ဝူပသမ္မတိ, တထာ တံ အဓိကရဏံ ဝူပသမေတဗ္ဗန္တိ။</p>
<p class=""subhead"">၆။ အနုဝိဇ္ဇကဿ အနုယောဂံ</p>
<p class=""bodytext""><a name=""para396""></a><a name=""para396_vin5""></a><span class=""paranum"">၃၉၆</span>။ အနုဝိဇ္ဇကေန စောဒကော ပုစ္ဆိတဗ္ဗော – ‘‘ယံ ခေါ တွံ, အာဝုသော, ဣမဿ ဘိက္ခုနော ပဝါရဏံ ဌပေသိ, ကိမှိ နံ ဌပေသိ, သီလဝိပတ္တိယာ ဝါ ဌပေသိ, အာစာရဝိပတ္တိယာ ဝါ ဌပေသိ, ဒိဋ္ဌိဝိပတ္တိယာ ဝါ ဌပေသီ’’တိ? သော စေ ဧဝံ ဝဒေယျ – ‘‘သီလဝိပတ္တိယာ ဝါ ဌပေမိ <a name=""V0.0322""></a> အာစာရဝိပတ္တိယာ ဝါ ဌပေမိ ဒိဋ္ဌိဝိပတ္တိယာ ဝါ ဌပေမီ’’တိ, သော ဧဝမဿ ဝစနီယော – ‘‘ဇာနာတိ ပနာယသ္မာ သီလဝိပတ္တိံ, ဇာနာတိ အာစာရဝိပတ္တိံ, ဇာနာတိ ဒိဋ္ဌိဝိပတ္တိ’’န္တိ? သော စေ ဧဝံ ဝဒေယျ – ‘‘ဇာနာမိ ခေါ အဟံ, အာဝုသော, သီလဝိပတ္တိံ, ဇာနာမိ အာစာရဝိပတ္တိံ, ဇာနာမိ ဒိဋ္ဌိဝိပတ္တိ’’န္တိ<a name=""T0.0421""></a>, သော ဧဝမဿ ဝစနီယော –</p>
",-393-394-395-396-
2169,mula_vi_05,299,"<p class=""noindentbodytext""> ‘‘ကတမာ<a name=""M0.0299""></a> ပနာဝုသော, သီလဝိပတ္တိ ကတမာ အာစာရဝိပတ္တိ ကတမာ ဒိဋ္ဌိဝိပတ္တီ’’တိ? သော စေ ဧဝံ ဝဒေယျ – ‘‘စတ္တာရိ ပါရာဇိကာနိ တေရသ သံဃာဒိသေသာ – အယံ သီလဝိပတ္တိ။ ထုလ္လစ္စယံ ပါစိတ္တိယံ ပါဋိဒေသနီယံ ဒုက္ကဋံ ဒုဗ္ဘာသိတံ – အယံ အာစာရဝိပတ္တိ။ မိစ္ဆာဒိဋ္ဌိ အန္တဂ္ဂါဟိကာဒိဋ္ဌိ – အယံ ဒိဋ္ဌိဝိပတ္တီ’’တိ, သော ဧဝမဿ ဝစနီယော – ‘‘ယံ ခေါ တွံ, အာဝုသော, ဣမဿ ဘိက္ခုနော ပဝါရဏံ ဌပေသိ, ဒိဋ္ဌေန ဝါ ဌပေသိ, သုတေန ဝါ ဌပေသိ, ပရိသင်္ကာယ ဝါ ဌပေသီ’’တိ? သော စေ ဧဝံ ဝဒေယျ – ‘‘ဒိဋ္ဌေန ဝါ ဌပေမိ, သုတေန ဝါ ဌပေမိ, ပရိသင်္ကာယ ဝါ ဌပေမီ’’တိ, သော ဧဝမဿ ဝစနီယော – ‘‘ယံ ခေါ တွံ, အာဝုသော, ဣမဿ ဘိက္ခုနော ဒိဋ္ဌေန ပဝါရဏံ ဌပေသိ, ကိံ တေ ဒိဋ္ဌံ, ကိန္တိ တေ ဒိဋ္ဌံ, ကဒါ တေ ဒိဋ္ဌံ, ကတ္ထ တေ ဒိဋ္ဌံ, ပါရာဇိကံ အဇ္ဈာပဇ္ဇန္တော ဒိဋ္ဌော, သံဃာဒိသေသံ အဇ္ဈာပဇ္ဇန္တော ဒိဋ္ဌော, ထုလ္လစ္စယံ… ပါစိတ္တိယံ… ပါဋိဒေသနီယံ… ဒုက္ကဋံ… ဒုဗ္ဘာသိတံ အဇ္ဈာပဇ္ဇန္တော ဒိဋ္ဌော, ကတ္ထ စ တွံ အဟောသိ, ကတ္ထ စာယံ ဘိက္ခု အဟောသိ, ကိဉ္စ တွံ ကရောသိ, ကိံ စာယံ ဘိက္ခု ကရောတီ’’တိ? သော စေ ဧဝံ ဝဒေယျ – ‘‘န ခေါ အဟံ, အာဝုသော, ဣမဿ ဘိက္ခုနော ဒိဋ္ဌေန ပဝါရဏံ ဌပေမိ, အပိ စ သုတေန ပဝါရဏံ ဌပေမီ’’တိ, သော ဧဝမဿ ဝစနီယော – ‘‘ယံ ခေါ တွံ, အာဝုသော, ဣမဿ ဘိက္ခုနော သုတေန ပဝါရဏံ ဌပေသိ <a name=""T0.0422""></a> ကိံ တေ သုတံ, ကိန္တိ တေ သုတံ, ကဒါ တေ သုတံ, ကတ္ထ တေ သုတံ, ပါရာဇိကံ အဇ္ဈာပန္နောတိ သုတံ, သံဃာဒိသေသံ အဇ္ဈာပန္နောတိ သုတံ, ထုလ္လစ္စယံ… ပါစိတ္တိယံ… ပါဋိဒေသနီယံ… ဒုက္ကဋံ… ဒုဗ္ဘာသိတံ အဇ္ဈာပန္နောတိ သုတံ, ဘိက္ခုဿ သုတံ, ဘိက္ခုနိယာ သုတံ, သိက္ခမာနာယ သုတံ, သာမဏေရဿ သုတံ, သာမဏေရိယာ သုတံ, ဥပါသကဿ သုတံ, ဥပါသိကာယ သုတံ, ရာဇူနံ သုတံ, ရာဇမဟာမတ္တာနံ သုတံ, တိတ္ထိယာနံ သုတံ, တိတ္ထိယသာဝကာနံ သုတ’’န္တိ? သော စေ ဧဝံ ဝဒေယျ – ‘‘န ခေါ အဟံ, အာဝုသော, ဣမဿ ဘိက္ခုနော သုတေန ပဝါရဏံ ဌပေမိ, အပိ စ ပရိသင်္ကာယ ပဝါရဏံ ဌပေမီ’’တိ, သော ဧဝမဿ ဝစနီယော – ‘‘ယံ ခေါ တွံ, အာဝုသော, ဣမဿ ဘိက္ခုနော ပရိသင်္ကာယ ပဝါရဏံ ဌပေသိ, ကိံ ပရိသင်္ကသိ, ကိန္တိ ပရိသင်္ကသိ, ကဒါ ပရိသင်္ကသိ, ကတ္ထ ပရိသင်္ကသိ, ပါရာဇိကံ အဇ္ဈာပန္နောတိ ပရိသင်္ကသိ, သံဃာဒိသေသံ အဇ္ဈာပန္နောတိ ပရိသင်္ကသိ, ထုလ္လစ္စယံ… ပါစိတ္တိယံ… ပါဋိဒေသနီယံ… ဒုက္ကဋံ… ဒုဗ္ဘာသိတံ အဇ္ဈာပန္နောတိ ပရိသင်္ကသိ, ဘိက္ခုဿ သုတွာ ပရိသင်္ကသိ, ဘိက္ခုနိယာ သုတွာ ပရိသင်္ကသိ, သိက္ခမာနာယ သုတွာ ပရိသင်္ကသိ, သာမဏေရဿ သုတွာ ပရိသင်္ကသိ, သာမဏေရိယာ သုတွာ ပရိသင်္ကသိ, ဥပါသကဿ သုတွာ ပရိသင်္ကသိ, ဥပါသိကာယ </p>
",
2170,mula_vi_05,300,"<p class=""noindentbodytext""> သုတွာ <a name=""M0.0300""></a> ပရိသင်္ကသိ, ရာဇူနံ သုတွာ <a name=""V0.0323""></a> ပရိသင်္ကသိ ရာဇမဟာမတ္တာနံ <a name=""T0.0423""></a> သုတွာ ပရိသင်္ကသိ, တိတ္ထိယာနံ သုတွာ ပရိသင်္ကသိ, တိတ္ထိယသာဝကာနံ သုတွာ ပရိသင်္ကသီ’’တိ?</p>
<p class=""hangnum""><a name=""para397""></a><a name=""para397_vin5""></a><span class=""paranum"">၃၉၇</span>။</p>
<p class=""gatha1""> ဒိဋ္ဌံ ဒိဋ္ဌေန သမေတိ, ဒိဋ္ဌေန သံသန္ဒတေ ဒိဋ္ဌံ၊</p>
<p class=""gatha2"">ဒိဋ္ဌံ ပဋိစ္စ န ဥပေတိ, အသုဒ္ဓပရိသင်္ကိတော၊</p>
<p class=""gathalast"">သော ပုဂ္ဂလော ပဋိညာယ, ကာတဗ္ဗာ တေန ပဝါရဏာ။</p>
<p class=""gatha1"">သုတံ သုတေန သမေတိ, သုတေန သံသန္ဒတေ သုတံ၊</p>
<p class=""gatha2"">သုတံ ပဋိစ္စ န ဥပေတိ, အသုဒ္ဓပရိသင်္ကိတော၊</p>
<p class=""gathalast"">သော ပုဂ္ဂလော ပဋိညာယ, ကာတဗ္ဗာ တေန ပဝါရဏာ။</p>
<p class=""gatha1"">မုတံ မုတေန သမေတိ, မုတေန သံသန္ဒတေ မုတံ၊</p>
<p class=""gatha2"">မုတံ ပဋိစ္စ န ဥပေတိ, အသုဒ္ဓပရိသင်္ကိတော၊</p>
<p class=""gathalast"">သော ပုဂ္ဂလော ပဋိညာယ, ကာတဗ္ဗာ တေန ပဝါရဏာတိ။</p>
<p class=""subhead"">၇။ ပုစ္ဆာဝိဘာဂေါ</p>
<p class=""bodytext""><a name=""para398""></a><a name=""para398_vin5""></a><span class=""paranum"">၃၉၈</span>။ ကိံ တေ ဒိဋ္ဌန္တိ ကတမာ ပုစ္ဆာ? ကိန္တိ တေ ဒိဋ္ဌန္တိ ကတမာ ပုစ္ဆာ? ကဒါ တေ ဒိဋ္ဌန္တိ ကတမာ ပုစ္ဆာ? ကတ္ထ တေ ဒိဋ္ဌန္တိ ကတမာ ပုစ္ဆာ?</p>
<p class=""bodytext""><a name=""para399""></a><a name=""para399_vin5""></a><span class=""paranum"">၃၉၉</span>။ <span class=""bld"">ကိံ တေ ဒိဋ္ဌ</span>န္တိ ဝတ္ထုပုစ္ဆာ, ဝိပတ္တိပုစ္ဆာ, အာပတ္တိပုစ္ဆာ, အဇ္ဈာစာရပုစ္ဆာ။ ဝတ္ထုပုစ္ဆာတိ – အဋ္ဌပါရာဇိကာနံ ဝတ္ထုပုစ္ဆာ, တေဝီသသံဃာဒိသေသာနံ ဝတ္ထုပုစ္ဆာ, ဒွေအနိယတာနံ ဝတ္ထုပုစ္ဆာ, ဒွေစတ္တာရီသနိဿဂ္ဂိယာနံ ဝတ္ထုပုစ္ဆာ, အဋ္ဌာသီတိသတပါစိတ္တိယာနံ ဝတ္ထုပုစ္ဆာ, ဒွါဒသပါဋိဒေသနီယာနံ ဝတ္ထုပုစ္ဆာ, ဒုက္ကဋာနံ ဝတ္ထုပုစ္ဆာ, ဒုဗ္ဘာသိတာနံ ဝတ္ထုပုစ္ဆာ။ ဝိပတ္တိပုစ္ဆာတိ – သီလဝိပတ္တိပုစ္ဆာ, အာစာရဝိပတ္တိပုစ္ဆာ, ဒိဋ္ဌိဝိပတ္တိပုစ္ဆာ<a name=""T0.0424""></a>, အာဇီဝဝိပတ္တိပုစ္ဆာ။ အာပတ္တိပုစ္ဆာတိ – ပါရာဇိကာပတ္တိပုစ္ဆာ, သံဃာဒိသေသာပတ္တိပုစ္ဆာ, ထုလ္လစ္စယာပတ္တိပုစ္ဆာ, ပါစိတ္တိယာပတ္တိပုစ္ဆာ, ပါဋိဒေသနီယာပတ္တိပုစ္ဆာ, ဒုက္ကဋာပတ္တိပုစ္ဆာ, ဒုဗ္ဘာသိတာပတ္တိပုစ္ဆာ။ အဇ္ဈာစာရပုစ္ဆာတိ – ဒွယံဒွယသမာပတ္တိပုစ္ဆာ။</p>
<p class=""bodytext""><a name=""para400""></a><a name=""para400_vin5""></a><span class=""paranum"">၄၀၀</span>။ <span class=""bld"">ကိန္တိ တေ ဒိဋ္ဌ</span>န္တိ လိင်္ဂပုစ္ဆာ, ဣရိယာပထပုစ္ဆာ, အာကာရပုစ္ဆာ, ဝိပ္ပကာရပုစ္ဆာ။ လိင်္ဂပုစ္ဆာတိ – ဒီဃံ ဝါ ရဿံ ဝါ ကဏှံ ဝါ ဩဒါတံ ဝါ။ ဣရိယာပထပုစ္ဆာတိ ဂစ္ဆန္တံ ဝါ ဌိတံ <a name=""V0.0324""></a> ဝါ နိသိန္နံ ဝါ နိပန္နံ ဝါ။ အာကာရပုစ္ဆာတိ</p>
",-397-398-399-400-
2171,mula_vi_05,301,"<p class=""noindentbodytext""> ဂိဟိလိင်္ဂေ<a name=""M0.0301""></a> ဝါ တိတ္ထိယလိင်္ဂေ ဝါ ပဗ္ဗဇိတလိင်္ဂေ ဝါ။ ဝိပ္ပကာရပုစ္ဆာတိ ဂစ္ဆန္တံ ဝါ ဌိတံ ဝါ နိသိန္နံ ဝါ နိပန္နံ ဝါ။</p>
<p class=""bodytext""><a name=""para401""></a><a name=""para401_vin5""></a><span class=""paranum"">၄၀၁</span>။ <span class=""bld"">ကဒါ</span> <a name=""P5.0171""></a> <span class=""bld"">တေ ဒိဋ္ဌ</span>န္တိ ကာလပုစ္ဆာ, သမယပုစ္ဆာ, ဒိဝသပုစ္ဆာ, ဥတုပုစ္ဆာ။ ကာလပုစ္ဆာတိ ပုဗ္ဗဏှကာလေ ဝါ မဇ္ဈနှိကကာလေ ဝါ သာယနှကာလေ ဝါ။ သမယပုစ္ဆာတိ ပုဗ္ဗဏှသမယေ ဝါ မဇ္ဈနှိကသမယေ ဝါ သာယနှသမယေ ဝါ။ ဒိဝသပုစ္ဆာတိ ပုရေဘတ္တံ ဝါ ပစ္ဆာဘတ္တံ ဝါ ရတ္တိံ ဝါ ဒိဝါ ဝါ ကာဠေ ဝါ ဇုဏှေ ဝါ။ ဥတုပုစ္ဆာတိ ဟေမန္တေ ဝါ ဂိမှေ ဝါ ဝဿေ ဝါ <span class=""note"">[ဝဿာနေ ဝါ (သီ။)]</span>။</p>
<p class=""bodytext""><a name=""para402""></a><a name=""para402_vin5""></a><span class=""paranum"">၄၀၂</span>။ <span class=""bld"">ကတ္ထ တေ ဒိဋ္ဌ</span>န္တိ ဌာနပုစ္ဆာ, ဘူမိပုစ္ဆာ, ဩကာသပုစ္ဆာ, ပဒေသပုစ္ဆာ။ ဌာနပုစ္ဆာတိ ဘူမိယာ ဝါ ပထဝိယာ ဝါ ဓရဏိယာ ဝါ ဇဂတိယာ ဝါ။ ဘူမိပုစ္ဆာတိ ဘူမိယာ ဝါ ပထဝိယာ ဝါ ပဗ္ဗတေ ဝါ ပါသာဏေ ဝါ ပါသာဒေ ဝါ။ ဩကာသပုစ္ဆာတိ ပုရတ္ထိမေ ဝါ ဩကာသေ ပစ္ဆိမေ <a name=""T0.0425""></a> ဝါ ဩကာသေ ဥတ္တရေ ဝါ ဩကာသေ ဒက္ခိဏေ ဝါ ဩကာသေ။ ပဒေသပုစ္ဆာတိ ပုရတ္ထိမေ ဝါ ပဒေသေ ပစ္ဆိမေ ဝါ ပဒေသေ ဥတ္တရေ ဝါ ပဒေသေ ဒက္ခိဏေ ဝါ ပဒေသေတိ။</p>
<p class=""centered"">မဟာသင်္ဂါမော နိဋ္ဌိတော။</p>
<p class=""centered"">တဿုဒ္ဒါနံ –</p>
<p class=""gatha1"">ဝတ္ထု နိဒါနံ အာကာရော, ပုဗ္ဗာပရံ ကတာကတံ၊</p>
<p class=""gathalast"">ကမ္မာဓိကရဏဉ္စေဝ, သမထော ဆန္ဒဂါမိ စ။</p>
<p class=""gatha1"">ဒေါသာ မောဟာ ဘယာ စေဝ, သညာ နိဇ္ဈာပနေန စ၊</p>
<p class=""gathalast"">ပေက္ခာ ပသာဒေ ပက္ခောမှိ, သုတထေရတရေန စ။</p>
<p class=""gatha1"">အသမ္ပတ္တဉ္စ သမ္ပတ္တံ, ဓမ္မေန ဝိနယေန စ၊</p>
<p class=""gathalast"">သတ္ထုဿ သာသနေနာပိ, မဟာသင်္ဂါမဉာပနာတိ။</p>
",-401-402-
2172,mula_vi_05,302,"<a name=""vin5_13""></a><p class=""chapter"">ကထိနဘေဒေါ</p>
<p class=""subhead"">၁။ ကထိနအတ္ထတာဒိ</p>
<p class=""bodytext""><a name=""para403""></a><a name=""para403_vin5""></a><span class=""paranum"">၄၀၃</span>။ ကဿ <a name=""T0.0426""></a><a name=""P5.0172""></a><a name=""M0.0302""></a><a name=""V0.0325""></a> ကထိနံ <span class=""note"">[ကဌိနံ (သီ။ သျာ။)]</span> အနတ္ထတံ? ကဿ ကထိနံ အတ္ထတံ? ကိန္တိ ကထိနံ အနတ္ထတံ? ကိန္တိ ကထိနံ အတ္ထတံ?</p>
<p class=""bodytext""><span class=""bld"">ကဿ ကထိနံ အနတ္ထတ</span>န္တိ? ဒွိန္နံ ပုဂ္ဂလာနံ အနတ္ထတံ ဟောတိ ကထိနံ – အနတ္ထာရကဿ စ အနနုမောဒကဿ စ။ ဣမေသံ ဒွိန္နံ ပုဂ္ဂလာနံ အနတ္ထတံ ဟောတိ ကထိနံ။</p>
<p class=""bodytext""><span class=""bld"">ကဿ ကထိနံ အတ္ထတ</span>န္တိ? ဒွိန္နံ ပုဂ္ဂလာနံ အတ္ထတံ ဟောတိ ကထိနံ – အတ္ထာရကဿ စ အနုမောဒကဿ စ။ ဣမေသံ ဒွိန္နံ ပုဂ္ဂလာနံ အတ္ထတံ ဟောတိ ကထိနံ။</p>
<p class=""bodytext""><span class=""bld"">ကိန္တိ ကထိနံ အနတ္ထတ</span>န္တိ? စတုဝီသတိယာ အာကာရေဟိ အနတ္ထတံ ဟောတိ ကထိနံ, န ဥလ္လိခိတမတ္တေန အတ္ထတံ ဟောတိ ကထိနံ, န ဓောဝနမတ္တေန အတ္ထတံ ဟောတိ ကထိနံ, န စီဝရဝိစာရဏမတ္တေန အတ္ထတံ ဟောတိ ကထိနံ, န ဆေဒနမတ္တေန အတ္ထတံ ဟောတိ ကထိနံ, န ဗန္ဓနမတ္တေန အတ္ထတံ ဟောတိ ကထိနံ, န ဩဝဋ္ဋိယကရဏမတ္တေန အတ္ထတံ ဟောတိ ကထိနံ, န ကဏ္ဍုသကရဏမတ္တေန <span class=""note"">[န ဂဏ္ဍုသကရဏမတ္တေန (က။)]</span> အတ္ထတံ ဟောတိ ကထိနံ, န ဒဠှီကမ္မကရဏမတ္တေန အတ္ထတံ ဟောတိ ကထိနံ, န အနုဝါတကရဏမတ္တေန အတ္ထတံ ဟောတိ ကထိနံ, န ပရိဘဏ္ဍကရဏမတ္တေန အတ္ထတံ ဟောတိ ကထိနံ, န ဩဝဒ္ဓေယျကရဏမတ္တေန <span class=""note"">[န ဩဝဋ္ဋေယျကရဏမတ္တေန (သီ။ သျာ။), န ဩဝဒေယျကရဏမတ္တေန (က။)]</span> အတ္ထတံ ဟောတိ ကထိနံ, န ကမ္ဗလမဒ္ဒနမတ္တေန အတ္ထတံ ဟောတိ ကထိနံ, န နိမိတ္တကတေန အတ္ထတံ ဟောတိ ကထိနံ, န <a name=""T0.0427""></a> ပရိကထာကတေန အတ္ထတံ ဟောတိ ကထိနံ, န ကုက္ကုကတေန အတ္ထတံ ဟောတိ ကထိနံ, န သန္နိဓိကတေန အတ္ထတံ ဟောတိ ကထိနံ, န နိဿဂ္ဂိယေန အတ္ထတံ ဟောတိ ကထိနံ, န အကပ္ပကတေန အတ္ထတံ ဟောတိ ကထိနံ, န အညတြ သံဃာဋိယာ အတ္ထတံ ဟောတိ ကထိနံ, န အညတြ ဥတ္တရာသင်္ဂေန အတ္ထတံ ဟောတိ ကထိနံ, န အညတြ အန္တရဝါသကေန အတ္ထတံ ဟောတိ ကထိနံ<a name=""V0.0326""></a>, န အညတြ ပဉ္စကေန ဝါ အတိရေကပဉ္စကေန ဝါ တဒဟေဝ သဉ္ဆိန္နေန သမဏ္ဍလီကတေန အတ္ထတံ ဟောတိ ကထိနံ, န အညတြ ပုဂ္ဂလဿ အတ္ထာရာ</p>
",-403-
2173,mula_vi_05,303,"<p class=""noindentbodytext""> အတ္ထတံ<a name=""M0.0303""></a> ဟောတိ ကထိနံ, သမ္မာ စေ အတ္ထတံ ဟောတိ ကထိနံ တံ စေ နိဿီမဋ္ဌော အနုမောဒတိ။ ဧဝမ္ပိ အနတ္ထတံ ဟောတိ ကထိနံ။</p>
<p class=""bodytext"">နိမိတ္တကမ္မံ နာမ နိမိတ္တံ ကရောတိ – ‘‘ဣမိနာ ဒုဿေန ကထိနံ အတ္ထရိဿာမီ’’တိ။ ပရိကထာ နာမ ပရိကထံ ကရောတိ – ‘‘ဣမာယ ပရိကထာယ ကထိနဒုဿံ နိဗ္ဗတ္တေဿာမီ’’တိ။ ကုက္ကုကတံ နာမ အနာဒိယဒါနံ ဝုစ္စတိ။ သန္နိဓိ နာမ ဒွေ သန္နိဓိယော – ကရဏသန္နိဓိ ဝါ နိစယသန္နိဓိ ဝါ။ နိဿဂ္ဂိယံ နာမ ကယိရမာနေ အရုဏံ ဥဋ္ဌဟတိ <span class=""note"">[ဥဒြိယတိ (သီ။ သျာ။)]</span>။ ဣမေဟိ စတုဝီသတိယာ အာကာရေဟိ အနတ္ထတံ ဟောတိ ကထိနံ။</p>
<p class=""bodytext""><span class=""bld"">ကိန္တိ ကထိနံ အတ္ထတ</span>န္တိ? သတ္တရသဟိ အာကာရေဟိ အတ္ထတံ ဟောတိ ကထိနံ။ အဟတေန အတ္ထတံ ဟောတိ ကထိနံ, အဟတကပ္ပေန အတ္ထတံ ဟောတိ ကထိနံ, ပိလောတိကာယ အတ္ထတံ ဟောတိ ကထိနံ, ပံသုကူလေန အတ္ထတံ ဟောတိ ကထိနံ, ပါပဏိကေန အတ္ထတံ ဟောတိ ကထိနံ, အနိမိတ္တကတေန အတ္ထတံ <a name=""T0.0428""></a> ဟောတိ ကထိနံ, အပရိကထာကတေန အတ္ထတံ ဟောတိ ကထိနံ, အကုက္ကုကတေန အတ္ထတံ ဟောတိ ကထိနံ, အသန္နိဓိကတေန အတ္ထတံ ဟောတိ ကထိနံ, အနိဿဂ္ဂိယေန အတ္ထတံ ဟောတိ ကထိနံ, ကပ္ပကတေန အတ္ထတံ ဟောတိ ကထိနံ, သံဃာဋိယာ အတ္ထတံ ဟောတိ ကထိနံ, ဥတ္တရာသင်္ဂေန အတ္ထတံ ဟောတိ ကထိနံ, အန္တရဝါသကေန အတ္ထတံ ဟောတိ ကထိနံ, ပဉ္စကေန ဝါ အတိရေကပဉ္စကေန ဝါ တဒဟေဝ သဉ္ဆိန္နေန သမဏ္ဍလီကတေန အတ္ထတံ ဟောတိ ကထိနံ, ပုဂ္ဂလဿ အတ္ထာရာ အတ္ထတံ ဟောတိ ကထိနံ, သမ္မာ စေ အတ္ထတံ ဟောတိ ကထိနံ, တံ စေ သီမဋ္ဌော အနုမောဒတိ, ဧဝမ္ပိ အတ္ထတံ ဟောတိ ကထိနံ။ ဣမေဟိ သတ္တရသဟိ အာကာရေဟိ အတ္ထတံ ဟောတိ ကထိနံ။</p>
<p class=""bodytext"">သဟ ကထိနဿ အတ္ထာရာ ကတိ ဓမ္မာ ဇာယန္တိ? သဟ ကထိနဿ အတ္ထာရာ ပန္နရသ ဓမ္မာ ဇာယန္တိ – အဋ္ဌ မာတိကာ, ဒွေ ပလိဗောဓာ, ပဉ္စာနိသံသာ။ သဟ ကထိနဿ အတ္ထာရာ ဣမေ ပန္နရသ ဓမ္မာ ဇာယန္တိ။</p>
<p class=""subhead"">၂။ ကထိနအနန္တရပစ္စယာဒိ</p>
<p class=""bodytext""><a name=""para404""></a><a name=""para404_vin5""></a><span class=""paranum"">၄၀၄</span>။ ပယောဂဿ <a name=""P5.0173""></a> ကတမေ ဓမ္မာ အနန္တရပစ္စယေန ပစ္စယော, သမနန္တရပစ္စယေန ပစ္စယော, နိဿယပစ္စယေန ပစ္စယော, ဥပနိဿယပစ္စယေန</p>
",-404-
2174,mula_vi_05,304,"<p class=""noindentbodytext""> ပစ္စယော<a name=""M0.0304""></a>, ပုရေဇာတပစ္စယေန ပစ္စယော, ပစ္ဆာဇာတပစ္စယေန ပစ္စယော, သဟဇာတပစ္စယေန ပစ္စယော? ပုဗ္ဗကရဏဿ ကတမေ ဓမ္မာ အနန္တရပစ္စယေန <a name=""V0.0327""></a> ပစ္စယော…ပေ… ပစ္စုဒ္ဓါရဿ ကတမေ ဓမ္မာ… အဓိဋ္ဌာနဿ ကတမေ ဓမ္မာ… အတ္ထာရဿ ကတမေ ဓမ္မာ… မာတိကာနဉ္စ ပလိဗောဓာနဉ္စ ကတမေ ဓမ္မာ… ဝတ္ထုဿ ကတမေ ဓမ္မာ အနန္တရပစ္စယေန ပစ္စယော, သမနန္တရပစ္စယေန ပစ္စယော, နိဿယပစ္စယေန ပစ္စယော, ဥပနိဿယပစ္စယေန <a name=""T0.0429""></a> ပစ္စယော, ပုရေဇာတပစ္စယေန ပစ္စယော, ပစ္ဆာဇာတပစ္စယေန ပစ္စယော, သဟဇာတပစ္စယေန ပစ္စယော?</p>
<p class=""bodytext"">ပုဗ္ဗကရဏံ ပယောဂဿ အနန္တရပစ္စယေန ပစ္စယော, သမနန္တရပစ္စယေန ပစ္စယော, နိဿယပစ္စယေန ပစ္စယော, ဥပနိဿယပစ္စယေန ပစ္စယော။ ပယောဂေါ ပုဗ္ဗကရဏဿ ပုရေဇာတပစ္စယေန ပစ္စယော။ ပုဗ္ဗကရဏံ ပယောဂဿ ပစ္ဆာဇာတပစ္စယေန ပစ္စယော။ ပန္နရသ ဓမ္မာ သဟဇာတပစ္စယေန ပစ္စယော။ ပစ္စုဒ္ဓါရော ပုဗ္ဗကရဏဿ အနန္တရပစ္စယေန ပစ္စယော, သမနန္တရပစ္စယေန ပစ္စယော, နိဿယပစ္စယေန ပစ္စယော, ဥပနိဿယပစ္စယေန ပစ္စယော။ ပုဗ္ဗကရဏံ ပစ္စုဒ္ဓါရဿ ပုရေဇာတပစ္စယေန ပစ္စယော။ ပစ္စုဒ္ဓါရော ပုဗ္ဗကရဏဿ ပစ္ဆာဇာတပစ္စယေန ပစ္စယော။ ပန္နရသ ဓမ္မာ သဟဇာတပစ္စယေန ပစ္စယော။ အဓိဋ္ဌာနံ ပစ္စုဒ္ဓါရဿ အနန္တရပစ္စယေန ပစ္စယော, သမနန္တရပစ္စယေန ပစ္စယော, နိဿယပစ္စယေန ပစ္စယော, ဥပနိဿယပစ္စယေန ပစ္စယော။ ပစ္စုဒ္ဓါရော အဓိဋ္ဌာနဿ ပုရေဇာတပစ္စယေန ပစ္စယော။ အဓိဋ္ဌာနံ ပစ္စုဒ္ဓါရဿ ပစ္ဆာဇာတပစ္စယေန ပစ္စယော။ ပန္နရသ ဓမ္မာ သဟဇာတပစ္စယေန ပစ္စယော။ အတ္ထာရော အဓိဋ္ဌာနဿ အနန္တရပစ္စယေန ပစ္စယော, သမနန္တရပစ္စယေန ပစ္စယော, နိဿယပစ္စယေန ပစ္စယော, ဥပနိဿယပစ္စယေန ပစ္စယော။ အဓိဋ္ဌာနံ အတ္ထာရဿ ပုရေဇာတပစ္စယေန <a name=""T0.0430""></a> ပစ္စယော။ အတ္ထာရော အဓိဋ္ဌာနဿ ပစ္ဆာဇာတပစ္စယေန ပစ္စယော။ ပန္နရသ ဓမ္မာ သဟဇာတပစ္စယေန ပစ္စယော။ မာတိကာ စ ပလိဗောဓာ စ အတ္ထာရဿ အနန္တရပစ္စယေန ပစ္စယော, သမနန္တရပစ္စယေန ပစ္စယော, နိဿယပစ္စယေန ပစ္စယော, ဥပနိဿယပစ္စယေန ပစ္စယော။ အတ္ထာရော မာတိကာနဉ္စ ပလိဗောဓာနဉ္စ ပုရေဇာတပစ္စယေန ပစ္စယော။ မာတိကာ စ ပလိဗောဓာ စ အတ္ထာရဿ ပစ္ဆာဇာတပစ္စယေန ပစ္စယော။ ပန္နရသ ဓမ္မာ သဟဇာတပစ္စယေန ပစ္စယော။ အာသာ <a name=""P5.0174""></a> စ အနာသာ စ ဝတ္ထုဿ အနန္တရပစ္စယေန ပစ္စယော, သမနန္တရပစ္စယေန ပစ္စယော, နိဿယပစ္စယေန</p>
",
2175,mula_vi_05,305,"<p class=""noindentbodytext""> ပစ္စယော<a name=""M0.0305""></a>, ဥပနိဿယပစ္စယေန ပစ္စယော။ ဝတ္ထု အာသာနဉ္စ အနာသာနဉ္စ ပုရေဇာတပစ္စယေန ပစ္စယော။ အာသာ စ အနာသာ စ ဝတ္ထုဿ ပစ္ဆာဇာတပစ္စယေန ပစ္စယော။ ပန္နရသ ဓမ္မာ သဟဇာတပစ္စယေန ပစ္စယော။</p>
<p class=""subhead"">၃။ ပုဗ္ဗကရဏနိဒါနာဒိဝိဘာဂေါ</p>
<p class=""bodytext""><a name=""para405""></a><a name=""para405_vin5""></a><span class=""paranum"">၄၀၅</span>။ ပုဗ္ဗကရဏံ ကိံနိဒါနံ, ကိံသမုဒယံ, ကိံဇာတိကံ, ကိံပဘဝံ, ကိံသမ္ဘာရံ, ကိံသမုဋ္ဌာနံ<a name=""V0.0328""></a>? ပစ္စုဒ္ဓါရော ကိံနိဒါနော, ကိံသမုဒယော, ကိံဇာတိကော, ကိံပဘဝေါ, ကိံသမ္ဘာရော, ကိံသမုဋ္ဌာနော? အဓိဋ္ဌာနံ ကိံနိဒါနံ, ကိံသမုဒယံ, ကိံဇာတိကံ, ကိံပဘဝံ, ကိံသမ္ဘာရံ, ကိံသမုဋ္ဌာနံ? အတ္ထာရော ကိံနိဒါနော, ကိံသမုဒယော, ကိံဇာတိကော, ကိံပဘဝေါ, ကိံသမ္ဘာရော, ကိံသမုဋ္ဌာနော? မာတိကာ စ ပလိဗောဓာ စ ကိံနိဒါနာ, ကိံသမုဒယာ, ကိံဇာတိကာ, ကိံပဘဝါ, ကိံသမ္ဘာရာ ကိံသမုဋ္ဌာနာ? အာသာ စ အနာသာ <a name=""T0.0431""></a> စ ကိံနိဒါနာ, ကိံသမုဒယာ, ကိံဇာတိကာ, ကိံပဘဝါ, ကိံသမ္ဘာရာ, ကိံသမုဋ္ဌာနာ?</p>
<p class=""bodytext"">ပုဗ္ဗကရဏံ ပယောဂနိဒါနံ, ပယောဂသမုဒယံ, ပယောဂဇာတိကံ, ပယောဂပဘဝံ, ပယောဂသမ္ဘာရံ, ပယောဂသမုဋ္ဌာနံ။ ပစ္စုဒ္ဓါရော ပုဗ္ဗကရဏနိဒါနော, ပုဗ္ဗကရဏသမုဒယော, ပုဗ္ဗကရဏဇာတိကော, ပုဗ္ဗကရဏပဘဝေါ, ပုဗ္ဗကရဏသမ္ဘာရော, ပုဗ္ဗကရဏသမုဋ္ဌာနော။ အဓိဋ္ဌာနံ ပစ္စုဒ္ဓါရနိဒါနံ, ပစ္စုဒ္ဓါရသမုဒယံ, ပစ္စုဒ္ဓါရဇာတိကံ, ပစ္စုဒ္ဓါရပဘဝံ, ပစ္စုဒ္ဓါရသမ္ဘာရံ, ပစ္စုဒ္ဓါရသမုဋ္ဌာနံ။ အတ္ထာရော အဓိဋ္ဌာနနိဒါနော, အဓိဋ္ဌာနသမုဒယော, အဓိဋ္ဌာနဇာတိကော, အဓိဋ္ဌာနပဘဝေါ, အဓိဋ္ဌာနသမ္ဘာရော, အဓိဋ္ဌာနသမုဋ္ဌာနော။ မာတိကာ စ ပလိဗောဓာ စ အတ္ထာရနိဒါနာ, အတ္ထာရသမုဒယာ, အတ္ထာရဇာတိကာ, အတ္ထာရပဘဝါ, အတ္ထာရသမ္ဘာရာ, အတ္ထာရသမုဋ္ဌာနာ။ အာသာ စ အနာသာ စ ဝတ္ထုနိဒါနာ, ဝတ္ထုသမုဒယာ, ဝတ္ထုဇာတိကာ, ဝတ္ထုပဘဝါ, ဝတ္ထုသမ္ဘာရာ, ဝတ္ထုသမုဋ္ဌာနာ။</p>
<p class=""bodytext""><a name=""para406""></a><a name=""para406_vin5""></a><span class=""paranum"">၄၀၆</span>။ ပယောဂေါ ကိံနိဒါနော, ကိံသမုဒယော, ကိံဇာတိကော, ကိံပဘဝေါ, ကိံသမ္ဘာရော, ကိံသမုဋ္ဌာနော, ပုဗ္ဗကရဏံ…ပေ… ပစ္စုဒ္ဓါရော… အဓိဋ္ဌာနံ… အတ္ထာရော… မာတိကာ စ ပလိဗောဓာ စ… ဝတ္ထု… အာသာ စ အနာသာ စ ကိံနိဒါနာ, ကိံသမုဒယာ, ကိံဇာတိကာ, ကိံပဘဝါ, ကိံသမ္ဘာရာ, ကိံသမုဋ္ဌာနာ?</p>
",-405-406-
2176,mula_vi_05,306,"<p class=""bodytext"">ပယောဂေါ <a name=""M0.0306""></a> ဟေတုနိဒါနော, ဟေတုသမုဒယော, ဟေတုဇာတိကော, ဟေတုပဘဝေါ, ဟေတုသမ္ဘာရော, ဟေတုသမုဋ္ဌာနော။ ပုဗ္ဗကရဏံ…ပေ… ပစ္စုဒ္ဓါရော… အဓိဋ္ဌာနံ… အတ္ထာရော <a name=""T0.0432""></a>… မာတိကာ စ ပလိဗောဓာ စ… ဝတ္ထု… အာသာ စ အနာသာ စ ဟေတုနိဒါနာ, ဟေတုသမုဒယာ, ဟေတုဇာတိကာ, ဟေတုပဘဝါ, ဟေတုသမ္ဘာရာ, ဟေတုသမုဋ္ဌာနာ။</p>
<p class=""bodytext""><a name=""para407""></a><a name=""para407_vin5""></a><span class=""paranum"">၄၀၇</span>။ ပယောဂေါ ကိံနိဒါနော, ကိံသမုဒယော, ကိံဇာတိကော, ကိံပဘဝေါ, ကိံသမ္ဘာရော, ကိံသမုဋ္ဌာနော? ပုဗ္ဗကရဏံ…ပေ… ပစ္စုဒ္ဓါရော… အဓိဋ္ဌာနံ… အတ္ထာရော… မာတိကာ စ ပလိဗောဓာ စ… ဝတ္ထု… အာသာ စ အနာသာ စ ကိံနိဒါနာ, ကိံသမုဒယာ, ကိံဇာတိကာ, ကိံပဘဝါ, ကိံသမ္ဘာရာ, ကိံသမုဋ္ဌာနာ?</p>
<p class=""bodytext"">ပယောဂေါ <a name=""V0.0329""></a> ပစ္စယနိဒါနော, ပစ္စယသမုဒယော, ပစ္စယဇာတိကော, ပစ္စယပဘဝေါ, ပစ္စယသမ္ဘာရော, ပစ္စယသမုဋ္ဌာနော။ ပုဗ္ဗကရဏံ…ပေ… ပစ္စုဒ္ဓါရော… အဓိဋ္ဌာနံ… အတ္ထာရော… မာတိကာ စ ပလိဗောဓာ စ… ဝတ္ထု… အာသာ စ အနာသာ စ ပစ္စယနိဒါနာ, ပစ္စယသမုဒယာ, ပစ္စယဇာတိကာ, ပစ္စယပဘဝါ, ပစ္စယသမ္ဘာရာ, ပစ္စယသမုဋ္ဌာနာ။</p>
<p class=""bodytext""><a name=""para408""></a><a name=""para408_vin5""></a><span class=""paranum"">၄၀၈</span>။ ပုဗ္ဗကရဏံ ကတိဟိ ဓမ္မေဟိ သင်္ဂဟိတံ? ပုဗ္ဗကရဏံ သတ္တဟိ ဓမ္မေဟိ သင်္ဂဟိတံ။ ဓောဝနေန, ဝိစာရဏေန, ဆေဒနေန, ဗန္ဓနေန, သိဗ္ဗနေန, ရဇနေန, ကပ္ပကရဏေန – ပုဗ္ဗကရဏံ ဣမေဟိ သတ္တဟိ ဓမ္မေဟိ သင်္ဂဟိတံ။</p>
<p class=""bodytext"">ပစ္စုဒ္ဓါရော ကတိဟိ ဓမ္မေဟိ သင်္ဂဟိတော? ပစ္စုဒ္ဓါရော တီဟိ ဓမ္မေဟိ သင်္ဂဟိတော – သံဃာဋိယာ, ဥတ္တရာသင်္ဂေန, အန္တရဝါသကေန။</p>
<p class=""bodytext"">အဓိဋ္ဌာနံ ကတိဟိ ဓမ္မေဟိ သင်္ဂဟိတံ? အဓိဋ္ဌာနံ တီဟိ ဓမ္မေဟိ သင်္ဂဟိတံ – သံဃာဋိယာ, ဥတ္တရာသင်္ဂေန, အန္တရဝါသကေန။</p>
<p class=""bodytext"">အတ္ထာရော ကတိဟိ ဓမ္မေဟိ သင်္ဂဟိတော? အတ္ထာရော ဧကေန <a name=""T0.0433""></a> ဓမ္မေန သင်္ဂဟိတော – ဝစီဘေဒေန။</p>
<p class=""bodytext"">ကထိနဿ ကတိ မူလာနိ, ကတိ ဝတ္ထူနိ, ကတိ ဘူမိယော? ကထိနဿ <a name=""P5.0175""></a> ဧကံ မူလံ – သံဃော၊ တီဏိ ဝတ္ထူနိ – သံဃာဋိ, ဥတ္တရာသင်္ဂေါ, အန္တရဝါသကော, ဆ ဘူမိယော – ခေါမံ, ကပ္ပါသိကံ, ကောသေယျံ, ကမ္ဗလံ, သာဏံ, ဘင်္ဂံ။</p>
",-407-408-
2177,mula_vi_05,307,"<p class=""bodytext"">ကထိနဿ <a name=""M0.0307""></a> ကော အာဒိ, ကိံ မဇ္ဈေ, ကိံ ပရိယောသာနံ? ကထိနဿ ပုဗ္ဗကရဏံ အာဒိ, ကြိယာ မဇ္ဈေ, အတ္ထာရော ပရိယောသာနံ။</p>
<p class=""bodytext""><a name=""para409""></a><a name=""para409_vin5""></a><span class=""paranum"">၄၀၉</span>။ ကတိဟင်္ဂေဟိ သမန္နာဂတော ပုဂ္ဂလော အဘဗ္ဗော ကထိနံ အတ္ထရိတုံ? ကတိဟင်္ဂေဟိ သမန္နာဂတော ပုဂ္ဂလော ဘဗ္ဗော ကထိနံ အတ္ထရိတုံ? အဋ္ဌဟင်္ဂေဟိ သမန္နာဂတော ပုဂ္ဂလော အဘဗ္ဗော ကထိနံ အတ္ထရိတုံ။ အဋ္ဌဟင်္ဂေဟိ သမန္နာဂတော ပုဂ္ဂလော ဘဗ္ဗော ကထိနံ အတ္ထရိတုံ။ ကတမေဟိ အဋ္ဌဟင်္ဂေဟိ သမန္နာဂတော ပုဂ္ဂလော အဘဗ္ဗော ကထိနံ အတ္ထရိတုံ? ပုဗ္ဗကရဏံ န ဇာနာတိ, ပစ္စုဒ္ဓါရံ န ဇာနာတိ, အဓိဋ္ဌာနံ န ဇာနာတိ, အတ္ထာရံ န ဇာနာတိ, မာတိကံ န ဇာနာတိ, ပလိဗောဓံ န ဇာနာတိ, ဥဒ္ဓါရံ န ဇာနာတိ, အာနိသံသံ န ဇာနာတိ – ဣမေဟိ အဋ္ဌဟင်္ဂေဟိ သမန္နာဂတော ပုဂ္ဂလော <a name=""V0.0330""></a> အဘဗ္ဗော ကထိနံ အတ္ထရိတုံ။ ကတမေဟိ အဋ္ဌဟင်္ဂေဟိ သမန္နာဂတော ပုဂ္ဂလော ဘဗ္ဗော ကထိနံ အတ္ထရိတုံ? ပုဗ္ဗကရဏံ ဇာနာတိ, ပစ္စုဒ္ဓါရံ ဇာနာတိ, အဓိဋ္ဌာနံ ဇာနာတိ, အတ္ထာရံ ဇာနာတိ, မာတိကံ ဇာနာတိ, ပလိဗောဓံ ဇာနာတိ, ဥဒ္ဓါရံ ဇာနာတိ, အာနိသံသံ ဇာနာတိ – ဣမေဟိ အဋ္ဌဟင်္ဂေဟိ သမန္နာဂတော ပုဂ္ဂလော ဘဗ္ဗော ကထိနံ အတ္ထရိတုံ။</p>
<p class=""bodytext""><a name=""para410""></a><a name=""para410_vin5""></a><span class=""paranum"">၄၁၀</span>။ ကတိနံ <a name=""T0.0434""></a> ပုဂ္ဂလာနံ ကထိနတ္ထာရာ န ရုဟန္တိ? ကတိနံ ပုဂ္ဂလာနံ ကထိနတ္ထာရာ ရုဟန္တိ? တိဏ္ဏံ ပုဂ္ဂလာနံ ကထိနတ္ထာရာ န ရုဟန္တိ။ တိဏ္ဏံ ပုဂ္ဂလာနံ ကထိနတ္ထာရာ ရုဟန္တိ။ ကတမေသံ တိဏ္ဏံ ပုဂ္ဂလာနံ ကထိနတ္ထာရာ န ရုဟန္တိ? နိဿီမဋ္ဌော အနုမောဒတိ, အနုမောဒေန္တော န ဝါစံ ဘိန္ဒတိ, ဝါစံ ဘိန္ဒန္တော န ပရံ ဝိညာပေတိ – ဣမေသံ တိဏ္ဏံ ပုဂ္ဂလာနံ ကထိနတ္ထာရာ န ရုဟန္တိ။ ကတမေသံ တိဏ္ဏံ ပုဂ္ဂလာနံ ကထိနတ္ထာရာ ရုဟန္တိ? သီမဋ္ဌော အနုမောဒတိ, အနုမောဒေန္တော ဝါစံ ဘိန္ဒတိ, ဝါစံ ဘိန္ဒန္တော ပရံ ဝိညာပေတိ – ဣမေသံ တိဏ္ဏံ ပုဂ္ဂလာနံ ကထိနတ္ထာရာ ရုဟန္တိ။</p>
<p class=""bodytext""><a name=""para411""></a><a name=""para411_vin5""></a><span class=""paranum"">၄၁၁</span>။ ကတိ ကထိနတ္ထာရာ န ရုဟန္တိ? ကတိ ကထိနတ္ထာရာ ရုဟန္တိ? တယော ကထိနတ္ထာရာ န ရုဟန္တိ။ တယော ကထိနတ္ထာရာ ရုဟန္တိ။ ကတမေ တယော ကထိနတ္ထာရာ န ရုဟန္တိ? ဝတ္ထုဝိပန္နဉ္စေဝ ဟောတိ, ကာလဝိပန္နဉ္စ, ကရဏဝိပန္နဉ္စ – ဣမေ တယော ကထိနတ္ထာရာ န ရုဟန္တိ။ ကတမေ တယော ကထိနတ္ထာရာ ရုဟန္တိ? ဝတ္ထုသမ္ပန္နဉ္စေဝ ဟောတိ, ကာလသမ္ပန္နဉ္စ, ကရဏသမ္ပန္နဉ္စ – ဣမေ တယော ကထိနတ္ထာရာ ရုဟန္တိ။</p>
",-409-410-411-
2178,mula_vi_05,308,"<p class=""subhead"">၄။ ကထိနာဒိဇာနိတဗ္ဗဝိဘာဂေါ</p>
<p class=""bodytext""><a name=""para412""></a><a name=""para412_vin5""></a><span class=""paranum"">၄၁၂</span>။ ကထိနံ <a name=""M0.0308""></a> ဇာနိတဗ္ဗံ, ကထိနတ္ထာရော ဇာနိတဗ္ဗော, ကထိနဿ အတ္ထာရမာသော ဇာနိတဗ္ဗော, ကထိနဿ အတ္ထာရဝိပတ္တိ ဇာနိတဗ္ဗာ, ကထိနဿ အတ္ထာရသမ္ပတ္တိ ဇာနိတဗ္ဗာ, နိမိတ္တကမ္မံ ဇာနိတဗ္ဗံ, ပရိကထာ ဇာနိတဗ္ဗာ, ကုက္ကုကတံ ဇာနိတဗ္ဗံ, သန္နိဓိ ဇာနိတဗ္ဗာ, နိဿဂ္ဂိယံ <a name=""T0.0435""></a> ဇာနိတဗ္ဗံ။</p>
<p class=""bodytext""><span class=""bld"">ကထိနံ</span> <a name=""P5.0176""></a> <span class=""bld"">ဇာနိတဗ္ဗ</span>န္တိ တေသညေဝ ဓမ္မာနံ သင်္ဂဟော သမဝါယော နာမံ နာမကမ္မံ နာမဓေယျံ နိရုတ္တိ ဗျဉ္ဇနံ အဘိလာပေါ ယဒိဒံ ကထိနန္တိ။</p>
<p class=""bodytext""><span class=""bld"">ကထိနဿ</span> <a name=""V0.0331""></a> <span class=""bld"">အတ္ထာရမာသော ဇာနိတဗ္ဗော</span>တိ ဝဿာနဿ ပစ္ဆိမော မာသော ဇာနိတဗ္ဗော။</p>
<p class=""bodytext""><span class=""bld"">ကထိနဿ အတ္ထာရဝိပတ္တိ ဇာနိတဗ္ဗာ</span>တိ စတုဝီသတိယာ အာကာရေဟိ ကထိနဿ အတ္ထာရဝိပတ္တိ ဇာနိတဗ္ဗာ။</p>
<p class=""bodytext""><span class=""bld"">ကထိနဿ အတ္ထာရသမ္ပတ္တိ ဇာနိတဗ္ဗာ</span>တိ သတ္တရသဟိ အာကာရေဟိ ကထိနဿ အတ္ထာရသမ္ပတ္တိ ဇာနိတဗ္ဗာ။</p>
<p class=""bodytext""><span class=""bld"">နိမိတ္တကမ္မံ ဇာနိတဗ္ဗ</span>န္တိ နိမိတ္တံ ကရောတိ ဣမိနာ ဒုဿေန ကထိနံ အတ္ထရိဿာမီတိ။</p>
<p class=""bodytext""><span class=""bld"">ပရိကထာ ဇာနိတဗ္ဗာ</span>တိ ပရိကထံ ကရောတိ ဣမာယ ပရိကထာယ ကထိနဒုဿံ နိဗ္ဗတ္တေဿာမီတိ။</p>
<p class=""bodytext""><span class=""bld"">ကုက္ကုကတံ ဇာနိတဗ္ဗ</span>န္တိ အနာဒိယဒါနံ ဇာနိတဗ္ဗံ။</p>
<p class=""bodytext""><span class=""bld"">သန္နိဓိ ဇာနိတဗ္ဗာ</span>တိ ဒွေ သန္နိဓိယော ဇာနိတဗ္ဗာ – ကရဏသန္နိဓိ ဝါ နိစယသန္နိဓိ ဝါ။</p>
<p class=""bodytext""><span class=""bld"">နိဿဂ္ဂိယံ ဇာနိတဗ္ဗ</span>န္တိ ကရိယမာနေ အရုဏံ ဥဋ္ဌဟတိ။</p>
<p class=""bodytext""><span class=""bld"">ကထိနတ္ထာရော ဇာနိတဗ္ဗော</span>တိ သစေ သံဃဿ ကထိနဒုဿံ ဥပ္ပန္နံ ဟောတိ, သံဃေန ကထံ ပဋိပဇ္ဇိတဗ္ဗံ, အတ္ထာရကေန ကထံ ပဋိပဇ္ဇိတဗ္ဗံ, အနုမောဒကေန ကထံ ပဋိပဇ္ဇိတဗ္ဗံ။</p>
<p class=""bodytext""><a name=""para413""></a><a name=""para413_vin5""></a><span class=""paranum"">၄၁၃</span>။ သံဃေန ဉတ္တိဒုတိယေန ကမ္မေန ကထိနတ္ထာရကဿ ဘိက္ခုနော ဒါတဗ္ဗံ, တေန ကထိနတ္ထာရကေန ဘိက္ခုနာ တဒဟေဝ ဓောဝိတွာ ဝိမဇ္ဇိတွာ ဝိစာရေတွာ ဆိန္ဒိတွာ သိဗ္ဗေတွာ ရဇိတွာ ကပ္ပံ ကတွာ ကထိနံ အတ္ထရိတဗ္ဗံ။</p>
",-412-413-
2179,mula_vi_05,309,"<p class=""noindentbodytext""> သစေ<a name=""M0.0309""></a> သံဃာဋိယာ ကထိနံ အတ္ထရိတုကာမော ဟောတိ, ပေါရာဏိကာ သံဃာဋိ ပစ္စုဒ္ဓရိတဗ္ဗာ<a name=""T0.0436""></a>, နဝါ သံဃာဋိ အဓိဋ္ဌာတဗ္ဗာ။ ဣမာယ သံဃာဋိယာ ကထိနံ အတ္ထရာမီတိ ဝါစာ ဘိန္ဒိတဗ္ဗာ။ သစေ ဥတ္တရာသင်္ဂေန ကထိနံ အတ္ထရိတုကာမော ဟောတိ, ပေါရာဏကော ဥတ္တရာသင်္ဂေါ ပစ္စုဒ္ဓရိတဗ္ဗော, နဝေါ ဥတ္တရာသင်္ဂေါ အဓိဋ္ဌာတဗ္ဗော။ ဣမိနာ ဥတ္တရာသင်္ဂေန ကထိနံ အတ္ထရာမီတိ ဝါစာ ဘိန္ဒိတဗ္ဗာ။ သစေ အန္တရဝါသကေန ကထိနံ အတ္ထရိတုကာမော ဟောတိ, ပေါရာဏကော အန္တရဝါသကော ပစ္စုဒ္ဓရိတဗ္ဗော, နဝေါ အန္တရဝါသကော အဓိဋ္ဌာတဗ္ဗော။ ဣမိနာ အန္တရဝါသကေန ကထိနံ အတ္ထရာမီတိ ဝါစာ ဘိန္ဒိတဗ္ဗာ။ တေန ကထိနတ္ထာရကေန ဘိက္ခုနာ သံဃံ ဥပသင်္ကမိတွာ ဧကံသံ ဥတ္တရာသင်္ဂံ <a name=""V0.0332""></a> ကရိတွာ အဉ္ဇလိံ ပဂ္ဂဟေတွာ ဧဝမဿ ဝစနီယော – ‘‘အတ္ထတံ, ဘန္တေ, သံဃဿ ကထိနံ, ဓမ္မိကော ကထိနတ္ထာရော, အနုမောဒထာ’’တိ။ တေဟိ အနုမောဒကေဟိ ဘိက္ခူဟိ ဧကံသံ ဥတ္တရာသင်္ဂံ ကရိတွာ အဉ္ဇလိံ <a name=""P5.0177""></a> ပဂ္ဂဟေတွာ ဧဝမဿ ဝစနီယော – ‘‘အတ္ထတံ, အာဝုသော, သံဃဿ ကထိနံ, ဓမ္မိကော ကထိနတ္ထာရော, အနုမောဒါမာ’’တိ။ တေန ကထိနတ္ထာရကေန ဘိက္ခုနာ သမ္ဗဟုလေ ဘိက္ခူ ဥပသင်္ကမိတွာ ဧကံသံ ဥတ္တရာသင်္ဂံ ကရိတွာ အဉ္ဇလိံ <a name=""T0.0437""></a> ပဂ္ဂဟေတွာ ဧဝမဿု ဝစနီယာ – ‘‘အတ္ထတံ, ဘန္တေ, သံဃဿ ကထိနံ, ဓမ္မိကော ကထိနတ္ထာရော, အနုမောဒထာ’’တိ။ တေဟိ အနုမောဒကေဟိ ဘိက္ခူဟိ ဧကံသံ ဥတ္တရာသင်္ဂံ ကရိတွာ အဉ္ဇလိံ ပဂ္ဂဟေတွာ ဧဝမဿ ဝစနီယော – ‘‘အတ္ထတံ, အာဝုသော, သံဃဿ ကထိနံ, ဓမ္မိကော ကထိနတ္ထာရော အနုမောဒါမာ’’တိ။ တေန ကထိနတ္ထာရကေန ဘိက္ခုနာ ဧကံ ဘိက္ခုံ ဥပသင်္ကမိတွာ ဧကံသံ ဥတ္တရာသင်္ဂံ ကရိတွာ အဉ္ဇလိံ ပဂ္ဂဟေတွာ ဧဝမဿ ဝစနီယော – ‘‘အတ္ထတံ, အာဝုသော, သံဃဿ ကထိနံ, ဓမ္မိကော ကထိနတ္ထာရော, အနုမောဒါဟီ’’တိ။ တေန အနုမောဒကေန ဘိက္ခုနာ ဧကံသံ ဥတ္တရာသင်္ဂံ ကရိတွာ အဉ္ဇလိံ ပဂ္ဂဟေတွာ ဧဝမဿ ဝစနီယော – ‘‘အတ္ထတံ, အာဝုသော, သံဃဿ ကထိနံ, ဓမ္မိကော ကထိနတ္ထာရော, အနုမောဒါမီ’’တိ။</p>
<p class=""subhead"">၅။ ပုဂ္ဂလဿေဝကထိနတ္ထာရော</p>
<p class=""bodytext""><a name=""para414""></a><a name=""para414_vin5""></a><span class=""paranum"">၄၁၄</span>။ သံဃော ကထိနံ အတ္ထရတိ, ဂဏော ကထိနံ အတ္ထရတိ, ပုဂ္ဂလော ကထိနံ အတ္ထရတီတိ။ န သံဃော ကထိနံ အတ္ထရတိ, န ဂဏော ကထိနံ အတ္ထရတိ, ပုဂ္ဂလော ကထိနံ အတ္ထရတီတိ။ ဟဉ္စိ န သံဃော ကထိနံ အတ္ထရတိ, န ဂဏော ကထိနံ အတ္ထရတိ, ပုဂ္ဂလော ကထိနံ အတ္ထရတိ။ သံဃဿ</p>
",-414-
2180,mula_vi_05,310,"<p class=""noindentbodytext""> အနတ္ထတံ<a name=""M0.0310""></a> ဟောတိ ကထိနံ, ဂဏဿ အနတ္ထတံ ဟောတိ ကထိနံ, ပုဂ္ဂလဿ အတ္ထတံ ဟောတိ ကထိနံ။ သံဃော ပါတိမောက္ခံ ဥဒ္ဒိသတိ ဂဏော ပါတိမောက္ခံ ဥဒ္ဒိသတိ ပုဂ္ဂလော ပါတိမောက္ခံ ဥဒ္ဒိသတီတိ န သံဃော ပါတိမောက္ခံ ဥဒ္ဒိသတိ, န ဂဏော ပါတိမောက္ခံ ဥဒ္ဒိသတိ, ပုဂ္ဂလော ပါတိမောက္ခံ ဥဒ္ဒိသတီတိ။ ဟဉ္စိ န သံဃော ပါတိမောက္ခံ ဥဒ္ဒိသတိ, န ဂဏော ပါတိမောက္ခံ ဥဒ္ဒိသတိ, ပုဂ္ဂလော ပါတိမောက္ခံ ဥဒ္ဒိသတိ။ သံဃဿ အနုဒ္ဒိဋ္ဌံ ဟောတိ ပါတိမောက္ခံ, ဂဏဿ အနုဒ္ဒိဋ္ဌံ ဟောတိ ပါတိမောက္ခံ, ပုဂ္ဂလဿ ဥဒ္ဒိဋ္ဌံ ဟောတိ ပါတိမောက္ခံ။ သံဃဿ သာမဂ္ဂိယာ ဂဏဿ သာမဂ္ဂိယာ ပုဂ္ဂလဿ ဥဒ္ဒေသာ သံဃဿ ဥဒ္ဒိဋ္ဌံ ဟောတိ ပါတိမောက္ခံ, ဂဏဿ ဥဒ္ဒိဋ္ဌံ ဟောတိ ပါတိမောက္ခံ, ပုဂ္ဂလဿ ဥဒ္ဒိဋ္ဌံ ဟောတိ ပါတိမောက္ခံ။ ဧဝမေဝ န သံဃော ကထိနံ အတ္ထရတိ, န <a name=""T0.0438""></a> ဂဏော ကထိနံ အတ္ထရတိ, ပုဂ္ဂလော ကထိနံ အတ္ထရတိ။ သံဃဿ အနုမောဒနာယ ဂဏဿ အနုမောဒနာယ ပုဂ္ဂလဿ အတ္ထာရာ သံဃဿ အတ္ထတံ ဟောတိ ကထိနံ, ဂဏဿ အတ္ထတံ ဟောတိ ကထိနံ, ပုဂ္ဂလဿ အတ္ထတံ ဟောတိ ကထိနန္တိ။</p>
<p class=""subhead"">၆။ ပလိဗောဓပဉှာဗျာကရဏံ</p>
<p class=""hangnum""><a name=""para415""></a><a name=""para415_vin5""></a><span class=""paranum"">၄၁၅</span>။</p>
<p class=""gatha1""> ပက္ကမနန္တိကော <a name=""V0.0333""></a> ကထိနုဒ္ဓါရော, ဝုတ္တော အာဒိစ္စဗန္ဓုနာ၊</p>
<p class=""gathalast"">ဧတဉ္စ တာဟံ ပုစ္ဆာမိ, ကတမော ပလိဗောဓော ပဌမံ ဆိဇ္ဇတိ။</p>
<p class=""gatha1"">ပက္ကမနန္တိကော <a name=""P5.0178""></a> ကထိနုဒ္ဓါရော, ဝုတ္တော အာဒိစ္စဗန္ဓုနာ၊</p>
<p class=""gatha2"">ဧတဉ္စ တာဟံ ဝိဿဇ္ဇိဿံ, စီဝရပလိဗောဓော ပဌမံ ဆိဇ္ဇတိ၊</p>
<p class=""gathalast"">တဿ သဟ ဗဟိသီမဂမနာ, အာဝါသပလိဗောဓော ဆိဇ္ဇတိ။</p>
<p class=""gatha1"">နိဋ္ဌာနန္တိကော ကထိနုဒ္ဓါရော, ဝုတ္တော အာဒိစ္စဗန္ဓုနာ၊</p>
<p class=""gathalast"">ဧတဉ္စ တာဟံ ပုစ္ဆာမိ, ကတမော ပလိဗောဓော ပဌမံ ဆိဇ္ဇတိ။</p>
<p class=""gatha1"">နိဋ္ဌာနန္တိကော ကထိနုဒ္ဓါရော, ဝုတ္တော အာဒိစ္စဗန္ဓုနာ၊</p>
<p class=""gatha2"">ဧတဉ္စ တာဟံ ဝိဿဇ္ဇိဿံ, အာဝါသပလိဗောဓော <a name=""T0.0439""></a> ပဌမံ ဆိဇ္ဇတိ၊</p>
<p class=""gathalast"">စီဝရေ နိဋ္ဌိတေ စီဝရပလိဗောဓော ဆိဇ္ဇတိ။</p>
<p class=""gatha1"">သန္နိဋ္ဌာနန္တိကော ကထိနုဒ္ဓါရော, ဝုတ္တော အာဒိစ္စဗန္ဓုနာ၊</p>
<p class=""gathalast"">ဧတဉ္စ တာဟံ ပုစ္ဆာမိ, ကတမော ပလိဗောဓော ပဌမံ ဆိဇ္ဇတိ။</p>
<p class=""gatha1"">သန္နိဋ္ဌာနန္တိကော ကထိနုဒ္ဓါရော, ဝုတ္တော အာဒိစ္စဗန္ဓုနာ၊</p>
<p class=""gathalast"">ဧတဉ္စ တာဟံ ဝိဿဇ္ဇိဿံ, ဒွေ ပလိဗောဓာ အပုဗ္ဗံ အစရိမံ ဆိဇ္ဇန္တိ။</p>
",-415-
2181,mula_vi_05,311,"<p class=""gatha1"">နာသနန္တိကော <a name=""M0.0311""></a> ကထိနုဒ္ဓါရော, ဝုတ္တော အာဒိစ္စဗန္ဓုနာ၊</p>
<p class=""gathalast"">ဧတဉ္စ တာဟံ ပုစ္ဆာမိ, ကတမော ပလိဗောဓော ပဌမံ ဆိဇ္ဇတိ။</p>
<p class=""gatha1"">နာသနန္တိကော ကထိနုဒ္ဓါရော, ဝုတ္တော အာဒိစ္စဗန္ဓုနာ၊</p>
<p class=""gatha2"">ဧတဉ္စ တာဟံ ဝိဿဇ္ဇိဿံ, အာဝါသပလိဗောဓော ပဌမံ ဆိဇ္ဇတိ၊</p>
<p class=""gathalast"">စီဝရေ နဋ္ဌေ စီဝရပလိဗောဓော ဆိဇ္ဇတိ။</p>
<p class=""gatha1"">သဝနန္တိကော <a name=""T0.0440""></a><a name=""V0.0334""></a> ကထိနုဒ္ဓါရော, ဝုတ္တော အာဒိစ္စဗန္ဓုနာ၊</p>
<p class=""gathalast"">ဧတဉ္စ တာဟံ ပုစ္ဆာမိ, ကတမော ပလိဗောဓော ပဌမံ ဆိဇ္ဇတိ။</p>
<p class=""gatha1"">သဝနန္တိကော ကထိနုဒ္ဓါရော, ဝုတ္တော အာဒိစ္စဗန္ဓုနာ၊</p>
<p class=""gatha2"">ဧတဉ္စ တာဟံ ဝိဿဇ္ဇိဿံ, စီဝရပလိဗောဓော ပဌမံ ဆိဇ္ဇတိ၊</p>
<p class=""gathalast"">တဿ သဟ သဝနေန, အာဝါသပလိဗောဓော ဆိဇ္ဇတိ။</p>
<p class=""gatha1"">အာသာဝစ္ဆေဒိကော ကထိနုဒ္ဓါရော, ဝုတ္တော အာဒိစ္စဗန္ဓုနာ၊</p>
<p class=""gathalast"">ဧတဉ္စ တာဟံ ပုစ္ဆာမိ, ကတမော ပလိဗောဓော ပဌမံ ဆိဇ္ဇတိ။</p>
<p class=""gatha1"">အာသာဝစ္ဆေဒိကော ကထိနုဒ္ဓါရော, ဝုတ္တော အာဒိစ္စဗန္ဓုနာ၊</p>
<p class=""gatha2"">ဧတဉ္စ တာဟံ ဝိဿဇ္ဇိဿံ, အာဝါသပလိဗောဓော ပဌမံ ဆိဇ္ဇတိ၊</p>
<p class=""gathalast"">စီဝရာသာယ ဥပစ္ဆိန္နာယ စီဝရပလိဗောဓော ဆိဇ္ဇတိ။</p>
<p class=""gatha1"">သီမာတိက္ကမနန္တိကော ကထိနုဒ္ဓါရော, ဝုတ္တော အာဒိစ္စဗန္ဓုနာ၊</p>
<p class=""gathalast"">ဧတဉ္စ တာဟံ ပုစ္ဆာမိ, ကတမော <a name=""T0.0441""></a> ပလိဗောဓော ပဌမံ ဆိဇ္ဇတိ။</p>
<p class=""gatha1"">သီမာတိက္ကမနန္တိကော ကထိနုဒ္ဓါရော, ဝုတ္တော အာဒိစ္စဗန္ဓုနာ၊</p>
<p class=""gatha2"">ဧတဉ္စ တာဟံ ဝိဿဇ္ဇိဿံ, စီဝရပလိဗောဓော ပဌမံ ဆိဇ္ဇတိ၊</p>
<p class=""gathalast"">တဿ ဗဟိသီမေ <span class=""note"">[ဗဟိသီမဂတဿ (သီ။ သျာ။)]</span> အာဝါသပလိဗောဓော ဆိဇ္ဇတိ။</p>
<p class=""gatha1"">သဟုဗ္ဘာရော ကထိနုဒ္ဓါရော <span class=""note"">[သဥဗ္ဘာရော (က။)]</span>, ဝုတ္တော အာဒိစ္စဗန္ဓုနာ၊</p>
<p class=""gathalast"">ဧတဉ္စ တာဟံ ပုစ္ဆာမိ, ကတမော ပလိဗောဓော ပဌမံ ဆိဇ္ဇတိ။</p>
<p class=""gatha1"">သဟုဗ္ဘာရော ကထိနုဒ္ဓါရော, ဝုတ္တော အာဒိစ္စဗန္ဓုနာ၊</p>
<p class=""gathalast"">ဧတဉ္စ တာဟံ ဝိဿဇ္ဇိဿံ, ဒွေ ပလိဗောဓာ အပုဗ္ဗံ အစရိမံ ဆိဇ္ဇန္တီတိ။</p>
<p class=""bodytext""><a name=""para416""></a><a name=""para416_vin5""></a><span class=""paranum"">၄၁၆</span>။ ကတိ ကထိနုဒ္ဓါရာ သံဃာဓီနာ? ကတိ ကထိနုဒ္ဓါရာ ပုဂ္ဂလာဓီနာ? ကတိ ကထိနုဒ္ဓါရာ နေဝ သံဃာဓီနာ န ပုဂ္ဂလာဓီနာ? ဧကော ကထိနုဒ္ဓါရော</p>
",-416-
2182,mula_vi_05,312,"<p class=""noindentbodytext""> သံဃာဓီနော<a name=""M0.0312""></a> – အန္တရုဗ္ဘာရော။ စတ္တာရော ကထိနုဒ္ဓါရာ ပုဂ္ဂလာဓီနာ – ပက္ကမနန္တိကော, နိဋ္ဌာနန္တိကော, သန္နိဋ္ဌာနန္တိကော, သီမာတိက္ကမနန္တိကော<a name=""V0.0335""></a>။ စတ္တာရော ကထိနုဒ္ဓါရာ နေဝ သံဃာဓီနာ န ပုဂ္ဂလာဓီနာ – နာသနန္တိကော, သဝနန္တိကော, အာသာဝစ္ဆေဒိကော, သဟုဗ္ဘာရော။ ကတိ <a name=""T0.0442""></a><a name=""P5.0179""></a> ကထိနုဒ္ဓါရာ အန္တောသီမာယ ဥဒ္ဓရိယျန္တိ? ကတိ ကထိနုဒ္ဓါရာ ဗဟိသီမာယ ဥဒ္ဓရိယျန္တိ? ကတိ ကထိနုဒ္ဓါရာ သိယာ အန္တောသီမာယ ဥဒ္ဓရိယျန္တိ သိယာ ဗဟိသီမာယ ဥဒ္ဓရိယျန္တိ? ဒွေ ကထိနုဒ္ဓါရာ အန္တောသီမာယ ဥဒ္ဓရိယျန္တိ – အန္တရုဗ္ဘာရော, သဟုဗ္ဘာရော။ တယော ကထိနုဒ္ဓါရာ ဗဟိသီမာယ ဥဒ္ဓရိယျန္တိ – ပက္ကမနန္တိကော, သဝနန္တိကော, သီမာတိက္ကမနန္တိကော။ စတ္တာရော ကထိနုဒ္ဓါရာ သိယာ အန္တောသီမာယ ဥဒ္ဓရိယျန္တိ သိယာ ဗဟိသီမာယ ဥဒ္ဓရိယျန္တိ – နိဋ္ဌာနန္တိကော, သန္နိဋ္ဌာနန္တိကော, နာသနန္တိကော, အာသာဝစ္ဆေဒိကော။</p>
<p class=""bodytext"">ကတိ ကထိနုဒ္ဓါရာ ဧကုပ္ပါဒါ ဧကနိရောဓာ? ကတိ ကထိနုဒ္ဓါရာ ဧကုပ္ပါဒါ နာနာနိရောဓာ? ဒွေ ကထိနုဒ္ဓါရာ ဧကုပ္ပါဒါ ဧကနိရောဓာ – အန္တရုဗ္ဘာရော, သဟုဗ္ဘာရော။ အဝသေသာ ကထိနုဒ္ဓါရာ ဧကုပ္ပါဒါ နာနာနိရောဓာတိ။</p>
<p class=""centered"">ကထိနဘေဒေါ နိဋ္ဌိတော။</p>
<p class=""centered"">တဿုဒ္ဒါနံ –</p>
<p class=""gatha1"">ကဿ ကိန္တိ ပန္နရသ, ဓမ္မာ နိဒါနဟေတု စ၊</p>
<p class=""gathalast"">ပစ္စယသင်္ဂဟမူလာ, အာဒိ စ အတ္ထာရပုဂ္ဂလာ <span class=""note"">[အဋ္ဌပုဂ္ဂလာ (သီ။)]</span>။</p>
<p class=""gatha1"">တိဏ္ဏံ <span class=""note"">[ဘေဒတော တိဏ္ဏံ (က။)]</span> တယော ဇာနိတဗ္ဗံ, အတ္ထာရံ ဥဒ္ဒေသေန စ၊</p>
<p class=""gathalast"">ပလိဗောဓာဓိနာ, သီမာယ ဥပ္ပါဒနိရောဓေန စာတိ <span class=""note"">[ဣတော ပရံ ‘‘ပရိဝါရံ နိဋ္ဌိတံ’’ ဣတိပါဌော ကေသုစိ ပေါတ္ထကေသု ဒိဿတိ]</span>။</p>
",
2183,mula_vi_05,313,"<a name=""vin5_14""></a><p class=""chapter"">ဥပါလိပဉ္စကံ</p>
<p class=""subhead"">၁။ အနိဿိတဝဂ္ဂေါ</p>
<p class=""bodytext""><a name=""para417""></a><a name=""para417_vin5""></a><span class=""paranum"">၄၁၇</span>။ တေန <a name=""T0.0443""></a><a name=""P5.0180""></a><a name=""M0.0313""></a><a name=""V0.0336""></a> သမယေန ဗုဒ္ဓေါ ဘဂဝါ သာဝတ္ထိယံ ဝိဟရတိ ဇေတဝနေ အနာထပိဏ္ဍိကဿ အာရာမေ။ အထ ခေါ အာယသ္မာ ဥပါလိ ယေန ဘဂဝါ တေနုပသင်္ကမိ၊ ဥပသင်္ကမိတွာ ဘဂဝန္တံ အဘိဝါဒေတွာ ဧကမန္တံ နိသီဒိ။ ဧကမန္တံ နိသိန္နော ခေါ အာယသ္မာ ဥပါလိ ဘဂဝန္တံ ဧတဒဝေါစ – ‘‘ကတိဟိ နု ခေါ, ဘန္တေ, အင်္ဂေဟိ သမန္နာဂတေန ဘိက္ခုနာ ယာဝဇီဝံ နာနိဿိတေန ဝတ္ထဗ္ဗ’’န္တိ?</p>
<p class=""bodytext"">‘‘ပဉ္စဟုပါလိ, အင်္ဂေဟိ သမန္နာဂတေန ဘိက္ခုနာ ယာဝဇီဝံ နာနိဿိတေန ဝတ္ထဗ္ဗံ။ <span class=""note"">[ပရိ။ ၃၂၅]</span> ကတမေဟိ ပဉ္စဟိ? ဥပေါသထံ န ဇာနာတိ, ဥပေါသထကမ္မံ န ဇာနာတိ, ပါတိမောက္ခံ န ဇာနာတိ, ပါတိမောက္ခုဒ္ဒေသံ န ဇာနာတိ, ဦနပဉ္စဝဿော ဟောတိ – ဣမေဟိ ခေါ, ဥပါလိ, ပဉ္စဟင်္ဂေဟိ သမန္နာဂတေန ဘိက္ခုနာ ယာဝဇီဝံ နာနိဿိတေန ဝတ္ထဗ္ဗံ။ ပဉ္စဟုပါလိ, အင်္ဂေဟိ သမန္နာဂတေန ဘိက္ခုနာ ယာဝဇီဝံ အနိဿိတေန ဝတ္ထဗ္ဗံ။ ကတမေဟိ ပဉ္စဟိ? ဥပေါသထံ ဇာနာတိ, ဥပေါသထကမ္မံ ဇာနာတိ, ပါတိမောက္ခံ ဇာနာတိ, ပါတိမောက္ခုဒ္ဒေသံ ဇာနာတိ, ပဉ္စဝဿော ဝါ ဟောတိ အတိရေကပဉ္စဝဿော ဝါ – ဣမေဟိ ခေါ, ဥပါလိ, ပဉ္စဟင်္ဂေဟိ သမန္နာဂတေန ဘိက္ခုနာ ယာဝဇီဝံ အနိဿိတေန ဝတ္ထဗ္ဗံ။</p>
<p class=""bodytext"">‘‘အပရေဟိပိ, ဥပါလိ, ပဉ္စဟင်္ဂေဟိ သမန္နာဂတေန ဘိက္ခုနာ ယာဝဇီဝံ နာနိဿိတေန ဝတ္ထဗ္ဗံ။ ကတမေဟိ ပဉ္စဟိ? ပဝါရဏံ န ဇာနာတိ, ပဝါရဏာကမ္မံ န ဇာနာတိ, ပါတိမောက္ခံ <a name=""T0.0444""></a> န ဇာနာတိ, ပါတိမောက္ခုဒ္ဒေသံ န ဇာနာတိ, ဦနပဉ္စဝဿော ဟောတိ – ဣမေဟိ ခေါ, ဥပါလိ, ပဉ္စဟင်္ဂေဟိ သမန္နာဂတေန ဘိက္ခုနာ ယာဝဇီဝံ နာနိဿိတေန ဝတ္ထဗ္ဗံ။ ပဉ္စဟုပါလိ, အင်္ဂေဟိ သမန္နာဂတေန ဘိက္ခုနာ ယာဝဇီဝံ အနိဿိတေန ဝတ္ထဗ္ဗံ။ ကတမေဟိ ပဉ္စဟိ? ပဝါရဏံ ဇာနာတိ<a name=""V0.0337""></a>, ပဝါရဏာကမ္မံ ဇာနာတိ, ပါတိမောက္ခံ ဇာနာတိ, ပါတိမောက္ခုဒ္ဒေသံ ဇာနာတိ, ပဉ္စဝဿော ဝါ ဟောတိ အတိရေကပဉ္စဝဿော ဝါ – ဣမေဟိ ခေါ, ဥပါလိ, ပဉ္စဟင်္ဂေဟိ သမန္နာဂတေန ဘိက္ခုနာ ယာဝဇီဝံ အနိဿိတေန ဝတ္ထဗ္ဗံ။</p>
<p class=""bodytext"">‘‘အပရေဟိပိ, ဥပါလိ, ပဉ္စဟင်္ဂေဟိ သမန္နာဂတေန ဘိက္ခုနာ ယာဝဇီဝံ နာနိဿိတေန ဝတ္ထဗ္ဗံ။ ကတမေဟိ ပဉ္စဟိ? အာပတ္တာနာပတ္တိံ န ဇာနာတိ,</p>
",-417-
2184,mula_vi_05,314,"<p class=""noindentbodytext""> လဟုကဂရုကံ<a name=""M0.0314""></a> အာပတ္တိံ န ဇာနာတိ, သာဝသေသာနဝသေသံ အာပတ္တိံ န ဇာနာတိ, ဒုဋ္ဌုလ္လာဒုဋ္ဌုလ္လံ အာပတ္တိံ န ဇာနာတိ, ဦနပဉ္စဝဿော ဟောတိ – ဣမေဟိ ခေါ, ဥပါလိ, ပဉ္စဟင်္ဂေဟိ သမန္နာဂတေန ဘိက္ခုနာ ယာဝဇီဝံ နာနိဿိတေန ဝတ္ထဗ္ဗံ။ ပဉ္စဟုပါလိ, အင်္ဂေဟိ သမန္နာဂတေန ဘိက္ခုနာ ယာဝဇီဝံ အနိဿိတေန ဝတ္ထဗ္ဗံ။ ကတမေဟိ ပဉ္စဟိ? အာပတ္တာနာပတ္တိံ ဇာနာတိ, လဟုကဂရုကံ အာပတ္တိံ ဇာနာတိ, သာဝသေသာနဝသေသံ အာပတ္တိံ ဇာနာတိ, ဒုဋ္ဌုလ္လာဒုဋ္ဌုလ္လံ အာပတ္တိံ ဇာနာတိ, ပဉ္စဝဿော ဝါ ဟောတိ အတိရေကပဉ္စဝဿော ဝါ – ဣမေဟိ ခေါ, ဥပါလိ, ပဉ္စဟင်္ဂေဟိ သမန္နာဂတေန ဘိက္ခုနာ ယာဝဇီဝံ အနိဿိတေန ဝတ္ထဗ္ဗံ’’။</p>
<p class=""bodytext""><a name=""para418""></a><a name=""para418_vin5""></a><span class=""paranum"">၄၁၈</span>။ ‘‘ကတိဟိ <a name=""P5.0181""></a> နု ခေါ, ဘန္တေ, အင်္ဂေဟိ သမန္နာဂတေန ဘိက္ခုနာ န <a name=""T0.0445""></a> ဥပသမ္ပာဒေတဗ္ဗံ, န နိဿယော ဒါတဗ္ဗော, န သာမဏေရော ဥပဋ္ဌာပေတဗ္ဗော’’တိ?</p>
<p class=""bodytext""><span class=""note"">[မဟာဝ။ ၈၄]</span> ‘‘ပဉ္စဟုပါလိ, အင်္ဂေဟိ သမန္နာဂတေန ဘိက္ခုနာ န ဥပသမ္ပာဒေတဗ္ဗံ, န နိဿယော ဒါတဗ္ဗော, န သာမဏေရော ဥပဋ္ဌာပေတဗ္ဗော။ ကတမေဟိ ပဉ္စဟိ? န ပဋိဗလော ဟောတိ အန္တေဝါသိံ ဝါ သဒ္ဓိဝိဟာရိံ ဝါ ဂိလာနံ ဥပဋ္ဌာတုံ ဝါ ဥပဋ္ဌာပေတုံ ဝါ, အနဘိရတံ ဝူပကာသေတုံ ဝါ ဝူပကာသာပေတုံ ဝါ, ဥပ္ပန္နံ ကုက္ကုစ္စံ ဓမ္မတော ဝိနောဒေတုံ <span class=""note"">[ဣမသ္မိံ ဌာနေ သဗ္ဗတ္ထ ‘‘ဝိနောဒေတုံ ဝါ ဝိနောဒါပေတုံ ဝါ’’တိ ပါဌော ဒိဿတိ, ဝိမတိဝိနောဒနီဋီကာယ မဟာဝဂ္ဂဝဏ္ဏနာ ဩလောကေတဗ္ဗာ]</span>, အဘိဓမ္မေ ဝိနေတုံ, အဘိဝိနယေ ဝိနေတုံ – ဣမေဟိ ခေါ, ဥပါလိ, ပဉ္စဟင်္ဂေဟိ သမန္နာဂတေန ဘိက္ခုနာ န ဥပသမ္ပာဒေတဗ္ဗံ, န နိဿယော ဒါတဗ္ဗော, န သာမဏေရော ဥပဋ္ဌာပေတဗ္ဗော။ ပဉ္စဟုပါလိ, အင်္ဂေဟိ သမန္နာဂတေန ဘိက္ခုနာ ဥပသမ္ပာဒေတဗ္ဗံ, နိဿယော ဒါတဗ္ဗော, သာမဏေရော ဥပဋ္ဌာပေတဗ္ဗော။ ကတမေဟိ ပဉ္စဟိ? ပဋိဗလော ဟောတိ အန္တေဝါသိံ ဝါ သဒ္ဓိဝိဟာရိံ ဝါ ဂိလာနံ ဥပဋ္ဌာတုံ ဝါ ဥပဋ္ဌာပေတုံ ဝါ, အနဘိရတံ ဝူပကာသေတုံ ဝါ ဝူပကာသာပေတုံ ဝါ, ဥပ္ပန္နံ ကုက္ကုစ္စံ ဓမ္မတော ဝိနောဒေတုံ, အဘိဓမ္မေ ဝိနေတုံ, အဘိဝိနယေ ဝိနေတုံ – ဣမေဟိ ခေါ, ဥပါလိ, ပဉ္စဟင်္ဂေဟိ သမန္နာဂတေန ဘိက္ခုနာ ဥပသမ္ပာဒေတဗ္ဗံ, နိဿယော ဒါတဗ္ဗော, သာမဏေရော ဥပဋ္ဌာပေတဗ္ဗော။</p>
<p class=""bodytext"">‘‘အပရေဟိပိ, ဥပါလိ, ပဉ္စဟင်္ဂေဟိ သမန္နာဂတေန ဘိက္ခုနာ န ဥပသမ္ပာဒေတဗ္ဗံ, န နိဿယော <a name=""V0.0338""></a> ဒါတဗ္ဗော, န သာမဏေရော ဥပဋ္ဌာပေတဗ္ဗော။ ကတမေဟိ</p>
",-418-
2185,mula_vi_05,315,"<p class=""noindentbodytext""> ပဉ္စဟိ<a name=""M0.0315""></a>? န ပဋိဗလော ဟောတိ <a name=""T0.0446""></a> အန္တေဝါသိံ ဝါ သဒ္ဓိဝိဟာရိံ ဝါ အဘိသမာစာရိကာယ သိက္ခာယ သိက္ခာပေတုံ, အာဒိဗြဟ္မစာရိယကာယ သိက္ခာယ ဝိနေတုံ, အဓိသီလေ ဝိနေတုံ, အဓိစိတ္တေ ဝိနေတုံ, အဓိပညာယ ဝိနေတုံ – ဣမေဟိ ခေါ, ဥပါလိ, ပဉ္စဟင်္ဂေဟိ သမန္နာဂတေန ဘိက္ခုနာ န ဥပသမ္ပာဒေတဗ္ဗံ, န နိဿယော ဒါတဗ္ဗော, န သာမဏေရော ဥပဋ္ဌာပေတဗ္ဗော။ ပဉ္စဟုပါလိ, အင်္ဂေဟိ သမန္နာဂတေန ဘိက္ခုနာ ဥပသမ္ပာဒေတဗ္ဗံ, နိဿယော ဒါတဗ္ဗော, သာမဏေရော ဥပဋ္ဌာပေတဗ္ဗော။ ကတမေဟိ ပဉ္စဟိ? ပဋိဗလော ဟောတိ အန္တေဝါသိံ ဝါ သဒ္ဓိဝိဟာရိံ ဝါ အဘိသမာစာရိကာယ သိက္ခာယ သိက္ခာပေတုံ, အာဒိဗြဟ္မစာရိယကာယ သိက္ခာယ ဝိနေတုံ, အဓိသီလေ ဝိနေတုံ, အဓိစိတ္တေ ဝိနေတုံ, အဓိပညာယ ဝိနေတုံ – ဣမေဟိ ခေါ, ဥပါလိ, ပဉ္စဟင်္ဂေဟိ သမန္နာဂတေန ဘိက္ခုနာ ဥပသမ္ပာဒေတဗ္ဗံ, နိဿယော ဒါတဗ္ဗော, သာမဏေရော ဥပဋ္ဌာပေတဗ္ဗော’’တိ။</p>
<p class=""bodytext""><a name=""para419""></a><a name=""para419_vin5""></a><span class=""paranum"">၄၁၉</span>။ ‘‘ကတိဟိ နု ခေါ, ဘန္တေ, အင်္ဂေဟိ သမန္နာဂတဿ ဘိက္ခုနော ကမ္မံ ကာတဗ္ဗ’’န္တိ?</p>
<p class=""bodytext"">ပဉ္စဟုပါလိ, အင်္ဂေဟိ သမန္နာဂတဿ ဘိက္ခုနော ကမ္မံ ကာတဗ္ဗံ။ ကတမေဟိ ပဉ္စဟိ? အလဇ္ဇီ စ ဟောတိ, ဗာလော စ, အပကတတ္တော စ, မိစ္ဆာဒိဋ္ဌိကော စ ဟောတိ, အာဇီဝဝိပန္နော စ – ဣမေဟိ ခေါ, ဥပါလိ, ပဉ္စဟင်္ဂေဟိ သမန္နာဂတဿ ဘိက္ခုနော ကမ္မံ ကာတဗ္ဗံ။</p>
<p class=""bodytext"">‘‘အပရေဟိပိ, ဥပါလိ, ပဉ္စဟင်္ဂေဟိ သမန္နာဂတဿ ဘိက္ခုနော ကမ္မံ ကာတဗ္ဗံ။ ကတမေဟိ ပဉ္စဟိ? အဓိသီလေ သီလဝိပန္နော ဟောတိ, အဇ္ဈာစာရေ အာစာရဝိပန္နော ဟောတိ, အတိဒိဋ္ဌိယာ ဒိဋ္ဌိဝိပန္နော ဟောတိ<a name=""T0.0447""></a>, မိစ္ဆာဒိဋ္ဌိကော စ ဟောတိ, အာဇီဝဝိပန္နော စ – ဣမေဟိ ခေါ, ဥပါလိ, ပဉ္စဟင်္ဂေဟိ သမန္နာဂတဿ ဘိက္ခုနော ကမ္မံ ကာတဗ္ဗံ။</p>
<p class=""bodytext"">‘‘အပရေဟိပိ, ဥပါလိ, ပဉ္စဟင်္ဂေဟိ သမန္နာဂတဿ ဘိက္ခုနော ကမ္မံ ကာတဗ္ဗံ။ ကတမေဟိ ပဉ္စဟိ? ကာယိကေန ဒဝေန သမန္နာဂတော ဟောတိ, ဝါစသိကေန ဒဝေန သမန္နာဂတော ဟောတိ, ကာယိကဝါစသိကေန ဒဝေန သမန္နာဂတော ဟောတိ, မိစ္ဆာဒိဋ္ဌိကော <a name=""P5.0182""></a> စ ဟောတိ, အာဇီဝဝိပန္နော စ – ဣမေဟိ ခေါ, ဥပါလိ, ပဉ္စဟင်္ဂေဟိ သမန္နာဂတဿ ဘိက္ခုနော ကမ္မံ ကာတဗ္ဗံ။</p>
",-419-
2186,mula_vi_05,316,"<p class=""bodytext"">‘‘အပရေဟိပိ<a name=""M0.0316""></a>, ဥပါလိ, ပဉ္စဟင်္ဂေဟိ သမန္နာဂတဿ ဘိက္ခုနော ကမ္မံ ကာတဗ္ဗံ။ ကတမေဟိ ပဉ္စဟိ? ကာယိကေန အနာစာရေန သမန္နာဂတော ဟောတိ<a name=""V0.0339""></a>, ဝါစသိကေန အနာစာရေန သမန္နာဂတော ဟောတိ, ကာယိကဝါစသိကေန အနာစာရေန သမန္နာဂတော ဟောတိ, မိစ္ဆာဒိဋ္ဌိကော စ ဟောတိ, အာဇီဝဝိပန္နော စ – ဣမေဟိ ခေါ, ဥပါလိ, ပဉ္စဟင်္ဂေဟိ သမန္နာဂတဿ ဘိက္ခုနော ကမ္မံ ကာတဗ္ဗံ။</p>
<p class=""bodytext"">‘‘အပရေဟိပိ, ဥပါလိ, ပဉ္စဟင်္ဂေဟိ သမန္နာဂတဿ ဘိက္ခုနော ကမ္မံ ကာတဗ္ဗံ။ ကတမေဟိ ပဉ္စဟိ? ကာယိကေန ဥပဃာတိကေန သမန္နာဂတော ဟောတိ, ဝါစသိကေန ဥပဃာတိကေန သမန္နာဂတော ဟောတိ, ကာယိကဝါစသိကေန ဥပဃာတိကေန သမန္နာဂတော ဟောတိ, မိစ္ဆာဒိဋ္ဌိကော စ ဟောတိ, အာဇီဝဝိပန္နော စ – ဣမေဟိ ခေါ, ဥပါလိ, ပဉ္စဟင်္ဂေဟိ သမန္နာဂတဿ ဘိက္ခုနော ကမ္မံ ကာတဗ္ဗံ။</p>
<p class=""bodytext"">‘‘အပရေဟိပိ, ဥပါလိ, ပဉ္စဟင်္ဂေဟိ သမန္နာဂတဿ ဘိက္ခုနော ကမ္မံ ကာတဗ္ဗံ။ ကတမေဟိ ပဉ္စဟိ? ကာယိကေန မိစ္ဆာဇီဝေန သမန္နာဂတော <a name=""T0.0448""></a> ဟောတိ, ဝါစသိကေန မိစ္ဆာဇီဝေန သမန္နာဂတော ဟောတိ, ကာယိကဝါစသိကေန မိစ္ဆာဇီဝေန သမန္နာဂတော ဟောတိ, မိစ္ဆာဒိဋ္ဌိကော စ ဟောတိ, အာဇီဝဝိပန္နော စ – ဣမေဟိ ခေါ, ဥပါလိ, ပဉ္စဟင်္ဂေဟိ သမန္နာဂတဿ ဘိက္ခုနော ကမ္မံ ကာတဗ္ဗံ။</p>
<p class=""bodytext"">‘‘အပရေဟိပိ, ဥပါလိ, ပဉ္စဟင်္ဂေဟိ သမန္နာဂတဿ ဘိက္ခုနော ကမ္မံ ကာတဗ္ဗံ။ ကတမေဟိ ပဉ္စဟိ? အာပတ္တိံ အာပန္နော ကမ္မကတော ဥပသမ္ပာဒေတိ, နိဿယံ ဒေတိ, သာမဏေရံ ဥပဋ္ဌာပေတိ, ဘိက္ခုနောဝါဒကသမ္မုတိံ သာဒိယတိ, သမ္မတောပိ ဘိက္ခုနိယော ဩဝဒတိ – ဣမေဟိ ခေါ, ဥပါလိ, ပဉ္စဟင်္ဂေဟိ သမန္နာဂတဿ ဘိက္ခုနော ကမ္မံ ကာတဗ္ဗံ။</p>
<p class=""bodytext"">‘‘အပရေဟိပိ, ဥပါလိ, ပဉ္စဟင်္ဂေဟိ သမန္နာဂတဿ ဘိက္ခုနော ကမ္မံ ကာတဗ္ဗံ။ ကတမေဟိ ပဉ္စဟိ? ယာယ အာပတ္တိယာ သံဃေန ကမ္မံ ကတံ ဟောတိ တံ အာပတ္တိံ အာပဇ္ဇတိ, အညံ ဝါ တာဒိသိကံ, တတော ဝါ ပါပိဋ္ဌတရံ, ကမ္မံ ဂရဟတိ, ကမ္မိကေ ဂရဟတိ – ဣမေဟိ ခေါ, ဥပါလိ, ပဉ္စဟင်္ဂေဟိ သမန္နာဂတဿ ဘိက္ခုနော ကမ္မံ ကာတဗ္ဗံ။</p>
",
2187,mula_vi_05,317,"<p class=""bodytext"">‘‘အပရေဟိပိ<a name=""M0.0317""></a>, ဥပါလိ, ပဉ္စဟင်္ဂေဟိ သမန္နာဂတဿ ဘိက္ခုနော ကမ္မံ ကာတဗ္ဗံ။ ကတမေဟိ ပဉ္စဟိ? ဗုဒ္ဓဿ အဝဏ္ဏံ ဘာသတိ, ဓမ္မဿ အဝဏ္ဏံ ဘာသတိ, သံဃဿ အဝဏ္ဏံ ဘာသတိ, မိစ္ဆာဒိဋ္ဌိကော စ ဟောတိ, အာဇီဝဝိပန္နော စ – ဣမေဟိ ခေါ, ဥပါလိ, ပဉ္စဟင်္ဂေဟိ သမန္နာဂတဿ ဘိက္ခုနော ကမ္မံ ကာတဗ္ဗ’’န္တိ။</p>
<p class=""centered"">အနိဿိတဝဂ္ဂေါ နိဋ္ဌိတော ပဌမော။</p>
<p class=""centered"">တဿုဒ္ဒါနံ –</p>
<p class=""gatha1"">ဥပေါသထံ <a name=""T0.0449""></a><a name=""V0.0340""></a> ပဝါရဏံ, အာပတ္တိ စ ဂိလာနကံ၊</p>
<p class=""gathalast"">အဘိသမာစာရလဇ္ဇီ စ, အဓိသီလေ ဒဝေန စ။</p>
<p class=""gatha1"">အနာစာရံ ဥပဃာတိ, မိစ္ဆာ အာပတ္တိမေဝ စ၊</p>
<p class=""gathalast"">ယာယာပတ္တိယာ ဗုဒ္ဓဿ, ပဌမော ဝဂ္ဂသင်္ဂဟောတိ။</p>
<p class=""subhead"">၂။ နပ္ပဋိပ္ပဿမ္ဘနဝဂ္ဂေါ</p>
<p class=""bodytext""><a name=""para420""></a><a name=""para420_vin5""></a><span class=""paranum"">၄၂၀</span>။ ‘‘ကတိဟိ နု ခေါ, ဘန္တေ, အင်္ဂေဟိ သမန္နာဂတဿ ဘိက္ခုနော ကမ္မံ နပ္ပဋိပ္ပဿမ္ဘေတဗ္ဗ’’န္တိ?</p>
<p class=""bodytext"">‘‘ပဉ္စဟုပါလိ, အင်္ဂေဟိ သမန္နာဂတဿ ဘိက္ခုနော ကမ္မံ နပ္ပဋိပ္ပဿမ္ဘေတဗ္ဗံ။ ကတမေဟိ ပဉ္စဟိ<a name=""P5.0183""></a>? အာပတ္တိံ အာပန္နော ကမ္မကတော ဥပသမ္ပာဒေတိ, နိဿယံ ဒေတိ, သာမဏေရံ ဥပဋ္ဌာပေတိ, ဘိက္ခုနောဝါဒကသမ္မုတိံ သာဒိယတိ, သမ္မတောပိ ဘိက္ခုနိယော ဩဝဒတိ – ဣမေဟိ ခေါ, ဥပါလိ, ပဉ္စဟင်္ဂေဟိ သမန္နာဂတဿ ဘိက္ခုနော ကမ္မံ နပ္ပဋိပ္ပဿမ္ဘေတဗ္ဗံ။</p>
<p class=""bodytext""><span class=""note"">[စူဠဝ။ ၈-၉, ၁၈, ၃၀-၃၁, ၄၃, ၅၃, ၆၂, ၇၂]</span> ‘‘အပရေဟိပိ, ဥပါလိ, ပဉ္စဟင်္ဂေဟိ သမန္နာဂတဿ ဘိက္ခုနော ကမ္မံ နပ္ပဋိပ္ပဿမ္ဘေတဗ္ဗံ။ ကတမေဟိ ပဉ္စဟိ? ယာယ အာပတ္တိယာ သံဃေန ကမ္မံ ကတံ ဟောတိ တံ အာပတ္တိံ အာပဇ္ဇတိ, အညံ ဝါ တာဒိသိကံ, တတော ဝါ ပါပိဋ္ဌတရံ, ကမ္မံ ဂရဟတိ, ကမ္မိကေ ဂရဟတိ – ဣမေဟိ ခေါ, ဥပါလိ, ပဉ္စဟင်္ဂေဟိ သမန္နာဂတဿ ဘိက္ခုနော ကမ္မံ နပ္ပဋိပ္ပဿမ္ဘေတဗ္ဗံ။</p>
<p class=""bodytext"">‘‘အပရေဟိပိ, ဥပါလိ, ပဉ္စဟင်္ဂေဟိ သမန္နာဂတဿ ဘိက္ခုနော ကမ္မံ နပ္ပဋိပ္ပဿမ္ဘေတဗ္ဗံ။ ကတမေဟိ ပဉ္စဟိ? ဗုဒ္ဓဿ အဝဏ္ဏံ ဘာသတိ, ဓမ္မဿ အဝဏ္ဏံ ဘာသတိ, သံဃဿ အဝဏ္ဏံ ဘာသတိ, မိစ္ဆာဒိဋ္ဌိကော စ <a name=""T0.0450""></a> ဟောတိ,</p>
",-420-
2188,mula_vi_05,318,"<p class=""noindentbodytext""> အာဇီဝဝိပန္နော<a name=""M0.0318""></a> စ – ဣမေဟိ ခေါ, ဥပါလိ, ပဉ္စဟင်္ဂေဟိ သမန္နာဂတဿ ဘိက္ခုနော ကမ္မံ နပ္ပဋိပ္ပဿမ္ဘေတဗ္ဗံ။</p>
<p class=""bodytext"">‘‘အပရေဟိပိ, ဥပါလိ, ပဉ္စဟင်္ဂေဟိ သမန္နာဂတဿ ဘိက္ခုနော ကမ္မံ နပ္ပဋိပ္ပဿမ္ဘေတဗ္ဗံ။ ကတမေဟိ ပဉ္စဟိ? အလဇ္ဇီ စ ဟောတိ, ဗာလော စ, အပကတတ္တော စ, ဩမဒ္ဒကာရကော စ ဟောတိ, ဝတ္တေသု <a name=""V0.0341""></a> သိက္ခာယ စ န ပရိပူရကာရီ – ဣမေဟိ ခေါ, ဥပါလိ, ပဉ္စဟင်္ဂေဟိ သမန္နာဂတဿ ဘိက္ခုနော ကမ္မံ နပ္ပဋိပ္ပဿမ္ဘေတဗ္ဗ’’န္တိ။</p>
<p class=""bodytext""><a name=""para421""></a><a name=""para421_vin5""></a><span class=""paranum"">၄၂၁</span>။ ‘‘သင်္ဂါမာဝစရေန, ဘန္တေ, ဘိက္ခုနာ သံဃံ ဥပသင်္ကမန္တေန ကတိ ဓမ္မေ အဇ္ဈတ္တံ ဥပဋ္ဌာပေတွာ သံဃော ဥပသင်္ကမိတဗ္ဗော’’တိ?</p>
<p class=""bodytext""><span class=""note"">[ပရိ။ ၃၆၅]</span> ‘‘သင်္ဂါမာဝစရေန, ဥပါလိ, ဘိက္ခုနာ သံဃံ ဥပသင်္ကမန္တေန ပဉ္စ ဓမ္မေ အဇ္ဈတ္တံ ဥပဋ္ဌာပေတွာ သံဃော ဥပသင်္ကမိတဗ္ဗော။ ကတမေ ပဉ္စ? သင်္ဂါမာဝစရေန, ဥပါလိ, ဘိက္ခုနာ သံဃံ ဥပသင်္ကမန္တေန နီစစိတ္တေန သံဃော ဥပသင်္ကမိတဗ္ဗော, ရဇောဟရဏသမေန စိတ္တေန, အာသနကုသလေန ဘဝိတဗ္ဗံ နိဿဇ္ဇကုသလေန, ထေရေ ဘိက္ခူ အနုပခဇ္ဇန္တေန, နဝေ ဘိက္ခူ အာသနေန အပ္ပဋိဗာဟန္တေန ယထာပတိရူပေ အာသနေ နိသီဒိတဗ္ဗံ, အနာနာကထိကေန ဘဝိတဗ္ဗံ အတိရစ္ဆာနကထိကေန, သာမံ ဝါ ဓမ္မော ဘာသိတဗ္ဗော, ပရော ဝါ အဇ္ဈေသိတဗ္ဗော, အရိယော ဝါ တုဏှိဘာဝေါ နာတိမညိတဗ္ဗော, သစေ, ဥပါလိ, သံဃော သမဂ္ဂကရဏီယာနိ ကမ္မာနိ ကရောတိ တတြ စေ, ဥပါလိ, ဘိက္ခုနော နက္ခမတိ, အပိ ဒိဋ္ဌာဝိကမ္မံ ကတွာ ဉာပေတဗ္ဗာ သာမဂ္ဂီ။ တံ ကိဿဟေတု? မာဟံ သံဃေန နာနတ္တော အဿန္တိ။ သင်္ဂါမာဝစရေနုပါလိ<a name=""T0.0451""></a>, ဘိက္ခုနာ သံဃံ ဥပသင်္ကမန္တေန ဣမေ ပဉ္စ ဓမ္မေ အဇ္ဈတ္တံ ဥပဋ္ဌာပေတွာ သံဃော ဥပသင်္ကမိတဗ္ဗော’’တိ။</p>
<p class=""bodytext""><a name=""para422""></a><a name=""para422_vin5""></a><span class=""paranum"">၄၂၂</span>။ ‘‘ကတိဟိ နု ခေါ, ဘန္တေ, အင်္ဂေဟိ သမန္နာဂတော ဘိက္ခု သံဃေ ဝေါဟရန္တော ဗဟုဇနအကန္တော စ ဟောတိ ဗဟုဇနအမနာပေါ စ ဗဟုဇနအရုစိတော စာ’’တိ?</p>
<p class=""bodytext"">‘‘ပဉ္စဟုပါလိ, အင်္ဂေဟိ သမန္နာဂတော ဘိက္ခု သံဃေ ဝေါဟရန္တော ဗဟုဇနအကန္တော စ ဟောတိ ဗဟုဇနအမနာပေါ စ ဗဟုဇနအရုစိတော စ။ ကတမေဟိ ပဉ္စဟိ? ဥဿိတမန္တီ စ ဟောတိ, နိဿိတဇပ္ပီ စ, န စ</p>
",-421-422-
2189,mula_vi_05,319,"<p class=""noindentbodytext""> ဘာသာနုသန္ဓိကုသလော<a name=""M0.0319""></a> ဟောတိ, န ယထာဓမ္မေ ယထာဝိနယေ ယထာပတ္တိယာ စောဒေတာ ဟောတိ, န ယထာဓမ္မေ ယထာဝိနယေ ယထာပတ္တိယာ ကာရေတာ ဟောတိ – ဣမေဟိ ခေါ, ဥပါလိ, ပဉ္စဟင်္ဂေဟိ သမန္နာဂတော ဘိက္ခု သံဃေ ဝေါဟရန္တော ဗဟုဇနအကန္တော စ ဟောတိ ဗဟုဇနအမနာပေါ စ ဗဟုဇနအရုစိတော စ။ ပဉ္စဟုပါလိ, အင်္ဂေဟိ သမန္နာဂတော ဘိက္ခု သံဃေ ဝေါဟရန္တော ဗဟုဇနကန္တော စ ဟောတိ ဗဟုဇနမနာပေါ စ ဗဟုဇနအရုစိတော စ။ ကတမေဟိ ပဉ္စဟိ? န ဥဿိတမန္တီ စ ဟောတိ, န နိဿိတဇပ္ပီ စ, ဘာသာနုသန္ဓိကုသလော စ ဟောတိ, ယထာဓမ္မေ ယထာဝိနယေ ယထာပတ္တိယာ စောဒေတာ ဟောတိ, ယထာဓမ္မေ ယထာဝိနယေ ယထာပတ္တိယာ ကာရေတာ ဟောတိ – ဣမေဟိ ခေါ, ဥပါလိ, ပဉ္စဟင်္ဂေဟိ <a name=""V0.0342""></a> သမန္နာဂတော ဘိက္ခု သံဃေ ဝေါဟရန္တော ဗဟုဇနကန္တော စ ဟောတိ ဗဟုဇနမနာပေါ စ ဗဟုဇနရုစိတော စ။</p>
<p class=""bodytext"">‘‘အပရေဟိပိ, ဥပါလိ, ပဉ္စဟင်္ဂေဟိ သမန္နာဂတော ဘိက္ခု သံဃေ ဝေါဟရန္တော ဗဟုဇနအကန္တော စ ဟောတိ ဗဟုဇနအမနာပေါ စ <a name=""T0.0452""></a> ဗဟုဇနအရုစိတော စ။ ကတမေဟိ ပဉ္စဟိ? ဥဿာဒေတာ စ ဟောတိ, အပသာဒေတာ စ, အဓမ္မံ ဂဏှာတိ, ဓမ္မံ ပဋိဗာဟတိ, သမ္ဖဉ္စ ဗဟုံ ဘာသတိ – ဣမေဟိ ခေါ, ဥပါလိ, ပဉ္စဟင်္ဂေဟိ သမန္နာဂတော ဘိက္ခု သံဃေ ဝေါဟရန္တော ဗဟုဇနအကန္တော စ ဟောတိ ဗဟုဇနအမနာပေါ စ ဗဟုဇနအရုစိတော စ။ ပဉ္စဟုပါလိ, အင်္ဂေဟိ သမန္နာဂတော ဘိက္ခု သံဃေ ဝေါဟရန္တော ဗဟုဇနကန္တော စ ဟောတိ ဗဟုဇနမနာပေါ စ ဗဟုဇနရုစိတော <a name=""P5.0184""></a> စ။ ကတမေဟိ ပဉ္စဟိ? န ဥဿာဒေတာ စ ဟောတိ, န အပသာဒေတာ စ, ဓမ္မံ ဂဏှာတိ, အဓမ္မံ ပဋိဗာဟတိ, သမ္ဖဉ္စ န ဗဟုံ ဘာသတိ – ဣမေဟိ ခေါ, ဥပါလိ, ပဉ္စဟင်္ဂေဟိ သမန္နာဂတော ဘိက္ခု သံဃေ ဝေါဟရန္တော ဗဟုဇနကန္တော စ ဟောတိ ဗဟုဇနမနာပေါ စ ဗဟုဇနရုစိတော စ။</p>
<p class=""bodytext"">‘‘အပရေဟိပိ, ဥပါလိ, ပဉ္စဟင်္ဂေဟိ သမန္နာဂတော ဘိက္ခု သံဃေ ဝေါဟရန္တော ဗဟုဇနအကန္တော စ ဟောတိ ဗဟုဇနအမနာပေါ စ ဗဟုဇနအရုစိတော စ။ ကတမေဟိ ပဉ္စဟိ? ပသယှပဝတ္တာ ဟောတိ, အနောကာသကမ္မံ ကာရေတွာ ပဝတ္တာ ဟောတိ, န ယထာဓမ္မေ ယထာဝိနယေ ယထာပတ္တိယာ စောဒေတာ ဟောတိ, န ယထာဓမ္မေ ယထာဝိနယေ ယထာပတ္တိယာ ကာရေတာ ဟောတိ, န ယထာဒိဋ္ဌိယာ ဗျာကတာ ဟောတိ – ဣမေဟိ ခေါ, ဥပါလိ, ပဉ္စဟင်္ဂေဟိ သမန္နာဂတော ဘိက္ခု သံဃေ ဝေါဟရန္တော ဗဟုဇနအကန္တော စ ဟောတိ</p>
",
2190,mula_vi_05,320,"<p class=""noindentbodytext""> ဗဟုဇနအမနာပေါ<a name=""M0.0320""></a> စ ဗဟုဇနအရုစိတော စ။ ပဉ္စဟုပါလိ, အင်္ဂေဟိ သမန္နာဂတော ဘိက္ခု သံဃေ ဝေါဟရန္တော ဗဟုဇနကန္တော စ ဟောတိ ဗဟုဇနမနာပေါ စ ဗဟုဇနရုစိတော စ။ ကတမေဟိ ပဉ္စဟိ? န <a name=""T0.0453""></a> ပသယှပဝတ္တာ ဟောတိ, ဩကာသကမ္မံ ကာရေတွာ ပဝတ္တာ ဟောတိ, ယထာဓမ္မေ ယထာဝိနယေ ယထာပတ္တိယာ စောဒေတာ ဟောတိ, ယထာဓမ္မေ ယထာဝိနယေ ယထာပတ္တိယာ ကာရေတာ ဟောတိ, ယထာဒိဋ္ဌိယာ ဗျာကတာ ဟောတိ – ဣမေဟိ ခေါ, ဥပါလိ, ပဉ္စဟင်္ဂေဟိ သမန္နာဂတော ဘိက္ခု သံဃေ ဝေါဟရန္တော ဗဟုဇနကန္တော စ ဟောတိ ဗဟုဇနမနာပေါ စ ဗဟုဇနရုစိတော စာ’’တိ။</p>
<p class=""bodytext""><a name=""para423""></a><a name=""para423_vin5""></a><span class=""paranum"">၄၂၃</span>။ ‘‘ကတိ နု ခေါ, ဘန္တေ, အာနိသံသာ ဝိနယပရိယတ္တိယာ’’တိ?</p>
<p class=""bodytext"">‘‘ပဉ္စိမေ, ဥပါလိ, အာနိသံသာ ဝိနယပရိယတ္တိယာ။ ကတမေ ပဉ္စ? အတ္တနော သီလက္ခန္ဓော သုဂုတ္တော ဟောတိ သုရက္ခိတော, ကုက္ကုစ္စပကတာနံ ပဋိသရဏံ ဟောတိ, ဝိသာရဒေါ သံဃမဇ္ဈေ <a name=""V0.0343""></a> ဝေါဟရတိ, ပစ္စတ္ထိကေ သဟဓမ္မေန သုနိဂ္ဂဟိတံ နိဂ္ဂဏှာတိ, သဒ္ဓမ္မဋ္ဌိတိယာ ပဋိပန္နော ဟောတိ – ဣမေဟိ ခေါ, ဥပါလိ, ပဉ္စာနိသံသာ ဝိနယပရိယတ္တိယာ’’။</p>
<p class=""centered"">နပ္ပဋိပ္ပဿမ္ဘနဝဂ္ဂေါ နိဋ္ဌိတော ဒုတိယော။</p>
<p class=""centered"">တဿုဒ္ဒါနံ –</p>
<p class=""gatha1"">အာပန္နော ယာယဝဏ္ဏဉ္စ, အလဇ္ဇီ သင်္ဂါမေန စ၊</p>
<p class=""gathalast"">ဥဿိတာ ဥဿာဒေတာ စ, ပသယှ ပရိယတ္တိယာတိ။</p>
<p class=""centered"">ပဌမယမကပညတ္တိ။</p>
<p class=""subhead"">၃။ ဝေါဟာရဝဂ္ဂေါ</p>
<p class=""bodytext""><a name=""para424""></a><a name=""para424_vin5""></a><span class=""paranum"">၄၂၄</span>။ ‘‘ကတိဟိ <a name=""P5.0185""></a> နု ခေါ, ဘန္တေ, အင်္ဂေဟိ သမန္နာဂတေန ဘိက္ခုနာ သံဃေ န ဝေါဟရိတဗ္ဗ’’န္တိ?</p>
<p class=""bodytext"">‘‘ပဉ္စဟုပါလိ, အင်္ဂေဟိ သမန္နာဂတေန ဘိက္ခုနာ သံဃေ န ဝေါဟရိတဗ္ဗံ။ ကတမေဟိ ပဉ္စဟိ? အာပတ္တိံ န ဇာနာတိ, အာပတ္တိသမုဋ္ဌာနံ န ဇာနာတိ, အာပတ္တိယာ ပယောဂံ န <a name=""T0.0454""></a> ဇာနာတိ, အာပတ္တိယာ ဝူပသမံ န ဇာနာတိ, အာပတ္တိယာ န ဝိနိစ္ဆယကုသလော ဟောတိ – ဣမေဟိ ခေါ, ဥပါလိ,</p>
",-423-424-
2191,mula_vi_05,321,"<p class=""noindentbodytext""> ပဉ္စဟင်္ဂေဟိ<a name=""M0.0321""></a> သမန္နာဂတေန ဘိက္ခုနာ သံဃေ န ဝေါဟရိတဗ္ဗံ။ ပဉ္စဟုပါလိ, အင်္ဂေဟိ သမန္နာဂတေန ဘိက္ခုနာ သံဃေ ဝေါဟရိတဗ္ဗံ။ ကတမေဟိ ပဉ္စဟိ? အာပတ္တိံ ဇာနာတိ, အာပတ္တိသမုဋ္ဌာနံ ဇာနာတိ, အာပတ္တိယာ ပယောဂံ ဇာနာတိ, အာပတ္တိယာ ဝူပသမံ ဇာနာတိ, အာပတ္တိယာ ဝိနိစ္ဆယကုသလော ဟောတိ – ဣမေဟိ ခေါ, ဥပါလိ, ပဉ္စဟင်္ဂေဟိ သမန္နာဂတေန ဘိက္ခုနာ သံဃေ ဝေါဟရိတဗ္ဗံ။</p>
<p class=""bodytext"">‘‘အပရေဟိပိ, ဥပါလိ, ပဉ္စဟင်္ဂေဟိ သမန္နာဂတေန ဘိက္ခုနာ သံဃေ န ဝေါဟရိတဗ္ဗံ။ ကတမေဟိ ပဉ္စဟိ? အဓိကရဏံ န ဇာနာတိ, အဓိကရဏသမုဋ္ဌာနံ န ဇာနာတိ, အဓိကရဏဿ ပယောဂံ န ဇာနာတိ, အဓိကရဏဿ ဝူပသမံ န ဇာနာတိ, အဓိကရဏဿ န ဝိနိစ္ဆယကုသလော ဟောတိ – ဣမေဟိ ခေါ, ဥပါလိ, ပဉ္စဟင်္ဂေဟိ သမန္နာဂတေန ဘိက္ခုနာ သံဃေ န ဝေါဟရိတဗ္ဗံ။ ပဉ္စဟုပါလိ, အင်္ဂေဟိ သမန္နာဂတေန ဘိက္ခုနာ သံဃေ ဝေါဟရိတဗ္ဗံ။ ကတမေဟိ ပဉ္စဟိ? အဓိကရဏံ ဇာနာတိ<a name=""V0.0344""></a>, အဓိကရဏသမုဋ္ဌာနံ ဇာနာတိ, အဓိကရဏဿ ပယောဂံ ဇာနာတိ, အဓိကရဏဿ ဝူပသမံ ဇာနာတိ, အဓိကရဏဿ ဝိနိစ္ဆယကုသလော ဟောတိ – ဣမေဟိ ခေါ, ဥပါလိ ပဉ္စဟင်္ဂေဟိ သမန္နာဂတေန ဘိက္ခုနာ သံဃေ ဝေါဟရိတဗ္ဗံ။</p>
<p class=""bodytext"">‘‘အပရေဟိပိ, ဥပါလိ, ပဉ္စဟင်္ဂေဟိ သမန္နာဂတေန <a name=""T0.0455""></a> ဘိက္ခုနာ သံဃေ န ဝေါဟရိတဗ္ဗံ။ ကတမေဟိ ပဉ္စဟိ? ပသယှပဝတ္တာ ဟောတိ, အနောကာသကမ္မံ ကာရေတွာ ပဝတ္တာ ဟောတိ, န ယထာဓမ္မေ ယထာဝိနယေ ယထာပတ္တိယာ စောဒေတာ ဟောတိ, န ယထာဓမ္မေ ယထာဝိနယေ ယထာပတ္တိယာ ကာရေတာ ဟောတိ, န ယထာဒိဋ္ဌိယာ ဗျာကတာ ဟောတိ – ဣမေဟိ ခေါ, ဥပါလိ, ပဉ္စဟင်္ဂေဟိ သမန္နာဂတေန ဘိက္ခုနာ သံဃေ န ဝေါဟရိတဗ္ဗံ။ ပဉ္စဟုပါလိ, အင်္ဂေဟိ သမန္နာဂတေန ဘိက္ခုနာ သံဃေ ဝေါဟရိတဗ္ဗံ။ ကတမေဟိ ပဉ္စဟိ? န ပသယှပဝတ္တာ ဟောတိ, ဩကာသကမ္မံ ကာရေတွာ ပဝတ္တာ ဟောတိ, ယထာဓမ္မေ ယထာဝိနယေ ယထာပတ္တိယာ စောဒေတာ ဟောတိ, ယထာဓမ္မေ ယထာဝိနယေ ယထာပတ္တိယာ ကာရေတာ ဟောတိ, ယထာဒိဋ္ဌိယာ ဗျာကတာ ဟောတိ – ဣမေဟိ ခေါ, ဥပါလိ, ပဉ္စဟင်္ဂေဟိ သမန္နာဂတေန ဘိက္ခုနာ သံဃေ ဝေါဟရိတဗ္ဗံ။</p>
<p class=""bodytext"">‘‘အပရေဟိပိ, ဥပါလိ, ပဉ္စဟင်္ဂေဟိ သမန္နာဂတေန ဘိက္ခုနာ သံဃေ န ဝေါဟရိတဗ္ဗံ။ ကတမေဟိ ပဉ္စဟိ? အာပတ္တာနာပတ္တိံ န ဇာနာတိ, လဟုကဂရုကံ အာပတ္တိံ န ဇာနာတိ, သာဝသေသာနဝသေသံ အာပတ္တိံ န ဇာနာတိ,</p>
",
2192,mula_vi_05,322,"<p class=""noindentbodytext""> ဒုဋ္ဌုလ္လာဒုဋ္ဌုလ္လံ<a name=""M0.0322""></a> အာပတ္တိံ န ဇာနာတိ, သပ္ပဋိကမ္မံ အပ္ပဋိကမ္မံ အာပတ္တိံ န ဇာနာတိ – ဣမေဟိ <a name=""T0.0456""></a> ခေါ, ဥပါလိ, ပဉ္စဟင်္ဂေဟိ သမန္နာဂတေန ဘိက္ခုနာ သံဃေ န ဝေါဟရိတဗ္ဗံ။ ပဉ္စဟုပါလိ, အင်္ဂေဟိ သမန္နာဂတေန ဘိက္ခုနာ သံဃေ ဝေါဟရိတဗ္ဗံ။ ကတမေဟိ ပဉ္စဟိ? အာပတ္တာနာပတ္တိံ ဇာနာတိ, လဟုကဂရုကံ အာပတ္တိံ ဇာနာတိ, သာဝသေသာနဝသေသံ အာပတ္တိံ ဇာနာတိ, ဒုဋ္ဌုလ္လာဒုဋ္ဌုလ္လံ အာပတ္တိံ ဇာနာတိ, သပ္ပဋိကမ္မံ အပ္ပဋိကမ္မံ အာပတ္တိံ ဇာနာတိ – ဣမေဟိ ခေါ, ဥပါလိ, ပဉ္စဟင်္ဂေဟိ သမန္နာဂတေန ဘိက္ခုနာ သံဃေ ဝေါဟရိတဗ္ဗံ။</p>
<p class=""bodytext"">‘‘အပရေဟိပိ, ဥပါလိ, ပဉ္စဟင်္ဂေဟိ သမန္နာဂတေန ဘိက္ခုနာ သံဃေ န ဝေါဟရိတဗ္ဗံ။ ကတမေဟိ ပဉ္စဟိ? ကမ္မံ န ဇာနာတိ, ကမ္မဿ ကရဏံ န ဇာနာတိ, ကမ္မဿ ဝတ္ထုံ န ဇာနာတိ, ကမ္မဿ ဝတ္တံ န ဇာနာတိ, ကမ္မဿ ဝူပသမံ န ဇာနာတိ – ဣမေဟိ ခေါ, ဥပါလိ, ပဉ္စဟင်္ဂေဟိ သမန္နာဂတေန ဘိက္ခုနာ သံဃေ န ဝေါဟရိတဗ္ဗံ။ ပဉ္စဟုပါလိ<a name=""P5.0186""></a>, အင်္ဂေဟိ သမန္နာဂတေန ဘိက္ခုနာ သံဃေ ဝေါဟရိတဗ္ဗံ။ ကတမေဟိ ပဉ္စဟိ? ကမ္မံ ဇာနာတိ, ကမ္မဿ ကရဏံ ဇာနာတိ, ကမ္မဿ ဝတ္ထုံ ဇာနာတိ, ကမ္မဿ ဝတ္တံ ဇာနာတိ, ကမ္မဿ ဝူပသမံ ဇာနာတိ – ဣမေဟိ ခေါ, ဥပါလိ, ပဉ္စဟင်္ဂေဟိ သမန္နာဂတေန ဘိက္ခုနာ သံဃေ ဝေါဟရိတဗ္ဗံ။</p>
<p class=""bodytext"">‘‘အပရေဟိပိ<a name=""V0.0345""></a>, ဥပါလိ, ပဉ္စဟင်္ဂေဟိ သမန္နာဂတေန ဘိက္ခုနာ သံဃေ န ဝေါဟရိတဗ္ဗံ။ ကတမေဟိ ပဉ္စဟိ? ဝတ္ထုံ န ဇာနာတိ, နိဒါနံ န ဇာနာတိ, ပညတ္တိံ န ဇာနာတိ, ပဒပစ္စာဘဋ္ဌံ န ဇာနာတိ, အနုသန္ဓိဝစနပထံ န ဇာနာတိ – ဣမေဟိ ခေါ, ဥပါလိ, ပဉ္စဟင်္ဂေဟိ သမန္နာဂတေန ဘိက္ခုနာ သံဃေ န ဝေါဟရိတဗ္ဗံ။ ပဉ္စဟုပါလိ, အင်္ဂေဟိ သမန္နာဂတေန ဘိက္ခုနာ သံဃေ ဝေါဟရိတဗ္ဗံ။ ကတမေဟိ ပဉ္စဟိ? ဝတ္ထုံ ဇာနာတိ, နိဒါနံ ဇာနာတိ, ပညတ္တိံ ဇာနာတိ, ပဒပစ္စာဘဋ္ဌံ ဇာနာတိ, အနုသန္ဓိဝစနပထံ ဇာနာတိ – ဣမေဟိ ခေါ, ဥပါလိ, ပဉ္စဟင်္ဂေဟိ သမန္နာဂတေန ဘိက္ခုနာ သံဃေ ဝေါဟရိတဗ္ဗံ။</p>
<p class=""bodytext"">‘‘အပရေဟိပိ, ဥပါလိ, ပဉ္စဟင်္ဂေဟိ သမန္နာဂတေန ဘိက္ခုနာ သံဃေ န ဝေါဟရိတဗ္ဗံ<a name=""T0.0457""></a>။ ကတမေဟိ ပဉ္စဟိ? ဆန္ဒာဂတိံ ဂစ္ဆတိ, ဒေါသာဂတိံ ဂစ္ဆတိ, မောဟာဂတိံ ဂစ္ဆတိ, ဘယာဂတိံ ဂစ္ဆတိ, အလဇ္ဇီ စ ဟောတိ – ဣမေဟိ ခေါ, ဥပါလိ, ပဉ္စဟင်္ဂေဟိ သမန္နာဂတေန ဘိက္ခုနာ သံဃေ န ဝေါဟရိတဗ္ဗံ။ ပဉ္စဟုပါလိ, အင်္ဂေဟိ သမန္နာဂတေန ဘိက္ခုနာ သံဃေ ဝေါဟရိတဗ္ဗံ။ ကတမေဟိ ပဉ္စဟိ? န ဆန္ဒာဂတိံ ဂစ္ဆတိ, န ဒေါသာဂတိံ ဂစ္ဆတိ, န</p>
",
2193,mula_vi_05,323,"<p class=""noindentbodytext""> မောဟာဂတိံ<a name=""M0.0323""></a> ဂစ္ဆတိ, န ဘယာဂတိံ ဂစ္ဆတိ, လဇ္ဇီ စ ဟောတိ – ဣမေဟိ ခေါ, ဥပါလိ, ပဉ္စဟင်္ဂေဟိ သမန္နာဂတေန ဘိက္ခုနာ သံဃေ ဝေါဟရိတဗ္ဗံ။</p>
<p class=""bodytext"">‘‘အပရေဟိပိ, ဥပါလိ, ပဉ္စဟင်္ဂေဟိ သမန္နာဂတေန ဘိက္ခုနာ သံဃေ န ဝေါဟရိတဗ္ဗံ။ ကတမေဟိ ပဉ္စဟိ? ဆန္ဒာဂတိံ ဂစ္ဆတိ, ဒေါသာဂတိံ ဂစ္ဆတိ, မောဟာဂတိံ ဂစ္ဆတိ, ဘယာဂတိံ ဂစ္ဆတိ, အကုသလော စ ဟောတိ ဝိနယေ – ဣမေဟိ ခေါ, ဥပါလိ, ပဉ္စဟင်္ဂေဟိ သမန္နာဂတေန ဘိက္ခုနာ သံဃေ န ဝေါဟရိတဗ္ဗံ။ ပဉ္စဟုပါလိ, အင်္ဂေဟိ သမန္နာဂတေန ဘိက္ခုနာ သံဃေ ဝေါဟရိတဗ္ဗံ။ ကတမေဟိ ပဉ္စဟိ? န ဆန္ဒာဂတိံ ဂစ္ဆတိ, န ဒေါသာဂတိံ ဂစ္ဆတိ, န မောဟာဂတိံ ဂစ္ဆတိ, န ဘယာဂတိံ ဂစ္ဆတိ, ကုသလော စ ဟောတိ ဝိနယေ – ဣမေဟိ ခေါ, ဥပါလိ, ပဉ္စဟင်္ဂေဟိ သမန္နာဂတေန ဘိက္ခုနာ သံဃေ ဝေါဟရိတဗ္ဗံ။</p>
<p class=""bodytext"">‘‘အပရေဟိပိ, ဥပါလိ, ပဉ္စဟင်္ဂေဟိ သမန္နာဂတေန ဘိက္ခုနာ သံဃေ န ဝေါဟရိတဗ္ဗံ။ ကတမေဟိ ပဉ္စဟိ? ဉတ္တိံ န ဇာနာတိ, ဉတ္တိယာ ကရဏံ န ဇာနာတိ, ဉတ္တိယာ အနုဿာဝနံ န ဇာနာတိ, ဉတ္တိယာ သမထံ န ဇာနာတိ, ဉတ္တိယာ ဝူပသမံ န ဇာနာတိ – ဣမေဟိ ခေါ, ဥပါလိ<a name=""T0.0458""></a>, ပဉ္စဟင်္ဂေဟိ သမန္နာဂတေန ဘိက္ခုနာ သံဃေ န ဝေါဟရိတဗ္ဗံ။ ပဉ္စဟုပါလိ, အင်္ဂေဟိ သမန္နာဂတေန ဘိက္ခုနာ သံဃေ ဝေါဟရိတဗ္ဗံ။ ကတမေဟိ ပဉ္စဟိ? ဉတ္တိံ ဇာနာတိ, ဉတ္တိယာ ကရဏံ <a name=""V0.0346""></a> ဇာနာတိ, ဉတ္တိယာ အနုဿာဝနံ ဇာနာတိ, ဉတ္တိယာ သမထံ ဇာနာတိ, ဉတ္တိယာ ဝူပသမံ ဇာနာတိ – ဣမေဟိ ခေါ, ဥပါလိ, ပဉ္စဟင်္ဂေဟိ သမန္နာဂတေန ဘိက္ခုနာ သံဃေ ဝေါဟရိတဗ္ဗံ။</p>
<p class=""bodytext"">‘‘အပရေဟိပိ, ဥပါလိ, ပဉ္စဟင်္ဂေဟိ သမန္နာဂတေန ဘိက္ခုနာ သံဃေ န ဝေါဟရိတဗ္ဗံ။ ကတမေဟိ ပဉ္စဟိ? သုတ္တံ န ဇာနာတိ, သုတ္တာနုလောမံ န ဇာနာတိ, ဝိနယံ န ဇာနာတိ, ဝိနယာနုလောမံ န ဇာနာတိ, န စ ဌာနာဌာနကုသလော ဟောတိ – ဣမေဟိ ခေါ, ဥပါလိ, ပဉ္စဟင်္ဂေဟိ သမန္နာဂတေန ဘိက္ခုနာ သံဃေ န ဝေါဟရိတဗ္ဗံ။ ပဉ္စဟုပါလိ, အင်္ဂေဟိ သမန္နာဂတေန ဘိက္ခုနာ သံဃေ ဝေါဟရိတဗ္ဗံ။ ကတမေဟိ ပဉ္စဟိ? သုတ္တံ ဇာနာတိ, သုတ္တာနုလောမံ ဇာနာတိ, ဝိနယံ ဇာနာတိ, ဝိနယာနုလောမံ ဇာနာတိ, ဌာနာဌာနကုသလော စ ဟောတိ – ဣမေဟိ ခေါ, ဥပါလိ, ပဉ္စဟင်္ဂေဟိ သမန္နာဂတေန ဘိက္ခုနာ သံဃေ ဝေါဟရိတဗ္ဗံ။</p>
",
2194,mula_vi_05,324,"<p class=""bodytext"">‘‘အပရေဟိပိ<a name=""M0.0324""></a>, ဥပါလိ, ပဉ္စဟင်္ဂေဟိ သမန္နာဂတေန ဘိက္ခုနာ သံဃေ န ဝေါဟရိတဗ္ဗံ။ ကတမေဟိ ပဉ္စဟိ? ဓမ္မံ န ဇာနာတိ, ဓမ္မာနုလောမံ န ဇာနာတိ, ဝိနယံ န ဇာနာတိ, ဝိနယာနုလောမံ န ဇာနာတိ, န စ ပုဗ္ဗာပရကုသလော ဟောတိ – ဣမေဟိ ခေါ, ဥပါလိ, ပဉ္စဟင်္ဂေဟိ သမန္နာဂတေန ဘိက္ခုနာ သံဃေ န ဝေါဟရိတဗ္ဗံ။ ပဉ္စဟုပါလိ, အင်္ဂေဟိ သမန္နာဂတေန ဘိက္ခုနာ သံဃေ ဝေါဟရိတဗ္ဗံ။ ကတမေဟိ <a name=""T0.0459""></a> ပဉ္စဟိ? ဓမ္မံ ဇာနာတိ, ဓမ္မာနုလောမံ ဇာနာတိ, ဝိနယံ ဇာနာတိ, ဝိနယာနုလောမံ ဇာနာတိ, ပုဗ္ဗာပရကုသလော စ ဟောတိ – ဣမေဟိ <a name=""P5.0187""></a> ခေါ, ဥပါလိ, ပဉ္စဟင်္ဂေဟိ သမန္နာဂတေန ဘိက္ခုနာ သံဃေ ဝေါဟရိတဗ္ဗ’’န္တိ။</p>
<p class=""centered"">ဝေါဟာရဝဂ္ဂေါ နိဋ္ဌိတော တတိယော။</p>
<p class=""centered"">တဿုဒ္ဒါနံ –</p>
<p class=""gatha1"">အာပတ္တိ အဓိကရဏံ, ပသယှာပတ္တိ ဇာနနာ၊</p>
<p class=""gatha2"">ကမ္မံ ဝတ္ထုံ အလဇ္ဇီ စ, အကုသလော စ ဉတ္တိယာ၊</p>
<p class=""gathalast"">သုတ္တံ န ဇာနာတိ ဓမ္မံ, တတိယော ဝဂ္ဂသင်္ဂဟောတိ။</p>
<p class=""subhead"">၄။ ဒိဋ္ဌာဝိကမ္မဝဂ္ဂေါ</p>
<p class=""bodytext""><a name=""para425""></a><a name=""para425_vin5""></a><span class=""paranum"">၄၂၅</span>။ ‘‘ကတိ နု ခေါ, ဘန္တေ, အဓမ္မိကာ ဒိဋ္ဌာဝိကမ္မာ’’တိ? ‘‘ပဉ္စိမေ, ဥပါလိ, အဓမ္မိကာ ဒိဋ္ဌာဝိကမ္မာ။ ကတမေ ပဉ္စ? အနာပတ္တိယာ ဒိဋ္ဌိံ အာဝိ ကရောတိ, အဒေသနာဂါမိနိယာ <a name=""V0.0347""></a> အာပတ္တိယာ ဒိဋ္ဌိံ အာဝိ ကရောတိ, ဒေသိတာယ အာပတ္တိယာ ဒိဋ္ဌိံ အာဝိ ကရောတိ, စတူဟိ ပဉ္စဟိ ဒိဋ္ဌိံ အာဝိ ကရောတိ, မနော မာနသေန ဒိဋ္ဌိံ အာဝိ ကရောတိ – ဣမေ ခေါ, ဥပါလိ, ပဉ္စ အဓမ္မိကာ ဒိဋ္ဌာဝိကမ္မာ။</p>
<p class=""bodytext"">‘‘ပဉ္စိမေ, ဥပါလိ, ဓမ္မိကာ ဒိဋ္ဌာဝိကမ္မာ။ ကတမေ ပဉ္စ? အာပတ္တိယာ ဒိဋ္ဌိံ အာဝိ ကရောတိ, ဒေသနာဂါမိနိယာ အာပတ္တိယာ ဒိဋ္ဌိံ အာဝိ ကရောတိ, အဒေသိတာယ အာပတ္တိယာ ဒိဋ္ဌိံ အာဝိ ကရောတိ, န စတူဟိ ပဉ္စဟိ ဒိဋ္ဌိံ အာဝိ ကရောတိ, န မနော မာနသေန ဒိဋ္ဌိံ အာဝိ ကရောတိ – ဣမေ ခေါ, ဥပါလိ, ပဉ္စ ဓမ္မိကာ ဒိဋ္ဌာဝိကမ္မာ။</p>
",-425-
2195,mula_vi_05,325,"<p class=""bodytext"">‘‘အပရေပိ<a name=""M0.0325""></a>, ဥပါလိ, ပဉ္စ အဓမ္မိကာ ဒိဋ္ဌာဝိကမ္မာ။ ကတမေ <a name=""T0.0460""></a> ပဉ္စ? နာနာသံဝါသကဿ သန္တိကေ ဒိဋ္ဌိံ အာဝိ ကရောတိ, နာနာသီမာယ ဌိတဿ သန္တိကေ ဒိဋ္ဌိံ အာဝိ ကရောတိ, အပကတတ္တဿ သန္တိကေ ဒိဋ္ဌိံ အာဝိ ကရောတိ, စတူဟိ ပဉ္စဟိ ဒိဋ္ဌိံ အာဝိ ကရောတိ, မနော မာနသေန ဒိဋ္ဌိံ အာဝိ ကရောတိ – ဣမေ ခေါ, ဥပါလိ, ပဉ္စ အဓမ္မိကာ ဒိဋ္ဌာဝိကမ္မာ။</p>
<p class=""bodytext"">‘‘ပဉ္စိမေ, ဥပါလိ, ဓမ္မိကာ ဒိဋ္ဌာဝိကမ္မာ။ ကတမေ ပဉ္စ? သမာနသံဝါသကဿ သန္တိကေ ဒိဋ္ဌိံ အာဝိ ကရောတိ, သမာနသီမာယ ဌိတဿ သန္တိကေ ဒိဋ္ဌိံ အာဝိ ကရောတိ, ပကတတ္တဿ သန္တိကေ ဒိဋ္ဌိံ အာဝိ ကရောတိ, န စတူဟိ ပဉ္စဟိ ဒိဋ္ဌိံ အာဝိ ကရောတိ, န မနော မာနသေန ဒိဋ္ဌိံ အာဝိ ကရောတိ – ဣမေ ခေါ, ဥပါလိ, ပဉ္စ ဓမ္မိကာ ဒိဋ္ဌာဝိကမ္မာတိ။</p>
<p class=""bodytext""><a name=""para426""></a><a name=""para426_vin5""></a><span class=""paranum"">၄၂၆</span>။ ‘‘ကတိ နု ခေါ, ဘန္တေ, အဓမ္မိကာ ပဋိဂ္ဂဟာ’’တိ? ‘‘ပဉ္စိမေ, ဥပါလိ, အဓမ္မိကာ ပဋိဂ္ဂဟာ။ ကတမေ ပဉ္စ? ကာယေန ဒိယျမာနံ ကာယေန အပ္ပဋိဂ္ဂဟိတံ, ကာယေန ဒိယျမာနံ ကာယပ္ပဋိဗဒ္ဓေန အပ္ပဋိဂ္ဂဟိတံ, ကာယပ္ပဋိဗဒ္ဓေန ဒိယျမာနံ ကာယေန အပ္ပဋိဂ္ဂဟိတံ, ကာယပ္ပဋိဗဒ္ဓေန ဒိယျမာနံ ကာယပ္ပဋိဗဒ္ဓေန အပ္ပဋိဂ္ဂဟိတံ, နိဿဂ္ဂိယေန ဒိယျမာနံ ကာယေန ဝါ ကာယပ္ပဋိဗဒ္ဓေန ဝါ အပ္ပဋိဂ္ဂဟိတံ – ဣမေ ခေါ, ဥပါလိ, ပဉ္စ အဓမ္မိကာ ပဋိဂ္ဂဟာ။</p>
<p class=""bodytext"">‘‘ပဉ္စိမေ, ဥပါလိ, ဓမ္မိကာ ပဋိဂ္ဂဟာ။ ကတမေ ပဉ္စ? ကာယေန ဒိယျမာနံ ကာယေန ပဋိဂ္ဂဟိတံ, ကာယေန ဒိယျမာနံ ကာယပ္ပဋိဗဒ္ဓေန ပဋိဂ္ဂဟိတံ, ကာယပ္ပဋိဗဒ္ဓေန ဒိယျမာနံ ကာယေန ပဋိဂ္ဂဟိတံ, ကာယပ္ပဋိဗဒ္ဓေန ဒိယျမာနံ ကာယပ္ပဋိဗဒ္ဓေန ပဋိဂ္ဂဟိတံ, နိဿဂ္ဂိယေန ဒိယျမာနံ ကာယေန ဝါ ကာယပ္ပဋိဗဒ္ဓေန ဝါ ပဋိဂ္ဂဟိတံ – ဣမေ <a name=""T0.0461""></a> ခေါ, ဥပါလိ, ပဉ္စ ဓမ္မိကာ ပဋိဂ္ဂဟာ’’တိ။</p>
<p class=""bodytext""><a name=""para427""></a><a name=""para427_vin5""></a><span class=""paranum"">၄၂၇</span>။ ‘‘ကတိ <a name=""P5.0188""></a><a name=""V0.0348""></a> နု ခေါ, ဘန္တေ, အနတိရိတ္တာ’’တိ? ‘‘ပဉ္စိမေ, ဥပါလိ, အနတိရိတ္တာ။ ကတမေ ပဉ္စ? <span class=""note"">[ပါစိ။ ၂၃၉]</span> အကပ္ပိယကတံ ဟောတိ, အပ္ပဋိဂ္ဂဟိတကတံ ဟောတိ အနုစ္စာရိတကတံ ဟောတိ, အဟတ္ထပါသေ ကတံ ဟောတိ, အလမေတံ သဗ္ဗန္တိ အဝုတ္တံ ဟောတိ – ဣမေ ခေါ, ဥပါလိ, ပဉ္စ အနတိရိတ္တာ။</p>
<p class=""bodytext"">‘‘ပဉ္စိမေ, ဥပါလိ, အတိရိတ္တာ။ ကတမေ ပဉ္စ? <span class=""note"">[ပါစိ။ ၂၃၉]</span> ကပ္ပိယကတံ ဟောတိ, ပဋိဂ္ဂဟိတကတံ ဟောတိ, ဥစ္စာရိတကတံ ဟောတိ, ဟတ္ထပါသေ ကတံ ဟောတိ, အလမေတံ သဗ္ဗန္တိ ဝုတ္တံ ဟောတိ – ဣမေ ခေါ, ဥပါလိ, ပဉ္စ အတိရိတ္တာ’’တိ။</p>
",-426-427-
2196,mula_vi_05,326,"<p class=""bodytext""><a name=""para428""></a><a name=""para428_vin5""></a><span class=""paranum"">၄၂၈</span>။ ‘‘ကတိဟိ <a name=""M0.0326""></a> နု ခေါ, ဘန္တေ, အာကာရေဟိ ပဝါရဏာ ပညာယတီ’’တိ? ‘‘ပဉ္စဟုပါလိ, အာကာရေဟိ ပဝါရဏာ ပညာယတိ။ ကတမေဟိ ပဉ္စဟိ? <span class=""note"">[ပါစိ။ ၂၃၉]</span> အသနံ ပညာယတိ, ဘောဇနံ ပညာယတိ, ဟတ္ထပါသေ ဌိတော အဘိဟရတိ, ပဋိက္ခေပေါ ပညာယတိ – ဣမေဟိ ခေါ, ဥပါလိ, ပဉ္စဟာကာရေဟိ ပဝါရဏာ ပညာယတီ’’တိ။</p>
<p class=""bodytext""><a name=""para429""></a><a name=""para429_vin5""></a><span class=""paranum"">၄၂၉</span>။ ‘‘ကတိ နု ခေါ, ဘန္တေ, အဓမ္မိကာ ပဋိညာတကရဏာ’’တိ? ‘‘ပဉ္စိမေ, ဥပါလိ, အဓမ္မိကာ ပဋိညာတကရဏာ။ ကတမေ ပဉ္စ? ဘိက္ခု ပါရာဇိကံ အဇ္ဈာပန္နော ဟောတိ, ပါရာဇိကေန စောဒိယမာနော သံဃာဒိသေသံ အဇ္ဈာပန္နော ပဋိဇာနာတိ, တံ သံဃော သံဃာဒိသေသေန ကာရေတိ, အဓမ္မိကံ ပဋိညာတကရဏံ<a name=""T0.0462""></a>။ ဘိက္ခု ပါရာဇိကံ အဇ္ဈာပန္နော ဟောတိ, ပါရာဇိကေန စောဒိယမာနော ပါစိတ္တိယံ…ပေ… ပါဋိဒေသနီယံ… ဒုက္ကဋံ အဇ္ဈာပန္နော ပဋိဇာနာတိ, တံ သံဃော ဒုက္ကဋေန ကာရေတိ, အဓမ္မိကံ ပဋိညာတကရဏံ။ ဘိက္ခု သံဃာဒိသေသံ…ပေ… ပါစိတ္တိယံ… ပါဋိဒေသနီယံ… ဒုက္ကဋံ အဇ္ဈာပန္နော ဟောတိ။ ဒုက္ကဋေန စောဒိယမာနော ပါရာဇိကံ အဇ္ဈာပန္နော ပဋိဇာနာတိ, တံ သံဃော ပါရာဇိကေန ကာရေတိ, အဓမ္မိကံ ပဋိညာတကရဏံ။ ဘိက္ခု ဒုက္ကဋံ အဇ္ဈာပန္နော ဟောတိ, ဒုက္ကဋေန စောဒိယမာနော သံဃာဒိသေသံ…ပေ… ပါစိတ္တိယံ… ပါဋိဒေသနီယံ အဇ္ဈာပန္နော ပဋိဇာနာတိ, တံ သံဃော ပါဋိဒေသနီယေန ကာရေတိ – အဓမ္မိကံ ပဋိညာတကရဏံ။ ဣမေ ခေါ, ဥပါလိ, ပဉ္စ အဓမ္မိကာ ပဋိညာတကရဏာ။</p>
<p class=""bodytext"">‘‘ပဉ္စိမေ, ဥပါလိ, ဓမ္မိကာ ပဋိညာတကရဏာ။ ကတမေ ပဉ္စ? ဘိက္ခု ပါရာဇိကံ အဇ္ဈာပန္နော ဟောတိ, ပါရာဇိကေန စောဒိယမာနော ပါရာဇိကံ အဇ္ဈာပန္နော ပဋိဇာနာတိ, တံ သံဃော ပါရာဇိကေန ကာရေတိ, ဓမ္မိကံ ပဋိညာတကရဏံ။ ဘိက္ခု သံဃာဒိသေသံ…ပေ… ပါစိတ္တိယံ… ပါဋိဒေသနီယံ… ဒုက္ကဋံ အဇ္ဈာပန္နော ဟောတိ, ဒုက္ကဋေန စောဒိယမာနော ဒုက္ကဋံ အဇ္ဈာပန္နော ပဋိဇာနာတိ<a name=""V0.0349""></a>, တံ သံဃော ဒုက္ကဋေန ကာရေတိ, ဓမ္မိကံ ပဋိညာတကရဏံ။ ဣမေ ခေါ, ဥပါလိ, ပဉ္စ ဓမ္မိကာ ပဋိညာတကရဏာ’’တိ။</p>
<p class=""bodytext""><a name=""para430""></a><a name=""para430_vin5""></a><span class=""paranum"">၄၃၀</span>။ ‘‘ကတိဟိ <a name=""P5.0189""></a> နု ခေါ, ဘန္တေ, အင်္ဂေဟိ သမန္နာဂတဿ ဘိက္ခုနော ဩကာသကမ္မံ ကာရာပေန္တဿ နာလံ ဩကာသကမ္မံ ကာတု’’န္တိ? ‘‘ပဉ္စဟုပါလိ, အင်္ဂေဟိ သမန္နာဂတဿ ဘိက္ခုနော ဩကာသကမ္မံ ကာရာပေန္တဿ နာလံ</p>
",-428-429-430-
2197,mula_vi_05,327,"<p class=""noindentbodytext""> ဩကာသကမ္မံ<a name=""M0.0327""></a> ကာတုံ။ ကတမေဟိ ပဉ္စဟိ? အလဇ္ဇီ စ ဟောတိ, ဗာလော စ, အပကတတ္တော စ, စာဝနာဓိပ္ပါယော ဝတ္တာ ဟောတိ, နော ဝုဋ္ဌာနာဓိပ္ပါယော – ဣမေဟိ ခေါ, ဥပါလိ, ပဉ္စဟင်္ဂေဟိ သမန္နာဂတဿ ဘိက္ခုနော <a name=""T0.0463""></a> ဩကာသကမ္မံ ကာရာပေန္တဿ နာလံ ဩကာသကမ္မံ ကာတုံ။</p>
<p class=""bodytext"">‘‘ပဉ္စဟုပါလိ, အင်္ဂေဟိ သမန္နာဂတဿ ဘိက္ခုနော ဩကာသကမ္မံ ကာရာပေန္တဿ အလံ ဩကာသကမ္မံ ကာတုံ။ ကတမေဟိ ပဉ္စဟိ? လဇ္ဇီ စ ဟောတိ, ပဏ္ဍိတော စ, ပကတတ္တော စ, ဝုဋ္ဌာနာဓိပ္ပါယော ဝတ္တာ ဟောတိ, နော စာဝနာဓိပ္ပါယော – ဣမေဟိ ခေါ, ဥပါလိ, ပဉ္စဟင်္ဂေဟိ သမန္နာဂတဿ ဘိက္ခုနော ဩကာသကမ္မံ ကာရာပေန္တဿ အလံ ဩကာသကမ္မံ ကာတု’’န္တိ။</p>
<p class=""bodytext""><a name=""para431""></a><a name=""para431_vin5""></a><span class=""paranum"">၄၃၁</span>။ ‘‘ကတိဟိ နု ခေါ, ဘန္တေ, အင်္ဂေဟိ သမန္နာဂတေန ဘိက္ခုနာ သဒ္ဓိံ ဝိနယော န သာကစ္ဆိတဗ္ဗော’’တိ? ‘‘ပဉ္စဟုပါလိ, အင်္ဂေဟိ သမန္နာဂတေန ဘိက္ခုနာ သဒ္ဓိံ ဝိနယော န သာကစ္ဆိတဗ္ဗော။ ကတမေဟိ ပဉ္စဟိ? ဝတ္ထုံ န ဇာနာတိ, နိဒါနံ န ဇာနာတိ, ပညတ္တိံ န ဇာနာတိ, ပဒပစ္စာဘဋ္ဌံ န ဇာနာတိ, အနုသန္ဓိဝစနပထံ န ဇာနာတိ – ဣမေဟိ ခေါ, ဥပါလိ, ပဉ္စဟင်္ဂေဟိ သမန္နာဂတေန ဘိက္ခုနာ သဒ္ဓိံ ဝိနယော န သာကစ္ဆိတဗ္ဗော။</p>
<p class=""bodytext"">‘‘ပဉ္စဟုပါလိ, အင်္ဂေဟိ သမန္နာဂတေန ဘိက္ခုနာ သဒ္ဓိံ ဝိနယော သာကစ္ဆိတဗ္ဗော။ ကတမေဟိ ပဉ္စဟိ? ဝတ္ထုံ ဇာနာတိ, နိဒါနံ ဇာနာတိ, ပညတ္တိံ ဇာနာတိ, ပဒပစ္စာဘဋ္ဌံ ဇာနာတိ, အနုသန္ဓိဝစနပထံ ဇာနာတိ – ဣမေဟိ ခေါ, ဥပါလိ, ပဉ္စဟင်္ဂေဟိ သမန္နာဂတေန ဘိက္ခုနာ သဒ္ဓိံ ဝိနယော သာကစ္ဆိတဗ္ဗော’’တိ။</p>
<p class=""bodytext""><a name=""para432""></a><a name=""para432_vin5""></a><span class=""paranum"">၄၃၂</span>။ ‘‘ကတိ နု ခေါ, ဘန္တေ, ပဉှာပုစ္ဆာ’’တိ? ‘‘ပဉ္စိမာ, ဥပါလိ, ပဉှာပုစ္ဆာ။ ကတမာ ပဉ္စ? မန္ဒတ္တာ မောမူဟတ္တာ ပဉှံ ပုစ္ဆတိ, ပါပိစ္ဆော ဣစ္ဆာပကတော ပဉှံ ပုစ္ဆတိ, ပရိဘဝါ ပဉှံ ပုစ္ဆတိ<a name=""T0.0464""></a>, အညာတုကာမော ပဉှံ ပုစ္ဆတိ, သစေ မေ ပဉှံ ပုဋ္ဌော သမ္မဒေဝ ဗျာကရိဿတိ <a name=""V0.0350""></a> ဣစ္စေတံ ကုသလံ နော စေ ပဉှံ ပုဋ္ဌော သမ္မဒေဝ ဗျာကရိဿတိ အဟမဿ သမ္မဒေဝ ဗျာကရိဿာမီတိ ပဉှံ ပုစ္ဆတိ – ဣမာ ခေါ, ဥပါလိ, ပဉ္စ ပဉှာပုစ္ဆာ’’တိ။</p>
<p class=""bodytext""><a name=""para433""></a><a name=""para433_vin5""></a><span class=""paranum"">၄၃၃</span>။ ‘‘ကတိ နု ခေါ, ဘန္တေ, အညဗျာကရဏာ’’တိ? ‘‘ပဉ္စိမေ, ဥပါလိ, အညဗျာကရဏာ။ ကတမေ ပဉ္စ? မန္ဒတ္တာ မောမူဟတ္တာ အညံ ဗျာကရောတိ, ပါပိစ္ဆော ဣစ္ဆာပကတော အညံ ဗျာကရောတိ, ဥမ္မာဒါ စိတ္တက္ခေပါ အညံ</p>
",-431-432-433-
2198,mula_vi_05,328,"<p class=""noindentbodytext""> ဗျာကရောတိ<a name=""M0.0328""></a>, အဓိမာနေန အညံ ဗျာကရောတိ, ဘူတံ အညံ ဗျာကရောတိ – ဣမေ ခေါ, ဥပါလိ, ပဉ္စ အညဗျာကရဏာ’’တိ။</p>
<p class=""bodytext""><a name=""para434""></a><a name=""para434_vin5""></a><span class=""paranum"">၄၃၄</span>။ ‘‘ကတိ နု ခေါ, ဘန္တေ, ဝိသုဒ္ဓိယော’’တိ? ‘‘ပဉ္စိမာ, ဥပါလိ, ဝိသုဒ္ဓိယော။ ကတမာ ပဉ္စ? နိဒါနံ ဥဒ္ဒိသိတွာ အဝသေသံ သုတေန သာဝေတဗ္ဗံ အယံ ပဌမာ ဝိသုဒ္ဓိ, နိဒါနံ ဥဒ္ဒိသိတွာ စတ္တာရိ ပါရာဇိကာနိ ဥဒ္ဒိသိတွာ အဝသေသံ သုတေန သာဝေတဗ္ဗံ အယံ ဒုတိယာ ဝိသုဒ္ဓိ, နိဒါနံ ဥဒ္ဒိသိတွာ စတ္တာရိ ပါရာဇိကာနိ ဥဒ္ဒိသိတွာ တေရသ သံဃာဒိသေသေ ဥဒ္ဒိသိတွာ အဝသေသံ သုတေန သာဝေတဗ္ဗံ အယံ တတိယာ ဝိသုဒ္ဓိ, နိဒါနံ ဥဒ္ဒိသိတွာ စတ္တာရိ ပါရာဇိကာနိ ဥဒ္ဒိသိတွာ တေရသ သံဃာဒိသေသေ ဥဒ္ဒိသိတွာ ဒွေ အနိယတေ ဥဒ္ဒိသိတွာ အဝသေသံ သုတေန သာဝေတဗ္ဗံ အယံ စတုတ္ထာ ဝိသုဒ္ဓိ, ဝိတ္ထာရေနေဝ ပဉ္စမီ – ဣမာ ခေါ, ဥပါလိ, ပဉ္စ ဝိသုဒ္ဓိယော’’တိ။</p>
<p class=""bodytext""><a name=""para435""></a><a name=""para435_vin5""></a><span class=""paranum"">၄၃၅</span>။ ‘‘ကတိ <a name=""P5.0190""></a> နု ခေါ, ဘန္တေ, ဘောဇနာ’’တိ? ‘‘ပဉ္စိမေ, ဥပါလိ, ဘောဇနာ<a name=""T0.0465""></a>။ ကတမေ ပဉ္စ? ဩဒနော, ကုမ္မာသော, သတ္တု, မစ္ဆော, မံသံ – ဣမေ ခေါ, ဥပါလိ, ပဉ္စ ဘောဇနာ’’တိ။</p>
<p class=""centered"">ဒိဋ္ဌာဝိကမ္မဝဂ္ဂေါ နိဋ္ဌိတော စတုတ္ထော။</p>
<p class=""centered"">တဿုဒ္ဒါနံ –</p>
<p class=""gatha1"">ဒိဋ္ဌာဝိကမ္မာ အပရေ, ပဋိဂ္ဂဟာနတိရိတ္တာ၊</p>
<p class=""gatha2"">ပဝါရဏာ ပဋိညာတံ, ဩကာသံ သာကစ္ဆေန စ၊</p>
<p class=""gathalast"">ပဉှံ အညဗျာကရဏာ, ဝိသုဒ္ဓိ စာပိ ဘောဇနာတိ။</p>
<p class=""subhead"">၅။ အတ္တာဒါနဝဂ္ဂေါ</p>
<p class=""bodytext""><a name=""para436""></a><a name=""para436_vin5""></a><span class=""paranum"">၄၃၆</span>။ <span class=""note"">[စူဠဝ။ ၃၉၉၊ အ။ နိ။ ၁၀။၄၄]</span> ‘‘စောဒကေန, ဘန္တေ, ဘိက္ခုနာ ပရံ စောဒေတုကာမေန ကတိ ဓမ္မေ အဇ္ဈတ္တံ ပစ္စဝေက္ခိတွာ ပရော စောဒေတဗ္ဗော’’တိ? ‘‘စောဒကေနုပါလိ, ဘိက္ခုနာ ပရံ စောဒေတုကာမေန ပဉ္စ ဓမ္မေ အဇ္ဈတ္တံ <a name=""V0.0351""></a> ပစ္စဝေက္ခိတွာ ပရော စောဒေတဗ္ဗော။ ကတမေ ပဉ္စ? စောဒကေနုပါလိ, ဘိက္ခုနာ ပရံ စောဒေတုကာမေန ဧဝံ ပစ္စဝေက္ခိတဗ္ဗံ – ပရိသုဒ္ဓကာယသမာစာရော နု ခေါမှိ, ပရိသုဒ္ဓေနမှိ ကာယသမာစာရေန သမန္နာဂတော အစ္ဆိဒ္ဒေန အပ္ပဋိမံသေန, သံဝိဇ္ဇတိ နု ခေါ</p>
",-434-435-436-
2199,mula_vi_05,329,"<p class=""noindentbodytext""> မေ<a name=""M0.0329""></a> ဧသော ဓမ္မော ဥဒါဟု နော’’တိ။ နော စေ, ဥပါလိ, ဘိက္ခု ပရိသုဒ္ဓကာယသမာစာရော ဟောတိ, ပရိသုဒ္ဓေန ကာယသမာစာရေန သမန္နာဂတော အစ္ဆိဒ္ဒေန အပ္ပဋိမံသေန, တဿ ဘဝန္တိ ဝတ္တာရော – ‘ဣင်္ဃ, တာဝ အာယသ္မာ ကာယိကံ သိက္ခဿူ’တိ ဣတိဿ ဘဝန္တိ ဝတ္တာရော။</p>
<p class=""bodytext"">‘‘ပုန စပရံ, ဥပါလိ, စောဒကေန ဘိက္ခုနာ ပရံ စောဒေတုကာမေန ဧဝံ ပစ္စဝေက္ခိတဗ္ဗံ – ‘ပရိသုဒ္ဓဝစီသမာစာရော နု ခေါမှိ, ပရိသုဒ္ဓေနမှိ ဝစီသမာစာရေန <a name=""T0.0466""></a> သမန္နာဂတော အစ္ဆိဒ္ဒေန အပ္ပဋိမံသေန, သံဝိဇ္ဇတိ နု ခေါ မေ ဧသော ဓမ္မော ဥဒါဟု နော’တိ။ နော စေ, ဥပါလိ, ဘိက္ခု ပရိသုဒ္ဓဝစီသမာစာရော ဟောတိ, ပရိသုဒ္ဓေန ဝစီသမာစာရေန သမန္နာဂတော အစ္ဆိဒ္ဒေန အပ္ပဋိမံသေန, တဿ ဘဝန္တိ ဝတ္တာရော – ‘ဣင်္ဃ, တာဝ အာယသ္မာ ဝါစသိကံ သိက္ခဿူ’တိ ဣတိဿ ဘဝန္တိ ဝတ္တာရော။</p>
<p class=""bodytext"">‘‘ပုန စပရံ, ဥပါလိ, စောဒကေန ဘိက္ခုနာ ပရံ စောဒေတုကာမေန ဧဝံ ပစ္စဝေက္ခိတဗ္ဗံ – ‘မေတ္တံ နု ခေါ မေ စိတ္တံ ပစ္စုပဋ္ဌိတံ သဗြဟ္မစာရီသု အနာဃာတံ, သံဝိဇ္ဇတိ နု ခေါ မေ ဧသော ဓမ္မော ဥဒါဟု နော’တိ။ နော စေ, ဥပါလိ, ဘိက္ခုနော မေတ္တံ စိတ္တံ ပစ္စုပဋ္ဌိတံ ဟောတိ သဗြဟ္မစာရီသု အနာဃာတံ, တဿ ဘဝန္တိ ဝတ္တာရော – ‘ဣင်္ဃ, တာဝ အာယသ္မာ သဗြဟ္မစာရီသု မေတ္တံ စိတ္တံ ဥပဋ္ဌာပေဟီ’တိ ဣတိဿ ဘဝန္တိ ဝတ္တာရော။</p>
<p class=""bodytext"">‘‘ပုန စပရံ, ဥပါလိ, စောဒကေန ဘိက္ခုနာ ပရံ စောဒေတုကာမေန ဧဝံ ပစ္စဝေက္ခိတဗ္ဗံ – ‘ဗဟုဿုတော နု ခေါမှိ သုတဓရော သုတသန္နိစယော, ယေ တေ ဓမ္မာ အာဒိကလျာဏာ မဇ္ဈေကလျာဏာ ပရိယောသာနကလျာဏာ သာတ္ထံ သဗျဉ္ဇနံ ကေဝလပရိပုဏ္ဏံ ပရိသုဒ္ဓံ ဗြဟ္မစရိယံ အဘိဝဒန္တိ, တထာရူပါ မေ ဓမ္မာ ဗဟုဿုတာ ဟောန္တိ ဓာတာ ဝစသာ ပရိစိတာ မနသာနုပေက္ခိတာ ဒိဋ္ဌိယာ သုပ္ပဋိဝိဒ္ဓါ, သံဝိဇ္ဇတိ နု ခေါ မေ ဧသော ဓမ္မော ဥဒါဟု နော’တိ။ နော စေ, ဥပါလိ, ဘိက္ခု ဗဟုဿုတော ဟောတိ သုတဓရော သုတသန္နိစယော, ယေ တေ ဓမ္မာ အာဒိကလျာဏာ မဇ္ဈေကလျာဏာ ပရိယောသာနကလျာဏာ သာတ္ထံ <a name=""T0.0467""></a> သဗျဉ္ဇနံ ကေဝလပရိပုဏ္ဏံ ပရိသုဒ္ဓံ ဗြဟ္မစရိယံ အဘိဝဒန္တိ, တထာရူပဿ ဓမ္မာ န ဗဟုဿုတာ ဟောန္တိ ဓာတာ ဝစသာ ပရိစိတာ မနသာနုပေက္ခိတာ ဒိဋ္ဌိယာ သုပ္ပဋိဝိဒ္ဓါ, တဿ ဘဝန္တိ ဝတ္တာရော – ‘ဣင်္ဃ, တာဝ အာယသ္မာ အာဂမံ ပရိယာပုဏဿူ’တိ ဣတိဿ ဘဝန္တိ ဝတ္တာရော။</p>
",
2200,mula_vi_05,330,"<p class=""bodytext"">‘‘ပုန <a name=""M0.0330""></a><a name=""V0.0352""></a> စပရံ, ဥပါလိ, စောဒကေန ဘိက္ခုနာ ပရံ စောဒေတုကာမေန ဧဝံ ပစ္စဝေက္ခိတဗ္ဗံ – ‘ဥဘယာနိ ခေါ မေ ပါတိမောက္ခာနိ ဝိတ္ထာရေန သွာဂတာနိ ဟောန္တိ သုဝိဘတ္တာနိ သုပ္ပဝတ္တီနိ သုဝိနိစ္ဆိတာနိ သုတ္တသော အနုဗျဉ္ဇနသော, သံဝိဇ္ဇတိ နု ခေါ မေ ဧသော ဓမ္မော ဥဒါဟု နော’တိ။ နော စေ, ဥပါလိ, ဘိက္ခုနော ဥဘယာနိ ပါတိမောက္ခာနိ ဝိတ္ထာရေန သွာဂတာနိ ဟောန္တိ သုဝိဘတ္တာနိ သုပ္ပဝတ္တီနိ သုဝိနိစ္ဆိတာနိ သုတ္တသော အနုဗျဉ္ဇနသော, ‘ဣဒံ ပနာဝုသော ကတ္ထ ဝုတ္တံ ဘဂဝတာ’တိ ဣတိ ပုဋ္ဌော န သမ္ပာယတိ <span class=""note"">[န သမ္ပာဒယတိ (က။), န သမ္ပာဒေတိ (သျာ။)]</span>, တဿ ဘဝန္တိ ဝတ္တာရော – ‘ဣင်္ဃ, တာဝ အာယသ္မာ ဝိနယံ ပရိယာပုဏဿူ’တိ ဣတိဿ ဘဝန္တိ ဝတ္တာရော။ စောဒကေနုပါလိ, ဘိက္ခုနာ ပရံ စောဒေတုကာမေန ဣမေ ပဉ္စ ဓမ္မေ အဇ္ဈတ္တံ ပစ္စဝေက္ခိတွာ ပရော စောဒေတဗ္ဗော’’တိ။</p>
<p class=""bodytext""><a name=""para437""></a><a name=""para437_vin5""></a><span class=""paranum"">၄၃၇</span>။ ‘‘စောဒကေန, ဘန္တေ, ဘိက္ခုနာ ပရံ စောဒေတုကာမေန ကတိ ဓမ္မေ အဇ္ဈတ္တံ ဥပဋ္ဌာပေတွာ ပရော စောဒေတဗ္ဗော’’တိ? ‘‘စောဒကေနုပါလိ, ဘိက္ခုနာ ပရံ စောဒေတုကာမေန ပဉ္စ ဓမ္မေ အဇ္ဈတ္တံ ဥပဋ္ဌာပေတွာ ပရော စောဒေတဗ္ဗော။ ကတမေ ပဉ္စ? ကာလေန ဝက္ခာမိ နော အကာလေန<a name=""T0.0468""></a>, ဘူတေန ဝက္ခာမိ နော အဘူတေန, သဏှေန ဝက္ခာမိ နော ဖရုသေန, အတ္ထသံဟိတေန ဝက္ခာမိ နော အနတ္ထသံဟိတေန, မေတ္တာစိတ္တော ဝက္ခာမိ နော ဒေါသန္တရောတိ – စောဒကေနုပါလိ, ဘိက္ခုနာ ပရံ စောဒေတုကာမေန ဣမေ ပဉ္စ ဓမ္မေ အဇ္ဈတ္တံ ဥပဋ္ဌာပေတွာ ပရော စောဒေတဗ္ဗော’’တိ။</p>
<p class=""bodytext""><a name=""para438""></a><a name=""para438_vin5""></a><span class=""paranum"">၄၃၈</span>။ <span class=""note"">[စူဠဝ။ ၄၀၀]</span> ‘‘စောဒကေန, ဘန္တေ, ဘိက္ခုနာ ပရံ စောဒေတုကာမေန ကတိ ဓမ္မေ အဇ္ဈတ္တံ မနသိ ကရိတွာ ပရော စောဒေတဗ္ဗော’’တိ? ‘‘စောဒကေနုပါလိ, ဘိက္ခုနာ ပရံ စောဒေတုကာမေန ပဉ္စ ဓမ္မေ အဇ္ဈတ္တံ မနသိ ကရိတွာ ပရော စောဒေတဗ္ဗော။ ကတမေ ပဉ္စ? ကာရုညတာ, ဟိတေသိတာ, အနုကမ္ပတာ, အာပတ္တိဝုဋ္ဌာနတာ, ဝိနယပုရေက္ခာရတာ – စောဒကေနုပါလိ, ဘိက္ခုနာ ပရံ စောဒေတုကာမေန ဣမေ ပဉ္စ ဓမ္မေ အဇ္ဈတ္တံ မနသိ ကရိတွာ ပရော စောဒေတဗ္ဗော’’တိ။</p>
<p class=""bodytext""><a name=""para439""></a><a name=""para439_vin5""></a><span class=""paranum"">၄၃၉</span>။ ‘‘ကတိဟိ နု ခေါ, ဘန္တေ, အင်္ဂေဟိ သမန္နာဂတဿ ဘိက္ခုနော ဩကာသကမ္မံ ကာရာပေန္တဿ နာလံ ဩကာသကမ္မံ ကာတု’’န္တိ? ‘‘ပဉ္စဟုပါလိ, အင်္ဂေဟိ သမန္နာဂတဿ ဘိက္ခုနော ဩကာသကမ္မံ ကာရာပေန္တဿ နာလံ ဩကာသကမ္မံ ကာတုံ။ ကတမေဟိ ပဉ္စဟိ? အပရိသုဒ္ဓကာယသမာစာရော</p>
",-437-438-439-
2201,mula_vi_05,331,"<p class=""noindentbodytext""> ဟောတိ<a name=""M0.0331""></a>, အပရိသုဒ္ဓဝစီသမာစာရော ဟောတိ, အပရိသုဒ္ဓါဇီဝေါ ဟောတိ, ဗာလော ဟောတိ အဗျတ္တော, န ပဋိဗလော အနုယုဉ္ဇိယမာနော အနုယောဂံ ဒါတုံ – ဣမေဟိ <a name=""P5.0191""></a> ခေါ, ဥပါလိ, ပဉ္စဟင်္ဂေဟိ သမန္နာဂတဿ ဘိက္ခုနော ဩကာသကမ္မံ ကာရာပေန္တဿ နာလံ ဩကာသကမ္မံ ကာတုံ။</p>
<p class=""bodytext"">‘‘ပဉ္စဟုပါလိ<a name=""V0.0353""></a>, အင်္ဂေဟိ <a name=""T0.0469""></a> သမန္နာဂတဿ ဘိက္ခုနော ဩကာသကမ္မံ ကာရာပေန္တဿ အလံ ဩကာသကမ္မံ ကာတုံ။ ကတမေဟိ ပဉ္စဟိ? ပရိသုဒ္ဓကာယသမာစာရော ဟောတိ, ပရိသုဒ္ဓဝစီသမာစာရော ဟောတိ, ပရိသုဒ္ဓါဇီဝေါ ဟောတိ, ပဏ္ဍိတော ဟောတိ ဗျတ္တော ပဋိဗလော အနုယုဉ္ဇိယမာနော အနုယောဂံ ဒါတုံ – ဣမေဟိ ခေါ, ဥပါလိ, ပဉ္စဟင်္ဂေဟိ သမန္နာဂတဿ ဘိက္ခုနော ဩကာသကမ္မံ ကာရာပေန္တဿ အလံ ဩကာသကမ္မံ ကာတု’’န္တိ။</p>
<p class=""bodytext""><a name=""para440""></a><a name=""para440_vin5""></a><span class=""paranum"">၄၄၀</span>။ <span class=""note"">[စူဠဝ။ ၃၉၈]</span> ‘‘အတ္တာဒါနံ အာဒါတုကာမေန, ဘန္တေ, ဘိက္ခုနာ ကတိဟင်္ဂေဟိ သမန္နာဂတံ အတ္တာဒါနံ အာဒါတဗ္ဗ’’န္တိ? ‘‘အတ္တာဒါနံ အာဒါတုကာမေနုပါလိ, ဘိက္ခုနာ ပဉ္စင်္ဂသမန္နာဂတံ <span class=""note"">[ပဉ္စဟင်္ဂေဟိ သမန္နာဂတံ (သီ။ သျာ။)]</span> အတ္တာဒါနံ အာဒါတဗ္ဗံ။ ကတမေ ပဉ္စ <span class=""note"">[ကတမေဟိ ပဉ္စဟိ (သျာ။)]</span>? အတ္တာဒါနံ အာဒါတုကာမေန, ဥပါလိ, ဘိက္ခုနာ ဧဝံ ပစ္စဝေက္ခိတဗ္ဗံ – ‘ယံ ခေါ အဟံ ဣမံ အတ္တာဒါနံ အာဒါတုကာမော, ကာလော နု ခေါ ဣမံ အတ္တာဒါနံ အာဒါတုံ ဥဒါဟု နော’တိ။ သစေ, ဥပါလိ, ဘိက္ခု ပစ္စဝေက္ခမာနော ဧဝံ ဇာနာတိ – ‘အကာလော ဣမံ အတ္တာဒါနံ အာဒါတုံ နော ကာလော’တိ, န တံ, ဥပါလိ, အတ္တာဒါနံ အာဒါတဗ္ဗံ။</p>
<p class=""bodytext"">‘‘သစေ ပနုပါလိ, ဘိက္ခု ပစ္စဝေက္ခမာနော ဧဝံ ဇာနာတိ – ‘ကာလော ဣမံ အတ္တာဒါနံ အာဒါတုံ နော အကာလော’တိ, တေနုပါလိ ဘိက္ခုနာ ဥတ္တရိ ပစ္စဝေက္ခိတဗ္ဗံ – ‘ယံ ခေါ အဟံ ဣမံ အတ္တာဒါနံ အာဒါတုကာမော ဘူတံ နု ခေါ ဣဒံ အတ္တာဒါနံ ဥဒါဟု နော’တိ။ သစေ, ဥပါလိ, ဘိက္ခု ပစ္စဝေက္ခမာနော ဧဝံ ဇာနာတိ – ‘အဘူတံ ဣဒံ အတ္တာဒါနံ နော ဘူတ’န္တိ, န တံ, ဥပါလိ, အတ္တာဒါနံ အာဒါတဗ္ဗံ။</p>
<p class=""bodytext"">‘‘သစေ ပနုပါလိ ဘိက္ခု ပစ္စဝေက္ခမာနော <a name=""T0.0470""></a> ဧဝံ ဇာနာတိ – ‘ဘူတံ ဣဒံ အတ္တာဒါနံ နော အဘူတ’န္တိ, တေနုပါလိ ဘိက္ခုနာ ဥတ္တရိ ပစ္စဝေက္ခိတဗ္ဗံ – ‘ယံ ခေါ အဟံ ဣမံ အတ္တာဒါနံ အာဒါတုကာမော, အတ္ထသံဟိတံ နု ခေါ ဣဒံ အတ္တာဒါနံ ဥဒါဟု နော’တိ။ သစေ, ဥပါလိ, ဘိက္ခု ပစ္စဝေက္ခမာနော ဧဝံ</p>
",-440-
2202,mula_vi_05,332,"<p class=""noindentbodytext""> ဇာနာတိ<a name=""M0.0332""></a> –’ အနတ္ထသံဟိတံ ဣဒံ အတ္တာဒါနံ နော အတ္ထသံဟိတ’န္တိ, န တံ, ဥပါလိ, အတ္တာဒါနံ အာဒါတဗ္ဗံ။</p>
<p class=""bodytext"">‘‘သစေ ပနုပါလိ ဘိက္ခု ပစ္စဝေက္ခမာနော ဧဝံ ဇာနာတိ – ‘အတ္ထသံဟိတံ ဣဒံ အတ္တာဒါနံ နော အနတ္ထသံဟိတ’န္တိ, တေနုပါလိ ဘိက္ခုနာ ဥတ္တရိ ပစ္စဝေက္ခိတဗ္ဗံ – ‘ဣမံ ခေါ အဟံ အတ္တာဒါနံ အာဒိယမာနော လဘိဿာမိ သန္ဒိဋ္ဌေ သမ္ဘတ္တေ ဘိက္ခူ ဓမ္မတော ဝိနယတော ပက္ခေ ဥဒါဟု နော’တိ။ သစေ, ဥပါလိ, ဘိက္ခု ပစ္စဝေက္ခမာနော ဧဝံ ဇာနာတိ – ‘ဣမံ ခေါ အဟံ အတ္တာဒါနံ အာဒိယမာနော <a name=""V0.0354""></a> န လဘိဿာမိ သန္ဒိဋ္ဌေ သမ္ဘတ္တေ ဘိက္ခူ ဓမ္မတော ဝိနယတော ပက္ခေ’တိ, န တံ, ဥပါလိ, အတ္တာဒါနံ အာဒါတဗ္ဗံ။</p>
<p class=""bodytext"">‘‘သစေ ပနုပါလိ ဘိက္ခု ပစ္စဝေက္ခမာနော ဧဝံ ဇာနာတိ – ‘ဣဒံ ခေါ အဟံ အတ္တာဒါနံ အာဒိယမာနော လဘိဿာမိ သန္ဒိဋ္ဌေ သမ္ဘတ္တေ ဘိက္ခူ ဓမ္မတော ဝိနယတော ပက္ခေ’တိ, တေနုပါလိ ဘိက္ခုနာ ဥတ္တရိ ပစ္စဝေက္ခိတဗ္ဗံ – ‘ဣမံ ခေါ မေ အတ္တာဒါနံ အာဒိယတော ဘဝိဿတိ သံဃဿ တတောနိဒါနံ ဘဏ္ဍနံ ကလဟော ဝိဂ္ဂဟော ဝိဝါဒေါ သံဃဘေဒေါ သံဃရာဇိ သံဃဝဝတ္ထာနံ သံဃနာနာကရဏံ ဥဒါဟု နော’တိ။ သစေ, ဥပါလိ, ဘိက္ခု ပစ္စဝေက္ခမာနော ဧဝံ ဇာနာတိ – ‘ဣမံ ခေါ မေ အတ္တာဒါနံ အာဒိယတော ဘဝိဿတိ သံဃဿ တတောနိဒါနံ ဘဏ္ဍနံ ကလဟော ဝိဂ္ဂဟော ဝိဝါဒေါ <a name=""T0.0471""></a> သံဃဘေဒေါ သံဃရာဇိ သံဃဝဝတ္ထာနံ သံဃနာနာကရဏ’န္တိ, န တံ, ဥပါလိ, အတ္တာဒါနံ အာဒါတဗ္ဗံ။</p>
<p class=""bodytext"">‘‘သစေ ပနုပါလိ ဘိက္ခု ပစ္စဝေက္ခမာနော ဧဝံ ဇာနာတိ – ‘ဣမံ ခေါ မေ အတ္တာဒါနံ အာဒိယတော န ဘဝိဿတိ သံဃဿ တတောနိဒါနံ ဘဏ္ဍနံ ကလဟော ဝိဂ္ဂဟော ဝိဝါဒေါ သံဃဘေဒေါ သံဃရာဇိ သံဃဝဝတ္ထာနံ သံဃနာနာကရဏ’န္တိ, တံ အာဒါတဗ္ဗံ, ဥပါလိ, အတ္တာဒါနံ။ ဧဝံ ပဉ္စင်္ဂသမန္နာဂတံ ခေါ, ဥပါလိ, အတ္တာဒါနံ အာဒိန္နံ ပစ္ဆာပိ အဝိပ္ပဋိသာရကရံ ဘဝိဿတီ’’တိ။</p>
<p class=""bodytext""><a name=""para441""></a><a name=""para441_vin5""></a><span class=""paranum"">၄၄၁</span>။ ‘‘ကတိဟိ နု ခေါ, ဘန္တေ, အင်္ဂေဟိ သမန္နာဂတော ဘိက္ခု အဓိကရဏဇာတာနံ ဘိက္ခူနံ ဗဟူပကာရော ဟောတီ’’တိ? ‘‘ပဉ္စဟုပါလိ, အင်္ဂေဟိ သမန္နာဂတော ဘိက္ခု အဓိကရဏဇာတာနံ ဘိက္ခူနံ ဗဟူပကာရော ဟောတိ။ ကတမေဟိ ပဉ္စဟိ? သီလဝါ ဟောတိ, ပါတိမောက္ခသံဝရသံဝုတော ဝိဟရတိ အာစာရဂေါစရသမ္ပန္နော အဏုမတ္တေသု ဝဇ္ဇေသု ဘယဒဿာဝီ, သမာဒါယ</p>
",-441-
2203,mula_vi_05,333,"<p class=""noindentbodytext""> သိက္ခတိ<a name=""M0.0333""></a> သိက္ခာပဒေသု၊ ဗဟုဿုတော ဟောတိ သုတဓရော သုတသန္နိစယော၊ ယေ တေ ဓမ္မာ အာဒိကလျာဏာ မဇ္ဈေကလျာဏာ ပရိယောသာနကလျာဏာ သာတ္ထံ သဗျဉ္ဇနံ ကေဝလပရိပုဏ္ဏံ ပရိသုဒ္ဓံ ဗြဟ္မစရိယံ အဘိဝဒန္တိ တထာရူပဿ ဓမ္မာ ဗဟုဿုတာ ဟောန္တိ ဓာတာ ဝစသာ ပရိစိတာ မနသာနုပေက္ခိတာ ဒိဋ္ဌိယာ သုပ္ပဋိဝိဒ္ဓါ, ဥဘယာနိ ခေါ ပနဿ ပါတိမောက္ခာနိ ဝိတ္ထာရေန သွာဂတာနိ ဟောန္တိ သုဝိဘတ္တာနိ သုပ္ပဝတ္တီနိ သုဝိနိစ္ဆိတာနိ သုတ္တသော အနုဗျဉ္ဇနသော၊ ဝိနယေ ခေါ ပန ဌိတော ဟောတိ အသံဟီရော၊ ပဋိဗလော ဟောတိ <a name=""T0.0472""></a> ဥဘော အတ္ထပစ္စတ္ထိကေ အဿာသေတုံ သညာပေတုံ နိဇ္ဈာပေတုံ ပေက္ခေတုံ ပသာဒေတုံ – ဣမေဟိ ခေါ, ဥပါလိ, ပဉ္စဟင်္ဂေဟိ သမန္နာဂတော ဘိက္ခု အဓိကရဏဇာတာနံ ဘိက္ခူနံ ဗဟူပကာရော ဟောတိ။</p>
<p class=""bodytext"">‘‘အပရေဟိပိ<a name=""V0.0355""></a>, ဥပါလိ, ပဉ္စဟင်္ဂေဟိ သမန္နာဂတော ဘိက္ခု အဓိကရဏဇာတာနံ ဘိက္ခူနံ ဗဟူပကာရော ဟောတိ။ ကတမေဟိ ပဉ္စဟိ? ပရိသုဒ္ဓကာယသမာစာရော ဟောတိ, ပရိသုဒ္ဓဝစီသမာစာရော ဟောတိ, ပရိသုဒ္ဓါဇီဝေါ ဟောတိ, ပဏ္ဍိတော ဟောတိ ဗျတ္တော, ပဋိဗလော အနုယုဉ္ဇိယမာနော အနုယောဂံ ဒါတုံ – ဣမေဟိ ခေါ, ဥပါလိ, ပဉ္စဟင်္ဂေဟိ သမန္နာဂတော ဘိက္ခု အဓိကရဏဇာတာနံ ဘိက္ခူနံ ဗဟူပကာရော ဟောတိ။</p>
<p class=""bodytext"">‘‘အပရေဟိပိ, ဥပါလိ, ပဉ္စဟင်္ဂေဟိ သမန္နာဂတော ဘိက္ခု အဓိကရဏဇာတာနံ ဘိက္ခူနံ ဗဟူပကာရော ဟောတိ။ ကတမေဟိ ပဉ္စဟိ? ဝတ္ထုံ ဇာနာတိ, နိဒါနံ ဇာနာတိ, ပညတ္တိံ ဇာနာတိ<a name=""P5.0192""></a>, ပဒပစ္စာဘဋ္ဌံ ဇာနာတိ, အနုသန္ဓိဝစနပထံ ဇာနာတိ – ဣမေဟိ ခေါ, ဥပါလိ, ပဉ္စဟင်္ဂေဟိ သမန္နာဂတော ဘိက္ခု အဓိကရဏဇာတာနံ ဘိက္ခူနံ ဗဟူပကာရော ဟောတီ’’တိ။</p>
<p class=""bodytext""><a name=""para442""></a><a name=""para442_vin5""></a><span class=""paranum"">၄၄၂</span>။ ‘‘ကတိဟိ နု ခေါ, ဘန္တေ, အင်္ဂေဟိ သမန္နာဂတေန ဘိက္ခုနာ နာနုယုဉ္ဇိတဗ္ဗ’’န္တိ? ‘‘ပဉ္စဟုပါလိ, အင်္ဂေဟိ သမန္နာဂတေန ဘိက္ခုနာ နာနုယုဉ္ဇိတဗ္ဗံ။ ကတမေဟိ ပဉ္စဟိ? သုတ္တံ န ဇာနာတိ, သုတ္တာနုလောမံ န ဇာနာတိ, ဝိနယံ န ဇာနာတိ, ဝိနယာနုလောမံ န ဇာနာတိ, န စ ဌာနာဌာနကုသလော ဟောတိ – ဣမေဟိ ခေါ, ဥပါလိ, ပဉ္စဟင်္ဂေဟိ သမန္နာဂတေန ဘိက္ခုနာ နာနုယုဉ္ဇိတဗ္ဗံ။</p>
<p class=""bodytext"">‘‘ပဉ္စဟုပါလိ, အင်္ဂေဟိ သမန္နာဂတေန <a name=""T0.0473""></a> ဘိက္ခုနာ အနုယုဉ္ဇိတဗ္ဗံ။ ကတမေဟိ ပဉ္စဟိ? သုတ္တံ ဇာနာတိ, သုတ္တာနုလောမံ ဇာနာတိ, ဝိနယံ ဇာနာတိ,</p>
",-442-
2204,mula_vi_05,334,"<p class=""noindentbodytext""> ဝိနယာနုလောမံ<a name=""M0.0334""></a> ဇာနာတိ, ဌာနာဌာနကုသလော စ ဟောတိ – ဣမေဟိ ခေါ, ဥပါလိ, ပဉ္စဟင်္ဂေဟိ သမန္နာဂတေန ဘိက္ခုနာ အနုယုဉ္ဇိတဗ္ဗံ။</p>
<p class=""bodytext"">‘‘အပရေဟိပိ, ဥပါလိ, ပဉ္စဟင်္ဂေဟိ သမန္နာဂတေန ဘိက္ခုနာ နာနုယုဉ္ဇိတဗ္ဗံ။ ကတမေဟိ ပဉ္စဟိ? ဓမ္မံ န ဇာနာတိ, ဓမ္မာနုလောမံ န ဇာနာတိ, ဝိနယံ န ဇာနာတိ, ဝိနယာနုလောမံ န ဇာနာတိ, န စ ပုဗ္ဗာပရကုသလော ဟောတိ – ဣမေဟိ ခေါ, ဥပါလိ, ပဉ္စဟင်္ဂေဟိ သမန္နာဂတေန ဘိက္ခုနာ နာနုယုဉ္ဇိတဗ္ဗံ။</p>
<p class=""bodytext"">‘‘ပဉ္စဟုပါလိ, အင်္ဂေဟိ သမန္နာဂတေန ဘိက္ခုနာ အနုယုဉ္ဇိတဗ္ဗံ။ ကတမေဟိ ပဉ္စဟိ? ဓမ္မံ ဇာနာတိ, ဓမ္မာနုလောမံ ဇာနာတိ, ဝိနယံ ဇာနာတိ, ဝိနယာနုလောမံ ဇာနာတိ, ပုဗ္ဗာပရကုသလော <a name=""V0.0356""></a> စ ဟောတိ – ဣမေဟိ ခေါ, ဥပါလိ, ပဉ္စဟင်္ဂေဟိ သမန္နာဂတေန ဘိက္ခုနာ အနုယုဉ္ဇိတဗ္ဗံ။</p>
<p class=""bodytext"">‘‘အပရေဟိပိ, ဥပါလိ, ပဉ္စဟင်္ဂေဟိ သမန္နာဂတေန ဘိက္ခုနာ နာနုယုဉ္ဇိတဗ္ဗံ။ ကတမေဟိ ပဉ္စဟိ? ဝတ္ထုံ န ဇာနာတိ, နိဒါနံ န ဇာနာတိ, ပညတ္တိံ န ဇာနာတိ, ပဒပစ္စာဘဋ္ဌံ န ဇာနာတိ, အနုသန္ဓိဝစနပထံ န ဇာနာတိ – ဣမေဟိ ခေါ, ဥပါလိ, ပဉ္စဟင်္ဂေဟိ သမန္နာဂတေန ဘိက္ခုနာ နာနုယုဉ္ဇိတဗ္ဗံ။</p>
<p class=""bodytext"">‘‘ပဉ္စဟုပါလိ, အင်္ဂေဟိ သမန္နာဂတေန ဘိက္ခုနာ အနုယုဉ္ဇိတဗ္ဗံ။ ကတမေဟိ ပဉ္စဟိ? ဝတ္ထုံ ဇာနာတိ, နိဒါနံ ဇာနာတိ, ပညတ္တိံ ဇာနာတိ, ပဒပစ္စာဘဋ္ဌံ ဇာနာတိ, အနုသန္ဓိဝစနပထံ ဇာနာတိ – ဣမေဟိ ခေါ, ဥပါလိ, ပဉ္စဟင်္ဂေဟိ သမန္နာဂတေန ဘိက္ခုနာ <a name=""T0.0474""></a> အနုယုဉ္ဇိတဗ္ဗံ။</p>
<p class=""bodytext"">‘‘အပရေဟိပိ, ဥပါလိ, ပဉ္စဟင်္ဂေဟိ သမန္နာဂတေန ဘိက္ခုနာ နာနုယုဉ္ဇိတဗ္ဗံ။ ကတမေဟိ ပဉ္စဟိ? အာပတ္တိံ န ဇာနာတိ, အာပတ္တိသမုဋ္ဌာနံ န ဇာနာတိ, အာပတ္တိယာ ပယောဂံ န ဇာနာတိ, အာပတ္တိယာ ဝူပသမံ န ဇာနာတိ, အာပတ္တိယာ န ဝိနိစ္ဆယကုသလော ဟောတိ – ဣမေဟိ ခေါ, ဥပါလိ, ပဉ္စဟင်္ဂေဟိ သမန္နာဂတေန ဘိက္ခုနာ နာနုယုဉ္ဇိတဗ္ဗံ။</p>
<p class=""bodytext"">‘‘ပဉ္စဟုပါလိ, အင်္ဂေဟိ သမန္နာဂတေန ဘိက္ခုနာ အနုယုဉ္ဇိတဗ္ဗံ။ ကတမေဟိ ပဉ္စဟိ? အာပတ္တိံ ဇာနာတိ, အာပတ္တိသမုဋ္ဌာနံ ဇာနာတိ, အာပတ္တိယာ ပယောဂံ ဇာနာတိ, အာပတ္တိယာ ဝူပသမံ ဇာနာတိ, အာပတ္တိယာ ဝိနိစ္ဆယကုသလော ဟောတိ – ဣမေဟိ ခေါ, ဥပါလိ, ပဉ္စဟင်္ဂေဟိ သမန္နာဂတေန ဘိက္ခုနာ အနုယုဉ္ဇိတဗ္ဗံ။</p>
",
2205,mula_vi_05,335,"<p class=""bodytext"">‘‘အပရေဟိပိ<a name=""M0.0335""></a>, ဥပါလိ, ပဉ္စဟင်္ဂေဟိ သမန္နာဂတေန ဘိက္ခုနာ နာနုယုဉ္ဇိတဗ္ဗံ။ ကတမေဟိ ပဉ္စဟိ? အဓိကရဏံ န ဇာနာတိ, အဓိကရဏသမုဋ္ဌာနံ န ဇာနာတိ, အဓိကရဏဿ ပယောဂံ န ဇာနာတိ, အဓိကရဏဿ ဝူပသမံ န ဇာနာတိ, အဓိကရဏဿ န ဝိနိစ္ဆယကုသလော ဟောတိ – ဣမေဟိ ခေါ, ဥပါလိ, ပဉ္စဟင်္ဂေဟိ သမန္နာဂတေန ဘိက္ခုနာ နာနုယုဉ္ဇိတဗ္ဗံ။</p>
<p class=""bodytext"">‘‘ပဉ္စဟုပါလိ, အင်္ဂေဟိ သမန္နာဂတေန ဘိက္ခုနာ အနုယုဉ္ဇိတဗ္ဗံ။ ကတမေဟိ ပဉ္စဟိ? အဓိကရဏံ ဇာနာတိ, အဓိကရဏသမုဋ္ဌာနံ ဇာနာတိ, အဓိကရဏဿ ပယောဂံ ဇာနာတိ, အဓိကရဏဿ <a name=""V0.0357""></a> ဝူပသမံ ဇာနာတိ, အဓိကရဏဿ ဝိနိစ္ဆယကုသလော ဟောတိ – ဣမေဟိ ခေါ, ဥပါလိ, ပဉ္စဟင်္ဂေဟိ သမန္နာဂတေန ဘိက္ခုနာ အနုယုဉ္ဇိတဗ္ဗ’’န္တိ။</p>
<p class=""centered"">အတ္တာဒါနဝဂ္ဂေါ နိဋ္ဌိတော ပဉ္စမော။</p>
<p class=""centered"">တဿုဒ္ဒါနံ –</p>
<p class=""gatha1"">ပရိသုဒ္ဓဉ္စ <a name=""T0.0475""></a> ကာလေန, ကာရုညံ ဩကာသေန စ၊</p>
<p class=""gatha2"">အတ္တာဒါနံ အဓိကရဏံ, အပရေဟိပိ ဝတ္ထုဉ္စ၊</p>
<p class=""gathalast"">သုတ္တံ ဓမ္မံ ပုန ဝတ္ထုဉ္စ, အာပတ္တိ အဓိကရဏေန စာတိ။</p>
<p class=""subhead"">၆။ ဓုတင်္ဂဝဂ္ဂေါ</p>
<p class=""bodytext""><a name=""para443""></a><a name=""para443_vin5""></a><span class=""paranum"">၄၄၃</span>။ ‘‘ကတိ <a name=""P5.0193""></a> နု ခေါ, ဘန္တေ, အာရညိကာ’’တိ? ‘‘ပဉ္စိမေ, ဥပါလိ, အာရညိကာ <span class=""note"">[အ။ နိ။ ၅။၁၈၁၊ ပရိ။ ၃၂၅]</span>။ ကတမေ ပဉ္စ? မန္ဒတ္တာ မောမူဟတ္တာ အာရညိကော ဟောတိ, ပါပိစ္ဆော ဣစ္ဆာပကတော အာရညိကော ဟောတိ, ဥမ္မာဒါ စိတ္တက္ခေပါ အာရညိကော ဟောတိ, ဝဏ္ဏိတံ ဗုဒ္ဓေဟိ ဗုဒ္ဓသာဝကေဟီတိ အာရညိကော ဟောတိ, အပိ စ အပ္ပိစ္ဆညေဝ နိဿာယ သန္တုဋ္ဌိညေဝ နိဿာယ – သလ္လေခညေဝ နိဿာယ ပဝိဝေကညေဝ နိဿာယ <a name=""V0.0358""></a> ဣဒမတ္ထိတညေဝ နိဿာယ အာရညိကော ဟောတိ – ဣမေ ခေါ, ဥပါလိ, ပဉ္စ အာရညိကာ’’တိ။</p>
<p class=""bodytext"">‘‘ကတိ နု ခေါ, ဘန္တေ, ပိဏ္ဍပါတိကာတိ…ပေ… ကတိ နု ခေါ, ဘန္တေ, ပံသုကူလိကာတိ…ပေ… ကတိ နု ခေါ, ဘန္တေ, ရုက္ခမူလိကာတိ…ပေ… ကတိ နု ခေါ, ဘန္တေ, သောသာနိကာတိ…ပေ… ကတိ နု ခေါ, ဘန္တေ, အဗ္ဘောကာသိကာတိ…ပေ…</p>
",-443-
2206,mula_vi_05,336,"<p class=""noindentbodytext""> ကတိ<a name=""M0.0336""></a> နု ခေါ, ဘန္တေ, တေစီဝရိကာတိ…ပေ… ကတိ နု ခေါ, ဘန္တေ, သပဒါနစာရိကာတိ…ပေ… ကတိ နု ခေါ, ဘန္တေ, နေသဇ္ဇိကာတိ…ပေ… ကတိ နု ခေါ, ဘန္တေ, ယထာသန္ထတိကာတိ…ပေ… ကတိ နု ခေါ, ဘန္တေ, ဧကာသနိကာတိ…ပေ… ကတိ နု ခေါ, ဘန္တေ, ခလုပစ္ဆာဘတ္တိကာတိ…ပေ… ကတိ <a name=""T0.0476""></a> နု ခေါ, ဘန္တေ, ပတ္တပိဏ္ဍိကာတိ? ပဉ္စိမေ, ဥပါလိ, ပတ္တပိဏ္ဍိကာ။ ကတမေ ပဉ္စ? မန္ဒတ္တာ မောမူဟတ္တာ ပတ္တပိဏ္ဍိကော ဟောတိ, ပါပိစ္ဆော ဣစ္ဆာပကတော ပတ္တပိဏ္ဍိကော ဟောတိ, ဥမ္မာဒါ စိတ္တက္ခေပါ ပတ္တပိဏ္ဍိကော ဟောတိ, ဝဏ္ဏိတံ ဗုဒ္ဓေဟိ ဗုဒ္ဓသာဝကေဟီတိ ပတ္တပိဏ္ဍိကော ဟောတိ, အပိ စ အပ္ပိစ္ဆညေဝ နိဿာယ သန္တုဋ္ဌိညေဝ နိဿာယ သလ္လေခညေဝ နိဿာယ ပဝိဝေကညေဝ နိဿာယ ဣဒမတ္ထိတညေဝ နိဿာယ ပတ္တပိဏ္ဍိကော ဟောတိ – ဣမေ ခေါ, ဥပါလိ, ပဉ္စ ပတ္တပိဏ္ဍိကာ’’တိ။</p>
<p class=""centered"">ဓုတင်္ဂဝဂ္ဂေါ နိဋ္ဌိတော ဆဋ္ဌော။</p>
<p class=""centered"">တဿုဒ္ဒါနံ –</p>
<p class=""gatha1"">အာရညိကော ပိဏ္ဍိပံသု, ရုက္ခသုသာနပဉ္စမံ၊</p>
<p class=""gatha2"">အဗ္ဘော တေစီဝရဉ္စေဝ, သပဒါနနေသဇ္ဇိကာ၊</p>
<p class=""gathalast"">သန္ထတေကာသနဉ္စေဝ, ခလုပစ္ဆာ ပတ္တပိဏ္ဍိကာတိ။</p>
<p class=""subhead"">၇။ မုသာဝါဒဝဂ္ဂေါ</p>
<p class=""bodytext""><a name=""para444""></a><a name=""para444_vin5""></a><span class=""paranum"">၄၄၄</span>။ ‘‘ကတိ နု ခေါ, ဘန္တေ, မုသာဝါဒါ’’တိ? ‘‘ပဉ္စိမေ, ဥပါလိ, မုသာဝါဒါ။ ကတမေ ပဉ္စ? အတ္ထိ မုသာဝါဒေါ ပါရာဇိကဂါမီ, အတ္ထိ မုသာဝါဒေါ သံဃာဒိသေသဂါမီ, အတ္ထိ မုသာဝါဒေါ ထုလ္လစ္စယဂါမီ, အတ္ထိ မုသာဝါဒေါ ပါစိတ္တိယဂါမီ, အတ္ထိ မုသာဝါဒေါ ဒုက္ကဋဂါမီ – ဣမေ ခေါ, ဥပါလိ, ပဉ္စ မုသာဝါဒါ’’တိ။</p>
<p class=""bodytext""><a name=""para445""></a><a name=""para445_vin5""></a><span class=""paranum"">၄၄၅</span>။ ‘‘ကတိဟိ နု ခေါ, ဘန္တေ, အင်္ဂေဟိ သမန္နာဂတဿ ဘိက္ခုနော သံဃမဇ္ဈေ ဥပေါသထံ ဝါ ပဝါရဏံ ဝါ ဌပေန္တဿ – ‘အလံ, ဘိက္ခု, မာ <a name=""T0.0477""></a> ဘဏ္ဍနံ, မာ ကလဟံ, မာ ဝိဂ္ဂဟံ, မာ ဝိဝါဒ’န္တိ <a name=""V0.0359""></a> ဩမဒ္ဒိတွာ သံဃေန ဥပေါသထော ဝါ ပဝါရဏာ ဝါ ကာတဗ္ဗာ’’တိ? ‘‘ပဉ္စဟုပါလိ, အင်္ဂေဟိ သမန္နာဂတဿ ဘိက္ခုနော</p>
",-444-445-
2207,mula_vi_05,337,"<p class=""noindentbodytext""> သံဃမဇ္ဈေ<a name=""M0.0337""></a> ဥပေါသထံ ဝါ ပဝါရဏံ ဝါ ဌပေန္တဿ – ‘အလံ, ဘိက္ခု, မာ ဘဏ္ဍနံ, မာ ကလဟံ, မာ ဝိဂ္ဂဟံ, မာ ဝိဝါဒ’န္တိ ဩမဒ္ဒိတွာ သံဃေန ဥပေါသထော ဝါ ပဝါရဏာ ဝါ ကာတဗ္ဗာ။ ကတမေဟိ ပဉ္စဟိ? အလဇ္ဇီ စ ဟောတိ, ဗာလော စ, အပကတတ္တော စ, စာဝနာဓိပ္ပါယော ဝတ္တာ ဟောတိ, နော ဝုဋ္ဌာနာဓိပ္ပါယော – ဣမေဟိ ခေါ, ဥပါလိ, ပဉ္စဟင်္ဂေဟိ သမန္နာဂတဿ ဘိက္ခုနော သံဃမဇ္ဈေ ဥပေါသထံ ဝါ ပဝါရဏံ ဝါ ဌပေန္တဿ – ‘အလံ, ဘိက္ခု, မာ ဘဏ္ဍနံ, မာ ကလဟံ, မာ ဝိဂ္ဂဟံ, မာ ဝိဝါဒ’န္တိ ဩမဒ္ဒိတွာ သံဃေန ဥပေါသထော ဝါ ပဝါရဏာ ဝါ ကာတဗ္ဗာ။</p>
<p class=""bodytext"">‘‘အပရေဟိပိ, ဥပါလိ, ပဉ္စဟင်္ဂေဟိ သမန္နာဂတဿ ဘိက္ခုနော သံဃမဇ္ဈေ ဥပေါသထံ ဝါ ပဝါရဏံ ဝါ ဌပေန္တဿ – ‘အလံ, ဘိက္ခု, မာ ဘဏ္ဍနံ, မာ ကလဟံ, မာ ဝိဂ္ဂဟံ, မာ ဝိဝါဒ’န္တိ ဩမဒ္ဒိတွာ သံဃေန ဥပေါသထော ဝါ ပဝါရဏာ ဝါ ကာတဗ္ဗာ။ ကတမေဟိ ပဉ္စဟိ? အပရိသုဒ္ဓကာယသမာစာရော ဟောတိ, အပရိသုဒ္ဓဝစီသမာစာရော <a name=""P5.0194""></a> ဟောတိ, အပရိသုဒ္ဓါဇီဝေါ ဟောတိ, ဗာလော ဟောတိ အဗျတ္တော, ဘဏ္ဍနကာရကော ဟောတိ ကလဟကာရကော – ဣမေဟိ ခေါ, ဥပါလိ, ပဉ္စဟင်္ဂေဟိ သမန္နာဂတဿ ဘိက္ခုနော သံဃမဇ္ဈေ ဥပေါသထံ ဝါ ပဝါရဏံ ဝါ ဌပေန္တဿ – ‘အလံ, ဘိက္ခု, မာ ဘဏ္ဍနံ, မာ ကလဟံ, မာ ဝိဂ္ဂဟံ, မာ ဝိဝါဒ’န္တိ ဩမဒ္ဒိတွာ သံဃေန ဥပေါသထော <a name=""T0.0478""></a> ဝါ ပဝါရဏာ ဝါ ကာတဗ္ဗာ’’တိ။</p>
<p class=""bodytext""><a name=""para446""></a><a name=""para446_vin5""></a><span class=""paranum"">၄၄၆</span>။ ‘‘ကတိဟိ နု ခေါ, ဘန္တေ, အင်္ဂေဟိ သမန္နာဂတဿ ဘိက္ခုနော အနုယောဂေါ န ဒါတဗ္ဗော’’တိ? ‘‘ပဉ္စဟုပါလိ, အင်္ဂေဟိ သမန္နာဂတဿ ဘိက္ခုနော အနုယောဂေါ န ဒါတဗ္ဗော။ ကတမေဟိ ပဉ္စဟိ? အာပတ္တာနာပတ္တိံ န ဇာနာတိ, လဟုကဂရုကံ အာပတ္တိံ န ဇာနာတိ, သာဝသေသာနဝသေသံ အာပတ္တိံ န ဇာနာတိ, ဒုဋ္ဌုလ္လာဒုဋ္ဌုလ္လံ အာပတ္တိံ န ဇာနာတိ, သပ္ပဋိကမ္မာပဋိကမ္မံ အာပတ္တိံ န ဇာနာတိ – ဣမေဟိ ခေါ, ဥပါလိ, ပဉ္စဟင်္ဂေဟိ သမန္နာဂတဿ ဘိက္ခုနော အနုယောဂေါ န ဒါတဗ္ဗော။</p>
<p class=""bodytext"">‘‘ပဉ္စဟုပါလိ, အင်္ဂေဟိ သမန္နာဂတဿ ဘိက္ခုနော အနုယောဂေါ ဒါတဗ္ဗော။ ကတမေဟိ ပဉ္စဟိ? အာပတ္တာနာပတ္တိံ ဇာနာတိ, လဟုကဂရုကံ အာပတ္တိံ ဇာနာတိ, သာဝသေသာနဝသေသံ အာပတ္တိံ ဇာနာတိ, ဒုဋ္ဌုလ္လာဒုဋ္ဌုလ္လံ အာပတ္တိံ ဇာနာတိ, သပ္ပဋိကမ္မာပဋိကမ္မံ အာပတ္တိံ ဇာနာတိ – ဣမေဟိ ခေါ, ဥပါလိ, ပဉ္စဟင်္ဂေဟိ သမန္နာဂတဿ ဘိက္ခုနော အနုယောဂေါ ဒါတဗ္ဗော’’တိ။</p>
",-446-
2208,mula_vi_05,338,"<p class=""bodytext""><a name=""para447""></a><a name=""para447_vin5""></a><span class=""paranum"">၄၄၇</span>။ ‘‘ကတိဟိ <a name=""M0.0338""></a> နု ခေါ, ဘန္တေ, အာကာရေဟိ ဘိက္ခု အာပတ္တိံ အာပဇ္ဇတီ’’တိ? ‘‘ပဉ္စဟုပါလိ, အာကာရေဟိ ဘိက္ခု အာပတ္တိံ အာပဇ္ဇတိ။ ကတမေဟိ ပဉ္စဟိ? အလဇ္ဇိတာ, အညာဏတာ, ကုက္ကုစ္စပကတတာ, အကပ္ပိယေ ကပ္ပိယသညိတာ, ကပ္ပိယေ အကပ္ပိယသညိတာ – ဣမေဟိ ခေါ, ဥပါလိ, ပဉ္စဟာကာရေဟိ ဘိက္ခု အာပတ္တိံ အာပဇ္ဇတိ။</p>
<p class=""bodytext"">‘‘အပရေဟိပိ, ဥပါလိ, ပဉ္စဟာကာရေဟိ ဘိက္ခု အာပတ္တိံ အာပဇ္ဇတိ။ ကတမေဟိ ပဉ္စဟိ<a name=""T0.0479""></a>? အဒဿနေန, အဿဝနေန, ပသုတ္တကတာ, တထာသညီ, သတိသမ္မောသာ – ဣမေဟိ ခေါ, ဥပါလိ, ပဉ္စဟာကာရေဟိ ဘိက္ခု အာပတ္တိံ အာပဇ္ဇတီ’’တိ။</p>
<p class=""bodytext""><a name=""para448""></a><a name=""para448_vin5""></a><span class=""paranum"">၄၄၈</span>။ ‘‘ကတိ နု ခေါ, ဘန္တေ, ဝေရာ’’တိ? ‘‘ပဉ္စိမေ, ဥပါလိ, ဝေရာ။ ကတမေ ပဉ္စ? ပါဏာတိပါတော<a name=""V0.0360""></a>, အဒိန္နာဒါနံ, ကာမေသုမိစ္ဆာစာရော, မုသာဝါဒေါ, သုရာမေရယမဇ္ဇပ္ပမာဒဋ္ဌာနံ – ဣမေ ခေါ, ဥပါလိ, ပဉ္စ ဝေရာ’’တိ။</p>
<p class=""bodytext"">‘‘ကတိ နု ခေါ, ဘန္တေ, ဝေရမဏိယော’’တိ? ‘‘ပဉ္စိမာ, ဥပါလိ, ဝေရမဏိယော။ ကတမာ ပဉ္စ? ပါဏာတိပါတာ ဝေရမဏီ <span class=""note"">[ဝေရမဏိ (က။)]</span>, အဒိန္နာဒါနာ ဝေရမဏီ, ကာမေသုမိစ္ဆာစာရာ ဝေရမဏီ, မုသာဝါဒါ ဝေရမဏီ, သုရာမေရယမဇ္ဇပ္ပမာဒဋ္ဌာနာ ဝေရမဏီ – ဣမာ ခေါ, ဥပါလိ, ပဉ္စ ဝေရမဏိယော’’တိ။</p>
<p class=""bodytext""><a name=""para449""></a><a name=""para449_vin5""></a><span class=""paranum"">၄၄၉</span>။ ‘‘ကတိ နု ခေါ, ဘန္တေ, ဗျသနာနီ’’တိ? ‘‘ပဉ္စိမာနိ, ဥပါလိ, ဗျသနာနိ။ <span class=""note"">[ပရိ။ ၃၂၅၊ အ။ နိ။ ၅။၁၃၀]</span> ကတမာနိ ပဉ္စ? ဉာတိဗျသနံ, ဘောဂဗျသနံ, ရောဂဗျသနံ, သီလဗျသနံ, ဒိဋ္ဌိဗျသနံ – ဣမာနိ ခေါ, ဥပါလိ, ပဉ္စ ဗျသနာနီ’’တိ။</p>
<p class=""bodytext"">‘‘ကတိ နု ခေါ, ဘန္တေ, သမ္ပဒါ’’တိ? ‘‘ပဉ္စိမာ, ဥပါလိ, သမ္ပဒါ။ <span class=""note"">[ပရိ။ ၃၂၅၊ အ။ နိ။ ၅။၁၃၀]</span> ကတမာ ပဉ္စ? ဉာတိသမ္ပဒါ, ဘောဂသမ္ပဒါ, အာရောဂျသမ္ပဒါ, သီလသမ္ပဒါ, ဒိဋ္ဌိသမ္ပဒါ – ဣမာ ခေါ, ဥပါလိ, ပဉ္စ သမ္ပဒါ’’တိ။</p>
<p class=""centered"">မုသာဝါဒဝဂ္ဂေါ နိဋ္ဌိတော သတ္တမော။</p>
<p class=""centered"">တဿုဒ္ဒါနံ –</p>
<p class=""gatha1"">မုသာဝါဒေါ <a name=""T0.0480""></a><a name=""P5.0195""></a> စ ဩမဒ္ဒိ, အပရေဟိ အနုယောဂေါ၊</p>
<p class=""gatha2"">အာပတ္တိဉ္စ အပရေဟိ, ဝေရာ ဝေရမဏီပိ စ၊</p>
<p class=""gathalast"">ဗျသနံ သမ္ပဒါ စေဝ, သတ္တမော ဝဂ္ဂသင်္ဂဟောတိ။</p>
",-447-448-449-
2209,mula_vi_05,339,"<p class=""subhead"">၈။ ဘိက္ခုနောဝါဒဝဂ္ဂေါ</p>
<p class=""bodytext""><a name=""para450""></a><a name=""para450_vin5""></a><span class=""paranum"">၄၅၀</span>။ ‘‘ကတိဟိ <a name=""M0.0339""></a> နု ခေါ, ဘန္တေ, အင်္ဂေဟိ သမန္နာဂတဿ ဘိက္ခုနော ဘိက္ခုနိသံဃေနေဝ ကမ္မံ ကာတဗ္ဗ’’န္တိ? ‘‘ပဉ္စဟုပါလိ, အင်္ဂေဟိ သမန္နာဂတဿ ဘိက္ခုနော ဘိက္ခုနိသံဃေနေဝ ကမ္မံ ကာတဗ္ဗံ, အဝန္ဒိယော သော ဘိက္ခု ဘိက္ခုနိသံဃေန။ ကတမေဟိ ပဉ္စဟိ? ဝိဝရိတွာ ကာယံ ဘိက္ခုနီနံ ဒဿေတိ, ဦရုံ ဒဿေတိ, အင်္ဂဇာတံ ဒဿေတိ, ဥဘော အံသကူဋေ ဒဿေတိ, ဩဘာသတိ, ဂိဟီ <a name=""V0.0361""></a> သမ္ပယောဇေတိ – ဣမေဟိ ခေါ, ဥပါလိ, ပဉ္စဟင်္ဂေဟိ သမန္နာဂတဿ ဘိက္ခုနော ဘိက္ခုနိသံဃေနေဝ ကမ္မံ ကာတဗ္ဗံ။ အဝန္ဒိယော သော ဘိက္ခု ဘိက္ခုနိသံဃေန။</p>
<p class=""bodytext"">‘‘အပရေဟိပိ, ဥပါလိ, ပဉ္စဟင်္ဂေဟိ သမန္နာဂတဿ ဘိက္ခုနော ဘိက္ခုနိသံဃေနေဝ ကမ္မံ ကာတဗ္ဗံ, အဝန္ဒိယော သော ဘိက္ခု ဘိက္ခုနိသံဃေန။ ကတမေဟိ ပဉ္စဟိ? ဘိက္ခုနီနံ အလာဘာယ ပရိသက္ကတိ, ဘိက္ခုနီနံ အနတ္ထာယ ပရိသက္ကတိ, ဘိက္ခုနီနံ အဝါသာယ ပရိသက္ကတိ, ဘိက္ခုနိယော အက္ကောသတိ ပရိဘာသတိ, ဘိက္ခူ ဘိက္ခုနီဟိ ဘေဒေတိ – ဣမေဟိ ခေါ, ဥပါလိ, ပဉ္စဟင်္ဂေဟိ သမန္နာဂတဿ ဘိက္ခုနော ဘိက္ခုနိသံဃေနေဝ ကမ္မံ ကာတဗ္ဗံ, အဝန္ဒိယော သော ဘိက္ခု ဘိက္ခုနိသံဃေန။</p>
<p class=""bodytext"">‘‘အပရေဟိပိ, ဥပါလိ, ပဉ္စဟင်္ဂေဟိ သမန္နာဂတဿ ဘိက္ခုနော ဘိက္ခုနိသံဃေနေဝ ကမ္မံ ကာတဗ္ဗံ, အဝန္ဒိယော သော <a name=""T0.0481""></a> ဘိက္ခု ဘိက္ခုနိသံဃေန။ ကတမေဟိ ပဉ္စဟိ? ဘိက္ခုနီနံ အလာဘာယ ပရိသက္ကတိ, ဘိက္ခုနီနံ အနတ္ထာယ ပရိသက္ကတိ, ဘိက္ခုနီနံ အဝါသာယ ပရိသက္ကတိ, ဘိက္ခုနိယော အက္ကောသတိ ပရိဘာသတိ, ဘိက္ခူ ဘိက္ခုနီဟိ သမ္ပယောဇေတိ – ဣမေဟိ ခေါ, ဥပါလိ, ပဉ္စဟင်္ဂေဟိ သမန္နာဂတဿ ဘိက္ခုနော ဘိက္ခုနိသံဃေနေဝ ကမ္မံ ကာတဗ္ဗံ, အဝန္ဒိယော သော ဘိက္ခု ဘိက္ခုနိသံဃေနာ’’တိ။</p>
<p class=""bodytext""><a name=""para451""></a><a name=""para451_vin5""></a><span class=""paranum"">၄၅၁</span>။ ‘‘ကတိဟိ နု ခေါ, ဘန္တေ, အင်္ဂေဟိ သမန္နာဂတာယ ဘိက္ခုနိယာ ကမ္မံ ကာတဗ္ဗ’’န္တိ? ပဉ္စဟုပါလိ, အင်္ဂေဟိ သမန္နာဂတာယ ဘိက္ခုနိယာ ကမ္မံ ကာတဗ္ဗံ။ ကတမေဟိ ပဉ္စဟိ? ဝိဝရိတွာ ကာယံ ဘိက္ခူနံ ဒဿေတိ, ဦရုံ ဒဿေတိ, အင်္ဂဇာတံ ဒဿေတိ, ဥဘော အံသကူဋေ ဒဿေတိ, ဩဘာသတိ, ဂိဟီ သမ္ပယောဇေတိ – ဣမေဟိ ခေါ, ဥပါလိ, ပဉ္စဟင်္ဂေဟိ သမန္နာဂတာယ ဘိက္ခုနိယာ ကမ္မံ ကာတဗ္ဗံ။</p>
",-450-451-
2210,mula_vi_05,340,"<p class=""bodytext"">‘‘အပရေဟိပိ<a name=""M0.0340""></a>, ဥပါလိ, ပဉ္စဟင်္ဂေဟိ သမန္နာဂတာယ ဘိက္ခုနိယာ ကမ္မံ ကာတဗ္ဗံ။ ကတမေဟိ ပဉ္စဟိ? ဘိက္ခူနံ အလာဘာယ ပရိသက္ကတိ, ဘိက္ခူနံ အနတ္ထာယ ပရိသက္ကတိ, ဘိက္ခူနံ အဝါသာယ ပရိသက္ကတိ, ဘိက္ခူ အက္ကောသတိ ပရိဘာသတိ, ဘိက္ခုနိယော ဘိက္ခူဟိ ဘေဒေတိ – ဣမေဟိ ခေါ, ဥပါလိ, ပဉ္စဟင်္ဂေဟိ သမန္နာဂတာယ ဘိက္ခုနိယာ ကမ္မံ ကာတဗ္ဗံ။</p>
<p class=""bodytext"">‘‘အပရေဟိပိ, ဥပါလိ, ပဉ္စဟင်္ဂေဟိ သမန္နာဂတာယ ဘိက္ခုနိယာ ကမ္မံ ကာတဗ္ဗံ။ ကတမေဟိ ပဉ္စဟိ? ဘိက္ခူနံ အလာဘာယ ပရိသက္ကတိ, ဘိက္ခူနံ အနတ္ထာယ ပရိသက္ကတိ, ဘိက္ခူနံ အဝါသာယ <a name=""V0.0362""></a> ပရိသက္ကတိ, ဘိက္ခူ အက္ကောသတိ <a name=""T0.0482""></a> ပရိဘာသတိ, ဘိက္ခုနိယော ဘိက္ခူဟိ သမ္ပယောဇေတိ – ဣမေဟိ ခေါ, ဥပါလိ, ပဉ္စဟင်္ဂေဟိ <a name=""P5.0196""></a> သမန္နာဂတာယ ဘိက္ခုနိယာ ကမ္မံ ကာတဗ္ဗ’’န္တိ။</p>
<p class=""bodytext""><a name=""para452""></a><a name=""para452_vin5""></a><span class=""paranum"">၄၅၂</span>။ ‘‘ကတိဟိ နု ခေါ, ဘန္တေ, အင်္ဂေဟိ သမန္နာဂတေန ဘိက္ခုနာ ဘိက္ခုနီနံ ဩဝါဒေါ န ဌပေတဗ္ဗော’’တိ? ‘‘ပဉ္စဟုပါလိ, အင်္ဂေဟိ သမန္နာဂတေန ဘိက္ခုနာ ဘိက္ခုနီနံ ဩဝါဒေါ န ဌပေတဗ္ဗော။ ကတမေဟိ ပဉ္စဟိ? အလဇ္ဇီ စ ဟောတိ, ဗာလော စ, အပကတတ္တော စ, စာဝနာဓိပ္ပါယော ဝတ္တာ ဟောတိ, နော ဝုဋ္ဌာနာဓိပ္ပါယော – ဣမေဟိ ခေါ, ဥပါလိ, ပဉ္စဟင်္ဂေဟိ သမန္နာဂတေန ဘိက္ခုနာ ဘိက္ခုနီနံ ဩဝါဒေါ န ဌပေတဗ္ဗော။</p>
<p class=""bodytext"">‘‘အပရေဟိပိ, ဥပါလိ, ပဉ္စဟင်္ဂေဟိ သမန္နာဂတေန ဘိက္ခုနာ ဘိက္ခုနီနံ ဩဝါဒေါ န ဌပေတဗ္ဗော။ ကတမေဟိ ပဉ္စဟိ? အပရိသုဒ္ဓကာယသမာစာရော ဟောတိ, အပရိသုဒ္ဓဝစီသမာစာရော ဟောတိ, အပရိသုဒ္ဓါဇီဝေါ ဟောတိ, ဗာလော ဟောတိ, အဗျတ္တော, န ပဋိဗလော အနုယုဉ္ဇိယမာနော အနုယောဂံ ဒါတုံ – ဣမေဟိ ခေါ, ဥပါလိ, ပဉ္စဟင်္ဂေဟိ သမန္နာဂတေန ဘိက္ခုနာ ဘိက္ခုနီနံ ဩဝါဒေါ န ဌပေတဗ္ဗော။</p>
<p class=""bodytext"">‘‘အပရေဟိပိ, ဥပါလိ, ပဉ္စဟင်္ဂေဟိ သမန္နာဂတေန ဘိက္ခုနာ ဘိက္ခုနီနံ ဩဝါဒေါ န ဌပေတဗ္ဗော။ ကတမေဟိ ပဉ္စဟိ? ကာယိကေန အနာစာရေန သမန္နာဂတော ဟောတိ, ဝါစသိကေန အနာစာရေန သမန္နာဂတော ဟောတိ, ကာယိကဝါစသိကေန အနာစာရေန သမန္နာဂတော ဟောတိ, ဘိက္ခုနီနံ အက္ကောသကပရိဘာသကော ဟောတိ, ဘိက္ခုနီဟိ သဒ္ဓိံ သံသဋ္ဌော ဝိဟရတိ အနနုလောမိကေန သံသဂ္ဂေန – ဣမေဟိ ခေါ, ဥပါလိ, ပဉ္စဟင်္ဂေဟိ သမန္နာဂတေန <a name=""T0.0483""></a> ဘိက္ခုနာ ဘိက္ခုနီနံ ဩဝါဒေါ န ဌပေတဗ္ဗော။</p>
",-452-
2211,mula_vi_05,341,"<p class=""bodytext"">‘‘အပရေဟိပိ<a name=""M0.0341""></a>, ဥပါလိ, ပဉ္စဟင်္ဂေဟိ သမန္နာဂတေန ဘိက္ခုနာ ဘိက္ခုနီနံ ဩဝါဒေါ န ဌပေတဗ္ဗော။ ကတမေဟိ ပဉ္စဟိ? အလဇ္ဇီ စ ဟောတိ, ဗာလော စ, အပကတတ္တော စ, ဘဏ္ဍနကာရကော စ ဟောတိ ကလဟကာရကော, သိက္ခာယ စ န ပရိပူရိကာရီ – ဣမေဟိ ခေါ, ဥပါလိ, ပဉ္စဟင်္ဂေဟိ သမန္နာဂတေန ဘိက္ခုနာ ဘိက္ခုနီနံ ဩဝါဒေါ န ဌပေတဗ္ဗော’’တိ။</p>
<p class=""bodytext""><a name=""para453""></a><a name=""para453_vin5""></a><span class=""paranum"">၄၅၃</span>။ ‘‘ကတိဟိ နု ခေါ, ဘန္တေ, အင်္ဂေဟိ သမန္နာဂတေန ဘိက္ခုနာ ဘိက္ခုနီနံ ဩဝါဒေါ န ဂဟေတဗ္ဗော’’တိ? ‘‘ပဉ္စဟုပါလိ, အင်္ဂေဟိ သမန္နာဂတေန ဘိက္ခုနာ ဘိက္ခုနီနံ ဩဝါဒေါ န ဂဟေတဗ္ဗော။ ကတမေဟိ ပဉ္စဟိ? ကာယိကေန အနာစာရေန သမန္နာဂတော ဟောတိ, ဝါစသိကေန အနာစာရေန သမန္နာဂတော ဟောတိ, ကာယိကဝါစသိကေန အနာစာရေန သမန္နာဂတော ဟောတိ, ဘိက္ခုနီနံ အက္ကောသကပရိဘာသကော <a name=""V0.0363""></a> ဟောတိ, ဘိက္ခုနီဟိ သဒ္ဓိံ သံသဋ္ဌော ဝိဟရတိ အနနုလောမိကေန သံသဂ္ဂေန – ဣမေဟိ ခေါ, ဥပါလိ, ပဉ္စဟင်္ဂေဟိ သမန္နာဂတေန ဘိက္ခုနာ ဘိက္ခုနီနံ ဩဝါဒေါ န ဂဟေတဗ္ဗော။</p>
<p class=""bodytext"">‘‘အပရေဟိပိ, ဥပါလိ, ပဉ္စဟင်္ဂေဟိ သမန္နာဂတေန ဘိက္ခုနာ ဘိက္ခုနီနံ ဩဝါဒေါ န ဂဟေတဗ္ဗော။ ကတမေဟိ ပဉ္စဟိ? အလဇ္ဇီ စ ဟောတိ, ဗာလော စ, အပကတတ္တော စ, ဂမိကော ဝါ ဟောတိ, ဂိလာနော ဝါ – ဣမေဟိ ခေါ, ဥပါလိ, ပဉ္စဟင်္ဂေဟိ သမန္နာဂတေန ဘိက္ခုနာ ဘိက္ခုနီနံ ဩဝါဒေါ န ဂဟေတဗ္ဗော’’တိ။</p>
<p class=""bodytext""><a name=""para454""></a><a name=""para454_vin5""></a><span class=""paranum"">၄၅၄</span>။ ‘‘ကတိဟိ <a name=""T0.0484""></a> နု ခေါ, ဘန္တေ, အင်္ဂေဟိ သမန္နာဂတေန ဘိက္ခုနာ သဒ္ဓိံ န သာကစ္ဆိတဗ္ဗော’’တိ? ‘‘ပဉ္စဟုပါလိ, အင်္ဂေဟိ သမန္နာဂတေန ဘိက္ခုနာ သဒ္ဓိံ န သာကစ္ဆိတဗ္ဗော။ ကတမေဟိ ပဉ္စဟိ? န အသေက္ခေန သီလက္ခန္ဓေန သမန္နာဂတော ဟောတိ, န အသေက္ခေန သမာဓိက္ခန္ဓေန သမန္နာဂတော ဟောတိ, န အသေက္ခေန ပညာက္ခန္ဓေန သမန္နာဂတော ဟောတိ, န အသေက္ခေန ဝိမုတ္တိက္ခန္ဓေန သမန္နာဂတော ဟောတိ, န အသေက္ခေန ဝိမုတ္တိဉာဏဒဿနက္ခန္ဓေန သမန္နာဂတော ဟောတိ – ဣမေဟိ ခေါ, ဥပါလိ, ပဉ္စဟင်္ဂေဟိ သမန္နာဂတေန ဘိက္ခုနာ သဒ္ဓိံ န သာကစ္ဆိတဗ္ဗော။ ပဉ္စဟုပါလိ, အင်္ဂေဟိ သမန္နာဂတေန ဘိက္ခုနာ သဒ္ဓိံ သာကစ္ဆိတဗ္ဗော။ ကတမေဟိ ပဉ္စဟိ? အသေက္ခေန သီလက္ခန္ဓေန သမန္နာဂတော ဟောတိ, အသေက္ခေန သမာဓိက္ခန္ဓေန သမန္နာဂတော ဟောတိ, အသေက္ခေန ပညာက္ခန္ဓေန သမန္နာဂတော</p>
",-453-454-
2212,mula_vi_05,342,"<p class=""noindentbodytext""> ဟောတိ<a name=""M0.0342""></a>, အသေက္ခေန ဝိမုတ္တိက္ခန္ဓေန သမန္နာဂတော ဟောတိ, အသေက္ခေန ဝိမုတ္တိဉာဏဒဿနက္ခန္ဓေန <a name=""P5.0197""></a> သမန္နာဂတော ဟောတိ – ဣမေဟိ ခေါ, ဥပါလိ, ပဉ္စဟင်္ဂေဟိ သမန္နာဂတေန ဘိက္ခုနာ သဒ္ဓိံ သာကစ္ဆိတဗ္ဗော။</p>
<p class=""bodytext"">‘‘အပရေဟိပိ, ဥပါလိ, ပဉ္စဟင်္ဂေဟိ သမန္နာဂတေန ဘိက္ခုနာ သဒ္ဓိံ န သာကစ္ဆိတဗ္ဗော။ ကတမေဟိ ပဉ္စဟိ? န အတ္ထပဋိသမ္ဘိဒါပတ္တော ဟောတိ, န ဓမ္မပဋိသမ္ဘိဒါပတ္တော ဟောတိ, န နိရုတ္တိပဋိသမ္ဘိဒါပတ္တော ဟောတိ, န ပဋိဘာနပဋိသမ္ဘိဒါပတ္တော ဟောတိ, ယထာဝိမုတ္တံ စိတ္တံ န ပစ္စဝေက္ခိတာ – ဣမေဟိ ခေါ, ဥပါလိ, ပဉ္စဟင်္ဂေဟိ သမန္နာဂတေန ဘိက္ခုနာ သဒ္ဓိံ န သာကစ္ဆိတဗ္ဗော။ ပဉ္စဟုပါလိ<a name=""T0.0485""></a>, အင်္ဂေဟိ သမန္နာဂတေန ဘိက္ခုနာ သဒ္ဓိံ သာကစ္ဆိတဗ္ဗော။ ကတမေဟိ ပဉ္စဟိ? အတ္ထပဋိသမ္ဘိဒါပတ္တော ဟောတိ, ဓမ္မပဋိသမ္ဘိဒါပတ္တော ဟောတိ, နိရုတ္တိပဋိသမ္ဘိဒါပတ္တော ဟောတိ, ပဋိဘာနပဋိသမ္ဘိဒါပတ္တော ဟောတိ, ယထာဝိမုတ္တံ စိတ္တံ ပစ္စဝေက္ခိတာ – ဣမေဟိ ခေါ, ဥပါလိ, ပဉ္စဟင်္ဂေဟိ သမန္နာဂတေန ဘိက္ခုနာ သဒ္ဓိံ သာကစ္ဆိတဗ္ဗော’’တိ။</p>
<p class=""centered"">ဘိက္ခုနောဝါဒဝဂ္ဂေါ နိဋ္ဌိတော အဋ္ဌမော။</p>
<p class=""centered"">တဿုဒ္ဒါနံ –</p>
<p class=""gatha1"">ဘိက္ခုနီဟေဝ <a name=""V0.0364""></a> ကာတဗ္ဗံ, အပရေဟိ တထာ ဒုဝေ၊</p>
<p class=""gatha2"">ဘိက္ခုနီနံ တယော ကမ္မာ, န ဌပေတဗ္ဗာ ဒွေ ဒုကာ၊</p>
<p class=""gathalast"">န ဂဟေတဗ္ဗာ ဒွေ ဝုတ္တာ, သာကစ္ဆာသု စ ဒွေ ဒုကာတိ။</p>
<p class=""subhead"">၉။ ဥဗ္ဗာဟိကဝဂ္ဂေါ</p>
<p class=""bodytext""><a name=""para455""></a><a name=""para455_vin5""></a><span class=""paranum"">၄၅၅</span>။ ‘‘ကတိဟိ နု ခေါ, ဘန္တေ, အင်္ဂေဟိ သမန္နာဂတော ဘိက္ခု ဥဗ္ဗာဟိကာယ န သမ္မန္နိတဗ္ဗော’’တိ? ‘‘ပဉ္စဟုပါလိ, အင်္ဂေဟိ သမန္နာဂတော ဘိက္ခု ဥဗ္ဗာဟိကာယ န သမ္မန္နိတဗ္ဗော။ ကတမေဟိ ပဉ္စဟိ? န အတ္ထကုသလော ဟောတိ, န ဓမ္မကုသလော ဟောတိ, န နိရုတ္တိကုသလော ဟောတိ, န ဗျဉ္ဇနကုသလော ဟောတိ, န ပုဗ္ဗာပရကုသလော ဟောတိ – ဣမေဟိ ခေါ, ဥပါလိ, ပဉ္စဟင်္ဂေဟိ သမန္နာဂတော ဘိက္ခု ဥဗ္ဗာဟိကာယ န သမ္မန္နိတဗ္ဗော။ ပဉ္စဟုပါလိ, အင်္ဂေဟိ သမန္နာဂတော ဘိက္ခု ဥဗ္ဗာဟိကာယ သမ္မန္နိတဗ္ဗော။ ကတမေဟိ ပဉ္စဟိ? အတ္ထကုသလော ဟောတိ, ဓမ္မကုသလော ဟောတိ,</p>
",-455-
2213,mula_vi_05,343,"<p class=""noindentbodytext""> နိရုတ္တိကုသလော<a name=""M0.0343""></a> ဟောတိ, ဗျဉ္ဇနကုသလော ဟောတိ, ပုဗ္ဗာပရကုသလော ဟောတိ <a name=""T0.0486""></a> – ဣမေဟိ ခေါ, ဥပါလိ, ပဉ္စဟင်္ဂေဟိ သမန္နာဂတော ဘိက္ခု ဥဗ္ဗာဟိကာယ သမ္မန္နိတဗ္ဗော။</p>
<p class=""bodytext"">‘‘အပရေဟိပိ, ဥပါလိ, ပဉ္စဟင်္ဂေဟိ သမန္နာဂတော ဘိက္ခု ဥဗ္ဗာဟိကာယ န သမ္မန္နိတဗ္ဗော။ ကတမေဟိ ပဉ္စဟိ? ကောဓနော ဟောတိ ကောဓာဘိဘူတော, မက္ခီ ဟောတိ မက္ခာဘိဘူတော, ပဠာသီ ဟောတိ ပဠာသာဘိဘူတော, ဣဿုကီ ဟောတိ ဣဿာဘိဘူတော, သန္ဒိဋ္ဌိပရာမာသီ ဟောတိ အာဓာနဂ္ဂါဟီ ဒုပ္ပဋိနိဿဂ္ဂီ – ဣမေဟိ ခေါ, ဥပါလိ, ပဉ္စဟင်္ဂေဟိ သမန္နာဂတော ဘိက္ခု ဥဗ္ဗာဟိကာယ န သမ္မန္နိတဗ္ဗော။ ပဉ္စဟုပါလိ, အင်္ဂေဟိ သမန္နာဂတော ဘိက္ခု ဥဗ္ဗာဟိကာယ သမ္မန္နိတဗ္ဗော။ ကတမေဟိ ပဉ္စဟိ? န ကောဓနော ဟောတိ န ကောဓာဘိဘူတော, န မက္ခီ ဟောတိ န မက္ခာဘိဘူတော, န ပဠာသီ ဟောတိ န ပဠာသာဘိဘူတော, န ဣဿုကီ ဟောတိ န ဣဿာဘိဘူတော, အသန္ဒိဋ္ဌိပရာမာသီ ဟောတိ အနာဓာနဂ္ဂါဟီ သုပ္ပဋိနိဿဂ္ဂီ – ဣမေဟိ ခေါ, ဥပါလိ, ပဉ္စဟင်္ဂေဟိ သမန္နာဂတော ဘိက္ခု ဥဗ္ဗာဟိကာယ သမ္မန္နိတဗ္ဗော။</p>
<p class=""bodytext"">‘‘အပရေဟိပိ<a name=""P5.0198""></a>, ဥပါလိ, ပဉ္စဟင်္ဂေဟိ သမန္နာဂတော ဘိက္ခု ဥဗ္ဗာဟိကာယ န သမ္မန္နိတဗ္ဗော။ ကတမေဟိ ပဉ္စဟိ? ကုပ္ပတိ, ဗျာပဇ္ဇတိ, ပတိဋ္ဌိယတိ, ကောပံ ဇနေတိ, အခမော ဟောတိ အပဒက္ခိဏဂ္ဂါဟီ အနုသာသနိံ – ဣမေဟိ ခေါ, ဥပါလိ, ပဉ္စဟင်္ဂေဟိ သမန္နာဂတော ဘိက္ခု ဥဗ္ဗာဟိကာယ န သမ္မန္နိတဗ္ဗော။ ပဉ္စဟုပါလိ, အင်္ဂေဟိ သမန္နာဂတော ဘိက္ခု ဥဗ္ဗာဟိကာယ သမ္မန္နိတဗ္ဗော<a name=""V0.0365""></a>။ ကတမေဟိ ပဉ္စဟိ? န ကုပ္ပတိ, န ဗျာပဇ္ဇတိ, န ပတိဋ္ဌိယတိ, န ကောပံ ဇနေတိ, ခမော ဟောတိ ပဒက္ခိဏဂ္ဂါဟီ အနုသာသနိံ – ဣမေဟိ ခေါ, ဥပါလိ, ပဉ္စဟင်္ဂေဟိ <a name=""T0.0487""></a> သမန္နာဂတော ဘိက္ခု ဥဗ္ဗာဟိကာယ သမ္မန္နိတဗ္ဗော။</p>
<p class=""bodytext"">‘‘အပရေဟိပိ, ဥပါလိ, ပဉ္စဟင်္ဂေဟိ သမန္နာဂတော ဘိက္ခု ဥဗ္ဗာဟိကာယ န သမ္မန္နိတဗ္ဗော။ ကတမေဟိ ပဉ္စဟိ? ပသာရေတာ ဟောတိ နော သာရေတာ, အနောကာသကမ္မံ ကာရေတွာ ပဝတ္တာ ဟောတိ, န ယထာဓမ္မေ ယထာဝိနယေ ယထာပတ္တိယာ စောဒေတာ ဟောတိ, န ယထာဓမ္မေ ယထာဝိနယေ ယထာပတ္တိယာ ကာရေတာ ဟောတိ, န ယထာဒိဋ္ဌိယာ ဗျာကတာ ဟောတိ – ဣမေဟိ ခေါ, ဥပါလိ, ပဉ္စဟင်္ဂေဟိ သမန္နာဂတော ဘိက္ခု ဥဗ္ဗာဟိကာယ န သမ္မန္နိတဗ္ဗော။ ပဉ္စဟုပါလိ, အင်္ဂေဟိ သမန္နာဂတော ဘိက္ခု ဥဗ္ဗာဟိကာယ သမ္မန္နိတဗ္ဗော။ ကတမေဟိ ပဉ္စဟိ? သာရေတာ ဟောတိ နော ပသာရေတာ,</p>
",
2214,mula_vi_05,344,"<p class=""noindentbodytext""> ဩကာသကမ္မံ<a name=""M0.0344""></a> ကာရေတွာ ပဝတ္တာ ဟောတိ, ယထာဓမ္မံ ယထာဝိနယေ ယထာပတ္တိယာ စောဒေတာ ဟောတိ, ယထာဓမ္မေ ယထာဝိနယေ ယထာပတ္တိယာ ကာရေတာ ဟောတိ, ယထာဒိဋ္ဌိယာ ဗျာကတာ ဟောတိ – ဣမေဟိ ခေါ, ဥပါလိ, ပဉ္စဟင်္ဂေဟိ သမန္နာဂတော ဘိက္ခု ဥဗ္ဗာဟိကာယ သမ္မန္နိတဗ္ဗော။</p>
<p class=""bodytext"">‘‘အပရေဟိပိ, ဥပါလိ, ပဉ္စဟင်္ဂေဟိ သမန္နာဂတော ဘိက္ခု ဥဗ္ဗာဟိကာယ န သမ္မန္နိတဗ္ဗော။ ကတမေဟိ ပဉ္စဟိ? ဆန္ဒာဂတိံ ဂစ္ဆတိ, ဒေါသာဂတိံ ဂစ္ဆတိ, မောဟာဂတိံ ဂစ္ဆတိ, ဘယာဂတိံ ဂစ္ဆတိ, အလဇ္ဇီ စ ဟောတိ – ဣမေဟိ ခေါ, ဥပါလိ, ပဉ္စဟင်္ဂေဟိ သမန္နာဂတော ဘိက္ခု ဥဗ္ဗာဟိကာယ န သမ္မန္နိတဗ္ဗော။ ပဉ္စဟုပါလိ, အင်္ဂေဟိ သမန္နာဂတော ဘိက္ခု ဥဗ္ဗာဟိကာယ သမ္မန္နိတဗ္ဗော။ ကတမေဟိ ပဉ္စဟိ? န ဆန္ဒာဂတိံ ဂစ္ဆတိ, န ဒေါသာဂတိံ ဂစ္ဆတိ, န မောဟာဂတိံ ဂစ္ဆတိ, န ဘယာဂတိံ ဂစ္ဆတိ, လဇ္ဇီ <a name=""T0.0488""></a> စ ဟောတိ – ဣမေဟိ ခေါ, ဥပါလိ, ပဉ္စဟင်္ဂေဟိ သမန္နာဂတော ဘိက္ခု ဥဗ္ဗာဟိကာယ သမ္မန္နိတဗ္ဗော။</p>
<p class=""bodytext"">‘‘အပရေဟိပိ, ဥပါလိ, ပဉ္စဟင်္ဂေဟိ သမန္နာဂတော ဘိက္ခု ဥဗ္ဗာဟိကာယ န သမ္မန္နိတဗ္ဗော။ ကတမေဟိ ပဉ္စဟိ? ဆန္ဒာဂတိံ ဂစ္ဆတိ, ဒေါသာဂတိံ ဂစ္ဆတိ, မောဟာဂတိံ ဂစ္ဆတိ, ဘယာဂတိံ ဂစ္ဆတိ, အကုသလော စ ဟောတိ ဝိနယေ – ဣမေဟိ ခေါ, ဥပါလိ, ပဉ္စဟင်္ဂေဟိ သမန္နာဂတော ဘိက္ခု ဥဗ္ဗာဟိကာယ န သမ္မန္နိတဗ္ဗော။ ပဉ္စဟုပါလိ, အင်္ဂေဟိ သမန္နာဂတော ဘိက္ခု ဥဗ္ဗာဟိကာယ သမ္မန္နိတဗ္ဗော။ ကတမေဟိ ပဉ္စဟိ? န ဆန္ဒာဂတိံ ဂစ္ဆတိ, န ဒေါသာဂတိံ ဂစ္ဆတိ, န မောဟာဂတိံ ဂစ္ဆတိ, န ဘယာဂတိံ ဂစ္ဆတိ, ကုသလော စ ဟောတိ ဝိနယေ – ဣမေဟိ ခေါ, ဥပါလိ, ပဉ္စဟင်္ဂေဟိ သမန္နာဂတော ဘိက္ခု ဥဗ္ဗာဟိကာယ သမ္မန္နိတဗ္ဗော’’တိ။</p>
<p class=""bodytext""><a name=""para456""></a><a name=""para456_vin5""></a><span class=""paranum"">၄၅၆</span>။ ‘‘ကတိဟိ <a name=""V0.0366""></a> နု ခေါ, ဘန္တေ, အင်္ဂေဟိ သမန္နာဂတော ဘိက္ခု ဗာလောတွေဝ သင်္ခံ ဂစ္ဆတီ’’တိ? ‘‘ပဉ္စဟုပါလိ, အင်္ဂေဟိ သမန္နာဂတော ဘိက္ခု ဗာလောတွေဝ သင်္ခံ ဂစ္ဆတိ။ ကတမေဟိ ပဉ္စဟိ? သုတ္တံ န ဇာနာတိ, သုတ္တာနုလောမံ န ဇာနာတိ, ဝိနယံ န ဇာနာတိ, ဝိနယာနုလောမံ န ဇာနာတိ, န စ ဌာနဌာနကုသလော ဟောတိ – ဣမေဟိ ခေါ, ဥပါလိ, ပဉ္စဟင်္ဂေဟိ သမန္နာဂတော ဘိက္ခု ဗာလောတွေဝ သင်္ခံ ဂစ္ဆတိ။ ပဉ္စဟုပါလိ, အင်္ဂေဟိ သမန္နာဂတော ဘိက္ခု ပဏ္ဍိတောတွေဝ သင်္ခံ ဂစ္ဆတိ။ ကတမေဟိ ပဉ္စဟိ? သုတ္တံ ဇာနာတိ, သုတ္တာနုလောမံ ဇာနာတိ, ဝိနယံ ဇာနာတိ,</p>
",-456-
2215,mula_vi_05,345,"<p class=""noindentbodytext""> ဝိနယာနုလောမံ<a name=""M0.0345""></a> ဇာနာတိ, ဌာနာဌာနကုသလော စ <a name=""T0.0489""></a> ဟောတိ – ဣမေဟိ ခေါ, ဥပါလိ, ပဉ္စဟင်္ဂေဟိ သမန္နာဂတော ဘိက္ခု ပဏ္ဍိတောတွေဝ သင်္ခံ ဂစ္ဆတိ။</p>
<p class=""bodytext"">‘‘အပရေဟိပိ, ဥပါလိ, ပဉ္စဟင်္ဂေဟိ သမန္နာဂတော ဘိက္ခု ဗာလောတွေဝ သင်္ခံ ဂစ္ဆတိ။ ကတမေဟိ ပဉ္စဟိ? ဓမ္မံ န ဇာနာတိ, ဓမ္မာနုလောမံ <a name=""P5.0199""></a> ဇာနာတိ, ဝိနယံ န ဇာနာတိ, ဝိနယာနုလောမံ န ဇာနာတိ, န စ ပုဗ္ဗာပရကုသလော ဟောတိ – ဣမေဟိ ခေါ, ဥပါလိ, ပဉ္စဟင်္ဂေဟိ သမန္နာဂတော ဘိက္ခု ဗာလောတွေဝ သင်္ခံ ဂစ္ဆတိ။ ပဉ္စဟုပါလိ, အင်္ဂေဟိ သမန္နာဂတော ဘိက္ခု ပဏ္ဍိတောတွေဝ သင်္ခံ ဂစ္ဆတိ။ ကတမေဟိ ပဉ္စဟိ? ဓမ္မံ ဇာနာတိ, ဓမ္မာနုလောမံ ဇာနာတိ, ဝိနယံ ဇာနာတိ, ဝိနယာနုလောမံ ဇာနာတိ, ပုဗ္ဗာပရကုသလော စ ဟောတိ – ဣမေဟိ ခေါ, ဥပါလိ, ပဉ္စဟင်္ဂေဟိ သမန္နာဂတော ဘိက္ခု ပဏ္ဍိတောတွေဝ သင်္ခံ ဂစ္ဆတိ။</p>
<p class=""bodytext"">‘‘အပရေဟိပိ, ဥပါလိ, ပဉ္စဟင်္ဂေဟိ သမန္နာဂတော ဘိက္ခု ဗာလောတွေဝ သင်္ခံ ဂစ္ဆတိ။ ကတမေဟိ ပဉ္စဟိ? ဝတ္ထုံ န ဇာနာတိ, နိဒါနံ န ဇာနာတိ, ပညတ္တိံ န ဇာနာတိ, ပဒပစ္စာဘဋ္ဌံ န ဇာနာတိ, အနုသန္ဓိဝစနပထံ န ဇာနာတိ – ဣမေဟိ ခေါ, ဥပါလိ, ပဉ္စဟင်္ဂေဟိ သမန္နာဂတော ဘိက္ခု ဗာလောတွေဝ သင်္ခံ ဂစ္ဆတိ။ ပဉ္စဟုပါလိ, အင်္ဂေဟိ သမန္နာဂတော ဘိက္ခု ပဏ္ဍိတောတွေဝ သင်္ခံ ဂစ္ဆတိ။ ကတမေဟိ ပဉ္စဟိ? ဝတ္ထုံ ဇာနာတိ, နိဒါနံ ဇာနာတိ, ပညတ္တိံ ဇာနာတိ, ပဒပစ္စာဘဋ္ဌံ ဇာနာတိ, အနုသန္ဓိဝစနပထံ ဇာနာတိ – ဣမေဟိ ခေါ, ဥပါလိ, ပဉ္စဟင်္ဂေဟိ သမန္နာဂတော ဘိက္ခု ပဏ္ဍိတောတွေဝ သင်္ခံ ဂစ္ဆတိ။</p>
<p class=""bodytext"">‘‘အပရေဟိပိ, ဥပါလိ, ပဉ္စဟင်္ဂေဟိ သမန္နာဂတော <a name=""T0.0490""></a> ဘိက္ခု ဗာလောတွေဝ သင်္ခံ ဂစ္ဆတိ။ ကတမေဟိ ပဉ္စဟိ? အာပတ္တိံ န ဇာနာတိ, အာပတ္တိသမုဋ္ဌာနံ န ဇာနာတိ, အာပတ္တိယာ ပယောဂံ န ဇာနာတိ, အာပတ္တိယာ ဝူပသမံ န ဇာနာတိ, အာပတ္တိယာ န ဝိနိစ္ဆယကုသလော ဟောတိ – ဣမေဟိ ခေါ, ဥပါလိ, ပဉ္စဟင်္ဂေဟိ သမန္နာဂတော ဘိက္ခု ဗာလောတွေဝ သင်္ခံ ဂစ္ဆတိ။ ပဉ္စဟုပါလိ, အင်္ဂေဟိ သမန္နာဂတော ဘိက္ခု ပဏ္ဍိတောတွေဝ သင်္ခံ ဂစ္ဆတိ။ ကတမေဟိ ပဉ္စဟိ? အာပတ္တိံ ဇာနာတိ<a name=""V0.0367""></a>, အာပတ္တိသမုဋ္ဌာနံ ဇာနာတိ, အာပတ္တိယာ ပယောဂံ ဇာနာတိ, အာပတ္တိယာ ဝူပသမံ ဇာနာတိ, အာပတ္တိယာ ဝိနိစ္ဆယကုသလော ဟောတိ – ဣမေဟိ ခေါ, ဥပါလိ, ပဉ္စဟင်္ဂေဟိ သမန္နာဂတော ဘိက္ခု ပဏ္ဍိတောတွေဝ သင်္ခံ ဂစ္ဆတိ။</p>
",
2216,mula_vi_05,346,"<p class=""bodytext"">‘‘အပရေဟိပိ<a name=""M0.0346""></a>, ဥပါလိ, ပဉ္စဟင်္ဂေဟိ သမန္နာဂတော ဘိက္ခု ဗာလောတွေဝ သင်္ခံ ဂစ္ဆတိ။ ကတမေဟိ ပဉ္စဟိ? အဓိကရဏံ န ဇာနာတိ, အဓိကရဏသမုဋ္ဌာနံ န ဇာနာတိ, အဓိကရဏဿ ပယောဂံ န ဇာနာတိ, အဓိကရဏဿ ဝူပသမံ န ဇာနာတိ, အဓိကရဏဿ န ဝိနိစ္ဆယကုသလော ဟောတိ – ဣမေဟိ ခေါ, ဥပါလိ, ပဉ္စဟင်္ဂေဟိ သမန္နာဂတော ဘိက္ခု ဗာလောတွေဝ သင်္ခံ ဂစ္ဆတိ။ ပဉ္စဟုပါလိ, အင်္ဂေဟိ သမန္နာဂတော ဘိက္ခု ပဏ္ဍိတောတွေဝ သင်္ခံ ဂစ္ဆတိ။ ကတမေဟိ ပဉ္စဟိ? အဓိကရဏံ ဇာနာတိ, အဓိကရဏသမုဋ္ဌာနံ ဇာနာတိ, အဓိကရဏဿ ပယောဂံ ဇာနာတိ, အဓိကရဏဿ ဝူပသမံ ဇာနာတိ, အဓိကရဏဿ ဝိနိစ္ဆယကုသလော ဟောတိ – ဣမေဟိ ခေါ, ဥပါလိ, ပဉ္စဟင်္ဂေဟိ သမန္နာဂတော ဘိက္ခု ပဏ္ဍိတောတွေဝ သင်္ခံ ဂစ္ဆတီ’’တိ။</p>
<p class=""centered"">ဥဗ္ဗာဟိကဝဂ္ဂေါ နိဋ္ဌိတော နဝမော။</p>
<p class=""centered"">တဿုဒ္ဒါနံ –</p>
<p class=""gatha1"">န <a name=""T0.0491""></a> အတ္ထကုသလော စေဝ, ကောဓနော ကုပ္ပတီ စ ယော၊</p>
<p class=""gathalast"">ပသာရေတာ ဆန္ဒာဂတိံ, အကုသလော တထေဝ စ။</p>
<p class=""gatha1"">သုတ္တံ ဓမ္မဉ္စ ဝတ္ထုဉ္စ, အာပတ္တိ အဓိကရဏံ၊</p>
<p class=""gathalast"">ဒွေ ဒွေ ပကာသိတာ သဗ္ဗေ, ကဏှသုက္ကံ ဝိဇာနထာတိ။</p>
<p class=""subhead"">၁၀။ အဓိကရဏဝူပသမဝဂ္ဂေါ</p>
<p class=""bodytext""><a name=""para457""></a><a name=""para457_vin5""></a><span class=""paranum"">၄၅၇</span>။ ‘‘ကတိဟိ နု ခေါ, ဘန္တေ, အင်္ဂေဟိ သမန္နာဂတော ဘိက္ခု နာလံ အဓိကရဏံ ဝူပသမေတု’’န္တိ? ‘‘ပဉ္စဟုပါလိ, အင်္ဂေဟိ သမန္နာဂတော ဘိက္ခု နာလံ အဓိကရဏံ ဝူပသမေတုံ။ ကတမေဟိ ပဉ္စဟိ? အာပတ္တိံ <a name=""P5.0200""></a> န ဇာနာတိ, အာပတ္တိသမုဋ္ဌာနံ န ဇာနာတိ, အာပတ္တိယာ ပယောဂံ န ဇာနာတိ, အာပတ္တိယာ ဝူပသမံ န ဇာနာတိ, အာပတ္တိယာ န ဝိနိစ္ဆယကုသလော ဟောတိ – ဣမေဟိ ခေါ, ဥပါလိ, ပဉ္စဟင်္ဂေဟိ သမန္နာဂတော ဘိက္ခု နာလံ အဓိကရဏံ ဝူပသမေတုံ။ ပဉ္စဟုပါလိ, အင်္ဂေဟိ သမန္နာဂတော ဘိက္ခု အလံ အဓိကရဏံ ဝူပသမေတုံ။ ကတမေဟိ ပဉ္စဟိ? အာပတ္တိံ <a name=""V0.0368""></a> ဇာနာတိ, အာပတ္တိသမုဋ္ဌာနံ ဇာနာတိ, အာပတ္တိယာ ပယောဂံ ဇာနာတိ, အာပတ္တိယာ ဝူပသမံ ဇာနာတိ,</p>
",-457-
2217,mula_vi_05,347,"<p class=""noindentbodytext""> အာပတ္တိယာ<a name=""M0.0347""></a> ဝိနိစ္ဆယကုသလော ဟောတိ – ဣမေဟိ ခေါ, ဥပါလိ, ပဉ္စဟင်္ဂေဟိ သမန္နာဂတော ဘိက္ခု အလံ အဓိကရဏံ ဝူပသမေတုံ။</p>
<p class=""bodytext"">‘‘အပရေဟိပိ, ဥပါလိ, ပဉ္စဟင်္ဂေဟိ သမန္နာဂတော ဘိက္ခု နာလံ <a name=""T0.0492""></a> အဓိကရဏံ ဝူပသမေတုံ။ ကတမေဟိ ပဉ္စဟိ? အဓိကရဏံ န ဇာနာတိ, အဓိကရဏသမုဋ္ဌာနံ န ဇာနာတိ, အဓိကရဏဿ ပယောဂံ န ဇာနာတိ, အဓိကရဏဿ ဝူပသမံ န ဇာနာတိ, အဓိကရဏဿ န ဝိနိစ္ဆယကုသလော ဟောတိ – ဣမေဟိ ခေါ, ဥပါလိ, ပဉ္စဟင်္ဂေဟိ သမန္နာဂတော ဘိက္ခု နာလံ အဓိကရဏံ ဝူပသမေတုံ။</p>
<p class=""bodytext"">‘‘ပဉ္စဟုပါလိ, အင်္ဂေဟိ သမန္နာဂတော ဘိက္ခု အလံ အဓိကရဏံ ဝူပသမေတုံ။ ကတမေဟိ ပဉ္စဟိ? အဓိကရဏံ ဇာနာတိ, အဓိကရဏသမုဋ္ဌာနံ ဇာနာတိ, အဓိကရဏဿ ပယောဂံ ဇာနာတိ, အဓိကရဏဿ ဝူပသမံ ဇာနာတိ, အဓိကရဏဿ ဝိနိစ္ဆယကုသလော ဟောတိ – ဣမေဟိ ခေါ, ဥပါလိ, ပဉ္စဟင်္ဂေဟိ သမန္နာဂတော ဘိက္ခု အလံ အဓိကရဏံ ဝူပသမေတုံ။</p>
<p class=""bodytext"">‘‘အပရေဟိပိ, ဥပါလိ, ပဉ္စဟင်္ဂေဟိ သမန္နာဂတော ဘိက္ခု နာလံ အဓိကရဏံ ဝူပသမေတုံ။ ကတမေဟိ ပဉ္စဟိ? ဆန္ဒာဂတိံ ဂစ္ဆတိ, ဒေါသာဂတိံ ဂစ္ဆတိ, မောဟာဂတိံ ဂစ္ဆတိ, ဘယာဂတိံ ဂစ္ဆတိ, အလဇ္ဇီ စ ဟောတိ – ဣမေဟိ ခေါ, ဥပါလိ, ပဉ္စဟင်္ဂေဟိ သမန္နာဂတော ဘိက္ခု နာလံ အဓိကရဏံ ဝူပသမေတုံ။ ပဉ္စဟုပါလိ, အင်္ဂေဟိ သမန္နာဂတော ဘိက္ခု အလံ အဓိကရဏံ ဝူပသမေတုံ။ ကတမေဟိ ပဉ္စဟိ? န ဆန္ဒာဂတိံ ဂစ္ဆတိ, န ဒေါသာဂတိံ ဂစ္ဆတိ, န မောဟာဂတိံ ဂစ္ဆတိ, န ဘယာဂတိံ ဂစ္ဆတိ, လဇ္ဇီ စ ဟောတိ – ဣမေဟိ ခေါ, ဥပါလိ, ပဉ္စဟင်္ဂေဟိ သမန္နာဂတော ဘိက္ခု အလံ အဓိကရဏံ ဝူပသမေတုံ။</p>
<p class=""bodytext"">‘‘အပရေဟိပိ, ဥပါလိ, ပဉ္စဟင်္ဂေဟိ သမန္နာဂတော ဘိက္ခု နာလံ အဓိကရဏံ ဝူပသမေတုံ။ ကတမေဟိ ပဉ္စဟိ? ဆန္ဒာဂတိံ ဂစ္ဆတိ, ဒေါသာဂတိံ ဂစ္ဆတိ, မောဟာဂတိံ ဂစ္ဆတိ, ဘယာဂတိံ ဂစ္ဆတိ<a name=""T0.0493""></a>, အပ္ပဿုတော စ ဟောတိ – ဣမေဟိ ခေါ, ဥပါလိ, ပဉ္စဟင်္ဂေဟိ သမန္နာဂတော ဘိက္ခု နာလံ အဓိကရဏံ ဝူပသမေတုံ။ ပဉ္စဟုပါလိ, အင်္ဂေဟိ သမန္နာဂတော ဘိက္ခု အလံ အဓိကရဏံ ဝူပသမေတုံ။ ကတမေဟိ ပဉ္စဟိ? န ဆန္ဒာဂတိံ ဂစ္ဆတိ, န ဒေါသာဂတိံ ဂစ္ဆတိ, န မောဟာဂတိံ ဂစ္ဆတိ, န ဘယာဂတိံ ဂစ္ဆတိ, ဗဟုဿုတော စ ဟောတိ – ဣမေဟိ ခေါ, ဥပါလိ, ပဉ္စဟင်္ဂေဟိ သမန္နာဂတော ဘိက္ခု အလံ အဓိကရဏံ ဝူပသမေတုံ။</p>
",
2218,mula_vi_05,348,"<p class=""bodytext"">‘‘အပရေဟိပိ<a name=""M0.0348""></a><a name=""V0.0369""></a>, ဥပါလိ, ပဉ္စဟင်္ဂေဟိ သမန္နာဂတော ဘိက္ခု နာလံ အဓိကရဏံ ဝူပသမေတုံ။ ကတမေဟိ ပဉ္စဟိ? ဝတ္ထုံ န ဇာနာတိ, နိဒါနံ န ဇာနာတိ, ပညတ္တိံ န ဇာနာတိ, ပဒပစ္စာဘဋ္ဌံ န ဇာနာတိ, အနုသန္ဓိဝစနပထံ န ဇာနာတိ – ဣမေဟိ ခေါ, ဥပါလိ, ပဉ္စဟင်္ဂေဟိ သမန္နာဂတော ဘိက္ခု နာလံ အဓိကရဏံ ဝူပသမေတုံ။ ပဉ္စဟုပါလိ, အင်္ဂေဟိ သမန္နာဂတော ဘိက္ခု အလံ အဓိကရဏံ ဝူပသမေတုံ။ ကတမေဟိ ပဉ္စဟိ? ဝတ္ထုံ ဇာနာတိ, နိဒါနံ ဇာနာတိ, ပညတ္တိံ ဇာနာတိ, ပဒပစ္စာဘဋ္ဌံ ဇာနာတိ, အနုသန္ဓိဝစနပထံ ဇာနာတိ – ဣမေဟိ ခေါ, ဥပါလိ, ပဉ္စဟင်္ဂေဟိ သမန္နာဂတော ဘိက္ခု အလံ အဓိကရဏံ ဝူပသမေတုံ။</p>
<p class=""bodytext"">‘‘အပရေဟိပိ, ဥပါလိ, ပဉ္စဟင်္ဂေဟိ သမန္နာဂတော ဘိက္ခု နာလံ အဓိကရဏံ ဝူပသမေတုံ။ ကတမေဟိ ပဉ္စဟိ? ဆန္ဒာဂတိံ ဂစ္ဆတိ, ဒေါသာဂတိံ ဂစ္ဆတိ, မောဟာဂတိံ ဂစ္ဆတိ, ဘယာဂတိံ ဂစ္ဆတိ, အကုသလော စ ဟောတိ ဝိနယေ – ဣမေဟိ ခေါ, ဥပါလိ, ပဉ္စဟင်္ဂေဟိ သမန္နာဂတော ဘိက္ခု နာလံ အဓိကရဏံ ဝူပသမေတုံ။ ပဉ္စဟုပါလိ, အင်္ဂေဟိ သမန္နာဂတော ဘိက္ခု အလံ အဓိကရဏံ ဝူပသမေတုံ။ ကတမေဟိ ပဉ္စဟိ? န ဆန္ဒာဂတိံ ဂစ္ဆတိ, န ဒေါသာဂတိံ ဂစ္ဆတိ, န မောဟာဂတိံ ဂစ္ဆတိ, န ဘယာဂတိံ ဂစ္ဆတိ, ကုသလော စ ဟောတိ ဝိနယေ – ဣမေဟိ ခေါ, ဥပါလိ, ပဉ္စဟင်္ဂေဟိ သမန္နာဂတော ဘိက္ခု အလံ အဓိကရဏံ ဝူပသမေတုံ။</p>
<p class=""bodytext"">‘‘အပရေဟိပိ, ဥပါလိ, ပဉ္စဟင်္ဂေဟိ သမန္နာဂတော ဘိက္ခု နာလံ အဓိကရဏံ ဝူပသမေတုံ။ ကတမေဟိ ပဉ္စဟိ? ဆန္ဒာဂတိံ ဂစ္ဆတိ, ဒေါသာဂတိံ ဂစ္ဆတိ, မောဟာဂတိံ ဂစ္ဆတိ, ဘယာဂတိံ ဂစ္ဆတိ, ပုဂ္ဂလဂရု ဟောတိ နော သံဃဂရု – ဣမေဟိ ခေါ, ဥပါလိ, ပဉ္စဟင်္ဂေဟိ သမန္နာဂတော ဘိက္ခု နာလံ အဓိကရဏံ ဝူပသမေတုံ။ ပဉ္စဟုပါလိ<a name=""P5.0201""></a>, အင်္ဂေဟိ သမန္နာဂတော ဘိက္ခု အလံ အဓိကရဏံ ဝူပသမေတုံ<a name=""T0.0494""></a>။ ကတမေဟိ ပဉ္စဟိ? န ဆန္ဒာဂတိံ ဂစ္ဆတိ, န ဒေါသာဂတိံ ဂစ္ဆတိ, န မောဟာဂတိံ ဂစ္ဆတိ, န ဘယာဂတိံ ဂစ္ဆတိ, သံဃဂရု ဟောတိ နော ပုဂ္ဂလဂရု – ဣမေဟိ ခေါ, ဥပါလိ, ပဉ္စဟင်္ဂေဟိ သမန္နာဂတော ဘိက္ခု အလံ အဓိကရဏံ ဝူပသမေတုံ။</p>
<p class=""bodytext"">‘‘အပရေဟိပိ, ဥပါလိ, ပဉ္စဟင်္ဂေဟိ သမန္နာဂတော ဘိက္ခု နာလံ အဓိကရဏံ ဝူပသမေတုံ။ ကတမေဟိ ပဉ္စဟိ? ဆန္ဒာဂတိံ ဂစ္ဆတိ, ဒေါသာဂတိံ ဂစ္ဆတိ, မောဟာဂတိံ ဂစ္ဆတိ, ဘယာဂတိံ ဂစ္ဆတိ, အာမိသဂရု ဟောတိ နော သဒ္ဓမ္မဂရု – ဣမေဟိ ခေါ, ဥပါလိ, ပဉ္စဟင်္ဂေဟိ သမန္နာဂတော ဘိက္ခု နာလံ</p>
",
2219,mula_vi_05,349,"<p class=""noindentbodytext""> အဓိကရဏံ<a name=""M0.0349""></a> ဝူပသမေတုံ။ ပဉ္စဟုပါလိ, အင်္ဂေဟိ သမန္နာဂတော ဘိက္ခု အလံ အဓိကရဏံ ဝူပသမေတုံ။ ကတမေဟိ ပဉ္စဟိ? န ဆန္ဒာဂတိံ ဂစ္ဆတိ, န ဒေါသာဂတိံ ဂစ္ဆတိ, န <a name=""V0.0370""></a> မောဟာဂတိံ ဂစ္ဆတိ, န ဘယာဂတိံ ဂစ္ဆတိ, သဒ္ဓမ္မဂရု ဟောတိ နော <a name=""T0.0495""></a> အာမိသဂရု – ဣမေဟိ ခေါ, ဥပါလိ, ပဉ္စဟင်္ဂေဟိ သမန္နာဂတော ဘိက္ခု အလံ အဓိကရဏံ ဝူပသမေတု’’န္တိ။</p>
<p class=""bodytext""><a name=""para458""></a><a name=""para458_vin5""></a><span class=""paranum"">၄၅၈</span>။ ‘‘ကတိဟိ နု ခေါ, ဘန္တေ, အာကာရေဟိ သံဃော ဘိဇ္ဇတီ’’တိ? ‘‘ပဉ္စဟုပါလိ, အာကာရေဟိ သံဃော ဘိဇ္ဇတိ။ ကတမေဟိ ပဉ္စဟိ? ကမ္မေန, ဥဒ္ဒေသေန, ဝေါဟရန္တော, အနုဿာဝနေန, သလာကဂ္ဂါဟေန – ဣမေဟိ ခေါ, ဥပါလိ, ပဉ္စဟာကာရေဟိ သံဃော ဘိဇ္ဇတီ’’တိ။</p>
<p class=""bodytext"">‘‘သံဃရာဇိ သံဃရာဇီတိ, ဘန္တေ, ဝုစ္စတိ။ ကိတ္တာဝတာ နု ခေါ, ဘန္တေ, သံဃရာဇိ ဟောတိ နော စ သံဃဘေဒေါ? ကိတ္တာဝတာ စ ပန သံဃရာဇိ စေဝ ဟောတိ သံဃဘေဒေါ စာ’’တိ? ‘‘ပညတ္တေတံ, ဥပါလိ, မယာ အာဂန္တုကာနံ ဘိက္ခူနံ အာဂန္တုကဝတ္တံ။ ဧဝံ သုပညတ္တေ ခေါ, ဥပါလိ, မယာ သိက္ခာပဒေ အာဂန္တုကာ ဘိက္ခူ အာဂန္တုကဝတ္တေ န ဝတ္တန္တိ။ ဧဝမ္ပိ ခေါ, ဥပါလိ, သံဃရာဇိ ဟောတိ နော စ သံဃဘေဒေါ။ ပညတ္တေတံ, ဥပါလိ, မယာ အာဝါသိကာနံ ဘိက္ခူနံ အာဝါသိကဝတ္တံ။ ဧဝံ သုပညတ္တေ ခေါ, ဥပါလိ, မယာ သိက္ခာပဒေ အာဝါသိကာ ဘိက္ခူ အာဝါသိကဝတ္တေ န ဝတ္တန္တိ။ ဧဝမ္ပိ ခေါ, ဥပါလိ, သံဃရာဇိ ဟောတိ နော စ သံဃဘေဒေါ။ ပညတ္တေတံ ဥပါလိ မယာ ဘိက္ခူနံ ဘတ္တဂ္ဂေ ဘတ္တဂ္ဂဝတ္တံ – ယထာဝုဍ္ဎံ ယထာရတ္တံ ယထာပတိရူပံ အဂ္ဂါသနံ အဂ္ဂေါဒကံ အဂ္ဂပိဏ္ဍံ။ ဧဝံ သုပညတ္တေ ခေါ, ဥပါလိ, မယာ သိက္ခာပဒေ နဝါ ဘိက္ခူ ဘတ္တဂ္ဂေ ထေရာနံ ဘိက္ခူနံ အာသနံ ပဋိဗာဟန္တိ။ ဧဝမ္ပိ ခေါ, ဥပါလိ, သံဃရာဇိ ဟောတိ နော စ သံဃဘေဒေါ။ ပညတ္တေတံ, ဥပါလိ, မယာ ဘိက္ခူနံ သေနာသနေ <a name=""T0.0496""></a> သေနာသနဝတ္တံ – ယထာဝုဍ္ဎံ ယထာရတ္တံ ယထာပတိရူပံ။ ဧဝံ သုပညတ္တေ ခေါ, ဥပါလိ, မယာ သိက္ခာပဒေ နဝါ ဘိက္ခူ ထေရာနံ ဘိက္ခူနံ သေနာသနံ ပဋိဗာဟန္တိ။ ဧဝမ္ပိ ခေါ, ဥပါလိ, သံဃရာဇိ ဟောတိ နော စ သံဃဘေဒေါ။ ပညတ္တေတံ, ဥပါလိ, မယာ ဘိက္ခူနံ အန္တောသီမာယ ဧကံ ဥပေါသထံ ဧကံ ပဝါရဏံ ဧကံ သံဃကမ္မံ ဧကံ ကမ္မာကမ္မံ။ ဧဝံ သုပညတ္တေ ခေါ, ဥပါလိ, မယာ သိက္ခာပဒေ တတ္ထေဝ အန္တောသီမာယ အာဝေနိဘာဝံ <span class=""note"">[အာဝေဏိဘာဝံ (သီ။ သျာ။)]</span> ကရိတွာ ဂဏံ</p>
",-458-
2220,mula_vi_05,350,"<p class=""noindentbodytext""> ဗန္ဓိတွာ<a name=""M0.0350""></a> အာဝေနိံ <span class=""note"">[အာဝေဏိ (သီ။ သျာ။)]</span> ဥပေါသထံ ကရောန္တိ အာဝေနိံ ပဝါရဏံ <a name=""P5.0202""></a> ကရောန္တိ အာဝေနိံ သံဃကမ္မံ ကရောန္တိ အာဝေနိံ ကမ္မာကမ္မာနိ ကရောန္တိ။ ဧဝံ ခေါ, ဥပါလိ, သံဃရာဇိ စေဝ ဟောတိ သံဃဘေဒေါ စာ’’တိ။</p>
<p class=""centered"">အဓိကရဏဝူပသမဝဂ္ဂေါ နိဋ္ဌိတော ဒသမော။</p>
<p class=""centered"">တဿုဒ္ဒါနံ –</p>
<p class=""gatha1"">အာပတ္တိံ <a name=""V0.0371""></a> အဓိကရဏံ, ဆန္ဒာ အပ္ပဿုတေန စ၊</p>
<p class=""gatha2"">ဝတ္ထုဉ္စ အကုသလော စ, ပုဂ္ဂလော အာမိသေန စ၊</p>
<p class=""gathalast"">ဘိဇ္ဇတိ သံဃရာဇိ စ, သံဃဘေဒေါ တထေဝ စာတိ။</p>
<p class=""subhead"">၁၁။ သံဃဘေဒကဝဂ္ဂေါ</p>
<p class=""bodytext""><a name=""para459""></a><a name=""para459_vin5""></a><span class=""paranum"">၄၅၉</span>။ <span class=""note"">[စူဠဝ။ ၃၅၄-၃၅၅၊ အ။ နိ။ ၁၀။၃၈ အာဒယော]</span> ‘‘ကတိဟိ နု ခေါ, ဘန္တေ, အင်္ဂေဟိ သမန္နာဂတော သံဃဘေဒကော အာပါယိကော နေရယိကော ကပ္ပဋ္ဌော အတေကိစ္ဆော’’တိ? ‘‘ပဉ္စဟုပါလိ, အင်္ဂေဟိ သမန္နာဂတော သံဃဘေဒကော အာပါယိကော နေရယိကော ကပ္ပဋ္ဌော အတေကိစ္ဆော။ ကတမေဟိ ပဉ္စဟိ? ဣဓုပါလိ, ဘိက္ခု အဓမ္မံ ဓမ္မောတိ ဒီပေတိ, ဓမ္မံ အဓမ္မောတိ ဒီပေတိ, အဝိနယံ ဝိနယောတိ ဒီပေတိ, ဝိနယံ အဝိနယောတိ <a name=""T0.0497""></a> ဒီပေတိ, ဝိနိဓာယ ဒိဋ္ဌိံ ကမ္မေန – ဣမေဟိ ခေါ, ဥပါလိ, ပဉ္စဟင်္ဂေဟိ သမန္နာဂတော သံဃဘေဒကော အာပါယိကော နေရယိကော ကပ္ပဋ္ဌော အတေကိစ္ဆော။</p>
<p class=""bodytext"">‘‘အပရေဟိပိ, ဥပါလိ, ပဉ္စဟင်္ဂေဟိ သမန္နာဂတော သံဃဘေဒကော အာပါယိကော နေရယိကော ကပ္ပဋ္ဌော အတေကိစ္ဆော။ ကတမေဟိ ပဉ္စဟိ? ဣဓုပါလိ, ဘိက္ခု အဓမ္မံ ဓမ္မောတိ ဒီပေတိ, ဓမ္မံ အဓမ္မောတိ ဒီပေတိ, အဝိနယံ ဝိနယောတိ ဒီပေတိ, ဝိနယံ အဝိနယောတိ ဒီပေတိ, ဝိနိဓာယ ဒိဋ္ဌိံ ဥဒ္ဒေသေန – ဣမေဟိ ခေါ, ဥပါလိ, ပဉ္စဟင်္ဂေဟိ သမန္နာဂတော သံဃဘေဒကော အာပါယိကော နေရယိကော ကပ္ပဋ္ဌော အတေကိစ္ဆော။</p>
<p class=""bodytext"">‘‘အပရေဟိပိ, ဥပါလိ, ပဉ္စဟင်္ဂေဟိ သမန္နာဂတော သံဃဘေဒကော အာပါယိကော နေရယိကော ကပ္ပဋ္ဌော အတေကိစ္ဆော။ ကတမေဟိ ပဉ္စဟိ? ဣဓုပါလိ, ဘိက္ခု အဓမ္မံ ဓမ္မောတိ ဒီပေတိ, ဓမ္မံ အဓမ္မောတိ ဒီပေတိ,</p>
",-459-
2221,mula_vi_05,351,"<p class=""noindentbodytext""> အဝိနယံ<a name=""M0.0351""></a> ဝိနယောတိ ဒီပေတိ, ဝိနယံ အဝိနယောတိ ဒီပေတိ, ဝိနိဓာယ ဒိဋ္ဌိ ဝေါဟရန္တော – ဣမေဟိ ခေါ, ဥပါလိ, ပဉ္စဟင်္ဂေဟိ သမန္နာဂတော သံဃဘေဒကော အာပါယိကော နေရယိကော ကပ္ပဋ္ဌော အတေကိစ္ဆော။</p>
<p class=""bodytext"">‘‘အပရေဟိပိ, ဥပါလိ, ပဉ္စဟင်္ဂေဟိ သမန္နာဂတော သံဃဘေဒကော အာပါယိကော နေရယိကော ကပ္ပဋ္ဌော အတေကိစ္ဆော။ ကတမေဟိ ပဉ္စဟိ? ဣဓုပါလိ, ဘိက္ခု အဓမ္မံ ဓမ္မောတိ ဒီပေတိ, ဓမ္မံ အဓမ္မောတိ ဒီပေတိ, အဝိနယံ ဝိနယောတိ ဒီပေတိ, ဝိနယံ အဝိနယောတိ ဒီပေတိ, ဝိနိဓာယ ဒိဋ္ဌိံ <a name=""V0.0372""></a> အနုဿာဝနေန – ဣမေဟိ ခေါ, ဥပါလိ, ပဉ္စဟင်္ဂေဟိ သမန္နာဂတော သံဃဘေဒကော အာပါယိကော နေရယိကော ကပ္ပဋ္ဌော အတေကိစ္ဆော။</p>
<p class=""bodytext"">‘‘အပရေဟိပိ, ဥပါလိ<a name=""T0.0498""></a>, ပဉ္စဟင်္ဂေဟိ သမန္နာဂတော သံဃဘေဒကော အာပါယိကော နေရယိကော ကပ္ပဋ္ဌော အတေကိစ္ဆော။ ကတမေဟိ ပဉ္စဟိ? ဣဓုပါလိ, ဘိက္ခု အဓမ္မံ ဓမ္မောတိ ဒီပေတိ, ဓမ္မံ အဓမ္မောတိ ဒီပေတိ, အဝိနယံ ဝိနယောတိ ဒီပေတိ, ဝိနယံ အဝိနယောတိ ဒီပေတိ, ဝိနိဓာယ ဒိဋ္ဌိံ သလာကဂ္ဂါဟေန – ဣမေဟိ ခေါ, ဥပါလိ, ပဉ္စဟင်္ဂေဟိ သမန္နာဂတော သံဃဘေဒကော အာပါယိကော နေရယိကော ကပ္ပဋ္ဌော အတေကိစ္ဆော။</p>
<p class=""bodytext"">‘‘အပရေဟိပိ, ဥပါလိ, ပဉ္စဟင်္ဂေဟိ သမန္နာဂတော သံဃဘေဒကော အာပါယိကော နေရယိကော ကပ္ပဋ္ဌော အတေကိစ္ဆော။ ကတမေဟိ ပဉ္စဟိ? ဣဓုပါလိ, ဘိက္ခု အဓမ္မံ ဓမ္မောတိ ဒီပေတိ, ဓမ္မံ အဓမ္မောတိ ဒီပေတိ, အဝိနယံ ဝိနယောတိ ဒီပေတိ, ဝိနယံ အဝိနယောတိ ဒီပေတိ, ဝိနိဓာယ ခန္တိံ ကမ္မေန…ပေ… ဝိနိဓာယ ခန္တိံ ဥဒ္ဒေသေန…ပေ… ဝိနိဓာယ ခန္တိံ ဝေါဟရန္တော…ပေ… ဝိနိဓာယ ခန္တိံ အနုဿာဝနေန…ပေ… ဝိနိဓာယ ခန္တိံ သလာကဂ္ဂါဟေန – ဣမေဟိ ခေါ, ဥပါလိ, ပဉ္စဟင်္ဂေဟိ သမန္နာဂတော သံဃဘေဒကော အာပါယိကော နေရယိကော ကပ္ပဋ္ဌော အတေကိစ္ဆော။</p>
<p class=""bodytext"">‘‘အပရေဟိပိ, ဥပါလိ, ပဉ္စဟင်္ဂေဟိ သမန္နာဂတော သံဃဘေဒကော အာပါယိကော နေရယိကော ကပ္ပဋ္ဌော အတေကိစ္ဆော။ ကတမေဟိ ပဉ္စဟိ? ဣဓုပါလိ, ဘိက္ခု အဓမ္မံ ဓမ္မောတိ ဒီပေတိ, ဓမ္မံ အဓမ္မောတိ ဒီပေတိ အဝိနယံ ဝိနယောတိ ဒီပေတိ, ဝိနယံ အဝိနယောတိ ဒီပေတိ, ဝိနိဓာယ ရုစိံ ကမ္မေန…ပေ… ဝိနိဓာယ ရုစိံ ဥဒ္ဒေသေန…ပေ… ဝိနိဓာယ ရုစိံ ဝေါဟရန္တော…ပေ… ဝိနိဓာယ ရုစိံ အနုဿာဝနေန…ပေ… ဝိနိဓာယ ရုစိံ သလာကဂ္ဂါဟေန – ဣမေဟိ ခေါ<a name=""T0.0499""></a>, ဥပါလိ,</p>
",
2222,mula_vi_05,352,"<p class=""noindentbodytext""> ပဉ္စဟင်္ဂေဟိ<a name=""M0.0352""></a> သမန္နာဂတော သံဃဘေဒကော အာပါယိကော နေရယိကော ကပ္ပဋ္ဌော အတေကိစ္ဆော။</p>
<p class=""bodytext"">‘‘အပရေဟိပိ, ဥပါလိ, ပဉ္စဟင်္ဂေဟိ သမန္နာဂတော သံဃဘေဒကော အာပါယိကော နေရယိကော ကပ္ပဋ္ဌော အတေကိစ္ဆော။ ကတမေဟိ ပဉ္စဟိ? ဣဓုပါလိ<a name=""P5.0203""></a>, ဘိက္ခု အဓမ္မံ ဓမ္မောတိ ဒီပေတိ, ဓမ္မံ အဓမ္မောတိ ဒီပေတိ, အဝိနယံ ဝိနယောတိ ဒီပေတိ, ဝိနယံ အဝိနယောတိ ဒီပေတိ, ဝိနိဓာယ သညံ ကမ္မေန…ပေ… ဝိနိဓာယ သညံ ဥဒ္ဒေသေန…ပေ… ဝိနိဓာယ သညံ ဝေါဟရန္တော…ပေ… ဝိနိဓာယ သညံ အနုဿာဝနေန…ပေ… ဝိနိဓာယ သညံ သလာကဂ္ဂါဟေန – ဣမေဟိ ခေါ, ဥပါလိ, ပဉ္စဟင်္ဂေဟိ သမန္နာဂတော သံဃဘေဒကော အာပါယိကော နေရယိကော ကပ္ပဋ္ဌော အတေကိစ္ဆော’’တိ။</p>
<p class=""centered"">သံဃဘေဒကဝဂ္ဂေါ နိဋ္ဌိတော ဧကာဒသမော။</p>
<p class=""centered"">တဿုဒ္ဒါနံ –</p>
<p class=""gatha1"">ဝိနိဓာယ <a name=""V0.0373""></a> ဒိဋ္ဌိံ ကမ္မေန, ဥဒ္ဒေသေ ဝေါဟရေန စ၊</p>
<p class=""gatha2"">အနုဿာဝနေ သလာကေန, ပဉ္စေတေ ဒိဋ္ဌိနိဿိတာ၊</p>
<p class=""gathalast"">ခန္တိံ ရုစိဉ္စ သညဉ္စ, တယော တေ ပဉ္စဓာ နယာတိ။</p>
<p class=""subhead"">၁၂။ ဒုတိယသံဃဘေဒကဝဂ္ဂေါ</p>
<p class=""bodytext""><a name=""para460""></a><a name=""para460_vin5""></a><span class=""paranum"">၄၆၀</span>။ ‘‘ကတိဟိ နု ခေါ, ဘန္တေ, အင်္ဂေဟိ သမန္နာဂတော သံဃဘေဒကော န အာပါယိကော န နေရယိကော န ကပ္ပဋ္ဌော န အတေကိစ္ဆော’’တိ? ‘‘ပဉ္စဟုပါလိ, အင်္ဂေဟိ သမန္နာဂတော သံဃဘေဒကော န အာပါယိကော န နေရယိကော န ကပ္ပဋ္ဌော န အတေကိစ္ဆော။ ကတမေဟိ ပဉ္စဟိ? ဣဓုပါလိ, ဘိက္ခု အဓမ္မံ ဓမ္မောတိ ဒီပေတိ, ဓမ္မံ အဓမ္မောတိ ဒီပေတိ<a name=""T0.0500""></a>, အဝိနယံ ဝိနယောတိ ဒီပေတိ, ဝိနယံ အဝိနယောတိ ဒီပေတိ, အဝိနိဓာယ ဒိဋ္ဌိံ ကမ္မေန – ဣမေဟိ ခေါ, ဥပါလိ, ပဉ္စဟင်္ဂေဟိ သမန္နာဂတော သံဃဘေဒကော န အာပါယိကော န နေရယိကော န ကပ္ပဋ္ဌော န အတေကိစ္ဆော။</p>
<p class=""bodytext"">‘‘အပရေဟိပိ, ဥပါလိ, ပဉ္စဟင်္ဂေဟိ သမန္နာဂတော သံဃဘေဒကော န အာပါယိကော န နေရယိကော န ကပ္ပဋ္ဌော န အတေကိစ္ဆော။ ကတမေဟိ ပဉ္စဟိ? ဣဓုပါလိ, ဘိက္ခု အဓမ္မံ ဓမ္မောတိ ဒီပေတိ, ဓမ္မံ အဓမ္မောတိ ဒီပေတိ,</p>
",-460-
2223,mula_vi_05,353,"<p class=""noindentbodytext""> အဝိနယံ<a name=""M0.0353""></a> ဝိနယောတိ ဒီပေတိ, ဝိနယံ အဝိနယောတိ ဒီပေတိ, အဝိနိဓာယ ဒိဋ္ဌိံ ဥဒ္ဒေသေန – ဣမေဟိ ခေါ, ဥပါလိ, ပဉ္စဟင်္ဂေဟိ သမန္နာဂတော သံဃဘေဒကော န အာပါယိကော န နေရယိကော န ကပ္ပဋ္ဌော န အတေကိစ္ဆော။</p>
<p class=""bodytext"">‘‘အပရေဟိပိ, ဥပါလိ, ပဉ္စဟင်္ဂေဟိ သမန္နာဂတော သံဃဘေဒကော န အာပါယိကော န နေရယိကော န ကပ္ပဋ္ဌော န အတေကိစ္ဆော။ ကတမေဟိ ပဉ္စဟိ? ဣဓုပါလိ, ဘိက္ခု အဓမ္မံ ဓမ္မောတိ ဒီပေတိ, ဓမ္မံ အဓမ္မောတိ ဒီပေတိ, အဝိနယံ ဝိနယောတိ ဒီပေတိ, ဝိနယံ အဝိနယောတိ ဒီပေတိ, အဝိနိဓာယ ဒိဋ္ဌိံ ဝေါဟရန္တော။ ဣမေဟိ ခေါ, ဥပါလိ, ပဉ္စဟင်္ဂေဟိ သမန္နာဂတော သံဃဘေဒကော န အာပါယိကော န နေရယိကော န ကပ္ပဋ္ဌော န အတေကိစ္ဆော။</p>
<p class=""bodytext"">‘‘အပရေဟိပိ, ဥပါလိ, ပဉ္စဟင်္ဂေဟိ သမန္နာဂတော သံဃဘေဒကော န အာပါယိကော န နေရယိကော န ကပ္ပဋ္ဌော န အတေကိစ္ဆော။ ကတမေဟိ ပဉ္စဟိ? ဣဓုပါလိ, ဘိက္ခု အဓမ္မံ ဓမ္မောတိ ဒီပေတိ, ဓမ္မံ အဓမ္မောတိ ဒီပေတိ, အဝိနယံ ဝိနယောတိ ဒီပေတိ, ဝိနယံ အဝိနယောတိ ဒီပေတိ, အဝိနိဓာယ <a name=""T0.0501""></a><a name=""V0.0374""></a> ဒိဋ္ဌိံ အနုဿာဝနေန – ဣမေဟိ ခေါ, ဥပါလိ, ပဉ္စဟင်္ဂေဟိ သမန္နာဂတော သံဃဘေဒကော န အာပါယိကော န နေရယိကော န ကပ္ပဋ္ဌော န အတေကိစ္ဆော။</p>
<p class=""bodytext"">‘‘အပရေဟိပိ, ဥပါလိ, ပဉ္စဟင်္ဂေဟိ သမန္နာဂတော သံဃဘေဒကော န အာပါယိကော န နေရယိကော န ကပ္ပဋ္ဌော န အတေကိစ္ဆော။ ကတမေဟိ ပဉ္စဟိ? ဣဓုပါလိ, ဘိက္ခု အဓမ္မံ ဓမ္မောတိ ဒီပေတိ, ဓမ္မံ အဓမ္မောတိ ဒီပေတိ, အဝိနယံ ဝိနယောတိ ဒီပေတိ, ဝိနယံ အဝိနယောတိ ဒီပေတိ, အဝိနိဓာယ ဒိဋ္ဌိံ သလာကဂ္ဂါဟေန – ဣမေဟိ ခေါ, ဥပါလိ, ပဉ္စဟင်္ဂေဟိ သမန္နာဂတော သံဃဘေဒကော န အာပါယိကော န နေရယိကော န ကပ္ပဋ္ဌော န အတေကိစ္ဆော။</p>
<p class=""bodytext"">‘‘အပရေဟိပိ, ဥပါလိ, ပဉ္စဟင်္ဂေဟိ သမန္နာဂတော သံဃဘေဒကော န အာပါယိကော န နေရယိကော န ကပ္ပဋ္ဌော န အတေကိစ္ဆော။ ကတမေဟိ ပဉ္စဟိ? ဣဓုပါလိ, ဘိက္ခု အဓမ္မံ ဓမ္မောတိ ဒီပေတိ, ဓမ္မံ အဓမ္မောတိ ဒီပေတိ, အဝိနယံ ဝိနယောတိ ဒီပေတိ, ဝိနယံ အဝိနယောတိ ဒီပေတိ, အဝိနိဓာယ ခန္တိံ ကမ္မေန…ပေ… အဝိနိဓာယ ခန္တိံ ဥဒ္ဒေသေန…ပေ… အဝိနိဓာယ ခန္တိံ ဝေါဟရန္တော…ပေ… အဝိနိဓာယ ခန္တိံ အနုဿာဝနေန…ပေ… အဝိနိဓာယ ခန္တိံ သလာကဂ္ဂါဟေန – ဣမေဟိ ခေါ, ဥပါလိ, ပဉ္စဟင်္ဂေဟိ သမန္နာဂတော သံဃဘေဒကော န အာပါယိကော န နေရယိကော န ကပ္ပဋ္ဌော န အတေကိစ္ဆော။</p>
",
2224,mula_vi_05,354,"<p class=""bodytext"">‘‘အပရေဟိပိ<a name=""M0.0354""></a>, ဥပါလိ, ပဉ္စဟင်္ဂေဟိ သမန္နာဂတော သံဃဘေဒကော န အာပါယိကော န နေရယိကော န ကပ္ပဋ္ဌော န အတေကိစ္ဆော။ ကတမေဟိ ပဉ္စဟိ? ဣဓုပါလိ, ဘိက္ခု အဓမ္မံ ဓမ္မောတိ ဒီပေတိ, ဓမ္မံ အဓမ္မောတိ ဒီပေတိ, အဝိနယံ <a name=""T0.0502""></a> ဝိနယောတိ ဒီပေတိ, ဝိနယံ အဝိနယောတိ ဒီပေတိ, အဝိနိဓာယ ရုစိံ ကမ္မေန…ပေ… အဝိနိဓာယ ရုစိံ ဥဒ္ဒေသေန…ပေ… အဝိနိဓာယ ရုစိံ ဝေါဟရန္တော…ပေ… အဝိနိဓာယ ရုစိံ အနုဿာဝနေန…ပေ… အဝိနိဓာယ ရုစိံ သလာကဂ္ဂါဟေန – ဣမေဟိ ခေါ, ဥပါလိ, ပဉ္စဟင်္ဂေဟိ သမန္နာဂတော သံဃဘေဒကော န အာပါယိကော န နေရယိကော န ကပ္ပဋ္ဌော န အတေကိစ္ဆော။</p>
<p class=""bodytext"">‘‘အပရေဟိပိ, ဥပါလိ, ပဉ္စဟင်္ဂေဟိ သမန္နာဂတော သံဃဘေဒကော န အာပါယိကော န နေရယိကော န ကပ္ပဋ္ဌော န အတေကိစ္ဆော။ ကတမေဟိ ပဉ္စဟိ? ဣဓုပါလိ, ဘိက္ခု အဓမ္မံ ဓမ္မောတိ ဒီပေတိ, ဓမ္မံ အဓမ္မောတိ ဒီပေတိ, အဝိနယံ ဝိနယောတိ ဒီပေတိ, ဝိနယံ အဝိနယောတိ ဒီပေတိ, အဝိနိဓာယ သညံ ကမ္မေန…ပေ… အဝိနိဓာယ သညံ ဥဒ္ဒေသေန…ပေ… အဝိနိဓာယ သညံ ဝေါဟရန္တော…ပေ… အဝိနိဓာယ သညံ အနုဿာဝနေန…ပေ… အဝိနိဓာယ သညံ သလာကဂ္ဂါဟေန <a name=""V0.0375""></a> – ဣမေဟိ ခေါ, ဥပါလိ, ပဉ္စဟင်္ဂေဟိ သမန္နာဂတော သံဃဘေဒကော န အာပါယိကော န နေရယိကော န ကပ္ပဋ္ဌော န အတေကိစ္ဆော’’တိ။</p>
<p class=""centered"">ဒုတိယသံဃဘေဒကဝဂ္ဂေါ နိဋ္ဌိတော ဒွါဒသမော။</p>
<p class=""centered"">တဿုဒ္ဒါနံ –</p>
<p class=""gatha1"">အဝိနိဓာယ ဒိဋ္ဌိံ ကမ္မေန, ဥဒ္ဒေသေ ဝေါဟရေန စ၊</p>
<p class=""gathalast"">အနုဿာဝနေ သလာကေန, ပဉ္စေတေ ဒိဋ္ဌိနိဿိတာ။</p>
<p class=""gathalast"">ခန္တိံ ရုစိဉ္စ သညဉ္စ, တယော တေ ပဉ္စဓာ နယာ။</p>
<p class=""gatha1"">ဟေဋ္ဌိမေ ကဏှပက္ခမှိ, သမဝီသတိ ဝိဓီ ယထာ၊</p>
<p class=""gathalast"">တထေဝ သုက္ကပက္ခမှိ, သမဝီသတိ ဇာနထာတိ။</p>
<p class=""subhead"">၁၃။ အာဝါသိကဝဂ္ဂေါ</p>
<p class=""bodytext""><a name=""para461""></a><a name=""para461_vin5""></a><span class=""paranum"">၄၆၁</span>။ ‘‘ကတိဟိ <a name=""T0.0503""></a> နု ခေါ, ဘန္တေ, အင်္ဂေဟိ သမန္နာဂတော အာဝါသိကော ဘိက္ခု ယထာဘတံ နိက္ခိတ္တော ဧဝံ နိရယေ’’တိ? ‘‘ပဉ္စဟုပါလိ, အင်္ဂေဟိ သမန္နာဂတော အာဝါသိကော ဘိက္ခု ယထာဘတံ နိက္ခိတ္တော ဧဝံ</p>
",-461-
2225,mula_vi_05,355,"<p class=""noindentbodytext""> နိရယေ<a name=""M0.0355""></a>။ ကတမေဟိ ပဉ္စဟိ? ဆန္ဒာဂတိံ ဂစ္ဆတိ, ဒေါသာဂတိံ <a name=""P5.0204""></a> ဂစ္ဆတိ, မောဟာဂတိံ ဂစ္ဆတိ, ဘယာဂတိံ ဂစ္ဆတိ, သံဃိကံ ပုဂ္ဂလိကပရိဘောဂေန ပရိဘုဉ္ဇတိ – ဣမေဟိ ခေါ, ဥပါလိ, ပဉ္စဟင်္ဂေဟိ သမန္နာဂတော အာဝါသိကော ဘိက္ခု ယထာဘတံ နိက္ခိတ္တော ဧဝံ နိရယေ။</p>
<p class=""bodytext"">‘‘ပဉ္စဟုပါလိ, အင်္ဂေဟိ သမန္နာဂတော အာဝါသိကော ဘိက္ခု ယထာဘတံ နိက္ခိတ္တော ဧဝံ သဂ္ဂေ။ ကတမေဟိ ပဉ္စဟိ? န ဆန္ဒာဂတိံ ဂစ္ဆတိ, န ဒေါသာဂတိံ ဂစ္ဆတိ, န မောဟာဂတိံ ဂစ္ဆတိ, န ဘယာဂတိံ ဂစ္ဆတိ, သံဃိကံ န ပုဂ္ဂလိကပရိဘောဂေန ပရိဘုဉ္ဇတိ – ဣမေဟိ ခေါ, ဥပါလိ, ပဉ္စဟင်္ဂေဟိ သမန္နာဂတော အာဝါသိကော ဘိက္ခု ယထာဘတံ နိက္ခိတ္တော ဧဝံ သဂ္ဂေ’’တိ။</p>
<p class=""bodytext""><a name=""para462""></a><a name=""para462_vin5""></a><span class=""paranum"">၄၆၂</span>။ ‘‘ကတိ နု ခေါ, ဘန္တေ, အဓမ္မိကာ ဝိနယဗျာကရဏာ’’တိ? ‘‘ပဉ္စိမေ, ဥပါလိ, အဓမ္မိကာ ဝိနယဗျာကရဏာ။ ကတမေ ပဉ္စ? ဣဓုပါလိ, ဘိက္ခု အဓမ္မံ ဓမ္မောတိ ပရိဏာမေတိ, ဓမ္မံ အဓမ္မောတိ ပရိဏာမေတိ, အဝိနယံ ဝိနယောတိ ပရိဏာမေတိ, ဝိနယံ အဝိနယောတိ ပရိဏာမေတိ<a name=""V0.0376""></a>, အပညတ္တံ ပညာပေတိ, ပညတ္တံ သမုစ္ဆိန္ဒတိ – ဣမေ ခေါ, ဥပါလိ, ပဉ္စ အဓမ္မိကာ ဝိနယဗျာကရဏာ။ ပဉ္စိမေ, ဥပါလိ, ဓမ္မိကာ ဝိနယဗျာကရဏာ။ ကတမေ ပဉ္စ? ဣဓုပါလိ, ဘိက္ခု အဓမ္မံ အဓမ္မောတိ ပရိဏာမေတိ, ဓမ္မံ ဓမ္မောတိ ပရိဏာမေတိ, အဝိနယံ <a name=""T0.0504""></a> အဝိနယောတိ ပရိဏာမေတိ, ဝိနယံ ဝိနယောတိ ပရိဏာမေတိ, အပညတ္တံ န ပညပေတိ, ပညတ္တံ န သမုစ္ဆိန္ဒတိ – ဣမေ ခေါ, ဥပါလိ, ပဉ္စ ဓမ္မိကာ ဝိနယဗျာကရဏာ’’တိ။</p>
<p class=""bodytext""><a name=""para463""></a><a name=""para463_vin5""></a><span class=""paranum"">၄၆၃</span>။ <span class=""note"">[အ။ နိ။ ၅။၂၇၂-၂၈၅]</span> ‘‘ကတိဟိ နု ခေါ, ဘန္တေ, အင်္ဂေဟိ သမန္နာဂတော ဘတ္တုဒ္ဒေသကော ယထာဘတံ နိက္ခိတ္တော ဧဝံ နိရယေ’’တိ? ‘‘ပဉ္စဟုပါလိ, အင်္ဂေဟိ သမန္နာဂတော ဘတ္တုဒ္ဒေသကော ယထာဘတံ နိက္ခိတ္တော ဧဝံ နိရယေ။ ကတမေဟိ ပဉ္စဟိ? ဆန္ဒာဂတိံ ဂစ္ဆတိ, ဒေါသာဂတိံ ဂစ္ဆတိ, မောဟာဂတိံ ဂစ္ဆတိ, ဘယာဂတိံ ဂစ္ဆတိ, ဥဒ္ဒိဋ္ဌာနုဒ္ဒိဋ္ဌံ န ဇာနာတိ – ဣမေဟိ ခေါ, ဥပါလိ, ပဉ္စဟင်္ဂေဟိ သမန္နာဂတော ဘတ္တုဒ္ဒေသကော ယထာဘတံ နိက္ခိတ္တော ဧဝံ နိရယေ။</p>
<p class=""bodytext""><span class=""note"">[အ။ နိ။ ၅။၂၇၂-၂၈၅]</span> ‘‘ပဉ္စဟုပါလိ, အင်္ဂေဟိ သမန္နာဂတော ဘတ္တုဒ္ဒေသကော ယထာဘတံ နိက္ခိတ္တော ဧဝံ သဂ္ဂေ။ ကတမေဟိ ပဉ္စဟိ? န ဆန္ဒာဂတိံ ဂစ္ဆတိ, န ဒေါသာဂတိံ ဂစ္ဆတိ, န မောဟာဂတိံ ဂစ္ဆတိ, န ဘယာဂတိံ ဂစ္ဆတိ,</p>
",-462-463-
2226,mula_vi_05,356,"<p class=""noindentbodytext""> ဥဒ္ဒိဋ္ဌာနုဒ္ဒိဋ္ဌံ<a name=""M0.0356""></a> ဇာနာတိ – ဣမေဟိ ခေါ, ဥပါလိ, ပဉ္စဟင်္ဂေဟိ သမန္နာဂတော ဘတ္တုဒ္ဒေသကော ယထာဘတံ နိက္ခိတ္တော ဧဝံ သဂ္ဂေ’’တိ။</p>
<p class=""bodytext""><a name=""para464""></a><a name=""para464_vin5""></a><span class=""paranum"">၄၆၄</span>။ ‘‘ကတိဟိ နု ခေါ, ဘန္တေ, အင်္ဂေဟိ သမန္နာဂတော သေနာသနပညာပကော…ပေ… ဘဏ္ဍာဂါရိကော…ပေ… စီဝရပဋိဂ္ဂါဟကော…ပေ… စီဝရဘာဇကော…ပေ… ယာဂုဘာဇကော…ပေ… ဖလဘာဇကော…ပေ… ခဇ္ဇဘာဇကော…ပေ… အပ္ပမတ္တကဝိဿဇ္ဇကော…ပေ… သာဋိယဂ္ဂါဟာပကော…ပေ… ပတ္တဂ္ဂါဟာပကော…ပေ… အာရာမိကပေသကော…ပေ… သာမဏေရပေသကော ယထာဘတံ နိက္ခိတ္တော ဧဝံ နိရယေ’’တိ? ‘‘ပဉ္စဟုပါလိ, အင်္ဂေဟိ သမန္နာဂတော သာမဏေရပေသကော ယထာဘတံ နိက္ခိတ္တော ဧဝံ နိရယေ။ ကတမေဟိ ပဉ္စဟိ? ဆန္ဒာဂတိံ <a name=""T0.0505""></a> ဂစ္ဆတိ, ဒေါသာဂတိံ ဂစ္ဆတိ, မောဟာဂတိံ ဂစ္ဆတိ, ဘယာဂတိံ ဂစ္ဆတိ, ပေသိတာပေသိတံ န ဇာနာတိ – ဣမေဟိ ခေါ, ဥပါလိ, ပဉ္စဟင်္ဂေဟိ သမန္နာဂတော သာမဏေရပေသကော ယထာဘတံ နိက္ခိတ္တော ဧဝံ နိရယေ။ ပဉ္စဟုပါလိ, အင်္ဂေဟိ သမန္နာဂတော သာမဏေရပေသကော ယထာဘတံ နိက္ခိတ္တော ဧဝံ သဂ္ဂေ။ ကတမေဟိ ပဉ္စဟိ? န ဆန္ဒာဂတိံ ဂစ္ဆတိ, န ဒေါသာဂတိံ ဂစ္ဆတိ, န မောဟာဂတိံ ဂစ္ဆတိ, န ဘယာဂတိံ ဂစ္ဆတိ, ပေသိတာပေသိတံ ဇာနာတိ – ဣမေဟိ ခေါ, ဥပါလိ, ပဉ္စဟင်္ဂေဟိ သမန္နာဂတော သာမဏေရပေသကော ယထာဘတံ နိက္ခိတ္တော ဧဝံ သဂ္ဂေ’’တိ။</p>
<p class=""centered"">အာဝါသိကဝဂ္ဂေါ နိဋ္ဌိတော တေရသမော။</p>
<p class=""centered"">တဿုဒ္ဒါနံ –</p>
<p class=""gatha1"">အာဝါသိကဗျာကရဏာ<a name=""P5.0205""></a><a name=""V0.0377""></a>, ဘတ္တုသေနာသနာနိ စ၊</p>
<p class=""gathalast"">ဘဏ္ဍစီဝရဂ္ဂါဟော စ, စီဝရဿ စ ဘာဇကော။</p>
<p class=""gatha1"">ယာဂု ဖလံ ခဇ္ဇကဉ္စ, အပ္ပသာဋိယဂါဟကော၊</p>
<p class=""gathalast"">ပတ္တော အာရာမိကော စေဝ, သာမဏေရေန ပေသကောတိ။</p>
<p class=""subhead"">၁၄။ ကထိနတ္ထာရဝဂ္ဂေါ</p>
<p class=""bodytext""><a name=""para465""></a><a name=""para465_vin5""></a><span class=""paranum"">၄၆၅</span>။ ‘‘ကတိ နု ခေါ, ဘန္တေ, အာနိသံသာ ကထိနတ္ထာရေ’’တိ? ‘‘ပဉ္စိမေ, ဥပါလိ, အာနိသံသာ ကထိနတ္ထာရေ။ ကတမေ ပဉ္စ? အနာမန္တစာရော, အသမာဒါနစာရော, ဂဏဘောဇနံ, ယာဝဒတ္ထစီဝရံ, ယော စ တတ္ထ</p>
",-464-465-
2227,mula_vi_05,357,"<p class=""noindentbodytext""> စီဝရုပ္ပါဒေါ<a name=""M0.0357""></a> သော နေသံ ဘဝိဿတိ – ဣမေ ခေါ, ဥပါလိ, ပဉ္စ အာနိသံသာ ကထိနတ္ထာရေ’’တိ။</p>
<p class=""bodytext""><a name=""para466""></a><a name=""para466_vin5""></a><span class=""paranum"">၄၆၆</span>။ ‘‘ကတိ နု ခေါ, ဘန္တေ, အာဒီနဝါ မုဋ္ဌဿတိဿ အသမ္ပဇာနဿ နိဒ္ဒံ <a name=""T0.0506""></a> ဩက္ကမတော’’တိ? ‘‘ပဉ္စိမေ, ဥပါလိ, အာဒီနဝါ မုဋ္ဌဿတိဿ အသမ္ပဇာနဿ နိဒ္ဒံ ဩက္ကမတော။ ကတမေ ပဉ္စ? ဒုက္ခံ သုပတိ, ဒုက္ခံ ပဋိဗုဇ္ဈတိ, ပါပကံ သုပိနံ ပဿတိ, ဒေဝတာ န ရက္ခန္တိ, အသုစိ မုစ္စတိ – ဣမေ ခေါ, ဥပါလိ, ပဉ္စ အာဒီနဝါ မုဋ္ဌဿတိဿ အသမ္ပဇာနဿ နိဒ္ဒံ ဩက္ကမတော။ ပဉ္စိမေ, ဥပါလိ, အာနိသံသာ ဥပဋ္ဌိတဿတိဿ သမ္ပဇာနဿ နိဒ္ဒံ ဩက္ကမတော။ ကတမေ ပဉ္စ? သုခံ သုပတိ, သုခံ ပဋိဗုဇ္ဈတိ, န ပါပကံ သုပိနံ ပဿတိ, ဒေဝတာ ရက္ခန္တိ, အသုစိ န မုစ္စတိ – ဣမေ ခေါ, ဥပါလိ, ပဉ္စ အာနိသံသာ ဥပဋ္ဌိတဿတိဿ သမ္ပဇာနဿ နိဒ္ဒံ ဩက္ကမတော’’တိ။</p>
<p class=""bodytext""><a name=""para467""></a><a name=""para467_vin5""></a><span class=""paranum"">၄၆၇</span>။ ‘‘ကတိ နု ခေါ, ဘန္တေ, အဝန္ဒိယာ’’တိ? ‘‘ပဉ္စိမေ, ဥပါလိ, အဝန္ဒိယာ။ ကတမေ ပဉ္စ? အန္တရဃရံ ပဝိဋ္ဌော အဝန္ဒိယော, ရစ္ဆဂတော အဝန္ဒိယော, ဩတမသိကော အဝန္ဒိယော, အသမန္နာဟရန္တော အဝန္ဒိယော, သုတ္တော အဝန္ဒိယော – ဣမေ ခေါ, ဥပါလိ, ပဉ္စ အဝန္ဒိယာ။</p>
<p class=""bodytext"">‘‘အပရေပိ, ဥပါလိ, ပဉ္စ အဝန္ဒိယာ။ ကတမေ ပဉ္စ? ယာဂုပါနေ အဝန္ဒိယော, ဘတ္တဂ္ဂေ အဝန္ဒိယော, ဧကာဝတ္တော အဝန္ဒိယော, အညဝိဟိတော အဝန္ဒိယော, နဂ္ဂေါ အဝန္ဒိယော – ဣမေ ခေါ, ဥပါလိ, ပဉ္စ အဝန္ဒိယာ။</p>
<p class=""bodytext"">‘‘အပရေပိ<a name=""V0.0378""></a>, ဥပါလိ, ပဉ္စ အဝန္ဒိယာ။ ကတမေ ပဉ္စ? ခါဒန္တော အဝန္ဒိယော, ဘုဉ္ဇန္တော အဝန္ဒိယော, ဥစ္စာရံ ကရောန္တော အဝန္ဒိယော, ပဿာဝံ ကရောန္တော အဝန္ဒိယော, ဥက္ခိတ္တကော အဝန္ဒိယော – ဣမေ ခေါ, ဥပါလိ, ပဉ္စ အဝန္ဒိယာ။</p>
<p class=""bodytext"">‘‘အပရေပိ, ဥပါလိ, ပဉ္စ အဝန္ဒိယာ<a name=""T0.0507""></a>။ ကတမေ ပဉ္စ? ပုရေ ဥပသမ္ပန္နေန ပစ္ဆာ ဥပသမ္ပန္နော အဝန္ဒိယော, အနုပသမ္ပန္နော အဝန္ဒိယော, နာနာသံဝါသကော ဝုဍ္ဎတရော အဓမ္မဝါဒီ အဝန္ဒိယော, မာတုဂါမော အဝန္ဒိယော, ပဏ္ဍကော အဝန္ဒိယော – ဣမေ ခေါ, ဥပါလိ, ပဉ္စ အဝန္ဒိယာ။</p>
<p class=""bodytext"">‘‘အပရေပိ, ဥပါလိ, ပဉ္စ အဝန္ဒိယာ။ ကတမေ ပဉ္စ? ပါရိဝါသိကော အဝန္ဒိယော, မူလာယပဋိကဿနာရဟော အဝန္ဒိယော, မာနတ္တာရဟော အဝန္ဒိယော, မာနတ္တစာရိကော အဝန္ဒိယော, အဗ္ဘာနာရဟော အဝန္ဒိယော – ဣမေ ခေါ, ဥပါလိ, ပဉ္စ အဝန္ဒိယာ’’တိ။</p>
",-466-467-
2228,mula_vi_05,358,"<p class=""bodytext""><a name=""para468""></a><a name=""para468_vin5""></a><span class=""paranum"">၄၆၈</span>။ ‘‘ကတိ <a name=""P5.0206""></a><a name=""M0.0358""></a> နု ခေါ, ဘန္တေ, ဝန္ဒိယာ’’တိ? ‘‘ပဉ္စိမေ, ဥပါလိ, ဝန္ဒိယာ။ ကတမေ ပဉ္စ? ပစ္ဆာ ဥပသမ္ပန္နေန ပုရေ ဥပသမ္ပန္နော ဝန္ဒိယော, နာနာသံဝါသကော ဝုဍ္ဎတရော ဓမ္မဝါဒီ ဝန္ဒိယော, အာစရိယော ဝန္ဒိယော, ဥပဇ္ဈာယော ဝန္ဒိယော, သဒေဝကေ လောကေ သမာရကေ သဗြဟ္မကေ သဿမဏဗြာဟ္မဏိယာ ပဇာယ သဒေဝမနုဿာယ တထာဂတော အရဟံ သမ္မာသမ္ဗုဒ္ဓေါ ဝန္ဒိယော – ဣမေ ခေါ, ဥပါလိ, ပဉ္စ ဝန္ဒိယာ’’တိ။</p>
<p class=""bodytext""><a name=""para469""></a><a name=""para469_vin5""></a><span class=""paranum"">၄၆၉</span>။ ‘‘နဝကတရေန, ဘန္တေ, ဘိက္ခုနာ ဝုဍ္ဎတရဿ ဘိက္ခုနော ပါဒေ ဝန္ဒန္တေန ကတိ ဓမ္မေ အဇ္ဈတ္တံ ဥပဋ္ဌာပေတွာ ပါဒါ ဝန္ဒိတဗ္ဗာ’’တိ? ‘‘နဝကတရေနုပါလိ, ဘိက္ခုနာ ဝုဍ္ဎတရဿ ဘိက္ခုနော ပါဒေ ဝန္ဒန္တေန ပဉ္စ ဓမ္မေ အဇ္ဈတ္တံ ဥပဋ္ဌာပေတွာ ပါဒါ ဝန္ဒိတဗ္ဗာ။ ကတမေ ပဉ္စ? နဝကတရေနုပါလိ, ဘိက္ခုနာ ဝုဍ္ဎတရဿ ဘိက္ခုနော ပါဒေ ဝန္ဒန္တေန ဧကံသံ ဥတ္တရာသင်္ဂံ ကရိတွာ, အဉ္ဇလိံ ပဂ္ဂဟေတွာ<a name=""T0.0508""></a>, ဥဘောဟိ ပါဏိတလေဟိ ပါဒါနိ ပရိသမ္ဗာဟန္တေန, ပေမဉ္စ ဂါရဝဉ္စ ဥပဋ္ဌာပေတွာ ပါဒါ ဝန္ဒိတဗ္ဗာ – နဝကတရေနုပါလိ ဘိက္ခုနာ ဝုဍ္ဎတရဿ ဘိက္ခုနော ပါဒေ ဝန္ဒန္တေန ဣမေ ပဉ္စ ဓမ္မေ အဇ္ဈတ္တံ ဥပဋ္ဌာပေတွာ ပါဒါ ဝန္ဒိတဗ္ဗာ’’တိ။</p>
<p class=""centered"">ကထိနတ္ထာရဝဂ္ဂေါ နိဋ္ဌိတော စုဒ္ဒသမော။</p>
<p class=""centered"">တဿုဒ္ဒါနံ –</p>
<p class=""gatha1"">ကထိနတ္ထာရနိဒ္ဒါ <a name=""V0.0379""></a> စ, အန္တရာ ယာဂုခါဒနေ၊</p>
<p class=""gathalast"">ပုရေ စ ပါရိဝါသိ စ, ဝန္ဒိယော ဝန္ဒိတဗ္ဗကန္တိ။</p>
<p class=""centered"">ဥပါလိပဉ္စကံ နိဋ္ဌိတံ။</p>
<p class=""centered"">တေသံ ဝဂ္ဂါနံ ဥဒ္ဒါနံ</p>
<p class=""gatha1"">အနိဿိတေန ကမ္မဉ္စ, ဝေါဟာရာဝိကမ္မေန စ၊</p>
<p class=""gathalast"">စောဒနာ စ ဓုတင်္ဂါ စ, မုသာ ဘိက္ခုနိမေဝ စ။</p>
<p class=""gatha1"">ဥဗ္ဗာဟိကာဓိကရဏံ, ဘေဒကာ ပဉ္စမာ ပုရေ၊</p>
<p class=""gathalast"">အာဝါသိကာ ကထိနဉ္စ, စုဒ္ဒသာ သုပ္ပကာသိတာတိ။</p>
",-468-469-
2229,mula_vi_05,359,"<a name=""vin5_15""></a><p class=""chapter"">အတ္ထာပတ္တိသမုဋ္ဌာနံ</p>
<p class=""subhead"">၁။ ပါရာဇိကံ</p>
<p class=""bodytext""><a name=""para470""></a><a name=""para470_vin5""></a><span class=""paranum"">၄၇၀</span>။ အတ္ထာပတ္တိ <a name=""T0.0509""></a><a name=""P5.0207""></a><a name=""M0.0359""></a><a name=""V0.0380""></a> အစိတ္တကော အာပဇ္ဇတိ, သစိတ္တကော ဝုဋ္ဌာတိ။ အတ္ထာပတ္တိ သစိတ္တကော အာပဇ္ဇတိ, အစိတ္တကော ဝုဋ္ဌာတိ။ အတ္ထာပတ္တိ အစိတ္တကော အာပဇ္ဇတိ, အစိတ္တကော ဝုဋ္ဌာတိ။ အတ္ထာပတ္တိ သစိတ္တကော အာပဇ္ဇတိ, သစိတ္တကော ဝုဋ္ဌာတိ။ အတ္ထာပတ္တိ ကုသလစိတ္တော အာပဇ္ဇတိ, ကုသလစိတ္တော ဝုဋ္ဌာတိ။ အတ္ထာပတ္တိ ကုသလစိတ္တော အာပဇ္ဇတိ, အကုသလစိတ္တော ဝုဋ္ဌာတိ။ အတ္ထာပတ္တိ ကုသလစိတ္တော အာပဇ္ဇတိ, အဗျာကတစိတ္တော ဝုဋ္ဌာတိ။ အတ္ထာပတ္တိ အကုသလစိတ္တော အာပဇ္ဇတိ, ကုသလစိတ္တော ဝုဋ္ဌာတိ။ အတ္ထာပတ္တိ အကုသလစိတ္တော အာပဇ္ဇတိ, အကုသလစိတ္တော ဝုဋ္ဌာတိ။ အတ္ထာပတ္တိ အကုသလစိတ္တော အာပဇ္ဇတိ, အဗျာကတစိတ္တော ဝုဋ္ဌာတိ။ အတ္ထာပတ္တိ အဗျာကတစိတ္တော အာပဇ္ဇတိ, ကုသလစိတ္တော ဝုဋ္ဌာတိ။ အတ္ထာပတ္တိ အဗျာကတစိတ္တော အာပဇ္ဇတိ, အကုသလစိတ္တော ဝုဋ္ဌာတိ။ အတ္ထာပတ္တိ အဗျာကတစိတ္တော အာပဇ္ဇတိ, အဗျာကတစိတ္တော ဝုဋ္ဌာတိ။</p>
<p class=""bodytext"">ပဌမံ ပါရာဇိကံ ကတိဟိ သမုဋ္ဌာနေဟိ သမုဋ္ဌာတိ? ပဌမံ ပါရာဇိကံ ဧကေန သမုဋ္ဌာနေန သမုဋ္ဌာတိ။ ကာယတော စ စိတ္တတော စ သမုဋ္ဌာတိ, န ဝါစတော။</p>
<p class=""bodytext"">ဒုတိယံ ပါရာဇိကံ ကတိဟိ သမုဋ္ဌာနေဟိ သမုဋ္ဌာတိ? ဒုတိယံ ပါရာဇိကံ တီဟိ သမုဋ္ဌာနေဟိ သမုဋ္ဌာတိ – သိယာ ကာယတော စ စိတ္တတော စ သမုဋ္ဌာတိ, န ဝါစတော၊ သိယာ ဝါစတော စ စိတ္တတော စ သမုဋ္ဌာတိ, န ကာယတော၊ သိယာ ကာယတော စ <a name=""T0.0510""></a> ဝါစတော စ စိတ္တတော စ သမုဋ္ဌာတိ။</p>
<p class=""bodytext"">တတိယံ ပါရာဇိကံ ကတိဟိ သမုဋ္ဌာနေဟိ သမုဋ္ဌာတိ? တတိယံ ပါရာဇိကံ တီဟိ သမုဋ္ဌာနေဟိ သမုဋ္ဌာတိ – သိယာ ကာယတော စ စိတ္တတော စ သမုဋ္ဌာတိ, န ဝါစတော၊ သိယာ ဝါစတော စ စိတ္တတော စ သမုဋ္ဌာတိ, န ကာယတော၊ သိယာ ကာယတော စ ဝါစတော စ စိတ္တတော စ သမုဋ္ဌာတိ။</p>
<p class=""bodytext"">စတုတ္ထံ <a name=""V0.0381""></a> ပါရာဇိကံ ကတိဟိ သမုဋ္ဌာနေဟိ သမုဋ္ဌာတိ? စတုတ္ထံ ပါရာဇိကံ တီဟိ သမုဋ္ဌာနေဟိ သမုဋ္ဌာတိ – သိယာ ကာယတော စ စိတ္တတော စ</p>
",-470-
2230,mula_vi_05,360,"<p class=""noindentbodytext""> သမုဋ္ဌာတိ<a name=""M0.0360""></a>, န ဝါစတော၊ သိယာ ဝါစတော စ စိတ္တတော စ သမုဋ္ဌာတိ, န ကာယတော၊ သိယာ ကာယတော စ ဝါစတော စ စိတ္တတော စ သမုဋ္ဌာတိ။</p>
<p class=""centered"">စတ္တာရော ပါရာဇိကာ နိဋ္ဌိတာ။</p>
<p class=""subhead"">၂။ သံဃာဒိသေသံ</p>
<p class=""bodytext""><a name=""para471""></a><a name=""para471_vin5""></a><span class=""paranum"">၄၇၁</span>။ ဥပက္ကမိတွာ အသုစိံ မောစေန္တဿ သံဃာဒိသေသော ကတိဟိ သမုဋ္ဌာနေဟိ သမုဋ္ဌာတိ? ဥပက္ကမိတွာ အသုစိံ မောစေန္တဿ သံဃာဒိသေသော ဧကေန သမုဋ္ဌာနေန သမုဋ္ဌာတိ – ကာယတော စ စိတ္တတော စ သမုဋ္ဌာတိ, န ဝါစတော။</p>
<p class=""bodytext"">မာတုဂါမေန သဒ္ဓိံ ကာယသံသဂ္ဂံ သမာပဇ္ဇန္တဿ သံဃာဒိသေသော ကတိဟိ သမုဋ္ဌာနေဟိ သမုဋ္ဌာတိ? မာတုဂါမေန သဒ္ဓိံ ကာယသံသဂ္ဂံ သမာပဇ္ဇန္တဿ သံဃာဒိသေသော ဧကေန သမုဋ္ဌာနေန သမုဋ္ဌာတိ – ကာယတော စ စိတ္တတော စ သမုဋ္ဌာတိ, န ဝါစတော။</p>
<p class=""bodytext"">မာတုဂါမံ ဒုဋ္ဌုလ္လာဟိ ဝါစာဟိ ဩဘာသေန္တဿ သံဃာဒိသေသော ကတိဟိ သမုဋ္ဌာနေဟိ သမုဋ္ဌာတိ? မာတုဂါမံ ဒုဋ္ဌုလ္လာဟိ ဝါစာဟိ ဩဘာသေန္တဿ သံဃာဒိသေသော တီဟိ သမုဋ္ဌာနေဟိ သမုဋ္ဌာတိ – သိယာ ကာယတော စ <a name=""T0.0511""></a> စိတ္တတော စ သမုဋ္ဌာတိ န ဝါစတော၊ သိယာ ဝါစတော <a name=""P5.0208""></a> စ စိတ္တတော စ သမုဋ္ဌာတိ, န ကာယတော၊ သိယာ ကာယတော စ ဝါစတော စ စိတ္တတော စ သမုဋ္ဌာတိ။</p>
<p class=""bodytext"">မာတုဂါမဿ သန္တိကေ အတ္တကာမပါရိစရိယာယ ဝဏ္ဏံ ဘာသန္တဿ သံဃာဒိသေသော ကတိဟိ သမုဋ္ဌာနေဟိ သမုဋ္ဌာတိ? မာတုဂါမဿ သန္တိကေ အတ္တကာမပါရိစရိယာယ ဝဏ္ဏံ ဘာသန္တဿ သံဃာဒိသေသော တီဟိ သမုဋ္ဌာနေဟိ သမုဋ္ဌာတိ…ပေ…။</p>
<p class=""bodytext"">သဉ္စရိတ္တံ သမာပဇ္ဇန္တဿ သံဃာဒိသေသော ကတိဟိ သမုဋ္ဌာနေဟိ သမုဋ္ဌာတိ? သဉ္စရိတ္တံ သမာပဇ္ဇန္တဿ သံဃာဒိသေသော ဆဟိ သမုဋ္ဌာနေဟိ သမုဋ္ဌာတိ – သိယာ ကာယတော သမုဋ္ဌာတိ, န ဝါစတော န စိတ္တတော၊ သိယာ ဝါစတော သမုဋ္ဌာတိ, န ကာယတော န စိတ္တတော၊ သိယာ ကာယတော စ ဝါစတော စ သမုဋ္ဌာတိ, န စိတ္တတော၊ သိယာ ကာယတော စ စိတ္တတော စ သမုဋ္ဌာတိ, န ဝါစတော၊ သိယာ <a name=""V0.0382""></a> ဝါစတော စ စိတ္တတော စ</p>
",-471-
2231,mula_vi_05,361,"<p class=""noindentbodytext""> သမုဋ္ဌာတိ<a name=""M0.0361""></a>, န ကာယတော၊ သိယာ ကာယတော စ ဝါစတော စ စိတ္တတော စ သမုဋ္ဌာတိ။</p>
<p class=""bodytext"">သညာစိကာယ ကုဋိံ ကာရာပေန္တဿ သံဃာဒိသေသော ကတိဟိ သမုဋ္ဌာနေဟိ သမုဋ္ဌာတိ? သညာစိကာယ ကုဋိံ ကာရာပေန္တဿ သံဃာဒိသေသော ဆဟိ သမုဋ္ဌာနေဟိ သမုဋ္ဌာတိ…ပေ…။</p>
<p class=""bodytext"">မဟလ္လကံ ဝိဟာရံ ကာရာပေန္တဿ သံဃာဒိသေသော ကတိဟိ သမုဋ္ဌာနေဟိ သမုဋ္ဌာတိ? မဟလ္လကံ ဝိဟာရံ ကာရာပေန္တဿ သံဃာဒိသေသော ဆဟိ သမုဋ္ဌာနေဟိ သမုဋ္ဌာတိ…ပေ…။</p>
<p class=""bodytext"">ဘိက္ခုံ အမူလကေန ပါရာဇိကေန ဓမ္မေန အနုဒ္ဓံသေန္တဿ သံဃာဒိသေသော ကတိဟိ သမုဋ္ဌာနေဟိ သမုဋ္ဌာတိ? ဘိက္ခုံ အမူလကေန ပါရာဇိကေန ဓမ္မေန အနုဒ္ဓံသေန္တဿ သံဃာဒိသေသော တီဟိ သမုဋ္ဌာနေဟိ <a name=""T0.0512""></a> သမုဋ္ဌာတိ…ပေ…။</p>
<p class=""bodytext"">ဘိက္ခုံ အညဘာဂိယဿ အဓိကရဏဿ ကိဉ္စိ ဒေသံ လေသမတ္တံ ဥပါဒါယ ပါရာဇိကေန ဓမ္မေန အနုဒ္ဓံသေန္တဿ သံဃာဒိသေသော ကတိဟိ သမုဋ္ဌာနေဟိ သမုဋ္ဌာတိ? ဘိက္ခုံ အညဘာဂိယဿ အဓိကရဏဿ ကိဉ္စိ ဒေသံ လေသမတ္တံ ဥပါဒါယ ပါရာဇိကေန ဓမ္မေန အနုဒ္ဓံသေန္တဿ သံဃာဒိသေသော တီဟိ သမုဋ္ဌာနေဟိ သမုဋ္ဌာတိ…ပေ…။</p>
<p class=""bodytext"">သံဃဘေဒကဿ ဘိက္ခုနော ယာဝတတိယံ သမနုဘာသနာယ န ပဋိနိဿဇ္ဇန္တဿ သံဃာဒိသေသော ကတိဟိ သမုဋ္ဌာနေဟိ သမုဋ္ဌာတိ? သံဃဘေဒကဿ ဘိက္ခုနော ယာဝတတိယံ သမနုဘာသနာယ န ပဋိနိဿဇ္ဇန္တဿ သံဃာဒိသေသော ဧကေန သမုဋ္ဌာနေန သမုဋ္ဌာတိ – ကာယတော စ ဝါစတော စ စိတ္တတော စ သမုဋ္ဌာတိ။</p>
<p class=""bodytext"">ဘေဒကာနုဝတ္တကာနံ ဘိက္ခူနံ ယာဝတတိယံ သမနုဘာသနာယ န ပဋိနိဿဇ္ဇန္တာနံ သံဃာဒိသေသော ကတိဟိ သမုဋ္ဌာနေဟိ သမုဋ္ဌာတိ? ဘေဒကာနုဝတ္တကာနံ ဘိက္ခူနံ ယာဝတတိယံ သမနုဘာသနာယ န ပဋိနိဿဇ္ဇန္တာနံ သံဃာဒိသေသော ဧကေန သမုဋ္ဌာနေန သမုဋ္ဌာတိ – ကာယတော စ ဝါစတော စ စိတ္တတော စ သမုဋ္ဌာတိ။</p>
<p class=""bodytext"">ဒုဗ္ဗစဿ ဘိက္ခုနော ယာဝတတိယံ သမနုဘာသနာယ န ပဋိနိဿဇ္ဇန္တဿ သံဃာဒိသေသော ကတိဟိ သမုဋ္ဌာနေဟိ သမုဋ္ဌာတိ? ဒုဗ္ဗစဿ ဘိက္ခုနော ယာဝတတိယံ သမနုဘာသနာယ န ပဋိနိဿဇ္ဇန္တဿ <a name=""V0.0383""></a> သံဃာဒိသေသော ဧကေန သမုဋ္ဌာနေန သမုဋ္ဌာတိ – ကာယတော စ ဝါစတော စ စိတ္တတော စ သမုဋ္ဌာတိ။</p>
",
2232,mula_vi_05,362,"<p class=""bodytext"">ကုလဒူသကဿ <a name=""M0.0362""></a> ဘိက္ခုနော ယာဝတတိယံ သမနုဘာသနာယ န ပဋိနိဿဇ္ဇန္တဿ သံဃာဒိသေသော ကတိဟိ သမုဋ္ဌာနေဟိ သမုဋ္ဌာတိ? ကုလဒူသကဿ ဘိက္ခုနော ယာဝတတိယံ သမနုဘာသနာယ <a name=""T0.0513""></a> န ပဋိနိဿဇ္ဇန္တဿ သံဃာဒိသေသော ဧကေန သမုဋ္ဌာနေန သမုဋ္ဌာတိ – ကာယတော စ ဝါစတော စ စိတ္တတော စ သမုဋ္ဌာတိ။</p>
<p class=""centered"">တေရသ သံဃာဒိသေသာ နိဋ္ဌိတာ။</p>
<p class=""bodytext""><a name=""para472""></a><a name=""para472_vin5""></a><span class=""paranum"">၄၇၂</span>။ …ပေ… အနာဒရိယံ ပဋိစ္စ ဥဒကေ ဥစ္စာရံ ဝါ ပဿာဝံ ဝါ ခေဠံ ဝါ ကရောန္တဿ ဒုက္ကဋံ ကတိဟိ သမုဋ္ဌာနေဟိ သမုဋ္ဌာတိ? အနာဒရိယံ ပဋိစ္စ ဥဒကေ ဥစ္စာရံ ဝါ ပဿာဝံ ဝါ ခေဠံ ဝါ ကရောန္တဿ ဒုက္ကဋံ ဧကေန သမုဋ္ဌာနေန သမုဋ္ဌာတိ – ကာယတော စ စိတ္တတော စ သမုဋ္ဌာတိ, န ဝါစတော။</p>
<p class=""centered"">သေခိယာ နိဋ္ဌိတာ။</p>
<p class=""subhead"">၃။ ပါရာဇိကာဒိ</p>
<p class=""bodytext""><a name=""para473""></a><a name=""para473_vin5""></a><span class=""paranum"">၄၇၃</span>။ စတ္တာရော ပါရာဇိကာ ကတိဟိ သမုဋ္ဌာနေဟိ သမုဋ္ဌန္တိ? စတ္တာရော ပါရာဇိကာ တီဟိ သမုဋ္ဌာနေဟိ သမုဋ္ဌန္တိ – သိယာ ကာယတော စ စိတ္တတော စ သမုဋ္ဌန္တိ, န ဝါစတော၊ သိယာ ဝါစတော စ စိတ္တတော စ သမုဋ္ဌန္တိ, န ကာယတော၊ သိယာ ကာယတော စ ဝါစတော စ စိတ္တတော စ သမုဋ္ဌန္တိ။</p>
<p class=""bodytext"">တေရသ <a name=""P5.0209""></a> သံဃာဒိသေသာ ကတိဟိ သမုဋ္ဌာနေဟိ သမုဋ္ဌန္တိ? တေရသ သံဃာဒိသေသာ ဆဟိ သမုဋ္ဌာနေဟိ သမုဋ္ဌန္တိ – သိယာ ကာယတော သမုဋ္ဌန္တိ, န ဝါစတော န စိတ္တတော၊ သိယာ ဝါစတော သမုဋ္ဌန္တိ, န ကာယတော န စိတ္တတော၊ သိယာ ကာယတော စ ဝါစတော န သမုဋ္ဌန္တိ, န စိတ္တတော၊ သိယာ ကာယတော စ စိတ္တတော စ သမုဋ္ဌန္တိ, န ဝါစတော၊ သိယာ ဝါစတော စ စိတ္တတော စ သမုဋ္ဌန္တိ, န ကာယတော၊ သိယာ <a name=""T0.0514""></a> ကာယတော စ ဝါစတော စ စိတ္တတော စ သမုဋ္ဌန္တိ။</p>
<p class=""bodytext"">ဒွေ အနိယတာ ကတိဟိ သမုဋ္ဌာနေဟိ သမုဋ္ဌန္တိ? ဒွေ အနိယတာ တီဟိ သမုဋ္ဌာနေဟိ သမုဋ္ဌန္တိ <a name=""V0.0384""></a> – သိယာ ကာယတော စ စိတ္တတော စ သမုဋ္ဌန္တိ, န</p>
",-472-473-
2233,mula_vi_05,363,"<p class=""noindentbodytext""> ဝါစတော၊<a name=""M0.0363""></a> သိယာ ဝါစတော စ စိတ္တတော စ သမုဋ္ဌန္တိ, န ကာယတော၊ သိယာ ကာယတော စ ဝါစတော စ စိတ္တတော စ သမုဋ္ဌန္တိ။</p>
<p class=""bodytext"">တိံသ နိဿဂ္ဂိယာ ပါစိတ္တိယာ ကတိဟိ သမုဋ္ဌာနေဟိ သမုဋ္ဌန္တိ? တိံသ နိဿဂ္ဂိယာ ပါစိတ္တိယာ ဆဟိ သမုဋ္ဌာနေဟိ သမုဋ္ဌန္တိ – သိယာ ကာယတော သမုဋ္ဌန္တိ, န ဝါစတော န စိတ္တတော၊ သိယာ ဝါစတော သမုဋ္ဌန္တိ, န ကာယတော န စိတ္တတော၊ သိယာ ကာယတော စ ဝါစတော စ သမုဋ္ဌန္တိ, န စိတ္တတော၊ သိယာ ကာယတော စ စိတ္တတော စ သမုဋ္ဌန္တိ, န ဝါစတော၊ သိယာ ဝါစတော စ စိတ္တတော စ သမုဋ္ဌန္တိ, န ကာယတော၊ သိယာ ကာယတော စ ဝါစတော စ စိတ္တတော စ သမုဋ္ဌန္တိ။</p>
<p class=""bodytext"">ဒွေနဝုတိ ပါစိတ္တိယာ ကတိဟိ သမုဋ္ဌာနေဟိ သမုဋ္ဌန္တိ? ဒွေနဝုတိ ပါစိတ္တိယာ ဆဟိ သမုဋ္ဌာနေဟိ သမုဋ္ဌန္တိ – သိယာ ကာယတော သမုဋ္ဌန္တိ, န ဝါစတော န စိတ္တတော၊ သိယာ ဝါစတော သမုဋ္ဌန္တိ, န ကာယတော န စိတ္တတော၊ သိယာ ကာယတော စ ဝါစတော စ သမုဋ္ဌန္တိ, န စိတ္တတော၊ သိယာ ကာယတော စ စိတ္တတော စ သမုဋ္ဌန္တိ န ဝါစတော၊ သိယာ ဝါစတော စ စိတ္တတော စ သမုဋ္ဌန္တိ, န ကာယတော၊ သိယာ <a name=""T0.0515""></a> ကာယတော စ ဝါစတော စ စိတ္တတော စ သမုဋ္ဌန္တိ။</p>
<p class=""bodytext"">စတ္တာရော ပါဋိဒေသနီယာ ကတိဟိ သမုဋ္ဌာနေဟိ သမုဋ္ဌန္တိ? စတ္တာရော ပါဋိဒေသနီယာ စတူဟိ သမုဋ္ဌာနေဟိ သမုဋ္ဌန္တိ – သိယာ ကာယတော သမုဋ္ဌန္တိ, န ဝါစတော န စိတ္တတော၊ သိယာ ကာယတော စ ဝါစတော စ သမုဋ္ဌန္တိ, န စိတ္တတော၊ သိယာ ကာယတော စ စိတ္တတော စ သမုဋ္ဌန္တိ, န ဝါစတော၊ သိယာ ကာယတော စ ဝါစတော စ စိတ္တတော စ သမုဋ္ဌန္တိ။</p>
<p class=""bodytext"">ပဉ္စသတ္တတိ သေခိယာ ကတိဟိ သမုဋ္ဌာနေဟိ သမုဋ္ဌန္တိ? ပဉ္စသတ္တတိ သေခိယာ တီဟိ သမုဋ္ဌာနေဟိ သမုဋ္ဌန္တိ – သိယာ ကာယတော စ စိတ္တတော စ သမုဋ္ဌန္တိ, န ဝါစတော၊ သိယာ ဝါစတော စ စိတ္တတော စ သမုဋ္ဌန္တိ, န ကာယတော၊ သိယာ ကာယတော စ ဝါစတော စ စိတ္တတော စ သမုဋ္ဌန္တိ။</p>
<p class=""centered"">သမုဋ္ဌာနံ နိဋ္ဌိတံ။</p>
<p class=""centered"">တဿုဒ္ဒါနံ –</p>
<p class=""gatha1"">အစိတ္တကုသလာ စေဝ, သမုဋ္ဌာနဉ္စ သဗ္ဗထာ၊</p>
<p class=""gathalast"">ယထာဓမ္မေန ဉာယေန, သမုဋ္ဌာနံ ဝိဇာနထာတိ။</p>
",
2234,mula_vi_05,364,"<a name=""vin5_16""></a><p class=""chapter"">ဒုတိယဂါထာသင်္ဂဏိကံ</p>
<p class=""subhead"">၁။ ကာယိကာဒိအာပတ္တိ</p>
<p class=""bodytext""><a name=""para474""></a><a name=""para474_vin5""></a><span class=""paranum"">၄၇၄</span>။ ကတိ <a name=""T0.0516""></a><a name=""P5.0210""></a><a name=""M0.0364""></a><a name=""V0.0385""></a> အာပတ္တိယော ကာယိကာ, ကတိ ဝါစသိကာ ကတာ။</p>
<p class=""gathalast"">ဆာဒေန္တဿ ကတိ အာပတ္တိယော, ကတိ သံသဂ္ဂပစ္စယာ။</p>
<p class=""gatha1"">ဆာပတ္တိယော ကာယိကာ, ဆ ဝါစသိကာ ကတာ၊</p>
<p class=""gathalast"">ဆာဒေန္တဿ တိဿော အာပတ္တိယော, ပဉ္စ သံသဂ္ဂပစ္စယာ။</p>
<p class=""gatha1"">အရုဏုဂ္ဂေ ကတိ အာပတ္တိယော, ကတိ ယာဝတတိယကာ၊</p>
<p class=""gathalast"">ကတေတ္ထ အဋ္ဌ ဝတ္ထုကာ, ကတိဟိ သဗ္ဗသင်္ဂဟော။</p>
<p class=""gatha1"">အရုဏုဂ္ဂေ တိဿော အာပတ္တိယော, ဒွေ ယာဝတတိယကာ၊</p>
<p class=""gathalast"">ဧကေတ္ထ အဋ္ဌ ဝတ္ထုကာ, ဧကေန သဗ္ဗသင်္ဂဟော။</p>
<p class=""gatha1"">ဝိနယဿ ကတိ မူလာနိ, ယာနိ ဗုဒ္ဓေန ပညတ္တာ၊</p>
<p class=""gathalast"">ဝိနယဂရုကာ ကတိ ဝုတ္တာ, ဒုဋ္ဌုလ္လစ္ဆာဒနာ ကတိ။</p>
<p class=""gatha1"">ဝိနယဿ ဒွေ မူလာနိ, ယာနိ ဗုဒ္ဓေန ပညတ္တာ၊</p>
<p class=""gathalast"">ဝိနယဂရုကာ ဒွေ ဝုတ္တာ, ဒွေ ဒုဋ္ဌုလ္လစ္ဆာဒနာ။</p>
<p class=""gatha1"">ဂါမန္တရေ ကတိ အာပတ္တိယော, ကတိ နဒိပါရပစ္စယာ၊</p>
<p class=""gathalast"">ကတိမံသေသု ထုလ္လစ္စယံ, ကတိမံသေသု ဒုက္ကဋံ။</p>
<p class=""gatha1"">ဂါမန္တရေ <a name=""V0.0386""></a> စတဿော အာပတ္တိယော, စတဿော နဒိပါရပစ္စယာ၊</p>
<p class=""gathalast"">ဧကမံသေ ထုလ္လစ္စယံ, နဝမံသေသု ဒုက္ကဋံ။</p>
<p class=""gatha1"">ကတိ ဝါစသိကာ ရတ္တိံ, ကတိ ဝါစသိကာ ဒိဝါ၊</p>
<p class=""gathalast"">ဒဒမာနဿ ကတိ အာပတ္တိယော, ပဋိဂ္ဂဏှန္တဿ ကိတ္တကာ။</p>
<p class=""gatha1"">ဒွေ <a name=""T0.0517""></a> ဝါစသိကာ ရတ္တိံ, ဒွေ ဝါစသိကာ ဒိဝါ၊</p>
<p class=""gathalast"">ဒဒမာနဿ တိဿော အာပတ္တိယော, စတ္တာရော စ ပဋိဂ္ဂဟေ။</p>
<p class=""subhead"">၂။ ဒေသနာဂါမိနိယာဒိအာပတ္တိ</p>
<p class=""hangnum""><a name=""para475""></a><a name=""para475_vin5""></a><span class=""paranum"">၄၇၅</span>။</p>
<p class=""gatha1""> ကတိ ဒေသနာဂါမိနိယော, ကတိ သပ္ပဋိကမ္မာ ကတာ၊</p>
<p class=""gathalast"">ကတေတ္ထ အပ္ပဋိကမ္မာ ဝုတ္တာ, ဗုဒ္ဓေနာဒိစ္စဗန္ဓုနာ။</p>
",-474-475-
2235,mula_vi_05,365,"<p class=""gatha1"">ပဉ္စ <a name=""M0.0365""></a> ဒေသနာဂါမိနိယော, ဆ သပ္ပဋိကမ္မာ ကတာ၊</p>
<p class=""gathalast"">ဧကေတ္ထ အပ္ပဋိကမ္မာ ဝုတ္တာ, ဗုဒ္ဓေနာဒိစ္စဗန္ဓုနာ။</p>
<p class=""gatha1"">ဝိနယဂရုကာ ကတိ ဝုတ္တာ, ကာယဝါစသိကာနိ စ၊</p>
<p class=""gathalast"">ကတိ ဝိကာလေ ဓညရသော, ကတိ ဉတ္တိစတုတ္ထေန သမ္မုတိ။</p>
<p class=""gatha1"">ဝိနယဂရုကာ ဒွေ ဝုတ္တာ, ကာယဝါစသိကာနိ စ၊</p>
<p class=""gathalast"">ဧကော ဝိကာလေ ဓညရသော, ဧကာ ဉတ္တိစတုတ္ထေန သမ္မုတိ။</p>
<p class=""gatha1"">ပါရာဇိကာ ကာယိကာ ကတိ, ကတိ သံဝါသကဘူမိယော၊</p>
<p class=""gathalast"">ကတိနံ <a name=""P5.0211""></a> ရတ္တိစ္ဆေဒေါ, ပညတ္တာ ဒွင်္ဂုလာ ကတိ။</p>
<p class=""gatha1"">ပါရာဇိကာ ကာယိကာ ဒွေ, ဒွေ သံဝါသကဘူမိယော၊</p>
<p class=""gathalast"">ဒွိန္နံ ရတ္တိစ္ဆေဒေါ, ပညတ္တာ ဒွင်္ဂုလာ ဒုဝေ။</p>
<p class=""gatha1"">ကတတ္တာနံ <a name=""V0.0387""></a> ဝဓိတွာန, ကတိဟိ သံဃော ဘိဇ္ဇတိ၊</p>
<p class=""gathalast"">ကတေတ္ထ ပဌမာပတ္တိကာ, ဉတ္တိယာ ကရဏာ ကတိ။</p>
<p class=""gatha1"">ဒွေ အတ္တာနံ ဝဓိတွာန, ဒွီဟိ သံဃော ဘိဇ္ဇတိ၊</p>
<p class=""gathalast"">ဒွေတ္ထ ပဌမာပတ္တိကာ, ဉတ္တိယာ ကရဏာ ဒုဝေ။</p>
<p class=""gatha1"">ပါဏာတိပါတေ ကတိ အာပတ္တိယော, ဝါစာ ပါရာဇိကာ ကတိ၊</p>
<p class=""gathalast"">ဩဘာသနာ <a name=""T0.0518""></a> ကတိ ဝုတ္တာ, သဉ္စရိတ္တေန ဝါ ကတိ။</p>
<p class=""gatha1"">ပါဏာတိပါတေ တိဿော အာပတ္တိယော၊</p>
<p class=""gatha2"">ဝါစာ ပါရာဇိကာ တယော၊</p>
<p class=""gatha3"">ဩဘာသနာ တယော ဝုတ္တာ၊</p>
<p class=""gathalast"">သဉ္စရိတ္တေန ဝါ တယော။</p>
<p class=""gatha1"">ကတိ ပုဂ္ဂလာ န ဥပသမ္ပာဒေတဗ္ဗာ, ကတိ ကမ္မာနံ သင်္ဂဟာ၊</p>
<p class=""gathalast"">နာသိတကာ ကတိ ဝုတ္တာ, ကတိနံ ဧကဝါစိကာ။</p>
<p class=""gatha1"">တယော ပုဂ္ဂလာ န ဥပသမ္ပာဒေတဗ္ဗာ, တယော ကမ္မာနံ သင်္ဂဟာ၊</p>
<p class=""gathalast"">နာသိတကာ တယော ဝုတ္တာ, တိဏ္ဏန္နံ ဧကဝါစိကာ။</p>
<p class=""gatha1"">အဒိန္နာဒါနေ ကတိ အာပတ္တိယော, ကတိ မေထုနပစ္စယာ၊</p>
<p class=""gathalast"">ဆိန္ဒန္တဿ ကတိ အာပတ္တိယော, ကတိ ဆဍ္ဍိတပစ္စယာ။</p>
<p class=""gatha1"">အဒိန္နာဒါနေ တိဿော အာပတ္တိယော, စတဿော မေထုနပစ္စယာ၊</p>
<p class=""gathalast"">ဆိန္ဒန္တဿ တိဿော အာပတ္တိယော, ပဉ္စ ဆဍ္ဍိတပစ္စယာ။</p>
",
2236,mula_vi_05,366,"<p class=""gatha1"">ဘိက္ခုနောဝါဒကဝဂ္ဂသ္မိံ<a name=""M0.0366""></a>, ပါစိတ္တိယေန ဒုက္ကဋာ၊</p>
<p class=""gathalast"">ကတေတ္ထ နဝကာ ဝုတ္တာ, ကတိနံ စီဝရေန စ။</p>
<p class=""gatha1"">ဘိက္ခုနောဝါဒကဝဂ္ဂသ္မိံ<a name=""V0.0388""></a>, ပါစိတ္တိယေန ဒုက္ကဋာ ကတာ၊</p>
<p class=""gathalast"">စတုရေတ္ထ နဝကာ ဝုတ္တာ, ဒွိန္နံ စီဝရေန စ။</p>
<p class=""gatha1"">ဘိက္ခုနီနဉ္စ အက္ခာတာ, ပါဋိဒေသနိယာ ကတိ၊</p>
<p class=""gathalast"">ဘုဉ္ဇန္တာမကဓညေန, ပါစိတ္တိယေန ဒုက္ကဋာ ကတိ။</p>
<p class=""gatha1"">ဘိက္ခုနီနဉ္စ အက္ခာတာ, အဋ္ဌ ပါဋိဒေသနီယာ ကတာ၊</p>
<p class=""gathalast"">ဘုဉ္ဇန္တာမကဓညေန, ပါစိတ္တိယေန ဒုက္ကဋာ ကတာ။</p>
<p class=""gatha1"">ဂစ္ဆန္တဿ ကတိ အာပတ္တိယော, ဌိတဿ စာပိ ကိတ္တကာ၊</p>
<p class=""gathalast"">နိသိန္နဿ <a name=""T0.0519""></a> ကတိ အာပတ္တိယော, နိပန္နဿာပိ ကိတ္တကာ။</p>
<p class=""gatha1"">ဂစ္ဆန္တဿ စတဿော အာပတ္တိယော, ဌိတဿ စာပိ တတ္တကာ၊</p>
<p class=""gathalast"">နိသိန္နဿ စတဿော အာပတ္တိယော, နိပန္နဿာပိ တတ္တကာ။</p>
<p class=""subhead"">၃။ ပါစိတ္တိယံ</p>
<p class=""hangnum""><a name=""para476""></a><a name=""para476_vin5""></a><span class=""paranum"">၄၇၆</span>။</p>
<p class=""gatha1""> ကတိ ပါစိတ္တိယာနိ, သဗ္ဗာနိ နာနာဝတ္ထုကာနိ၊</p>
<p class=""gathalast"">အပုဗ္ဗံ အစရိမံ, အာပဇ္ဇေယျ ဧကတော။</p>
<p class=""gatha1"">ပဉ္စ ပါစိတ္တိယာနိ, သဗ္ဗာနိ နာနာဝတ္ထုကာနိ၊</p>
<p class=""gathalast"">အပုဗ္ဗံ အစရိမံ, အာပဇ္ဇေယျ ဧကတော။</p>
<p class=""gatha1"">ကတိ ပါစိတ္တိယာနိ, သဗ္ဗာနိ နာနာဝတ္ထုကာနိ၊</p>
<p class=""gathalast"">အပုဗ္ဗံ အစရိမံ, အာပဇ္ဇေယျ ဧကတော။</p>
<p class=""gatha1"">န <a name=""P5.0212""></a> ပါစိတ္တိယာနိ, သဗ္ဗာနိ နာနာဝတ္ထုကာနိ၊</p>
<p class=""gathalast"">အပုဗ္ဗံ အစရိမံ, အာပဇ္ဇေယျ ဧကတော။</p>
<p class=""gatha1"">ကတိ <a name=""V0.0389""></a> ပါစိတ္တိယာနိ, သဗ္ဗာနိ နာနာဝတ္ထုကာနိ၊</p>
<p class=""gathalast"">ကတိ ဝါစာယ ဒေသေယျ, ဝုတ္တာ အာဒိစ္စဗန္ဓုနာ။</p>
<p class=""gatha1"">ပဉ္စ ပါစိတ္တိယာနိ, သဗ္ဗာနိ နာနာဝတ္ထုကာနိ၊</p>
<p class=""gathalast"">ဧကဝါစာယ ဒေသေယျ, ဝုတ္တာ အာဒိစ္စဗန္ဓုနာ။</p>
<p class=""gatha1"">ကတိ ပါစိတ္တိယာနိ, သဗ္ဗာနိ နာနာဝတ္ထုကာနိ၊</p>
<p class=""gathalast"">ကတိ ဝါစာယ ဒေသေယျ, ဝုတ္တာ အာဒိစ္စဗန္ဓုနာ။</p>
",-476-
2237,mula_vi_05,367,"<p class=""gatha1"">နဝ <a name=""M0.0367""></a> ပါစိတ္တိယာနိ, သဗ္ဗာနိ နာနာဝတ္ထုကာနိ၊</p>
<p class=""gathalast"">ဧကဝါစာယ ဒေသေယျ, ဝုတ္တာ အာဒိစ္စဗန္ဓုနာ။</p>
<p class=""gatha1"">ကတိ ပါစိတ္တိယာနိ, သဗ္ဗာနိ နာနာဝတ္ထုကာနိ၊</p>
<p class=""gathalast"">ကိဉ္စ <a name=""T0.0520""></a> ကိတ္တေတွာ ဒေသေယျ, ဝုတ္တာ အာဒိစ္စဗန္ဓုနာ။</p>
<p class=""gatha1"">ပဉ္စ ပါစိတ္တိယာနိ, သဗ္ဗာနိ နာနာဝတ္ထုကာနိ၊</p>
<p class=""gathalast"">ဝတ္ထုံ ကိတ္တေတွာ ဒေသေယျ, ဝုတ္တာ အာဒိစ္စဗန္ဓုနာ။</p>
<p class=""gatha1"">ကတိ ပါစိတ္တိယာနိ, သဗ္ဗာနိ နာနာဝတ္ထုကာနိ၊</p>
<p class=""gathalast"">ကိဉ္စ ကိတ္တေတွာ ဒေသေယျ, ဝုတ္တာ အာဒိစ္စဗန္ဓုနာ။</p>
<p class=""gatha1"">နဝ ပါစိတ္တိယာနိ, သဗ္ဗာနိ နာနာဝတ္ထုကာနိ၊</p>
<p class=""gathalast"">ဝတ္ထုံ ကိတ္တေတွာ ဒေသေယျ, ဝုတ္တာ အာဒိစ္စဗန္ဓုနာ။</p>
<p class=""gatha1"">ယာဝတတိယကေ ကတိ အာပတ္တိယော, ကတိ ဝေါဟာရပစ္စယာ၊</p>
<p class=""gathalast"">ခါဒန္တဿ ကတိ အာပတ္တိယော, ကတိ ဘောဇနပစ္စယာ။</p>
<p class=""gatha1"">ယာဝတတိယကေ တိဿော အာပတ္တိယော, ဆ ဝေါဟာရပစ္စယာ၊</p>
<p class=""gathalast"">ခါဒန္တဿ တိဿော အာပတ္တိယော, ပဉ္စ ဘောဇနပစ္စယာ။</p>
<p class=""gatha1"">သဗ္ဗာ <a name=""V0.0390""></a> ယာဝတတိယကာ, ကတိ ဌာနာနိ ဂစ္ဆန္တိ၊</p>
<p class=""gathalast"">ကတိနဉ္စေဝ အာပတ္တိ, ကတိနံ အဓိကရဏေန စ။</p>
<p class=""gatha1"">သဗ္ဗာ ယာဝတတိယကာ, ပဉ္စ ဌာနာနိ ဂစ္ဆန္တိ၊</p>
<p class=""gathalast"">ပဉ္စန္နဉ္စေဝ အာပတ္တိ, ပဉ္စန္နံ အဓိကရဏေန စ။</p>
<p class=""gatha1"">ကတိနံ ဝိနိစ္ဆယော ဟောတိ, ကတိနံ ဝူပသမေန စ၊</p>
<p class=""gathalast"">ကတိနဉ္စေဝ အနာပတ္တိ, ကတိဟိ ဌာနေဟိ သောဘတိ။</p>
<p class=""gatha1"">ပဉ္စန္နံ ဝိနိစ္ဆယော ဟောတိ, ပဉ္စန္နံ ဝူပသမေန စ၊</p>
<p class=""gathalast"">ပဉ္စန္နဉ္စေဝ အနာပတ္တိ, တီဟိ ဌာနေဟိ သောဘတိ။</p>
<p class=""gatha1"">ကတိ <a name=""T0.0521""></a> ကာယိကာ ရတ္တိံ, ကတိ ကာယိကာ ဒိဝါ၊</p>
<p class=""gathalast"">နိဇ္ဈာယန္တဿ ကတိ အာပတ္တိ, ကတိ ပိဏ္ဍပါတပစ္စယာ။</p>
<p class=""gatha1"">ဒွေ ကာယိကာ ရတ္တိံ, ဒွေ ကာယိကာ ဒိဝါ၊</p>
<p class=""gathalast"">နိဇ္ဈာယန္တဿ ဧကာ အာပတ္တိ, ဧကာ ပိဏ္ဍပါတပစ္စယာ။</p>
",
2238,mula_vi_05,368,"<p class=""gatha1"">ကတာနိသံသေ <a name=""M0.0368""></a> သမ္ပဿံ, ပရေသံ သဒ္ဓါယ ဒေသယေ၊</p>
<p class=""gathalast"">ဥက္ခိတ္တကာ ကတိ ဝုတ္တာ, ကတိ သမ္မာဝတ္တနာ။</p>
<p class=""gatha1"">အဋ္ဌာနိသံသေ သမ္ပဿံ, ပရေသံ သဒ္ဓါယ ဒေသယေ၊</p>
<p class=""gathalast"">ဥက္ခိတ္တကာ တယော ဝုတ္တာ, တေစတ္တာလီသ သမ္မာဝတ္တနာ။</p>
<p class=""gatha1"">ကတိ ဌာနေ မုသာဝါဒေါ, ကတိ ပရမန္တိ ဝုစ္စတိ၊</p>
<p class=""gathalast"">ကတိ <a name=""P5.0213""></a> ပါဋိဒေသနီယာ, ကတိနံ ဒေသနာယ စ။</p>
<p class=""gatha1"">ပဉ္စ ဌာနေ မုသာဝါဒေါ, စုဒ္ဒသ ပရမန္တိ ဝုစ္စတိ၊</p>
<p class=""gathalast"">ဒွါဒသ ပါဋိဒေသနီယာ, စတုန္နံ ဒေသနာယ စ။</p>
<p class=""gatha1"">ကတင်္ဂိကော <a name=""V0.0391""></a> မုသာဝါဒေါ, ကတိ ဥပေါသထင်္ဂါနိ၊</p>
<p class=""gathalast"">ကတိ ဒူတေယျင်္ဂါနိ, ကတိ တိတ္ထိယဝတ္တနာ။</p>
<p class=""gatha1"">အဋ္ဌင်္ဂိကော မုသာဝါဒေါ, အဋ္ဌ ဥပေါသထင်္ဂါနိ၊</p>
<p class=""gathalast"">အဋ္ဌ ဒူတေယျင်္ဂါနိ, အဋ္ဌ တိတ္ထိယဝတ္တနာ။</p>
<p class=""gatha1"">ကတိဝါစိကာ ဥပသမ္ပဒါ, ကတိနံ ပစ္စုဋ္ဌာတဗ္ဗံ၊</p>
<p class=""gathalast"">ကတိနံ အာသနံ ဒါတဗ္ဗံ, ဘိက္ခုနောဝါဒကော ကတိဟိ။</p>
<p class=""gatha1"">အဋ္ဌဝါစိကာ ဥပသမ္ပဒါ, အဋ္ဌန္နံ ပစ္စုဋ္ဌာတဗ္ဗံ၊</p>
<p class=""gathalast"">အဋ္ဌန္နံ <a name=""T0.0522""></a> အာသနံ ဒါတဗ္ဗံ, ဘိက္ခုနောဝါဒကော အဋ္ဌဟိ။</p>
<p class=""gatha1"">ကတိနံ ဆေဇ္ဇံ ဟောတိ, ကတိနံ ထုလ္လစ္စယံ၊</p>
<p class=""gathalast"">ကတိနဉ္စေဝ အနာပတ္တိ, သဗ္ဗေသံ ဧကဝတ္ထုကာ။</p>
<p class=""gatha1"">ဧကဿ ဆေဇ္ဇံ ဟောတိ, စတုန္နံ ထုလ္လစ္စယံ၊</p>
<p class=""gathalast"">စတုန္နဉ္စေဝ အနာပတ္တိ, သဗ္ဗေသံ ဧကဝတ္ထုကာ။</p>
<p class=""gatha1"">ကတိ အာဃာတဝတ္ထူနိ, ကတိဟိ သံဃော ဘိဇ္ဇတိ၊</p>
<p class=""gathalast"">ကတေတ္ထ ပဌမာပတ္တိကာ, ဉတ္တိယာ ကရဏာ ကတိ။</p>
<p class=""gatha1"">နဝ အာဃာတဝတ္ထူနိ, နဝဟိ သံဃော ဘိဇ္ဇတိ၊</p>
<p class=""gathalast"">နဝေတ္ထ ပဌမာပတ္တိကာ, ဉတ္တိယာ ကရဏာ နဝ။</p>
<p class=""subhead"">၄။ အဝန္ဒနီယပုဂ္ဂလာဒိ</p>
<p class=""hangnum""><a name=""para477""></a><a name=""para477_vin5""></a><span class=""paranum"">၄၇၇</span>။</p>
<p class=""gatha1""> ကတိ ပုဂ္ဂလာ နာဘိဝါဒေတဗ္ဗာ, အဉ္ဇလိသာမိစေန စ၊</p>
<p class=""gathalast"">ကတိနံ ဒုက္ကဋံ ဟောတိ, ကတိ စီဝရဓာရဏာ။</p>
",-477-
2239,mula_vi_05,369,"<p class=""gatha1"">ဒသ <a name=""M0.0369""></a><a name=""V0.0392""></a> ပုဂ္ဂလာ နာဘိဝါဒေတဗ္ဗာ, အဉ္ဇလိသာမိစေန စ၊</p>
<p class=""gathalast"">ဒသန္နံ ဒုက္ကဋံ ဟောတိ, ဒသ စီဝရဓာရဏာ။</p>
<p class=""gatha1"">ကတိနံ ဝဿံဝုဋ္ဌာနံ, ဒါတဗ္ဗံ ဣဓ စီဝရံ၊</p>
<p class=""gathalast"">ကတိနံ ဘန္တေ ဒါတဗ္ဗံ, ကတိနဉ္စေဝ န ဒါတဗ္ဗံ။</p>
<p class=""gatha1"">ပဉ္စန္နံ ဝဿံဝုဋ္ဌာနံ, ဒါတဗ္ဗံ ဣဓ စီဝရံ၊</p>
<p class=""gathalast"">သတ္တန္နံ သန္တေ ဒါတဗ္ဗံ, သောဠသန္နံ န ဒါတဗ္ဗံ။</p>
<p class=""gatha1"">ကတိသတံ ရတ္တိသတံ, အာပတ္တိယော ဆာဒယိတွာန၊</p>
<p class=""gathalast"">ကတိ ရတ္တိယော ဝသိတွာန, မုစ္စေယျ ပါရိဝါသိကော။</p>
<p class=""gatha1"">ဒသသတံ ရတ္တိသတံ, အာပတ္တိယော ဆာဒယိတွာန၊</p>
<p class=""gathalast"">ဒသ <a name=""T0.0523""></a> ရတ္တိယော ဝသိတွာန, မုစ္စေယျ ပါရိဝါသိကော။</p>
<p class=""gatha1"">ကတိ ကမ္မဒေါသာ ဝုတ္တာ, ဗုဒ္ဓေနာဒိစ္စဗန္ဓုနာ၊</p>
<p class=""gathalast"">စမ္ပာယံ ဝိနယဝတ္ထုသ္မိံ, သဗ္ဗေဝ အဓမ္မိကာ <span class=""note"">[သဗ္ဗေ အဓမ္မိကာ (သီ။ သျာ။)]</span> ကတိ။</p>
<p class=""gatha1"">ဒွါဒသ ကမ္မဒေါသာ ဝုတ္တာ, ဗုဒ္ဓေနာဒိစ္စဗန္ဓုနာ၊</p>
<p class=""gathalast"">စမ္ပာယံ ဝိနယဝတ္ထုသ္မိံ, သဗ္ဗေဝ အဓမ္မိကာ <span class=""note"">[သဗ္ဗေဝါဓမ္မိကာ (သီ။), သဗ္ဗေ အဓမ္မိကာ (သျာ။)]</span> ကတာ။</p>
<p class=""gatha1"">ကတိ ကမ္မသမ္ပတ္တိယော ဝုတ္တာ, ဗုဒ္ဓေနာဒိစ္စဗန္ဓုနာ၊</p>
<p class=""gathalast"">စမ္ပာယံ ဝိနယဝတ္ထုသ္မိံ, သဗ္ဗေဝ ဓမ္မိကာ ကတိ။</p>
<p class=""gatha1"">စတဿော ကမ္မသမ္ပတ္တိယော ဝုတ္တာ, ဗုဒ္ဓေနာဒိစ္စဗန္ဓုနာ၊</p>
<p class=""gathalast"">စမ္ပာယံ <a name=""P5.0214""></a> ဝိနယဝတ္ထုသ္မိံ, သဗ္ဗေဝ ဓမ္မိကာ ကတာ။</p>
<p class=""gatha1"">ကတိ ကမ္မာနိ ဝုတ္တာနိ, ဗုဒ္ဓေနာဒိစ္စဗန္ဓုနာ၊</p>
<p class=""gathalast"">စမ္ပာယံ ဝိနယဝတ္ထုသ္မိံ, ဓမ္မိကာ အဓမ္မိကာ ကတိ။</p>
<p class=""gatha1"">ဆ <a name=""V0.0393""></a> ကမ္မာနိ ဝုတ္တာနိ, ဗုဒ္ဓေနာဒိစ္စဗန္ဓုနာ၊</p>
<p class=""gatha2"">စမ္ပာယံ ဝိနယဝတ္ထုသ္မိံ, ဧကေတ္ထ ဓမ္မိကာ ကတာ၊</p>
<p class=""gathalast"">ပဉ္စ အဓမ္မိကာ ဝုတ္တာ, ဗုဒ္ဓေနာဒိစ္စဗန္ဓုနာ။</p>
<p class=""gatha1"">ကတိ ကမ္မာနိ ဝုတ္တာနိ, ဗုဒ္ဓေနာဒိစ္စဗန္ဓုနာ၊</p>
<p class=""gathalast"">စမ္ပာယံ ဝိနယဝတ္ထုသ္မိံ, ဓမ္မိကာ အဓမ္မိကာ ကတိ။</p>
",
2240,mula_vi_05,370,"<p class=""gatha1"">စတ္တာရိ <a name=""M0.0370""></a> ကမ္မာနိ ဝုတ္တာနိ, ဗုဒ္ဓေနာဒိစ္စဗန္ဓုနာ၊</p>
<p class=""gatha2"">စမ္ပာယံ ဝိနယဝတ္ထုသ္မိံ, ဧကေတ္ထ ဓမ္မိကာ ကတာ၊</p>
<p class=""gathalast"">တယော အဓမ္မိကာ ဝုတ္တာ, ဗုဒ္ဓေနာဒိစ္စဗန္ဓုနာ။</p>
<p class=""gatha1"">ယံ ဒေသိတံနန္တဇိနေန တာဒိနာ၊</p>
<p class=""gatha2"">အာပတ္တိက္ခန္ဓာနိ <a name=""T0.0524""></a> ဝိဝေကဒဿိနာ၊</p>
<p class=""gatha3"">ကတေတ္ထ သမ္မန္တိ ဝိနာ သမထေဟိ၊</p>
<p class=""gathalast"">ပုစ္ဆာမိ တံ ဗြူဟိ ဝိဘင်္ဂကောဝိဒ။</p>
<p class=""gatha1"">ယံ ဒေသိတံနန္တဇိနေန တာဒိနာ၊</p>
<p class=""gatha2"">အာပတ္တိက္ခန္ဓာနိ ဝိဝေကဒဿိနာ၊</p>
<p class=""gatha3"">ဧကေတ္ထ သမ္မတိ ဝိနာ သမထေဟိ၊</p>
<p class=""gathalast"">ဧတံ တေ အက္ခာမိ ဝိဘင်္ဂကောဝိဒ။</p>
<p class=""gatha1"">ကတိ အာပါယိကာ ဝုတ္တာ, ဗုဒ္ဓေနာဒိစ္စဗန္ဓုနာ၊</p>
<p class=""gathalast"">ဝိနယံ ပဋိဇာနန္တဿ, ဝိနယာနိ <span class=""note"">[ဝိသယာနိ (သီ။ သျာ။ ဧဝမုပရိပိ)]</span> သုဏောမ တေ။</p>
<p class=""gatha1"">ဆဦနဒိယဍ္ဎသတာ ဝုတ္တာ, ဗုဒ္ဓေနာဒိစ္စဗန္ဓုနာ၊</p>
<p class=""gatha2"">အာပါယိကာ နေရယိကာ, ကပ္ပဋ္ဌာ သံဃဘေဒကာ၊</p>
<p class=""gathalast"">ဝိနယံ ပဋိဇာနန္တဿ, ဝိနယာနိ သုဏောဟိ မေ။</p>
<p class=""gatha1"">ကတိ နာပါယိကာ ဝုတ္တာ, ဗုဒ္ဓေနာဒိစ္စဗန္ဓုနာ၊</p>
<p class=""gathalast"">ဝိနယံ ပဋိဇာနန္တဿ, ဝိနယာနိ သုဏောမ တေ။</p>
<p class=""gatha1"">အဋ္ဌာရသ <a name=""V0.0394""></a> နာပါယိကာ ဝုတ္တာ, ဗုဒ္ဓေနာဒိစ္စဗန္ဓုနာ၊</p>
<p class=""gathalast"">ဝိနယံ ပဋိဇာနန္တဿ, ဝိနယာနိ သုဏောဟိ မေ။</p>
<p class=""gatha1"">ကတိ အဋ္ဌကာ ဝုတ္တာ, ဗုဒ္ဓေနာဒိစ္စဗန္ဓုနာ၊</p>
<p class=""gathalast"">ဝိနယံ ပဋိဇာနန္တဿ, ဝိနယာနိ သုဏောမ တေ။</p>
<p class=""gatha1"">အဋ္ဌာရသ အဋ္ဌကာ ဝုတ္တာ, ဗုဒ္ဓေနာဒိစ္စဗန္ဓုနာ၊</p>
<p class=""gathalast"">ဝိနယံ ပဋိဇာနန္တဿ, ဝိနယာနိ သုဏောဟိ မေ။</p>
<p class=""subhead"">၅။ သောဠသကမ္မာဒိ</p>
<p class=""hangnum""><a name=""para478""></a><a name=""para478_vin5""></a><span class=""paranum"">၄၇၈</span>။</p>
<p class=""gatha1""> ကတိ <a name=""T0.0525""></a> ကမ္မာနိ ဝုတ္တာနိ, ဗုဒ္ဓေနာဒိစ္စဗန္ဓုနာ၊</p>
<p class=""gathalast"">ဝိနယံ ပဋိဇာနန္တဿ, ဝိနယာနိ သုဏောမ တေ။</p>
",-478-
2241,mula_vi_05,371,"<p class=""gatha1"">သောဠသ <a name=""M0.0371""></a> ကမ္မာနိ ဝုတ္တာနိ, ဗုဒ္ဓေနာဒိစ္စဗန္ဓုနာ၊</p>
<p class=""gathalast"">ဝိနယံ ပဋိဇာနန္တဿ, ဝိနယာနိ သုဏောဟိ မေ။</p>
<p class=""gatha1"">ကတိ ကမ္မဒေါသာ ဝုတ္တာ, ဗုဒ္ဓေနာဒိစ္စဗန္ဓုနာ၊</p>
<p class=""gathalast"">ဝိနယံ <a name=""P5.0215""></a> ပဋိဇာနန္တဿ, ဝိနယာနိ သုဏောမ တေ။</p>
<p class=""gatha1"">ဒွါဒသ ကမ္မဒေါသာ ဝုတ္တာ, ဗုဒ္ဓေနာဒိစ္စဗန္ဓုနာ၊</p>
<p class=""gathalast"">ဝိနယံ ပဋိဇာနန္တဿ, ဝိနယာနိ သုဏောဟိ မေ။</p>
<p class=""gatha1"">ကတိ ကမ္မသမ္ပတ္တိယော ဝုတ္တာ, ဗုဒ္ဓေနာဒိစ္စဗန္ဓုနာ၊</p>
<p class=""gathalast"">ဝိနယံ ပဋိဇာနန္တဿ, ဝိနယာနိ သုဏောမ တေ။</p>
<p class=""gatha1"">စတဿော ကမ္မသမ္ပတ္တိယော ဝုတ္တာ, ဗုဒ္ဓေနာဒိစ္စဗန္ဓုနာ၊</p>
<p class=""gathalast"">ဝိနယံ ပဋိဇာနန္တဿ, ဝိနယာနိ သုဏောဟိ မေ။</p>
<p class=""gatha1"">ကတိ <a name=""V0.0395""></a> ကမ္မာနိ ဝုတ္တာနိ, ဗုဒ္ဓေနာဒိစ္စဗန္ဓုနာ၊</p>
<p class=""gathalast"">ဝိနယံ ပဋိဇာနန္တဿ, ဝိနယာနိ သုဏောမ တေ။</p>
<p class=""gatha1"">ဆ ကမ္မာနိ ဝုတ္တာနိ, ဗုဒ္ဓေနာဒိစ္စဗန္ဓုနာ၊</p>
<p class=""gathalast"">ဝိနယံ ပဋိဇာနန္တဿ, ဝိနယာနိ သုဏောဟိ မေ။</p>
<p class=""gatha1"">ကတိ ကမ္မာနိ ဝုတ္တာနိ, ဗုဒ္ဓေနာဒိစ္စဗန္ဓုနာ၊</p>
<p class=""gathalast"">ဝိနယံ ပဋိဇာနန္တဿ, ဝိနယာနိ သုဏောမ တေ။</p>
<p class=""gatha1"">စတ္တာရိ ကမ္မာနိ ဝုတ္တာနိ, ဗုဒ္ဓေနာဒိစ္စဗန္ဓုနာ၊</p>
<p class=""gathalast"">ဝိနယံ ပဋိဇာနန္တဿ, ဝိနယာနိ သုဏောဟိ မေ။</p>
<p class=""gatha1"">ကတိ <a name=""T0.0526""></a> ပါရာဇိကာ ဝုတ္တာ, ဗုဒ္ဓေနာဒိစ္စဗန္ဓုနာ၊</p>
<p class=""gathalast"">ဝိနယံ ပဋိဇာနန္တဿ, ဝိနယာနိ သုဏောမ တေ။</p>
<p class=""gatha1"">အဋ္ဌ ပါရာဇိကာ ဝုတ္တာ, ဗုဒ္ဓေနာဒိစ္စဗန္ဓုနာ၊</p>
<p class=""gathalast"">ဝိနယံ ပဋိဇာနန္တဿ, ဝိနယာနိ သုဏောဟိ မေ။</p>
<p class=""gatha1"">ကတိ သံဃာဒိသေသာ ဝုတ္တာ, ဗုဒ္ဓေနာဒိစ္စဗန္ဓုနာ၊</p>
<p class=""gathalast"">ဝိနယံ ပဋိဇာနန္တဿ, ဝိနယာနိ သုဏောမ တေ။</p>
<p class=""gatha1"">တေဝီသ သံဃာဒိသေသာ ဝုတ္တာ, ဗုဒ္ဓေနာဒိစ္စဗန္ဓုနာ၊</p>
<p class=""gathalast"">ဝိနယံ ပဋိဇာနန္တဿ, ဝိနယာနိ သုဏောဟိ မေ။</p>
",
2242,mula_vi_05,372,"<p class=""gatha1"">ကတိ <a name=""M0.0372""></a> အနိယတာ ဝုတ္တာ, ဗုဒ္ဓေနာဒိစ္စဗန္ဓုနာ၊</p>
<p class=""gathalast"">ဝိနယံ ပဋိဇာနန္တဿ, ဝိနယာနိ သုဏောမ တေ။</p>
<p class=""gatha1"">ဒွေ အနိယတာ ဝုတ္တာ, ဗုဒ္ဓေနာဒိစ္စဗန္ဓုနာ၊</p>
<p class=""gathalast"">ဝိနယံ ပဋိဇာနန္တဿ, ဝိနယာနိ သုဏောဟိ မေ။</p>
<p class=""gatha1"">ကတိ <a name=""V0.0396""></a> နိဿဂ္ဂိယာ ဝုတ္တာ, ဗုဒ္ဓေနာဒိစ္စဗန္ဓုနာ၊</p>
<p class=""gathalast"">ဝိနယံ ပဋိဇာနန္တဿ, ဝိနယာနိ သုဏောမ တေ။</p>
<p class=""gatha1"">ဒွေစတ္တာလီသ နိဿဂ္ဂိယာ ဝုတ္တာ, ဗုဒ္ဓေနာဒိစ္စဗန္ဓုနာ၊</p>
<p class=""gathalast"">ဝိနယံ ပဋိဇာနန္တဿ, ဝိနယာနိ သုဏောဟိ မေ။</p>
<p class=""gatha1"">ကတိ ပါစိတ္တိယာ ဝုတ္တာ, ဗုဒ္ဓေနာဒိစ္စဗန္ဓုနာ၊</p>
<p class=""gathalast"">ဝိနယံ ပဋိဇာနန္တဿ, ဝိနယာနိ သုဏောမ တေ။</p>
<p class=""gatha1"">အဋ္ဌာသီတိသတံ ပါစိတ္တိယာ ဝုတ္တာ, ဗုဒ္ဓေနာဒိစ္စဗန္ဓုနာ၊</p>
<p class=""gathalast"">ဝိနယံ ပဋိဇာနန္တဿ, ဝိနယာနိ သုဏောဟိ မေ။</p>
<p class=""gatha1"">ကတိ <a name=""T0.0527""></a> ပါဋိဒေသနီယာ ဝုတ္တာ, ဗုဒ္ဓေနာဒိစ္စဗန္ဓုနာ၊</p>
<p class=""gathalast"">ဝိနယံ ပဋိဇာနန္တဿ, ဝိနယာနိ သုဏောမ တေ။</p>
<p class=""gatha1"">ဒွါဒသ ပါဋိဒေသနီယာ ဝုတ္တာ, ဗုဒ္ဓေနာဒိစ္စဗန္ဓုနာ၊</p>
<p class=""gathalast"">ဝိနယံ ပဋိဇာနန္တဿ, ဝိနယာနိ သုဏောဟိ မေ။</p>
<p class=""gatha1"">ကတိ သေခိယာ ဝုတ္တာ, ဗုဒ္ဓေနာဒိစ္စဗန္ဓုနာ၊</p>
<p class=""gathalast"">ဝိနယံ ပဋိဇာနန္တဿ, ဝိနယာနိ သုဏောမ တေ။</p>
<p class=""gatha1"">ပဉ္စသတ္တတိ သေခိယာ ဝုတ္တာ, ဗုဒ္ဓေနာဒိစ္စဗန္ဓုနာ၊</p>
<p class=""gathalast"">ဝိနယံ ပဋိဇာနန္တဿ, ဝိနယာနိ သုဏောဟိ မေ။</p>
<p class=""gatha1"">ယာဝ သုပုစ္ဆိတံ တယာ, ယာဝ သုဝိဿဇ္ဇိတံ မယာ၊</p>
<p class=""gathalast"">ပုစ္ဆာဝိဿဇ္ဇနာယ ဝါ, နတ္ထိ ကိဉ္စိ အသုတ္တကန္တိ။</p>
<p class=""centered"">ဒုတိယဂါထာသင်္ဂဏိကံ နိဋ္ဌိတံ။</p>
",
2243,mula_vi_05,373,"<a name=""vin5_17""></a><p class=""chapter"">သေဒမောစနဂါထာ</p>
<p class=""subhead"">၁။ အဝိပ္ပဝါသပဉှာ</p>
<p class=""hangnum""><a name=""para479""></a><a name=""para479_vin5""></a><span class=""paranum"">၄၇၉</span>။</p>
<p class=""gatha1""> အသံဝါသော <a name=""T0.0528""></a><a name=""P5.0216""></a><a name=""M0.0373""></a><a name=""V0.0397""></a> ဘိက္ခူဟိ စ ဘိက္ခုနီဟိ စ၊</p>
<p class=""gatha2"">သမ္ဘောဂေါ ဧကစ္စော တဟိံ န လဗ္ဘတိ၊</p>
<p class=""gatha3"">အဝိပ္ပဝါသေန အနာပတ္တိ၊</p>
<p class=""gathalast"">ပဉှာ မေသာ ကုသလေဟိ စိန္တိတာ။</p>
<p class=""gatha1"">အဝိဿဇ္ဇိယံ အဝေဘင်္ဂိယံ၊</p>
<p class=""gatha2"">ပဉ္စ ဝုတ္တာ မဟေသိနာ၊</p>
<p class=""gatha3"">ဝိဿဇ္ဇန္တဿ ပရိဘုဉ္ဇန္တဿ အနာပတ္တိ၊</p>
<p class=""gathalast"">ပဉှာ မေသာ ကုသလေဟိ စိန္တိတာ။</p>
<p class=""gatha1"">ဒသ ပုဂ္ဂလေ န ဝဒါမိ, ဧကာဒသ ဝိဝဇ္ဇိယ၊</p>
<p class=""gathalast"">ဝုဍ္ဎံ ဝန္ဒန္တဿ အာပတ္တိ, ပဉှာ မေသာ ကုသလေဟိ စိန္တိတာ။</p>
<p class=""gatha1"">န ဥက္ခိတ္တကော န စ ပန ပါရိဝါသိကော၊</p>
<p class=""gatha2"">န သံဃဘိန္နော န စ ပန ပက္ခသင်္ကန္တော၊</p>
<p class=""gatha3"">သမာနသံဝါသကဘူမိယာ ဌိတော၊</p>
<p class=""gatha2"">ကထံ နု သိက္ခာယ အသာဓာရဏော သိယာ၊</p>
<p class=""gathalast"">ပဉှာ မေသာ ကုသလေဟိ စိန္တိတာ။</p>
<p class=""gatha1"">ဥပေတိ <a name=""V0.0398""></a> ဓမ္မံ ပရိပုစ္ဆမာနော, ကုသလံ အတ္ထူပသဉှိတံ၊</p>
<p class=""gatha3"">န <a name=""T0.0529""></a> ဇီဝတိ န မတော န နိဗ္ဗုတော, တံ ပုဂ္ဂလံ ကတမံ ဝဒန္တိ ဗုဒ္ဓါ၊</p>
<p class=""gathalast"">ပဉှာ မေသာ ကုသလေဟိ စိန္တိတာ။</p>
<p class=""gatha1"">ဥဗ္ဘက္ခကေ န ဝဒါမိ, အဓော နာဘိံ ဝိဝဇ္ဇိယ၊</p>
<p class=""gatha3"">မေထုနဓမ္မပစ္စယာ, ကထံ ပါရာဇိကော သိယာ၊</p>
<p class=""gathalast"">ပဉှာ မေသာ ကုသလေဟိ စိန္တိတာ။</p>
<p class=""gatha1"">ဘိက္ခု သညာစိကာယ ကုဋိံ ကရောတိ၊</p>
<p class=""gatha2"">အဒေသိတဝတ္ထုကံ ပမာဏာတိက္ကန္တံ၊</p>
<p class=""gatha3"">သာရမ္ဘံ အပရိက္ကမနံ အနာပတ္တိ၊</p>
<p class=""gathalast"">ပဉှာ မေသာ ကုသလေဟိ စိန္တိတာ။</p>
",-479-
2244,mula_vi_05,374,"<p class=""gatha1"">ဘိက္ခု <a name=""M0.0374""></a> သညာစိကာယ ကုဋိံ ကရောတိ၊</p>
<p class=""gatha2"">ဒေသိတဝတ္ထုကံ ပမာဏိကံ၊</p>
<p class=""gatha3"">အနာရမ္ဘံ သပရိက္ကမနံ အာပတ္တိ၊</p>
<p class=""gathalast"">ပဉှာ မေသာ ကုသလေဟိ စိန္တိတာ။</p>
<p class=""gatha1"">န ကာယိကံ ကိဉ္စိ ပယောဂမာစရေ၊</p>
<p class=""gatha2"">န စာပိ ဝါစာယ ပရေ ဘဏေယျ၊</p>
<p class=""gatha3"">အာပဇ္ဇေယျ ဂရုကံ ဆေဇ္ဇဝတ္ထုံ၊</p>
<p class=""gathalast"">ပဉှာ မေသာ ကုသလေဟိ စိန္တိတာ။</p>
<p class=""gatha1"">န ကာယိကံ ဝါစသိကဉ္စ ကိဉ္စိ၊</p>
<p class=""gatha2"">မနသာပိ သန္တော န ကရေယျ ပါပံ၊</p>
<p class=""gatha3"">သော <a name=""T0.0530""></a> နာသိတော ကိန္တိ သုနာသိတော ဘဝေ၊</p>
<p class=""gathalast"">ပဉှာ မေသာ ကုသလေဟိ စိန္တိတာ။</p>
<p class=""gatha1"">အနာလပန္တော မနုဇေန ကေနစိ၊</p>
<p class=""gatha2"">ဝါစာဂိရံ နော စ ပရေ ဘဏေယျ၊</p>
<p class=""gatha3"">အာပဇ္ဇေယျ <a name=""P5.0217""></a><a name=""V0.0399""></a> ဝါစသိကံ န ကာယိကံ၊</p>
<p class=""gathalast"">ပဉှာ မေသာ ကုသလေဟိ စိန္တိတာ။</p>
<p class=""gatha1"">သိက္ခာပဒါ ဗုဒ္ဓဝရေန ဝဏ္ဏိတာ၊</p>
<p class=""gatha2"">သံဃာဒိသေသာ စတုရော ဘဝေယျုံ၊</p>
<p class=""gatha3"">အာပဇ္ဇေယျ ဧကပယောဂေန သဗ္ဗေ၊</p>
<p class=""gathalast"">ပဉှာ မေသာ ကုသလေဟိ စိန္တိတာ။</p>
<p class=""gatha1"">ဥဘော ဧကတော ဥပသမ္ပန္နာ၊</p>
<p class=""gatha2"">ဥဘိန္နံ ဟတ္ထတော စီဝရံ ပဋိဂ္ဂဏှေယျ၊</p>
<p class=""gatha3"">သိယာ အာပတ္တိယော နာနာ၊</p>
<p class=""gathalast"">ပဉှာ မေသာ ကုသလေဟိ စိန္တိတာ။</p>
<p class=""gatha1"">စတုရော ဇနာ သံဝိဓာယ၊</p>
<p class=""gatha2"">ဂရုဘဏ္ဍံ အဝါဟရုံ၊</p>
<p class=""gatha3"">တယော ပါရာဇိကာ ဧကော န ပါရာဇိကော၊</p>
<p class=""gathalast"">ပဉှာ <a name=""T0.0531""></a> မေသာ ကုသလေဟိ စိန္တိတာ။</p>
",
2245,mula_vi_05,375,"<p class=""subhead"">၂။ ပါရာဇိကာဒိပဉှာ</p>
<p class=""hangnum""><a name=""para480""></a><a name=""para480_vin5""></a><span class=""paranum"">၄၈၀</span>။</p>
<p class=""gatha1""> ဣတ္ထီ <a name=""M0.0375""></a> စ အဗ္ဘန္တရေ သိယာ,</p>
<p class=""gatha2"">ဘိက္ခု စ ဗဟိဒ္ဓါ သိယာ၊</p>
<p class=""gatha3"">ဆိဒ္ဒံ တသ္မိံ ဃရေ နတ္ထိ၊</p>
<p class=""gatha2"">မေထုနဓမ္မပစ္စယာ၊</p>
<p class=""gatha1"">ကထံ ပါရာဇိကော သိယာ၊</p>
<p class=""gathalast"">ပဉှာ မေသာ ကုသလေဟိ စိန္တိတာ။</p>
<p class=""gatha1"">တေလံ မဓုံ ဖာဏိတဉ္စာပိ သပ္ပိံ၊</p>
<p class=""gatha2"">သာမံ ဂဟေတွာန နိက္ခိပေယျ၊</p>
<p class=""gatha3"">အဝီတိဝတ္တေ <a name=""V0.0400""></a> သတ္တာဟေ၊</p>
<p class=""gatha2"">သတိ ပစ္စယေ ပရိဘုဉ္ဇန္တဿ အာပတ္တိ၊</p>
<p class=""gathalast"">ပဉှာ မေသာ ကုသလေဟိ စိန္တိတာ။</p>
<p class=""gatha1"">နိဿဂ္ဂိယေန အာပတ္တိ၊</p>
<p class=""gatha2"">သုဒ္ဓကေန ပါစိတ္တိယံ၊</p>
<p class=""gatha3"">အာပဇ္ဇန္တဿ ဧကတော၊</p>
<p class=""gathalast"">ပဉှာ မေသာ ကုသလေဟိ စိန္တိတာ။</p>
<p class=""gatha1"">ဘိက္ခူ သိယာ ဝီသတိယာ သမာဂတာ၊</p>
<p class=""gatha2"">ကမ္မံ ကရေယျုံ သမဂ္ဂသညိနော၊</p>
<p class=""gatha3"">ဘိက္ခု သိယာ ဒွါဒသယောဇနေ ဌိတော၊</p>
<p class=""gatha2"">ကမ္မဉ္စ တံ ကုပ္ပေယျ ဝဂ္ဂပစ္စယာ၊</p>
<p class=""gathalast"">ပဉှာ <a name=""T0.0532""></a> မေသာ ကုသလေဟိ စိန္တိတာ။</p>
<p class=""gatha1"">ပဒဝီတိဟာရမတ္တေန ဝါစာယ ဘဏိတေန စ၊</p>
<p class=""gatha2"">သဗ္ဗာနိ ဂရုကာနိ သပ္ပဋိကမ္မာနိ၊</p>
<p class=""gatha3"">စတုသဋ္ဌိ အာပတ္တိယော အာပဇ္ဇေယျ ဧကတော၊</p>
<p class=""gathalast"">ပဉှာ မေသာ ကုသလေဟိ စိန္တိတာ။</p>
<p class=""gatha1"">နိဝတ္ထော အန္တရဝါသကေန၊</p>
<p class=""gatha2"">ဒိဂုဏံ သံဃာဋိံ ပါရုတော၊</p>
<p class=""gatha3"">သဗ္ဗာနိ တာနိ နိဿဂ္ဂိယာနိ ဟောန္တိ၊</p>
<p class=""gathalast"">ပဉှာ မေသာ ကုသလေဟိ စိန္တိတာ။</p>
",-480-
2246,mula_vi_05,376,"<p class=""gatha1"">န <a name=""M0.0376""></a> စာပိ ဉတ္တိ န စ ပန ကမ္မဝါစာ၊</p>
<p class=""gatha2"">န စေဟိ ဘိက္ခူတိ ဇိနော အဝေါစ၊</p>
<p class=""gatha3"">သရဏဂမနမ္ပိ န တဿ အတ္ထိ၊</p>
<p class=""gatha2"">ဥပသမ္ပဒါ စဿ အကုပ္ပါ၊</p>
<p class=""gathalast"">ပဉှာ မေသာ ကုသလေဟိ စိန္တိတာ။</p>
<p class=""gatha1"">ဣတ္ထိံ <a name=""V0.0401""></a> ဟနေ န မာတရံ, ပုရိသဉ္စ န ပိတရံ ဟနေ၊</p>
<p class=""gatha2"">ဟနေယျ အနရိယံ မန္ဒော, တေန စာနန္တရံ ဖုသေ၊</p>
<p class=""gathalast"">ပဉှာ မေသာ ကုသလေဟိ စိန္တိတာ။</p>
<p class=""gatha1"">ဣတ္ထိံ ဟနေ စ မာတရံ, ပုရိသဉ္စ ပိတရံ ဟနေ၊</p>
<p class=""gatha2"">မာတရံ ပိတရံ ဟန္တွာ, န တေနာနန္တရံ ဖုသေ၊</p>
<p class=""gathalast"">ပဉှာ မေသာ ကုသလေဟိ စိန္တိတာ။</p>
<p class=""gatha1"">အစောဒယိတွာ <a name=""P5.0218""></a> အဿာရယိတွာ၊</p>
<p class=""gatha2"">အသမ္မုခီဘူတဿ ကရေယျ ကမ္မံ၊</p>
<p class=""gatha3"">ကတဉ္စ ကမ္မံ သုကတံ ဘဝေယျ၊</p>
<p class=""gatha2"">ကာရကော <a name=""T0.0533""></a> စ သံဃော အနာပတ္တိကော သိယာ၊</p>
<p class=""gathalast"">ပဉှာ မေသာ ကုသလေဟိ စိန္တိတာ။</p>
<p class=""gatha1"">စောဒယိတွာ သာရယိတွာ၊</p>
<p class=""gatha2"">သမ္မုခီဘူတဿ ကရေယျ ကမ္မံ၊</p>
<p class=""gatha3"">ကတဉ္စ ကမ္မံ အကတံ ဘဝေယျ၊</p>
<p class=""gatha2"">ကာရကော စ သံဃော သာပတ္တိကော သိယာ၊</p>
<p class=""gathalast"">ပဉှာ မေသာ ကုသလေဟိ စိန္တိတာ။</p>
<p class=""gatha1"">ဆိန္ဒန္တဿ အာပတ္တိ, ဆိန္ဒန္တဿ အနာပတ္တိ၊</p>
<p class=""gatha2"">ဆာဒေန္တဿ အာပတ္တိ, ဆာဒေန္တဿ အနာပတ္တိ၊</p>
<p class=""gathalast"">ပဉှာ မေသာ ကုသလေဟိ စိန္တိတာ။</p>
<p class=""gatha1"">သစ္စံ ဘဏန္တော ဂရုကံ, မုသာ စ လဟု ဘာသတော၊</p>
<p class=""gatha2"">မုသာ ဘဏန္တော ဂရုကံ, သစ္စဉ္စ လဟု ဘာသတော၊</p>
<p class=""gathalast"">ပဉှာ မေသာ ကုသလေဟိ စိန္တိတာ။</p>
",
2247,mula_vi_05,377,"<p class=""subhead"">၃။ ပါစိတ္တိယာဒိပဉှာ</p>
<p class=""hangnum""><a name=""para481""></a><a name=""para481_vin5""></a><span class=""paranum"">၄၈၁</span>။</p>
<p class=""gatha1""> အဓိဋ္ဌိတံ <a name=""M0.0377""></a><a name=""V0.0402""></a> ရဇနာယ ရတ္တံ၊</p>
<p class=""gatha2"">ကပ္ပကတမ္ပိ သန္တံ၊</p>
<p class=""gatha3"">ပရိဘုဉ္ဇန္တဿ အာပတ္တိ၊</p>
<p class=""gathalast"">ပဉှာ မေသာ ကုသလေဟိ စိန္တိတာ။</p>
<p class=""gatha1"">အတ္ထင်္ဂတေ သူရိယေ ဘိက္ခု မံသာနိ ခါဒတိ၊</p>
<p class=""gatha2"">န ဥမ္မတ္တကော န စ ပန ခိတ္တစိတ္တော၊</p>
<p class=""gatha3"">န စာပိ သော ဝေဒနာဋ္ဋော ဘဝေယျ၊</p>
<p class=""gatha2"">န စဿ ဟောတိ အာပတ္တိ၊</p>
<p class=""gatha3"">သော စ ဓမ္မော သုဂတေန ဒေသိတော၊</p>
<p class=""gathalast"">ပဉှာ မေသာ ကုသလေဟိ စိန္တိတာ။</p>
<p class=""gatha1"">န ရတ္တစိတ္တော န စ ပန ထေယျစိတ္တော၊</p>
<p class=""gatha2"">န စာပိ သော ပရံ မရဏာယ စေတယိ၊</p>
<p class=""gatha3"">သလာကံ <a name=""T0.0534""></a> ဒေန္တဿ ဟောတိ ဆေဇ္ဇံ၊</p>
<p class=""gatha2"">ပဋိဂ္ဂဏှန္တဿ ထုလ္လစ္စယံ၊</p>
<p class=""gathalast"">ပဉှာ မေသာ ကုသလေဟိ စိန္တိတာ။</p>
<p class=""gatha1"">န စာပိ အာရညကံ သာသင်္ကသမ္မတံ၊</p>
<p class=""gatha2"">န စာပိ သံဃေန သမ္မုတိ ဒိန္နာ၊</p>
<p class=""gatha3"">န စဿ ကထိနံ အတ္ထတံ တတ္ထေဝ၊</p>
<p class=""gatha2"">စီဝရံ နိက္ခိပိတွာ ဂစ္ဆေယျ အဍ္ဎယောဇနံ၊</p>
<p class=""gatha3"">တတ္ထေဝ အရုဏံ ဥဂ္ဂစ္ဆန္တဿ အနာပတ္တိ၊</p>
<p class=""gathalast"">ပဉှာ မေသာ ကုသလေဟိ စိန္တိတာ။</p>
<p class=""gatha1"">ကာယိကာနိ န ဝါစသိကာနိ၊</p>
<p class=""gatha2"">သဗ္ဗာနိ နာနာဝတ္ထုကာနိ၊</p>
<p class=""gatha3"">အပုဗ္ဗံ <a name=""V0.0403""></a> အစရိမံ အာပဇ္ဇေယျ ဧကတော၊</p>
<p class=""gathalast"">ပဉှာ မေသာ ကုသလေဟိ စိန္တိတာ။</p>
<p class=""gatha1"">ဝါစသိကာနိ န ကာယိကာနိ၊</p>
<p class=""gatha2"">သဗ္ဗာနိ နာနာဝတ္ထုကာနိ၊</p>
<p class=""gatha3"">အပုဗ္ဗံ အစရိမံ အာပဇ္ဇေယျ ဧကတော၊</p>
<p class=""gathalast"">ပဉှာ မေသာ ကုသလေဟိ စိန္တိတာ။</p>
",-481-
2248,mula_vi_05,378,"<p class=""gatha1"">တိဿိတ္ထိယော <a name=""M0.0378""></a> မေထုနံ တံ န သေဝေ၊</p>
<p class=""gatha2"">တယော ပုရိသေ တယော အနရိယပဏ္ဍကေ၊</p>
<p class=""gatha3"">န စာစရေ မေထုနံ ဗျဉ္ဇနသ္မိံ၊</p>
<p class=""gatha2"">ဆေဇ္ဇံ <a name=""T0.0535""></a> သိယာ မေထုနဓမ္မပစ္စယာ၊</p>
<p class=""gathalast"">ပဉှာ မေသာ ကုသလေဟိ စိန္တိတာ။</p>
<p class=""gatha1"">မာတရံ စီဝရံ ယာစေ, နော စ သံဃေ <span class=""note"">[နော သံဃဿ (က။), နော စ သံဃဿ (သျာ။), နော စေ သံဃဿ (သီ။)]</span> ပရိဏတံ၊</p>
<p class=""gatha2"">ကေနဿ ဟောတိ အာပတ္တိ, အနာပတ္တိ စ ဉာတကေ၊</p>
<p class=""gathalast"">ပဉှာ မေသာ ကုသလေဟိ စိန္တိတာ။</p>
<p class=""gatha1"">ကုဒ္ဓေါ <a name=""P5.0219""></a> အာရာဓကော ဟောတိ, ကုဒ္ဓေါ ဟောတိ ဂရဟိယော၊</p>
<p class=""gatha2"">အထ ကော နာမ သော ဓမ္မော, ယေန ကုဒ္ဓေါ ပသံသိယော၊</p>
<p class=""gathalast"">ပဉှာ မေသာ ကုသလေဟိ စိန္တိတာ။</p>
<p class=""gatha1"">တုဋ္ဌော အာရာဓကော ဟောတိ, တုဋ္ဌော ဟောတိ ဂရဟိယော၊</p>
<p class=""gatha2"">အထ ကော နာမ သော ဓမ္မော, ယေန တုဋ္ဌော ဂရဟိယော၊</p>
<p class=""gathalast"">ပဉှာ မေသာ ကုသလေဟိ စိန္တိတာ။</p>
<p class=""gatha1"">သံဃာဒိသေသံ ထုလ္လစ္စယံ၊</p>
<p class=""gatha2"">ပါစိတ္တိယံ ပါဋိဒေသနီယံ၊</p>
<p class=""gatha3"">ဒုက္ကဋံ အာပဇ္ဇေယျ ဧကတော၊</p>
<p class=""gathalast"">ပဉှာ မေသာ ကုသလေဟိ စိန္တိတာ။</p>
<p class=""gatha1"">ဥဘော <a name=""V0.0404""></a> ပရိပုဏ္ဏဝီသတိဝဿာ၊</p>
<p class=""gatha2"">ဥဘိန္နံ ဧကုပဇ္ဈာယော၊</p>
<p class=""gatha3"">ဧကာစရိယော ဧကာ ကမ္မဝါစာ၊</p>
<p class=""gatha2"">ဧကော ဥပသမ္ပန္နော ဧကော အနုပသမ္ပန္နော၊</p>
<p class=""gathalast"">ပဉှာ မေသာ ကုသလေဟိ စိန္တိတာ။</p>
<p class=""gatha1"">အကပ္ပကတံ နာပိ ရဇနာယ ရတ္တံ၊</p>
<p class=""gatha2"">တေန <a name=""T0.0536""></a> နိဝတ္ထော ယေန ကာမံ ဝဇေယျ၊</p>
<p class=""gatha3"">န စဿ ဟောတိ အာပတ္တိ၊</p>
<p class=""gatha2"">သော စ ဓမ္မော သုဂတေန ဒေသိတော၊</p>
<p class=""gathalast"">ပဉှာ မေသာ ကုသလေဟိ စိန္တိတာ။</p>
",
2249,mula_vi_05,379,"<p class=""gatha1"">န <a name=""M0.0379""></a> ဒေတိ န ပဋိဂ္ဂဏှာတိ, ပဋိဂ္ဂဟော တေန န ဝိဇ္ဇတိ၊</p>
<p class=""gatha2"">အာပဇ္ဇတိ ဂရုကံ န လဟုကံ, တဉ္စ ပရိဘောဂပစ္စယာ၊</p>
<p class=""gathalast"">ပဉှာ မေသာ ကုသလေဟိ စိန္တိတာ။</p>
<p class=""gatha1"">န ဒေတိ န ပဋိဂ္ဂဏှာတိ, ပဋိဂ္ဂဟော တေန န ဝိဇ္ဇတိ၊</p>
<p class=""gatha2"">အာပဇ္ဇတိ လဟုကံ န ဂရုကံ, တဉ္စ ပရိဘောဂပစ္စယာ၊</p>
<p class=""gathalast"">ပဉှာ မေသာ ကုသလေဟိ စိန္တိတာ။</p>
<p class=""gatha1"">အာပဇ္ဇတိ ဂရုကံ သာဝသေသံ၊</p>
<p class=""gatha2"">ဆာဒေတိ အနာဒရိယံ ပဋိစ္စ၊</p>
<p class=""gatha3"">န ဘိက္ခုနီ နော စ ဖုသေယျ ဝဇ္ဇံ၊</p>
<p class=""gathalast"">ပဉှာ မေသာ ကုသလေဟိ စိန္တိတာ။</p>
<p class=""centered"">သေဒမောစနဂါထာ နိဋ္ဌိတာ။</p>
<p class=""centered"">တဿုဒ္ဒါနံ –</p>
<p class=""gatha1"">အသံဝါသော <a name=""T0.0537""></a> အဝိဿဇ္ဇိ, ဒသ စ အနုက္ခိတ္တကော၊</p>
<p class=""gathalast"">ဥပေတိ ဓမ္မံ ဥဗ္ဘက္ခကံ, တတော သညာစိကာ စ ဒွေ။</p>
<p class=""gatha1"">န <a name=""V0.0405""></a> ကာယိကဉ္စ ဂရုကံ, န ကာယိကံ န ဝါစသိကံ <span class=""note"">[န ကာယိကံ သုနာသိတံ (သျာ။)]</span>၊</p>
<p class=""gathalast"">အနာလပန္တော သိက္ခာ စ, ဥဘော စ စတုရော ဇနာ။</p>
<p class=""gatha1"">ဣတ္ထီ တေလဉ္စ နိဿဂ္ဂိ, ဘိက္ခု စ ပဒဝီတိယော၊</p>
<p class=""gathalast"">နိဝတ္ထော စ န စ ဉတ္တိ, န မာတရံ ပိတရံ ဟနေ။</p>
<p class=""gatha1"">အစောဒယိတွာ စောဒယိတွာ, ဆိန္ဒန္တံ သစ္စမေဝ စ၊</p>
<p class=""gathalast"">အဓိဋ္ဌိတဉ္စတ္ထင်္ဂတေ, န ရတ္တံ န စာရညကံ။</p>
<p class=""gatha1"">ကာယိကာ ဝါစသိကာ စ, တိဿိတ္ထီ စာပိ မာတရံ၊</p>
<p class=""gathalast"">ကုဒ္ဓေါ အာရာဓကော တုဋ္ဌော, သံဃာဒိသေသာ စ ဥဘော။</p>
<p class=""gatha1"">အကပ္ပကတံ န ဒေတိ, န ဒေတာပဇ္ဇတီ ဂရုံ၊</p>
<p class=""gathalast"">သေဒမောစနိကာ ဂါထာ, ပဉှာ ဝိညူဟိ ဝိဘာဝိတာတိ <span class=""note"">[ဝိညူဝိဘာဝိတာ (သီ။ သျာ။)]</span>။</p>
",
2250,mula_vi_05,380,"<a name=""vin5_18""></a><p class=""chapter"">ပဉ္စဝဂ္ဂေါ</p>
<p class=""subhead"">၁။ ကမ္မဝဂ္ဂေါ</p>
<p class=""bodytext""><a name=""para482""></a><a name=""para482_vin5""></a><span class=""paranum"">၄၈၂</span>။ စတ္တာရိ <a name=""T0.0538""></a><a name=""P5.0220""></a><a name=""M0.0380""></a><a name=""V0.0406""></a> ကမ္မာနိ။ အပလောကနကမ္မံ, ဉတ္တိကမ္မံ, ဉတ္တိဒုတိယကမ္မံ, ဉတ္တိစတုတ္ထကမ္မံ – ဣမာနိ စတ္တာရိ ကမ္မာနိ။ ကတိဟာကာရေဟိ ဝိပဇ္ဇန္တိ? ဣမာနိ စတ္တာရိ ကမ္မာနိ ပဉ္စဟာကာရေဟိ ဝိပဇ္ဇန္တိ – ဝတ္ထုတော ဝါ ဉတ္တိတော ဝါ အနုဿာဝနတော ဝါ သီမတော ဝါ ပရိသတော ဝါ။</p>
<p class=""bodytext""><a name=""para483""></a><a name=""para483_vin5""></a><span class=""paranum"">၄၈၃</span>။ ကထံ <span class=""bld"">ဝတ္ထုတော ကမ္မာနိ ဝိပဇ္ဇန္တိ</span>? သမ္မုခါကရဏီယံ ကမ္မံ အသမ္မုခါ ကရောတိ, ဝတ္ထုဝိပန္နံ အဓမ္မကမ္မံ၊ ပဋိပုစ္ဆာကရဏီယံ ကမ္မံ အပဋိပုစ္ဆာ ကရောတိ, ဝတ္ထုဝိပန္နံ အဓမ္မကမ္မံ၊ ပဋိညာယ ကရဏီယံ ကမ္မံ အပဋိညာယ ကရောတိ, ဝတ္ထုဝိပန္နံ အဓမ္မကမ္မံ၊ သတိဝိနယာရဟဿ အမူဠှဝိနယံ ဒေတိ, ဝတ္ထုဝိပန္နံ အဓမ္မကမ္မံ၊ အမူဠှဝိနယာရဟဿ တဿပါပိယသိကာကမ္မံ ကရောတိ, ဝတ္ထုဝိပန္နံ အဓမ္မကမ္မံ၊ တဿပါပိယသိကာကမ္မာရဟဿ တဇ္ဇနီယကမ္မံ ကရောတိ, ဝတ္ထုဝိပန္နံ အဓမ္မကမ္မံ၊ တဇ္ဇနီယကမ္မာရဟဿ နိယဿကမ္မံ ကရောတိ, ဝတ္ထုဝိပန္နံ အဓမ္မကမ္မံ၊ နိယဿကမ္မာရဟဿ ပဗ္ဗာဇနီယကမ္မံ ကရောတိ, ဝတ္ထုဝိပန္နံ အဓမ္မကမ္မံ၊ ပဗ္ဗာဇနီယကမ္မာရဟဿ ပဋိသာရဏီယကမ္မံ ကရောတိ, ဝတ္ထုဝိပန္နံ အဓမ္မကမ္မံ၊ ပဋိသာရဏီယကမ္မာရဟဿ ဥက္ခေပနီယကမ္မံ ကရောတိ, ဝတ္ထုဝိပန္နံ အဓမ္မကမ္မံ၊ ဥက္ခေပနီယကမ္မာရဟဿ ပရိဝါသံ ဒေတိ, ဝတ္ထုဝိပန္နံ အဓမ္မကမ္မံ<a name=""T0.0539""></a>၊ ပရိဝါသာရဟံ မူလာယ ပဋိကဿတိ, ဝတ္ထုဝိပန္နံ အဓမ္မကမ္မံ၊ မူလာယပဋိကဿနာရဟဿ မာနတ္တံ ဒေတိ, ဝတ္ထုဝိပန္နံ အဓမ္မကမ္မံ၊ မာနတ္တာရဟံ အဗ္ဘေတိ, ဝတ္ထုဝိပန္နံ အဓမ္မကမ္မံ၊ အဗ္ဘာနာရဟံ ဥပသမ္ပာဒေတိ, ဝတ္ထုဝိပန္နံ အဓမ္မကမ္မံ၊ အနုပေါသထေ ဥပေါသထံ ကရောတိ, ဝတ္ထုဝိပန္နံ အဓမ္မကမ္မံ၊ အပဝါရဏာယ ပဝါရေတိ, ဝတ္ထုဝိပန္နံ အဓမ္မကမ္မံ။ ဧဝံ ဝတ္ထုတော ကမ္မာနိ ဝိပဇ္ဇန္တိ။</p>
<p class=""bodytext""><a name=""para484""></a><a name=""para484_vin5""></a><span class=""paranum"">၄၈၄</span>။ ကထံ <a name=""V0.0407""></a> <span class=""bld"">ဉတ္တိတော ကမ္မာနိ ဝိပဇ္ဇန္တိ</span>? ပဉ္စဟာကာရေဟိ ဉတ္တိတော ကမ္မာနိ ဝိပဇ္ဇန္တိ – ဝတ္ထုံ န ပရာမသတိ, သံဃံ န ပရာမသတိ, ပုဂ္ဂလံ န ပရာမသတိ, ဉတ္တိံ န ပရာမသတိ, ပစ္ဆာ ဝါ ဉတ္တိံ ဌပေတိ – ဣမေဟိ ပဉ္စဟာကာရေဟိ ဉတ္တိတော ကမ္မာနိ ဝိပဇ္ဇန္တိ။</p>
",-482-483-484-
2251,mula_vi_05,381,"<p class=""bodytext""><a name=""para485""></a><a name=""para485_vin5""></a><span class=""paranum"">၄၈၅</span>။ ကထံ <a name=""M0.0381""></a> <span class=""bld"">အနုဿာဝနတော ကမ္မာနိ ဝိပဇ္ဇန္တိ</span>? ပဉ္စဟာကာရေဟိ <a name=""P5.0221""></a> အနုဿာဝနတော ကမ္မာနိ ဝိပဇ္ဇန္တိ – ဝတ္ထုံ န ပရာမသတိ, သံဃံ န ပရာမသတိ, ပုဂ္ဂလံ န ပရာမသတိ, သာဝနံ ဟာပေတိ, အကာလေ ဝါ သာဝေတိ – ဣမေဟိ ပဉ္စဟာကာရေဟိ အနုဿာဝနတော ကမ္မာနိ ဝိပဇ္ဇန္တိ။</p>
<p class=""bodytext""><a name=""para486""></a><a name=""para486_vin5""></a><span class=""paranum"">၄၈၆</span>။ ကထံ <span class=""bld"">သီမတော ကမ္မာနိ ဝိပဇ္ဇန္တိ</span>? ဧကာဒသဟိ အာကာရေဟိ သီမတော ကမ္မာနိ ဝိပဇ္ဇန္တိ – အတိခုဒ္ဒကံ သီမံ သမ္မန္နတိ, အတိမဟတိံ သီမံ သမ္မန္နတိ, ခဏ္ဍနိမိတ္တံ သီမံ သမ္မန္နတိ, ဆာယာနိမိတ္တံ သီမံ <a name=""T0.0540""></a> သမ္မန္နတိ, အနိမိတ္တံ သီမံ သမ္မန္နတိ, ဗဟိသီမေ ဌိတော သီမံ သမ္မန္နတိ, နဒိယာ သီမံ သမ္မန္နတိ, သမုဒ္ဒေ သီမံ သမ္မန္နတိ, ဇာတဿရေ သီမံ သမ္မန္နတိ, သီမာယ သီမံ သမ္ဘိန္ဒတိ, သီမာယ သီမံ အဇ္ဈောတ္ထရတိ – ဣမေဟိ ဧကာဒသဟိ အာကာရေဟိ သီမတော ကမ္မာနိ ဝိပဇ္ဇန္တိ။</p>
<p class=""bodytext""><a name=""para487""></a><a name=""para487_vin5""></a><span class=""paranum"">၄၈၇</span>။ ကထံ <span class=""bld"">ပရိသတော ကမ္မာနိ ဝိပဇ္ဇန္တိ</span>? ဒွါဒသဟိ အာကာရေဟိ ပရိသတော ကမ္မာနိ ဝိပဇ္ဇန္တိ – စတုဝဂ္ဂကရဏေ ကမ္မေ ယာဝတိကာ ဘိက္ခူ ကမ္မပတ္တာ တေ အနာဂတာ ဟောန္တိ, ဆန္ဒာရဟာနံ ဆန္ဒော အနာဟဋော ဟောတိ, သမ္မုခီဘူတာ ပဋိက္ကောသန္တိ, စတုဝဂ္ဂကရဏေ ကမ္မေ ယာဝတိကာ ဘိက္ခူ ကမ္မပတ္တာ တေ အာဂတာ ဟောန္တိ, ဆန္ဒာရဟာနံ ဆန္ဒော အနာဟဋော ဟောတိ, သမ္မုခီဘူတာ ပဋိက္ကောသန္တိ, စတုဝဂ္ဂကရဏေ ကမ္မေ ယာဝတိကာ ဘိက္ခူ ကမ္မပတ္တာ တေ အာဂတာ ဟောန္တိ, ဆန္ဒာရဟာနံ ဆန္ဒော အာဟဋော ဟောတိ, သမ္မုခီဘူတာ ပဋိက္ကောသန္တိ။ ပဉ္စဝဂ္ဂကရဏေ ကမ္မေ…ပေ… ဒသဝဂ္ဂကရဏေ ကမ္မေ…ပေ… ဝီသတိဝဂ္ဂကရဏေ ကမ္မေ ယာဝတိကာ ဘိက္ခူ ကမ္မပတ္တာ တေ အနာဂတာ ဟောန္တိ, ဆန္ဒာရဟာနံ ဆန္ဒော အနာဟဋော ဟောတိ, သမ္မုခီဘူတာ ပဋိက္ကောသန္တိ, ဝီသတိဝဂ္ဂကရဏေ ကမ္မေ ယာဝတိကာ ဘိက္ခူ ကမ္မပတ္တာ, တေ အာဂတာ ဟောန္တိ, ဆန္ဒာရဟာနံ ဆန္ဒော အနာဟဋော ဟောတိ, သမ္မုခီဘူတာ ပဋိက္ကောသန္တိ, ဝီသတိဝဂ္ဂကရဏေ ကမ္မေ ယာဝတိကာ ဘိက္ခူ ကမ္မပတ္တာ, တေ အာဂတာ ဟောန္တိ, ဆန္ဒာရဟာနံ <a name=""T0.0541""></a> ဆန္ဒော အာဟဋော ဟောတိ သမ္မုခီဘူတာ ပဋိက္ကောသန္တိ – ဣမေဟိ ဒွါဒသဟိ အာကာရေဟိ ပရိသတော ကမ္မာနိ ဝိပဇ္ဇန္တိ။</p>
<p class=""bodytext""><a name=""para488""></a><a name=""para488_vin5""></a><span class=""paranum"">၄၈၈</span>။ စတုဝဂ္ဂကရဏေ ကမ္မေ စတ္တာရော ဘိက္ခူ ပကတတ္တာ ကမ္မပတ္တာ, အဝသေသာ ပကတတ္တာ ဆန္ဒာရဟာ<a name=""V0.0408""></a>။ ယဿ သံဃော ကမ္မံ ကရောတိ သော နေဝ ကမ္မပတ္တော နာပိ ဆန္ဒာရဟော, အပိ စ ကမ္မာရဟော။</p>
",-485-486-487-488-
2252,mula_vi_05,382,"<p class=""noindentbodytext""> ပဉ္စဝဂ္ဂကရဏေ<a name=""M0.0382""></a> ကမ္မေ ပဉ္စ ဘိက္ခူ ပကတတ္တာ ကမ္မပတ္တာ, အဝသေသာ ပကတတ္တာ ဆန္ဒာရဟာ။ ယဿ သံဃော ကမ္မံ ကရောတိ သော နေဝ ကမ္မပတ္တော နာပိ ဆန္ဒာရဟော, အပိ စ ကမ္မာရဟော။ ဒသဝဂ္ဂကရဏေ ကမ္မေ ဒသ ဘိက္ခူ ပကတတ္တာ ကမ္မပတ္တာ, အဝသေသာ ပကတတ္တာ ဆန္ဒာရဟာ။ ယဿ သံဃော ကမ္မံ ကရောတိ သော နေဝ ကမ္မပတ္တော နာပိ ဆန္ဒာရဟော, အပိ စ ကမ္မာရဟော။ ဝီသတိဝဂ္ဂကရဏေ ကမ္မေ ဝီသတိ ဘိက္ခူ ပကတတ္တာ ကမ္မပတ္တာ, အဝသေသာ ပကတတ္တာ ဆန္ဒာရဟာ။ ယဿ သံဃော ကမ္မံ ကရောတိ သော နေဝ ကမ္မပတ္တော နာပိ ဆန္ဒာရဟော, အပိ စ ကမ္မာရဟော။</p>
<p class=""bodytext""><a name=""para489""></a><a name=""para489_vin5""></a><span class=""paranum"">၄၈၉</span>။ စတ္တာရိ <a name=""P5.0222""></a> ကမ္မာနိ – အပလောကနကမ္မံ, ဉတ္တိကမ္မံ, ဉတ္တိဒုတိယကမ္မံ, ဉတ္တိစတုတ္ထကမ္မံ။ ဣမာနိ စတ္တာရိ ကမ္မာနိ ကတိဟာကာရေဟိ ဝိပဇ္ဇန္တိ? ဣမာနိ စတ္တာရိ ကမ္မာနိ ပဉ္စဟာကာရေဟိ ဝိပဇ္ဇန္တိ – ဝတ္ထုတော ဝါ ဉတ္တိတော ဝါ အနုဿာဝနတော ဝါ သီမတော ဝါ ပရိသတော ဝါ။</p>
<p class=""bodytext""><a name=""para490""></a><a name=""para490_vin5""></a><span class=""paranum"">၄၉၀</span>။ ကထံ <span class=""bld"">ဝတ္ထုတော ကမ္မာနိ ဝိပဇ္ဇန္တိ</span>? ပဏ္ဍကံ ဥပသမ္ပာဒေတိ<a name=""T0.0542""></a>, ဝတ္ထုဝိပန္နံ အဓမ္မကမ္မံ။ ထေယျသံဝါသကံ ဥပသမ္ပာဒေတိ, ဝတ္ထုဝိပန္နံ အဓမ္မကမ္မံ။ တိတ္ထိယပက္ကန္တကံ ဥပသမ္ပာဒေတိ, ဝတ္ထုဝိပန္နံ အဓမ္မကမ္မံ။ တိရစ္ဆာနဂတံ ဥပသမ္ပာဒေတိ, ဝတ္ထုဝိပန္နံ အဓမ္မကမ္မံ။ မာတုဃာတကံ ဥပသမ္ပာဒေတိ, ဝတ္ထုဝိပန္နံ အဓမ္မကမ္မံ။ ပိတုဃာတကံ ဥပသမ္ပာဒေတိ, ဝတ္ထုဝိပန္နံ အဓမ္မကမ္မံ။ အရဟန္တဃာတကံ ဥပသမ္ပာဒေတိ, ဝတ္ထုဝိပန္နံ အဓမ္မကမ္မံ။ ဘိက္ခုနိဒူသကံ ဥပသမ္ပာဒေတိ, ဝတ္ထုဝိပန္နံ အဓမ္မကမ္မံ။ သံဃဘေဒကံ ဥပသမ္ပာဒေတိ, ဝတ္ထုဝိပန္နံ အဓမ္မကမ္မံ။ လောဟိတုပ္ပါဒကံ ဥပသမ္ပာဒေတိ, ဝတ္ထုဝိပန္နံ အဓမ္မကမ္မံ။ ဥဘတောဗျဉ္ဇနံ ဥပသမ္ပာဒေတိ, ဝတ္ထုဝိပန္နံ အဓမ္မကမ္မံ။ ဦနဝီသတိဝဿံ ပုဂ္ဂလံ ဥပသမ္ပာဒေတိ, ဝတ္ထုဝိပန္နံ အဓမ္မကမ္မံ။ ဧဝံ ဝတ္ထုတော ကမ္မာနိ ဝိပဇ္ဇန္တိ။</p>
<p class=""bodytext""><a name=""para491""></a><a name=""para491_vin5""></a><span class=""paranum"">၄၉၁</span>။ ကထံ <span class=""bld"">ဉတ္တိတော ကမ္မာနိ ဝိပဇ္ဇန္တိ</span>? ပဉ္စဟာကာရေဟိ ဉတ္တိတော ကမ္မာနိ ဝိပဇ္ဇန္တိ။ ဝတ္ထုံ န ပရာမသတိ, သံဃံ န ပရာမသတိ, ပုဂ္ဂလံ န ပရာမသတိ, ဉတ္တိံ န ပရာမသတိ, ပစ္ဆာ ဝါ ဉတ္တိံ ဌပေတိ – ဣမေဟိ ပဉ္စဟာကာရေဟိ ဉတ္တိတော ကမ္မာနိ ဝိပဇ္ဇန္တိ။</p>
<p class=""bodytext""><a name=""para492""></a><a name=""para492_vin5""></a><span class=""paranum"">၄၉၂</span>။ ကထံ <span class=""bld"">အနုဿာဝနတော ကမ္မာနိ ဝိပဇ္ဇန္တိ</span>? ပဉ္စဟာကာရေဟိ အနုဿာဝနတော ကမ္မာနိ ဝိပဇ္ဇန္တိ – ဝတ္ထုံ န ပရာမသတိ, သံဃံ န ပရာမသတိ,</p>
",-489-490-491-492-
2253,mula_vi_05,383,"<p class=""noindentbodytext""> ပုဂ္ဂလံ<a name=""M0.0383""></a> န ပရာမသတိ, သာဝနံ <a name=""V0.0409""></a> ဟာပေတိ, အကာလေ ဝါ သာဝေတိ – ဣမေဟိ ပဉ္စဟာကာရေဟိ အနုဿာဝနတော ကမ္မာနိ <a name=""T0.0543""></a> ဝိပဇ္ဇန္တိ။</p>
<p class=""bodytext""><a name=""para493""></a><a name=""para493_vin5""></a><span class=""paranum"">၄၉၃</span>။ ကထံ <span class=""bld"">သီမတော ကမ္မာနိ ဝိပဇ္ဇန္တိ</span>? ဧကာဒသဟိ အာကာရေဟိ သီမတော ကမ္မာနိ ဝိပဇ္ဇန္တိ။ အတိခုဒ္ဒကံ သီမံ သမ္မန္နတိ, အတိမဟတိံ သီမံ သမ္မန္နတိ, ခဏ္ဍနိမိတ္တံ သီမံ သမ္မန္နတိ, ဆာယာနိမိတ္တံ သီမံ သမ္မန္နတိ, အနိမိတ္တံ သီမံ သမ္မန္နတိ, ဗဟိသီမေ ဌိတော သီမံ သမ္မန္နတိ, နဒိယာ သီမံ သမ္မန္နတိ, သမုဒ္ဒေ သီမံ သမ္မန္နတိ, ဇာတဿရေ သီမံ သမ္မန္နတိ, သီမာယ သီမံ သမ္ဘိန္ဒတိ, သီမာယ သီမံ အဇ္ဈောတ္ထရတိ – ဣမေဟိ ဧကာဒသဟိ အာကာရေဟိ သီမတော ကမ္မာနိ ဝိပဇ္ဇန္တိ။</p>
<p class=""bodytext""><a name=""para494""></a><a name=""para494_vin5""></a><span class=""paranum"">၄၉၄</span>။ ကထံ <span class=""bld"">ပရိသတော ကမ္မာနိ ဝိပဇ္ဇန္တိ</span>? ဒွါဒသဟိ အာကာရေဟိ ပရိသတော ကမ္မာနိ ဝိပဇ္ဇန္တိ – စတုဝဂ္ဂကရဏေ ကမ္မေ ယာဝတိကာ ဘိက္ခူ ကမ္မပတ္တာ တေ အနာဂတာ ဟောန္တိ, ဆန္ဒာရဟာနံ ဆန္ဒော အနာဟဋော ဟောတိ, သမ္မုခီဘူတာ ပဋိက္ကောသန္တိ, စတုဝဂ္ဂကရဏေ ကမ္မေ ယာဝတိကာ ဘိက္ခူ ကမ္မပတ္တာ တေ အာဂတာ ဟောန္တိ, ဆန္ဒာရဟာနံ ဆန္ဒော အနာဟဋော ဟောတိ, သမ္မုခီဘူတာ ပဋိက္ကောသန္တိ။ စတုဝဂ္ဂကရဏေ ကမ္မေ ယာဝတိကာ ဘိက္ခူ ကမ္မပတ္တာ တေ အာဂတာ ဟောန္တိ, ဆန္ဒာရဟာနံ ဆန္ဒော အာဟဋော ဟောတိ သမ္မုခီဘူတာ ပဋိက္ကောသန္တိ။ ပဉ္စဝဂ္ဂကရဏေ ကမ္မေ…ပေ… ဒသဝဂ္ဂကရဏေ ကမ္မေ…ပေ… ဝီသတိဝဂ္ဂကရဏေ ကမ္မေ ယာဝတိကာ ဘိက္ခူ ကမ္မပတ္တာ တေ <a name=""T0.0544""></a> အနာဂတာ ဟောန္တိ, ဆန္ဒာရဟာနံ ဆန္ဒော အနာဟဋော ဟောတိ, သမ္မုခီဘူတာ ပဋိက္ကောသန္တိ။ ဝီသတိဝဂ္ဂကရဏေ ကမ္မေ ယာဝတိကာ ဘိက္ခူ ကမ္မပတ္တာ တေ အာဂတာ ဟောန္တိ, ဆန္ဒာရဟာနံ ဆန္ဒော အနာဟဋော ဟောတိ, သမ္မုခီဘူတာ ပဋိက္ကောသန္တိ။ ဝီသတိဝဂ္ဂကရဏေ ကမ္မေ ယာဝတိကာ ဘိက္ခူ ကမ္မပတ္တာ တေ အာဂတာ ဟောန္တိ, ဆန္ဒာရဟာနံ ဆန္ဒော အာဟဋော ဟောတိ, သမ္မုခီဘူတာ ပဋိက္ကောသန္တိ – ဣမေဟိ ဒွါဒသဟိ အာကာရေဟိ ပရိသတော ကမ္မာနိ ဝိပဇ္ဇန္တိ။</p>
<p class=""bodytext""><a name=""para495""></a><a name=""para495_vin5""></a><span class=""paranum"">၄၉၅</span>။ အပလောကနကမ္မံ ကတိ ဌာနာနိ ဂစ္ဆတိ? ဉတ္တိကမ္မံ ကတိ ဌာနာနိ ဂစ္ဆတိ? ဉတ္တိဒုတိယကမ္မံ ကတိ ဌာနာနိ ဂစ္ဆတိ? ဉတ္တိစတုတ္ထကမ္မံ ကတိ ဌာနာနိ ဂစ္ဆတိ? အပလောကနကမ္မံ ပဉ္စ ဌာနာနိ ဂစ္ဆတိ။ ဉတ္တိကမ္မံ နဝ ဌာနာနိ ဂစ္ဆတိ။ ဉတ္တိဒုတိယကမ္မံ သတ္တ ဌာနာနိ ဂစ္ဆတိ။ ဉတ္တိစတုတ္ထကမ္မံ သတ္တ ဌာနာနိ ဂစ္ဆတိ။</p>
",-493-494-495-
2254,mula_vi_05,384,"<p class=""bodytext""><a name=""para496""></a><a name=""para496_vin5""></a><span class=""paranum"">၄၉၆</span>။ အပလောကနကမ္မံ <a name=""M0.0384""></a> ကတမာနိ ပဉ္စ ဌာနာနိ ဂစ္ဆတိ? ဩသာရဏံ, နိဿာရဏံ, ဘဏ္ဍုကမ္မံ, ဗြဟ္မဒဏ္ဍံ, ကမ္မလက္ခဏညေဝ ပဉ္စမံ – အပလောကနကမ္မံ ဣမာနိ ပဉ္စ ဌာနာနိ ဂစ္ဆတိ<a name=""V0.0410""></a>။ ဉတ္တိကမ္မံ ကတမာနိ နဝ ဌာနာနိ ဂစ္ဆတိ? ဩသာရဏံ, နိဿာရဏံ, ဥပေါသထံ, ပဝါရဏံ, သမ္မုတိံ, ဒါနံ, ပဋိဂ္ဂဟံ, ပစ္စုက္ကဍ္ဎနံ, ကမ္မလက္ခဏညေဝ နဝမံ – ဉတ္တိကမ္မံ ဣမာနိ နဝ ဌာနာနိ ဂစ္ဆတိ။ ဉတ္တိဒုတိယကမ္မံ ကတမာနိ သတ္တ ဌာနာနိ ဂစ္ဆတိ? ဩသာရဏံ, နိဿာရဏံ, သမ္မုတိံ, ဒါနံ, ဥဒ္ဓရဏံ, ဒေသနံ, ကမ္မလက္ခဏညေဝ သတ္တမံ – ဉတ္တိဒုတိယကမ္မံ ဣမာနိ သတ္တ ဌာနာနိ ဂစ္ဆတိ။ ဉတ္တိစတုတ္ထကမ္မံ <a name=""T0.0545""></a> ကတမာနိ သတ္တ ဌာနာနိ ဂစ္ဆတိ? ဩသာရဏံ, နိဿာရဏံ, သမ္မုတိံ, ဒါနံ, နိဂ္ဂဟံ, သမနုဘာသနံ, ကမ္မလက္ခဏညေဝ သတ္တမံ – ဉတ္တိစတုတ္ထကမ္မံ ဣမာနိ သတ္တ ဌာနာနိ ဂစ္ဆတိ။</p>
<p class=""bodytext""><a name=""para497""></a><a name=""para497_vin5""></a><span class=""paranum"">၄၉၇</span>။ စတုဝဂ္ဂကရဏေ ကမ္မေ စတ္တာရော ဘိက္ခူ ပကတတ္တာ ကမ္မပတ္တာ, အဝသေသာ ပကတတ္တာ ဆန္ဒာရဟာ။ ယဿ သံဃော ကမ္မံ ကရောတိ သော နေဝ ကမ္မပတ္တော နာပိ ဆန္ဒာရဟော, အပိ စ ကမ္မာရဟော။ ပဉ္စဝဂ္ဂကရဏေ <a name=""P5.0223""></a> ကမ္မေ ပဉ္စ ဘိက္ခူ ပကတတ္တာ ကမ္မပတ္တာ, အဝသေသာ ပကတတ္တာ ဆန္ဒာရဟာ။ ယဿ သံဃော ကမ္မံ ကရောတိ သော နေဝ ကမ္မပတ္တော နာပိ ဆန္ဒာရဟော, အပိ စ ကမ္မာရဟော။ ဒသဝဂ္ဂကရဏေ ကမ္မေ ဒသ ဘိက္ခူ ပကတတ္တာ ကမ္မပတ္တာ, အဝသေသာ ပကတတ္တာ ဆန္ဒာရဟာ။ ယဿ သံဃော ကမ္မံ ကရောတိ သော နေဝ ကမ္မပတ္တော နာပိ ဆန္ဒာရဟော, အပိ စ ကမ္မာရဟော။ ဝီသတိဝဂ္ဂကရဏေ ကမ္မေ ဝီသတိ ဘိက္ခူ ပကတတ္တာ ကမ္မပတ္တာ, အဝသေသာ ပကတတ္တာ ဆန္ဒာရဟာ။ ယဿ သံဃော ကမ္မံ ကရောတိ သော နေဝ ကမ္မပတ္တော နာပိ ဆန္ဒာရဟော, အပိ စ ကမ္မာရဟော။</p>
<p class=""centered"">ကမ္မဝဂ္ဂေါ နိဋ္ဌိတော ပဌမော။</p>
<p class=""subhead"">၂။ အတ္ထဝသဝဂ္ဂေါ</p>
<p class=""bodytext""><a name=""para498""></a><a name=""para498_vin5""></a><span class=""paranum"">၄၉၈</span>။ <span class=""note"">[အ။ နိ။ ၂။၂၀၁-၂၃၀]</span> ဒွေ အတ္ထဝသေ ပဋိစ္စ တထာဂတေန သာဝကာနံ သိက္ခာပဒံ ပညတ္တံ။ သံဃသုဋ္ဌုတာယ, သံဃဖာသုတာယ – ဣမေ ဒွေ အတ္ထဝသေ ပဋိစ္စ တထာဂတေန သာဝကာနံ သိက္ခာပဒံ ပညတ္တံ။ ဒွေ အတ္ထဝသေ ပဋိစ္စ တထာဂတေန သာဝကာနံ သိက္ခာပဒံ ပညတ္တံ။ ဒုမ္မင်္ကူနံ ပုဂ္ဂလာနံ နိဂ္ဂဟာယ, ပေသလာနံ ဘိက္ခူနံ ဖာသုဝိဟာရာယ – ဣမေ ဒွေ အတ္ထဝသေ ပဋိစ္စ</p>
",-496-497-498-
2255,mula_vi_05,385,"<p class=""noindentbodytext""> တထာဂတေ<a name=""M0.0385""></a> သာဝကာနံ သိက္ခာပဒံ ပညတ္တံ။ ဒွေ အတ္ထဝသေ ပဋိစ္စ တထာဂတေန သာဝကာနံ သိက္ခာပဒံ ပညတ္တံ။ ဒိဋ္ဌဓမ္မိကာနံ အာသဝါနံ သံဝရာယ, သမ္ပရာယိကာနံ အာသဝါနံ ပဋိဃာတာယ – ဣမေ <a name=""T0.0546""></a> ဒွေ <a name=""V0.0411""></a> အတ္ထဝသေ ပဋိစ္စ တထာဂတေန သာဝကာနံ သိက္ခာပဒံ ပညတ္တံ။ ဒွေ အတ္ထဝသေ ပဋိစ္စ တထာဂတေန သာဝကာနံ သိက္ခာပဒံ ပညတ္တံ။ ဒိဋ္ဌဓမ္မိကာနံ ဝေရာနံ သံဝရာယ, သမ္ပရာယိကာနံ ဝေရာနံ ပဋိဃာတာယ – ဣမေ ဒွေ အတ္ထဝသေ ပဋိစ္စ တထာဂတေန သာဝကာနံ သိက္ခာပဒံ ပညတ္တံ။ ဒွေ အတ္ထဝသေ ပဋိစ္စ တထာဂတေန သာဝကာနံ သိက္ခာပဒံ ပညတ္တံ။ ဒိဋ္ဌဓမ္မိကာနံ ဝဇ္ဇာနံ သံဝရာယ, သမ္ပရာယိကာနံ ဝဇ္ဇာနံ ပဋိဃာတာယ – ဣမေ ဒွေ အတ္ထဝသေ ပဋိစ္စ တထာဂတေန သာဝကာနံ သိက္ခာပဒံ ပညတ္တံ။ ဒွေ အတ္ထဝသေ ပဋိစ္စ တထာဂတေန သာဝကာနံ သိက္ခာပဒံ ပညတ္တံ။ ဒိဋ္ဌဓမ္မိကာနံ ဘယာနံ သံဝရာယ, သမ္ပရာယိကာနံ ဘယာနံ ပဋိဃာတာယ – ဣမေ ဒွေ အတ္ထဝသေ ပဋိစ္စ တထာဂတေန သာဝကာနံ သိက္ခာပဒံ ပညတ္တံ။ ဒွေ အတ္ထဝသေ ပဋိစ္စ တထာဂတေန သာဝကာနံ သိက္ခာပဒံ ပညတ္တံ။ ဒိဋ္ဌဓမ္မိကာနံ အကုသလာနံ ဓမ္မာနံ သံဝရာယ, သမ္ပရာယိကာနံ အကုသလာနံ ဓမ္မာနံ ပဋိဃာတာယ – ဣမေ ဒွေ အတ္ထဝသေ ပဋိစ္စ တထာဂတေန သာဝကာနံ သိက္ခာပဒံ ပညတ္တံ။ ဒွေ အတ္ထဝသေ ပဋိစ္စ တထာဂတေန သာဝကာနံ သိက္ခာပဒံ ပညတ္တံ။ ဂိဟီနံ အနုကမ္ပာယ, ပါပိစ္ဆာနံ ပက္ခုပစ္ဆေဒါယ – ဣမေ ဒွေ အတ္ထဝသေ ပဋိစ္စ တထာဂတေန သာဝကာနံ သိက္ခာပဒံ ပညတ္တံ။ ဒွေ အတ္ထဝသေ ပဋိစ္စ တထာဂတေန သာဝကာနံ သိက္ခာပဒံ ပညတ္တံ။ အပ္ပသန္နာနံ ပသာဒါယ, ပသန္နာနံ ဘိယျောဘာဝါယ – ဣမေ ဒွေ အတ္ထဝသေ ပဋိစ္စ တထာဂတေန သာဝကာနံ သိက္ခာပဒံ ပညတ္တံ။ ဒွေ အတ္ထဝသေ ပဋိစ္စ တထာဂတေန <a name=""T0.0547""></a> သာဝကာနံ သိက္ခာပဒံ ပညတ္တံ။ သဒ္ဓမ္မဋ္ဌိတိယာ, ဝိနယာနုဂ္ဂဟာယ – ဣမေ ဒွေ အတ္ထဝသေ ပဋိစ္စ တထာဂတေန သာဝကာနံ သိက္ခာပဒံ ပညတ္တံ။</p>
<p class=""centered"">အတ္ထဝသဝဂ္ဂေါ နိဋ္ဌိတော ဒုတိယော။</p>
<p class=""subhead"">၃။ ပညတ္တဝဂ္ဂေါ</p>
<p class=""bodytext""><a name=""para499""></a><a name=""para499_vin5""></a><span class=""paranum"">၄၉၉</span>။ ဒွေ အတ္ထဝသေ ပဋိစ္စ တထာဂတေန သာဝကာနံ ပါတိမောက္ခံ ပညတ္တံ…ပေ… ပါတိမောက္ခုဒ္ဒေသော ပညတ္တော… ပါတိမောက္ခဋ္ဌပနံ ပညတ္တံ… ပဝါရဏာ ပညတ္တာ… ပဝါရဏာဌပနံ ပညတ္တံ… တဇ္ဇနီယကမ္မံ ပညတ္တံ…</p>
",-499-
2256,mula_vi_05,386,"<p class=""noindentbodytext""> နိယဿကမ္မံ<a name=""M0.0386""></a> ပညတ္တံ… ပဗ္ဗာဇနီယကမ္မံ ပညတ္တံ… ပဋိသာရဏီယကမ္မံ ပညတ္တံ… ဥက္ခေပနီယကမ္မံ ပညတ္တံ… ပရိဝါသဒါနံ ပညတ္တံ… မူလာယပဋိကဿနာ ပညတ္တာ… မာနတ္တဒါနံ ပညတ္တံ… အဗ္ဘာနံ ပညတ္တံ… ဩသာရဏီယံ ပညတ္တံ… နိဿာရဏီယံ ပညတ္တံ… ဥပသမ္ပဒံ ပညတ္တံ… အပလောကနကမ္မံ ပညတ္တံ… ဉတ္တိကမ္မံ ပညတ္တံ… ဉတ္တိဒုတိယကမ္မံ ပညတ္တံ… ဉတ္တိစတုတ္ထကမ္မံ ပညတ္တံ…ပေ…။</p>
<p class=""centered"">ပညတ္တဝဂ္ဂေါ နိဋ္ဌိတော တတိယော။</p>
<p class=""subhead"">၄။ အပညတ္တေ ပညတ္တဝဂ္ဂေါ</p>
<p class=""bodytext""><a name=""para500""></a><a name=""para500_vin5""></a><span class=""paranum"">၅၀၀</span>။ …ပေ… <a name=""V0.0412""></a> အပညတ္တေ ပညတ္တံ, ပညတ္တေ အနုပညတ္တံ…ပေ… သမ္မုခါဝိနယော ပညတ္တော…ပေ… သတိဝိနယော ပညတ္တော…ပေ… အမူဠှဝိနယော ပညတ္တော…ပေ… ပဋိညာတကရဏံ <a name=""P5.0224""></a> ပညတ္တံ…ပေ… ယေဘုယျသိကာ ပညတ္တာ…ပေ… တဿပါပိယသိကာ ပညတ္တာ…ပေ… တိဏဝတ္ထာရကော ပညတ္တော သံဃသုဋ္ဌုတာယ, သံဃဖာသုတာယ – ဣမေ ဒွေ အတ္ထဝသေ ပဋိစ္စ တထာဂတေန သာဝကာနံ <a name=""T0.0548""></a> တိဏဝတ္ထာရကော ပညတ္တော။ ဒွေ အတ္ထဝသေ ပဋိစ္စ တထာဂတေန သာဝကာနံ တိဏဝတ္ထာရကော ပညတ္တော။ ဒုမ္မင်္ကူနံ ပုဂ္ဂလာနံ နိဂ္ဂဟာယ, ပေသလာနံ ဘိက္ခူနံ ဖာသုဝိဟာရာယ – ဣမေ ဒွေ အတ္ထဝသေ ပဋိစ္စ တထာဂတေန သာဝကာနံ တိဏဝတ္ထာရကော ပညတ္တော။ ဒွေ အတ္ထဝသေ ပဋိစ္စ တထာဂတေန သာဝကာနံ တိဏဝတ္ထာရကော ပညတ္တော။ ဒိဋ္ဌဓမ္မိကာနံ အာသဝါနံ သံဝရာယ, သမ္ပရာယိကာနံ အာသဝါနံ ပဋိဃာတာယ – ဣမေ ဒွေ အတ္ထဝသေ ပဋိစ္စ တထာဂတေန သာဝကာနံ တိဏဝတ္ထာရကော ပညတ္တော။ ဒွေ အတ္ထဝသေ ပဋိစ္စ တထာဂတေန သာဝကာနံ တိဏဝတ္ထာရကော ပညတ္တော။ ဒိဋ္ဌဓမ္မိကာနံ ဝေရာနံ သံဝရာယ, သမ္ပရာယိကာနံ ဝေရာနံ ပဋိဃာတာယ – ဣမေ ဒွေ အတ္ထဝသေ ပဋိစ္စ တထာဂတေန သာဝကာနံ တိဏဝတ္ထာရကော ပညတ္တော။ ဒွေ အတ္ထဝသေ ပဋိစ္စ တထာဂတေန သာဝကာနံ တိဏဝတ္ထာရကော ပညတ္တော။ ဒိဋ္ဌဓမ္မိကာနံ ဝဇ္ဇာနံ သံဝရာယ, သမ္ပရာယိကာနံ ဝဇ္ဇာနံ ပဋိဃာတာယ – ဣမေ ဒွေ အတ္ထဝသေ ပဋိစ္စ တထာဂတေန သာဝကာနံ တိဏဝတ္ထာရကော ပညတ္တော။ ဒွေ အတ္ထဝသေ ပဋိစ္စ တထာဂတေန သာဝကာနံ တိဏဝတ္ထာရကော ပညတ္တော။ ဒိဋ္ဌဓမ္မိကာနံ ဘယာနံ သံဝရာယ, သမ္ပရာယိကာနံ ဘယာနံ ပဋိဃာတာယ – ဣမေ ဒွေ အတ္ထဝသေ ပဋိစ္စ တထာဂတေန သာဝကာနံ တိဏဝတ္ထာရကော ပညတ္တော။</p>
",-500-
2257,mula_vi_05,387,"<p class=""noindentbodytext""> ဒွေ<a name=""M0.0387""></a> အတ္ထဝသေ ပဋိစ္စ တထာဂတေန သာဝကာနံ တိဏဝတ္ထာရကော ပညတ္တော။ ဒိဋ္ဌဓမ္မိကာနံ အကုသလာနံ ဓမ္မာနံ သံဝရာယ, သမ္ပရာယိကာနံ အကုသလာနံ ဓမ္မာနံ ပဋိဃာတာယ <a name=""T0.0549""></a> – ဣမေ ဒွေ အတ္ထဝသေ ပဋိစ္စ တထာဂတေန သာဝကာနံ တိဏဝတ္ထာရကော ပညတ္တော။ ဒွေ အတ္ထဝသေ ပဋိစ္စ တထာဂတေန သာဝကာနံ တိဏဝတ္ထာရကော ပညတ္တော။ ဂိဟီနံ အနုကမ္ပာယ, ပါပိစ္ဆာနံ ပက္ခုပစ္ဆေဒါယ – ဣမေ ဒွေ အတ္ထဝသေ ပဋိစ္စ တထာဂတေန သာဝကာနံ တိဏဝတ္ထာရကော ပညတ္တော။ ဒွေ အတ္ထဝသေ ပဋိစ္စ တထာဂတေန သာဝကာနံ တိဏဝတ္ထာရကော ပညတ္တော။ အပ္ပသန္နာနံ ပသာဒါယ, ပသန္နာနံ ဘိယျောဘာဝါယ – ဣမေ ဒွေ အတ္ထဝသေ ပဋိစ္စ တထာဂတေန သာဝကာနံ တိဏဝတ္ထာရကော ပညတ္တော။ ဒွေ အတ္ထဝသေ ပဋိစ္စ တထာဂတေန သာဝကာနံ တိဏဝတ္ထာရကော ပညတ္တော။ သဒ္ဓမ္မဋ္ဌိတိယာ, ဝိနယာနုဂ္ဂဟာယ – ဣမေ ဒွေ အတ္ထဝသေ ပဋိစ္စ တထာဂတေန သာဝကာနံ တိဏဝတ္ထာရကော ပညတ္တော။</p>
<p class=""centered"">အပညတ္တေ ပညတ္တဝဂ္ဂေါ နိဋ္ဌိတော စတုတ္ထော။</p>
<p class=""subhead"">၅။ နဝသင်္ဂဟဝဂ္ဂေါ</p>
<p class=""bodytext""><a name=""para501""></a><a name=""para501_vin5""></a><span class=""paranum"">၅၀၁</span>။ နဝသင်္ဂဟာ <a name=""V0.0413""></a> – ဝတ္ထုသင်္ဂဟော, ဝိပတ္တိသင်္ဂဟော အာပတ္တိသင်္ဂဟော, နိဒါနသင်္ဂဟော, ပုဂ္ဂလသင်္ဂဟော, ခန္ဓသင်္ဂဟော, သမုဋ္ဌာနသင်္ဂဟော, အဓိကရဏသင်္ဂဟော, သမထသင်္ဂဟောတိ။</p>
<p class=""bodytext"">အဓိကရဏေ သမုပ္ပန္နေ သစေ ဥဘော အတ္ထပစ္စတ္ထိကာ အာဂစ္ဆန္တိ ဥဘိန္နမ္ပိ ဝတ္ထု အာရောစာပေတဗ္ဗံ။ ဥဘိန္နမ္ပိ ဝတ္ထု အာရောစာပေတွာ ဥဘိန္နမ္ပိ ပဋိညာ သောတဗ္ဗာ။ ဥဘိန္နမ္ပိ ပဋိညံ သုတွာ ဥဘောပိ ဝတ္တဗ္ဗာ – ‘‘အမှာကံ ဣမသ္မိံ အဓိကရဏေ ဝူပသမိတေ <a name=""T0.0550""></a> <span class=""note"">[ဝူပသမေပိ (က။)]</span> ဥဘောပိ တုဋ္ဌာ ဘဝိဿထာ’’တိ။ သစေ အာဟံသု – ‘‘ဥဘောပိ တုဋ္ဌာ ဘဝိဿာမာ’’တိ, သံဃေန တံ အဓိကရဏံ သမ္ပဋိစ္ဆိတဗ္ဗံ။ သစေ အလဇ္ဇုဿန္နာ ဟောတိ, ပရိသာ ဥဗ္ဗာဟိကာယ ဝူပသမေတဗ္ဗံ။ သစေ ဗာလုဿန္နာ ဟောတိ, ပရိသာ ဝိနယဓရော ပရိယေသိတဗ္ဗော ယေန ဓမ္မေန ယေန ဝိနယေန ယေန သတ္ထုသာသနေန တံ အဓိကရဏံ ဝူပသမ္မတိ။ တထာ တံ အဓိကရဏံ ဝူပသမေတဗ္ဗံ။</p>
<p class=""bodytext"">ဝတ္ထု ဇာနိတဗ္ဗံ, ဂေါတ္တံ ဇာနိတဗ္ဗံ, နာမံ ဇာနိတဗ္ဗံ, အာပတ္တိ ဇာနိတဗ္ဗာ။</p>
",-501-
2258,mula_vi_05,388,"<p class=""bodytext"">မေထုနဓမ္မောတိ <a name=""M0.0388""></a> ဝတ္ထု စေဝ ဂေါတ္တဉ္စ – ပါရာဇိကန္တိ နာမဉ္စေဝ အာပတ္တိ စ။</p>
<p class=""bodytext"">အဒိန္နာဒါနန္တိ ဝတ္ထု စေဝ ဂေါတ္တဉ္စ – ပါရာဇိကန္တိ နာမဉ္စေဝ အာပတ္တိ စ။</p>
<p class=""bodytext"">မနုဿဝိဂ္ဂဟောတိ ဝတ္ထု စေဝ ဂေါတ္တဉ္စ – ပါရာဇိကန္တိ နာမဉ္စေဝ အာပတ္တိ စ။</p>
<p class=""bodytext"">ဥတ္တရိမနုဿဓမ္မောတိ ဝတ္ထု စေဝ ဂေါတ္တဉ္စ – ပါရာဇိကန္တိ နာမဉ္စေဝ အာပတ္တိ စ။</p>
<p class=""bodytext"">သုက္ကဝိဿဋ္ဌီတိ ဝတ္ထု စေဝ ဂေါတ္တဉ္စ – သံဃာဒိသေသောတိ နာမဉ္စေဝ အာပတ္တိ စ။</p>
<p class=""bodytext"">ကာယသံသဂ္ဂေါတိ ဝတ္ထု စေဝ ဂေါတ္တဉ္စ – သံဃာဒိသေသောတိ နာမဉ္စေဝ အာပတ္တိ စ။</p>
<p class=""bodytext"">ဒုဋ္ဌုလ္လဝါစာတိ ဝတ္ထု စေဝ ဂေါတ္တဉ္စ – သံဃာဒိသေသောတိ နာမဉ္စေဝ အာပတ္တိ စ။</p>
<p class=""bodytext"">အတ္တကာမန္တိ ဝတ္ထု စေဝ ဂေါတ္တဉ္စ – သံဃာဒိသေသောတိ နာမဉ္စေဝ အာပတ္တိ စ။</p>
<p class=""bodytext"">သဉ္စရိတ္တန္တိ <a name=""V0.0414""></a> ဝတ္ထု စေဝ ဂေါတ္တဉ္စ – သံဃာဒိသေသောတိ နာမဉ္စေဝ အာပတ္တိ စ။</p>
<p class=""bodytext"">သညာစိကာယ ကုဋိံ ကာရာပနန္တိ ဝတ္ထု စေဝ ဂေါတ္တဉ္စ – သံဃာဒိသေသောတိ နာမဉ္စေဝ အာပတ္တိ <a name=""T0.0551""></a> စ။</p>
<p class=""bodytext"">မဟလ္လကံ ဝိဟာရံ ကာရာပနန္တိ ဝတ္ထု စေဝ ဂေါတ္တဉ္စ – သံဃာဒိသေသောတိ နာမဉ္စေဝ အာပတ္တိ စ။</p>
<p class=""bodytext"">ဘိက္ခုံ အမူလကေန ပါရာဇိကေန ဓမ္မေန အနုဒ္ဓံသနန္တိ ဝတ္ထု စေဝ ဂေါတ္တဉ္စ – သံဃာဒိသေသောတိ နာမဉ္စေဝ အာပတ္တိ စ။</p>
<p class=""bodytext"">ဘိက္ခုံ အညဘာဂိယဿ အဓိကရဏဿ ကိဉ္စိ ဒေသံ လေသမတ္တံ ဥပါဒါယ ပါရာဇိကေန ဓမ္မေန အနုဒ္ဓံသနန္တိ <a name=""P5.0225""></a> ဝတ္ထု စေဝ ဂေါတ္တဉ္စ – သံဃာဒိသေသောတိ နာမဉ္စေဝ အာပတ္တိ စ။</p>
<p class=""bodytext"">သံဃဘေဒကဿ ဘိက္ခုနော ယာဝတတိယံ သမနုဘာသနာယ န ပဋိနိဿဇ္ဇနန္တိ ဝတ္ထု စေဝ ဂေါတ္တဉ္စ – သံဃာဒိသေသောတိ နာမဉ္စေဝ အာပတ္တိ စ။</p>
",
2259,mula_vi_05,389,"<p class=""bodytext"">ဘေဒကာနုဝတ္တကာနံ <a name=""M0.0389""></a> ဘိက္ခူနံ ယာဝတတိယံ သမနုဘာသနာယ န ပဋိနိဿဇ္ဇနန္တိ ဝတ္ထု စေဝ ဂေါတ္တဉ္စ – သံဃာဒိသေသောတိ နာမဉ္စေဝ အာပတ္တိ စ။</p>
<p class=""bodytext"">ဒုဗ္ဗစဿ ဘိက္ခုနော ယာဝတတိယံ သမနုဘာသနာယ န ပဋိနိဿဇ္ဇနန္တိ ဝတ္ထု စေဝ ဂေါတ္တဉ္စ – သံဃာဒိသေသောတိ နာမဉ္စေဝ အာပတ္တိ စ။</p>
<p class=""bodytext"">ကုလဒူသကဿ ဘိက္ခုနော ယာဝတတိယံ သမနုဘာသနာယ န ပဋိနိဿဇ္ဇနန္တိ ဝတ္ထု စေဝ ဂေါတ္တဉ္စ – သံဃာဒိသေသောတိ နာမဉ္စေဝ အာပတ္တိ စ…ပေ…။</p>
<p class=""bodytext"">အနာဒရိယံ ပဋိစ္စ ဥဒကေ ဥစ္စာရံ ဝါ ပဿာဝံ ဝါ ခေဠံ ဝါ ကရဏန္တိ ဝတ္ထု စေဝ ဂေါတ္တဉ္စ – ဒုက္ကဋန္တိ နာမဉ္စေဝ အာပတ္တိ စာတိ။</p>
<p class=""centered"">နဝသင်္ဂဟဝဂ္ဂေါ နိဋ္ဌိတော ပဉ္စမော။</p>
<p class=""centered"">တဿုဒ္ဒါနံ –</p>
<p class=""gatha1"">အပလောကနံ <a name=""T0.0552""></a><a name=""V0.0415""></a> ဉတ္တိ စ, ဒုတိယံ စတုတ္ထေန စ၊</p>
<p class=""gathalast"">ဝတ္ထု ဉတ္တိ အနုဿာဝနံ, သီမာ ပရိသမေဝ စ။</p>
<p class=""gatha1"">သမ္မုခါ ပဋိပုစ္ဆာ စ, ပဋိညာ ဝိနယာရဟော၊</p>
<p class=""gathalast"">ဝတ္ထု သံဃပုဂ္ဂလဉ္စ, ဉတ္တိံ န ပစ္ဆာ ဉတ္တိ စ။</p>
<p class=""gatha1"">ဝတ္ထုံ သံဃပုဂ္ဂလဉ္စ, သာဝနံ အကာလေန စ၊</p>
<p class=""gathalast"">အတိခုဒ္ဒကာ မဟန္တာ စ, ခဏ္ဍစ္ဆာယာ နိမိတ္တကာ။</p>
<p class=""gatha1"">ဗဟိနဒီ သမုဒ္ဒေ စ, ဇာတဿရေ စ ဘိန္ဒတိ၊</p>
<p class=""gathalast"">အဇ္ဈောတ္ထရတိ သီမာယ, စတု ပဉ္စ စ ဝဂ္ဂိကာ။</p>
<p class=""gatha1"">ဒသ ဝီသတိဝဂ္ဂါ စ, အနာဟဋာ စ အာဟဋာ၊</p>
<p class=""gathalast"">ကမ္မပတ္တာ ဆန္ဒာရဟာ, ကမ္မာရဟာ စ ပုဂ္ဂလာ။</p>
<p class=""gatha1"">အပလောကနံ ပဉ္စဋ္ဌာနံ, ဉတ္တိ စ နဝဌာနိကာ၊</p>
<p class=""gathalast"">ဉတ္တိ ဒုတိယံ သတ္တဋ္ဌာနံ, စတုတ္ထာ သတ္တဌာနိကာ။</p>
<p class=""gatha1"">သုဋ္ဌု ဖာသု စ ဒုမ္မင်္ကု, ပေသလာ စာပိ အာသဝါ၊</p>
<p class=""gathalast"">ဝေရဝဇ္ဇဘယဉ္စေဝ, အကုသလံ ဂိဟီနဉ္စ။</p>
",
2260,mula_vi_05,390,"<p class=""gatha1"">ပါပိစ္ဆာ <a name=""M0.0390""></a> အပ္ပသန္နာနံ, ပသန္နာ ဓမ္မဋ္ဌပနာ၊</p>
<p class=""gathalast"">ဝိနယာနုဂ္ဂဟာ စေဝ, ပါတိမောက္ခုဒ္ဒေသေန စ။</p>
<p class=""gatha1"">ပါတိမောက္ခဉ္စ <a name=""T0.0553""></a> ဌပနာ, ပဝါရဏဉ္စ ဌပနံ၊</p>
<p class=""gathalast"">တဇ္ဇနီယာ နိယဿဉ္စ, ပဗ္ဗာဇနီယ ပဋိသာရဏီ၊</p>
<p class=""gatha1"">ဥက္ခေပန ပရိဝါသံ, မူလမာနတ္တအဗ္ဘာနံ၊</p>
<p class=""gathalast"">ဩသာရဏံ နိဿာရဏံ, တထေဝ ဥပသမ္ပဒါ။</p>
<p class=""gatha1"">အပလောကနဉတ္တိ <a name=""V0.0416""></a> စ, ဒုတိယဉ္စ စတုတ္ထကံ၊</p>
<p class=""gathalast"">အပညတ္တေနုပညတ္တံ, သမ္မုခါဝိနယော သတိ။</p>
<p class=""gatha1"">အမူဠှပဋိယေဘုယျ, ပါပိယ တိဏဝတ္ထာရကံ၊</p>
<p class=""gathalast"">ဝတ္ထု ဝိပတ္တိ အာပတ္တိ, နိဒါနံ ပုဂ္ဂလေန စ။</p>
<p class=""gatha1"">ခန္ဓာ <a name=""P5.0226""></a> စေဝ သမုဋ္ဌာနာ, အဓိကရဏမေဝ စ၊</p>
<p class=""gathalast"">သမထာ သင်္ဂဟာ စေဝ, နာမအာပတ္တိကာ တထာတိ။</p>
<p class=""centered"">ပရိဝါရော နိဋ္ဌိတော။</p>
<p class=""centered"">ပရိဝါရပါဠိ နိဋ္ဌိတာ။</p>

",
