id,book_id,page,content,paranum
1,mula_vi_01,1,"<p class=""nikaya"">ဝိနယပိဋကေ</p>
<a name=""vin1""></a><p class=""book"">ပါရာဇိကပါဠိ</p>
<p class=""centered""> နမော တဿ ဘဂဝတော အရဟတော သမ္မာသမ္ဗုဒ္ဓဿ</p>
<a name=""vin1_1""></a><p class=""chapter"">ဝေရဉ္ဇကဏ္ဍံ</p>
<p class=""bodytext""><a name=""para1""></a><a name=""para1_vin1""></a><span class=""paranum"">၁</span>။ တေန <a name=""T1.0001""></a><a name=""P3.0001""></a><a name=""M0.0001""></a><a name=""V0.0001""></a> သမယေန ဗုဒ္ဓေါ ဘဂဝါ ဝေရဉ္ဇာယံ ဝိဟရတိ နဠေရုပုစိမန္ဒမူလေ မဟတာ ဘိက္ခုသံဃေန သဒ္ဓိံ ပဉ္စမတ္တေဟိ ဘိက္ခုသတေဟိ။ အဿောသိ ခေါ ဝေရဉ္ဇော ဗြာဟ္မဏော – ‘‘သမဏော ခလု, ဘော, ဂေါတမော သကျပုတ္တော သကျကုလာ ပဗ္ဗဇိတော ဝေရဉ္ဇာယံ ဝိဟရတိ နဠေရုပုစိမန္ဒမူလေ မဟတာ ဘိက္ခုသံဃေန သဒ္ဓိံ ပဉ္စမတ္တေဟိ ဘိက္ခုသတေဟိ။ တံ ခေါ ပန ဘဝန္တံ ဂေါတမံ ဧဝံ ကလျာဏော ကိတ္တိသဒ္ဒေါ အဗ္ဘုဂ္ဂတော – ‘ဣတိပိ သော ဘဂဝါ အရဟံ သမ္မာသမ္ဗုဒ္ဓေါ ဝိဇ္ဇာစရဏသမ္ပန္နော သုဂတော လောကဝိဒူ အနုတ္တရော ပုရိသဒမ္မသာရထိ သတ္ထာ ဒေဝမနုဿာနံ ဗုဒ္ဓေါ ဘဂဝါ <span class=""note"">[ဘဂဝါတိ (သျာ။), ဒီ။ နိ။ ၁။၁၅၇, အဗ္ဘုဂ္ဂတာကာရေန ပန သမေတိ]</span>။ သော ဣမံ လောကံ သဒေဝကံ သမာရကံ သဗြဟ္မကံ သဿမဏဗြာဟ္မဏိံ ပဇံ သဒေဝမနုဿံ သယံ အဘိညာ သစ္ဆိကတွာ ပဝေဒေတိ။ သော ဓမ္မံ ဒေသေတိ အာဒိကလျာဏံ မဇ္ဈေကလျာဏံ ပရိယောသာနကလျာဏံ <a name=""V0.0002""></a> သာတ္ထံ သဗျဉ္ဇနံ၊ ကေဝလပရိပုဏ္ဏံ ပရိသုဒ္ဓံ ဗြဟ္မစရိယံ ပကာသေတိ၊ သာဓု ခေါ ပန တထာရူပါနံ အရဟတံ ဒဿနံ ဟောတီ’’’တိ။</p>
<p class=""bodytext""><a name=""para2""></a><a name=""para2_vin1""></a><span class=""paranum"">၂</span>။ <span class=""note"">[ဣတော ပရံ ယာဝ ပါရာ။ ၁၅-၁၆ ပဒက္ခိဏံ ကတွာ ပက္ကာမီတိ ပါဌော အ။ နိ။ ၈။၁၁]</span> အထ <a name=""T1.0002""></a> ခေါ ဝေရဉ္ဇော ဗြာဟ္မဏော ယေန ဘဂဝါ တေနုပသင်္ကမိ၊ ဥပသင်္ကမိတွာ ဘဂဝတာ သဒ္ဓိံ သမ္မောဒိ။ သမ္မောဒနီယံ ကထံ သာရဏီယံ ဝီတိသာရေတွာ ဧကမန္တံ နိသီဒိ<a name=""P3.0002""></a>။ ဧကမန္တံ နိသိန္နော ခေါ ဝေရဉ္ဇော ဗြာဟ္မဏော ဘဂဝန္တံ ဧတဒဝေါစ – ‘‘သုတံ မေတံ, ဘော ဂေါတမ – ‘န သမဏော</p>
",-1-2-
2,mula_vi_01,2,"<p class=""noindentbodytext""> ဂေါတမော<a name=""M0.0002""></a> ဗြာဟ္မဏေ ဇိဏ္ဏေ ဝုဍ္ဎေ မဟလ္လကေ အဒ္ဓဂတေ ဝယောအနုပ္ပတ္တေ အဘိဝါဒေတိ ဝါ ပစ္စုဋ္ဌေတိ ဝါ အာသနေန ဝါ နိမန္တေတီ’တိ။ တယိဒံ, ဘော ဂေါတမ, တထေဝ? န ဟိ ဘဝံ ဂေါတမော ဗြာဟ္မဏေ ဇိဏ္ဏေ ဝုဍ္ဎေ မဟလ္လကေ အဒ္ဓဂတေ ဝယောအနုပ္ပတ္တေ အဘိဝါဒေတိ ဝါ ပစ္စုဋ္ဌေတိ ဝါ အာသနေန ဝါ နိမန္တေတိ? တယိဒံ, ဘော ဂေါတမ, န သမ္ပန္နမေဝါ’’တိ။</p>
<p class=""bodytext"">‘‘နာဟံ တံ, ဗြာဟ္မဏ, ပဿာမိ သဒေဝကေ လောကေ သမာရကေ သဗြဟ္မကေ သဿမဏဗြာဟ္မဏိယာ ပဇာယ သဒေဝမနုဿာယ ယမဟံ အဘိဝါဒေယျံ ဝါ ပစ္စုဋ္ဌေယျံ ဝါ အာသနေန ဝါ နိမန္တေယျံ။ ယဉှိ, ဗြာဟ္မဏ, တထာဂတော အဘိဝါဒေယျ ဝါ ပစ္စုဋ္ဌေယျ ဝါ အာသနေန ဝါ နိမန္တေယျ, မုဒ္ဓါပိ တဿ ဝိပတေယျာ’’တိ။</p>
<p class=""bodytext""><a name=""para3""></a><a name=""para3_vin1""></a><span class=""paranum"">၃</span>။ ‘‘အရသရူပေါ ဘဝံ ဂေါတမော’’တိ? ‘‘အတ္ထိ ခွေသ, ဗြာဟ္မဏ, ပရိယာယော ယေန မံ ပရိယာယေန သမ္မာ ဝဒမာနော ဝဒေယျ <a name=""T1.0003""></a> – ‘အရသရူပေါ သမဏော ဂေါတမော’တိ။ ယေ တေ, ဗြာဟ္မဏ, ရူပရသာ သဒ္ဒရသာ ဂန္ဓရသာ ရသရသာ ဖောဋ္ဌဗ္ဗရသာ တေ တထာဂတဿ ပဟီနာ ဥစ္ဆိန္နမူလာ တာလာဝတ္ထုကတာ အနဘာဝံကတာ <span class=""note"">[အနဘာဝကတာ (သီ။) အနဘာဝံဂတာ (သျာ။)]</span> အာယတိံ အနုပ္ပါဒဓမ္မာ။ အယံ ခေါ, ဗြာဟ္မဏ, ပရိယာယော ယေန မံ ပရိယာယေန သမ္မာ ဝဒမာနော ဝဒေယျ – ‘အရသရူပေါ သမဏော ဂေါတမော’တိ, နော စ ခေါ ယံ တွံ သန္ဓာယ ဝဒေသီ’’တိ။</p>
<p class=""bodytext""><a name=""para4""></a><a name=""para4_vin1""></a><span class=""paranum"">၄</span>။ ‘‘နိဗ္ဘောဂေါ ဘဝံ ဂေါတမော’’တိ? ‘‘အတ္ထိ ခွေသ, ဗြာဟ္မဏ, ပရိယာယော ယေန မံ ပရိယာယေန သမ္မာ ဝဒမာနော ဝဒေယျ – ‘နိဗ္ဘောဂေါ သမဏော ဂေါတမော’တိ။ ယေ တေ, ဗြာဟ္မဏ, ရူပဘောဂါ သဒ္ဒဘောဂါ ဂန္ဓဘောဂါ ရသဘောဂါ ဖောဋ္ဌဗ္ဗဘောဂါ တေ တထာဂတဿ ပဟီနာ ဥစ္ဆိန္နမူလာ တာလာဝတ္ထုကတာ အနဘာဝံကတာ အာယတိံ အနုပ္ပါဒဓမ္မာ။ အယံ ခေါ, ဗြာဟ္မဏ, ပရိယာယော ယေန မံ ပရိယာယေန သမ္မာ ဝဒမာနော ဝဒေယျ – ‘နိဗ္ဘောဂေါ သမဏော ဂေါတမော’တိ, နော စ ခေါ ယံ တွံ သန္ဓာယ ဝဒေသီ’’တိ။</p>
<p class=""bodytext""><a name=""para5""></a><a name=""para5_vin1""></a><span class=""paranum"">၅</span>။ ‘‘အကိရိယဝါဒေါ <a name=""V0.0003""></a> ဘဝံ ဂေါတမော’’တိ? ‘‘အတ္ထိ ခွေသ, ဗြာဟ္မဏ, ပရိယာယော ယေန မံ ပရိယာယေန သမ္မာ ဝဒမာနော ဝဒေယျ – ‘အကိရိယဝါဒေါ သမဏော ဂေါတမော’တိ။ အဟဉှိ, ဗြာဟ္မဏ, အကိရိယံ ဝဒါမိ</p>
",-3-4-5-
3,mula_vi_01,3,"<p class=""noindentbodytext""> ကာယဒုစ္စရိတဿ<a name=""M0.0003""></a> ဝစီဒုစ္စရိတဿ မနောဒုစ္စရိတဿ။ အနေကဝိဟိတာနံ ပါပကာနံ အကုသလာနံ ဓမ္မာနံ အကိရိယံ ဝဒါမိ။ အယံ ခေါ, ဗြာဟ္မဏ, ပရိယာယော ယေန မံ ပရိယာယေန သမ္မာ ဝဒမာနော ဝဒေယျ – ‘အကိရိယဝါဒေါ သမဏော ဂေါတမော’တိ, နော စ ခေါ ယံ တွံ သန္ဓာယ ဝဒေသီ’’တိ။</p>
<p class=""bodytext""><a name=""para6""></a><a name=""para6_vin1""></a><span class=""paranum"">၆</span>။ ‘‘ဥစ္ဆေဒဝါဒေါ ဘဝံ ဂေါတမော’’တိ? ‘‘အတ္ထိ ခွေသ, ဗြာဟ္မဏ, ပရိယာယော ယေန မံ ပရိယာယေန သမ္မာ ဝဒမာနော ဝဒေယျ – ‘ဥစ္ဆေဒဝါဒေါ သမဏော ဂေါတမော’တိ။ အဟဉှိ, ဗြာဟ္မဏ, ဥစ္ဆေဒံ ဝဒါမိ ရာဂဿ ဒေါသဿ မောဟဿ။ အနေကဝိဟိတာနံ ပါပကာနံ အကုသလာနံ ဓမ္မာနံ ဥစ္ဆေဒံ ဝဒါမိ။ အယံ ခေါ, ဗြာဟ္မဏ, ပရိယာယော ယေန မံ ပရိယာယေန သမ္မာ ဝဒမာနော <a name=""T1.0004""></a> ဝဒေယျ – ‘ဥစ္ဆေဒဝါဒေါ သမဏော ဂေါတမော’တိ, နော <a name=""P3.0003""></a> စ ခေါ ယံ တွံ သန္ဓာယ ဝဒေသီ’’တိ။</p>
<p class=""bodytext""><a name=""para7""></a><a name=""para7_vin1""></a><span class=""paranum"">၇</span>။ ‘‘ဇေဂုစ္ဆီ ဘဝံ ဂေါတမော’’တိ? ‘‘အတ္ထိ ခွေသ, ဗြာဟ္မဏ, ပရိယာယော ယေန မံ ပရိယာယေန သမ္မာ ဝဒမာနော ဝဒေယျ – ‘ဇေဂုစ္ဆီ သမဏော ဂေါတမော’တိ။ အဟဉှိ, ဗြာဟ္မဏ, ဇိဂုစ္ဆာမိ ကာယဒုစ္စရိတေန ဝစီဒုစ္စရိတေန မနောဒုစ္စရိတေန။ အနေကဝိဟိတာနံ ပါပကာနံ အကုသလာနံ ဓမ္မာနံ သမာပတ္တိယာ ဇိဂုစ္ဆာမိ။ အယံ ခေါ, ဗြာဟ္မဏ, ပရိယာယော ယေန မံ ပရိယာယေန သမ္မာ ဝဒမာနော ဝဒေယျ – ‘ဇေဂုစ္ဆီ သမဏော ဂေါတမော’တိ, နော စ ခေါ ယံ တွံ သန္ဓာယ ဝဒေသီ’’တိ။</p>
<p class=""bodytext""><a name=""para8""></a><a name=""para8_vin1""></a><span class=""paranum"">၈</span>။ ‘‘ဝေနယိကော ဘဝံ ဂေါတမော’’တိ? ‘‘အတ္ထိ ခွေသ, ဗြာဟ္မဏ, ပရိယာယော ယေန မံ ပရိယာယေန သမ္မာ ဝဒမာနော ဝဒေယျ – ‘ဝေနယိကော သမဏော ဂေါတမော’တိ။ အဟဉှိ, ဗြာဟ္မဏ, ဝိနယာယ ဓမ္မံ ဒေသေမိ ရာဂဿ ဒေါသဿ မောဟဿ။ အနေကဝိဟိတာနံ ပါပကာနံ အကုသလာနံ ဓမ္မာနံ ဝိနယာယ ဓမ္မံ ဒေသေမိ။ အယံ ခေါ, ဗြာဟ္မဏ, ပရိယာယော ယေန မံ ပရိယာယေန သမ္မာ ဝဒမာနော ဝဒေယျ – ‘ဝေနယိကော သမဏော ဂေါတမော’တိ, နော စ ခေါ ယံ တွံ သန္ဓာယ ဝဒေသီ’’တိ။</p>
<p class=""bodytext""><a name=""para9""></a><a name=""para9_vin1""></a><span class=""paranum"">၉</span>။ ‘‘တပဿီ ဘဝံ ဂေါတမော’’တိ? ‘‘အတ္ထိ ခွေသ, ဗြာဟ္မဏ, ပရိယာယော ယေန မံ ပရိယာယေန သမ္မာ ဝဒမာနော ဝဒေယျ – ‘တပဿီ သမဏော</p>
",-6-7-8-9-
4,mula_vi_01,4,"<p class=""noindentbodytext""> ဂေါတမော’တိ<a name=""M0.0004""></a>။ တပနီယာဟံ, ဗြာဟ္မဏ, ပါပကေ အကုသလေ ဓမ္မေ ဝဒါမိ, ကာယဒုစ္စရိတံ ဝစီဒုစ္စရိတံ မနောဒုစ္စရိတံ။ ယဿ ခေါ, ဗြာဟ္မဏ<a name=""V0.0004""></a>, တပနီယာ ပါပကာ အကုသလာ ဓမ္မာ ပဟီနာ ဥစ္ဆိန္နမူလာ တာလာဝတ္ထုကတာ အနဘာဝံကတာ <a name=""T1.0005""></a> အာယတိံ အနုပ္ပါဒဓမ္မာ တမဟံ တပဿီတိ ဝဒါမိ။ တထာဂတဿ ခေါ, ဗြာဟ္မဏ, တပနီယာ ပါပကာ အကုသလာ ဓမ္မာ ပဟီနာ ဥစ္ဆိန္နမူလာ တာလာဝတ္ထုကတာ အနဘာဝံကတာ အာယတိံ အနုပ္ပါဒဓမ္မာ။ အယံ ခေါ, ဗြာဟ္မဏ, ပရိယာယော ယေန မံ ပရိယာယေန သမ္မာ ဝဒမာနော ဝဒေယျ – ‘တပဿီ သမဏော ဂေါတမော’တိ, နော စ ခေါ ယံ တွံ သန္ဓာယ ဝဒေသီ’’တိ။</p>
<p class=""bodytext""><a name=""para10""></a><a name=""para10_vin1""></a><span class=""paranum"">၁၀</span>။ ‘‘အပဂဗ္ဘော ဘဝံ ဂေါတမော’’တိ? ‘‘အတ္ထိ ခွေသ, ဗြာဟ္မဏ, ပရိယာယော ယေန မံ ပရိယာယေန သမ္မာ ဝဒမာနော ဝဒေယျ – ‘အပဂဗ္ဘော သမဏော ဂေါတမော’တိ။ ယဿ ခေါ, ဗြာဟ္မဏ, အာယတိံ ဂဗ္ဘသေယျာ ပုနဗ္ဘဝါဘိနိဗ္ဗတ္တိ ပဟီနာ ဥစ္ဆိန္နမူလာ တာလာဝတ္ထုကတာ အနဘာဝံကတာ အာယတိံ အနုပ္ပါဒဓမ္မာ တမဟံ အပဂဗ္ဘောတိ ဝဒါမိ။ တထာဂတဿ ခေါ, ဗြာဟ္မဏ, အာယတိံ ဂဗ္ဘသေယျာ ပုနဗ္ဘဝါဘိနိဗ္ဗတ္တိ ပဟီနာ ဥစ္ဆိန္နမူလာ တာလာဝတ္ထုကတာ အနဘာဝံကတာ အာယတိံ အနုပ္ပါဒဓမ္မာ။ အယံ ခေါ, ဗြာဟ္မဏ, ပရိယာယော ယေန မံ ပရိယာယေန သမ္မာ ဝဒမာနော ဝဒေယျ – ‘အပဂဗ္ဘော သမဏော ဂေါတမော’တိ, နော စ ခေါ ယံ တွံ သန္ဓာယ ဝဒေသိ’’။</p>
<p class=""bodytext""><a name=""para11""></a><a name=""para11_vin1""></a><span class=""paranum"">၁၁</span>။ ‘‘သေယျထာပိ, ဗြာဟ္မဏ, ကုက္ကုဋိယာ အဏ္ဍာနိ အဋ္ဌ ဝါ ဒသ ဝါ ဒွါဒသ ဝါ။ တာနဿု ကုက္ကုဋိယာ သမ္မာ အဓိသယိတာနိ သမ္မာ ပရိသေဒိတာနိ သမ္မာ ပရိဘာဝိတာနိ။ ယော နု ခေါ တေသံ ကုက္ကုဋစ္ဆာပကာနံ ပဌမတရံ ပါဒနခသိခါယ ဝါ မုခတုဏ္ဍကေန ဝါ အဏ္ဍကောသံ ပဒါလေတွာ သောတ္ထိနာ အဘိနိဗ္ဘိဇ္ဇေယျ, ကိန္တိ သွာဿ ဝစနီယော – ‘‘ဇေဋ္ဌော <a name=""T1.0006""></a> ဝါ ကနိဋ္ဌော ဝါ’’တိ? ‘‘ဇေဋ္ဌောတိဿ, ဘော ဂေါတမ, ဝစနီယော။ သော ဟိ နေသံ ဇေဋ္ဌော ဟောတီ’’တိ။ ‘‘ဧဝမေဝ ခေါ အဟံ, ဗြာဟ္မဏ, အဝိဇ္ဇာဂတာယ ပဇာယ အဏ္ဍဘူတာယ ပရိယောနဒ္ဓါယ <a name=""P3.0004""></a> အဝိဇ္ဇဏ္ဍကောသံ ပဒါလေတွာ ဧကောဝ လောကေ အနုတ္တရံ သမ္မာသမ္ဗောဓိံ အဘိသမ္ဗုဒ္ဓေါ။ သွာဟံ, ဗြာဟ္မဏ, ဇေဋ္ဌော သေဋ္ဌော လောကဿ’’။</p>
<p class=""bodytext"">‘‘အာရဒ္ဓံ ခေါ ပန မေ, ဗြာဟ္မဏ, ဝီရိယံ <span class=""note"">[ဝိရိယံ (သီ။ သျာ။)]</span> အဟောသိ အသလ္လီနံ, ဥပဋ္ဌိတာ သတိ အသမ္မုဋ္ဌာ <span class=""note"">[အပ္ပမုဋ္ဌာ (သီ။ သျာ။)]</span>, ပဿဒ္ဓေါ ကာယော အသာရဒ္ဓေါ, သမာဟိတံ စိတ္တံ ဧကဂ္ဂံ။</p>
",-10-11-
5,mula_vi_01,5,"<p class=""noindentbodytext""> သော<a name=""M0.0005""></a> ခေါ အဟံ, ဗြာဟ္မဏ, ဝိဝိစ္စေဝ ကာမေဟိ ဝိဝိစ္စ အကုသလေဟိ ဓမ္မေဟိ သဝိတက္ကံ သဝိစာရံ ဝိဝေကဇံ ပီတိသုခံ ပဌမံ ဈာနံ ဥပသမ္ပဇ္ဇ ဝိဟာသိံ။ ဝိတက္ကဝိစာရာနံ ဝူပသမာ အဇ္ဈတ္တံ သမ္ပသာဒနံ စေတသော ဧကောဒိဘာဝံ အဝိတက္ကံ အဝိစာရံ သမာဓိဇံ ပီတိသုခံ ဒုတိယံ ဈာနံ ဥပသမ္ပဇ္ဇ ဝိဟာသိံ။ ပီတိယာ စ ဝိရာဂါ ဥပေက္ခကော စ ဝိဟာသိံ သတော စ သမ္ပဇာနော, သုခဉ္စ ကာယေန ပဋိသံဝေဒေသိံ<a name=""V0.0005""></a>, ယံ တံ အရိယာ အာစိက္ခန္တိ – ‘ဥပေက္ခကော သတိမာ သုခဝိဟာရီ’တိ တတိယံ ဈာနံ ဥပသမ္ပဇ္ဇ ဝိဟာသိံ။ သုခဿ စ ပဟာနာ ဒုက္ခဿ စ ပဟာနာ ပုဗ္ဗေဝ သောမနဿဒေါမနဿာနံ အတ္ထင်္ဂမာ အဒုက္ခမသုခံ ဥပေက္ခာသတိပါရိသုဒ္ဓိံ စတုတ္ထံ ဈာနံ ဥပသမ္ပဇ္ဇ ဝိဟာသိံ။</p>
<p class=""bodytext""><a name=""para12""></a><a name=""para12_vin1""></a><span class=""paranum"">၁၂</span>။ ‘‘သော ဧဝံ သမာဟိတေ စိတ္တေ ပရိသုဒ္ဓေ ပရိယောဒါတေ အနင်္ဂဏေ ဝိဂတူပက္ကိလေသေ မုဒုဘူတေ ကမ္မနိယေ ဌိတေ အာနေဉ္ဇပ္ပတ္တေ ပုဗ္ဗေနိဝါသာနုဿတိဉာဏာယ စိတ္တံ အဘိနိန္နာမေသိံ။ သော အနေကဝိဟိတံ ပုဗ္ဗေနိဝါသံ အနုဿရာမိ<a name=""T1.0007""></a>, သေယျထိဒံ – ဧကမ္ပိ ဇာတိံ ဒွေပိ ဇာတိယော တိဿောပိ ဇာတိယော စတဿောပိ ဇာတိယော ပဉ္စပိ ဇာတိယော ဒသပိ ဇာတိယော ဝီသမ္ပိ ဇာတိယော တိံသမ္ပိ ဇာတိယော စတ္တာလီသမ္ပိ ဇာတိယော ပညာသမ္ပိ ဇာတိယော ဇာတိသတမ္ပိ, ဇာတိသဟဿမ္ပိ ဇာတိသတသဟဿမ္ပိ, အနေကေပိ သံဝဋ္ဋကပ္ပေ အနေကေပိ ဝိဝဋ္ဋကပ္ပေ အနေကေပိ သံဝဋ္ဋဝိဝဋ္ဋကပ္ပေ – ‘အမုတြာသိံ ဧဝံနာမော ဧဝံဂေါတ္တော ဧဝံဝဏ္ဏော ဧဝမာဟာရော ဧဝံသုခဒုက္ခပ္ပဋိသံဝေဒီ ဧဝမာယုပရိယန္တော၊ သော တတော စုတော အမုတြ ဥဒပါဒိံ၊ တတြာပါသိံ ဧဝံနာမော ဧဝံဂေါတ္တော ဧဝံဝဏ္ဏော ဧဝမာဟာရော ဧဝံသုခဒုက္ခပ္ပဋိသံဝေဒီ ဧဝမာယုပရိယန္တော၊ သော တတော စုတော ဣဓူပပန္နောတိ။ ဣတိ သာကာရံ သဥဒ္ဒေသံ အနေကဝိဟိတံ ပုဗ္ဗေနိဝါသံ အနုဿရာမိ။ အယံ ခေါ မေ, ဗြာဟ္မဏ, ရတ္တိယာ ပဌမေ ယာမေ ပဌမာ ဝိဇ္ဇာ အဓိဂတာ, အဝိဇ္ဇာ ဝိဟတာ, ဝိဇ္ဇာ ဥပ္ပန္နာ, တမော ဝိဟတော, အာလောကော ဥပ္ပန္နော – ယထာ တံ အပ္ပမတ္တဿ အာတာပိနော ပဟိတတ္တဿ ဝိဟရတော။ အယံ ခေါ မေ, ဗြာဟ္မဏ, ပဌမာဘိနိဗ္ဘိဒါ အဟောသိ ကုက္ကုဋစ္ဆာပကဿေဝ အဏ္ဍကောသမှာ။</p>
<p class=""bodytext""><a name=""para13""></a><a name=""para13_vin1""></a><span class=""paranum"">၁၃</span>။ ‘‘သော ဧဝံ သမာဟိတေ စိတ္တေ ပရိသုဒ္ဓေ ပရိယောဒါတေ အနင်္ဂဏေ ဝိဂတူပက္ကိလေသေ မုဒုဘူတေ ကမ္မနိယေ ဌိတေ အာနေဉ္ဇပ္ပတ္တေ သတ္တာနံ စုတူပပါတဉာဏာယ စိတ္တံ အဘိနိန္နာမေသိံ<a name=""P3.0005""></a>။ သော ဒိဗ္ဗေန စက္ခုနာ ဝိသုဒ္ဓေန အတိက္ကန္တမာနုသကေန <span class=""note"">[အတိက္ကန္တမာနုဿကေန (က။)]</span> သတ္တေ ပဿာမိ စဝမာနေ ဥပပဇ္ဇမာနေ ဟီနေ</p>
",-12-13-
6,mula_vi_01,6,"<p class=""noindentbodytext""> ပဏီတေ<a name=""M0.0006""></a> သုဝဏ္ဏေ ဒုဗ္ဗဏ္ဏေ။ သုဂတေ ဒုဂ္ဂတေ ယထာကမ္မူပဂေ သတ္တေ ပဇာနာမိ – ‘ဣမေ ဝတ ဘောန္တော သတ္တာ ကာယဒုစ္စရိတေန <a name=""T1.0008""></a> သမန္နာဂတာ ဝစီဒုစ္စရိတေန သမန္နာဂတာ မနောဒုစ္စရိတေန သမန္နာဂတာ အရိယာနံ ဥပဝါဒကာ မိစ္ဆာဒိဋ္ဌိကာ မိစ္ဆာဒိဋ္ဌိကမ္မသမာဒါနာ၊ တေ ကာယဿ ဘေဒါ ပရံ မရဏာ အပါယံ ဒုဂ္ဂတိံ ဝိနိပါတံ နိရယံ ဥပပန္နာ။ ဣမေ ဝါ ပန ဘောန္တော သတ္တာ ကာယသုစရိတေန သမန္နာဂတာ ဝစီသုစရိတေန သမန္နာဂတာ မနောသုစရိတေန သမန္နာဂတာ အရိယာနံ အနုပဝါဒကာ သမ္မာဒိဋ္ဌိကာ သမ္မာဒိဋ္ဌိကမ္မသမာဒါနာ၊ တေ ကာယဿ ဘေဒါ ပရံ မရဏာ သုဂတိံ သဂ္ဂံ လောကံ ဥပပန္နာ’တိ။ ဣတိ ဒိဗ္ဗေန စက္ခုနာ ဝိသုဒ္ဓေန အတိက္ကန္တမာနုသကေန သတ္တေ ပဿာမိ စဝမာနေ ဥပပဇ္ဇမာနေ <a name=""V0.0006""></a> ဟီနေ ပဏီတေ သုဝဏ္ဏေ ဒုဗ္ဗဏ္ဏေ။ သုဂတေ ဒုဂ္ဂတေ ယထာကမ္မူပဂေ သတ္တေ ပဇာနာမိ။ အယံ ခေါ မေ, ဗြာဟ္မဏ, ရတ္တိယာ မဇ္ဈိမေ ယာမေ ဒုတိယာ ဝိဇ္ဇာ အဓိဂတာ, အဝိဇ္ဇာ ဝိဟတာ, ဝိဇ္ဇာ ဥပ္ပန္နာ, တမော ဝိဟတော, အာလောကော ဥပ္ပန္နော – ယထာ တံ အပ္ပမတ္တဿ အာတာပိနော ပဟိတတ္တဿ ဝိဟရတော။ အယံ ခေါ မေ, ဗြာဟ္မဏ, ဒုတိယာဘိနိဗ္ဘိဒါ အဟောသိ ကုက္ကုဋစ္ဆာပကဿေဝ အဏ္ဍကောသမှာ။</p>
<p class=""bodytext""><a name=""para14""></a><a name=""para14_vin1""></a><span class=""paranum"">၁၄</span>။ ‘‘သော ဧဝံ သမာဟိတေ စိတ္တေ ပရိသုဒ္ဓေ ပရိယောဒါတေ အနင်္ဂဏေ ဝိဂတူပက္ကိလေသေ မုဒုဘူတေ ကမ္မနိယေ ဌိတေ အာနေဉ္ဇပ္ပတ္တေ အာသဝါနံ ခယဉာဏာယ စိတ္တံ အဘိနိန္နာမေသိံ။ သော ‘ဣဒံ ဒုက္ခ’န္တိ ယထာဘူတံ အဗ္ဘညာသိံ, ‘အယံ ဒုက္ခသမုဒယော’တိ ယထာဘူတံ အဗ္ဘညာသိံ, ‘အယံ ဒုက္ခနိရောဓော’တိ ယထာဘူတံ အဗ္ဘညာသိံ, ‘အယံ ဒုက္ခနိရောဓဂါမိနီ ပဋိပဒါ’တိ ယထာဘူတံ <a name=""T1.0009""></a> အဗ္ဘညာသိံ၊ ‘ဣမေ အာသဝါ’တိ ယထာဘူတံ အဗ္ဘညာသိံ, ‘အယံ အာသဝသမုဒယော’တိ ယထာဘူတံ အဗ္ဘညာသိံ, ‘အယံ အာသဝနိရောဓော’တိ ယထာဘူတံ အဗ္ဘညာသိံ, ‘အယံ အာသဝနိရောဓဂါမိနီ ပဋိပဒါ’တိ ယထာဘူတံ အဗ္ဘညာသိံ။ တဿ မေ ဧဝံ ဇာနတော ဧဝံ ပဿတော ကာမာသဝါပိ စိတ္တံ ဝိမုစ္စိတ္ထ ဘဝါသဝါပိ စိတ္တံ ဝိမုစ္စိတ္ထ အဝိဇ္ဇာသဝါပိ စိတ္တံ ဝိမုစ္စိတ္ထ။ ဝိမုတ္တသ္မိံ ဝိမုတ္တမိတိ ဉာဏံ အဟောသိ။ ‘ခီဏာ ဇာတိ, ဝုသိတံ ဗြဟ္မစရိယံ, ကတံ ကရဏီယံ, နာပရံ ဣတ္ထတ္တာယာ’တိ အဗ္ဘညာသိံ။ အယံ ခေါ မေ, ဗြာဟ္မဏ, ရတ္တိယာ ပစ္ဆိမေ ယာမေ တတိယာ ဝိဇ္ဇာ အဓိဂတာ, အဝိဇ္ဇာ ဝိဟတာ, ဝိဇ္ဇာ ဥပ္ပန္နာ, တမော ဝိဟတော, အာလောကော ဥပ္ပန္နော – ယထာ တံ အပ္ပမတ္တဿ အာတာပိနော ပဟိတတ္တဿ ဝိဟရတော။ အယံ ခေါ မေ, ဗြာဟ္မဏ, တတိယာဘိနိဗ္ဘိဒါ <a name=""P3.0006""></a> အဟောသိ – ကုက္ကုဋစ္ဆာပကဿေဝ အဏ္ဍကောသမှာ’’တိ။</p>
",-14-
7,mula_vi_01,7,"<p class=""bodytext""><a name=""para15""></a><a name=""para15_vin1""></a><span class=""paranum"">၁၅</span>။ ဧဝံ <a name=""M0.0007""></a> ဝုတ္တေ, ဝေရဉ္ဇော ဗြာဟ္မဏော ဘဂဝန္တံ ဧတဒဝေါစ – ‘‘ဇေဋ္ဌော ဘဝံ ဂေါတမော, သေဋ္ဌော ဘဝံ ဂေါတမော! အဘိက္ကန္တံ, ဘော ဂေါတမ, အဘိက္ကန္တံ, ဘော ဂေါတမ!! သေယျထာပိ, ဘော ဂေါတမ, နိက္ကုဇ္ဇိတံ ဝါ ဥက္ကုဇ္ဇေယျ, ပဋိစ္ဆန္နံ ဝါ ဝိဝရေယျ, မူဠှဿ ဝါ မဂ္ဂံ အာစိက္ခေယျ, အန္ဓကာရေ ဝါ တေလပဇ္ဇောတံ ဓာရေယျ – စက္ခုမန္တော ရူပါနိ ဒက္ခန္တီတိ, ဧဝမေဝံ ဘောတာ ဂေါတမေန အနေကပရိယာယေန ဓမ္မော ပကာသိတော<a name=""T1.0010""></a>။ ဧသာဟံ ဘဝန္တံ ဂေါတမံ သရဏံ ဂစ္ဆာမိ ဓမ္မဉ္စ ဘိက္ခုသံဃဉ္စ။ ဥပါသကံ မံ ဘဝံ ဂေါတမော ဓာရေတု အဇ္ဇတဂ္ဂေ ပါဏုပေတံ သရဏံ ဂတံ။ အဓိဝါသေတု စ မေ ဘဝံ ဂေါတမော ဝေရဉ္ဇာယံ ဝဿာဝါသံ သဒ္ဓိံ ဘိက္ခုသံဃေနာ’’တိ။ အဓိဝါသေသိ ဘဂဝါ တုဏှီဘာဝေန။ အထ ခေါ ဝေရဉ္ဇော ဗြာဟ္မဏော ဘဂဝတော အဓိဝါသနံ ဝိဒိတွာ ဥဋ္ဌာယာသနာ ဘဂဝန္တံ အဘိဝါဒေတွာ ပဒက္ခိဏံ ကတွာ ပက္ကာမိ။</p>
<p class=""bodytext""><a name=""para16""></a><a name=""para16_vin1""></a><span class=""paranum"">၁၆</span>။ တေန <a name=""V0.0007""></a> ခေါ ပန သမယေန ဝေရဉ္ဇာ ဒုဗ္ဘိက္ခာ ဟောတိ ဒွီဟိတိကာ သေတဋ္ဌိကာ သလာကာဝုတ္တာ န သုကရာ ဥဉ္ဆေန ပဂ္ဂဟေန ယာပေတုံ။ တေန ခေါ ပန သမယေန ဥတ္တရာပထကာ <span class=""note"">[ဥတ္တရာဟကာ (သီ။)]</span> အဿဝါဏိဇာ <span class=""note"">[အဿဝဏိဇာ (က။)]</span> ပဉ္စမတ္တေဟိ အဿသတေဟိ ဝေရဉ္ဇံ ဝဿာဝါသံ ဥပဂတာ ဟောန္တိ။ တေဟိ အဿမဏ္ဍလိကာသု ဘိက္ခူနံ ပတ္ထပတ္ထပုလကံ <span class=""note"">[ပတ္ထပတ္ထမူလကံ (က။)]</span> ပညတ္တံ ဟောတိ။ ဘိက္ခူ ပုဗ္ဗဏှသမယံ နိဝါသေတွာ ပတ္တစီဝရမာဒါယ ဝေရဉ္ဇံ ပိဏ္ဍာယ ပဝိသိတွာ ပိဏ္ဍံ အလဘမာနာ အဿမဏ္ဍလိကာသု ပိဏ္ဍာယ စရိတွာ ပတ္ထပတ္ထပုလကံ အာရာမံ အာဟရိတွာ ဥဒုက္ခလေ ကောဋ္ဋေတွာ ကောဋ္ဋေတွာ ပရိဘုဉ္ဇန္တိ။ အာယသ္မာ ပနာနန္ဒော ပတ္ထပုလကံ သိလာယံ ပိသိတွာ ဘဂဝတော ဥပနာမေတိ။ တံ ဘဂဝါ ပရိဘုဉ္ဇတိ။</p>
<p class=""bodytext"">အဿောသိ ခေါ ဘဂဝါ ဥဒုက္ခလသဒ္ဒံ။ ဇာနန္တာပိ တထာဂတာ ပုစ္ဆန္တိ, ဇာနန္တာပိ န ပုစ္ဆန္တိ၊ ကာလံ ဝိဒိတွာ ပုစ္ဆန္တိ, ကာလံ ဝိဒိတွာ န ပုစ္ဆန္တိ၊ အတ္ထသံဟိတံ <a name=""T1.0011""></a> တထာဂတာ ပုစ္ဆန္တိ, နော အနတ္ထသံဟိတံ။ အနတ္ထသံဟိတေ သေတုဃာတော တထာဂတာနံ။ ဒွီဟိ အာကာရေဟိ ဗုဒ္ဓါ ဘဂဝန္တော ဘိက္ခူ ပဋိပုစ္ဆန္တိ – ဓမ္မံ ဝါ ဒေသေဿာမ, သာဝကာနံ ဝါ သိက္ခာပဒံ ပညပေဿာမာတိ <span class=""note"">[ပညာပေဿာမာတိ (သီ။ သျာ။)]</span>။ အထ ခေါ ဘဂဝါ အာယသ္မန္တံ အာနန္ဒံ အာမန္တေသိ – ‘‘ကိံ နု ခေါ သော, အာနန္ဒ, ဥဒုက္ခလသဒ္ဒေါ’’တိ? အထ ခေါ အာယသ္မာ အာနန္ဒော ဘဂဝတော ဧတမတ္ထံ အာရောစေသိ<a name=""P3.0007""></a>။ ‘‘သာဓု သာဓု, အာနန္ဒ! တုမှေဟိ, အာနန္ဒ သပ္ပုရိသေဟိ ဝိဇိတံ။ ပစ္ဆိမာ ဇနတာ သာလိမံသောဒနံ အတိမညိဿတီ’’တိ။</p>
",-15-16-
8,mula_vi_01,8,"<p class=""bodytext""><a name=""para17""></a><a name=""para17_vin1""></a><span class=""paranum"">၁၇</span>။ အထ <a name=""M0.0008""></a> ခေါ အာယသ္မာ မဟာမောဂ္ဂလ္လာနော <span class=""note"">[မဟာမောဂ္ဂလာနော (က။)]</span> ယေန ဘဂဝါ တေနုပသင်္ကမိ၊ ဥပသင်္ကမိတွာ ဘဂဝန္တံ အဘိဝါဒေတွာ ဧကမန္တံ နိသီဒိ။ ဧကမန္တံ နိသိန္နော ခေါ အာယသ္မာ မဟာမောဂ္ဂလ္လာနော ဘဂဝန္တံ ဧတဒဝေါစ – ‘‘ဧတရဟိ, ဘန္တေ, ဝေရဉ္ဇာ ဒုဗ္ဘိက္ခာ ဒွီဟိတိကာ သေတဋ္ဌိကာ သလာကာဝုတ္တာ။ န သုကရာ ဥဉ္ဆေန ပဂ္ဂဟေန ယာပေတုံ။ ဣမိဿာ, ဘန္တေ, မဟာပထဝိယာ ဟေဋ္ဌိမတလံ သမ္ပန္နံ – သေယျထာပိ ခုဒ္ဒမဓုံ အနီလကံ ဧဝမဿာဒံ။ သာဓာဟံ, ဘန္တေ, ပထဝိံ ပရိဝတ္တေယျံ။ ဘိက္ခူ ပပ္ပဋကောဇံ ပရိဘုဉ္ဇိဿန္တီ’’တိ။ ‘‘ယေ ပန တေ, မောဂ္ဂလ္လာန, ပထဝိနိဿိတာ ပါဏာ တေ ကထံ ကရိဿသီ’’တိ? ‘‘ဧကာဟံ, ဘန္တေ, ပါဏိံ အဘိနိမ္မိနိဿာမိ – သေယျထာပိ မဟာပထဝီ။ ယေ ပထဝိနိဿိတာ ပါဏာ တေ တတ္ထ သင်္ကာမေဿာမိ။ ဧကေန ဟတ္ထေန ပထဝိံ ပရိဝတ္တေဿာမီ’’တိ။ ‘‘အလံ, မောဂ္ဂလ္လာန, မာ <a name=""T1.0012""></a> တေ ရုစ္စိ ပထဝိံ ပရိဝတ္တေတုံ။ ဝိပလ္လာသမ္ပိ သတ္တာ ပဋိလဘေယျု’’န္တိ။ ‘‘သာဓု, ဘန္တေ, သဗ္ဗော ဘိက္ခုသံဃော ဥတ္တရကုရုံ ပိဏ္ဍာယ ဂစ္ဆေယျာ’’တိ။ ‘‘အလံ, မောဂ္ဂလ္လာန, မာ တေ ရုစ္စိ သဗ္ဗဿ ဘိက္ခုသံဃဿ ဥတ္တရကုရုံ ပိဏ္ဍာယ ဂမန’’န္တိ။</p>
<p class=""bodytext""><a name=""para18""></a><a name=""para18_vin1""></a><span class=""paranum"">၁၈</span>။ အထ <a name=""V0.0008""></a> ခေါ အာယသ္မတော သာရိပုတ္တဿ ရဟောဂတဿ ပဋိသလ္လီနဿ ဧဝံ စေတသော ပရိဝိတက္ကော ဥဒပါဒိ – ‘‘ကတမေသာနံ ခေါ ဗုဒ္ဓါနံ ဘဂဝန္တာနံ ဗြဟ္မစရိယံ န စိရဋ္ဌိတိကံ အဟောသိ၊ ကတမေသာနံ ဗုဒ္ဓါနံ ဘဂဝန္တာနံ ဗြဟ္မစရိယံ စိရဋ္ဌိတိကံ အဟောသီ’’တိ? အထ ခေါ အာယသ္မာ သာရိပုတ္တော သာယနှသမယံ <span class=""note"">[သာယဏှသမယံ (သီ။)]</span> ပဋိသလ္လာနာ ဝုဋ္ဌိတော ယေန ဘဂဝါ တေနုပသင်္ကမိ၊ ဥပသင်္ကမိတွာ ဘဂဝန္တံ အဘိဝါဒေတွာ ဧကမန္တံ နိသီဒိ။ ဧကမန္တံ နိသိန္နော ခေါ အာယသ္မာ သာရိပုတ္တော ဘဂဝန္တံ ဧတဒဝေါစ – ‘‘ဣဓ မယှံ, ဘန္တေ, ရဟောဂတဿ ပဋိသလ္လီနဿ ဧဝံ စေတသော ပရိဝိတက္ကော ဥဒပါဒိ – ‘ကတမေသာနံ ခေါ ဗုဒ္ဓါနံ ဘဂဝန္တာနံ ဗြဟ္မစရိယံ န စိရဋ္ဌိတိကံ အဟောသိ, ကတမေသာနံ ဗုဒ္ဓါနံ ဘဂဝန္တာနံ ဗြဟ္မစရိယံ စိရဋ္ဌိတိကံ အဟောသီ’တိ။ ‘ကတမေသာနံ နု ခေါ, ဘန္တေ, ဗုဒ္ဓါနံ ဘဂဝန္တာနံ ဗြဟ္မစရိယံ န စိရဋ္ဌိတိကံ အဟောသိ, ကတမေသာနံ ဗုဒ္ဓါနံ ဘဂဝန္တာနံ ဗြဟ္မစရိယံ စိရဋ္ဌိတိကံ အဟောသီ’’’တိ?</p>
<p class=""bodytext"">‘‘ဘဂဝတော စ, သာရိပုတ္တ, ဝိပဿိဿ ဘဂဝတော စ သိခိဿ ဘဂဝတော စ ဝေဿဘုဿ ဗြဟ္မစရိယံ န စိရဋ္ဌိတိကံ အဟောသိ။ ဘဂဝတော စ, သာရိပုတ္တ, ကကုသန္ဓဿ ဘဂဝတော စ ကောဏာဂမနဿ ဘဂဝတော စ ကဿပဿ ဗြဟ္မစရိယံ <a name=""P3.0008""></a> စိရဋ္ဌိတိကံ အဟောသီ’’တိ။</p>
",-17-18-
9,mula_vi_01,9,"<p class=""bodytext""><a name=""para19""></a><a name=""para19_vin1""></a><span class=""paranum"">၁၉</span>။ ‘‘ကော <a name=""M0.0009""></a> နု ခေါ<a name=""T1.0013""></a>, ဘန္တေ, ဟေတု ကော ပစ္စယော, ယေန ဘဂဝတော စ ဝိပဿိဿ ဘဂဝတော စ သိခိဿ ဘဂဝတော စ ဝေဿဘုဿ ဗြဟ္မစရိယံ န စိရဋ္ဌိတိကံ အဟောသီ’’တိ? ‘‘ဘဂဝါ စ, သာရိပုတ္တ, ဝိပဿီ ဘဂဝါ စ သိခီ ဘဂဝါ စ ဝေဿဘူ ကိလာသုနော အဟေသုံ သာဝကာနံ ဝိတ္ထာရေန ဓမ္မံ ဒေသေတုံ။ အပ္ပကဉ္စ နေသံ အဟောသိ သုတ္တံ ဂေယျံ ဝေယျာကရဏံ ဂါထာ ဥဒါနံ ဣတိဝုတ္တကံ ဇာတကံ အဗ္ဘုတဓမ္မံ ဝေဒလ္လံ။ အပညတ္တံ သာဝကာနံ သိက္ခာပဒံ။ အနုဒ္ဒိဋ္ဌံ ပါတိမောက္ခံ။ တေသံ ဗုဒ္ဓါနံ ဘဂဝန္တာနံ အန္တရဓာနေန ဗုဒ္ဓါနုဗုဒ္ဓါနံ သာဝကာနံ အန္တရဓာနေန ယေ တေ ပစ္ဆိမာ သာဝကာ နာနာနာမာ နာနာဂေါတ္တာ နာနာဇစ္စာ နာနာကုလာ ပဗ္ဗဇိတာ တေ တံ ဗြဟ္မစရိယံ ခိပ္ပညေဝ အန္တရဓာပေသုံ။ သေယျထာပိ, သာရိပုတ္တ, နာနာပုပ္ဖါနိ ဖလကေ နိက္ခိတ္တာနိ သုတ္တေန အသင်္ဂဟိတာနိ တာနိ ဝါတော ဝိကိရတိ ဝိဓမတိ ဝိဒ္ဓံသေတိ။ တံ ကိဿ ဟေတု? ယထာ တံ သုတ္တေန အသင်္ဂဟိတတ္တာ။ ဧဝမေဝ ခေါ, သာရိပုတ္တ, တေသံ ဗုဒ္ဓါနံ ဘဂဝန္တာနံ အန္တရဓာနေန ဗုဒ္ဓါနုဗုဒ္ဓါနံ သာဝကာနံ အန္တရဓာနေန ယေ တေ ပစ္ဆိမာ သာဝကာ နာနာနာမာ နာနာဂေါတ္တာ နာနာဇစ္စာ နာနာကုလာ ပဗ္ဗဇိတာ တေ တံ ဗြဟ္မစရိယံ ခိပ္ပညေဝ အန္တရဓာပေသုံ။</p>
<p class=""bodytext"">‘‘အကိလာသုနော စ တေ ဘဂဝန္တော အဟေသုံ သာဝကေ စေတသာ စေတော ပရိစ္စ ဩဝဒိတုံ။ ဘူတပုဗ္ဗံ, <a name=""V0.0009""></a> သာရိပုတ္တ, ဝေဿဘူ ဘဂဝါ အရဟံ သမ္မာသမ္ဗုဒ္ဓေါ အညတရသ္မိံ ဘိံသနကေ <span class=""note"">[ဘီသနကေ (က။)]</span> ဝနသဏ္ဍေ သဟဿံ ဘိက္ခုသံဃံ စေတသာ <a name=""T1.0014""></a> စေတော ပရိစ္စ ဩဝဒတိ အနုသာသတိ – ‘ဧဝံ ဝိတက္ကေထ, မာ ဧဝံ ဝိတက္ကယိတ္ထ၊ ဧဝံ မနသိကရောထ, မာ ဧဝံ မနသာကတ္ထ <span class=""note"">[မနသာကရိတ္ထ (က။)]</span>၊ ဣဒံ ပဇဟထ, ဣဒံ ဥပသမ္ပဇ္ဇ ဝိဟရထာ’တိ။ အထ ခေါ, သာရိပုတ္တ, တဿ ဘိက္ခုသဟဿဿ ဝေဿဘုနာ ဘဂဝတာ အရဟတာ သမ္မာသမ္ဗုဒ္ဓေန ဧဝံ ဩဝဒိယမာနာနံ ဧဝံ အနုသာသိယမာနာနံ အနုပါဒါယ အာသဝေဟိ စိတ္တာနိ ဝိမုစ္စိံသု။ တတြ သုဒံ, သာရိပုတ္တ, ဘိံသနကဿ ဝနသဏ္ဍဿ ဘိံသနကတသ္မိံ ဟောတိ – ယော ကောစိ အဝီတရာဂေါ တံ ဝနသဏ္ဍံ ပဝိသတိ, ယေဘုယျေန လောမာနိ ဟံသန္တိ။ အယံ ခေါ, သာရိပုတ္တ, ဟေတု အယံ ပစ္စယော ယေန ဘဂဝတော စ ဝိပဿိဿ ဘဂဝတော စ သိခိဿ ဘဂဝတော စ ဝေဿဘုဿ ဗြဟ္မစရိယံ န စိရဋ္ဌိတိကံ အဟောသီ’’တိ။</p>
",-19-
10,mula_vi_01,10,"<p class=""bodytext""><a name=""para20""></a><a name=""para20_vin1""></a><span class=""paranum"">၂၀</span>။ ‘‘ကော <a name=""M0.0010""></a> ပန, ဘန္တေ, ဟေတု ကော ပစ္စယော ယေန ဘဂဝတော စ ကကုသန္ဓဿ ဘဂဝတော စ ကောဏာဂမနဿ ဘဂဝတော စ ကဿပဿ ဗြဟ္မစရိယံ စိရဋ္ဌိတိကံ အဟောသီ’’တိ? ‘‘ဘဂဝါ <a name=""P3.0009""></a> စ, သာရိပုတ္တ, ကကုသန္ဓော ဘဂဝါ စ ကောဏာဂမနော ဘဂဝါ စ ကဿပေါ အကိလာသုနော အဟေသုံ သာဝကာနံ ဝိတ္ထာရေန ဓမ္မံ ဒေသေတုံ။ ဗဟုဉ္စ နေသံ အဟောသိ သုတ္တံ ဂေယျံ ဝေယျာကရဏံ ဂါထာ ဥဒါနံ ဣတိဝုတ္တကံ ဇာတကံ အဗ္ဘုတဓမ္မံ ဝေဒလ္လံ, ပညတ္တံ သာဝကာနံ သိက္ခာပဒံ, ဥဒ္ဒိဋ္ဌံ ပါတိမောက္ခံ။ တေသံ ဗုဒ္ဓါနံ ဘဂဝန္တာနံ အန္တရဓာနေန ဗုဒ္ဓါနုဗုဒ္ဓါနံ သာဝကာနံ အန္တရဓာနေန ယေ တေ ပစ္ဆိမာ သာဝကာ နာနာနာမာ နာနာဂေါတ္တာ နာနာဇစ္စာ နာနာကုလာ ပဗ္ဗဇိတာ တေ တံ ဗြဟ္မစရိယံ စိရံ <a name=""T1.0015""></a> ဒီဃမဒ္ဓါနံ ဌပေသုံ။ သေယျထာပိ, သာရိပုတ္တ, နာနာပုပ္ဖါနိ ဖလကေ နိက္ခိတ္တာနိ သုတ္တေန သုသင်္ဂဟိတာနိ တာနိ ဝါတော န ဝိကိရတိ န ဝိဓမတိ န ဝိဒ္ဓံသေတိ။ တံ ကိဿ ဟေတု? ယထာ တံ သုတ္တေန သုသင်္ဂဟိတတ္တာ။ ဧဝမေဝ ခေါ, သာရိပုတ္တ, တေသံ ဗုဒ္ဓါနံ ဘဂဝန္တာနံ အန္တရဓာနေန ဗုဒ္ဓါနုဗုဒ္ဓါနံ သာဝကာနံ အန္တရဓာနေန ယေ တေ ပစ္ဆိမာ သာဝကာ နာနာနာမာ နာနာဂေါတ္တာ နာနာဇစ္စာ နာနာကုလာ ပဗ္ဗဇိတာ တေ တံ ဗြဟ္မစရိယံ စိရံ ဒီဃမဒ္ဓါနံ ဌပေသုံ။ အယံ ခေါ, သာရိပုတ္တ, ဟေတု အယံ ပစ္စယော ယေန ဘဂဝတော စ ကကုသန္ဓဿ ဘဂဝတော စ ကောဏာဂမနဿ ဘဂဝတော စ ကဿပဿ ဗြဟ္မစရိယံ စိရဋ္ဌိတိကံ အဟောသီ’’တိ။</p>
<p class=""bodytext""><a name=""para21""></a><a name=""para21_vin1""></a><span class=""paranum"">၂၁</span>။ အထ ခေါ အာယသ္မာ သာရိပုတ္တော ဥဋ္ဌာယာသနာ ဧကံသံ ဥတ္တရာသင်္ဂံ ကရိတွာ ယေန ဘဂဝါ တေနဉ္ဇလိံ ပဏာမေတွာ ဘဂဝန္တံ ဧတဒဝေါစ – ‘‘ဧတဿ, ဘဂဝါ, ကာလော! ဧတဿ, သုဂတ, ကာလော! ယံ ဘဂဝါ သာဝကာနံ သိက္ခာပဒံ ပညပေယျ <span class=""note"">[ပညာပေယျ (သီ။ သျာ။)]</span>, ဥဒ္ဒိသေယျ ပါတိမောက္ခံ, ယထယိဒံ ဗြဟ္မစရိယံ အဒ္ဓနိယံ အဿ စိရဋ္ဌိတိက’’န္တိ။ ‘‘အာဂမေဟိ တွံ, သာရိပုတ္တ<a name=""V0.0010""></a>! အာဂမေဟိ တွံ, သာရိပုတ္တ! တထာဂတောဝ တတ္ထ ကာလံ ဇာနိဿတိ။ န တာဝ, သာရိပုတ္တ, သတ္ထာ သာဝကာနံ သိက္ခာပဒံ ပညပေတိ ဥဒ္ဒိသတိ <span class=""note"">[န ဥဒ္ဒိသတိ (သီ။)]</span> ပါတိမောက္ခံ ယာဝ န ဣဓေကစ္စေ အာသဝဋ္ဌာနီယာ ဓမ္မာ သံဃေ ပါတုဘဝန္တိ။ ယတော စ ခေါ, သာရိပုတ္တ, ဣဓေကစ္စေ အာသဝဋ္ဌာနီယာ ဓမ္မာ သံဃေ ပါတုဘဝန္တိ, အထ သတ္ထာ သာဝကာနံ သိက္ခာပဒံ <a name=""T1.0016""></a> ပညပေတိ ဥဒ္ဒိဿတိ ပါတိမောက္ခံ တေသံယေဝ အာသဝဋ္ဌာနီယာနံ ဓမ္မာနံ ပဋိဃာတာယ။ န တာဝ, သာရိပုတ္တ, ဣဓေကစ္စေ အာသဝဋ္ဌာနီယာ ဓမ္မာ သံဃေ ပါတုဘဝန္တိ ယာဝ န သံဃော ရတ္တညုမဟတ္တံ ပတ္တော ဟောတိ။ ယတော စ ခေါ, သာရိပုတ္တ, သံဃော ရတ္တညုမဟတ္တံ ပတ္တော ဟောတိ အထ ဣဓေကစ္စေ</p>
",-20-21-
11,mula_vi_01,11,"<p class=""noindentbodytext""> အာသဝဋ္ဌာနီယာ<a name=""M0.0011""></a> ဓမ္မာ သံဃေ ပါတုဘဝန္တိ, အထ, သတ္ထာ သာဝကာနံ သိက္ခာပဒံ ပညပေတိ <a name=""P3.0010""></a> ဥဒ္ဒိသတိ ပါတိမောက္ခံ တေသံယေဝ အာသဝဋ္ဌာနီယာနံ ဓမ္မာနံ ပဋိဃာတာယ။ န တာဝ, သာရိပုတ္တ, ဣဓေကစ္စေ အာသဝဋ္ဌာနီယာ ဓမ္မာ သံဃေ ပါတုဘဝန္တိ, ယာဝ န သံဃော ဝေပုလ္လမဟတ္တံ ပတ္တော ဟောတိ။ ယတော စ ခေါ, သာရိပုတ္တ, သံဃော ဝေပုလ္လမဟတ္တံ ပတ္တော ဟောတိ, အထ ဣဓေကစ္စေ အာသဝဋ္ဌာနီယာ ဓမ္မာ သံဃေ ပါတုဘဝန္တိ, အထ သတ္ထာ သာဝကာနံ သိက္ခာပဒံ ပညပေတိ ဥဒ္ဒိသတိ ပါတိမောက္ခံ တေသံယေဝ အာသဝဋ္ဌာနီယာနံ ဓမ္မာနံ ပဋိဃာတာယ။ န တာဝ, သာရိပုတ္တ, ဣဓေကစ္စေ အာသဝဋ္ဌာနီယာ ဓမ္မာ သံဃေ ပါတုဘဝန္တိ, ယာဝ န သံဃော လာဘဂ္ဂမဟတ္တံ ပတ္တော ဟောတိ။ ယတော စ ခေါ, သာရိပုတ္တ, သံဃော လာဘဂ္ဂမဟတ္တံ ပတ္တော ဟောတိ, အထ ဣဓေကစ္စေ အာသဝဋ္ဌာနီယာ ဓမ္မာ သံဃေ ပါတုဘဝန္တိ, အထ သတ္ထာ သာဝကာနံ သိက္ခာပဒံ ပညပေတိ ဥဒ္ဒိသတိ ပါတိမောက္ခံ တေသံယေဝ အာသဝဋ္ဌာနီယာနံ ဓမ္မာနံ ပဋိဃာတာယ။ န တာဝ, သာရိပုတ္တ, ဣဓေကစ္စေ အာသဝဋ္ဌာနီယာ ဓမ္မာ သံဃေ ပါတုဘဝန္တိ, ယာဝ န သံဃော ဗာဟုသစ္စမဟတ္တံ ပတ္တော ဟောတိ။ ယတော စ ခေါ, သာရိပုတ္တ, သံဃော ဗာဟုသစ္စမဟတ္တံ ပတ္တော ဟောတိ, အထ ဣဓေကစ္စေ အာသဝဋ္ဌာနီယာ ဓမ္မာ သံဃေ ပါတုဘဝန္တိ, အထ သတ္ထာ သာဝကာနံ သိက္ခာပဒံ ပညပေတိ ဥဒ္ဒိသတိ ပါတိမောက္ခံ တေသံယေဝ အာသဝဋ္ဌာနီယာနံ ဓမ္မာနံ ပဋိဃာတာယ။ နိရဗ္ဗုဒေါ ဟိ, သာရိပုတ္တ, ဘိက္ခုသံဃော နိရာဒီနဝေါ အပဂတကာဠကော သုဒ္ဓေါ သာရေ ပတိဋ္ဌိတော။ ဣမေသဉှိ, သာရိပုတ္တ, ပဉ္စန္နံ ဘိက္ခုသတာနံ ယော ပစ္ဆိမကော ဘိက္ခု <a name=""T1.0017""></a> သော သောတာပန္နော အဝိနိပါတဓမ္မော နိယတော သမ္ဗောဓိပရာယဏော’’တိ။</p>
<p class=""bodytext""><a name=""para22""></a><a name=""para22_vin1""></a><span class=""paranum"">၂၂</span>။ အထ ခေါ ဘဂဝါ အာယသ္မန္တံ အာနန္ဒံ အာမန္တေသိ – ‘‘အာစိဏ္ဏံ ခေါ ပနေတံ, အာနန္ဒ, တထာဂတာနံ ယေဟိ နိမန္တိတာ ဝဿံ ဝသန္တိ, န တေ အနပလောကေတွာ ဇနပဒစာရိကံ ပက္ကမန္တိ။ အာယာမာနန္ဒ, ဝေရဉ္ဇံ ဗြာဟ္မဏံ အပလောကေဿာမာ’’တိ။ ‘‘ဧဝံ ဘန္တေ’’တိ ခေါ အာယသ္မာ အာနန္ဒော ဘဂဝတော ပစ္စဿောသိ။ အထ ခေါ ဘဂဝါ နိဝါသေတွာ ပတ္တစီဝရမာဒါယ အာယသ္မတာ အာနန္ဒေန ပစ္ဆာသမဏေန ယေန ဝေရဉ္ဇဿ ဗြာဟ္မဏဿ နိဝေသနံ တေနုပသင်္ကမိ၊ ဥပသင်္ကမိတွာ ပညတ္တေ အာသနေ နိသီဒိ။ အထ ခေါ</p>
",-22-
12,mula_vi_01,12,"<p class=""noindentbodytext""> ဝေရဉ္ဇော<a name=""M0.0012""></a> ဗြာဟ္မဏော ယေန ဘဂဝါ တေနုပသင်္ကမိ<a name=""V0.0011""></a>၊ ဥပသင်္ကမိတွာ ဘဂဝန္တံ အဘိဝါဒေတွာ ဧကမန္တံ နိသီဒိ။ ဧကမန္တံ နိသိန္နံ ခေါ ဝေရဉ္ဇံ ဗြာဟ္မဏံ ဘဂဝါ ဧတဒဝေါစ – ‘‘နိမန္တိတမှ တယာ, ဗြာဟ္မဏ<a name=""P3.0011""></a>, ဝဿံဝုဋ္ဌာ <span class=""note"">[ဝဿံဝုတ္ထာ (သီ။ သျာ။ က။)]</span>, အပလောကေမ တံ, ဣစ္ဆာမ မယံ ဇနပဒစာရိကံ ပက္ကမိတု’’န္တိ။ ‘‘သစ္စံ, ဘော ဂေါတမ, နိမန္တိတတ္ထ မယာ ဝဿံဝုဋ္ဌာ၊ အပိ စ, ယော ဒေယျဓမ္မော သော န ဒိန္နော။ တဉ္စ ခေါ နော အသန္တံ, နောပိ အဒါတုကမျတာ, တံ ကုတေတ္ထ လဗ္ဘာ ဗဟုကိစ္စာ ဃရာဝါသာ ဗဟုကရဏီယာ။ အဓိဝါသေတု မေ ဘဝံ ဂေါတမော သွာတနာယ ဘတ္တံ သဒ္ဓိံ ဘိက္ခုသံဃေနာ’’တိ။ အဓိဝါသေသိ ဘဂဝါ တုဏှီဘာဝေန။ အထ ခေါ ဘဂဝါ ဝေရဉ္ဇံ ဗြာဟ္မဏံ ဓမ္မိယာ ကထာယ သန္ဒဿေတွာ သမာဒပေတွာ သမုတ္တေဇေတွာ သမ္ပဟံသေတွာ ဥဋ္ဌာယာသနာ <a name=""T1.0018""></a> ပက္ကာမိ။ အထ ခေါ ဝေရဉ္ဇော ဗြာဟ္မဏော တဿာ ရတ္တိယာ အစ္စယေန သကေ နိဝေသနေ ပဏီတံ ခါဒနီယံ ဘောဇနီယံ ပဋိယာဒါပေတွာ ဘဂဝတော ကာလံ အာရောစာပေသိ – ‘‘ကာလော, ဘော ဂေါတမ, နိဋ္ဌိတံ ဘတ္တ’’န္တိ။</p>
<p class=""bodytext""><a name=""para23""></a><a name=""para23_vin1""></a><span class=""paranum"">၂၃</span>။ အထ ခေါ ဘဂဝါ ပုဗ္ဗဏှသမယံ နိဝါသေတွာ ပတ္တစီဝရမာဒါယ ယေန ဝေရဉ္ဇဿ ဗြာဟ္မဏဿ နိဝေသနံ တေနုပသင်္ကမိ၊ ဥပသင်္ကမိတွာ ပညတ္တေ အာသနေ နိသီဒိ သဒ္ဓိံ ဘိက္ခုသံဃေန။ အထ ခေါ ဝေရဉ္ဇော ဗြာဟ္မဏော ဗုဒ္ဓပ္ပမုခံ ဘိက္ခုသံဃံ ပဏီတေန ခါဒနီယေန ဘောဇနီယေန သဟတ္ထာ သန္တပ္ပေတွာ သမ္ပဝါရေတွာ ဘဂဝန္တံ ဘုတ္တာဝိံ ဩနီတပတ္တပါဏိံ <span class=""note"">[ဩဏီတပတ္တပါဏိံ (က။)]</span> တိစီဝရေန အစ္ဆာဒေသိ, ဧကမေကဉ္စ ဘိက္ခုံ ဧကမေကေန ဒုဿယုဂေန အစ္ဆာဒေသိ။ အထ ခေါ ဘဂဝါ ဝေရဉ္ဇံ ဗြာဟ္မဏံ ဓမ္မိယာ ကထာယ သန္ဒဿေတွာ သမာဒပေတွာ သမုတ္တေဇေတွာ သမ္ပဟံသေတွာ ဥဋ္ဌာယာသနာ ပက္ကာမိ။ အထ ခေါ ဘဂဝါ ဝေရဉ္ဇာယံ ယထာဘိရန္တံ ဝိဟရိတွာ အနုပဂမ္မ သောရေယျံ သင်္ကဿံ ကဏ္ဏကုဇ္ဇံ ယေန ပယာဂပတိဋ္ဌာနံ တေနုပသင်္ကမိ၊ ဥပသင်္ကမိတွာ ပယာဂပတိဋ္ဌာနေ ဂင်္ဂံ နဒိံ ဥတ္တရိတွာ ယေန ဗာရာဏသီ တဒဝသရိ။ အထ ခေါ ဘဂဝါ ဗာရာဏသိယံ ယထာဘိရန္တံ ဝိဟရိတွာ ယေန ဝေသာလီ တေန စာရိကံ ပက္ကာမိ။ အနုပုဗ္ဗေန စာရိကံ စရမာနော ယေန ဝေသာလီ တဒဝသရိ။ တတြ သုဒံ ဘဂဝါ ဝေသာလိယံ ဝိဟရတိ မဟာဝနေ ကူဋာဂါရသာလာယန္တိ။</p>
<p class=""centered"">ဝေရဉ္ဇဘာဏဝါရော နိဋ္ဌိတော။</p>
",-23-
13,mula_vi_01,13,"<a name=""vin1_2""></a><p class=""chapter"">၁။ ပါရာဇိကကဏ္ဍံ</p>
<p class=""title"">၁။ ပဌမပါရာဇိကံ</p>
<p class=""subhead"">သုဒိန္နဘာဏဝါရော</p>
<p class=""bodytext""><a name=""para24""></a><a name=""para24_vin1""></a><span class=""paranum"">၂၄</span>။ တေန <a name=""T1.0019""></a><a name=""M0.0013""></a><a name=""V0.0012""></a> ခေါ ပန သမယေန ဝေသာလိယာ အဝိဒူရေ ကလန္ဒဂါမော နာမ အတ္ထိ <span class=""note"">[ကလန္ဒဂါမော နာမ ဟောတိ (သီ။), ကလန္ဒဂါမော ဟောတိ (သျာ။)]</span>။ တတ္ထ သုဒိန္နော နာမ ကလန္ဒပုတ္တော သေဋ္ဌိပုတ္တော ဟောတိ။ အထ ခေါ သုဒိန္နော ကလန္ဒပုတ္တော သမ္ဗဟုလေဟိ <span class=""note"">[သမ္ပဟူလေဟိ (သီ။)]</span> သဟာယကေဟိ သဒ္ဓိံ ဝေသာလိံ အဂမာသိ ကေနစိဒေဝ ကရဏီယေန<a name=""P3.0012""></a>။ တေန ခေါ ပန သမယေန ဘဂဝါ မဟတိယာ ပရိသာယ ပရိဝုတော ဓမ္မံ ဒေသေန္တော နိသိန္နော ဟောတိ။ အဒ္ဒသ ခေါ သုဒိန္နော ကလန္ဒပုတ္တော ဘဂဝန္တံ မဟတိယာ ပရိသာယ ပရိဝုတံ ဓမ္မံ ဒေသေန္တံ နိသိန္နံ။ ဒိသွာနဿ ဧတဒဟောသိ – ‘‘ယံနူနာဟမ္ပိ ဓမ္မံ သုဏေယျ’’န္တိ။ အထ ခေါ သုဒိန္နော ကလန္ဒပုတ္တော ယေန သာ ပရိသာ တေနုပသင်္ကမိ၊ ဥပသင်္ကမိတွာ ဧကမန္တံ နိသီဒိ။ ဧကမန္တံ နိသိန္နဿ ခေါ သုဒိန္နဿ ကလန္ဒပုတ္တဿ ဧတဒဟောသိ – ‘‘ယထာ ယထာ ခေါ အဟံ ဘဂဝတာ ဓမ္မံ ဒေသိတံ အာဇာနာမိ, နယိဒံ သုကရံ အဂါရံ အဇ္ဈာဝသတာ ဧကန္တပရိပုဏ္ဏံ ဧကန္တပရိသုဒ္ဓံ သင်္ခလိခိတံ ဗြဟ္မစရိယံ စရိတုံ၊ ယံနူနာဟံ ကေသမဿုံ ဩဟာရေတွာ ကာသာယာနိ ဝတ္ထာနိ အစ္ဆာဒေတွာ အဂါရသ္မာ အနဂါရိယံ ပဗ္ဗဇေယျ’’န္တိ။ အထ ခေါ သာ ပရိသာ ဘဂဝတာ ဓမ္မိယာ ကထာယ သန္ဒဿိတာ သမာဒပိတာ သမုတ္တေဇိတာ သမ္ပဟံသိတာ ဥဋ္ဌာယာသနာ ဘဂဝန္တံ အဘိဝါဒေတွာ ပဒက္ခိဏံ ကတွာ ပက္ကာမိ။</p>
<p class=""bodytext""><a name=""para25""></a><a name=""para25_vin1""></a><span class=""paranum"">၂၅</span>။ အထ <a name=""T1.0020""></a> ခေါ သုဒိန္နော ကလန္ဒပုတ္တော အစိရဝုဋ္ဌိတာယ ပရိသာယ ယေန ဘဂဝါ တေနုပသင်္ကမိ၊ ဥပသင်္ကမိတွာ ဘဂဝန္တံ အဘိဝါဒေတွာ ဧကမန္တံ နိသီဒိ။ ဧကမန္တံ နိသိန္နော ခေါ သုဒိန္နော ကလန္ဒပုတ္တော ဘဂဝန္တံ ဧတဒဝေါစ – ‘‘ယထာ ယထာဟံ, ဘန္တေ, ဘဂဝတာ ဓမ္မံ ဒေသိတံ အာဇာနာမိ<a name=""V0.0013""></a>, နယိဒံ သုကရံ အဂါရံ အဇ္ဈာဝသတာ ဧကန္တပရိပုဏ္ဏံ ဧကန္တပရိသုဒ္ဓံ သင်္ခလိခိတံ ဗြဟ္မစရိယံ စရိတုံ၊ ဣစ္ဆာမဟံ, ဘန္တေ, ကေသမဿုံ ဩဟာရေတွာ ကာသာယာနိ ဝတ္ထာနိ အစ္ဆာဒေတွာ အဂါရသ္မာ အနဂါရိယံ ပဗ္ဗဇိတုံ။ ပဗ္ဗာဇေတု မံ ဘဂဝါ’’တိ။ ‘‘အနုညာတောသိ ပန တွံ, သုဒ္ဒိန္န, မာတာပိတူဟိ အဂါရသ္မာ အနဂါရိယံ ပဗ္ဗဇ္ဇာယာ’’တိ? ‘‘န ခေါ အဟံ, ဘန္တေ, အနုညာတော မာတာပိတူဟိ အဂါရသ္မာ</p>
",-24-25-
14,mula_vi_01,14,"<p class=""noindentbodytext""> အနဂါရိယံ<a name=""M0.0014""></a> ပဗ္ဗဇ္ဇာယာ’’တိ။ ‘‘န ခေါ, သုဒိန္န, တထာဂတာ အနနုညာတံ မာတာပိတူဟိ ပုတ္တံ ပဗ္ဗာဇေန္တီ’’တိ။ ‘‘သောဟံ, ဘန္တေ, တထာ ကရိဿာမိ ယထာ မံ မာတာပိတရော အနုဇာနိဿန္တိ အဂါရသ္မာ အနဂါရိယံ ပဗ္ဗဇ္ဇာယာ’’တိ။</p>
<p class=""bodytext""><a name=""para26""></a><a name=""para26_vin1""></a><span class=""paranum"">၂၆</span>။ အထ ခေါ သုဒိန္နော ကလန္ဒပုတ္တော ဝေသာလိယံ တံ ကရဏီယံ တီရေတွာ ယေန ကလန္ဒဂါမော ယေန မာတာပိတရော တေနုပသင်္ကမိ၊ ဥပသင်္ကမိတွာ မာတာပိတရော ဧတဒဝေါစ – ‘‘အမ္မတာတာ, ယထာ ယထာဟံ ဘဂဝတာ ဓမ္မံ ဒေသိတံ အာဇာနာမိ, နယိဒံ သုကရံ အဂါရံ အဇ္ဈာဝသတာ ဧကန္တပရိပုဏ္ဏံ ဧကန္တပရိသုဒ္ဓံ <a name=""T1.0021""></a> သင်္ခလိခိတံ ဗြဟ္မစရိယံ စရိတုံ၊ ဣစ္ဆာမဟံ ကေသမဿုံ ဩဟာရေတွာ ကာသာယာနိ ဝတ္ထာနိ အစ္ဆာဒေတွာ အဂါရသ္မာ အနဂါရိယံ <a name=""P3.0013""></a> ပဗ္ဗဇိတုံ။ အနုဇာနာထ မံ အဂါရသ္မာ အနဂါရိယံ ပဗ္ဗဇ္ဇာယာ’’တိ။ ဧဝံ ဝုတ္တေ သုဒိန္နဿ ကလန္ဒပုတ္တဿ မာတာပိတရော သုဒိန္နံ ကလန္ဒပုတ္တံ ဧတဒဝေါစုံ – ‘‘တွံ ခေါသိ, တာတ သုဒိန္န, အမှာကံ ဧကပုတ္တကော ပိယော မနာပေါ သုခေဓိတော သုခပရိဟတော။ န တွံ, တာတ သုဒိန္န, ကိဉ္စိ ဒုက္ခဿ ဇာနာသိ။ မရဏေနပိ မယံ တေ အကာမကာ ဝိနာ ဘဝိဿာမ, ကိံ ပန မယံ တံ ဇီဝန္တံ အနုဇာနိဿာမ အဂါရသ္မာ အနဂါရိယံ ပဗ္ဗဇ္ဇာယာ’’တိ။ ဒုတိယမ္ပိ ခေါ သုဒိန္နော ကလန္ဒပုတ္တော မာတာပိတရော ဧတဒဝေါစ – ‘‘အမ္မတာတာ, ယထာ ယထာဟံ ဘဂဝတာ ဓမ္မံ ဒေသိတံ အာဇာနာမိ, နယိဒံ သုကရံ အဂါရံ အဇ္ဈာဝသတာ ဧကန္တပရိပုဏ္ဏံ ဧကန္တပရိသုဒ္ဓံ သင်္ခလိခိတံ ဗြဟ္မစရိယံ စရိတုံ၊ ဣစ္ဆာမဟံ ကေသမဿုံ ဩဟာရေတွာ ကာသာယာနိ ဝတ္ထာနိ အစ္ဆာဒေတွာ အဂါရသ္မာ အနဂါရိယံ ပဗ္ဗဇိတုံ။ အနုဇာနာထ မံ အဂါရသ္မာ အနဂါရိယံ ပဗ္ဗဇ္ဇာယာ’’တိ။ ဒုတိယမ္ပိ ခေါ သုဒိန္နဿ ကလန္ဒပုတ္တဿ မာတာပိတရော သုဒိန္နံ ကလန္ဒပုတ္တံ ဧတဒဝေါစုံ – ‘‘တွံ ခေါသိ, တာတ သုဒိန္န, အမှာကံ ဧကပုတ္တကော ပိယော မနာပေါ သုခေဓိတော သုခပရိဟတော။ န တွံ, တာတ သုဒိန္န, ကိဉ္စိ ဒုက္ခဿ ဇာနာသိ။ မရဏေနပိ မယံ တေ အကာမကာ ဝိနာ ဘဝိဿာမ, ကိံ ပန မယံ တံ ဇီဝန္တံ အနုဇာနိဿာမ အဂါရသ္မာ အနဂါရိယံ ပဗ္ဗဇ္ဇာယာ’’တိ! တတိယမ္ပိ ခေါ သုဒိန္နော ကလန္ဒပုတ္တော မာတာပိတရော ဧတဒဝေါစ – ‘‘အမ္မတာတာ<a name=""T1.0022""></a>, ယထာ ယထာဟံ ဘဂဝတာ ဓမ္မံ ဒေသိတံ အာဇာနာမိ, နယိဒံ သုကရံ အဂါရံ အဇ္ဈာဝသတာ ဧကန္တပရိပုဏ္ဏံ ဧကန္တပရိသုဒ္ဓံ သင်္ခလိခိတံ ဗြဟ္မစရိယံ စရိတုံ၊ ဣစ္ဆာမဟံ ကေသမဿုံ ဩဟာရေတွာ ကာသာယာနိ ဝတ္ထာနိ အစ္ဆာဒေတွာ အဂါရသ္မာ အနဂါရိယံ ပဗ္ဗဇိတုံ<a name=""V0.0014""></a>။ အနုဇာနာထ မံ အဂါရသ္မာ အနဂါရိယံ ပဗ္ဗဇ္ဇာယာ’’တိ။</p>
",-26-
15,mula_vi_01,15,"<p class=""noindentbodytext""> တတိယမ္ပိ<a name=""M0.0015""></a> ခေါ သုဒိန္နဿ ကလန္ဒပုတ္တဿ မာတာပိတရော သုဒိန္နံ ကလန္ဒပုတ္တံ ဧတဒဝေါစုံ – ‘‘တွံ ခေါသိ, တာတ သုဒိန္န, အမှာကံ ဧကပုတ္တကော ပိယော မနာပေါ သုခေဓိတော သုခပရိဟတော။ န တွံ, တာတ သုဒိန္န, ကိဉ္စိ ဒုက္ခဿ ဇာနာသိ။ မရဏေနပိ မယံ တေ အကာမကာ ဝိနာ ဘဝိဿာမ, ကိံ ပန မယံ တံ ဇီဝန္တံ အနုဇာနိဿာမ အဂါရသ္မာ အနဂါရိယံ ပဗ္ဗဇ္ဇာယာ’’တိ!</p>
<p class=""bodytext""><a name=""para27""></a><a name=""para27_vin1""></a><span class=""paranum"">၂၇</span>။ အထ ခေါ သုဒိန္နော ကလန္ဒပုတ္တော – ‘‘န မံ မာတာပိတရော အနုဇာနန္တိ အဂါရသ္မာ အနဂါရိယံ ပဗ္ဗဇ္ဇာယာ’’တိ, တတ္ထေဝ အနန္တရဟိတာယ ဘူမိယာ နိပဇ္ဇိ – ဣဓေဝ မေ မရဏံ ဘဝိဿတိ ပဗ္ဗဇ္ဇာ ဝါတိ။ အထ ခေါ သုဒိန္နော ကလန္ဒပုတ္တော ဧကမ္ပိ ဘတ္တံ န ဘုဉ္ဇိ, ဒွေပိ ဘတ္တာနိ န ဘုဉ္ဇိ, တီဏိပိ ဘတ္တာနိ န ဘုဉ္ဇိ, စတ္တာရိပိ ဘတ္တာနိ န ဘုဉ္ဇိ, ပဉ္စပိ ဘတ္တာနိ န ဘုဉ္ဇိ, ဆပိ ဘတ္တာနိ န ဘုဉ္ဇိ, သတ္တပိ ဘတ္တာနိ န ဘုဉ္ဇိ။</p>
<p class=""bodytext""><a name=""para28""></a><a name=""para28_vin1""></a><span class=""paranum"">၂၈</span>။ အထ ခေါ သုဒိန္နဿ ကလန္ဒပုတ္တဿ မာတာပိတရော သုဒိန္နံ ကလန္ဒပုတ္တံ ဧတဒဝေါစုံ – ‘‘တွံ ခေါသိ, တာတ သုဒိန္န, အမှာကံ ဧကပုတ္တကော <a name=""T1.0023""></a> ပိယော မနာပေါ သုခေဓိတော သုခပရိဟတော။ န တွံ, တာတ သုဒိန္န, ကိဉ္စိ ဒုက္ခဿ ဇာနာသိ။ မရဏေနပိ မယံ တေ အကာမကာ ဝိနာ ဘဝိဿာမ, ကိံ ပန မယံ တံ ဇီဝန္တံ အနုဇာနိဿာမ အဂါရသ္မာ အနဂါရိယံ ပဗ္ဗဇ္ဇာယ? ဥဋ္ဌေဟိ, တာတ သုဒိန္န, ဘုဉ္ဇ စ ပိဝ စ ပရိစာရေဟိ စ, ဘုဉ္ဇန္တော ပိဝန္တော ပရိစာရေန္တော ကာမေ ပရိဘုဉ္ဇန္တော ပုညာနိ ကရောန္တော အဘိရမဿု။ န တံ မယံ အနုဇာနာမ အဂါရသ္မာ အနဂါရိယံ ပဗ္ဗဇ္ဇာယာ’’တိ။ ဧဝံ ဝုတ္တေ သုဒိန္နော ကလန္ဒပုတ္တော တုဏှီ အဟောသိ။ ဒုတိယမ္ပိ ခေါ…ပေ… တတိယမ္ပိ ခေါ သုဒိန္နဿ ကလန္ဒပုတ္တဿ မာတာပိတရော သုဒိန္နံ ကလန္ဒပုတ္တံ ဧတဒဝေါစုံ – ‘‘တွံ ခေါသိ, တာတ သုဒိန္န, အမှာကံ ဧကပုတ္တကော ပိယော မနာပေါ သုခေဓိတော သုခပရိဟတော။ န တွံ, တာတ သုဒိန္န, ကိဉ္စိ ဒုက္ခဿ ဇာနာသိ။ မရဏေနပိ မယံ တေ အကာမကာ ဝိနာ ဘဝိဿာမ, ကိံ ပန မယံ တံ ဇီဝန္တံ အနုဇာနိဿာမ အဂါရသ္မာ အနဂါရိယံ ပဗ္ဗဇ္ဇာယ! ဥဋ္ဌေဟိ, တာတ သုဒိန္န, ဘုဉ္ဇ စ ပိဝ စ ပရိစာရေဟိ စ, ဘုဉ္ဇန္တော ပိဝန္တော ပရိစာရေန္တော ကာမေ ပရိဘုဉ္ဇန္တော ပုညာနိ ကရောန္တော အဘိရမဿု။ န တံ မယံ အနုဇာနာမ အဂါရသ္မာ အနဂါရိယံ ပဗ္ဗဇ္ဇာယာ’’တိ။ တတိယမ္ပိ ခေါ သုဒိန္နော ကလန္ဒပုတ္တော တုဏှီ အဟောသိ။</p>
<p class=""bodytext"">အထ ခေါ သုဒိန္နဿ ကလန္ဒပုတ္တဿ သဟာယကာ ယေန သုဒိန္နော ကလန္ဒပုတ္တော တေနုပသင်္ကမိံသု၊ ဥပသင်္ကမိတွာ <a name=""V0.0015""></a> သုဒိန္နံ ကလန္ဒပုတ္တံ</p>
",-27-28-
16,mula_vi_01,16,"<p class=""noindentbodytext""> ဧတဒဝေါစုံ<a name=""M0.0016""></a> – ‘‘တွံ ခေါသိ, သမ္မ သုဒိန္န, မာတာပိတူနံ <a name=""P3.0014""></a> ဧကပုတ္တကော ပိယော မနာပေါ <a name=""T1.0024""></a> သုခေဓိတော သုခပရိဟတော။ န တွံ, သမ္မ သုဒိန္န, ကိဉ္စိ ဒုက္ခဿ ဇာနာသိ။ မရဏေနပိ တေ မာတာပိတရော အကာမကာ ဝိနာ ဘဝိဿန္တိ, ကိံ ပန တံ ဇီဝန္တံ အနုဇာနိဿန္တိ အဂါရသ္မာ အနဂါရိယံ ပဗ္ဗဇာယ! ဥဋ္ဌေဟိ, သမ္မ သုဒိန္န, ဘုဉ္ဇ စ ပိဝ စ ပရိစာရေဟိ စ, ဘုဉ္ဇန္တော ပိဝန္တော ပရိစာရေန္တော ကာမေ ပရိဘုဉ္ဇန္တော ပုညာနိ ကရောန္တော အဘိရမဿု, န တံ မာတာပိတရော အနုဇာနိဿန္တိ အဂါရသ္မာ အနဂါရိယံ ပဗ္ဗဇ္ဇာယာ’’တိ။ ဧဝံ ဝုတ္တေ, သုဒိန္နော ကလန္ဒပုတ္တော တုဏှီ အဟောသိ။ ဒုတိယမ္ပိ ခေါ…ပေ… တတိယမ္ပိ ခေါ သုဒိန္နဿ ကလန္ဒပုတ္တဿ သဟာယကာ သုဒိန္နံ ကလန္ဒပုတ္တံ ဧတဒဝေါစုံ – ‘‘တွံ ခေါသိ, သမ္မ သုဒိန္န…ပေ… တတိယမ္ပိ ခေါ သုဒိန္နော ကလန္ဒပုတ္တော တုဏှီ အဟောသိ။</p>
<p class=""bodytext""><a name=""para29""></a><a name=""para29_vin1""></a><span class=""paranum"">၂၉</span>။ အထ ခေါ သုဒိန္နဿ ကလန္ဒပုတ္တဿ သဟာယကာ ယေန သုဒိန္နဿ ကလန္ဒပုတ္တဿ မာတာပိတရော တေနုပသင်္ကမိံသု၊ ဥပသင်္ကမိတွာ သုဒိန္နဿ ကလန္ဒပုတ္တဿ မာတာပိတရော ဧတဒဝေါစုံ – ‘‘အမ္မတာတာ, ဧသော သုဒိန္နော အနန္တရဟိတာယ ဘူမိယာ နိပန္နော – ‘ဣဓေဝ မေ မရဏံ ဘဝိဿတိ ပဗ္ဗဇ္ဇာ ဝါ’တိ။ သစေ တုမှေ သုဒိန္နံ နာနုဇာနိဿထ အဂါရသ္မာ အနဂါရိယံ ပဗ္ဗဇ္ဇာယ, တတ္ထေဝ မရဏံ အာဂမိဿတိ။ သစေ ပန တုမှေ သုဒိန္နံ အနုဇာနိဿထ အဂါရသ္မာ အနဂါရိယံ ပဗ္ဗဇ္ဇာယ, ပဗ္ဗဇိတမ္ပိ နံ ဒက္ခိဿထ။ သစေ သုဒိန္နော နာဘိရမိဿတိ အဂါရသ္မာ အနဂါရိယံ ပဗ္ဗဇ္ဇာယ, ကာ တဿ အညာ ဂတိ ဘဝိဿတိ, ဣဓေဝ ပစ္စာဂမိဿတိ။ အနုဇာနာထ သုဒိန္နံ အဂါရသ္မာ အနဂါရိယံ ပဗ္ဗဇ္ဇာယာ’’တိ။ ‘‘အနုဇာနာမ<a name=""T1.0025""></a>, တာတာ, သုဒိန္နံ အဂါရသ္မာ အနဂါရိယံ ပဗ္ဗဇ္ဇာယာ’’တိ။ အထ ခေါ သုဒိန္နဿ ကလန္ဒပုတ္တဿ သဟာယကာ ယေန သုဒိန္နော ကလန္ဒပုတ္တော တေနုပသင်္ကမိံသု၊ ဥပသင်္ကမိတွာ သုဒိန္နံ ကလန္ဒပုတ္တံ ဧတဒဝေါစုံ – ‘‘ဥဋ္ဌေဟိ, သမ္မ သုဒိန္န, အနုညာတောသိ မာတာပိတူဟိ အဂါရသ္မာ အနဂါရိယံ ပဗ္ဗဇ္ဇာယာ’’တိ။</p>
<p class=""bodytext""><a name=""para30""></a><a name=""para30_vin1""></a><span class=""paranum"">၃၀</span>။ အထ ခေါ သုဒိန္နော ကလန္ဒပုတ္တော – ‘‘အနုညာတောမှိ ကိရ မာတာပိတူဟိ အဂါရသ္မာ အနဂါရိယံ ပဗ္ဗဇ္ဇာယာ’’တိ, ဟဋ္ဌော ဥဒဂ္ဂေါ ပါဏိနာ ဂတ္တာနိ ပရိပုဉ္ဆန္တော ဝုဋ္ဌာသိ။ အထ ခေါ သုဒိန္နော ကလန္ဒပုတ္တော ကတိပါဟံ ဗလံ ဂါဟေတွာ ယေန ဘဂဝါ တေနုပသင်္ကမိ၊ ဥပသင်္ကမိတွာ ဘဂဝန္တံ အဘိဝါဒေတွာ ဧကမန္တံ နိသီဒိ။ ဧကမန္တံ နိသန္နော ခေါ သုဒိန္နော</p>
",-29-30-
17,mula_vi_01,17,"<p class=""noindentbodytext""> ကလန္ဒပုတ္တော<a name=""M0.0017""></a> ဘဂဝန္တံ ဧတဒဝေါစ – ‘‘အနုညာတော <span class=""note"">[အနုညာတောမှိ (သီ။ သျာ။)]</span> အဟံ, ဘန္တေ, မာတာပိတူဟိ အဂါရသ္မာ အနဂါရိယံ ပဗ္ဗဇ္ဇာယ။ ပဗ္ဗာဇေတု မံ ဘဂဝါ’’တိ<a name=""P3.0015""></a>။ အလတ္ထ ခေါ သုဒိန္နော ကလန္ဒပုတ္တော ဘဂဝတော သန္တိကေ ပဗ္ဗဇ္ဇံ, အလတ္ထ ဥပသမ္ပဒံ။ အစိရူပသမ္ပန္နော စ ပနာယသ္မာ သုဒိန္နော ဧဝရူပေ ဓုတဂုဏေ သမာဒါယ ဝတ္တတိ, အာရညိကော <a name=""V0.0016""></a> ဟောတိ ပိဏ္ဍပါတိကော ပံသုကူလိကော သပဒါနစာရိကော, အညတရံ ဝဇ္ဇိဂါမံ ဥပနိဿာယ ဝိဟရတိ။</p>
<p class=""bodytext"">တေန ခေါ ပန သမယေန ဝဇ္ဇီ ဒုဗ္ဘိက္ခာ ဟောတိ ဒွီဟိတိကာ သေတဋ္ဌိကာ သလာကာဝုတ္တာ, န သုကရာ ဥဉ္ဆေန ပဂ္ဂဟေန ယာပေတုံ။ အထ ခေါ အာယသ္မတော သုဒိန္နဿ ဧတဒဟောသိ – ‘‘ဧတရဟိ ခေါ ဝဇ္ဇီ ဒုဗ္ဘိက္ခာ <a name=""T1.0026""></a> ဒွီဟိတိကာ သေတဋ္ဌိကာ သလာကာဝုတ္တာ, န သုကရာ ဥဉ္ဆေန ပဂ္ဂဟေန ယာပေတုံ။ ဗဟူ ခေါ ပန မေ ဝေသာလိယံ ဉာတီ အဍ္ဎာ မဟဒ္ဓနာ မဟာဘောဂါ ပဟူတဇာတရူပရဇတာ ပဟူတဝိတ္တူပကရဏာ ပဟူတဓနဓညာ။ ယံနူနာဟံ ဉာတီ ဥပနိဿာယ ဝိဟရေယျံ! ဉာတီ မံ <span class=""note"">[ဉာတကာပိ မံ (သျာ။)]</span> နိဿာယ ဒါနာနိ ဒဿန္တိ ပုညာနိ ကရိဿန္တိ, ဘိက္ခူ စ လာဘံ လစ္ဆန္တိ, အဟဉ္စ ပိဏ္ဍကေန န ကိလမိဿာမီ’’တိ။ အထ ခေါ အာယသ္မာ သုဒိန္နော သေနာသနံ သံသာမေတွာ ပတ္တစီဝရမာဒါယ ယေန ဝေသာလီ တေန ပက္ကာမိ။ အနုပုဗ္ဗေန ယေန ဝေသာလီ တဒဝသရိ။ တတြ သုဒံ အာယသ္မာ သုဒိန္နော ဝေသာလိယံ ဝိဟရတိ မဟာဝနေ ကူဋာဂါရသာလာယံ။ အဿောသုံ ခေါ အာယသ္မတော သုဒိန္နဿ ဉာတကာ – ‘‘သုဒိန္နော ကိရ ကလန္ဒပုတ္တော ဝေသာလိံ အနုပ္ပတ္တော’’တိ။ တေ အာယသ္မတော သုဒိန္နဿ သဋ္ဌိမတ္တေ ထာလိပါကေ ဘတ္တာဘိဟာရံ အဘိဟရိံသု။ အထ ခေါ အာယသ္မာ သုဒိန္နော တေ သဋ္ဌိမတ္တေ ထာလိပါကေ ဘိက္ခူနံ ဝိဿဇ္ဇေတွာ ပုဗ္ဗဏှသမယံ နိဝါသေတွာ ပတ္တစီဝရမာဒါယ ကလန္ဒဂါမံ ပိဏ္ဍာယ ပါဝိသိ။ ကလန္ဒဂါမေ သပဒါနံ ပိဏ္ဍာယ စရမာနော ယေန သကပိတု နိဝေသနံ တေနုပသင်္ကမိ။</p>
<p class=""bodytext""><a name=""para31""></a><a name=""para31_vin1""></a><span class=""paranum"">၃၁</span>။ တေန ခေါ ပန သမယေန အာယသ္မတော သုဒိန္နဿ ဉာတိဒါသီ အာဘိဒေါသိကံ ကုမ္မာသံ ဆဍ္ဍေတုကာမာ <span class=""note"">[ဆဋ္ဋေတုကာမာ (က။)]</span> ဟောတိ။ အထ ခေါ အာယသ္မာ သုဒိန္နော တံ ဉာတိဒါသိံ ဧတဒဝေါစ – ‘‘သစေ တံ, ဘဂိနိ, ဆဍ္ဍနီယဓမ္မံ<a name=""T1.0027""></a>, ဣဓ မေ ပတ္တေ အာကိရာ’’တိ။ အထ ခေါ အာယသ္မတော သုဒိန္နဿ ဉာတိဒါသီ တံ</p>
",-31-
18,mula_vi_01,18,"<p class=""noindentbodytext""> အာဘိဒေါသိကံ<a name=""M0.0018""></a> ကုမ္မာသံ အာယသ္မတော သုဒိန္နဿ ပတ္တေ အာကိရန္တီ ဟတ္ထာနဉ္စ ပါဒါနဉ္စ သရဿ စ နိမိတ္တံ အဂ္ဂဟေသိ။ အထ ခေါ အာယသ္မတော သုဒိန္နဿ ဉာတိဒါသီ ယေနာယသ္မတော သုဒိန္နဿ မာတာ တေနုပသင်္ကမိ၊ ဥပသင်္ကမိတွာ အာယသ္မတော သုဒိန္နဿ မာတရံ ဧတဒဝေါစ – ‘‘ယဂ္ဃေယျေ, ဇာနေယျာသိ, အယျပုတ္တော သုဒိန္နော အနုပ္ပတ္တော’’တိ။ ‘‘သစေ, ဇေ, တွံ သစ္စံ ဘဏသိ, အဒါသိံ တံ ကရောမီ’’တိ။</p>
<p class=""bodytext""><a name=""para32""></a><a name=""para32_vin1""></a><span class=""paranum"">၃၂</span>။ တေန ခေါ ပန သမယေန အာယသ္မာ သုဒိန္နော တံ အာဘိဒေါသိကံ ကုမ္မာသံ အညတရံ ကုဋ္ဋမူလံ <span class=""note"">[ကုဍ္ဍမူလံ (သီ။ သျာ။)]</span> နိဿာယ ပရိဘုဉ္ဇတိ။ ပိတာပိ ခေါ အာယသ္မတော <a name=""P3.0016""></a> သုဒိန္နဿ ကမ္မန္တာ အာဂစ္ဆန္တော အဒ္ဒသ အာယသ္မန္တံ သုဒိန္နံ တံ အာဘိဒေါသိကံ ကုမ္မာသံ အညတရံ ကုဋ္ဋမူလံ နိဿာယ ပရိဘုဉ္ဇန္တံ<a name=""V0.0017""></a>။ ဒိသွာန ယေနာယသ္မာ သုဒိန္နော တေနုပသင်္ကမိ၊ ဥပသင်္ကမိတွာ အာယသ္မန္တံ သုဒိန္နံ ဧတဒဝေါစ – ‘‘အတ္ထိ နာမ, တာတ သုဒိန္န, အာဘိဒေါသိကံ ကုမ္မာသံ ပရိဘုဉ္ဇိဿသိ! နနု နာမ, တာတ သုဒိန္န, သကံ ဂေဟံ ဂန္တဗ္ဗ’’န္တိ? ‘‘အဂမိမှ <span class=""note"">[အဂမမှာ (က။)]</span> ခေါ တေ ဂဟပတိ, ဂေဟံ။ တတောယံ အာဘိဒေါသိကော ကုမ္မာသော’’တိ။ အထ ခေါ အာယသ္မတော သုဒိန္နဿ ပိတာ အာယသ္မတော သုဒိန္နဿ ဗာဟာယံ ဂဟေတွာ အာယသ္မန္တံ သုဒိန္နံ ဧတဒဝေါစ – ‘‘ဧဟိ, တာတ သုဒိန္န, ဃရံ ဂမိဿာမာ’’တိ။ အထ ခေါ အာယသ္မာ သုဒိန္နော ယေန သကပိတု နိဝေသနံ တေနုပသင်္ကမိ<a name=""T1.0028""></a>၊ ဥပသင်္ကမိတွာ ပညတ္တေ အာသနေ နိသီဒိ။ အထ ခေါ အာယသ္မတော သုဒိန္နဿ ပိတာ အာယသ္မန္တံ သုဒိန္နံ ဧတဒဝေါစ – ‘‘ဘုဉ္ဇ, တာတ သုဒိန္နာ’’တိ။ ‘‘အလံ, ဂဟပတိ, ကတံ မေ အဇ္ဇ ဘတ္တကိစ္စ’’န္တိ။ ‘‘အဓိဝါသေဟိ, တာတ သုဒိန္န, သွာတနာယ ဘတ္တ’’န္တိ။ အဓိဝါသေသိ ခေါ အာယသ္မာ သုဒိန္နော တုဏှီဘာဝေန။ အထ ခေါ အာယသ္မာ သုဒိန္နော ဥဋ္ဌာယာသနာ ပက္ကာမိ။</p>
<p class=""bodytext""><a name=""para33""></a><a name=""para33_vin1""></a><span class=""paranum"">၃၃</span>။ အထ ခေါ အာယသ္မတော သုဒိန္နဿ မာတာ တဿာ ရတ္တိယာ အစ္စယေန ဟရိတေန ဂေါမယေန ပထဝိံ ဩပုဉ္ဇာပေတွာ <span class=""note"">[ဩပုစ္ဆာပေတွာ (သီ။ သျာ။)]</span> ဒွေ ပုဉ္ဇေ ကာရာပေသိ – ဧကံ ဟိရညဿ, ဧကံ သုဝဏ္ဏဿ။ တာဝ မဟန္တာ ပုဉ္ဇာ အဟေသုံ, ဩရတော ဌိတော ပုရိသော ပါရတော ဌိတံ ပုရိသံ န ပဿတိ၊ ပါရတော ဌိတော ပုရိသော ဩရတော ဌိတံ ပုရိသံ န ပဿတိ။ တေ ပုဉ္ဇေ ကိလဉ္ဇေဟိ ပဋိစ္ဆာဒါပေတွာ မဇ္ဈေ အာသနံ ပညာပေတွာ တိရောကရဏီယံ ပရိက္ခိပိတွာ</p>
",-32-33-
19,mula_vi_01,19,"<p class=""noindentbodytext""> အာယသ္မတော<a name=""M0.0019""></a> သုဒိန္နဿ ပုရာဏဒုတိယိကံ အာမန္တေသိ – ‘‘တေန ဟိ, ဝဓု, ယေန အလင်္ကာရေန အလင်္ကတာ ပုတ္တဿ မေ သုဒိန္နဿ ပိယာ အဟောသိ မနာပါ တေန အလင်္ကာရေန အလင်္ကရာ’’တိ။ ‘‘ဧဝံ, အယျေ’’တိ, ခေါ အာယသ္မတော သုဒိန္နဿ ပုရာဏဒုတိယိကာ အာယသ္မတော သုဒိန္နဿ မာတုယာ ပစ္စဿောသိ။</p>
<p class=""bodytext""><a name=""para34""></a><a name=""para34_vin1""></a><span class=""paranum"">၃၄</span>။ အထ ခေါ အာယသ္မာ သုဒိန္နော ပုဗ္ဗဏှသမယံ နိဝါသေတွာ ပတ္တစီဝရမာဒါယ ယေန သကပိတု နိဝေသနံ တေနုပသင်္ကမိ၊ ဥပသင်္ကမိတွာ ပညတ္တေ အာသနေ နိသီဒိ။ အထ ခေါ အာယသ္မတော သုဒိန္နဿ <a name=""T1.0029""></a> ပိတာ ယေနာယသ္မာ သုဒိန္နော တေနုပသင်္ကမိ၊ ဥပသင်္ကမိတွာ တေ ပုဉ္ဇေ ဝိဝရာပေတွာ အာယသ္မန္တံ သုဒိန္နံ ဧတဒဝေါစ – ‘‘ဣဒံ တေ, တာတ သုဒိန္န, မာတု မတ္တိကံ ဣတ္ထိကာယ ဣတ္ထိဓနံ, အညံ ပေတ္တိကံ အညံ ပိတာမဟံ။ လဗ္ဘာ, တာတ သုဒိန္န, ဟီနာယာဝတ္တိတွာ ဘောဂါ စ ဘုဉ္ဇိတုံ ပုညာနိ စ ကာတုံ။ ဧဟိ တွံ, တာတ သုဒိန္န, ဟီနာယာဝတ္တိတွာ ဘောဂေ စ ဘုဉ္ဇဿု ပုညာနိ စ ကရောဟီ’’တိ<a name=""P3.0017""></a>။ ‘‘တာတ, န ဥဿဟာမိ န ဝိသဟာမိ, အဘိရတော အဟံ ဗြဟ္မစရိယံ စရာမီ’’တိ။ ဒုတိယမ္ပိ ခေါ…ပေ… တတိယမ္ပိ ခေါ အာယသ္မတော သုဒိန္နဿ ပိတာ အာယသ္မန္တံ သုဒိန္နံ ဧတဒဝေါစ – ‘‘ဣဒံ တေ, တာတ သုဒိန္န, မာတု မတ္တိကံ, ဣတ္ထိကာယ ဣတ္ထိဓနံ, အညံ ပေတ္တိကံ<a name=""V0.0018""></a>, အညံ ပိတာမဟံ။ လဗ္ဘာ, တာတ သုဒိန္န, ဟီနာယာဝတ္တိတွာ ဘောဂါ စ ဘုဉ္ဇိတုံ ပုညာနိ စ ကာတုံ။ ဧဟိ တွံ, တာတ သုဒိန္န, ဟီနာယာဝတ္တိတွာ ဘောဂေ စ ဘုဉ္ဇဿု ပုညာနိ စ ကရောဟီ’’တိ။ ‘‘ဝဒေယျာမ ခေါ တံ, ဂဟပတိ, သစေ တွံ နာတိကဍ္ဎေယျာသီ’’တိ။ ‘‘ဝဒေဟိ, တာတ သုဒိန္နာ’’တိ။ တေန ဟိ တွံ, ဂဟပတိ, မဟန္တေ မဟန္တေ သာဏိပသိဗ္ဗကေ ကာရာပေတွာ ဟိရညသုဝဏ္ဏဿ ပူရာပေတွာ သကဋေဟိ နိဗ္ဗာဟာပေတွာ မဇ္ဈေ ဂင်္ဂါယ သောတေ ဩပါတေဟိ <span class=""note"">[ဩသာဒေဟိ (သီ။ သျာ။)]</span>။ တံ ကိဿ ဟေတု? ယဉှိ တေ, ဂဟပတိ, ဘဝိဿတိ တတောနိဒါနံ ဘယံ ဝါ ဆမ္ဘိတတ္တံ ဝါ လောမဟံသော ဝါ အာရက္ခော ဝါ သော တေ န ဘဝိဿတီ’’တိ။ ဧဝံ ဝုတ္တေ, အာယသ္မတော သုဒိန္နဿ ပိတာ အနတ္တမနော <a name=""T1.0030""></a> အဟောသိ – ‘‘ကထဉှိ နာမ ပုတ္တော သုဒိန္နော ဧဝံ ဝက္ခတီ’’တိ!</p>
<p class=""bodytext""><a name=""para35""></a><a name=""para35_vin1""></a><span class=""paranum"">၃၅</span>။ အထ ခေါ အာယသ္မတော သုဒိန္နဿ ပိတာ အာယသ္မတော သုဒိန္နဿ ပုရာဏဒုတိယိကံ အာမန္တေသိ – ‘‘တေန ဟိ, ဝဓု, တွံ ပိယာ စ မနာပါ စ <span class=""note"">[တွမ္ပိ ယာစ (သီ။)]</span>။</p>
",-34-35-
20,mula_vi_01,20,"<p class=""noindentbodytext""> အပ္ပေဝ<a name=""M0.0020""></a> နာမ ပုတ္တော သုဒိန္နော တုယှမ္ပိ ဝစနံ ကရေယျာ’’တိ! အထ ခေါ အာယသ္မတော သုဒိန္နဿ ပုရာဏဒုတိယိကာ အာယသ္မတော သုဒိန္နဿ ပါဒေသု ဂဟေတွာ အာယသ္မန္တံ သုဒိန္နံ ဧတဒဝေါစ – ‘‘ကီဒိသာ နာမ တာ, အယျပုတ္တ, အစ္ဆရာယော ယာသံ တွံ ဟေတု ဗြဟ္မစရိယံ စရသီ’’တိ? ‘‘န ခေါ အဟံ, ဘဂိနိ, အစ္ဆရာနံ ဟေတု ဗြဟ္မစရိယံ စရာမီ’’တိ။ အထ ခေါ အာယသ္မတော သုဒိန္နဿ ပုရာဏဒုတိယိကာ – ‘‘အဇ္ဇတဂ္ဂေ မံ အယျပုတ္တော သုဒိန္နော ဘဂိနိဝါဒေန သမုဒါစရတီ’’တိ, တတ္ထေဝ မုစ္ဆိတာ ပပတာ။</p>
<p class=""bodytext"">အထ ခေါ အာယသ္မာ သုဒိန္နော ပိတရံ ဧတဒဝေါစ – ‘‘သစေ, ဂဟပတိ, ဘောဇနံ ဒါတဗ္ဗံ ဒေထ, မာ နော ဝိဟေဌယိတ္ထာ’’တိ။ ‘‘ဘုဉ္ဇ, တာတ သုဒိန္နာ’’တိ။ အထ ခေါ အာယသ္မတော သုဒိန္နဿ မာတာ စ ပိတာ စ အာယသ္မန္တံ သုဒိန္နံ ပဏီတေန ခါဒနီယေန ဘောဇနီယေန သဟတ္ထာ သန္တပ္ပေသုံ သမ္ပဝါရေသုံ။ အထ ခေါ အာယသ္မတော သုဒိန္နဿ မာတာ အာယသ္မန္တံ သုဒိန္နံ ဘုတ္တာဝိံ ဩနီတပတ္တပါဏိံ ဧတဒဝေါစ – ‘‘ဣဒံ, တာတ သုဒိန္န, ကုလံ အဍ္ဎံ မဟဒ္ဓနံ မဟာဘောဂံ ပဟူတဇာတရူပရဇတံ ပဟူတဝိတ္တူပကရဏံ ပဟူတဓနဓညံ။ လဗ္ဘာ, တာတ သုဒိန္န, ဟီနာယာဝတ္တိတွာ ဘောဂါ စ ဘုဉ္ဇိတုံ ပုညာနိ စ ကာတုံ။ ဧဟိ တွံ, တာတ သုဒိန္န, ဟီနာယာဝတ္တိတွာ ဘောဂေ စ ဘုဉ္ဇဿု ပုညာနိ စ ကရောဟီ’’တိ။ ‘‘အမ္မ, န ဥဿဟာမိ န ဝိသဟာမိ<a name=""P3.0018""></a>, အဘိရတော <a name=""T1.0031""></a> အဟံ ဗြဟ္မစရိယံ စရာမီ’’တိ။ ဒုတိယမ္ပိ ခေါ…ပေ… တတိယမ္ပိ ခေါ အာယသ္မတော သုဒိန္နဿ မာတာ အာယသ္မန္တံ သုဒိန္နံ ဧတဒဝေါစ – ‘‘ဣဒံ, တာတ သုဒိန္န, ကုလံ အဍ္ဎံ မဟဒ္ဓနံ မဟာဘောဂံ ပဟူတဇာတရူပရဇတံ ပဟူတဝိတ္တူပကရဏံ ပဟူတဓနဓညံ <span class=""note"">[ပဟူတဓနဓညံ (ပ။ စရာမီတိ) ဣတိပါဌော သဗ္ဗတ္ထ နတ္ထိ, ဦနော မညေ]</span>။ တေန ဟိ, တာတ သုဒိန္န, ဗီဇကမ္ပိ ဒေဟိ – မာ နော အပုတ္တကံ သာပတေယျံ လိစ္ဆဝယော အတိဟရာပေသု’’န္တိ။ ‘‘ဧတံ ခေါ မေ, အမ္မ, သက္ကာ <a name=""V0.0019""></a> ကာတု’’န္တိ။ ‘‘ကဟံ ပန, တာတ သုဒိန္န, ဧတရဟိ ဝိဟရသီ’’တိ? ‘‘မဟာဝနေ, အမ္မာ’’တိ။ အထ ခေါ အာယသ္မာ သုဒိန္နော ဥဋ္ဌာယာသနာ ပက္ကာမိ။</p>
<p class=""bodytext""><a name=""para36""></a><a name=""para36_vin1""></a><span class=""paranum"">၃၆</span>။ အထ ခေါ အာယသ္မတော သုဒိန္နဿ မာတာ အာယသ္မတော သုဒိန္နဿ ပုရာဏဒုတိယိကံ အာမန္တေသိ – ‘‘တေန ဟိ, ဝဓု, ယဒါ ဥတုနီ ဟောသိ, ပုပ္ဖံ တေ ဥပ္ပန္နံ ဟောတိ, အထ မေ အာရောစေယျာသီ’’တိ။ ‘‘ဧဝံ အယျေ’’တိ ခေါ အာယသ္မတော သုဒိန္နဿ ပုရာဏဒုတိယိကာ အာယသ္မတော သုဒိန္နဿ မာတုယာ ပစ္စဿောသိ။ အထ ခေါ အာယသ္မတော သုဒိန္နဿ ပုရာဏဒုတိယိကာ</p>
",-36-
21,mula_vi_01,21,"<p class=""noindentbodytext""> နစိရဿေဝ<a name=""M0.0021""></a> ဥတုနီ အဟောသိ, ပုပ္ဖံသာ ဥပ္ပဇ္ဇိ။ အထ ခေါ အာယသ္မတော သုဒိန္နဿ ပုရာဏဒုတိယိကာ အာယသ္မတော သုဒိန္နဿ မာတရံ ဧတဒဝေါစ – ‘‘ဥတုနီမှိ, အယျေ, ပုပ္ဖံ မေ ဥပ္ပန္န’’န္တိ။ ‘‘တေန ဟိ, ဝဓု, ယေန အလင်္ကာရေန အလင်္ကတာ ပုတ္တဿ သုဒိန္နဿ ပိယာ အဟောသိ မနာပါ တေန အလင်္ကာရေန အလင်္ကရာ’’တိ။ ‘‘ဧဝံ အယျေ’’တိ ခေါ အာယသ္မတော သုဒိန္နဿ ပုရာဏဒုတိယိကာ အာယသ္မတော သုဒိန္နဿ မာတုယာ ပစ္စဿောသိ။ အထ ခေါ အာယသ္မတော <a name=""T1.0032""></a> သုဒိန္နဿ မာတာ အာယသ္မတော သုဒိန္နဿ ပုရာဏဒုတိယိကံ အာဒါယ ယေန မဟာဝနံ ယေနာယသ္မာ သုဒိန္နော တေနုပသင်္ကမိ၊ ဥပသင်္ကမိတွာ အာယသ္မန္တံ သုဒိန္နံ ဧတဒဝေါစ – ‘‘ဣဒံ, တာတ သုဒိန္န, ကုလံ အဍ္ဎံ မဟဒ္ဓနံ မဟာဘောဂံ ပဟူတဇာတရူပရဇတံ ပဟူတဝိတ္တူပကရဏံ ပဟူတဓနဓညံ။ လဗ္ဘာ, တာတ သုဒိန္န, ဟီနာယာဝတ္တိတွာ ဘောဂါ စ ဘုဉ္ဇိတုံ ပုညာနိ စ ကာတုံ။ ဧဟိ တွံ, တာတ သုဒိန္န, ဟီနာယာဝတ္တိတွာ ဘောဂေ စ ဘုဉ္ဇဿု ပုညာနိ စ ကရောဟီ’’တိ။ ‘‘အမ္မ, န ဥဿဟာမိ န ဝိသဟာမိ, အဘိရတော အဟံ ဗြဟ္မစရိယံ စရာမီ’’တိ။ ဒုတိယမ္ပိ ခေါ…ပေ… တတိယမ္ပိ ခေါ အာယသ္မတော သုဒိန္နဿ မာတာ အာယသ္မန္တံ သုဒိန္နံ ဧတဒဝေါစ – ‘‘ဣဒံ, တာတ သုဒိန္န, ကုလံ အဍ္ဎံ မဟဒ္ဓနံ မဟာဘောဂံ ပဟူတဇာတရူပရဇတံ ပဟူတဝိတ္တူပကရဏံ ပဟူတဓနဓညံ။ တေန ဟိ, တာတ သုဒိန္န, ဗီဇကမ္ပိ ဒေဟိ – မာ နော အပုတ္တကံ သာပတေယျံ လိစ္ဆဝယော အတိဟရာပေသု’’န္တိ။ ‘‘ဧတံ ခေါ မေ, အမ္မ, သက္ကာ ကာတု’’န္တိ, ပုရာဏဒုတိယိကာယ ဗာဟာယံ ဂဟေတွာ မဟာဝနံ အဇ္ဈောဂါဟေတွာ အပညတ္တေ သိက္ခာပဒေ အနာဒီနဝဒဿော ပုရာဏဒုတိယိကာယ တိက္ခတ္တုံ မေထုနံ ဓမ္မံ အဘိဝိညာပေသိ။ သာ တေန ဂဗ္ဘံ ဂဏှိ။ ဘုမ္မာ ဒေဝါ သဒ္ဒမနုဿာဝေသုံ – ‘‘နိရဗ္ဗုဒေါ ဝတ, ဘော, ဘိက္ခုသံဃော နိရာဒီနဝေါ၊ သုဒိန္နေန ကလန္ဒပုတ္တေန အဗ္ဗုဒံ ဥပ္ပါဒိတံ, အာဒီနဝေါ ဥပ္ပါဒိတော’’တိ။ ဘုမ္မာနံ ဒေဝါနံ သဒ္ဒံ သုတွာ စာတုမဟာရာဇိကာ <span class=""note"">[စာတုမ္မဟာရာဇိကာ (သီ။ သျာ။)]</span> ဒေဝါ သဒ္ဒမနုဿာဝေသုံ…ပေ… တာဝတိံသာ ဒေဝါ… ယာမာ ဒေဝါ <a name=""T1.0033""></a>… တုသိတာ ဒေဝါ… နိမ္မာနရတီ ဒေဝါ… ပရနိမ္မိတဝသဝတ္တီ <a name=""P3.0019""></a> ဒေဝါ… ဗြဟ္မကာယိကာ ဒေဝါ သဒ္ဒမနုဿာဝေသုံ – ‘‘နိရဗ္ဗုဒေါ ဝတ, ဘော, ဘိက္ခုသံဃော နိရာဒီနဝေါ၊ သုဒိန္နေန ကလန္ဒပုတ္တေန အဗ္ဗုဒံ <a name=""V0.0020""></a> ဥပ္ပါဒိတံ, အာဒီနဝေါ ဥပ္ပါဒိတော’’တိ။ ဣတိဟ တေန ခဏေန တေန မုဟုတ္တေန ယာဝ ဗြဟ္မလောကာ သဒ္ဒေါ အဗ္ဘုဂ္ဂစ္ဆိ။</p>
",
22,mula_vi_01,22,"<p class=""bodytext"">အထ <a name=""M0.0022""></a> ခေါ အာယသ္မတော သုဒိန္နဿ ပုရာဏဒုတိယိကာ တဿ ဂဗ္ဘဿ ပရိပါကမနွာယ ပုတ္တံ ဝိဇာယိ။ အထ ခေါ အာယသ္မတော သုဒိန္နဿ သဟာယကာ တဿ ဒါရကဿ ‘ဗီဇကော’တိ နာမံ အကံသု။ အာယသ္မတော သုဒိန္နဿ ပုရာဏဒုတိယိကာယ ဗီဇကမာတာတိ နာမံ အကံသု။ အာယသ္မတော သုဒိန္နဿ ဗီဇကပိတာတိ နာမံ အကံသု။ တေ အပရေန သမယေန ဥဘော အဂါရသ္မာ အနဂါရိယံ ပဗ္ဗဇိတွာ အရဟတ္တံ သစ္ဆာကံသု။</p>
<p class=""bodytext""><a name=""para37""></a><a name=""para37_vin1""></a><span class=""paranum"">၃၇</span>။ အထ ခေါ အာယသ္မတော သုဒိန္နဿ အဟုဒေဝ ကုက္ကုစ္စံ, အဟု ဝိပ္ပဋိသာရော – ‘‘အလာဘာ ဝတ မေ, န ဝတ မေ လာဘာ! ဒုလ္လဒ္ဓံ ဝတ မေ, န ဝတ မေ သုလဒ္ဓံ! ယောဟံ ဧဝံ သွာက္ခာတေ ဓမ္မဝိနယေ ပဗ္ဗဇိတွာ နာသက္ခိံ ယာဝဇီဝံ ပရိပုဏ္ဏံ ပရိသုဒ္ဓံ ဗြဟ္မစရိယံ စရိတု’’န္တိ။ သော တေနေဝ ကုက္ကုစ္စေန တေန ဝိပ္ပဋိသာရေန ကိသော အဟောသိ လူခေါ ဒုဗ္ဗဏ္ဏော ဥပ္ပဏ္ဍုပ္ပဏ္ဍုကဇာတော ဓမနိသန္ထတဂတ္တော အန္တောမနော လီနမနော ဒုက္ခီ ဒုမ္မနော ဝိပ္ပဋိသာရီ ပဇ္ဈာယိ။</p>
<p class=""bodytext""><a name=""para38""></a><a name=""para38_vin1""></a><span class=""paranum"">၃၈</span>။ အထ ခေါ အာယသ္မတော သုဒိန္နဿ သဟာယကာ ဘိက္ခူ အာယသ္မန္တံ သုဒိန္နံ ဧတဒဝေါစုံ – ‘‘ပုဗ္ဗေ ခေါ တွံ, အာဝုသော သုဒိန္န, ဝဏ္ဏဝါ အဟောသိ ပီဏိန္ဒြိယော ပသန္နမုခဝဏ္ဏော ဝိပ္ပသန္နဆဝိဝဏ္ဏော၊ သော ဒါနိ တွံ ဧတရဟိ ကိသော <a name=""T1.0034""></a> လူခေါ ဒုဗ္ဗဏ္ဏော ဥပ္ပဏ္ဍုပ္ပဏ္ဍုကဇာတော ဓမနိသန္ထတဂတ္တော အန္တောမနော လီနမနော ဒုက္ခီ ဒုမ္မနော ဝိပ္ပဋိသာရီ ပဇ္ဈာယသိ။ ကစ္စိ နော တွံ, အာဝုသော သုဒိန္န, အနဘိရတော ဗြဟ္မစရိယံ စရသီ’’တိ? ‘‘န ခေါ အဟံ, အာဝုသော, အနဘိရတော ဗြဟ္မစရိယံ စရာမိ။ အတ္ထိ မေ ပါပကမ္မံ ကတံ၊ ပုရာဏဒုတိယိကာယ မေထုနော ဓမ္မော ပဋိသေဝိတော၊ တဿ မယှံ, အာဝုသော, အဟုဒေဝ ကုက္ကုစ္စံ အဟု ဝိပ္ပဋိသာရော – ‘အလာဘာ ဝတ မေ, န ဝတ မေ လာဘာ၊ ဒုလ္လဒ္ဓံ ဝတ မေ, န ဝတ မေ သုလဒ္ဓံ၊ ယောဟံ ဧဝံ သွာက္ခာတေ ဓမ္မဝိနယေ ပဗ္ဗဇိတွာ နာသက္ခိံ ယာဝဇီဝံ ပရိပုဏ္ဏံ ပရိသုဒ္ဓံ ဗြဟ္မစရိယံ စရိတု’’န္တိ။ ‘‘အလဉှိ တေ, အာဝုသော သုဒိန္န, ကုက္ကုစ္စာယ အလံ ဝိပ္ပဋိသာရာယ ယံ တွံ ဧဝံ သွာက္ခာတေ ဓမ္မဝိနယေ ပဗ္ဗဇိတွာ န သက္ခိဿသိ ယာဝဇီဝံ ပရိပုဏ္ဏံ ပရိသုဒ္ဓံ ဗြဟ္မစရိယံ စရိတုံ။ နနု, အာဝုသော, ဘဂဝတာ အနေကပရိယာယေန ဝိရာဂါယ ဓမ္မော ဒေသိတော, နော သရာဂါယ၊ ဝိသံယောဂါယ ဓမ္မော ဒေသိတော, နော သံယောဂါယ၊ အနုပါဒါနာယ ဓမ္မော ဒေသိတော, နော သဥပါဒါနာယ။ တတ္ထ <a name=""V0.0021""></a> နာမ တွံ, အာဝုသော,</p>
",-37-38-
23,mula_vi_01,23,"<p class=""noindentbodytext""> ဘဂဝတာ<a name=""M0.0023""></a> ဝိရာဂါယ ဓမ္မေ ဒေသိတေ သရာဂါယ စေတေဿသိ, ဝိသံယောဂါယ ဓမ္မေ ဒေသိတေ <a name=""P3.0020""></a> သံယောဂါယ စေတေဿသိ, အနုပါဒါနာယ ဓမ္မေ ဒေသိတေ သဥပါဒါနာယ စေတေဿသိ! နနု, အာဝုသော, ဘဂဝတာ အနေကပရိယာယေန ရာဂဝိရာဂါယ ဓမ္မော ဒေသိတော, မဒနိမ္မဒနာယ ပိပါသဝိနယာယ အာလယသမုဂ္ဃါတာယ ဝဋ္ဋုပစ္ဆေဒါယ တဏှာက္ခယာယ <a name=""T1.0035""></a> ဝိရာဂါယ နိရောဓာယ နိဗ္ဗာနာယ ဓမ္မော ဒေသိတော! နနု, အာဝုသော, ဘဂဝတာ အနေကပရိယာယေန ကာမာနံ ပဟာနံ အက္ခာတံ, ကာမသညာနံ ပရိညာ အက္ခာတာ, ကာမပိပါသာနံ ပဋိဝိနယော အက္ခာတော, ကာမဝိတက္ကာနံ သမုဂ္ဃါတော အက္ခာတော, ကာမပရိဠာဟာနံ ဝူပသမော အက္ခာတော! နေတံ, အာဝုသော, အပ္ပသန္နာနံ ဝါ ပသာဒါယ, ပသန္နာနံ ဝါ ဘိယျောဘာဝါယ။ အထ ခွေတံ, အာဝုသော, အပ္ပသန္နာနဉ္စေဝ အပ္ပသာဒါယ ပသန္နာနဉ္စ ဧကစ္စာနံ အညထတ္တာယာ’’တိ။</p>
<p class=""bodytext""><a name=""para39""></a><a name=""para39_vin1""></a><span class=""paranum"">၃၉</span>။ အထ ခေါ တေ ဘိက္ခူ အာယသ္မန္တံ သုဒိန္နံ အနေကပရိယာယေန ဝိဂရဟိတွာ ဘဂဝတော ဧတမတ္ထံ အာရောစေသုံ။ အထ ခေါ ဘဂဝါ ဧတသ္မိံ နိဒါနေ ဧတသ္မိံ ပကရဏေ ဘိက္ခုသံဃံ သန္နိပါတာပေတွာ အာယသ္မန္တံ သုဒိန္နံ ပဋိပုစ္ဆိ – ‘‘သစ္စံ ကိရ တွံ, သုဒိန္န, ပုရာဏဒုတိယိကာယ မေထုနံ ဓမ္မံ ပဋိသေဝီ’’တိ? ‘‘သစ္စံ, ဘဂဝါ’’တိ။ ဝိဂရဟိ ဗုဒ္ဓေါ ဘဂဝါ – ‘‘အနနုစ္ဆဝိကံ <span class=""note"">[အနနုစ္ဆဝိယံ (သီ။)]</span>, မောဃပုရိသ, အနနုလောမိကံ အပ္ပဋိရူပံ အဿာမဏကံ အကပ္ပိယံ အကရဏီယံ။ ကထဉှိ နာမ တွံ, မောဃပုရိသ, ဧဝံ သွာက္ခာတေ ဓမ္မဝိနယေ ပဗ္ဗဇိတွာ န သက္ခိဿသိ ယာဝဇီဝံ ပရိပုဏ္ဏံ ပရိသုဒ္ဓံ ဗြဟ္မစရိယံ စရိတုံ! နနု မယာ, မောဃပုရိသ, အနေကပရိယာယေန ဝိရာဂါယ ဓမ္မော ဒေသိတော, နော သရာဂါယ၊ ဝိသံယောဂါယ ဓမ္မော ဒေသိတော, နော သံယောဂါယ၊ အနုပါဒါနာယ ဓမ္မော ဒေသိတော, နော သဥပါဒါနာယ! တတ္ထ နာမ တွံ, မောဃပုရိသ, မယာ ဝိရာဂါယ ဓမ္မေ ဒေသိတေ သရာဂါယ စေတေဿသိ<a name=""T1.0036""></a>, ဝိသံယောဂါယ ဓမ္မေ ဒေသိတေ သံယောဂါယ စေတေဿသိ, အနုပါဒါနာယ ဓမ္မေ ဒေသိတေ သဥပါဒါနာယ စေတေဿသိ! နနု မယာ, မောဃပုရိသ, အနေကပရိယာယေန ရာဂဝိရာဂါယ ဓမ္မော ဒေသိတော! မဒနိမ္မဒနာယ ပိပါသဝိနယာယ အာလယသမုဂ္ဃါတာယ ဝဋ္ဋုပစ္ဆေဒါယ တဏှာက္ခယာယ ဝိရာဂါယ နိရောဓာယ နိဗ္ဗာနာယ ဓမ္မော ဒေသိတော! နနု မယာ, မောဃပုရိသ, အနေကပရိယာယေန</p>
",-39-
24,mula_vi_01,24,"<p class=""noindentbodytext""> ကာမာနံ<a name=""M0.0024""></a> ပဟာနံ အက္ခာတံ, ကာမသညာနံ ပရိညာ အက္ခာတာ, ကာမပိပါသာနံ ပဋိဝိနယော အက္ခာတော, ကာမဝိတက္ကာနံ သမုဂ္ဃါတော အက္ခာတော, ကာမပရိဠာဟာနံ ဝူပသမော အက္ခာတော! ဝရံ တေ, မောဃပုရိသ, အာသိဝိသဿ <span class=""note"">[အာသီဝိသဿ (သီ။ သျာ။)]</span> ဃောရဝိသဿ မုခေ အင်္ဂဇာတံ ပက္ခိတ္တံ, န တွေဝ မာတုဂါမဿ အင်္ဂဇာတေ အင်္ဂဇာတံ ပက္ခိတ္တံ။ ဝရံ တေ, မောဃပုရိသ, ကဏှသပ္ပဿ မုခေ အင်္ဂဇာတံ ပက္ခိတ္တံ, န တွေဝ မာတုဂါမဿ အင်္ဂဇာတေ အင်္ဂဇာတံ ပက္ခိတ္တံ။ ဝရံ တေ, မောဃပုရိသ, အင်္ဂါရကာသုယာ အာဒိတ္တာယ သမ္ပဇ္ဇလိတာယ သဇောတိဘူတာယ အင်္ဂဇာတံ <a name=""V0.0022""></a> ပက္ခိတ္တံ, န တွေဝ မာတုဂါမဿ အင်္ဂဇာတေ အင်္ဂဇာတံ ပက္ခိတ္တံ။ တံ ကိဿ ဟေတု? တတောနိဒါနဉှိ, မောဃပုရိသ, မရဏံ ဝါ နိဂစ္ဆေယျ မရဏမတ္တံ ဝါ ဒုက္ခံ, န တွေဝ တပ္ပစ္စယာ ကာယဿ ဘေဒါ ပရံ မရဏာ အပါယံ ဒုဂ္ဂတိံ ဝိနိပါတံ နိရယံ ဥပပဇ္ဇေယျ။ ဣတောနိဒါနဉ္စ ခေါ, မောဃပုရိသ, ကာယဿ ဘေဒါ ပရံ မရဏာ အပါယံ ဒုဂ္ဂတိံ <a name=""P3.0021""></a> ဝိနိပါတံ နိရယံ ဥပပဇ္ဇေယျ။ တတ္ထ နာမ တွံ, မောဃပုရိသ, ယံ တွံ အသဒ္ဓမ္မံ ဂါမဓမ္မံ <a name=""T1.0037""></a> ဝသလဓမ္မံ ဒုဋ္ဌုလ္လံ ဩဒကန္တိကံ ရဟဿံ ဒွယံဒွယသမာပတ္တိံ သမာပဇ္ဇိဿသိ, ဗဟူနံ ခေါ တွံ, မောဃပုရိသ, အကုသလာနံ ဓမ္မာနံ အာဒိကတ္တာ ပုဗ္ဗင်္ဂမော။ နေတံ, မောဃပုရိသ, အပ္ပသန္နာနံ ဝါ ပသာဒါယ, ပသန္နာနံ ဝါ ဘိယျောဘာဝါယ၊ အထ ခွေတံ, မောဃပုရိသ, အပ္ပသန္နာနဉ္စေဝ အပ္ပသာဒါယ, ပသန္နာနဉ္စ ဧကစ္စာနံ အညထတ္တာယာ’’တိ။</p>
<p class=""bodytext"">အထ ခေါ ဘဂဝါ အာယသ္မန္တံ သုဒိန္နံ အနေကပရိယာယေန ဝိဂရဟိတွာ ဒုဗ္ဘရတာယ ဒုပ္ပေါသတာယ မဟိစ္ဆတာယ အသန္တုဋ္ဌိတာယ <span class=""note"">[အသန္တုဋ္ဌတာယ (သျာ။)]</span> သင်္ဂဏိကာယ ကောသဇ္ဇဿ အဝဏ္ဏံ ဘာသိတွာ အနေကပရိယာယေန သုဘရတာယ သုပေါသတာယ အပ္ပိစ္ဆဿ သန္တုဋ္ဌဿ သလ္လေခဿ ဓုတဿ ပါသာဒိကဿ အပစယဿ ဝီရိယာရမ္ဘဿ <span class=""note"">[ဝီရိယာရဗ္ဘဿ (က။)]</span> ဝဏ္ဏံ ဘာသိတွာ ဘိက္ခူနံ တဒနုစ္ဆဝိကံ တဒနုလောမိကံ ဓမ္မိံ ကထံ ကတွာ ဘိက္ခူ အာမန္တေသိ – ‘‘တေန ဟိ, ဘိက္ခဝေ, ဘိက္ခူနံ သိက္ခာပဒံ ပညပေဿာမိ <span class=""note"">[ပညာပေဿာမိ (သီ။ သျာ။)]</span> ဒသ အတ္ထဝသေ ပဋိစ္စ – သံဃသုဋ္ဌုတာယ, သံဃဖာသုတာယ, ဒုမ္မင်္ကူနံ ပုဂ္ဂလာနံ နိဂ္ဂဟာယ, ပေသလာနံ ဘိက္ခူနံ ဖာသုဝိဟာရာယ, ဒိဋ္ဌဓမ္မိကာနံ အာသဝါနံ သံဝရာယ, သမ္ပရာယိကာနံ အာသဝါနံ ပဋိဃာတာယ, အပ္ပသန္နာနံ ပသာဒါယ, ပသန္နာနံ ဘိယျောဘာဝါယ, သဒ္ဓမ္မဋ္ဌိတိယာ, ဝိနယာနုဂ္ဂဟာယ။ ဧဝဉ္စ ပန, ဘိက္ခဝေ, ဣမံ သိက္ခာပဒံ ဥဒ္ဒိသေယျာထ –</p>
",
25,mula_vi_01,25,"<p class=""bodytext""><span class=""bld"">‘‘ယော</span> <a name=""M0.0025""></a> <span class=""bld"">ပန ဘိက္ခု မေထုနံ ဓမ္မံ ပဋိသေဝေယျ, ပါရာဇိကော ဟောတိ အသံဝါသော’’</span>တိ။</p>
<p class=""bodytext"">ဧဝဉ္စိဒံ ဘဂဝတာ ဘိက္ခူနံ သိက္ခာပဒံ ပညတ္တံ ဟောတိ။</p>
<p class=""centered"">သုဒိန္နဘာဏဝါရော နိဋ္ဌိတော။</p>
<p class=""subhead"">မက္ကဋီဝတ္ထု</p>
<p class=""bodytext""><a name=""para40""></a><a name=""para40_vin1""></a><span class=""paranum"">၄၀</span>။ တေန <a name=""T1.0038""></a> ခေါ ပန သမယေန အညတရော ဘိက္ခု ဝေသာလိယံ မဟာဝနေ မက္ကဋိံ အာမိသေန ဥပလာပေတွာ တဿာ မေထုနံ ဓမ္မံ ပဋိသေဝတိ။ အထ ခေါ သော ဘိက္ခု ပုဗ္ဗဏှသမယံ နိဝါသေတွာ ပတ္တစီဝရံ <a name=""V0.0023""></a> အာဒါယ ဝေသာလိံ ပိဏ္ဍာယ ပါဝိသိ။ တေန ခေါ ပန သမယေန သမ္ဗဟုလာ ဘိက္ခူ သေနာသနစာရိကံ အာဟိဏ္ဍန္တာ ယေန တဿ ဘိက္ခုနော ဝိဟာရော တေနုပသင်္ကမိံသု။ အဒ္ဒသ ခေါ သာ မက္ကဋီ တေ ဘိက္ခူ ဒူရတောဝ အာဂစ္ဆန္တေ။ ဒိသွာန ယေန တေ ဘိက္ခူ တေနုပသင်္ကမိ၊ ဥပသင်္ကမိတွာ တေသံ ဘိက္ခူနံ ပုရတော ကဋိမ္ပိ စာလေသိ ဆေပ္ပမ္ပိ စာလေသိ, ကဋိမ္ပိ <a name=""P3.0022""></a> ဩဍ္ဍိ, နိမိတ္တမ္ပိ အကာသိ။ အထ ခေါ တေသံ ဘိက္ခူနံ ဧတဒဟောသိ – ‘‘နိဿံသယံ ခေါ သော ဘိက္ခု ဣမိဿာ မက္ကဋိယာ မေထုနံ ဓမ္မံ ပဋိသေဝတီ’’တိ။ ဧကမန္တံ နိလီယိံသု။ အထ ခေါ သော ဘိက္ခု ဝေသာလိယံ ပိဏ္ဍာယ စရိတွာ ပိဏ္ဍပါတံ အာဒါယ ပဋိက္ကမိ။</p>
<p class=""bodytext""><a name=""para41""></a><a name=""para41_vin1""></a><span class=""paranum"">၄၁</span>။ အထ ခေါ သာ မက္ကဋီ ယေန သော ဘိက္ခု တေနုပသင်္ကမိ။ အထ ခေါ သော ဘိက္ခု တံ ပိဏ္ဍပါတံ ဧကဒေသံ ဘုဉ္ဇိတွာ ဧကဒေသံ တဿာ မက္ကဋိယာ အဒါသိ။ အထ ခေါ သာ မက္ကဋီ တံ ပိဏ္ဍပါတံ ဘုဉ္ဇိတွာ တဿ ဘိက္ခုနော ကဋိံ ဩဍ္ဍိ။ အထ ခေါ သော ဘိက္ခု တဿာ မက္ကဋိယာ မေထုနံ ဓမ္မံ ပဋိသေဝတိ။ အထ ခေါ တေ ဘိက္ခူ တံ ဘိက္ခုံ ဧတဒဝေါစုံ – ‘‘နနု, အာဝုသော, ဘဂဝတာ သိက္ခာပဒံ ပညတ္တံ၊ ကိဿ တွံ, အာဝုသော, မက္ကဋိယာ မေထုနံ ဓမ္မံ ပဋိသေဝသီ’’တိ? ‘‘သစ္စံ, အာဝုသော, ဘဂဝတာ သိက္ခာပဒံ ပညတ္တံ၊ တဉ္စ ခေါ <a name=""T1.0039""></a></p>
",-40-41-
26,mula_vi_01,26,"<p class=""noindentbodytext""> မနုဿိတ္ထိယာ<a name=""M0.0026""></a>, နော တိရစ္ဆာနဂတာယာ’’တိ။ ‘‘နနု, အာဝုသော, တထေဝ တံ ဟောတိ။ အနနုစ္ဆဝိကံ, အာဝုသော, အနနုလောမိကံ အပ္ပဋိရူပံ အဿာမဏကံ အကပ္ပိယံ အကရဏီယံ။ ကထဉှိ နာမ တွံ, အာဝုသော, ဧဝံ သွာက္ခာတေ ဓမ္မဝိနယေ ပဗ္ဗဇိတွာ န သက္ခိဿသိ ယာဝဇီဝံ ပရိပုဏ္ဏံ ပရိသုဒ္ဓံ ဗြဟ္မစရိယံ စရိတုံ! နနု, အာဝုသော, ဘဂဝတာ အနေကပရိယာယေန ဝိရာဂါယ ဓမ္မော ဒေသိတော, နော သရာဂါယ…ပေ… ကာမပရိဠာဟာနံ ဝူပသမော အက္ခာတော! နေတံ, အာဝုသော, အပ္ပသန္နာနံ ဝါ ပသာဒါယ ပသန္နာနံ ဝါ ဘိယျောဘာဝါယ။ အထ ခွေတံ, အာဝုသော, အပ္ပသန္နာနဉ္စေဝ အပ္ပသာဒါယ, ပသန္နာနဉ္စ ဧကစ္စာနံ အညထတ္တာယာ’’တိ။ အထ ခေါ တေ ဘိက္ခူ တံ ဘိက္ခုံ အနေကပရိယာယေန ဝိဂရဟိတွာ ဘဂဝတော ဧတမတ္ထံ အရောစေသုံ။</p>
<p class=""bodytext""><a name=""para42""></a><a name=""para42_vin1""></a><span class=""paranum"">၄၂</span>။ အထ ခေါ ဘဂဝါ ဧတသ္မိံ နိဒါနေ ဧတသ္မိံ ပကရဏေ ဘိက္ခုသံဃံ သန္နိပါတာပေတွာ တံ ဘိက္ခုံ ပဋိပုစ္ဆိ – ‘‘သစ္စံ ကိရ တွံ, ဘိက္ခု, မက္ကဋိယာ မေထုနံ ဓမ္မံ ပဋိသေဝီ’’တိ? ‘‘သစ္စံ, ဘဂဝါ’’တိ။ ဝိဂရဟိ ဗုဒ္ဓေါ ဘဂဝါ – ‘‘အနနုစ္ဆဝိကံ, မောဃပုရိသ, အနနုလောမိကံ အပ္ပတိရူပံ အဿာမဏကံ အကပ္ပိယံ အကရဏီယံ။ ကထဉှိ နာမ တွံ, မောဃပုရိသ, ဧဝံ သွာက္ခာတေ ဓမ္မဝိနယေ ပဗ္ဗဇိတွာ န သက္ခိဿသိ ယာဝဇီဝံ ပရိပုဏ္ဏံ ပရိသုဒ္ဓံ ဗြဟ္မစရိယံ စရိတုံ! နနု မယာ, မောဃပုရိသ, အနေကပရိယာယေန ဝိရာဂါယ ဓမ္မော ဒေသိတော, နော သရာဂါယ <a name=""V0.0024""></a> …ပေ… ကာမပရိဠာဟာနံ ဝူပသမော အက္ခာတော! ဝရံ တေ, မောဃပုရိသ, အာသီဝိသဿ ဃောရဝိသဿ မုခေ အင်္ဂဇာတံ ပက္ခိတ္တံ, န တွေဝ မက္ကဋိယာ အင်္ဂဇာတေ အင်္ဂဇာတံ ပက္ခိတ္တံ။ ဝရံ တေ, မောဃပုရိသ, ကဏှသပ္ပဿ မုခေ အင်္ဂဇာတံ ပက္ခိတ္တံ, န တွေဝ မက္ကဋိယာ အင်္ဂဇာတေ အင်္ဂဇာတံ ပက္ခိတ္တံ။ ဝရံ <a name=""T1.0040""></a> တေ, မောဃပုရိသ, အင်္ဂါရကာသုယာ အာဒိတ္တာယ သမ္ပဇ္ဇလိတာယ သဇောတိဘူတာယ အင်္ဂဇာတံ ပက္ခိတ္တံ, န တွေဝ မက္ကဋိယာ အင်္ဂဇာတေ အင်္ဂဇာတံ ပက္ခိတ္တံ။ တံ ကိဿ ဟေတု? တတောနိဒါနဉှိ, မောဃပုရိသ, မရဏံ ဝါ နိဂစ္ဆေယျ မရဏမတ္တံ ဝါ ဒုက္ခံ၊ န တွေဝ တပ္ပစ္စယာ ကာယဿ ဘေဒါ ပရံ မရဏာ အပါယံ ဒုဂ္ဂတိံ ဝိနိပါတံ နိရယံ ဥပပဇ္ဇေယျ။ ဣတောနိဒါနဉ္စ ခေါ, မောဃပုရိသ, ကာယဿ ဘေဒါ ပရံ မရဏာ အပါယံ ဒုဂ္ဂတိံ ဝိနိပါတံ နိရယံ ဥပပဇ္ဇေယျ။ တတ္ထ နာမ တွံ, မောဃပုရိသ, ယံ တွံ အသဒ္ဓမ္မံ ဂါမဓမ္မံ ဝသလဓမ္မံ ဒုဋ္ဌုလ္လံ ဩဒကန္တိကံ ရဟဿံ ဒွယံဒွယသမာပတ္တိံ သမာပဇ္ဇိဿသိ! နေတံ, မောဃပုရိသ, အပ္ပသန္နာနံ ဝါ ပသာဒါယ…ပေ… ဧဝဉ္စ ပန, ဘိက္ခဝေ, ဣမံ သိက္ခာပဒံ ဥဒ္ဒိသေယျာထ –</p>
",-42-
27,mula_vi_01,27,"<p class=""bodytext""><span class=""bld"">‘‘ယော</span> <a name=""M0.0027""></a> <span class=""bld"">ပန ဘိက္ခု မေထုနံ ဓမ္မံ ပဋိသေဝေယျ အန္တမသော တိရစ္ဆာနဂတာယပိ, ပါရာဇိကော ဟောတိ အသံဝါသော’’တိ။</span></p>
<p class=""bodytext"">ဧဝဉ္စိဒံ ဘဂဝတာ ဘိက္ခူနံ သိက္ခာပဒံ ပညတ္တံ ဟောတိ။</p>
<p class=""centered"">မက္ကဋီဝတ္ထု နိဋ္ဌိတံ။</p>
<p class=""subhead"">သန္ထတဘာဏဝါရော</p>
<p class=""bodytext""><a name=""para43""></a><a name=""para43_vin1""></a><span class=""paranum"">၄၃</span>။ တေန <a name=""P3.0023""></a> ခေါ ပန သမယေန သမ္ဗဟုလာ ဝေသာလိကာ ဝဇ္ဇိပုတ္တကာ ဘိက္ခူ ယာဝဒတ္ထံ ဘုဉ္ဇိံသု, ယာဝဒတ္ထံ သုပိံသု, ယာဝဒတ္ထံ နှာယိံသု။ ယာဝဒတ္ထံ ဘုဉ္ဇိတွာ ယာဝဒတ္ထံ သုပိတွာ ယာဝဒတ္ထံ နှာယိတွာ အယောနိသော မနသိ ကရိတွာ သိက္ခံ အပစ္စက္ခာယ ဒုဗ္ဗလျံ အနာဝိကတွာ မေထုနံ <a name=""T1.0041""></a> ဓမ္မံ ပဋိသေဝိံသု။ တေ အပရေန သမယေန ဉာတိဗျသနေနပိ ဖုဋ္ဌာ ဘောဂဗျသနေနပိ ဖုဋ္ဌာ ရောဂဗျသနေနပိ ဖုဋ္ဌာ အာယသ္မန္တံ အာနန္ဒံ ဥပသင်္ကမိတွာ ဧဝံ ဝဒန္တိ – ‘‘န မယံ, ဘန္တေ အာနန္ဒ, ဗုဒ္ဓဂရဟိနော န ဓမ္မဂရဟိနော န သံဃဂရဟိနော၊ အတ္တဂရဟိနော မယံ, ဘန္တေ အာနန္ဒ, အနညဂရဟိနော။ မယမေဝမှာ အလက္ခိကာ မယံ အပ္ပပုညာ, ယေ မယံ ဧဝံ သွာက္ခာတေ ဓမ္မဝိနယေ ပဗ္ဗဇိတွာ နာသက္ခိမှာ ယာဝဇီဝံ ပရိပုဏ္ဏံ ပရိသုဒ္ဓံ ဗြဟ္မစရိယံ စရိတုံ။ ဣဒါနိ စေပိ <a name=""V0.0025""></a> <span class=""note"">[ဣဒါနိပိ စေ (သျာ။)]</span> မယံ, ဘန္တေ အာနန္ဒ, လဘေယျာမ ဘဂဝတော သန္တိကေ ပဗ္ဗဇ္ဇံ လဘေယျာမ ဥပသမ္ပဒံ, ဣဒါနိပိ မယံ ဝိပဿကာ ကုသလာနံ ဓမ္မာနံ ပုဗ္ဗရတ္တာပရရတ္တံ ဗောဓိပက္ခိကာနံ ဓမ္မာနံ ဘာဝနာနုယောဂမနုယုတ္တာ ဝိဟရေယျာမ။ သာဓု, ဘန္တေ အာနန္ဒ, ဘဂဝတော ဧတမတ္ထံ အာရောစေဟီ’’တိ။ ‘‘ဧဝမာဝုသော’’တိ ခေါ အာယသ္မာ အာနန္ဒော ဝေသာလိကာနံ ဝဇ္ဇိပုတ္တကာနံ ပဋိဿုဏိတွာ ယေန ဘဂဝါ တေနုပသင်္ကမိ၊ ဥပသင်္ကမိတွာ ဘဂဝတော ဧတမတ္ထံ အာရောစေသိ။</p>
<p class=""bodytext"">‘‘အဋ္ဌာနမေတံ, အာနန္ဒ, အနဝကာသော ယံ တထာဂတော ဝဇ္ဇီနံ ဝါ ဝဇ္ဇိပုတ္တကာနံ ဝါ ကာရဏာ သာဝကာနံ ပါရာဇိကံ သိက္ခာပဒံ ပညတ္တံ သမူဟနေယျာ’’တိ။</p>
",-43-
28,mula_vi_01,28,"<p class=""bodytext"">အထ <a name=""M0.0028""></a> ခေါ ဘဂဝါ ဧတသ္မိံ နိဒါနေ ဧတသ္မိံ ပကရဏေ ဓမ္မိံ ကထံ ကတွာ ဘိက္ခူ အာမန္တေသိ – ‘‘ယော, ဘိက္ခဝေ <span class=""note"">[ယော ပန ဘိက္ခဝေ ဘိက္ခု (သီ။) ယော ခေါ ဘိက္ခဝေ ဘိက္ခု (သျာ။)]</span>, သိက္ခံ အပစ္စက္ခာယ ဒုဗ္ဗလျံ အနာဝိကတွာ မေထုနံ ဓမ္မံ ပဋိသေဝတိ သော အာဂတော န ဥပသမ္ပာဒေတဗ္ဗော<a name=""T1.0042""></a>၊ ယော စ ခေါ, ဘိက္ခဝေ <span class=""note"">[ယော စ ခေါ ဘိက္ခဝေ ဘိက္ခု (သီ။ သျာ။)]</span>, သိက္ခံ ပစ္စက္ခာယ ဒုဗ္ဗလျံ အာဝိကတွာ မေထုနံ ဓမ္မံ ပဋိသေဝတိ သော အာဂတော ဥပသမ္ပာဒေတဗ္ဗော။ ဧဝဉ္စ ပန, ဘိက္ခဝေ, ဣမံ သိက္ခာပဒံ ဥဒ္ဒိသေယျာထ –</p>
<p class=""bodytext""><a name=""para44""></a><a name=""para44_vin1""></a><span class=""paranum"">၄၄</span>။ <span class=""bld"">‘‘ယော ပန ဘိက္ခု ဘိက္ခူနံ သိက္ခာသာဇီဝသမာပန္နော သိက္ခံ အပစ္စက္ခာယ ဒုဗ္ဗလျံ အနာဝိကတွာ မေထုနံ ဓမ္မံ ပဋိသေဝေယျ အန္တမသော တိရစ္ဆာနဂတာယပိ, ပါရာဇိကော ဟောတိ အသံဝါသော’’</span>တိ။</p>
<p class=""bodytext""><a name=""para45""></a><a name=""para45_vin1""></a><span class=""paranum"">၄၅</span>။ <span class=""bld"">ယော ပနာ</span>တိ ယော ယာဒိသော ယထာယုတ္တော ယထာဇစ္စော ယထာနာမော ယထာဂေါတ္တော <a name=""P3.0024""></a> ယထာသီလော ယထာဝိဟာရီ ယထာဂေါစရော ထေရော ဝါ နဝေါ ဝါ မဇ္ဈိမော ဝါ။ ဧသော ဝုစ္စတိ ‘ယော ပနာ’တိ။</p>
<p class=""bodytext""><span class=""note"">[ဝိဘ။ ၅၁၀, ဈာနဝိဘင်္ဂေပိ]</span> <span class=""bld"">ဘိက္ခူ</span>တိ ဘိက္ခကောတိ ဘိက္ခု, ဘိက္ခာစရိယံ အဇ္ဈုပဂတောတိ ဘိက္ခု, ဘိန္နပဋဓရောတိ ဘိက္ခု, သမညာယ ဘိက္ခု, ပဋိညာယ ဘိက္ခု, ဧဟိ ဘိက္ခူတိ ဘိက္ခု, တီဟိ သရဏဂမနေဟိ ဥပသမ္ပန္နောတိ ဘိက္ခု, ဘဒြော ဘိက္ခု, သာရော ဘိက္ခု, သေခေါ ဘိက္ခု, အသေခေါ ဘိက္ခု, သမဂ္ဂေန သံဃေန ဉတ္တိစတုတ္ထေန ကမ္မေန အကုပ္ပေန ဌာနာရဟေန ဥပသမ္ပန္နောတိ ဘိက္ခု။ တတြ ယွာယံ ဘိက္ခု သမဂ္ဂေန သံဃေန ဉတ္တိစတုတ္ထေန ကမ္မေန အကုပ္ပေန ဌာနာရဟေန ဥပသမ္ပန္နော, အယံ ဣမသ္မိံ အတ္ထေ အဓိပ္ပေတော ဘိက္ခူတိ။</p>
<p class=""bodytext""><span class=""note"">[ဒီ။ နိ။ ၃။၃၀၅]</span> <span class=""bld"">သိက္ခာ</span>တိ <a name=""V0.0026""></a> တိဿော သိက္ခာ – အဓိသီလသိက္ခာ, အဓိစိတ္တသိက္ခာ, အဓိပညာသိက္ခာ<a name=""T1.0043""></a>။ တတြ ယာယံ အဓိသီလသိက္ခာ, အယံ ဣမသ္မိံ အတ္ထေ အဓိပ္ပေတာ သိက္ခာတိ။</p>
<p class=""bodytext""><span class=""bld"">သာဇီဝံ</span> နာမ ယံ ဘဂဝတာ ပညတ္တံ သိက္ခာပဒံ, ဧတံ သာဇီဝံ နာမ။ တသ္မိံ သိက္ခတိ, တေန ဝုစ္စတိ သာဇီဝသမာပန္နောတိ။</p>
",-44-45-
29,mula_vi_01,29,"<p class=""bodytext""><span class=""bld"">သိက္ခံ</span> <a name=""M0.0029""></a> <span class=""bld"">အပစ္စက္ခာယ ဒုဗ္ဗလျံ အနာဝိကတွာ</span>တိ အတ္ထိ, ဘိက္ခဝေ, ဒုဗ္ဗလျာဝိကမ္မဉ္စေဝ ဟောတိ သိက္ခာ စ အပစ္စက္ခာတာ၊ အတ္ထိ, ဘိက္ခဝေ, ဒုဗ္ဗလျာဝိကမ္မဉ္စေဝ ဟောတိ သိက္ခာ စ ပစ္စက္ခာတာ။</p>
<p class=""bodytext"">‘‘ကထဉ္စ, ဘိက္ခဝေ, ဒုဗ္ဗလျာဝိကမ္မဉ္စေဝ ဟောတိ သိက္ခာ စ အပစ္စက္ခာတာ။ ဣဓ, ဘိက္ခဝေ, ဘိက္ခု ဥက္ကဏ္ဌိတော အနဘိရတော သာမညာ စဝိတုကာမော ဘိက္ခုဘာဝံ အဋ္ဋီယမာနော ဟရာယမာနော ဇိဂုစ္ဆမာနော ဂိဟိဘာဝံ ပတ္ထယမာနော ဥပါသကဘာဝံ ပတ္ထယမာနော အာရာမိကဘာဝံ ပတ္ထယမာနော သာမဏေရဘာဝံ ပတ္ထယမာနော တိတ္ထိယဘာဝံ ပတ္ထယမာနော တိတ္ထိယသာဝကဘာဝံ ပတ္ထယမာနော အဿမဏဘာဝံ ပတ္ထယမာနော အသကျပုတ္တိယဘာဝံ ပတ္ထယမာနော – ‘ယံနူနာဟံ ဗုဒ္ဓံ ပစ္စက္ခေယျ’န္တိ ဝဒတိ ဝိညာပေတိ။ ဧဝမ္ပိ, ဘိက္ခဝေ, ဒုဗ္ဗလျာဝိကမ္မဉ္စေဝ ဟောတိ သိက္ခာ စ အပစ္စက္ခာတာ။</p>
<p class=""bodytext"">‘‘အထ ဝါ ပန ဥက္ကဏ္ဌိတော အနဘိရတော သာမညာ စဝိတုကာမော ဘိက္ခုဘာဝံ အဋ္ဋီယမာနော ဟရာယမာနော ဇိဂုစ္ဆမာနော ဂိဟိဘာဝံ ပတ္ထယမာနော…ပေ… အသကျပုတ္တိယဘာဝံ ပတ္ထယမာနော – ‘ယံနူနာဟံ ဓမ္မံ ပစ္စက္ခေယျ’န္တိ ဝဒတိ ဝိညာပေတိ…ပေ… ယံနူနာဟံ သံဃံ… ယံနူနာဟံ သိက္ခံ… ယံနူနာဟံ <a name=""T1.0044""></a> ဝိနယံ… ယံနူနာဟံ ပါတိမောက္ခံ… ယံနူနာဟံ ဥဒ္ဒေသံ… ယံနူနာဟံ <a name=""P3.0025""></a> ဥပဇ္ဈာယံ… ယံနူနာဟံ အာစရိယံ… ယံနူနာဟံ သဒ္ဓိဝိဟာရိကံ… ယံနူနာဟံ အန္တေဝါသိကံ… ယံနူနာဟံ သမာနုပဇ္ဈာယကံ… ယံနူနာဟံ သမာနာစရိယကံ ယံနူနာဟံ သဗြဟ္မစာရိံ ပစ္စက္ခေယျ’န္တိ ဝဒတိ ဝိညာပေတိ။ ‘ယံနူနာဟံ ဂိဟီ အဿ’န္တိ ဝဒတိ ဝိညာပေတိ။ ‘ယံနူနာဟံ ဥပါသကော အဿ’န္တိ… ‘ယံနူနာဟံ အာရာမိကော အဿ’န္တိ… ‘ယံနူနာဟံ သာမဏေရော အဿ’န္တိ… ‘ယံနူနာဟံ တိတ္ထိယော အဿ’န္တိ… ‘ယံနူနာဟံ တိတ္ထိယသာဝကော အဿ’န္တိ… ‘ယံနူနာဟံ အဿမဏော အဿ’န္တိ… ‘ယံနူနာဟံ အသကျပုတ္တိယော အဿ’န္တိ ဝဒတိ ဝိညာပေတိ။ ဧဝမ္ပိ, ဘိက္ခဝေ, ဒုဗ္ဗလျာဝိကမ္မဉ္စေဝ ဟောတိ သိက္ခာ စ အပစ္စက္ခာတာ။</p>
<p class=""bodytext""><a name=""para46""></a><a name=""para46_vin1""></a><span class=""paranum"">၄၆</span>။ ‘‘အထ <a name=""V0.0027""></a> ဝါ ပန ဥက္ကဏ္ဌိတော အနဘိရတော သာမညာ စဝိတုကာမော ဘိက္ခုဘာဝံ အဋ္ဋီယမာနော ဟရာယမာနော ဇိဂုစ္ဆမာနော ဂိဟိဘာဝံ ပတ္ထယမာနော…ပေ… အသကျပုတ္တိယဘာဝံ ပတ္ထယမာနော – ‘ယဒိ ပနာဟံ ဗုဒ္ဓံ ပစ္စက္ခေယျ’န္တိ</p>
",-46-
30,mula_vi_01,30,"<p class=""noindentbodytext""> ဝဒတိ<a name=""M0.0030""></a> ဝိညာပေတိ…ပေ… ‘ယဒိ ပနာဟံ အသကျပုတ္တိယော အဿ’န္တိ <a name=""T1.0045""></a> ဝဒတိ ဝိညာပေတိ…ပေ… ‘အပါဟံ ဗုဒ္ဓံ ပစ္စက္ခေယျ’န္တိ ဝဒတိ ဝိညာပေတိ…ပေ… ‘အပါဟံ အသကျပုတ္တိယော အဿ’န္တိ ဝဒတိ ဝိညာပေတိ…ပေ… ‘ဟန္ဒာဟံ ဗုဒ္ဓံ ပစ္စက္ခေယျ’န္တိ ဝဒတိ ဝိညာပေတိ…ပေ… ‘ဟန္ဒာဟံ အသကျပုတ္တိယော အဿ’န္တိ ဝဒတိ ဝိညာပေတိ…ပေ… ‘ဟောတိ မေ ဗုဒ္ဓံ ပစ္စက္ခေယျ’န္တိ ဝဒတိ ဝိညာပေတိ…ပေ… ‘ဟောတိ မေ အသကျပုတ္တိယော အဿ’န္တိ ဝဒတိ ဝိညာပေတိ။ ဧဝမ္ပိ, ဘိက္ခဝေ, ဒုဗ္ဗလျာဝိကမ္မဉ္စေဝ ဟောတိ သိက္ခာ စ အပစ္စက္ခာတာ။</p>
<p class=""bodytext""><a name=""para47""></a><a name=""para47_vin1""></a><span class=""paranum"">၄၇</span>။ ‘‘အထ ဝါ ပန ဥက္ကဏ္ဌိတော အနဘိရတော သာမညာ စဝိတုကာမော ဘိက္ခုဘာဝံ အဋ္ဋီယမာနော ဟရာယမာနော ဇိဂုစ္ဆမာနော ဂိဟိဘာဝံ ပတ္ထယမာနော…ပေ… အသကျပုတ္တိယဘာဝံ ပတ္ထယမာနော ‘မာတရံ သရာမီ’တိ ဝဒတိ ဝိညာပေတိ… ‘ပိတရံ သရာမီ’တိ ဝဒတိ ဝိညာပေတိ… ‘ဘာတရံ သရာမီ’တိ ဝဒတိ ဝိညာပေတိ… ‘ဘဂိနိံ သရာမီ’တိ ဝဒတိ ဝိညာပေတိ… ‘ပုတ္တံ သရာမီ’တိ ဝဒတိ ဝိညာပေတိ… ‘ဓီတရံ သရာမီ’တိ ဝဒတိ ဝိညာပေတိ… ‘ပဇာပတိံ သရာမီ’တိ ဝဒတိ ဝိညာပေတိ… ‘ဉာတကေ သရာမီ’တိ ဝဒတိ ဝိညာပေတိ… ‘မိတ္တေ သရာမီ’တိ ဝဒတိ ဝိညာပေတိ… ‘ဂါမံ သရာမီ’တိ ဝဒတိ ဝိညာပေတိ… ‘နိဂမံ သရာမီ’တိ ဝဒတိ ဝိညာပေတိ… ‘ခေတ္တံ သရာမီ’တိ ဝဒတိ ဝိညာပေတိ… ‘ဝတ္ထုံ သရာမိ’တိ ဝဒတိ ဝိညာပေတိ… ‘ဟိရညံ သရာမီ’တိ ဝဒတိ ဝိညာပေတိ… ‘သုဝဏ္ဏံ သရာမီ’တိ ဝဒတိ ဝိညာပေတိ… ‘သိပ္ပံ သရာမီ’တိ ဝဒတိ ဝိညာပေတိ… ‘ပုဗ္ဗေ ဟသိတံ လပိတံ ကီဠိတံ သမနုဿရာမီ’တိ <a name=""T1.0046""></a> ဝဒတိ ဝိညာပေတိ။ ဧဝမ္ပိ, ဘိက္ခဝေ, ဒုဗ္ဗလျာဝိကမ္မဉ္စေဝ <a name=""P3.0026""></a> ဟောတိ သိက္ခာ စ အပစ္စက္ခာတာ။</p>
<p class=""bodytext""><a name=""para48""></a><a name=""para48_vin1""></a><span class=""paranum"">၄၈</span>။ ‘‘အထ ဝါ ပန ဥက္ကဏ္ဌိတော အနဘိရတော သာမညာ စဝိတုကာမော ဘိက္ခုဘာဝံ အဋ္ဋီယမာနော ဟရာယမာနော ဇိဂုစ္ဆမာနော ဂိဟိဘာဝံ ပတ္ထယမာနော…ပေ… အသကျပုတ္တိယဘာဝံ ပတ္ထယမာနော – ‘မာတာ မေ အတ္ထိ, သာ မယာ ပေါသေတဗ္ဗာ’တိ ဝဒတိ ဝိညာပေတိ… ‘ပိတာ မေ အတ္ထိ, သော မယာ ပေါသေတဗ္ဗော’တိ ဝဒတိ ဝိညာပေတိ… ‘ဘာတာ မေ အတ္ထိ, သော မယာ ပေါသေတဗ္ဗော’တိ ဝဒတိ ဝိညာပေတိ… ‘ဘဂိနီ မေ အတ္ထိ, သာ မယာ ပေါသေတဗ္ဗာ’တိ ဝဒတိ ဝိညာပေတိ… ‘ပုတ္တော မေ အတ္ထိ, သော မယာ ပေါသေတဗ္ဗော’တိ ဝဒတိ ဝိညာပေတိ… ‘ဓီတာ မေ အတ္ထိ, သာ မယာ ပေါသေတဗ္ဗာ’တိ ဝဒတိ ဝိညာပေတိ… ‘ပဇာပတိ မေ အတ္ထိ, သာ မယာ ပေါသေတဗ္ဗာ’တိ <a name=""V0.0028""></a> ဝဒတိ</p>
",-47-48-
31,mula_vi_01,31,"<p class=""noindentbodytext""> ဝိညာပေတိ<a name=""M0.0031""></a>… ‘ဉာတကာ မေ အတ္ထိ, တေ မယာ ပေါသေတဗ္ဗာ’တိ ဝဒတိ ဝိညာပေတိ… ‘မိတ္တာ မေ အတ္ထိ, တေ မယာ ပေါသေတဗ္ဗာ’တိ ဝဒတိ ဝိညာပေတိ။ ဧဝမ္ပိ, ဘိက္ခဝေ, ဒုဗ္ဗလျာဝိကမ္မဉ္စေဝ ဟောတိ သိက္ခာ စ အပစ္စက္ခာတာ။</p>
<p class=""bodytext""><a name=""para49""></a><a name=""para49_vin1""></a><span class=""paranum"">၄၉</span>။ ‘‘အထ ဝါ ပန ဥက္ကဏ္ဌိတော အနဘိရတော သာမညာ စဝိတုကာမော ဘိက္ခုဘာဝံ အဋ္ဋီယမာနော ဟရာယမာနော ဇိဂုစ္ဆမာနော ဂိဟိဘာဝံ ပတ္ထယမာနော…ပေ… အသကျပုတ္တိယဘာဝံ ပတ္ထယမာနော – ‘မာတာ မေ အတ္ထိ, သာ မံ ပေါသေဿတီ’တိ ဝဒတိ ဝိညာပေတိ… ‘ပိတာ မေ အတ္ထိ, သော မံ ပေါသေဿတီ’တိ ဝဒတိ ဝိညာပေတိ… ‘ဘာတာ မေ အတ္ထိ, သော မံ ပေါသေဿတီ’တိ ဝဒတိ ဝိညာပေတိ… ‘ဘဂိနီ မေ အတ္ထိ, သာ မံ ပေါသေဿတီ’တိ <a name=""T1.0047""></a> ဝဒတိ ဝိညာပေတိ… ‘ပုတ္တော မေ အတ္ထိ, သော မံ ပေါသေဿတီ’တိ ဝဒတိ ဝိညာပေတိ… ‘ဓီတာ မေ အတ္ထိ, သာ မံ ပေါသေဿတီ’တိ ဝဒတိ ဝိညာပေတိ… ‘ပဇာပတိ မေ အတ္ထိ, သာ မံ ပေါသေဿတီ’တိ ဝဒတိ ဝိညာပေတိ… ‘ဉာတကာ မေ အတ္ထိ, တေ မံ ပေါသေဿန္တီ’တိ ဝဒတိ ဝိညာပေတိ… ‘မိတ္တာ မေ အတ္ထိ, တေ မံ ပေါသေဿန္တီ’တိ ဝဒတိ ဝိညာပေတိ… ‘ဂါမော မေ အတ္ထိ, တေနာဟံ ဇီဝိဿာမီ’တိ ဝဒတိ ဝိညာပေတိ… ‘နိဂမော မေ အတ္ထိ, တေနာဟံ ဇီဝိဿာမီ’တိ ဝဒတိ ဝိညာပေတိ… ‘ခေတ္တံ မေ အတ္ထိ, တေနာဟံ ဇီဝိဿာမီ’တိ ဝဒတိ ဝိညာပေတိ… ‘ဝတ္ထု မေ အတ္ထိ, တေနာဟံ ဇီဝိဿာမီ’တိ ဝဒတိ ဝိညာပေတိ… ‘ဟိရညံ မေ အတ္ထိ, တေနာဟံ ဇီဝိဿာမီ’တိ ဝဒတိ ဝိညာပေတိ… ‘သုဝဏ္ဏံ မေ အတ္ထိ, တေနာဟံ ဇီဝိဿာမီ’တိ ဝဒတိ ဝိညာပေတိ… ‘သိပ္ပံ မေ အတ္ထိ, တေနာဟံ ဇီဝိဿာမီ’တိ ဝဒတိ ဝိညာပေတိ။ ဧဝမ္ပိ, ဘိက္ခဝေ, ဒုဗ္ဗလျာဝိကမ္မဉ္စေဝ ဟောတိ သိက္ခာ စ အပစ္စက္ခာတာ။</p>
<p class=""bodytext""><a name=""para50""></a><a name=""para50_vin1""></a><span class=""paranum"">၅၀</span>။ ‘‘အထ ဝါ ပန ဥက္ကဏ္ဌိတော အနဘိရတော သာမညာ စဝိတုကာမော ဘိက္ခုဘာဝံ အဋ္ဋီယမာနော ဟရာယမာနော ဇိဂုစ္ဆမာနော ဂိဟိဘာဝံ ပတ္ထယမာနော…ပေ… အသကျပုတ္တိယဘာဝံ ပတ္ထယမာနော ‘ဒုက္ကရ’န္တိ ဝဒတိ ဝိညာပေတိ… ‘န သုကရ’န္တိ ဝဒတိ ဝိညာပေတိ… ‘ဒုစ္စရ’န္တိ ဝဒတိ ဝိညာပေတိ… ‘န သုစရ’န္တိ ဝဒတိ ဝိညာပေတိ… ‘န ဥဿဟာမီ’တိ ဝဒတိ ဝိညာပေတိ… ‘န ဝိသဟာမီ’တိ ဝဒတိ ဝိညာပေတိ… ‘န ရမာမီ’တိ ဝဒတိ <a name=""T1.0048""></a> ဝိညာပေတိ… ‘နာဘိရမာမီ’တိ ဝဒတိ ဝိညာပေတိ။ ဧဝမ္ပိ ခေါ, ဘိက္ခဝေ, ဒုဗ္ဗလျာဝိကမ္မဉ္စေဝ ဟောတိ သိက္ခာ စ အပစ္စက္ခာတာ။</p>
",-49-50-
32,mula_vi_01,32,"<p class=""bodytext""><a name=""para51""></a><a name=""para51_vin1""></a><span class=""paranum"">၅၁</span>။ ‘‘ကထဉ္စ<a name=""M0.0032""></a>, ဘိက္ခဝေ, ဒုဗ္ဗလျာဝိကမ္မဉ္စေဝ ဟောတိ သိက္ခာ စ ပစ္စက္ခာတာ? ဣဓ<a name=""V0.0029""></a>, ဘိက္ခဝေ, ဘိက္ခု ဥက္ကဏ္ဌိတော အနဘိရတော သာမညာ စဝိတုကာမော ဘိက္ခုဘာဝံ အဋ္ဋီယမာနော ဟရာယမာနော ဇိဂုစ္ဆမာနော ဂိဟိဘာဝံ ပတ္ထယမာနော…ပေ… အသကျပုတ္တိယဘာဝံ ပတ္ထယမာနော – ‘ဗုဒ္ဓံ ပစ္စက္ခာမီ’တိ ဝဒတိ ဝိညာပေတိ။ ဧဝမ္ပိ, ဘိက္ခဝေ, ဒုဗ္ဗလျာဝိကမ္မဉ္စေဝ ဟောတိ သိက္ခာ စ ပစ္စက္ခာတာ။</p>
<p class=""bodytext"">‘‘အထ ဝါ ပန ဥက္ကဏ္ဌိတော အနဘိရတော သာမညာ စဝိတုကာမော ဘိက္ခုဘာဝံ အဋ္ဋီယမာနော ဟရာယမာနော ဇိဂုစ္ဆမာနော ဂိဟိဘာဝံ ပတ္ထယမာနော…ပေ… အသကျပုတ္တိယဘာဝံ ပတ္ထယမာနော – ‘ဓမ္မံ ပစ္စက္ခာမီ’တိ ဝဒတိ ဝိညာပေတိ… ‘သံဃံ <a name=""P3.0027""></a> ပစ္စက္ခာမီ’တိ ဝဒတိ ဝိညာပေတိ… ‘သိက္ခံ ပစ္စက္ခာမီ’တိ ဝဒတိ ဝိညာပေတိ… ‘ဝိနယံ ပစ္စက္ခာမီ’တိ ဝဒတိ ဝိညာပေတိ… ‘ပါတိမောက္ခံ ပစ္စက္ခာမီ’တိ ဝဒတိ ဝိညာပေတိ… ‘ဥဒ္ဒေသံ ပစ္စက္ခာမီ’တိ ဝဒတိ ဝိညာပေတိ… ‘ဥပဇ္ဈာယံ ပစ္စက္ခာမီ’တိ ဝဒတိ ဝိညာပေတိ… ‘အာစရိယံ ပစ္စက္ခာမီ’တိ ဝဒတိ ဝိညာပေတိ… ‘သဒ္ဓိဝိဟာရိကံ ပစ္စက္ခာမီ’တိ ဝဒတိ ဝိညာပေတိ… ‘အန္တေဝါသိကံ ပစ္စက္ခာမီ’တိ ဝဒတိ ဝိညာပေတိ… ‘သမာနုပဇ္ဈာယကံ ပစ္စက္ခာမီ’တိ ဝဒတိ ဝိညာပေတိ… ‘သမာနာစရိယကံ ပစ္စက္ခာမီ’တိ ဝဒတိ ဝိညာပေတိ… ‘သဗြဟ္မစာရိံ ပစ္စက္ခာမီ’တိ ဝဒတိ ဝိညာပေတိ… ‘ဂိဟီတိ မံ ဓာရေဟီ’တိ ဝဒတိ ဝိညာပေတိ… ‘ဥပါသကောတိ မံ ဓာရေဟီ’တိ <a name=""T1.0049""></a> ဝဒတိ ဝိညာပေတိ… ‘အာရာမိကောတိ မံ ဓာရေဟီ’တိ ဝဒတိ ဝိညာပေတိ… ‘သာမဏေရောတိ မံ ဓာရေဟီ’တိ ဝဒတိ ဝိညာပေတိ… ‘တိတ္ထိယောတိ မံ ဓာရေဟီ’တိ ဝဒတိ ဝိညာပေတိ… ‘တိတ္ထိယသာဝကောတိ မံ ဓာရေဟီ’တိ ဝဒတိ ဝိညာပေတိ… ‘အဿမဏောတိ မံ ဓာရေဟီ’တိ ဝဒတိ ဝိညာပေတိ… ‘အသကျပုတ္တိယောတိ မံ ဓာရေဟီ’တိ ဝဒတိ ဝိညာပေတိ။ ဧဝမ္ပိ, ဘိက္ခဝေ, ဒုဗ္ဗလျာဝိကမ္မဉ္စေဝ ဟောတိ သိက္ခာ စ ပစ္စက္ခာတာ။</p>
<p class=""bodytext""><a name=""para52""></a><a name=""para52_vin1""></a><span class=""paranum"">၅၂</span>။ ‘‘အထ ဝါ ပန ဥက္ကဏ္ဌိတော အနဘိရတော သာမညာ စဝိတုကာမော ဘိက္ခုဘာဝံ အဋ္ဋီယမာနော ဟရာယမာနော ဇိဂုစ္ဆမာနော ဂိဟိဘာဝံ ပတ္ထယမာနော…ပေ… အသကျပုတ္တိယဘာဝံ ပတ္ထယမာနော – ‘အလံ မေ ဗုဒ္ဓေနာ’တိ ဝဒတိ ဝိညာပေတိ…ပေ… ‘အလံ မေ သဗြဟ္မစာရီဟီ’တိ ဝဒတိ ဝိညာပေတိ။ ဧဝမ္ပိ…ပေ… အထ ဝါ ပန…ပေ… ‘ကိံ နု မေ ဗုဒ္ဓေနာ’တိ ဝဒတိ ဝိညာပေတိ…ပေ… ‘ကိံ နု မေ သဗြဟ္မစာရီဟီ’တိ ဝဒတိ ဝိညာပေတိ… ‘န မမတ္ထော ဗုဒ္ဓေနာ’တိ ဝဒတိ ဝိညာပေတိ…ပေ… ‘န မမတ္ထော သဗြဟ္မစာရီဟီ’တိ ဝဒတိ ဝိညာပေတိ… ‘သုမုတ္တာဟံ</p>
",-51-52-
33,mula_vi_01,33,"<p class=""noindentbodytext""> ဗုဒ္ဓေနာ’တိ<a name=""M0.0033""></a> ဝဒတိ ဝိညာပေတိ…ပေ… ‘သုမုတ္တာဟံ သဗြဟ္မစာရီဟီ’တိ ဝဒတိ ဝိညာပေတိ။ ဧဝမ္ပိ, ဘိက္ခဝေ, ဒုဗ္ဗလျာဝိကမ္မဉ္စေဝ ဟောတိ သိက္ခာ စ ပစ္စက္ခာတာ။</p>
<p class=""bodytext""><a name=""para53""></a><a name=""para53_vin1""></a><span class=""paranum"">၅၃</span>။ ‘‘ယာနိ <a name=""V0.0030""></a> ဝါ ပနညာနိပိ အတ္ထိ ဗုဒ္ဓဝေဝစနာနိ ဝါ ဓမ္မဝေဝစနာနိ ဝါ သံဃဝေဝစနာနိ ဝါ သိက္ခာဝေဝစနာနိ ဝါ ဝိနယဝေဝစနာနိ ဝါ ပါတိမောက္ခဝေဝစနာနိ ဝါ ဥဒ္ဒေသဝေဝစနာနိ ဝါ ဥပဇ္ဈာယဝေဝစနာနိ ဝါ <a name=""T1.0050""></a> အာစရိယဝေဝစနာနိ ဝါ သဒ္ဓိဝိဟာရိကဝေဝစနာနိ ဝါ အန္တေဝါသိကဝေဝစနာနိ ဝါ သမာနုပဇ္ဈာယကဝေဝစနာနိ ဝါ သမာနာစရိယကဝေဝစနာနိ ဝါ သဗြဟ္မစာရိဝေဝစနာနိ ဝါ ဂိဟိဝေဝစနာနိ ဝါ ဥပါသကဝေဝစနာနိ ဝါ အာရာမိကဝေဝစနာနိ ဝါ သာမဏေရဝေဝစနာနိ ဝါ တိတ္ထိယဝေဝစနာနိ ဝါ တိတ္ထိယသာဝကဝေဝစနာနိ ဝါ အဿမဏဝေဝစနာနိ ဝါ အသကျပုတ္တိယဝေဝစနာနိ ဝါ, တေဟိ အာကာရေဟိ တေဟိ လိင်္ဂေဟိ တေဟိ နိမိတ္တေဟိ ဝဒတိ ဝိညာပေတိ။ ဧဝံ ခေါ, ဘိက္ခဝေ, ဒုဗ္ဗလျာဝိကမ္မဉ္စေဝ ဟောတိ သိက္ခာ စ ပစ္စက္ခာတာ။</p>
<p class=""bodytext""><a name=""para54""></a><a name=""para54_vin1""></a><span class=""paranum"">၅၄</span>။ ‘‘ကထဉ္စ, ဘိက္ခဝေ, အပစ္စက္ခာတာ ဟောတိ သိက္ခာ? ဣဓ, ဘိက္ခဝေ, ယေဟိ အာကာရေဟိ ယေဟိ လိင်္ဂေဟိ ယေဟိ နိမိတ္တေဟိ သိက္ခာ ပစ္စက္ခာတာ ဟောတိ တေဟိ အာကာရေဟိ တေဟိ လိင်္ဂေဟိ တေဟိ နိမိတ္တေဟိ ဥမ္မတ္တကော သိက္ခံ ပစ္စက္ခာတိ, အပစ္စက္ခာတာ ဟောတိ သိက္ခာ။ ဥမ္မတ္တကဿ သန္တိကေ သိက္ခံ ပစ္စက္ခာတိ, အပစ္စက္ခာတာ ဟောတိ သိက္ခာ။ ခိတ္တစိတ္တော သိက္ခံ ပစ္စက္ခာတိ, အပစ္စက္ခာတာ ဟောတိ သိက္ခာ။ ခိတ္တစိတ္တဿ သန္တိကေ သိက္ခံ ပစ္စက္ခာတိ, အပစ္စက္ခာတာ ဟောတိ သိက္ခာ။ ဝေဒနာဋ္ဋော သိက္ခံ ပစ္စက္ခာတိ, အပစ္စက္ခာတာ ဟောတိ သိက္ခာ။ ဝေဒနာဋ္ဋဿ သန္တိကေ သိက္ခံ ပစ္စက္ခာတိ, အပစ္စက္ခာတာ ဟောတိ သိက္ခာ။ ဒေဝတာယ သန္တိကေ သိက္ခံ ပစ္စက္ခာတိ, အပစ္စက္ခာတာ ဟောတိ သိက္ခာ။ တိရစ္ဆာနဂတဿ သန္တိကေ သိက္ခံ ပစ္စက္ခာတိ, အပစ္စက္ခာတာ <a name=""T1.0051""></a> ဟောတိ သိက္ခာ။ အရိယကေန မိလက္ခဿ <span class=""note"">[မိလက္ခကဿ (သီ။ သျာ။) မိလက္ခုဿ (က။)]</span> သန္တိကေ သိက္ခံ ပစ္စက္ခာတိ, သော စ န ပဋိဝိဇာနာတိ, အပစ္စက္ခာတာ ဟောတိ သိက္ခာ။ မိလက္ခကေန အရိယကဿ သန္တိကေ သိက္ခံ ပစ္စက္ခာတိ, သော စ န ပဋိဝိဇာနာတိ, အပစ္စက္ခာတာ ဟောတိ သိက္ခာ။ အရိယကေန အရိယဿ သန္တိကေ သိက္ခံ ပစ္စက္ခာတိ, သော စ န</p>
",-53-54-
34,mula_vi_01,34,"<p class=""noindentbodytext""> ပဋိဝိဇာနာတိ<a name=""M0.0034""></a>, အပစ္စက္ခာတာ ဟောတိ သိက္ခာ။ မိလက္ခကေန မိလက္ခဿ <a name=""P3.0028""></a> သန္တိကေ သိက္ခံ ပစ္စက္ခာတိ, သော စ န ပဋိဝိဇာနာတိ, အပစ္စက္ခာတာ ဟောတိ သိက္ခာ။ ဒဝါယ သိက္ခံ ပစ္စက္ခာတိ, အပစ္စက္ခာတာ ဟောတိ သိက္ခာ။ ရဝါယ သိက္ခံ ပစ္စက္ခာတိ, အပစ္စက္ခာတာ ဟောတိ သိက္ခာ။ အသာဝေတုကာမော သာဝေတိ, အပစ္စက္ခာတာ ဟောတိ သိက္ခာ။ သာဝေတုကာမော န သာဝေတိ, အပစ္စက္ခာတာ ဟောတိ သိက္ခာ။ အဝိညုဿ သာဝေတိ, အပစ္စက္ခာတာ ဟောတိ သိက္ခာ။ ဝိညုဿ န သာဝေတိ, အပစ္စက္ခာတာ ဟောတိ သိက္ခာ။ သဗ္ဗသော <a name=""V0.0031""></a> ဝါ ပန န သာဝေတိ, အပစ္စက္ခာတာ ဟောတိ သိက္ခာ။ ဧဝံ ခေါ, ဘိက္ခဝေ, အပစ္စက္ခာတာ ဟောတိ သိက္ခာ’’။</p>
<p class=""bodytext""><a name=""para55""></a><a name=""para55_vin1""></a><span class=""paranum"">၅၅</span>။ <span class=""note"">[မဟာနိ။ ၄၉, ၅၀, ၅၁]</span> <span class=""bld"">မေထုနဓမ္မော</span> နာမ ယော သော အသဒ္ဓမ္မော ဂါမဓမ္မော ဝသလဓမ္မော ဒုဋ္ဌုလ္လံ ဩဒကန္တိကံ ရဟဿံ ဒွယံဒွယသမာပတ္တိ, ဧသော မေထုနဓမ္မော နာမ။</p>
<p class=""bodytext""><span class=""bld"">ပဋိသေဝတိ</span> နာမ ယော နိမိတ္တေန နိမိတ္တံ အင်္ဂဇာတေန အင်္ဂဇာတံ အန္တမသော တိလဖလမတ္တမ္ပိ ပဝေသေတိ, ဧသော ပဋိသေဝတိ နာမ။</p>
<p class=""bodytext""><span class=""bld"">အန္တမသော</span> <a name=""T1.0052""></a> <span class=""bld"">တိရစ္ဆာနဂတာယပီ</span>တိ တိရစ္ဆာနဂတိတ္ထိယာပိ မေထုနံ ဓမ္မံ ပဋိသေဝိတွာ အဿမဏော ဟောတိ အသကျပုတ္တိယော, ပဂေဝ မနုဿိတ္ထိယာ။ တေန ဝုစ္စတိ – ‘အန္တမသော တိရစ္ဆာနဂတာယပီ’တိ။</p>
<p class=""bodytext""><span class=""bld"">ပါရာဇိကော ဟောတီ</span>တိ သေယျထာပိ နာမ ပုရိသော သီသစ္ဆိန္နော အဘဗ္ဗော တေန သရီရဗန္ဓနေန ဇီဝိတုံ, ဧဝမေဝ ဘိက္ခု မေထုနံ ဓမ္မံ ပဋိသေဝိတွာ အဿမဏော ဟောတိ အသကျပုတ္တိယော။ တေန ဝုစ္စတိ – ‘ပါရာဇိကော ဟောတီ’တိ။</p>
<p class=""bodytext""><span class=""bld"">အသံဝါသော</span>တိ သံဝါသော နာမ ဧကကမ္မံ ဧကုဒ္ဒေသော သမသိက္ခတာ – ဧသော သံဝါသော နာမ။ သော တေန သဒ္ဓိံ နတ္ထိ။ တေန ဝုစ္စတိ – ‘အသံဝါသော’တိ။</p>
<p class=""bodytext""><a name=""para56""></a><a name=""para56_vin1""></a><span class=""paranum"">၅၆</span>။ တိဿော ဣတ္ထိယော – မနုဿိတ္ထီ, အမနုဿိတ္ထီ, တိရစ္ဆာနဂတိတ္ထီ။ တယော ဥဘတောဗျဉ္ဇနကာ – မနုဿုဘတောဗျဉ္ဇနကော, အမနုဿုဘတောဗျဉ္ဇနကော, တိရစ္ဆာနဂတုဘတောဗျဉ္ဇနကော။ တယော ပဏ္ဍကာ – မနုဿပဏ္ဍကော,</p>
",-55-56-
35,mula_vi_01,35,"<p class=""noindentbodytext""> အမနုဿပဏ္ဍကော<a name=""M0.0035""></a>, တိရစ္ဆာနဂတပဏ္ဍကော။ တယော ပုရိသာ – မနုဿပုရိသော, အမနုဿပုရိသော, တိရစ္ဆာနဂတပုရိသော။</p>
<p class=""bodytext"">မနုဿိတ္ထိယာ တယော မဂ္ဂေ မေထုနံ ဓမ္မံ ပဋိသေဝန္တဿ အာပတ္တိ ပါရာဇိကဿ – ဝစ္စမဂ္ဂေ, ပဿာဝမဂ္ဂေ, မုခေ။ အမနုဿိတ္ထိယာ…ပေ… တိရစ္ဆာနဂတိတ္ထိယာ တယော မဂ္ဂေ မေထုနံ ဓမ္မံ ပဋိသေဝန္တဿ အာပတ္တိ ပါရာဇိကဿ – ဝစ္စမဂ္ဂေ, ပဿာဝမဂ္ဂေ, မုခေ။ မနုဿုဘတောဗျဉ္ဇနကဿ… အမနုဿုဘတောဗျဉ္ဇနကဿ… တိရစ္ဆာနဂတုဘတောဗျဉ္ဇနကဿ တယော <a name=""T1.0053""></a> မဂ္ဂေ မေထုနံ ဓမ္မံ ပဋိသေဝန္တဿ အာပတ္တိ ပါရာဇိကဿ – ဝစ္စမဂ္ဂေ, ပဿာဝမဂ္ဂေ, မုခေ။ မနုဿပဏ္ဍကဿ ဒွေ မဂ္ဂေ <a name=""V0.0032""></a> မေထုနံ ဓမ္မံ ပဋိသေဝန္တဿ အာပတ္တိ ပါရာဇိကဿ – ဝစ္စမဂ္ဂေ, မုခေ။ အမနုဿပဏ္ဍကဿ… တိရစ္ဆာနဂတပဏ္ဍကဿ… မနုဿပုရိသဿ… အမနုဿပုရိသဿ… တိရစ္ဆာနဂတပုရိသဿ ဒွေ မဂ္ဂေ မေထုနံ ဓမ္မံ ပဋိသေဝန္တဿ အာပတ္တိ ပါရာဇိကဿ – ဝစ္စမဂ္ဂေ, မုခေ။</p>
<p class=""bodytext""><a name=""para57""></a><a name=""para57_vin1""></a><span class=""paranum"">၅၇</span>။ ဘိက္ခုဿ <a name=""P3.0029""></a> သေဝနစိတ္တံ ဥပဋ္ဌိတေ မနုဿိတ္ထိယာ ဝစ္စမဂ္ဂံ အင်္ဂဇာတံ ပဝေသေန္တဿ အာပတ္တိ ပါရာဇိကဿ။ ဘိက္ခုဿ သေဝနစိတ္တံ ဥပဋ္ဌိတေ မနုဿိတ္ထိယာ ပဿာဝမဂ္ဂံ… မုခံ အင်္ဂဇာတံ ပဝေသေန္တဿ အာပတ္တိ ပါရာဇိကဿ။ ဘိက္ခုဿ သေဝနစိတ္တံ ဥပဋ္ဌိတေ အမနုဿိတ္ထိယာ… တိရစ္ဆာနဂတိတ္ထိယာ… မနုဿုဘတောဗျဉ္ဇနကဿ… အမနုဿုဘတောဗျဉ္ဇနကဿ… တိရစ္ဆာနဂတုဘတောဗျဉ္ဇနကဿ… ဝစ္စမဂ္ဂံ ပဿာဝမဂ္ဂံ မုခံ အင်္ဂဇာတံ ပဝေသေန္တဿ အာပတ္တိ ပါရာဇိကဿ။ ဘိက္ခုဿ သေဝနစိတ္တံ ဥပဋ္ဌိတေ မနုဿပဏ္ဍကဿ ဝစ္စမဂ္ဂံ မုခံ အင်္ဂဇာတံ ပဝေသေန္တဿ အာပတ္တိ ပါရာဇိကဿ။ ဘိက္ခုဿ သေဝနစိတ္တံ ဥပဋ္ဌိတေ အမနုဿပဏ္ဍကဿ… တိရစ္ဆာနဂတပဏ္ဍကဿ… မနုဿပုရိသဿ… အမနုဿပုရိသဿ… တိရစ္ဆာနဂတပုရိသဿ ဝစ္စမဂ္ဂံ မုခံ အင်္ဂဇာတံ ပဝေသေန္တဿ အာပတ္တိ ပါရာဇိကဿ။</p>
<p class=""bodytext""><a name=""para58""></a><a name=""para58_vin1""></a><span class=""paranum"">၅၈</span>။ ဘိက္ခုပစ္စတ္ထိကာ မနုဿိတ္ထိံ ဘိက္ခုဿ သန္တိကေ အာနေတွာ ဝစ္စမဂ္ဂေန <a name=""T1.0054""></a> အင်္ဂဇာတံ အဘိနိသီဒေန္တိ။ သော စေ ပဝေသနံ သာဒိယတိ <span class=""note"">[ပဝိသနံ သာဒယတိ (က။)]</span>, ပဝိဋ္ဌံ သာဒိယတိ, ဌိတံ သာဒိယတိ, ဥဒ္ဓရဏံ သာဒိယတိ, အာပတ္တိ ပါရာဇိကဿ။ ဘိက္ခုပစ္စတ္ထိကာ မနုဿိတ္ထိံ ဘိက္ခုဿ သန္တိကေ အာနေတွာ ဝစ္စမဂ္ဂေန အင်္ဂဇာတံ အဘိနိသီဒေန္တိ။ သော စေ ပဝေသနံ န သာဒိယတိ, ပဝိဋ္ဌံ သာဒိယတိ, ဌိတံ သာဒိယတိ, ဥဒ္ဓရဏံ သာဒိယတိ, အာပတ္တိ ပါရာဇိကဿ။ ဘိက္ခုပစ္စတ္ထိကာ မနုဿိတ္ထိံ ဘိက္ခုဿ</p>
",-57-58-
36,mula_vi_01,36,"<p class=""noindentbodytext""> သန္တိကေ<a name=""M0.0036""></a> အာနေတွာ ဝစ္စမဂ္ဂေန အင်္ဂဇာတံ အဘိနိသီဒေန္တိ။ သော စေ ပဝေသနံ န သာဒိယတိ, ပဝိဋ္ဌံ န သာဒိယတိ, ဌိတံ သာဒိယတိ, ဥဒ္ဓရဏံ သာဒိယတိ, အာပတ္တိ ပါရာဇိကဿ။ ဘိက္ခုပစ္စတ္ထိကာ မနုဿိတ္ထိံ ဘိက္ခုဿ သန္တိကေ အာနေတွာ ဝစ္စမဂ္ဂေန အင်္ဂဇာတံ အဘိနိသီဒေန္တိ။ သော စေ ပဝေသနံ န သာဒိယတိ, ပဝိဋ္ဌံ န သာဒိယတိ, ဌိတံ န သာဒိယတိ, ဥဒ္ဓရဏံ သာဒိယတိ အာပတ္တိ ပါရာဇိကဿ။ ဘိက္ခုပစ္စတ္ထိကာ မနုဿိတ္ထိံ ဘိက္ခုဿ သန္တိကေ အာနေတွာ ဝစ္စမဂ္ဂေန အင်္ဂဇာတံ အဘိနိသီဒေန္တိ။ သော စေ ပဝေသနံ န သာဒိယတိ, ပဝိဋ္ဌံ န သာဒိယတိ, ဌိတံ န သာဒိယတိ, ဥဒ္ဓရဏံ န သာဒိယတိ, အနာပတ္တိ။</p>
<p class=""bodytext"">ဘိက္ခုပစ္စတ္ထိကာ မနုဿိတ္ထိံ ဘိက္ခုဿ သန္တိကေ အာနေတွာ ပဿာဝမဂ္ဂေန… မုခေန အင်္ဂဇာတံ အဘိနိသီဒေန္တိ။ သော စေ ပဝေသနံ သာဒိယတိ, ပဝိဋ္ဌံ သာဒိယတိ, ဌိတံ သာဒိယတိ, ဥဒ္ဓရဏံ သာဒိယတိ, အာပတ္တိ ပါရာဇိကဿ…ပေ… န သာဒိယတိ, အနာပတ္တိ။</p>
<p class=""bodytext""><a name=""para59""></a><a name=""para59_vin1""></a><span class=""paranum"">၅၉</span>။ ဘိက္ခုပစ္စတ္ထိကာ <a name=""V0.0033""></a> မနုဿိတ္ထိံ ဇာဂရန္တိံ… သုတ္တံ… မတ္တံ… ဥမ္မတ္တံ… ပမတ္တံ… မတံ အက္ခာယိတံ… မတံ ယေဘုယျေန အက္ခာယိတံ…ပေ… အာပတ္တိ ပါရာဇိကဿ။ မတံ ယေဘုယျေန ခါယိတံ ဘိက္ခုဿ သန္တိကေ <a name=""T1.0055""></a> အာနေတွာ ဝစ္စမဂ္ဂေန… ပဿာဝမဂ္ဂေန… မုခေန အင်္ဂဇာတံ အဘိနိသီဒေန္တိ။ သော စေ ပဝေသနံ <a name=""P3.0030""></a> သာဒိယတိ, ပဝိဋ္ဌံ သာဒိယတိ, ဌိတံ သာဒိယတိ, ဥဒ္ဓရဏံ သာဒိယတိ, အာပတ္တိ ထုလ္လစ္စယဿ…ပေ… န သာဒိယတိ, အနာပတ္တိ။</p>
<p class=""bodytext"">ဘိက္ခုပစ္စတ္ထိကာ အမနုဿိတ္ထိံ… တိရစ္ဆာနဂတိတ္ထိံ… မနုဿုဘတောဗျဉ္ဇနကံ… အမနုဿုဘတောဗျဉ္ဇနကံ… တိရစ္ဆာနဂတုဘတောဗျဉ္ဇနကံ ဘိက္ခုဿ သန္တိကေ အာနေတွာ ဝစ္စမဂ္ဂေန… ပဿာဝမဂ္ဂေန… မုခေန အင်္ဂဇာတံ အဘိနိသီဒေန္တိ။ သော စေ ပဝေသနံ သာဒိယတိ, ပဝိဋ္ဌံ သာဒိယတိ, ဌိတံ သာဒိယတိ, ဥဒ္ဓရဏံ သာဒိယတိ, အာပတ္တိ ပါရာဇိကဿ…ပေ… န သာဒိယတိ, အနာပတ္တိ။</p>
<p class=""bodytext"">ဘိက္ခုပစ္စတ္ထိကာ တိရစ္ဆာနဂတုဘတောဗျဉ္ဇနကံ ဇာဂရန္တံ… သုတ္တံ… မတ္တံ… ဥမ္မတ္တံ… ပမတ္တံ… မတံ အက္ခာယိတံ… မတံ ယေဘုယျေန အက္ခာယိတံ…ပေ… အာပတ္တိ ပါရာဇိကဿ။ မတံ ယေဘုယျေန ခါယိတံ ဘိက္ခုဿ သန္တိကေ အာနေတွာ ဝစ္စမဂ္ဂေန… ပဿာဝမဂ္ဂေန… မုခေန အင်္ဂဇာတံ အဘိနိသီဒေန္တိ။ သော စေ ပဝေသနံ</p>
",-59-
37,mula_vi_01,37,"<p class=""noindentbodytext""> သာဒိယတိ<a name=""M0.0037""></a>, ပဝိဋ္ဌံ သာဒိယတိ, ဌိတံ သာဒိယတိ, ဥဒ္ဓရဏံ သာဒိယတိ, အာပတ္တိ ထုလ္လစ္စယဿ…ပေ… န သာဒိယတိ, အနာပတ္တိ။</p>
<p class=""bodytext"">ဘိက္ခုပစ္စတ္ထိကာ မနုဿပဏ္ဍကံ… အမနုဿပဏ္ဍကံ… တိရစ္ဆာနဂတပဏ္ဍကံ ဘိက္ခုဿ သန္တိကေ အာနေတွာ ဝစ္စမဂ္ဂေန… မုခေန အင်္ဂဇာတံ အဘိနိသီဒေန္တိ။ သော စေ ပဝေသနံ သာဒိယတိ, ပဝိဋ္ဌံ သာဒိယတိ, ဌိတံ သာဒိယတိ, ဥဒ္ဓရဏံ သာဒိယတိ, အာပတ္တိ ပါရာဇိကဿ…ပေ… န သာဒိယတိ, အနာပတ္တိ။</p>
<p class=""bodytext"">ဘိက္ခုပစ္စတ္ထိကာ တိရစ္ဆာနဂတပဏ္ဍကံ ဇာဂရန္တံ… သုတ္တံ… မတ္တံ… ဥမ္မတ္တံ… ပမတ္တံ… မတံ အက္ခာယိတံ <a name=""T1.0056""></a>… မတံ ယေဘုယျေန အက္ခာယိတံ…ပေ… အာပတ္တိ ပါရာဇိကဿ။ မတံ ယေဘုယျေန <a name=""V0.0034""></a> ခါယိတံ ဘိက္ခုဿ သန္တိကေ အာနေတွာ ဝစ္စမဂ္ဂေန… မုခေန အင်္ဂဇာတံ အဘိနိသီဒေန္တိ။ သော စေ ပဝေသနံ သာဒိယတိ, ပဝိဋ္ဌံ သာဒိယတိ, ဌိတံ သာဒိယတိ, ဥဒ္ဓရဏံ သာဒိယတိ, အာပတ္တိ ထုလ္လစ္စယဿ…ပေ… န သာဒိယတိ, အနာပတ္တိ။</p>
<p class=""bodytext""><a name=""para60""></a><a name=""para60_vin1""></a><span class=""paranum"">၆၀</span>။ ဘိက္ခုပစ္စတ္ထိကာ မနုဿပုရိသံ… အမနုဿပုရိသံ… တိရစ္ဆာနဂတပုရိသံ ဘိက္ခုဿ သန္တိကေ အာနေတွာ ဝစ္စမဂ္ဂေန… မုခေန အင်္ဂဇာတံ အဘိနိသီဒေန္တိ။ သော စေ ပဝေသနံ သာဒိယတိ, ပဝိဋ္ဌံ သာဒိယတိ, ဌိတံ သာဒိယတိ, ဥဒ္ဓရဏံ သာဒိယတိ, အာပတ္တိ ပါရာဇိကဿ…ပေ… န သာဒိယတိ, အနာပတ္တိ။</p>
<p class=""bodytext"">ဘိက္ခုပစ္စတ္ထိကာ တိရစ္ဆာနဂတပုရိသံ ဇာဂရန္တံ… သုတ္တံ… မတ္တံ… ဥမ္မတ္တံ… ပမတ္တံ… မတံ အက္ခာယိတံ… မတံ ယေဘုယျေန အက္ခာယိတံ…ပေ… အာပတ္တိ ပါရာဇိကဿ။ မတံ ယေဘုယျေန ခါယိတံ ဘိက္ခုဿ သန္တိကေ အာနေတွာ ဝစ္စမဂ္ဂေန… မုခေန အင်္ဂဇာတံ အဘိနိသီဒေန္တိ။ သော စေ ပဝေသနံ သာဒိယတိ, ပဝိဋ္ဌံ သာဒိယတိ, ဌိတံ သာဒိယတိ, ဥဒ္ဓရဏံ သာဒိယတိ, အာပတ္တိ ထုလ္လစ္စယဿ…ပေ… န သာဒိယတိ, အနာပတ္တိ။</p>
<p class=""bodytext""><a name=""para61""></a><a name=""para61_vin1""></a><span class=""paranum"">၆၁</span>။ ဘိက္ခုပစ္စတ္ထိကာ မနုဿိတ္ထိံ ဘိက္ခုဿ <a name=""P3.0031""></a> သန္တိကေ အာနေတွာ ဝစ္စမဂ္ဂေန… ပဿာဝမဂ္ဂေန… မုခေန အင်္ဂဇာတံ အဘိနိသီဒေန္တိ သန္ထတာယ အသန္ထတဿ, အသန္ထတာယ သန္ထတဿ, သန္ထတာယ သန္ထတဿ, အသန္ထတာယ အသန္ထတဿ။ သော စေ ပဝေသနံ သာဒိယတိ, ပဝိဋ္ဌံ သာဒိယတိ, ဌိတံ သာဒိယတိ, ဥဒ္ဓရဏံ သာဒိယတိ, အာပတ္တိ ပါရာဇိကဿ…ပေ… န သာဒိယတိ, အနာပတ္တိ<a name=""T1.0057""></a>။</p>
",-60-61-
38,mula_vi_01,38,"<p class=""bodytext"">ဘိက္ခုပစ္စတ္ထိကာ <a name=""M0.0038""></a> မနုဿိတ္ထိံ ဇာဂရန္တိံ… သုတ္တံ… မတ္တံ… ဥမ္မတ္တံ… ပမတ္တံ… မတံ အက္ခာယိတံ… မတံ ယေဘုယျေန အက္ခာယိတံ…ပေ… အာပတ္တိ ပါရာဇိကဿ။ မတံ ယေဘုယျေန ခါယိတံ ဘိက္ခုဿ သန္တိကေ အာနေတွာ ဝစ္စမဂ္ဂေန… ပဿာဝမဂ္ဂေန… မုခေန အင်္ဂဇာတံ အဘိနိသီဒေန္တိ, သန္ထတာယ အသန္ထတဿ, အသန္ထတာယ သန္ထတဿ, သန္ထတာယ သန္ထတဿ, အသန္ထတာယ အသန္ထတဿ။ သော စေ ပဝေသနံ သာဒိယတိ, ပဝိဋ္ဌံ သာဒိယတိ, ဌိတံ သာဒိယတိ, ဥဒ္ဓရဏံ သာဒိယတိ, အာပတ္တိ ထုလ္လစ္စယဿ…ပေ… န သာဒိယတိ, အနာပတ္တိ။</p>
<p class=""bodytext"">ဘိက္ခုပစ္စတ္ထိကာ အမနုဿိတ္ထိံ… တိရစ္ဆာနဂတိတ္ထိံ… မနုဿုဘတောဗျဉ္ဇနကံ… အမနဿုဘတောဗျဉ္ဇနကံ <a name=""V0.0035""></a> … တိရစ္ဆာနဂတုဘတောဗျဉ္ဇနကံ ဘိက္ခုဿ သန္တိကေ အာနေတွာ ဝစ္စမဂ္ဂေန… ပဿာဝမဂ္ဂေန… မုခေန အင်္ဂဇာတံ အဘိနိသီဒေန္တိ သန္ထတဿ အသန္ထတဿ, အသန္ထတဿ သန္ထတဿ, သန္ထတဿ သန္ထတဿ, အသန္ထတဿ အသန္ထတဿ။ သော စေ ပဝေသနံ သာဒိယတိ, ပဝိဋ္ဌံ သာဒိယတိ, ဌိတံ သာဒိယတိ, ဥဒ္ဓရဏံ သာဒိယတိ, အာပတ္တိ ပါရာဇိကဿ…ပေ… န သာဒိယတိ, အနာပတ္တိ။</p>
<p class=""bodytext"">ဘိက္ခုပစ္စတ္ထိကာ တိရစ္ဆာနဂတုဘတောဗျဉ္ဇနကံ ဇာဂရန္တံ… သုတ္တံ… မတ္တံ… ဥမ္မတ္တံ… ပမတ္တံ… မတံ အက္ခာယိတံ… မတံ ယေဘုယျေန အက္ခာယိတံ…ပေ… အာပတ္တိ ပါရာဇိကဿ။ မတံ ယေဘုယျေန ခါယိတံ ဘိက္ခုဿ သန္တိကေ အာနေတွာ ဝစ္စမဂ္ဂေန… ပဿာဝမဂ္ဂေန… မုခေန အင်္ဂဇာတံ အဘိနိသီဒေန္တိ, သန္ထတဿ အသန္ထတဿ, အသန္ထတဿ သန္ထတဿ, သန္ထတဿ သန္ထတဿ, အသန္ထတဿ အသန္ထတဿ။ သော စေ ပဝေသနံ သာဒိယတိ, ပဝိဋ္ဌံ သာဒိယတိ, ဌိတံ သာဒိယတိ<a name=""T1.0058""></a>, ဥဒ္ဓရဏံ သာဒိယတိ, အာပတ္တိ ထုလ္လစ္စယဿ…ပေ… န သာဒိယတိ, အနာပတ္တိ။</p>
<p class=""bodytext""><a name=""para62""></a><a name=""para62_vin1""></a><span class=""paranum"">၆၂</span>။ ဘိက္ခုပစ္စတ္ထိကာ မနုဿပဏ္ဍကံ… အမနုဿပဏ္ဍကံ… တိရစ္ဆာနဂတပဏ္ဍကံ… မနုဿပုရိသံ… အမနုဿပုရိသံ… တိရစ္ဆာနဂတပုရိသံ ဘိက္ခုဿ သန္တိကေ အာနေတွာ ဝစ္စမဂ္ဂေန… မုခေန အင်္ဂဇာတံ အဘိနိသီဒေန္တိ သန္ထတဿ အသန္ထတဿ, အသန္ထတဿ သန္ထတဿ, သန္ထတဿ သန္ထတဿ, အသန္ထတဿ အသန္ထတဿ။ သော စေ ပဝေသနံ သာဒိယတိ, ပဝိဋ္ဌံ သာဒိယတိ, ဌိတံ သာဒိယတိ, ဥဒ္ဓရဏံ သာဒိယတိ, အာပတ္တိ ပါရာဇိကဿ…ပေ… န သာဒိယတိ, အနာပတ္တိ။</p>
",-62-
39,mula_vi_01,39,"<p class=""bodytext"">ဘိက္ခုပစ္စတ္ထိကာ <a name=""M0.0039""></a> တိရစ္ဆာနဂတပုရိသံ ဇာဂရန္တံ… သုတ္တံ… မတ္တံ… ဥမ္မတ္တံ… ပမတ္တံ… မတံ အက္ခာယိတံ… မတံ ယေဘုယျေန အက္ခာယိတံ…ပေ… အာပတ္တိ ပါရာဇိကဿ။ မတံ ယေဘုယျေန ခါယိတံ ဘိက္ခုဿ သန္တိကေ အာနေတွာ ဝစ္စမဂ္ဂေန… မုခေန အင်္ဂဇာတံ အဘိနိသီဒေန္တိ, သန္ထတဿ အသန္ထတဿ, အသန္ထတဿ သန္ထတဿ, သန္ထတဿ သန္ထတဿ, အသန္ထတဿ အသန္ထတဿ။ သော စ ပဝေသနံ သာဒိယတိ, ပဝိဋ္ဌံ သာဒိယတိ, ဌိတံ သာဒိယတိ, ဥဒ္ဓရဏံ သာဒိယတိ<a name=""P3.0032""></a>, အာပတ္တိ ထုလ္လစ္စယဿ…ပေ… န သာဒိယတိ, အနာပတ္တိ။</p>
<p class=""bodytext""><a name=""para63""></a><a name=""para63_vin1""></a><span class=""paranum"">၆၃</span>။ ဘိက္ခုပစ္စတ္ထိကာ ဘိက္ခုံ မနုဿိတ္ထိယာ သန္တိကေ အာနေတွာ အင်္ဂဇာတေန ဝစ္စမဂ္ဂံ… ပဿာဝမဂ္ဂံ… မုခံ အဘိနိသီဒေန္တိ။ သော စေ ပဝေသနံ သာဒိယတိ, ပဝိဋ္ဌံ သာဒိယတိ<a name=""V0.0036""></a>, ဌိတံ သာဒိယတိ, ဥဒ္ဓရဏံ သာဒိယတိ, အာပတ္တိ ပါရာဇိကဿ…ပေ… န သာဒိယတိ, အနာပတ္တိ။</p>
<p class=""bodytext"">ဘိက္ခုပစ္စတ္ထိကာ ဘိက္ခုံ မနုဿိတ္ထိယာ ဇာဂရန္တိယာ… သုတ္တာယ… မတ္တာယ… ဥမ္မတ္တာယ… ပမတ္တာယ <a name=""T1.0059""></a>… မတာယ အက္ခာယိတာယ… မတာယ ယေဘုယျေန အက္ခာယိတာယ…ပေ… အာပတ္တိ ပါရာဇိကဿ။ မတာယ ယေဘုယျေန ခါယိတာယ သန္တိကေ အာနေတွာ အင်္ဂဇာတေန ဝစ္စမဂ္ဂံ… ပဿာဝမဂ္ဂံ… မုခံ အဘိနိသီဒေန္တိ။ သော စေ ပဝေသနံ သာဒိယတိ, ပဝိဋ္ဌံ သာဒိယတိ, ဌိတံ သာဒိယတိ, ဥဒ္ဓရဏံ သာဒိယတိ, အာပတ္တိ ထုလ္လစ္စယဿ…ပေ… န သာဒိယတိ, အနာပတ္တိ။</p>
<p class=""bodytext"">ဘိက္ခုပစ္စတ္ထိကာ ဘိက္ခုံ အမနုဿိတ္ထိယာ… တိရစ္ဆာနဂတိတ္ထိယာ… မနုဿုဘတောဗျဉ္ဇနကဿ… အမနုဿုဘတောဗျဉ္ဇနကဿ… တိရစ္ဆာနဂတုဘတောဗျဉ္ဇနကဿ… မနုဿပဏ္ဍကဿ… အမနုဿပဏ္ဍကဿ… တိရစ္ဆာနဂတပဏ္ဍကဿ… မနုဿပုရိသဿ… အမနုဿပုရိသဿ… တိရစ္ဆာနဂတပုရိသဿ သန္တိကေ အာနေတွာ အင်္ဂဇာတေန ဝစ္စမဂ္ဂံ… မုခံ အဘိနိသီဒေန္တိ။ သော စေ ပဝေသနံ သာဒိယတိ, ပဝိဋ္ဌံ သာဒိယတိ, ဌိတံ သာဒိယတိ, ဥဒ္ဓရဏံ သာဒိယတိ, အာပတ္တိ ပါရာဇိကဿ…ပေ… န သာဒိယတိ, အနာပတ္တိ။</p>
<p class=""bodytext"">ဘိက္ခုပစ္စတ္ထိကာ ဘိက္ခုံ တိရစ္ဆာနဂတပုရိသဿ ဇာဂရန္တဿ… သုတ္တဿ… မတ္တဿ… ဥမ္မတ္တဿ… ပမတ္တဿ… မတဿ အက္ခာယိတဿ… မတဿ ယေဘုယျေန အက္ခာယိတဿ…ပေ… အာပတ္တိ ပါရာဇိကဿ။ မတဿ ယေဘုယျေန ခါယိတဿ သန္တိကေ အာနေတွာ အင်္ဂဇာတေန ဝစ္စမဂ္ဂံ… မုခံ အဘိနိသီဒေန္တိ။</p>
",-63-
40,mula_vi_01,40,"<p class=""noindentbodytext""> သော<a name=""M0.0040""></a> စေ ပဝေသနံ သာဒိယတိ, ပဝိဋ္ဌံ သာဒိယတိ, ဌိတံ သာဒိယတိ, ဥဒ္ဓရဏံ သာဒိယတိ, အာပတ္တိ ထုလ္လစ္စယဿ…ပေ… န သာဒိယတိ, အနာပတ္တိ။</p>
<p class=""bodytext""><a name=""para64""></a><a name=""para64_vin1""></a><span class=""paranum"">၆၄</span>။ ဘိက္ခုပစ္စတ္ထိကာ ဘိက္ခုံ မနုဿိတ္ထိယာ သန္တိကေ အာနေတွာ အင်္ဂဇာတေန <a name=""T1.0060""></a> ဝစ္စမဂ္ဂံ… ပဿာဝမဂ္ဂံ… မုခံ အဘိနိသီဒေန္တိ သန္ထတဿ အသန္ထတာယ, အသန္ထတဿ သန္ထတာယ, သန္ထတဿ သန္ထတာယ, အသန္ထတဿ အသန္ထတာယ။ သော စေ ပဝေသနံ သာဒိယတိ, ပဝိဋ္ဌံ သာဒိယတိ, ဌိတံ သာဒိယတိ, ဥဒ္ဓရဏံ သာဒိယတိ, အာပတ္တိ ပါရာဇိကဿ…ပေ… န သာဒိယတိ, အနာပတ္တိ။</p>
<p class=""bodytext"">ဘိက္ခုပစ္စတ္ထိကာ <a name=""V0.0037""></a> ဘိက္ခုံ မနုဿိတ္ထိယာ ဇာဂရန္တိယာ… သုတ္တာယ… မတ္တာယ… ဥမ္မတ္တာယ… ပမတ္တာယ… မတာယ အက္ခာယိတာယ… မတာယ ယေဘုယျေန အက္ခာယိတာယ…ပေ… အာပတ္တိ ပါရာဇိကဿ။ မတာယ ယေဘုယျေန ခါယိတာယ သန္တိကေ အာနေတွာ အင်္ဂဇာတေန <a name=""P3.0033""></a> ဝစ္စမဂ္ဂံ… ပဿာဝမဂ္ဂံ… မုခံ အဘိနိသီဒေန္တိ သန္ထတဿ အသန္ထတာယ, အသန္ထတဿ သန္ထတာယ, သန္ထတဿ သန္ထတာယ, အသန္ထတဿ အသန္ထတာယ။ သော စေ ပဝေသနံ သာဒိယတိ, ပဝိဋ္ဌံ သာဒိယတိ, ဌိတံ သာဒိယတိ, ဥဒ္ဓရဏံ သာဒိယတိ, အာပတ္တိ ထုလ္လစ္စယဿ…ပေ… န သာဒိယတိ, အနာပတ္တိ။</p>
<p class=""bodytext"">ဘိက္ခုပစ္စတ္ထိကာ ဘိက္ခုံ အမနုဿိတ္ထိယာ… တိရစ္ဆာနဂတိတ္ထိယာ… မနုဿုဘတောဗျဉ္ဇနကဿ… အမနုဿုဘတောဗျဉ္ဇနကဿ… တိရစ္ဆာနဂတုဘတောဗျဉ္ဇနကဿ… မနုဿပဏ္ဍကဿ… အမနုဿပဏ္ဍကဿ… တိရစ္ဆာနဂတပဏ္ဍကဿ… မနုဿပုရိသဿ… အမနုဿပုရိသဿ… တိရစ္ဆာနဂတပုရိသဿ သန္တိကေ အာနေတွာ အင်္ဂဇာတေန ဝစ္စမဂ္ဂံ… မုခံ အဘိနိသီဒေန္တိ သန္ထတဿ အသန္ထတဿ, အသန္ထတဿ သန္ထတဿ, သန္ထတဿ သန္ထတဿ, အသန္ထတဿ အသန္ထတဿ။ သော စေ ပဝေသနံ သာဒိယတိ, ပဝိဋ္ဌံ သာဒိယတိ, ဌိတံ သာဒိယတိ, ဥဒ္ဓရဏံ သာဒိယတိ, အာပတ္တိ ပါရာဇိကဿ…ပေ… န သာဒိယတိ, အနာပတ္တိ။</p>
<p class=""bodytext""><a name=""para65""></a><a name=""para65_vin1""></a><span class=""paranum"">၆၅</span>။ ဘိက္ခုပစ္စတ္ထိကာ <a name=""T1.0061""></a> ဘိက္ခုံ တိရစ္ဆာနဂတပုရိသဿ ဇာဂရန္တဿ… သုတ္တဿ… မတ္တဿ… ဥမ္မတ္တဿ… ပမတ္တဿ… မတဿ အက္ခာယိတဿ… မတဿ ယေဘုယျေန အက္ခာယိတဿ…ပေ… အာပတ္တိ ပါရာဇိကဿ။ မတဿ ယေဘုယျေန ခါယိတဿ သန္တိကေ အာနေတွာ အင်္ဂဇာတေန ဝစ္စမဂ္ဂံ… မုခံ အဘိနိသီဒေန္တိ သန္ထတဿ အသန္ထတဿ, အသန္ထတဿ သန္ထ</p>
",-64-65-
41,mula_vi_01,41,"<p class=""noindentbodytext"">တဿ သန္ထတဿ<a name=""M0.0041""></a> သန္ထတဿ, အသန္ထတဿ အသန္ထတဿ။ သော စေ ပဝေသနံ သာဒိယတိ, ပဝိဋ္ဌံ သာဒိယတိ, ဌိတံ သာဒိယတိ, ဥဒ္ဓရဏံ သာဒိယတိ, အာပတ္တိ ထုလ္လစ္စယဿ…ပေ… န သာဒိယတိ, အနာပတ္တိ။</p>
<p class=""bodytext"">ယထာ ဘိက္ခုပစ္စတ္ထိကာ ဝိတ္ထာရိတာ, ဧဝံ ဝိတ္ထာရေတဗ္ဗာ။</p>
<p class=""bodytext"">ရာဇပစ္စတ္ထိကာ… စောရပစ္စတ္ထိကာ… ဓုတ္တပစ္စတ္ထိကာ… ဥပ္ပဠဂန္ဓပစ္စတ္ထိကာ။ သံခိတ္တံ။</p>
<p class=""bodytext""><a name=""para66""></a><a name=""para66_vin1""></a><span class=""paranum"">၆၆</span>။ မဂ္ဂေန မဂ္ဂံ ပဝေသေတိ, အာပတ္တိ ပါရာဇိကဿ။ မဂ္ဂေန အမဂ္ဂံ ပဝေသေတိ, အာပတ္တိ ပါရာဇိကဿ။ အမဂ္ဂေန မဂ္ဂံ ပဝေသေတိ, အာပတ္တိ <a name=""V0.0038""></a> ပါရာဇိကဿ။ အမဂ္ဂေန အမဂ္ဂံ ပဝေသေတိ, အာပတ္တိ ထုလ္လစ္စယဿ။</p>
<p class=""bodytext"">ဘိက္ခု သုတ္တဘိက္ခုမှိ ဝိပ္ပဋိပဇ္ဇတိ၊ ပဋိဗုဒ္ဓေါ သာဒိယတိ, ဥဘော နာသေတဗ္ဗာ။ ပဋိဗုဒ္ဓေါ န သာဒိယတိ, ဒူသကော နာသေတဗ္ဗော။ ဘိက္ခု သုတ္တသာမဏေရမှိ ဝိပ္ပဋိပဇ္ဇတိ၊ ပဋိဗုဒ္ဓေါ သာဒိယတိ, ဥဘော နာသေတဗ္ဗာ။ ပဋိဗုဒ္ဓေါ န သာဒိယတိ, ဒူသကော နာသေတဗ္ဗော။ သာမဏေရော သုတ္တဘိက္ခုမှိ ဝိပ္ပဋိပဇ္ဇတိ၊ ပဋိဗုဒ္ဓေါ သာဒိယတိ, ဥဘော နာသေတဗ္ဗာ။ ပဋိဗုဒ္ဓေါ န သာဒိယတိ, ဒူသကော နာသေတဗ္ဗော။ သာမဏေရော သုတ္တသာမဏေရမှိ ဝိပ္ပဋိပဇ္ဇတိ၊ ပဋိဗုဒ္ဓေါ သာဒိယတိ, ဥဘော နာသေတဗ္ဗာ<a name=""T1.0062""></a>။ ပဋိဗုဒ္ဓေါ န သာဒိယတိ, ဒူသကော နာသေတဗ္ဗော။</p>
<p class=""bodytext"">အနာပတ္တိ အဇာနန္တဿ, အသာဒိယန္တဿ, ဥမ္မတ္တကဿ, ခိတ္တစိတ္တဿ, ဝေဒနာဋ္ဋဿ, အာဒိကမ္မိကဿာတိ။</p>
<p class=""centered"">သန္ထတဘာဏဝါရော နိဋ္ဌိတော။</p>
<p class=""subhead"">ဝိနီတဝတ္ထုဥဒ္ဒါနဂါထာ</p>
<p class=""gatha1"">မက္ကဋီ ဝဇ္ဇိပုတ္တာ စ, ဂိဟီ နဂ္ဂေါ စ တိတ္ထိယာ၊</p>
<p class=""gathalast"">ဒါရိကုပ္ပလဝဏ္ဏာ စ, ဗျဉ္ဇနေဟိပရေ ဒုဝေ။</p>
",-66-
42,mula_vi_01,42,"<p class=""gatha1"">မာတာ <a name=""M0.0042""></a> ဓီတာ ဘဂိနီ စ, ဇာယာ စ မုဒု လမ္ဗိနာ၊</p>
<p class=""gathalast"">ဒွေ <a name=""P3.0034""></a> ဝဏာ လေပစိတ္တဉ္စ, ဒါရုဓီတလိကာယ စ။</p>
<p class=""gatha1"">သုန္ဒရေန သဟ ပဉ္စ, ပဉ္စ သိဝထိကဋ္ဌိကာ၊</p>
<p class=""gathalast"">နာဂီ ယက္ခီ စ ပေတီ စ, ပဏ္ဍကောပဟတော ဆုပေ။</p>
<p class=""gatha1"">ဘဒ္ဒိယေ အရဟံ သုတ္တော, သာဝတ္ထိယာ စတုရော ပရေ၊</p>
<p class=""gathalast"">ဝေသာလိယာ တယော မာလာ, သုပိနေ ဘာရုကစ္ဆကော။</p>
<p class=""gatha1"">သုပဗ္ဗာ <a name=""V0.0039""></a> သဒ္ဓါ ဘိက္ခုနီ, သိက္ခမာနာ သာမဏေရီ စ၊</p>
<p class=""gathalast"">ဝေသိယာ ပဏ္ဍကော ဂိဟီ, အညမညံ ဝုဍ္ဎပဗ္ဗဇိတော မိဂေါတိ။</p>
<p class=""subhead"">ဝိနီတဝတ္ထု</p>
<p class=""bodytext""><a name=""para67""></a><a name=""para67_vin1""></a><span class=""paranum"">၆၇</span>။ တေန ခေါ ပန သမယေန အညတရော ဘိက္ခု မက္ကဋိယာ မေထုနံ ဓမ္မံ ပဋိသေဝိ။ တဿ ကုက္ကုစ္စံ အဟောသိ – ‘‘ဘဂဝတာ သိက္ခာပဒံ ပညတ္တံ, ကစ္စိ နု ခေါ အဟံ ပါရာဇိကံ အာပတ္တိံ အာပန္နော’’တိ? ဘဂဝတော ဧတမတ္ထံ အာရောစေသိ။ ‘‘အာပတ္တိံ တွံ, ဘိက္ခု, အာပန္နော ပါရာဇိက’’န္တိ။</p>
<p class=""bodytext"">တေန <a name=""T1.0063""></a> ခေါ ပန သမယေန သမ္ဗဟုလာ ဝေသာလိကာ ဝဇ္ဇိပုတ္တကာ ဘိက္ခူ သိက္ခံ အပစ္စက္ခာယ ဒုဗ္ဗလျံ အနာဝိကတွာ မေထုနံ ဓမ္မံ ပဋိသေဝိံသု။ တေသံ ကုက္ကုစ္စံ အဟောသိ – ‘‘ဘဂဝတာ သိက္ခာပဒံ ပညတ္တံ, ကစ္စိ နု ခေါ မယံ ပါရာဇိကံ အာပတ္တိံ အာပန္နာ’’တိ? ဘဂဝတော ဧတမတ္ထံ အာရောစေသုံ။ ‘‘အာပတ္တိံ တုမှေ, ဘိက္ခဝေ, အာပန္နာ ပါရာဇိက’’န္တိ။</p>
<p class=""bodytext"">တေန ခေါ ပန သမယေန အညတရော ဘိက္ခု – ‘ဧဝံ မေ အနာပတ္တိ ဘဝိဿတီ’တိ, ဂိဟိလိင်္ဂေန မေထုနံ ဓမ္မံ ပဋိသေဝိ။ တဿ ကုက္ကုစ္စံ အဟောသိ ‘‘ဘဂဝတာ သိက္ခာပဒံ ပညတ္တံ, ကစ္စိ နု ခေါ အဟံ ပါရာဇိကံ အာပတ္တိံ အာပန္နော’’တိ? ဘဂဝတော ဧတမတ္ထံ အာရောစေသိ။ ‘‘အာပတ္တိံ တွံ, ဘိက္ခု, အာပန္နော ပါရာဇိက’’န္တိ။</p>
<p class=""bodytext"">တေန ခေါ ပန သမယေန အညတရော ဘိက္ခု – ‘ဧဝံ မေ အနာပတ္တိ ဘဝိဿတီ’တိ, နဂ္ဂေါ ဟုတွာ မေထုနံ ဓမ္မံ ပဋိသေဝိ။ တဿ ကုက္ကုစ္စံ အဟောသိ…ပေ… ‘‘အာပတ္တိံ တွံ, ဘိက္ခု, အာပန္နော ပါရာဇိက’’န္တိ။</p>
",-67-
43,mula_vi_01,43,"<p class=""bodytext"">တေန <a name=""M0.0043""></a> ခေါ ပန သမယေန အညတရော ဘိက္ခု – ‘ဧဝံ မေ အနာပတ္တိ ဘဝိဿတီ’တိ, ကုသစီရံ နိဝါသေတွာ… ဝါကစီရံ နိဝါသေတွာ… ဖလကစီရံ နိဝါသေတွာ… ကေသကမ္ဗလံ နိဝါသေတွာ… ဝါလကမ္ဗလံ နိဝါသေတွာ… ဥလူကပက္ခိကံ နိဝါသေတွာ… အဇိနက္ခိပံ နိဝါသေတွာ မေထုနံ ဓမ္မံ ပဋိသေဝိ။ တဿ ကုက္ကုစ္စံ အဟောသိ…ပေ… ‘‘အာပတ္တိံ တွံ, ဘိက္ခု, အာပန္နော ပါရာဇိက’’န္တိ။</p>
<p class=""bodytext"">တေန <a name=""V0.0040""></a> ခေါ ပန သမယေန အညတရော ပိဏ္ဍစာရိကော ဘိက္ခု ပီဌကေ နိပန္နံ ဒါရိကံ ပဿိတွာ သာရတ္တော အင်္ဂုဋ္ဌံ အင်္ဂဇာတံ ပဝေသေသိ။ သာ ကာလမကာသိ။ တဿ ကုက္ကုစ္စံ အဟောသိ…ပေ… ‘‘အနာပတ္တိ<a name=""T1.0064""></a>, ဘိက္ခု, ပါရာဇိကဿ။ အာပတ္တိ သံဃာဒိသေသဿာ’’တိ။</p>
<p class=""bodytext""><a name=""para68""></a><a name=""para68_vin1""></a><span class=""paranum"">၆၈</span>။ တေန <a name=""P3.0035""></a> ခေါ ပန သမယေန အညတရော မာဏဝကော ဥပ္ပလဝဏ္ဏာယ ဘိက္ခုနိယာ ပဋိဗဒ္ဓစိတ္တော ဟောတိ။ အထ ခေါ သော မာဏဝကော ဥပ္ပလဝဏ္ဏာယ ဘိက္ခုနိယာ ဂါမံ ပိဏ္ဍာယ ပဝိဋ္ဌာယ ကုဋိကံ ပဝိသိတွာ နိလီနော အစ္ဆိ။ ဥပ္ပလဝဏ္ဏာ ဘိက္ခုနီ ပစ္ဆာဘတ္တံ ပိဏ္ဍပါတပဋိက္ကန္တာ ပါဒေ ပက္ခာလေတွာ ကုဋိကံ ပဝိသိတွာ မဉ္စကေ နိသီဒိ။ အထ ခေါ သော မာဏဝကော ဥပ္ပလဝဏ္ဏံ ဘိက္ခုနိံ ဥဂ္ဂဟေတွာ ဒူသေသိ။ ဥပ္ပလဝဏ္ဏာ ဘိက္ခုနီ ဘိက္ခုနီနံ ဧတမတ္ထံ အာရောစေသိ။ ဘိက္ခုနိယော ဘိက္ခူနံ ဧတမတ္ထံ အာရောစေသုံ။ ဘိက္ခူ ဘဂဝတော ဧတမတ္ထံ အာရောစေသုံ။ ‘‘အနာပတ္တိ, ဘိက္ခဝေ, အသာဒိယန္တိယာ’’တိ။</p>
<p class=""bodytext""><a name=""para69""></a><a name=""para69_vin1""></a><span class=""paranum"">၆၉</span>။ တေန ခေါ ပန သမယေန အညတရဿ ဘိက္ခုနော ဣတ္ထိလိင်္ဂံ ပါတုဘူတံ ဟောတိ။ ဘဂဝတော ဧတမတ္ထံ အာရောစေသုံ။ ‘‘အနုဇာနာမိ, ဘိက္ခဝေ, တံယေဝ ဥပဇ္ဈံ တမေဝ ဥပသမ္ပဒံ တာနိယေဝ <span class=""note"">[တာနိ (သီ။ သျာ။)]</span> ဝဿာနိ ဘိက္ခုနီဟိ သင်္ဂမိတုံ <span class=""note"">[သင်္ကမိတုံ (သီ။ သျာ။)]</span>။ ယာ အာပတ္တိယော ဘိက္ခူနံ ဘိက္ခုနီဟိ သာဓာရဏာ တာ အာပတ္တိယော ဘိက္ခုနီနံ သန္တိကေ ဝုဋ္ဌာတုံ။ ယာ အာပတ္တိယော ဘိက္ခူနံ ဘိက္ခုနီဟိ အသာဓာရဏာ တာဟိ အာပတ္တီဟိ အနာပတ္တီ’’တိ။</p>
<p class=""bodytext"">တေန ခေါ ပန သမယေန အညတရိဿာ ဘိက္ခုနိယာ ပုရိသလိင်္ဂံ ပါတုဘူတံ ဟောတိ။ ဘဂဝတော ဧတမတ္ထံ အာရောစေသုံ။ ‘‘အနုဇာနာမိ, ဘိက္ခဝေ, တံယေဝ ဥပဇ္ဈံ တမေဝ ဥပသမ္ပဒံ တာနိယေဝ <span class=""note"">[တာနိ (သီ။ သျာ။)]</span> ဝဿာနိ ဘိက္ခူဟိ သင်္ဂမိတုံ <span class=""note"">[သင်္ကမိတုံ (သီ။ သျာ။)]</span>။ ယာ</p>
",-68-69-
44,mula_vi_01,44,"<p class=""noindentbodytext""> အာပတ္တိယော<a name=""M0.0044""></a> ဘိက္ခုနီနံ ဘိက္ခူဟိ သာဓာရဏာ တာ အာပတ္တိယော ဘိက္ခူနံ သန္တိကေ ဝုဋ္ဌာတုံ။ ယာ အာပတ္တိယော ဘိက္ခုနီနံ ဘိက္ခူဟိ အသာဓာရဏာ <a name=""T1.0065""></a> တာဟိ အာပတ္တီဟိ အနာပတ္တီ’’တိ။</p>
<p class=""bodytext""><a name=""para70""></a><a name=""para70_vin1""></a><span class=""paranum"">၇၀</span>။ တေန ခေါ ပန သမယေန အညတရော ဘိက္ခု – ‘ဧဝံ မေ အနာပတ္တိ ဘဝိဿတီ’တိ, မာတုယာ မေထုနံ ဓမ္မံ ပဋိသေဝိ… ဓီတုယာ မေထုနံ ဓမ္မံ ပဋိသေဝိ… ဘဂိနိယာ မေထုနံ ဓမ္မံ ပဋိသေဝိ… တဿ ကုက္ကုစ္စံ အဟောသိ…ပေ… ‘‘အာပတ္တိံ တွံ, ဘိက္ခု, အာပန္နော ပါရာဇိက’’န္တိ။</p>
<p class=""bodytext"">တေန <a name=""V0.0041""></a> ခေါ ပန သမယေန အညတရော ဘိက္ခု ပုရာဏဒုတိယိကာယ မေထုနံ ဓမ္မံ ပဋိသေဝိ။ တဿ ကုက္ကုစ္စံ အဟောသိ…ပေ… ‘‘အာပတ္တိံ တွံ, ဘိက္ခု, အာပန္နော ပါရာဇိက’’န္တိ။</p>
<p class=""bodytext""><a name=""para71""></a><a name=""para71_vin1""></a><span class=""paranum"">၇၁</span>။ တေန ခေါ ပန သမယေန အညတရော ဘိက္ခု မုဒုပိဋ္ဌိကော ဟောတိ။ သော အနဘိရတိယာ ပီဠိတော အတ္တနော အင်္ဂဇာတံ မုခေန အဂ္ဂဟေသိ။ တဿ ကုက္ကုစ္စံ အဟောသိ…ပေ… ‘‘အာပတ္တိံ တွံ, ဘိက္ခု, အာပန္နော ပရာဇိက’’န္တိ။</p>
<p class=""bodytext"">တေန ခေါ ပန သမယေန အညတရော ဘိက္ခု လမ္ဗီ ဟောတိ။ သော အနဘိရတိယာ ပီဠိတော အတ္တနော အင်္ဂဇာတံ အတ္တနော ဝစ္စမဂ္ဂံ ပဝေသေသိ။ တဿ ကုက္ကုစ္စံ အဟောသိ…ပေ… ‘‘အာပတ္တိံ တွံ, ဘိက္ခု, အာပန္နော ပါရာဇိက’’န္တိ။</p>
<p class=""bodytext"">တေန <a name=""P3.0036""></a> ခေါ ပန သမယေန အညတရော ဘိက္ခု မတသရီရံ ပဿိ။ တသ္မိဉ္စ သရီရေ အင်္ဂဇာတသာမန္တာ ဝဏော ဟောတိ။ သော – ‘ဧဝံ မေ အနာပတ္တိ ဘဝိဿတီ’တိ, အင်္ဂဇာတေ အင်္ဂဇာတံ ပဝေသေတွာ ဝဏေန နီဟရိ။ တဿ ကုက္ကုစ္စံ အဟောသိ…ပေ… ‘‘အာပတ္တိံ တွံ, ဘိက္ခု, အာပန္နော ပါရာဇိက’’န္တိ။</p>
<p class=""bodytext"">တေန ခေါ ပန သမယေန အညတရော ဘိက္ခု မတသရီရံ ပဿိ။ တသ္မိဉ္စ သရီရေ အင်္ဂဇာတသာမန္တာ ဝဏော ဟောတိ။ သော – ‘ဧဝံ <a name=""T1.0066""></a> မေ အနာပတ္တိ ဘဝိဿတီ’တိ, ဝဏေ အင်္ဂဇာတံ ပဝေသေတွာ အင်္ဂဇာတေန နီဟရိ။ တဿ ကုက္ကုစ္စံ အဟောသိ…ပေ… ‘‘အာပတ္တိံ တွံ, ဘိက္ခု, အာပန္နော ပါရာဇိက’’န္တိ။</p>
<p class=""bodytext"">တေန ခေါ ပန သမယေန အညတရော ဘိက္ခု သာရတ္တော လေပစိတ္တဿ နိမိတ္တံ အင်္ဂဇာတေန ဆုပိ။ တဿ ကုက္ကုစ္စံ အဟောသိ…ပေ… ‘‘အနာပတ္တိ, ဘိက္ခု, ပါရာဇိကဿ။ အာပတ္တိ ဒုက္ကဋဿာ’’တိ။</p>
",-70-71-
45,mula_vi_01,45,"<p class=""bodytext"">တေန <a name=""M0.0045""></a> ခေါ ပန သမယေန အညတရော ဘိက္ခု သာရတ္တော ဒါရုဓီတလိကာယ နိမိတ္တံ အင်္ဂဇာတေန ဆုပိ။ တဿ ကုက္ကုစ္စံ အဟောသိ…ပေ… ‘‘အနာပတ္တိ, ဘိက္ခု, ပါရာဇိကဿ။ အာပတ္တိ ဒုက္ကဋဿာ’’တိ။</p>
<p class=""bodytext""><a name=""para72""></a><a name=""para72_vin1""></a><span class=""paranum"">၇၂</span>။ တေန <a name=""V0.0042""></a> ခေါ ပန သမယေန သုန္ဒရော နာမ ဘိက္ခု ရာဇဂဟာ ပဗ္ဗဇိတော ရထိကာယ <span class=""note"">[ရထိယာယ (က။)]</span> ဂစ္ဆတိ။ အညတရာ ဣတ္ထီ – ‘မုဟုတ္တံ <span class=""note"">[ဣတ္ထီ တံ ပဿိတွာ ဧတဒဝေါစ မုဟုတ္တံ (သျာ။)]</span>, ဘန္တေ, အာဂမေဟိ, ဝန္ဒိဿာမီ’တိ သာ ဝန္ဒန္တီ အန္တရဝါသကံ ဥက္ခိပိတွာ မုခေန အင်္ဂဇာတံ အဂ္ဂဟေသိ။ တဿ ကုက္ကုစ္စံ အဟောသိ…ပေ… ‘‘သာဒိယိ တွံ, ဘိက္ခူ’’တိ? ‘‘နာဟံ, ဘဂဝါ, သာဒိယိ’’န္တိ။ ‘‘အနာပတ္တိ, ဘိက္ခု, အသာဒိယန္တဿာ’’တိ။</p>
<p class=""bodytext"">တေန ခေါ ပန သမယေန အညတရာ ဣတ္ထီ ဘိက္ခုံ ပဿိတွာ ဧတဒဝေါစ – ‘‘ဧဟိ, ဘန္တေ, မေထုနံ ဓမ္မံ ပဋိသေဝါ’’တိ။ ‘‘အလံ, ဘဂိနိ, နေတံ ကပ္ပတီ’’တိ။ ‘‘ဧဟိ, ဘန္တေ, အဟံ ဝါယမိဿာမိ, တွံ မာ ဝါယမိ, ဧဝံ တေ အနာပတ္တိ ဘဝိဿတီ’’တိ။ သော ဘိက္ခု တထာ အကာသိ။ တဿ ကုက္ကုစ္စံ <a name=""T1.0067""></a> အဟောသိ…ပေ… ‘‘အာပတ္တိံ တွံ, ဘိက္ခု, အာပန္နော ပါရာဇိက’’န္တိ။</p>
<p class=""bodytext"">တေန ခေါ ပန သမယေန အညတရာ ဣတ္ထီ ဘိက္ခုံ ပဿိတွာ ဧတဒဝေါစ – ‘‘ဧဟိ, ဘန္တေ, မေထုနံ ဓမ္မံ ပဋိသေဝါ’’တိ။ ‘‘အလံ, ဘဂိနိ, နေတံ ကပ္ပတီ’’တိ။ ‘‘ဧဟိ ဘန္တေ, တွံ ဝါယမ, အဟံ န ဝါယမိဿာမိ, ဧဝံ တေ အနာပတ္တိ ဘဝိဿတီ’’တိ။ သော ဘိက္ခု တထာ အကာသိ။ တဿ ကုက္ကုစ္စံ အဟောသိ…ပေ… ‘‘အာပတ္တိံ တွံ, ဘိက္ခု, အာပန္နော ပါရာဇိက’’န္တိ။</p>
<p class=""bodytext"">တေန ခေါ ပန သမယေန အညတရာ ဣတ္ထီ ဘိက္ခုံ ပဿိတွာ ဧတဒဝေါစ – ‘‘ဧဟိ, ဘန္တေ, မေထုနံ ဓမ္မံ ပဋိသေဝါ’’တိ။ ‘‘အလံ, ဘဂိနိ, နေတံ ကပ္ပတီ’’တိ။ ‘‘ဧဟိ, ဘန္တေ, အဗ္ဘန္တရံ ဃဋ္ဋေတွာ ဗဟိ မောစေဟိ…ပေ… ဗဟိ ဃဋ္ဋေတွာ အဗ္ဘန္တရံ မောစေဟိ, ဧဝံ တေ အနာပတ္တိ ဘဝိဿတီ’’တိ။ သော ဘိက္ခု တထာ အကာသိ။ တဿ ကုက္ကုစ္စံ အဟောသိ…ပေ… ‘‘အာပတ္တိံ တွံ, ဘိက္ခု, အာပန္နော ပါရာဇိက’’န္တိ။</p>
<p class=""bodytext""><a name=""para73""></a><a name=""para73_vin1""></a><span class=""paranum"">၇၃</span>။ တေန ခေါ ပန သမယေန အညတရော ဘိက္ခု သိဝထိကံ ဂန္တွာ အက္ခာယိတံ သရီရံ ပဿိတွာ တသ္မိံ မေထုနံ ဓမ္မံ <a name=""P3.0037""></a> ပဋိသေဝိ။ တဿ ကုက္ကုစ္စံ အဟောသိ…ပေ… ‘‘အာပတ္တိံ တွံ, ဘိက္ခု, အာပန္နော ပါရာဇိက’’န္တိ။</p>
",-72-73-
46,mula_vi_01,46,"<p class=""bodytext"">တေန <a name=""M0.0046""></a> ခေါ ပန သမယေန အညတရော ဘိက္ခု သိဝထိကံ ဂန္တွာ ယေဘုယျေန အက္ခာယိတံ သရီရံ <a name=""V0.0043""></a> ပဿိတွာ တသ္မိံ မေထုနံ ဓမ္မံ ပဋိသေဝိ။ တဿ ကုက္ကုစ္စံ အဟောသိ…ပေ… ‘‘အာပတ္တိံ တွံ, ဘိက္ခု, အာပန္နော ပါရာဇိက’’န္တိ။</p>
<p class=""bodytext"">တေန ခေါ ပန သမယေန အညတရော ဘိက္ခု သိဝထိကံ ဂန္တွာ ယေဘုယျေန ခါယိတံ <a name=""T1.0068""></a> သရီရံ ပဿိတွာ တသ္မိံ မေထုနံ ဓမ္မံ ပဋိသေဝိ။ တဿ ကုက္ကုစ္စံ အဟောသိ…ပေ… ‘‘အနာပတ္တိ, ဘိက္ခု, ပါရာဇိကဿ။ အာပတ္တိ ထုလ္လစ္စယဿာ’’တိ။</p>
<p class=""bodytext"">တေန ခေါ ပန သမယေန အညတရော ဘိက္ခု သိဝထိကံ ဂန္တွာ ဆိန္နသီသံ ပဿိတွာ ဝဋ္ဋကတေ မုခေ ဆုပန္တံ အင်္ဂဇာတံ ပဝေသေသိ။ တဿ ကုက္ကုစ္စံ အဟောသိ…ပေ… ‘‘အာပတ္တိံ တွံ, ဘိက္ခု, အာပန္နော ပါရာဇိက’’န္တိ။</p>
<p class=""bodytext"">တေန ခေါ ပန သမယေန အညတရော ဘိက္ခု သိဝထိကံ ဂန္တွာ ဆိန္နသီသံ ပဿိတွာ ဝဋ္ဋကတေ မုခေ အစ္ဆုပန္တံ အင်္ဂဇာတံ ပဝေသေသိ။ တဿ ကုက္ကုစ္စံ အဟောသိ…ပေ… ‘‘အနာပတ္တိ, ဘိက္ခု, ပါရာဇိကဿ။ အာပတ္တိ ဒုက္ကဋဿာ’’တိ။</p>
<p class=""bodytext"">တေန ခေါ ပန သမယေန အညတရော ဘိက္ခု အညတရိဿာ ဣတ္ထိယာ ပဋိဗဒ္ဓစိတ္တော ဟောတိ။ သာ ကာလင်္ကတာ <span class=""note"">[ကာလကတာ (သီ။ သျာ။)]</span> သုသာနေ ဆဍ္ဍိတာ။ အဋ္ဌိကာနိ ဝိပ္ပကိဏ္ဏာနိ ဟောန္တိ။ အထ ခေါ သော ဘိက္ခု သိဝထိကံ ဂန္တွာ အဋ္ဌိကာနိ သင်္ကဍ္ဎိတွာ နိမိတ္တေ အင်္ဂဇာတံ ပဋိပါဒေသိ။ တဿ ကုက္ကုစ္စံ အဟောသိ…ပေ… ‘‘အနာပတ္တိ, ဘိက္ခု, ပါရာဇိကဿ။ အာပတ္တိ ဒုက္ကဋဿာ’’တိ။</p>
<p class=""bodytext"">တေန ခေါ ပန သမယေန အညတရော ဘိက္ခု နာဂိယာ မေထုနံ ဓမ္မံ ပဋိသေဝိ… ယက္ခိနိယာ မေထုနံ ဓမ္မံ ပဋိသေဝိ… ပေတိယာ မေထုနံ ဓမ္မံ ပဋိသေဝိ <a name=""T1.0069""></a>… ပဏ္ဍကဿ မေထုနံ ဓမ္မံ ပဋိသေဝိ။ တဿ ကုက္ကုစ္စံ အဟောသိ…ပေ… ‘‘အာပတ္တိံ တွံ, ဘိက္ခု, အာပန္နော ပါရာဇိက’’န္တိ။</p>
<p class=""bodytext"">တေန ခေါ ပန သမယေန အညတရော ဘိက္ခု ဥပဟတိန္ဒြိယော ဟောတိ။ သော – ‘နာဟံ ဝေဒိယာမိ <span class=""note"">[ဝေဒယာမိ (က။)]</span> သုခံ ဝါ ဒုက္ခံ ဝါ, အနာပတ္တိ မေ ဘဝိဿတီ’တိ, မေထုနံ ဓမ္မံ ပဋိသေဝိ။ ဘဂဝတော ဧတမတ္ထံ အာရောစေသုံ။ ‘‘ဝေဒယိ ဝါ သော, ဘိက္ခဝေ, မောဃပုရိသော န ဝါ ဝေဒယိ, အာပတ္တိ ပါရာဇိကဿာ’’တိ။</p>
",
47,mula_vi_01,47,"<p class=""bodytext"">တေန <a name=""M0.0047""></a><a name=""V0.0044""></a> ခေါ ပန သမယေန အညတရော ဘိက္ခု – ‘ဣတ္ထိယာ မေထုနံ ဓမ္မံ ပဋိသေဝိဿာမီ’တိ, ဆုပိတမတ္တေ ဝိပ္ပဋိသာရီ အဟောသိ။ တဿ ကုက္ကုစ္စံ အဟောသိ…ပေ… ‘‘အနာပတ္တိ, ဘိက္ခု, ပါရာဇိကဿ။ အာပတ္တိ သံဃာဒိသေသဿာ’’တိ။</p>
<p class=""bodytext""><a name=""para74""></a><a name=""para74_vin1""></a><span class=""paranum"">၇၄</span>။ တေန ခေါ ပန သမယေန အညတရော ဘိက္ခု ဘဒ္ဒိယေ ဇာတိယာဝနေ ဒိဝါဝိဟာရဂတော နိပန္နော ဟောတိ။ တဿ အင်္ဂမင်္ဂါနိ ဝါတူပတ္ထဒ္ဓါနိ ဟောန္တိ။ အညတရာ ဣတ္ထီ ပဿိတွာ အင်္ဂဇာတေ အဘိနိသီဒိတွာ ယာဝဒတ္ထံ ကတွာ ပက္ကာမိ။ ဘိက္ခူ ကိလိန္နံ ပဿိတွာ ဘဂဝတော ဧတမတ္ထံ အာရောစေသုံ။ ‘‘ပဉ္စဟိ<a name=""P3.0038""></a>, ဘိက္ခဝေ, အာကာရေဟိ အင်္ဂဇာတံ ကမ္မနိယံ ဟောတိ – ရာဂေန, ဝစ္စေန, ပဿာဝေန, ဝါတေန, ဥစ္စာလိင်္ဂပါဏကဒဋ္ဌေန။ ဣမေဟိ ခေါ, ဘိက္ခဝေ, ပဉ္စဟာကာရေဟိ အင်္ဂဇာတံ ကမ္မနိယံ ဟောတိ<a name=""T1.0070""></a>။ အဋ္ဌာနမေတံ, ဘိက္ခဝေ, အနဝကာသော ယံ တဿ ဘိက္ခုနော ရာဂေန အင်္ဂဇာတံ ကမ္မနိယံ အဿ။ အရဟံ သော, ဘိက္ခဝေ, ဘိက္ခု။ အနာပတ္တိ, ဘိက္ခဝေ, တဿ ဘိက္ခုနော’’တိ။</p>
<p class=""bodytext"">တေန ခေါ ပန သမယေန အညတရော ဘိက္ခု သာဝတ္ထိယာ အန္ဓဝနေ ဒိဝါဝိဟာရဂတော နိပန္နော ဟောတိ။ အညတရာ ဂေါပါလိကာ ပဿိတွာ အင်္ဂဇာတေ အဘိနိသီဒိ။ သော ဘိက္ခု ပဝေသနံ သာဒိယိ, ပဝိဋ္ဌံ သာဒိယိ, ဌိတံ သာဒိယိ, ဥဒ္ဓရဏံ သာဒိယိ။ တဿ ကုက္ကုစ္စံ အဟောသိ…ပေ… ‘‘အာပတ္တိံ တွံ, ဘိက္ခု, အာပန္နော ပါရာဇိက’’န္တိ။</p>
<p class=""bodytext"">တေန ခေါ ပန သမယေန အညတရော ဘိက္ခု သာဝတ္ထိယာ အန္ဓဝနေ ဒိဝါဝိဟာရဂတော နိပန္နော ဟောတိ။ အညတရာ အဇပါလိကာ ပဿိတွာ… အညတရာ ကဋ္ဌဟာရိကာ ပဿိတွာ… အညတရာ ဂေါမယဟာရိကာ ပဿိတွာ အင်္ဂဇာတေ အဘိနိသီဒိ။ သော ဘိက္ခု ပဝေသနံ သာဒိယိ, ပဝိဋ္ဌံ သာဒိယိ, ဌိတံ သာဒိယိ, ဥဒ္ဓရဏံ သာဒိယိ။ တဿ ကုက္ကုစ္စံ အဟောသိ…ပေ… ‘‘အာပတ္တိံ တွံ, ဘိက္ခု, အာပန္နော ပါရာဇိက’’န္တိ။</p>
<p class=""bodytext""><a name=""para75""></a><a name=""para75_vin1""></a><span class=""paranum"">၇၅</span>။ တေန ခေါ ပန သမယေန အညတရော ဘိက္ခု ဝေသာလိယံ မဟာဝနေ ဒိဝါဝိဟာရဂတော နိပန္နော ဟောတိ။ အညတရာ ဣတ္ထီ ပဿိတွာ အင်္ဂဇာတေ အဘိနိသီဒိတွာ ယာဝဒတ္ထံ ကတွာ သာမန္တာ ဟသမာနာ ဌိတာ</p>
",-74-75-
48,mula_vi_01,48,"<p class=""noindentbodytext""> ဟောတိ<a name=""M0.0048""></a>။ သော ဘိက္ခု ပဋိဗုဇ္ဈိတွာ တံ ဣတ္ထိံ ဧတဒဝေါစ – ‘‘တုယှိဒံ ကမ္မ’’န္တိ? ‘‘အာမ, မယှံ ကမ္မ’’န္တိ။ တဿ ကုက္ကုစ္စံ အဟောသိ…ပေ… ‘‘သာဒိယိ တွံ, ဘိက္ခူ’’တိ? ‘‘နာဟံ, ဘဂဝါ, ဇာနာမီ’’တိ။ ‘‘အနာပတ္တိ, ဘိက္ခု, အဇာနန္တဿာ’’တိ။</p>
<p class=""bodytext""><a name=""para76""></a><a name=""para76_vin1""></a><span class=""paranum"">၇၆</span>။ တေန <a name=""T1.0071""></a><a name=""V0.0045""></a> ခေါ ပန သမယေန အညတရော ဘိက္ခု ဝေသာလိယံ မဟာဝနေ ဒိဝါဝိဟာရဂတော ရုက္ခံ အပဿာယ နိပန္နော ဟောတိ။ အညတရာ ဣတ္ထီ ပဿိတွာ အင်္ဂဇာတေ အဘိနိသီဒိ။ သော ဘိက္ခု သဟသာ ဝုဋ္ဌာသိ။ တဿ ကုက္ကုစ္စံ အဟောသိ…ပေ… ‘‘သာဒိယိ တွံ, ဘိက္ခူ’’တိ? ‘‘နာဟံ, ဘဂဝါ, သာဒိယိ’’န္တိ။ ‘‘အနာပတ္တိ, ဘိက္ခု, အသာဒိယန္တဿာ’’တိ။</p>
<p class=""bodytext"">တေန ခေါ ပန သမယေန အညတရော ဘိက္ခု ဝေသာလိယံ မဟာဝနေ ဒိဝါဝိဟာရဂတော ရုက္ခံ အပဿာယ နိပန္နော ဟောတိ။ အညတရာ ဣတ္ထီ ပဿိတွာ အင်္ဂဇာတေ အဘိနိသီဒိ။ သော ဘိက္ခု အက္ကမိတွာ ပဝတ္တေသိ <span class=""note"">[ပဝဋ္ဋေသိ (သီ။ သျာ။)]</span>။ တဿ ကုက္ကုစ္စံ အဟောသိ…ပေ… ‘‘သာဒိယိ တွံ, ဘိက္ခူ’’တိ? ‘‘နာဟံ, ဘဂဝါ, သာဒိယိ’’န္တိ။ ‘‘အနာပတ္တိ, ဘိက္ခု, အသာဒိယန္တဿာ’’တိ။</p>
<p class=""bodytext""><a name=""para77""></a><a name=""para77_vin1""></a><span class=""paranum"">၇၇</span>။ တေန ခေါ ပန သမယေန အညတရော ဘိက္ခု ဝေသာလိယံ မဟာဝနေ ကူဋာဂါရသာလာယံ ဒိဝါဝိဟာရဂတော ဒွါရံ ဝိဝရိတွာ နိပန္နော ဟောတိ။ တဿ အင်္ဂမင်္ဂါနိ ဝါတူပတ္ထဒ္ဓါနိ ဟောန္တိ။ တေန ခေါ ပန သမယေန သမ္ဗဟုလာ ဣတ္ထိယော ဂန္ဓဉ္စ မာလဉ္စ <a name=""P3.0039""></a> အာဒါယ အာရာမံ အာဂမံသု ဝိဟာရပေက္ခိကာယော။ အထ ခေါ တာ ဣတ္ထိယော တံ ဘိက္ခုံ ပဿိတွာ အင်္ဂဇာတေ အဘိနိသီဒိတွာ ယာဝဒတ္ထံ ကတွာ, ပုရိသူသဘော ဝတာယန္တိ ဝတွာ ဂန္ဓဉ္စ မာလဉ္စ အာရောပေတွာ ပက္ကမိံသု။ ဘိက္ခူ ကိလိန္နံ ပဿိတွာ ဘဂဝတော ဧတမတ္ထံ အာရောစေသုံ။ ‘‘ပဉ္စဟိ, ဘိက္ခဝေ, အာကာရေဟိ အင်္ဂဇာတံ ကမ္မနိယံ ဟောတိ – ရာဂေန, ဝစ္စေန, ပဿာဝေန, ဝါတေန, ဥစ္စာလိင်္ဂပါဏကဒဋ္ဌေန။ ဣမေဟိ <a name=""T1.0072""></a> ခေါ, ဘိက္ခဝေ, ပဉ္စဟာကာရေဟိ အင်္ဂဇာတံ ကမ္မနိယံ ဟောတိ။ အဋ္ဌာနမေတံ, ဘိက္ခဝေ, အနဝကာသော, ယံ တဿ ဘိက္ခုနော ရာဂေန အင်္ဂဇာတံ ကမ္မနိယံ အဿ။ အရဟံ သော, ဘိက္ခဝေ, ဘိက္ခု။ အနာပတ္တိ, ဘိက္ခဝေ, တဿ ဘိက္ခုနော။ အနုဇာနာမိ, ဘိက္ခဝေ, ဒိဝါ ပဋိသလ္လီယန္တေန ဒွါရံ သံဝရိတွာ ပဋိသလ္လီယိတု’’န္တိ။</p>
",-76-77-
49,mula_vi_01,49,"<p class=""bodytext""><a name=""para78""></a><a name=""para78_vin1""></a><span class=""paranum"">၇၈</span>။ တေန <a name=""M0.0049""></a> ခေါ ပန သမယေန အညတရော ဘာရုကစ္ဆကော ဘိက္ခု သုပိနန္တေ <span class=""note"">[သုပိနန္တေန (သီ။ သျာ။)]</span> ပုရာဏဒုတိယိကာယ မေထုနံ ဓမ္မံ ပဋိသေဝိတွာ – ‘အဿမဏော အဟံ, ဝိဗ္ဘမိဿာမီ’တိ, ဘာရုကစ္ဆံ ဂစ္ဆန္တော အန္တရာမဂ္ဂေ အာယသ္မန္တံ ဥပါလိံ ပဿိတွာ ဧတမတ္ထံ အာရောစေသိ။ အာယသ္မာ ဥပါလိ ဧဝမာဟ – ‘‘အနာပတ္တိ, အာဝုသော, သုပိနန္တေနာ’’တိ။</p>
<p class=""bodytext"">တေန ခေါ ပန သမယေန ရာဇဂဟေ သုပဗ္ဗာ နာမ ဥပါသိကာ မုဓပ္ပသန္နာ <span class=""note"">[မုဒ္ဓပ္ပသန္နာ (သီ။)]</span> ဟောတိ။ သာ ဧဝံဒိဋ္ဌိကာ ဟောတိ – ‘‘ယာ မေထုနံ ဓမ္မံ ဒေတိ သာ အဂ္ဂဒါနံ ဒေတီ’’တိ။ သာ ဘိက္ခုံ ပဿိတွာ ဧတဒဝေါစ – <a name=""V0.0046""></a> ‘‘ဧဟိ, ဘန္တေ, မေထုနံ ဓမ္မံ ပဋိသေဝါ’’တိ။ ‘‘အလံ, ဘဂိနိ, နေတံ ကပ္ပတီ’’တိ။ ‘‘ဧဟိ, ဘန္တေ, ဦရုန္တရိကာယ <span class=""note"">[ဦရန္တရိကာယ (သီ။)]</span> ဃဋ္ဋေဟိ, ဧဝံ တေ အနာပတ္တိ ဘဝိဿတီ’’တိ…ပေ… <a name=""T1.0073""></a> ဧဟိ, ဘန္တေ, နာဘိယံ ဃဋ္ဋေဟိ… ဧဟိ, ဘန္တေ, ဥဒရဝဋ္ဋိယံ ဃဋ္ဋေဟိ… ဧဟိ, ဘန္တေ, ဥပကစ္ဆကေ ဃဋ္ဋေဟိ… ဧဟိ, ဘန္တေ, ဂီဝါယံ ဃဋ္ဋေဟိ… ဧဟိ, ဘန္တေ, ကဏ္ဏစ္ဆိဒ္ဒေ ဃဋ္ဋေဟိ… ဧဟိ, ဘန္တေ, ကေသဝဋ္ဋိယံ ဃဋ္ဋေဟိ… ဧဟိ, ဘန္တေ, အင်္ဂုလန္တရိကာယ ဃဋ္ဋေဟိ… ‘‘ဧဟိ, ဘန္တေ, ဟတ္ထေန ဥပက္ကမိတွာ မောစေဿာမိ, ဧဝံ တေ အနာပတ္တိ ဘဝိဿတီ’’တိ။ သော ဘိက္ခု တထာ အကာသိ။ တဿ ကုက္ကုစ္စံ အဟောသိ…ပေ… ‘‘အနာပတ္တိ, ဘိက္ခု, ပါရာဇိကဿ။ အာပတ္တိ သံဃာဒိသေသဿာ’’တိ။</p>
<p class=""bodytext""><a name=""para79""></a><a name=""para79_vin1""></a><span class=""paranum"">၇၉</span>။ တေန ခေါ ပန သမယေန သာဝတ္ထိယံ သဒ္ဓါ နာမ ဥပါသိကာ မုဓပ္ပသန္နာ ဟောတိ။ သာ ဧဝံဒိဋ္ဌိကာ ဟောတိ – ‘‘ယာ မေထုနံ ဓမ္မံ ဒေတိ သာ အဂ္ဂဒါနံ ဒေတီ’’တိ။ သာ ဘိက္ခုံ ပဿိတွာ ဧတဒဝေါစ – ‘‘ဧဟိ, ဘန္တေ, မေထုနံ ဓမ္မံ ပဋိသေဝါ’’တိ။ ‘‘အလံ, ဘဂိနိ, နေတံ ကပ္ပတီ’’တိ။ ‘‘ဧဟိ, ဘန္တေ, ဦရုန္တရိကာယ ဃဋ္ဋေဟိ…ပေ… <a name=""T1.0074""></a> ဧဟိ, ဘန္တေ, ဟတ္ထေန ဥပက္ကမိတွာ မောစေဿာမိ, ဧဝံ တေ အနာပတ္တိ ဘဝိဿတီ’’တိ။ သော ဘိက္ခု တထာ အကာသိ။ တဿ ကုက္ကုစ္စံ အဟောသိ…ပေ… ‘‘အနာပတ္တိ, ဘိက္ခု, ပါရာဇိကဿ။ အာပတ္တိ သံဃာဒိသေသဿာ’’တိ။</p>
<p class=""bodytext""><a name=""para80""></a><a name=""para80_vin1""></a><span class=""paranum"">၈၀</span>။ တေန ခေါ ပန သမယေန ဝေသာလိယံ လိစ္ဆဝိကုမာရကာ ဘိက္ခုံ ဂဟေတွာ ဘိက္ခုနိယာ ဝိပ္ပဋိပါဒေသုံ… သိက္ခမာနာယ ဝိပ္ပဋိပါဒေသုံ… သာမဏေရိယာ ဝိပ္ပဋိပါဒေသုံ။ ဥဘော <a name=""P3.0040""></a> သာဒိယိံသု။ ဥဘော နာသေတဗ္ဗာ။ ဥဘော န သာဒိယိံသု။ ဥဘိန္နံ အနာပတ္တိ။</p>
",-78-79-80-
50,mula_vi_01,50,"<p class=""bodytext""><a name=""para81""></a><a name=""para81_vin1""></a><span class=""paranum"">၈၁</span>။ တေန <a name=""M0.0050""></a> ခေါ ပန သမယေန ဝေသာလိယံ လိစ္ဆဝိကုမာရကာ ဘိက္ခုံ ဂဟေတွာ ဝေသိယာ ဝိပ္ပဋိပါဒေသုံ… ပဏ္ဍကေ ဝိပ္ပဋိပါဒေသုံ… ဂိဟိနိယာ <a name=""T1.0075""></a> ဝိပ္ပဋိပါဒေသုံ။ ဘိက္ခု သာဒိယိ။ ဘိက္ခု နာသေတဗ္ဗော။ ဘိက္ခု န သာဒိယိ။ ဘိက္ခုဿ အနာပတ္တိ။</p>
<p class=""bodytext"">တေန ခေါ ပန သမယေန ဝေသာလိယံ လိစ္ဆဝိကုမာရကာ ဘိက္ခူ ဂဟေတွာ အညမညံ ဝိပ္ပဋိပါဒေသုံ။ ဥဘော သာဒိယိံသု။ ဥဘော နာသေတဗ္ဗာ။ ဥဘော န သာဒိယိံသု။ ဥဘိန္နံ အနာပတ္တိ။</p>
<p class=""bodytext""><a name=""para82""></a><a name=""para82_vin1""></a><span class=""paranum"">၈၂</span>။ တေန ခေါ ပန သမယေန အညတရော ဝုဍ္ဎပဗ္ဗဇိတော ဘိက္ခု ပုရာဏဒုတိယိကာယ ဒဿနံ အဂမာသိ။ သာ – ‘ဧဟိ, ဘန္တေ, ဝိဗ္ဘမာ’တိ အဂ္ဂဟေသိ။ သော ဘိက္ခု ပဋိက္ကမန္တော ဥတ္တာနော ပရိပတိ။ သာ ဥဗ္ဘဇိတွာ <span class=""note"">[ဥဗ္ဘုဇိတွာ (သီ။ သျာ။)]</span> အင်္ဂဇာတေ <span class=""note"">[အင်္ဂဇာတေန (သီ။)]</span> အဘိနိသီဒိ။ တဿ ကုက္ကုစ္စံ အဟောသိ <a name=""V0.0047""></a> …ပေ… ‘‘သာဒိယိ တွံ, ဘိက္ခူ’’တိ? ‘‘နာဟံ, ဘဂဝါ, သာဒိယိ’’န္တိ။ ‘‘အနာပတ္တိ, ဘိက္ခု, အသာဒိယန္တဿာ’’တိ။</p>
<p class=""bodytext""><a name=""para83""></a><a name=""para83_vin1""></a><span class=""paranum"">၈၃</span>။ တေန ခေါ ပန သမယေန အညတရော ဘိက္ခု အရညေ ဝိဟရတိ။ မိဂပေါတကော တဿ ပဿာဝဋ္ဌာနံ အာဂန္တွာ ပဿာဝံ ပိဝန္တော မုခေန အင်္ဂဇာတံ အဂ္ဂဟေသိ။ သော ဘိက္ခု သာဒိယိ။ တဿ ကုက္ကုစ္စံ အဟောသိ…ပေ… ‘‘အာပတ္တိံ တွံ, ဘိက္ခု, အာပန္နော ပါရာဇိက’’န္တိ။</p>
<p class=""centered"">ပဌမပါရာဇိကံ သမတ္တံ။</p>
<p class=""title"">၂။ ဒုတိယပါရာဇိကံ</p>
<p class=""bodytext""><a name=""para84""></a><a name=""para84_vin1""></a><span class=""paranum"">၈၄</span>။ တေန <a name=""T1.0076""></a><a name=""P3.0041""></a> သမယေန ဗုဒ္ဓေါ ဘဂဝါ ရာဇဂဟေ ဝိဟရတိ ဂိဇ္ဈကူဋေ ပဗ္ဗတေ။ တေန ခေါ ပန သမယေန သမ္ဗဟုလာ သန္ဒိဋ္ဌာ သမ္ဘတ္တာ ဘိက္ခူ ဣသိဂိလိပဿေ တိဏကုဋိယော ကရိတွာ ဝဿံ ဥပဂစ္ဆိံသု။ အာယသ္မာပိ ဓနိယော ကုမ္ဘကာရပုတ္တော တိဏကုဋိကံ ကရိတွာ ဝဿံ ဥပဂစ္ဆိ။ အထ ခေါ</p>
",-81-82-83-84-
51,mula_vi_01,51,"<p class=""noindentbodytext""> တေ<a name=""M0.0051""></a> ဘိက္ခူ ဝဿံဝုဋ္ဌာ တေမာသစ္စယေန တိဏကုဋိယော ဘိန္ဒိတွာ တိဏဉ္စ ကဋ္ဌဉ္စ ပဋိသာမေတွာ ဇနပဒစာရိကံ ပက္ကမိံသု။ အာယသ္မာ ပန ဓနိယော ကုမ္ဘကာရပုတ္တော တတ္ထေဝ ဝဿံ ဝသိ, တတ္ထ ဟေမန္တံ, တတ္ထ ဂိမှံ။ အထ ခေါ အာယသ္မတော ဓနိယဿ ကုမ္ဘကာရပုတ္တဿ ဂါမံ ပိဏ္ဍာယ ပဝိဋ္ဌဿ တိဏဟာရိယော ကဋ္ဌဟာရိယော တိဏကုဋိကံ ဘိန္ဒိတွာ တိဏဉ္စ ကဋ္ဌဉ္စ အာဒါယ အဂမံသု။ ဒုတိယမ္ပိ ခေါ အာယသ္မာ ဓနိယော ကုမ္ဘကာရပုတ္တော တိဏဉ္စ ကဋ္ဌဉ္စ သံကဍ္ဎိတွာ တိဏကုဋိကံ အကာသိ။ ဒုတိယမ္ပိ ခေါ အာယသ္မတော ဓနိယဿ ကုမ္ဘကာရပုတ္တဿ ဂါမံ ပိဏ္ဍာယ ပဝိဋ္ဌဿ တိဏဟာရိယော ကဋ္ဌဟာရိယော တိဏကုဋိကံ ဘိန္ဒိတွာ တိဏဉ္စ ကဋ္ဌဉ္စ အာဒါယ အဂမံသု။ တတိယမ္ပိ ခေါ အာယသ္မာ ဓနိယော ကုမ္ဘကာရပုတ္တော တိဏဉ္စ ကဋ္ဌဉ္စ သံကဍ္ဎိတွာ တိဏကုဋိကံ အကာသိ။ တတိယမ္ပိ ခေါ အာယသ္မတော ဓနိယဿ ကုမ္ဘကာရပုတ္တဿ ဂါမံ ပိဏ္ဍာယ ပဝိဋ္ဌဿ တိဏဟာရိယော ကဋ္ဌဟာရိယော တိဏကုဋိကံ ဘိန္ဒိတွာ တိဏဉ္စ ကဋ္ဌဉ္စ အာဒါယ အဂမံသု။</p>
<p class=""bodytext"">အထ ခေါ အာယသ္မတော ဓနိယဿ ကုမ္ဘကာရပုတ္တဿ <a name=""T1.0077""></a> ဧတဒဟောသိ – ‘‘ယာဝတတိယကံ ခေါ မေ ဂါမံ ပိဏ္ဍာယ ပဝိဋ္ဌဿ တိဏဟာရိယော ကဋ္ဌဟာရိယော တိဏကုဋိကံ ဘိန္ဒိတွာ တိဏဉ္စ ကဋ္ဌဉ္စ အာဒါယ အဂမံသု။ အဟံ ခေါ ပန သုသိက္ခိတော အနဝယော သကေ အာစရိယကေ ကုမ္ဘကာရကမ္မေ ပရိယောဒါတသိပ္ပေါ<a name=""V0.0048""></a>။ ယံနူနာဟံ သာမံ စိက္ခလ္လံ မဒ္ဒိတွာ သဗ္ဗမတ္တိကာမယံ ကုဋိကံ ကရေယျ’’န္တိ! အထ ခေါ အာယသ္မာ ဓနိယော ကုမ္ဘကာရပုတ္တော သာမံ စိက္ခလ္လံ မဒ္ဒိတွာ သဗ္ဗမတ္တိကာမယံ <a name=""P3.0042""></a> ကုဋိကံ ကရိတွာ တိဏဉ္စ ကဋ္ဌဉ္စ ဂေါမယဉ္စ သံကဍ္ဎိတွာ တံ ကုဋိကံ ပစိ။ သာ အဟောသိ ကုဋိကာ အဘိရူပါ ဒဿနီယာ ပါသာဒိကာ လောဟိတိကာ <span class=""note"">[လောဟိတကာ (သျာ။)]</span>, သေယျထာပိ ဣန္ဒဂေါပကော။ သေယျထာပိ နာမ ကိင်္ကဏိကသဒ္ဒေါ <span class=""note"">[ကိင်္ကိဏိကသဒ္ဒေါ (သီ။ သျာ။)]</span> ဧဝမေဝံ တဿာ ကုဋိကာယ သဒ္ဒေါ အဟောသိ။</p>
<p class=""bodytext""><a name=""para85""></a><a name=""para85_vin1""></a><span class=""paranum"">၈၅</span>။ အထ ခေါ ဘဂဝါ သမ္ဗဟုလေဟိ ဘိက္ခူဟိ သဒ္ဓိံ ဂိဇ္ဈကူဋာ ပဗ္ဗတာ ဩရောဟန္တော အဒ္ဒသ တံ ကုဋိကံ အဘိရူပံ ဒဿနီယံ ပါသာဒိကံ လောဟိတိကံ။ ဒိသွာန ဘိက္ခူ အာမန္တေသိ – ‘‘ကိံ ဧတံ, ဘိက္ခဝေ, အဘိရူပံ ဒဿနီယံ ပါသာဒိကံ လောဟိတိကံ, သေယျထာပိ ဣန္ဒဂေါပကော’’တိ? အထ ခေါ တေ ဘိက္ခူ ဘဂဝတော ဧတမတ္ထံ အာရောစေသုံ။ ဝိဂရဟိ ဗုဒ္ဓေါ ဘဂဝါ – ‘‘အနနုစ္ဆဝိကံ, ဘိက္ခဝေ, တဿ မောဃပုရိသဿ အနနုလောမိကံ အပ္ပတိရူပံ</p>
",-85-
52,mula_vi_01,52,"<p class=""noindentbodytext""> အဿာမဏကံ<a name=""M0.0052""></a> အကပ္ပိယံ အကရဏီယံ။ ကထဉှိ နာမ သော, ဘိက္ခဝေ, မောဃပုရိသော သဗ္ဗမတ္တိကာမယံ ကုဋိကံ ကရိဿတိ! န ဟိ နာမ, ဘိက္ခဝေ, တဿ မောဃပုရိသဿ ပါဏေသု အနုဒ္ဒယာ အနုကမ္ပာ အဝိဟေသာ ဘဝိဿတိ! ဂစ္ဆထေတံ, ဘိက္ခဝေ, ကုဋိကံ <a name=""T1.0078""></a> ဘိန္ဒထ။ မာ ပစ္ဆိမာ ဇနတာ ပါဏေသု ပါတဗျတံ အာပဇ္ဇိ။ န စ, ဘိက္ခဝေ, သဗ္ဗမတ္တိကာမယာ ကုဋိကာ ကာတဗ္ဗာ။ ယော ကရေယျ, အာပတ္တိ ဒုက္ကဋဿာ’’တိ။ ‘‘ဧဝံ, ဘန္တေ’’တိ, ခေါ တေ ဘိက္ခူ ဘဂဝတော ပဋိဿုဏိတွာ ယေန သာ ကုဋိကာ တေနုပသင်္ကမိံသု၊ ဥပသင်္ကမိတွာ တံ ကုဋိကံ ဘိန္ဒိံသု။ အထ ခေါ အာယသ္မာ ဓနိယော ကုမ္ဘကာရပုတ္တော တေ ဘိက္ခူ ဧတဒဝေါစ – ‘‘ကိဿ မေ တုမှေ, အာဝုသော, ကုဋိကံ ဘိန္ဒထာ’’တိ? ‘‘ဘဂဝါ, အာဝုသော, ဘေဒါပေတီ’’တိ။ ‘‘ဘိန္ဒထာဝုသော, သစေ ဓမ္မဿာမီ ဘေဒါပေတီ’’တိ။</p>
<p class=""bodytext""><a name=""para86""></a><a name=""para86_vin1""></a><span class=""paranum"">၈၆</span>။ အထ ခေါ အာယသ္မတော ဓနိယဿ ကုမ္ဘကာရပုတ္တဿ ဧတဒဟောသိ – ‘‘ယာဝတတိယကံ ခေါ မေ ဂါမံ ပိဏ္ဍာယ ပဝိဋ္ဌဿ တိဏဟာရိယော ကဋ္ဌဟာရိယော တိဏကုဋိကံ ဘိန္ဒိတွာ တိဏဉ္စ ကဋ္ဌဉ္စ အာဒါယ အဂမံသု။ ယာပိ မယာ သဗ္ဗမတ္တိကာမယာ ကုဋိကာ ကတာ သာပိ ဘဂဝတာ ဘေဒါပိတာ။ အတ္ထိ စ မေ ဒါရုဂဟေ ဂဏကော သန္ဒိဋ္ဌော။ ယံနူနာဟံ ဒါရုဂဟေ ဂဏကံ ဒါရူနိ ယာစိတွာ ဒါရုကုဋိကံ ကရေယျ’’န္တိ။ အထ ခေါ အာယသ္မာ ဓနိယော ကုမ္ဘကာရပုတ္တော ယေန ဒါရုဂဟေ ဂဏကော တေနုပသင်္ကမိ၊ ဥပသင်္ကမိတွာ ဒါရုဂဟေ ဂဏကံ ဧတဒဝေါစ – ‘‘ယာဝတတိယကံ ခေါ မေ, အာဝုသော, ဂါမံ ပိဏ္ဍာယ ပဝိဋ္ဌဿ တိဏဟာရိယော ကဋ္ဌဟာရိယော တိဏကုဋိကံ ဘိန္ဒိတွာ တိဏဉ္စ ကဋ္ဌဉ္စ အာဒါယ အဂမံသု။ ယာပိ မယာ သဗ္ဗမတ္တိကာမယာ ကုဋိကာ ကတာ သာပိ ဘဂဝတာ ဘေဒါပိတာ<a name=""V0.0049""></a>။ ဒေဟိ မေ, အာဝုသော, ဒါရူနိ။ ဣစ္ဆာမိ ဒါရုကုဋိကံ <span class=""note"">[ဒါရုကုဍ္ဍိကံ ကုဋိကံ (သီ။)]</span> ကာတု’’န္တိ။ ‘‘နတ္ထိ, ဘန္တေ, တာဒိသာနိ ဒါရူနိ ယာနာဟံ <a name=""T1.0079""></a> အယျဿ ဒဒေယျံ။ အတ္ထိ<a name=""P3.0043""></a>, ဘန္တေ, ဒေဝဂဟဒါရူနိ နဂရပဋိသင်္ခါရိကာနိ အာပဒတ္ထာယ နိက္ခိတ္တာနိ။ သစေ တာနိ ဒါရူနိ ရာဇာ ဒါပေတိ ဟရာပေထ, ဘန္တေ’’တိ။ ‘‘ဒိန္နာနိ, အာဝုသော, ရညာ’’တိ။ အထ ခေါ ဒါရုဂဟေ ဂဏကဿ ဧတဒဟောသိ – ‘‘ဣမေ ခေါ သမဏာ သကျပုတ္တိယာ ဓမ္မစာရိနော သမစာရိနော <span class=""note"">[သမ္မစာရိနော (က။)]</span> ဗြဟ္မစာရိနော သစ္စဝါဒိနော သီလဝန္တော ကလျာဏဓမ္မာ။ ရာဇာပိမေသံ အဘိပ္ပသန္နော။ နာရဟတိ အဒိန္နံ ဒိန္နန္တိ ဝတ္တု’’န္တိ။ အထ ခေါ</p>
",-86-
53,mula_vi_01,53,"<p class=""noindentbodytext""> ဒါရုဂဟေ<a name=""M0.0053""></a> ဂဏကော အာယသ္မန္တံ ဓနိယံ ကုမ္ဘကာရပုတ္တံ ဧတဒဝေါစ – ‘‘ဟရာပေထ, ဘန္တေ’’တိ။ အထ ခေါ အာယသ္မာ ဓနိယော ကုမ္ဘကာရပုတ္တော တာနိ ဒါရူနိ ခဏ္ဍာခဏ္ဍိကံ ဆေဒါပေတွာ သကဋေဟိ နိဗ္ဗာဟာပေတွာ ဒါရုကုဋိကံ အကာသိ။</p>
<p class=""bodytext""><a name=""para87""></a><a name=""para87_vin1""></a><span class=""paranum"">၈၇</span>။ အထ ခေါ ဝဿကာရော ဗြာဟ္မဏော မဂဓမဟာမတ္တော ရာဇဂဟေ ကမ္မန္တေ အနုသညာယမာနော ယေန ဒါရုဂဟေ ဂဏကော တေနုပသင်္ကမိ၊ ဥပသင်္ကမိတွာ ဒါရုဂဟေ ဂဏကံ ဧတဒဝေါစ – ‘‘ယာနိ တာနိ, ဘဏေ, ဒေဝဂဟဒါရူနိ နဂရပဋိသင်္ခါရိကာနိ အာပဒတ္ထာယ နိက္ခိတ္တာနိ ကဟံ တာနိ ဒါရူနီ’’တိ? ‘‘တာနိ, သာမိ, ဒါရူနိ ဒေဝေန အယျဿ ဓနိယဿ ကုမ္ဘကာရပုတ္တဿ ဒိန္နာနီ’’တိ။ အထ ခေါ ဝဿကာရော ဗြာဟ္မဏော မဂဓမဟာမတ္တော <a name=""T1.0080""></a> အနတ္တမနော အဟောသိ – ‘‘ကထဉှိ နာမ ဒေဝေါ ဒေဝဂဟဒါရူနိ နဂရပဋိသင်္ခါရိကာနိ အာပဒတ္ထာယ နိက္ခိတ္တာနိ ဓနိယဿ ကုမ္ဘကာရပုတ္တဿ ဒဿတီ’’တိ! အထ ခေါ ဝဿကာရော ဗြာဟ္မဏော မဂဓမဟာမတ္တော ယေန ရာဇာ မာဂဓော သေနိယော ဗိမ္ဗိသာရော တေနုပသင်္ကမိ၊ ဥပသင်္ကမိတွာ ရာဇာနံ မာဂဓံ သေနိယံ ဗိမ္ဗိသာရံ ဧတဒဝေါစ – ‘‘သစ္စံ ကိရ, ဒေဝေန <span class=""note"">[သစ္စံ ကိရ ဒေဝ ဒေဝေန (သီ။)]</span> ဒေဝဂဟဒါရူနိ နဂရပဋိသင်္ခါရိကာနိ အာပဒတ္ထာယ နိက္ခိတ္တာနိ ဓနိယဿ ကုမ္ဘကာရပုတ္တဿ ဒိန္နာနီ’’တိ? ‘‘ကော ဧဝမာဟာ’’တိ? ‘‘ဒါရုဂဟေ ဂဏကော, ဒေဝါ’’တိ။ ‘‘တေန ဟိ, ဗြာဟ္မဏ, ဒါရုဂဟေ ဂဏကံ အာဏာပေဟီ’’တိ။ အထ ခေါ ဝဿကာရော ဗြာဟ္မဏော မဂဓမဟာမတ္တော ဒါရုဂဟေ ဂဏကံ ဗန္ဓံ <span class=""note"">[ဗဒ္ဓံ (သီ။)]</span> အာဏာပေသိ။ အဒ္ဒသ ခေါ အာယသ္မာ ဓနိယော ကုမ္ဘကာရပုတ္တော ဒါရုဂဟေ ဂဏကံ ဗန္ဓံ နိယျမာနံ။ ဒိသွာန ဒါရုဂဟေ ဂဏကံ ဧတဒဝေါစ – ‘‘ကိဿ တွံ, အာဝုသော, ဗန္ဓော နိယျာသီ’’တိ? ‘‘တေသံ, ဘန္တေ, ဒါရူနံ ကိစ္စာ’’တိ။ ‘‘ဂစ္ဆာဝုသော, အဟမ္ပိ အာဂစ္ဆာမီ’’တိ။ ‘‘ဧယျာသိ, ဘန္တေ, ပုရာဟံ ဟညာမီ’’တိ။</p>
<p class=""bodytext""><a name=""para88""></a><a name=""para88_vin1""></a><span class=""paranum"">၈၈</span>။ အထ ခေါ အာယသ္မာ ဓနိယော ကုမ္ဘကာရပုတ္တော ယေန ရညော မာဂဓဿ သေနိယဿ ဗိမ္ဗိသာရဿ နိဝေသနံ တေနုပသင်္ကမိ၊ ဥပသင်္ကမိတွာ ပညတ္တေ အာသနေ နိသီဒိ။ အထ ခေါ ရာဇာ မာဂဓော <a name=""V0.0050""></a> သေနိယော ဗိမ္ဗိသာရော ယေနာယသ္မာ ဓနိယော ကုမ္ဘကာရပုတ္တော <a name=""P3.0044""></a> တေနုပသင်္ကမိ၊ ဥပသင်္ကမိတွာ အာယသ္မန္တံ <a name=""T1.0081""></a> ဓနိယံ ကုမ္ဘကာရပုတ္တံ အဘိဝါဒေတွာ ဧကမန္တံ နိသီဒိ။ ဧကမန္တံ နိသိန္နော ခေါ ရာဇာ မာဂဓော သေနိယော ဗိမ္ဗိသာရော အာယသ္မန္တံ ဓနိယံ</p>
",-87-88-
54,mula_vi_01,54,"<p class=""noindentbodytext""> ကုမ္ဘကာရပုတ္တံ<a name=""M0.0054""></a> ဧတဒဝေါစ – ‘‘သစ္စံ ကိရ မယာ, ဘန္တေ, ဒေဝဂဟဒါရူနိ နဂရပဋိသင်္ခါရိကာနိ အာပဒတ္ထာယ နိက္ခိတ္တာနိ အယျဿ ဒိန္နာနီ’’တိ? ‘‘ဧဝံ, မဟာရာဇာ’’တိ။ ‘‘မယံ ခေါ, ဘန္တေ, ရာဇာနော နာမ ဗဟုကိစ္စာ ဗဟုကရဏီယာ, ဒတွာပိ န သရေယျာမ၊ ဣင်္ဃ, ဘန္တေ, သရာပေဟီ’’တိ။ ‘‘သရသိ တွံ, မဟာရာဇ, ပဌမာဘိသိတ္တော ဧဝရူပိံ ဝါစံ ဘာသိတာ – ‘‘ဒိန္နညေဝ သမဏဗြာဟ္မဏာနံ တိဏကဋ္ဌောဒကံ ပရိဘုဉ္ဇန္တူ’’တိ။ ‘‘သရာမဟံ, ဘန္တေ။ သန္တိ, ဘန္တေ, သမဏဗြာဟ္မဏာ လဇ္ဇိနော ကုက္ကုစ္စကာ သိက္ခာကာမာ။ တေသံ အပ္ပမတ္တကေပိ ကုက္ကုစ္စံ ဥပ္ပဇ္ဇတိ။ တေသံ မယာ သန္ဓာယ ဘာသိတံ, တဉ္စ ခေါ အရညေ အပရိဂ္ဂဟိတံ။ သော တွံ, ဘန္တေ, တေန လေသေန ဒါရူနိ အဒိန္နံ ဟရိတုံ မညသိ! ကထဉှိ နာမ မာဒိသော သမဏံ ဝါ ဗြာဟ္မဏံ ဝါ ဝိဇိတေ ဝသန္တံ ဟနေယျ ဝါ ဗန္ဓေယျ ဝါ ပဗ္ဗာဇေယျ ဝါ! ဂစ္ဆ, ဘန္တေ, လောမေန တွံ မုတ္တောသိ။ မာဿု ပုနပိ ဧဝရူပံ အကာသီ’’တိ။ မနုဿာ ဥဇ္ဈာယန္တိ ခိယျန္တိ ဝိပါစေန္တိ – ‘‘အလဇ္ဇိနော ဣမေ သမဏာ သကျပုတ္တိယာ ဒုဿီလာ မုသာဝါဒိနော။ ဣမေ ဟိ နာမ ဓမ္မစာရိနော <a name=""T1.0082""></a> သမစာရိနော ဗြာဟ္မစာရိနော သစ္စဝါဒိနော သီလဝန္တော ကလျာဏဓမ္မာ ပဋိဇာနိဿန္တိ! နတ္ထိ ဣမေသံ သာမညံ, နတ္ထိ ဣမေသံ ဗြဟ္မညံ။ နဋ္ဌံ ဣမေသံ သာမညံ, နဋ္ဌံ ဣမေသံ ဗြဟ္မညံ။ ကုတော ဣမေသံ သာမညံ, ကုတော ဣမေသံ ဗြဟ္မညံ! အပဂတာ ဣမေ သာမညာ, အပဂတာ ဣမေ ဗြဟ္မညာ။ ရာဇာနမ္ပိ ဣမေ ဝဉ္စေန္တိ, ကိံ ပနညေ မနုဿေ’’တိ! အဿောသုံ ခေါ ဘိက္ခူ တေသံ မနုဿာနံ ဥဇ္ဈာယန္တာနံ ခိယျန္တာနံ ဝိပါစေန္တာနံ။ ယေ တေ ဘိက္ခူ အပ္ပိစ္ဆာ သန္တုဋ္ဌာ လဇ္ဇိနော ကုက္ကုစ္စကာ သိက္ခာကာမာ တေ ဥဇ္ဈာယန္တိ ခိယျန္တိ ဝိပါစေန္တိ – ‘‘ကထဉှိ နာမ အာယသ္မာ ဓနိယော ကုမ္ဘကာရပုတ္တော ရညော ဒါရူနိ အဒိန္နံ အာဒိယိဿတီ’’တိ! အထ ခေါ တေ ဘိက္ခူ အာယသ္မန္တံ ဓနိယံ ကုမ္ဘကာရပုတ္တံ အနေကပရိယာယေန ဝိဂရဟိတွာ ဘဂဝတော ဧတမတ္ထံ အာရောစေသုံ။ အထ ခေါ ဘဂဝါ ဧတသ္မိံ နိဒါနေ ဧတသ္မိံ ပကရဏေ ဘိက္ခုသံဃံ သန္နိပါတာပေတွာ အာယသ္မန္တံ ဓနိယံ ကုမ္ဘကာရပုတ္တံ ပဋိပုစ္ဆိ – ‘‘သစ္စံ ကိရ တွံ, ဓနိယ, ရညော ဒါရူနိ အဒိန္နံ အာဒိယီ’’တိ? ‘‘သစ္စံ, ဘဂဝါ’’တိ။ ဝိဂရဟိ ဗုဒ္ဓေါ ဘဂဝါ – ‘‘အနနုစ္ဆဝိကံ, မောဃပုရိသ, အနနုလောမိကံ အပ္ပတိရူပံ အဿာမဏကံ အကပ္ပိယံ အကရဏီယံ။ ကထဉှိ နာမ တွံ, မောဃပုရိသ<a name=""P3.0045""></a>, ရညော ဒါရူနိ အဒိန္နံ အာဒိယိဿသိ! နေတံ, မောဃပုရိသ, အပ္ပသန္နာနံ ဝါ ပသာဒါယ ပသန္နာနံ ဝါ ဘိယျောဘာဝါယ၊ အထခွေတံ, မောဃပုရိသ, အပ္ပသန္နာနဉ္စေဝ အပ္ပသာဒါယ ပသန္နာနဉ္စ ဧကစ္စာနံ အညထတ္တာယာ’’တိ။</p>
",
55,mula_vi_01,55,"<p class=""bodytext"">တေန <a name=""M0.0055""></a><a name=""V0.0051""></a> ခေါ ပန သမယေန အညတရော ပုရာဏဝေါဟာရိကော <a name=""T1.0083""></a> မဟာမတ္တော ဘိက္ခူသု ပဗ္ဗဇိတော ဘဂဝတော အဝိဒူရေ နိသိန္နော ဟောတိ။ အထ ခေါ ဘဂဝါ တံ ဘိက္ခုံ ဧတဒဝေါစ – ‘‘ကိတ္တကေန ခေါ ဘိက္ခု ရာဇာ မာဂဓော သေနိယော ဗိမ္ဗိသာရော စောရံ ဂဟေတွာ ဟနတိ ဝါ ဗန္ဓတိ ဝါ ပဗ္ဗာဇေတိ ဝါ’’တိ? ‘‘ပါဒေန ဝါ, ဘဂဝါ, ပါဒါရဟေန ဝါ’’တိ <span class=""note"">[ပါဒါရဟေနဝါ အတိရေကပါဒေနဝါတိ (သျာ။)]</span>။ တေန ခေါ ပန သမယေန ရာဇဂဟေ ပဉ္စမာသကော ပါဒေါ ဟောတိ။ အထ ခေါ ဘဂဝါ အာယသ္မန္တံ ဓနိယံ ကုမ္ဘကာရပုတ္တံ အနေကပရိယာယေန ဝိဂရဟိတွာ ဒုဗ္ဘရတာယ…ပေ… ဧဝဉ္စ ပန, ဘိက္ခဝေ, ဣမံ သိက္ခာပဒံ ဥဒ္ဒိသေယျာထ –</p>
<p class=""bodytext""><a name=""para89""></a><a name=""para89_vin1""></a><span class=""paranum"">၈၉</span>။ <span class=""bld"">‘‘ယော ပန ဘိက္ခု အဒိန္နံ ထေယျသင်္ခါတံ အာဒိယေယျ, ယထာရူပေ အဒိန္နာဒါနေ ရာဇာနော စောရံ ဂဟေတွာ ဟနေယျုံ ဝါ ဗန္ဓေယျုံ ဝါ ပဗ္ဗာဇေယျုံ ဝါ – ‘စောရောသိ ဗာလောသိ မူဠှောသိ ထေနောသီ’တိ, တထာရူပံ ဘိက္ခု အဒိန္နံ အာဒိယမာနော အယမ္ပိ ပါရာဇိကော ဟောတိ အသံဝါသော’’</span>တိ။</p>
<p class=""bodytext"">ဧဝဉ္စိဒံ ဘဂဝတာ ဘိက္ခူနံ သိက္ခာပဒံ ပညတ္တံ ဟောတိ။</p>
<p class=""bodytext""><a name=""para90""></a><a name=""para90_vin1""></a><span class=""paranum"">၉၀</span>။ တေန ခေါ ပန သမယေန ဆဗ္ဗဂ္ဂိယာ ဘိက္ခူ ရဇကတ္ထရဏံ ဂန္တွာ ရဇကဘဏ္ဍိကံ အဝဟရိတွာ အာရာမံ ဟရိတွာ ဘာဇေသုံ။ ဘိက္ခူ ဧဝမာဟံသု – ‘‘မဟာပုညတ္ထ တုမှေ, အာဝုသော။ ဗဟုံ တုမှာကံ စီဝရံ ဥပ္ပန္န’’န္တိ။ ‘‘ကုတော အာဝုသော, အမှာကံ ပုညံ, ဣဒါနိ မယံ ရဇကတ္ထရဏံ ဂန္တွာ ရဇကဘဏ္ဍိကံ အဝဟရိမှာ’’တိ။ ‘‘နနု, အာဝုသော, ဘဂဝတာ သိက္ခာပဒံ ပညတ္တံ။ ကိဿ တုမှေ, အာဝုသော, ရဇကဘဏ္ဍိကံ အဝဟရိတ္ထာ’’တိ<a name=""T1.0084""></a>? ‘‘သစ္စံ, အာဝုသော, ဘဂဝတာ သိက္ခာပဒံ ပညတ္တံ။ တဉ္စ ခေါ ဂါမေ, နော အရညေ’’တိ။ ‘‘နနု, အာဝုသော, တထေဝေတံ ဟောတိ။ အနနုစ္ဆဝိကံ, အာဝုသော, အနနုလောမိကံ အပ္ပတိရူပံ အဿာမဏကံ အကပ္ပိယံ အကရဏီယံ။ ကထဉှိ နာမ တုမှေ, အာဝုသော, ရဇကဘဏ္ဍိကံ အဝဟရိဿထ! နေတံ, အာဝုသော, အပ္ပသန္နာနံ ဝါ ပသာဒါယ ပသန္နာနံ ဝါ ဘိယျောဘာဝါယ၊ အထခွေတံ, အာဝုသော, အပ္ပသန္နာနဉ္စေဝ အပ္ပသာဒါယ ပသန္နာနဉ္စ ဧကစ္စာနံ အညထတ္တာယာ’’တိ။ အထ ခေါ တေ ဘိက္ခူ ဆဗ္ဗဂ္ဂိယေ ဘိက္ခူ အနေကပရိယာယေန ဝိဂရဟိတွာ <a name=""P3.0046""></a> ဘဂဝတော ဧတမတ္ထံ အာရောစေသုံ။</p>
",-89-90-
56,mula_vi_01,56,"<p class=""noindentbodytext""> အထ<a name=""M0.0056""></a> ခေါ ဘဂဝါ ဧတသ္မိံ နိဒါနေ ဧတသ္မိံ ပကရဏေ ဘိက္ခုသံဃံ သန္နိပါတာပေတွာ ဆဗ္ဗဂ္ဂိယေ ဘိက္ခူ ပဋိပုစ္ဆိ – ‘‘သစ္စံ ကိရ တုမှေ, ဘိက္ခဝေ, ရဇကတ္ထရဏံ ဂန္တွာ ရဇကဘဏ္ဍိကံ အဝဟရိတ္ထာ’’တိ? ‘‘သစ္စံ, ဘဂဝါ’’တိ။ ဝိဂရဟိ ဗုဒ္ဓေါ ဘဂဝါ – ‘‘အနနုစ္ဆဝိကံ, မောဃပုရိသာ, အနနုလောမိကံ အပ္ပဋိရူပံ အဿာမဏကံ အကပ္ပိယံ အကရဏီယံ။ ကထဉှိ နာမ တုမှေ, မောဃပုရိသာ, ရဇကဘဏ္ဍိကံ <a name=""V0.0052""></a> အဝဟရိဿထ! နေတံ, မောဃပုရိသာ, အပ္ပသန္နာနံ ဝါ ပသာဒါယ ပသန္နာနံ ဝါ ဘိယျောဘာဝါယ၊ အထ ခွေတံ, မောဃပုရိသာ, အပ္ပသန္နာနဉ္စေဝ အပ္ပသာဒါယ ပသန္နာနဉ္စ ဧကစ္စာနံ အညထတ္တာယာ’’တိ။ အထ ခေါ ဘဂဝါ ဆဗ္ဗဂ္ဂိယေ ဘိက္ခူ အနေကပရိယာယေန ဝိဂရဟိတွာ ဒုဗ္ဘရတာယ…ပေ… ဝီရိယာရမ္ဘဿ ဝဏ္ဏံ ဘာသိတွာ ဘိက္ခူနံ တဒနုစ္ဆဝိကံ တဒနုလောမိကံ ဓမ္မိံ ကထံ ကတွာ ဘိက္ခူ အာမန္တေသိ…ပေ… ‘‘ဧဝဉ္စ ပန, ဘိက္ခဝေ, ဣမံ သိက္ခာပဒံ ဥဒ္ဒိသေယျာထ –</p>
<p class=""bodytext""><a name=""para91""></a><a name=""para91_vin1""></a><span class=""paranum"">၉၁</span>။ <span class=""bld"">‘‘ယော ပန ဘိက္ခု ဂါမာ ဝါ အရညာ ဝါ အဒိန္နံ ထေယျသင်္ခါတံ အာဒိယေယျ, ယထာရူပေ အဒိန္နာဒါနေ <a name=""T1.0085""></a> ရာဇာနော စောရံ ဂဟေတွာ ဟနေယျုံ ဝါ ဗန္ဓေယျုံ ဝါ ပဗ္ဗာဇေယျုံ ဝါ – ‘စောရောသိ ဗာလောသိ မူဠှောသိ ထေနောသီ’တိ, တထာရူပံ ဘိက္ခု အဒိန္နံ အာဒိယမာနော အယမ္ပိ ပါရာဇိကော ဟောတိ အသံဝါသော’’</span>တိ။</p>
<p class=""bodytext""><a name=""para92""></a><a name=""para92_vin1""></a><span class=""paranum"">၉၂</span>။ <span class=""bld"">ယော ပနာ</span>တိ ယော ယာဒိသော…ပေ… <span class=""bld"">ဘိက္ခူ</span>တိ…ပေ… အယံ ဣမသ္မိံ အတ္ထေ အဓိပ္ပေတော ဘိက္ခူတိ။</p>
<p class=""bodytext""><span class=""bld"">ဂါမော</span> နာမ ဧကကုဋိကောပိ ဂါမော, ဒွိကုဋိကောပိ ဂါမော, တိကုဋိကောပိ ဂါမော, စတုကုဋိကောပိ ဂါမော, သမနုဿောပိ ဂါမော, အမနုဿောပိ ဂါမော, ပရိက္ခိတ္တောပိ ဂါမော, အပရိက္ခိတ္တောပိ ဂါမော, ဂေါနိသာဒိနိဝိဋ္ဌောပိ ဂါမော, ယောပိ သတ္ထော အတိရေကစတုမာသနိဝိဋ္ဌော သောပိ ဝုစ္စတိ ဂါမော။</p>
<p class=""bodytext""><span class=""bld"">ဂါမူပစာရော</span> နာမ ပရိက္ခိတ္တဿ ဂါမဿ ဣန္ဒခီလေ <span class=""note"">[ဣန္ဒခိလေ (က။)]</span> ဌိတဿ မဇ္ဈိမဿ ပုရိသဿ လေဍ္ဍုပါတော, အပရိက္ခိတ္တဿ ဂါမဿ ဃရူပစာရေ ဌိတဿ မဇ္ဈိမဿ ပုရိသဿ လေဍ္ဍုပါတော။</p>
",-91-92-
57,mula_vi_01,57,"<p class=""bodytext""><span class=""bld"">အရညံ</span> <a name=""M0.0057""></a> နာမ ဌပေတွာ ဂါမဉ္စ ဂါမူပစာရဉ္စ အဝသေသံ အရညံ နာမ။</p>
<p class=""bodytext""><span class=""bld"">အဒိန္နံ</span> နာမံ ယံ အဒိန္နံ အနိဿဋ္ဌံ အပရိစ္စတ္တံ ရက္ခိတံ ဂေါပိတံ မမာယိတံ ပရပရိဂ္ဂဟိတံ။ ဧတံ အဒိန္နံ နာမ။</p>
<p class=""bodytext""><span class=""bld"">ထေယျသင်္ခါတ</span>န္တိ ထေယျစိတ္တော အဝဟရဏစိတ္တော။</p>
<p class=""bodytext""><span class=""bld"">အာဒိယေယျာ</span>တိ <a name=""V0.0053""></a> အာဒိယေယျ ဟရေယျ အဝဟရေယျ ဣရိယာပထံ ဝိကောပေယျ ဌာနာ စာဝေယျ သင်္ကေတံ ဝီတိနာမေယျ။</p>
<p class=""bodytext""><span class=""bld"">ယထာရူပံ</span> နာမ ပါဒံ ဝါ ပါဒါရဟံ ဝါ အတိရေကပါဒံ ဝါ။</p>
<p class=""bodytext""><span class=""bld"">ရာဇာနော</span> <a name=""P3.0047""></a> နာမ ပထဗျာရာဇာ ပဒေသရာဇာ မဏ္ဍလိကာ အန္တရဘောဂိကာ <a name=""T1.0086""></a> အက္ခဒဿာ မဟာမတ္တာ, ယေ ဝါ ပန ဆေဇ္ဇဘေဇ္ဇံ ကရောန္တာ အနုသာသန္တိ။ ဧတေ ရာဇာနော နာမ။</p>
<p class=""bodytext""><span class=""bld"">စောရော</span> နာမ ယော ပဉ္စမာသကံ ဝါ အတိရေကပဉ္စမာသကံ ဝါ အဂ္ဃနကံ အဒိန္နံ ထေယျသင်္ခါတံ အာဒိယတိ။ ဧသော စောရော နာမ။</p>
<p class=""bodytext""><span class=""bld"">ဟနေယျုံ ဝါ</span>တိ ဟတ္ထေန ဝါ ပါဒေန ဝါ ကသာယ ဝါ ဝေတ္တေန ဝါ အဍ္ဎဒဏ္ဍကေန ဝါ ဆေဇ္ဇာယ ဝါ ဟနေယျုံ။</p>
<p class=""bodytext""><span class=""bld"">ဗန္ဓေယျုံ ဝါ</span>တိ ရဇ္ဇုဗန္ဓနေန ဝါ အန္ဒုဗန္ဓနေန ဝါ သင်္ခလိကဗန္ဓနေန ဝါ ဃရဗန္ဓနေန ဝါ နဂရဗန္ဓနေန ဝါ ဂါမဗန္ဓနေန ဝါ နိဂမဗန္ဓနေန ဝါ ဗန္ဓေယျုံ, ပုရိသဂုတ္တိံ ဝါ ကရေယျုံ။</p>
<p class=""bodytext""><span class=""bld"">ပဗ္ဗာဇေယျုံ ဝါ</span>တိ ဂါမာ ဝါ နိဂမာ ဝါ နဂရာ ဝါ ဇနပဒါ ဝါ ဇနပဒပဒေသာ ဝါ ပဗ္ဗာဇေယျုံ။</p>
<p class=""bodytext""><span class=""bld"">စောရောသိ ဗာလောသိ မူဠှောသိ ထေနောသီ</span>တိ ပရိဘာသော ဧသော။</p>
<p class=""bodytext""><span class=""bld"">တထာရူပံ</span> နာမ ပါဒံ ဝါ ပါဒါရဟံ ဝါ အတိရေကပါဒံ ဝါ။</p>
<p class=""bodytext""><span class=""bld"">အာဒိယမာနော</span>တိ အာဒိယမာနော ဟရမာနော အဝဟရမာနော ဣရိယာပထံ ဝိကောပယမာနော ဌာနာ စာဝယမာနော သင်္ကေတံ ဝီတိနာမယမာနော။</p>
",
58,mula_vi_01,58,"<p class=""bodytext""><span class=""bld"">အယမ္ပီ</span>တိ <a name=""M0.0058""></a> ပုရိမံ ဥပါဒါယ ဝုစ္စတိ။</p>
<p class=""bodytext""><span class=""bld"">ပါရာဇိကော</span> <a name=""V0.0054""></a> <span class=""bld"">ဟောတီ</span>တိ သေယျထာပိ နာမ ပဏ္ဍုပလာသော ဗန္ဓနာ ပဝုတ္တော <span class=""note"">[ဟရိတတ္တာယ (သီ။ သျာ။)]</span> အဘဗ္ဗော ဟရိတတ္ထာယ <span class=""note"">[ဟရိတတ္တာယ (သီ။ သျာ။)]</span>, ဧဝမေဝ ဘိက္ခု ပါဒံ ဝါ ပါဒါရဟံ ဝါ အတိရေကပါဒံ ဝါ အဒိန္နံ ထေယျသင်္ခါတံ အာဒိယိတွာ အဿမဏော ဟောတိ အသကျပုတ္တိယော။ တေန ဝုစ္စတိ – ‘ပါရာဇိကော ဟောတီ’တိ။</p>
<p class=""bodytext""><span class=""bld"">အသံဝါသော</span>တိ သံဝါသော နာမ ဧကကမ္မံ ဧကုဒ္ဒေသော <a name=""T1.0087""></a> သမသိက္ခတာ။ ဧသော သံဝါသော နာမ။ သော တေန သဒ္ဓိံ နတ္ထိ။ တေန ဝုစ္စတိ – ‘အသံဝါသော’တိ။</p>
<p class=""bodytext""><a name=""para93""></a><a name=""para93_vin1""></a><span class=""paranum"">၉၃</span>။ ဘူမဋ္ဌံ ထလဋ္ဌံ အာကာသဋ္ဌံ ဝေဟာသဋ္ဌံ ဥဒကဋ္ဌံ နာဝဋ္ဌံ ယာနဋ္ဌံ ဘာရဋ္ဌံ အာရာမဋ္ဌံ ဝိဟာရဋ္ဌံ ခေတ္တဋ္ဌံ ဝတ္ထုဋ္ဌံ ဂါမဋ္ဌံ အရညဋ္ဌံ ဥဒကံ ဒန္တပေါဏံ <span class=""note"">[ဒန္တပေါနံ (သီ။ က။)]</span> ဝနပ္ပတိ ဟရဏကံ ဥပနိဓိ သုင်္ကဃာတံ ပါဏော အပဒံ ဒွိပဒံ စတုပ္ပဒံ ဗဟုပ္ပဒံ ဩစရကော ဩဏိရက္ခော သံဝိဒါဝဟာရော သင်္ကေတကမ္မံ နိမိတ္တကမ္မန္တိ။</p>
<p class=""bodytext""><a name=""para94""></a><a name=""para94_vin1""></a><span class=""paranum"">၉၄</span>။ <span class=""bld"">ဘူမဋ္ဌံ</span> နာမ ဘဏ္ဍံ ဘူမိယံ နိက္ခိတ္တံ ဟောတိ နိခါတံ ပဋိစ္ဆန္နံ။ ဘူမဋ္ဌံ ဘဏ္ဍံ အဝဟရိဿာမီတိ ထေယျစိတ္တော ဒုတိယံ ဝါ ပရိယေသတိ ကုဒါလံ ဝါ ပိဋကံ ဝါ ပရိယေသတိ ဂစ္ဆတိ ဝါ, အာပတ္တိ ဒုက္ကဋဿ။ တတ္ထ ဇာတကံ <a name=""P3.0048""></a> ကဋ္ဌံ ဝါ လတံ ဝါ ဆိန္ဒတိ, အာပတ္တိ ဒုက္ကဋဿ။ တတ္ထ ပံသုံ ခဏတိ ဝါ ဗျူဟတိ <span class=""note"">[ဝိယူဟတိ (သျာ။)]</span> ဝါ ဥဒ္ဓရတိ ဝါ, အာပတ္တိ ဒုက္ကဋဿ။ ကုမ္ဘိံ အာမသတိ, အာပတ္တိ ဒုက္ကဋဿ။ ဖန္ဒာပေတိ, အာပတ္တိ ထုလ္လစ္စယဿ။ ဌာနာ စာဝေတိ, အာပတ္တိ ပါရာဇိကဿ။ အတ္တနော ဘာဇနံ ပဝေသေတွာ ပဉ္စမာသကံ ဝါ အတိရေကပဉ္စမာသကံ ဝါ အဂ္ဃနကံ ထေယျစိတ္တော အာမသတိ, အာပတ္တိ ဒုက္ကဋဿ။ ဖန္ဒာပေတိ, အာပတ္တိ ထုလ္လစ္စယဿ။ အတ္တနော ဘာဇနဂတံ ဝါ ကရောတိ မုဋ္ဌိံ ဝါ ဆိန္ဒတိ, အာပတ္တိ ပါရာဇိကဿ။ သုတ္တာရုဠှံ ဘဏ္ဍံ ပါမင်္ဂံ ဝါ ကဏ္ဌသုတ္တကံ <a name=""T1.0088""></a> ဝါ ကဋိသုတ္တကံ ဝါ သာဋကံ ဝါ ဝေဌနံ ဝါ ထေယျစိတ္တော အာမသတိ, အာပတ္တိ ဒုက္ကဋဿ။ ဖန္ဒာပေတိ, အာပတ္တိ ထုလ္လစ္စယဿ။ ကောဋိယံ ဂဟေတွာ ဥစ္စာရေတိ, အာပတ္တိ ထုလ္လစ္စယဿ။ ဃံသန္တော နီဟရတိ,</p>
",-93-94-
59,mula_vi_01,59,"<p class=""noindentbodytext""> အာပတ္တိ<a name=""M0.0059""></a> ထုလ္လစ္စယဿ။ အန္တမသော ကေသဂ္ဂမတ္တမ္ပိ ကုမ္ဘိမုခါ မောစေတိ, အာပတ္တိ ပါရာဇိကဿ။ သပ္ပိံ ဝါ တေလံ ဝါ မဓုံ ဝါ ဖာဏိတံ ဝါ ပဉ္စမာသကံ ဝါ အတိရေကပဉ္စမာသကံ ဝါ အဂ္ဃနကံ ထေယျစိတ္တော ဧကေန ပယောဂေန ပိဝတိ, အာပတ္တိ ပါရာဇိကဿ။ တတ္ထေဝ ဘိန္ဒတိ ဝါ ဆဍ္ဍေတိ ဝါ ဈာပေတိ ဝါ အပရိဘောဂံ ဝါ ကရောတိ, အာပတ္တိ ဒုက္ကဋဿ။</p>
<p class=""bodytext""><a name=""para95""></a><a name=""para95_vin1""></a><span class=""paranum"">၉၅</span>။ <span class=""bld"">ထလဋ္ဌံ</span> နာမ ဘဏ္ဍံ ထလေ နိက္ခိတ္တံ ဟောတိ။ ထလဋ္ဌံ ဘဏ္ဍံ အဝဟရိဿာမီတိ ထေယျစိတ္တော <a name=""V0.0055""></a> ဒုတိယံ ဝါ ပရိယေသတိ ဂစ္ဆတိ ဝါ, အာပတ္တိ ဒုက္ကဋဿ။ အာမသတိ, အာပတ္တိ ဒုက္ကဋဿ။ ဖန္ဒာပေတိ, အာပတ္တိ ထုလ္လစ္စယဿ။ ဌာနာ စာဝေတိ, အာပတ္တိ ပါရာဇိကဿ။</p>
<p class=""bodytext""><a name=""para96""></a><a name=""para96_vin1""></a><span class=""paranum"">၉၆</span>။ <span class=""bld"">အာကာသဋ္ဌံ</span> နာမ ဘဏ္ဍံ အာကာသဂတံ ဟောတိ။ မောရော ဝါ ကပိဉ္ဇရော ဝါ တိတ္တိရော ဝါ ဝဋ္ဋကော ဝါ, သာဋကံ ဝါ ဝေဌနံ ဝါ ဟိရညံ ဝါ သုဝဏ္ဏံ ဝါ ဆိဇ္ဇမာနံ ပတတိ။ အာကာသဋ္ဌံ ဘဏ္ဍံ အဝဟရိဿာမီတိ ထေယျစိတ္တော ဒုတိယံ ဝါ ပရိယေသတိ ဂစ္ဆတိ ဝါ, အာပတ္တိ ဒုက္ကဋဿ<a name=""T1.0089""></a>။ ဂမနံ ဥပစ္ဆိန္ဒတိ, အာပတ္တိ ဒုက္ကဋဿ။ အာမသတိ, အာပတ္တိ ဒုက္ကဋဿ။ ဖန္ဒာပေတိ, အာပတ္တိ ထုလ္လစ္စယဿ။ ဌာနာ စာဝေတိ, အာပတ္တိ ပါရာဇိကဿ။</p>
<p class=""bodytext""><a name=""para97""></a><a name=""para97_vin1""></a><span class=""paranum"">၉၇</span>။ <span class=""bld"">ဝေဟာသဋ္ဌံ</span> နာမ ဘဏ္ဍံ ဝေဟာသဂတံ ဟောတိ။ မဉ္စေ ဝါ ပီဌေ ဝါ စီဝရဝံသေ ဝါ စီဝရရဇ္ဇုယာ ဝါ ဘိတ္တိခိလေ ဝါ နာဂဒန္တေ ဝါ ရုက္ခေ ဝါ လဂ္ဂိတံ ဟောတိ, အန္တမသော ပတ္တာဓာရကေပိ။ ဝေဟာသဋ္ဌံ ဘဏ္ဍံ အဝဟရိဿာမီတိ ထေယျစိတ္တော ဒုတိယံ ဝါ ပရိယေသတိ ဂစ္ဆတိ ဝါ, အာပတ္တိ ဒုက္ကဋဿ။ အာမသတိ, အာပတ္တိ ဒုက္ကဋဿ။ ဖန္ဒာပေတိ, အာပတ္တိ ထုလ္လစ္စယဿ။ ဌာနာ စာဝေတိ, အာပတ္တိ ပါရာဇိကဿ။</p>
<p class=""bodytext""><a name=""para98""></a><a name=""para98_vin1""></a><span class=""paranum"">၉၈</span>။ <span class=""bld"">ဥဒကဋ္ဌံ</span> <a name=""P3.0049""></a> နာမ ဘဏ္ဍံ ဥဒကေ နိက္ခိတ္တံ ဟောတိ။ ဥဒကဋ္ဌံ ဘဏ္ဍံ အဝဟရိဿာမီတိ ထေယျစိတ္တော ဒုတိယံ ဝါ ပရိယေသတိ ဂစ္ဆတိ ဝါ, အာပတ္တိ ဒုက္ကဋဿ။ နိမုဇ္ဇတိ ဝါ ဥမ္မုဇ္ဇတိ ဝါ, အာပတ္တိ ဒုက္ကဋဿ။ အာမသတိ, အာပတ္တိ ဒုက္ကဋဿ။ ဖန္ဒာပေတိ, အာပတ္တိ ထုလ္လစ္စယဿ။ ဌာနာ စာဝေတိ, အာပတ္တိ ပါရာဇိကဿ။ တတ္ထ ဇာတကံ ဥပ္ပလံ ဝါ ပဒုမံ ဝါ ပုဏ္ဍရီကံ ဝါ ဘိသံ ဝါ မစ္ဆံ ဝါ ကစ္ဆပံ ဝါ ပဉ္စမာသကံ ဝါ အတိရေကပဉ္စမာသကံ ဝါ အဂ္ဃနကံ ထေယျစိတ္တော အာမသတိ, အာပတ္တိ ဒုက္ကဋဿ။ ဖန္ဒာပေတိ, အာပတ္တိ ထုလ္လစ္စယဿ။ ဌာနာ စာဝေတိ, အာပတ္တိ ပါရာဇိကဿ။</p>
",-95-96-97-98-
60,mula_vi_01,60,"<p class=""bodytext""><a name=""para99""></a><a name=""para99_vin1""></a><span class=""paranum"">၉၉</span>။ <span class=""bld"">နာဝါ</span> <a name=""M0.0060""></a> နာမ ယာယ တရတိ။ <span class=""bld"">နာဝဋ္ဌံ</span> နာမ ဘဏ္ဍံ နာဝါယ နိက္ခိတ္တံ ဟောတိ။ ‘‘နာဝဋ္ဌံ ဘဏ္ဍံ အဝဟရိဿာမီ’’တိ ထေယျစိတ္တော ဒုတိယံ <a name=""T1.0090""></a> ဝါ ပရိယေသတိ ဂစ္ဆတိ ဝါ, အာပတ္တိ ဒုက္ကဋဿ။ အာမသတိ, အာပတ္တိ ဒုက္ကဋဿ။ ဖန္ဒာပေတိ, အာပတ္တိ ထုလ္လစ္စယဿ။ ဌာနာ စာဝေတိ, အာပတ္တိ ပါရာဇိကဿ။ နာဝံ အဝဟရိဿာမီတိ ထေယျစိတ္တော ဒုတိယံ ဝါ ပရိယေသတိ ဂစ္ဆတိ ဝါ, အာပတ္တိ ဒုက္ကဋဿ။ အာမသတိ, အာပတ္တိ ဒုက္ကဋဿ။ ဖန္ဒာပေတိ, အာပတ္တိ <a name=""V0.0056""></a> ထုလ္လစ္စယဿ။ ဗန္ဓနံ မောစေတိ, အာပတ္တိ ဒုက္ကဋဿ။ ဗန္ဓနံ မောစေတွာ အာမသတိ, အာပတ္တိ ဒုက္ကဋဿ။ ဖန္ဒာပေတိ, အာပတ္တိ ထုလ္လစ္စယဿ။ ဥဒ္ဓံ ဝါ အဓော ဝါ တိရိယံ ဝါ အန္တမသော ကေသဂ္ဂမတ္တမ္ပိ သင်္ကာမေတိ, အာပတ္တိ ပါရာဇိကဿ။</p>
<p class=""bodytext""><a name=""para100""></a><a name=""para100_vin1""></a><span class=""paranum"">၁၀၀</span>။ <span class=""bld"">ယာနံ</span> နာမ ဝယှံ ရထော သကဋံ သန္ဒမာနိကာ။ <span class=""bld"">ယာနဋ္ဌံ</span> နာမ ဘဏ္ဍံ ယာနေ နိက္ခိတ္တံ ဟောတိ။ ယာနဋ္ဌံ ဘဏ္ဍံ အဝဟရိဿာမီတိ ထေယျစိတ္တော ဒုတိယံ ဝါ ပရိယေသတိ ဂစ္ဆတိ ဝါ, အာပတ္တိ ဒုက္ကဋဿ။ အာမသတိ, အာပတ္တိ ဒုက္ကဋဿ။ ဖန္ဒာပေတိ, အာပတ္တိ ထုလ္လစ္စယဿ။ ဌာနာ စာဝေတိ, အာပတ္တိ ပါရာဇိကဿ။ ယာနံ အဝဟရိဿာမီတိ ထေယျစိတ္တော ဒုတိယံ ဝါ ပရိယေသတိ ဂစ္ဆတိ ဝါ, အာပတ္တိ ဒုက္ကဋဿ။ အာမသတိ, အာပတ္တိ ဒုက္ကဋဿ။ ဖန္ဒာပေတိ, အာပတ္တိ ထုလ္လစ္စယဿ။ ဌာနာ စာဝေတိ, အာပတ္တိ ပါရာဇိကဿ။</p>
<p class=""bodytext""><a name=""para101""></a><a name=""para101_vin1""></a><span class=""paranum"">၁၀၁</span>။ <span class=""bld"">ဘာရော</span> နာမ သီသဘာရော ခန္ဓဘာရော ကဋိဘာရော ဩလမ္ဗကော။ သီသေ ဘာရံ ထေယျစိတ္တော အာမသတိ, အာပတ္တိ ဒုက္ကဋဿ။ ဖန္ဒာပေတိ, အာပတ္တိ ထုလ္လစ္စယဿ။ ခန္ဓံ ဩရောပေတိ, အာပတ္တိ ပါရာဇိကဿ။ ခန္ဓေ <a name=""T1.0091""></a> ဘာရံ ထေယျစိတ္တော အာမသတိ, အာပတ္တိ ဒုက္ကဋဿ။ ဖန္ဒာပေတိ, အာပတ္တိ ထုလ္လစ္စယဿ။ ကဋိံ ဩရောပေတိ, အာပတ္တိ ပါရာဇိကဿ။ ကဋိယာ ဘာရံ ထေယျစိတ္တော အာမသတိ, အာပတ္တိ ဒုက္ကဋဿ။ ဖန္ဒာပေတိ, အာပတ္တိ ထုလ္လစ္စယဿ။ ဟတ္ထေန ဂဏှာတိ, အာပတ္တိ ပါရာဇိကဿ။ ဟတ္ထေ ဘာရံ ထေယျစိတ္တော ဘူမိယံ နိက္ခိပတိ, အာပတ္တိ ပါရာဇိကဿ။ ထေယျစိတ္တော ဘူမိတော ဂဏှာတိ, အာပတ္တိ ပါရာဇိကဿ။</p>
<p class=""bodytext""><a name=""para102""></a><a name=""para102_vin1""></a><span class=""paranum"">၁၀၂</span>။ <span class=""bld"">အာရာမော</span> နာမ ပုပ္ဖါရာမော ဖလာရာမော။ <span class=""bld"">အာရာမဋ္ဌံ</span> နာမ ဘဏ္ဍံ အာရာမေ စတူဟိ ဌာနေဟိ နိက္ခိတ္တံ ဟောတိ – ဘူမဋ္ဌံ ထလဋ္ဌံ, အာကာသဋ္ဌံ, ဝေဟာသဋ္ဌံ။ အာရာမဋ္ဌံ ဘဏ္ဍံ အဝဟရိဿာမီတိ <a name=""P3.0050""></a> ထေယျစိတ္တော ဒုတိယံ ဝါ</p>
",-99-100-101-102-
61,mula_vi_01,61,"<p class=""noindentbodytext""> ပရိယေသတိ<a name=""M0.0061""></a> ဂစ္ဆတိ ဝါ, အာပတ္တိ ဒုက္ကဋဿ။ အာမသတိ, အာပတ္တိ ဒုက္ကဋဿ။ ဖန္ဒာပေတိ, အာပတ္တိ ထုလ္လစ္စယဿ။ ဌာနာ စာဝေတိ, အာပတ္တိ ပါရာဇိကဿ။ တတ္ထ ဇာတကံ မူလံ ဝါ တစံ ဝါ ပတ္တံ ဝါ ပုပ္ဖံ ဝါ ဖလံ ဝါ ပဉ္စမာသကံ ဝါ အတိရေကပဉ္စမာသကံ ဝါ အဂ္ဃနကံ ထေယျစိတ္တော အာမသတိ, အာပတ္တိ ဒုက္ကဋဿ။ ဖန္ဒာပေတိ, အာပတ္တိ ထုလ္လစ္စယဿ။ ဌာနာ စာဝေတိ, အာပတ္တိ ပါရာဇိကဿ။ အာရာမံ အဘိယုဉ္ဇတိ, အာပတ္တိ ဒုက္ကဋဿ။ သာမိကဿ ဝိမတိံ ဥပ္ပါဒေတိ, အာပတ္တိ ထုလ္လစ္စယဿ။ သာမိကော န မယှံ ဘဝိဿတီတိ ဓုရံ နိက္ခိပတိ, အာပတ္တိ ပါရာဇိကဿ။ ဓမ္မံ စရန္တော သာမိကံ ပရာဇေတိ, အာပတ္တိ ပါရာဇိကဿ။ ဓမ္မံ စရန္တော ပရဇ္ဇတိ, အာပတ္တိ ထုလ္လစ္စယဿ။</p>
<p class=""bodytext""><a name=""para103""></a><a name=""para103_vin1""></a><span class=""paranum"">၁၀၃</span>။ <span class=""bld"">ဝိဟာရဋ္ဌံ</span> <a name=""T1.0092""></a><a name=""V0.0057""></a> နာမ ဘဏ္ဍံ ဝိဟာရေ စတူဟိ ဌာနေဟိ နိက္ခိတ္တံ ဟောတိ – ဘူမဋ္ဌံ, ထလဋ္ဌံ, အာကာသဋ္ဌံ, ဝေဟာသဋ္ဌံ။ ဝိဟာရဋ္ဌံ ဘဏ္ဍံ အဝဟရိဿာမီတိ ထေယျစိတ္တော ဒုတိယံ ဝါ ပရိယေသတိ ဂစ္ဆတိ ဝါ, အာပတ္တိ ဒုက္ကဋဿ။ အာမသတိ, အာပတ္တိ ဒုက္ကဋဿ။ ဖန္ဒာပေတိ, အာပတ္တိ ထုလ္လစ္စယဿ။ ဌာနာ စာဝေတိ, အာပတ္တိ ပါရာဇိကဿ။ ဝိဟာရံ အဘိယုဉ္ဇတိ, အာပတ္တိ ဒုက္ကဋဿ။ သာမိကဿ ဝိမတိံ ဥပ္ပါဒေတိ, အာပတ္တိ ထုလ္လစ္စယဿ။ သာမိကော န မယှံ ဘဝိဿတီတိ ဓုရံ နိက္ခိပတိ, အာပတ္တိ ပါရာဇိကဿ။ ဓမ္မံ စရန္တော သာမိကံ ပရာဇေတိ, အာပတ္တိ ပါရာဇိကဿ။ ဓမ္မံ စရန္တော ပရဇ္ဇတိ, အာပတ္တိ ထုလ္လစ္စယဿ။</p>
<p class=""bodytext""><a name=""para104""></a><a name=""para104_vin1""></a><span class=""paranum"">၁၀၄</span>။ <span class=""bld"">ခေတ္တံ</span> နာမ ယတ္ထ ပုဗ္ဗဏ္ဏံ ဝါ အပရဏ္ဏံ ဝါ ဇာယတိ။ <span class=""bld"">ခေတ္တဋ္ဌံ</span> နာမ ဘဏ္ဍံ ခေတ္တေ စတူဟိ ဌာနေဟိ နိက္ခိတ္တံ ဟောတိ – ဘူမဋ္ဌံ, ထလဋ္ဌံ, အာကာသဋ္ဌံ, ဝေဟာသဋ္ဌံ။ ခေတ္တဋ္ဌံ ဘဏ္ဍံ အဝဟရိဿာမီတိ ထေယျစိတ္တော ဒုတိယံ ဝါ ပရိယေသတိ ဂစ္ဆတိ ဝါ, အာပတ္တိ, ဒုက္ကဋဿ။ အာမသတိ, အာပတ္တိ ဒုက္ကဋဿ။ ဖန္ဒာပေတိ, အာပတ္တိ ထုလ္လစ္စယဿ။ ဌာနာ စာဝေတိ, အာပတ္တိ ပါရာဇိကဿ။ တတ္ထ ဇာတကံ ပုဗ္ဗဏ္ဏံ ဝါ အပရဏ္ဏံ ဝါ ပဉ္စမာသကံ ဝါ အတိရေကပဉ္စမာသကံ ဝါ အဂ္ဃနကံ ထေယျစိတ္တော အာမသတိ, အာပတ္တိ ဒုက္ကဋဿ။ ဖန္ဒာပေတိ, အာပတ္တိ ထုလ္လစ္စယဿ။ ဌာနာ စာဝေတိ, အာပတ္တိ ပါရာဇိကဿ။ ခေတ္တံ အဘိယုဉ္ဇတိ, အာပတ္တိ ဒုက္ကဋဿ။ သာမိကဿ ဝိမတိံ ဥပ္ပါဒေတိ, အာပတ္တိ ထုလ္လစ္စယဿ။ သာမိကော န <a name=""T1.0093""></a> မယှံ ဘဝိဿတီတိ ဓုရံ နိက္ခိပတိ, အာပတ္တိ ပါရာဇိကဿ။ ဓမ္မံ စရန္တော သာမိကံ ပရာဇေတိ, အာပတ္တိ ပါရာဇိကဿ။ ဓမ္မံ စရန္တော ပရဇ္ဇတိ, အာပတ္တိ ထုလ္လစ္စယဿ။ ခိလံ ဝါ</p>
",-103-104-
62,mula_vi_01,62,"<p class=""noindentbodytext""> ရဇ္ဇုံ<a name=""M0.0062""></a> ဝါ ဝတိံ ဝါ မရိယာဒံ ဝါ သင်္ကာမေတိ, အာပတ္တိ ဒုက္ကဋဿ။ ဧကံ ပယောဂံ အနာဂတေ, အာပတ္တိ ထုလ္လစ္စယဿ။ တသ္မိံ ပယောဂေ အာဂတေ, အာပတ္တိ ပါရာဇိကဿ။</p>
<p class=""bodytext""><a name=""para105""></a><a name=""para105_vin1""></a><span class=""paranum"">၁၀၅</span>။ <span class=""bld"">ဝတ္ထု</span> နာမ အာရာမဝတ္ထု ဝိဟာရဝတ္ထု။ <span class=""bld"">ဝတ္ထုဋ္ဌံ</span> နာမ ဘဏ္ဍံ ဝတ္ထုသ္မိံ စတူဟိ ဌာနေဟိ နိက္ခိတ္တံ ဟောတိ – ဘူမဋ္ဌံ, ထလဋ္ဌံ, အာကာသဋ္ဌံ, ဝေဟာသဋ္ဌံ။ ဝတ္ထုဋ္ဌံ ဘဏ္ဍံ အဝဟရိဿာမီတိ ထေယျစိတ္တော ဒုတိယံ ဝါ ပရိယေသတိ ဂစ္ဆတိ ဝါ, အာပတ္တိ ဒုက္ကဋဿ။ အာမသတိ, အာပတ္တိ ဒုက္ကဋဿ။ ဖန္ဒာပေတိ, အာပတ္တိ ထုလ္လစ္စယဿ။ ဌာနာ စာဝေတိ, အာပတ္တိ ပါရာဇိကဿ။ ဝတ္ထုံ အဘိယုဉ္ဇတိ, အာပတ္တိ ဒုက္ကဋဿ။ သာမိကဿ ဝိမတိံ ဥပ္ပါဒေတိ, အာပတ္တိ ထုလ္လစ္စယဿ။ သာမိကော န မယှံ ဘဝိဿတီတိ ဓုရံ နိက္ခိပတိ, အာပတ္တိ ပါရာဇိကဿ။ ဓမ္မံ စရန္တော သာမိကံ ပရာဇေတိ, အာပတ္တိ ပါရာဇိကဿ။ ဓမ္မံ စရန္တော ပရဇ္ဇတိ, အာပတ္တိ ထုလ္လစ္စယဿ။ ခီလံ <a name=""V0.0058""></a> ဝါ ရဇ္ဇုံ ဝါ ဝတိံ ဝါ ပါကာရံ ဝါ သင်္ကာမေတိ, အာပတ္တိ ဒုက္ကဋဿ။ ဧကံ ပယောဂံ အနာဂတေ အာပတ္တိ ထုလ္လစ္စယဿ။ တသ္မိံ ပယောဂေ အာဂတေ အာပတ္တိ ပါရာဇိကဿ။</p>
<p class=""bodytext""><a name=""para106""></a><a name=""para106_vin1""></a><span class=""paranum"">၁၀၆</span>။ <span class=""bld"">ဂါမဋ္ဌံ</span> နာမ ဘဏ္ဍံ ဂါမေ စတူဟိ ဌာနေဟိ နိက္ခိတ္တံ ဟောတိ <a name=""T1.0094""></a> – ဘူမဋ္ဌံ, ထလဋ္ဌံ, အာကာသဋ္ဌံ, ဝေဟာသဋ္ဌံ။ ဂါမဋ္ဌံ ဘဏ္ဍံ အဝဟရိဿာမီတိ ထေယျစိတ္တော ဒုတိယံ ဝါ ပရိယေသတိ ဂစ္ဆတိ ဝါ, အာပတ္တိ ဒုက္ကဋဿ။ အာမသတိ, အာပတ္တိ ဒုက္ကဋဿ။ ဖန္ဒာပေတိ, အာပတ္တိ ထုလ္လစ္စယဿ။ ဌာနာ စာဝေတိ, အာပတ္တိ ပါရာဇိကဿ။</p>
<p class=""bodytext""><a name=""para107""></a><a name=""para107_vin1""></a><span class=""paranum"">၁၀၇</span>။ <span class=""bld"">အရညံ</span> <a name=""P3.0051""></a> နာမ ယံ မနုဿာနံ ပရိဂ္ဂဟိတံ ဟောတိ, တံ အရညံ။ <span class=""bld"">အရညဋ္ဌံ</span> နာမ ဘဏ္ဍံ အရညေ စတူဟိ ဌာနေဟိ နိက္ခိတ္တံ ဟောတိ – ဘူမဋ္ဌံ, ထလဋ္ဌံ, အာကာသဋ္ဌံ, ဝေဟာသဋ္ဌံ။ အရညဋ္ဌံ ဘဏ္ဍံ အဝဟရိဿာမီတိ ထေယျစိတ္တော ဒုတိယံ ဝါ ပရိယေသတိ ဂစ္ဆတိ ဝါ, အာပတ္တိ ဒုက္ကဋဿ။ အာမသတိ, အာပတ္တိ ဒုက္ကဋဿ။ ဖန္ဒာပေတိ, အာပတ္တိ ထုလ္လစ္စယဿ။ ဌာနာ စာဝေတိ, အာပတ္တိ ပါရာဇိကဿ။ တတ္ထ ဇာတကံ ကဋ္ဌံ ဝါ လတံ ဝါ တိဏံ ဝါ ပဉ္စမာသကံ ဝါ အတိရေကပဉ္စမာသကံ ဝါ အဂ္ဃနကံ ထေယျစိတ္တော အာမသတိ, အာပတ္တိ ဒုက္ကဋဿ။ ဖန္ဒာပေတိ, အာပတ္တိ ထုလ္လစ္စယဿ။ ဌာနာ စာဝေတိ, အာပတ္တိ ပါရာဇိကဿ။</p>
",-105-106-107-
63,mula_vi_01,63,"<p class=""bodytext""><a name=""para108""></a><a name=""para108_vin1""></a><span class=""paranum"">၁၀၈</span>။ <span class=""bld"">ဥဒကံ</span> <a name=""M0.0063""></a> နာမ ဘာဇနဂတံ ဝါ ဟောတိ ပေါက္ခရဏိယာ ဝါ တဠာကေ ဝါ။ ထေယျစိတ္တော အာမသတိ, အာပတ္တိ ဒုက္ကဋဿ။ ဖန္ဒာပေတိ, အာပတ္တိ ထုလ္လစ္စယဿ။ ဌာနာ စာဝေတိ, အာပတ္တိ ပါရာဇိကဿ<a name=""T1.0095""></a>။ အတ္တနော ဘာဇနံ ပဝေသေတွာ ပဉ္စမာသကံ ဝါ အတိရေကပဉ္စမာသကံ ဝါ အဂ္ဃနကံ ဥဒကံ ထေယျစိတ္တော အာမသတိ, အာပတ္တိ ဒုက္ကဋဿ။ ဖန္ဒာပေတိ, အာပတ္တိ ထုလ္လစ္စယဿ။ အတ္တနော ဘာဇနဂတံ ကရောတိ, အာပတ္တိ ပါရာဇိကဿ။ မရိယာဒံ ဘိန္ဒတိ, အာပတ္တိ ဒုက္ကဋဿ။ မရိယာဒံ ဘိန္ဒိတွာ ပဉ္စမာသကံ ဝါ အတိရေကပဉ္စမာသကံ ဝါ အဂ္ဃနကံ ဥဒကံ နိက္ခာမေတိ, အာပတ္တိ ပါရာဇိကဿ။ အတိရေကမာသကံ ဝါ ဦနပဉ္စမာသကံ ဝါ အဂ္ဃနကံ ဥဒကံ နိက္ခာမေတိ, အာပတ္တိ ထုလ္လစ္စယဿ။ မာသကံ ဝါ ဦနမာသကံ ဝါ အဂ္ဃနကံ ဥဒကံ နိက္ခာမေတိ, အာပတ္တိ ဒုက္ကဋဿ။</p>
<p class=""bodytext""><a name=""para109""></a><a name=""para109_vin1""></a><span class=""paranum"">၁၀၉</span>။ <span class=""bld"">ဒန္တပေါဏံ</span> နာမ ဆိန္နံ ဝါ အစ္ဆိန္နံ ဝါ။ ပဉ္စမာသကံ ဝါ အတိရေကပဉ္စမာသကံ ဝါ အဂ္ဃနကံ ထေယျစိတ္တော အာမသတိ, အာပတ္တိ ဒုက္ကဋဿ။ ဖန္ဒာပေတိ, အာပတ္တိ ထုလ္လစ္စယဿ။ ဌာနာ စာဝေတိ, အာပတ္တိ ပါရာဇိကဿ။</p>
<p class=""bodytext""><a name=""para110""></a><a name=""para110_vin1""></a><span class=""paranum"">၁၁၀</span>။ <span class=""bld"">ဝနပ္ပတိ</span> <a name=""V0.0059""></a> နာမ ယော မနုဿာနံ ပရိဂ္ဂဟိတော ဟောတိ ရုက္ခော ပရိဘောဂေါ။ ထေယျစိတ္တော ဆိန္ဒတိ, ပဟာရေ ပဟာရေ အာပတ္တိ ဒုက္ကဋဿ။ ဧကံ ပဟာရံ အနာဂတေ, အာပတ္တိ ထုလ္လစ္စယဿ။ တသ္မိံ ပဟာရေ အာဂတေ, အာပတ္တိ ပါရာဇိကဿ။</p>
<p class=""bodytext""><a name=""para111""></a><a name=""para111_vin1""></a><span class=""paranum"">၁၁၁</span>။ <span class=""bld"">ဟရဏကံ</span> နာမ အညဿ ဟရဏကံ ဘဏ္ဍံ။ ထေယျစိတ္တော အာမသတိ, အာပတ္တိ ဒုက္ကဋဿ။ ဖန္ဒာပေတိ, အာပတ္တိ ထုလ္လစ္စယဿ။ ဌာနာ စာဝေတိ, အာပတ္တိ ပါရာဇိကဿ။ သဟဘဏ္ဍဟာရကံ ပဒသာ နေဿာမီတိ <a name=""T1.0096""></a> ပဌမံ ပါဒံ သင်္ကာမေတိ, အာပတ္တိ ထုလ္လစ္စယဿ။ ဒုတိယံ ပါဒံ သင်္ကာမေတိ, အာပတ္တိ ပါရာဇိကဿ။ ပတိတံ ဘဏ္ဍံ ဂဟေဿာမီတိ ပါတာပေတိ, အာပတ္တိ ဒုက္ကဋဿ။ ပတိတံ ဘဏ္ဍံ ပဉ္စမာသကံ ဝါ အတိရေကပဉ္စမာသကံ ဝါ အဂ္ဃနကံ ထေယျစိတ္တော အာမသတိ, အာပတ္တိ ဒုက္ကဋဿ။ ဖန္ဒာပေတိ, အာပတ္တိ ထုလ္လစ္စယဿ။ ဌာနာ စာဝေတိ, အာပတ္တိ ပါရာဇိကဿ။</p>
<p class=""bodytext""><a name=""para112""></a><a name=""para112_vin1""></a><span class=""paranum"">၁၁၂</span>။ <span class=""bld"">ဥပနိဓိ</span> နာမ ဥပနိက္ခိတ္တံ ဘဏ္ဍံ။ ဒေဟိ မေ ဘဏ္ဍန္တိ ဝုစ္စမာနော နာဟံ ဂဏှာမီတိ ဘဏတိ, အာပတ္တိ ဒုက္ကဋဿ။ သာမိကဿ ဝိမတိံ</p>
",-108-109-110-111-112-
64,mula_vi_01,64,"<p class=""noindentbodytext""> ဥပ္ပါဒေတိ<a name=""M0.0064""></a>, အာပတ္တိ ထုလ္လစ္စယဿ<a name=""P3.0052""></a>။ သာမိကော န မယှံ ဒဿတီတိ ဓုရံ နိက္ခိပတိ, အာပတ္တိ ပါရာဇိကဿ။ ဓမ္မံ စရန္တော သာမိကံ ပရာဇေတိ, အာပတ္တိ ပါရာဇိကဿ။ ဓမ္မံ စရန္တော ပရဇ္ဇတိ, အာပတ္တိ ထုလ္လစ္စယဿ။</p>
<p class=""bodytext""><a name=""para113""></a><a name=""para113_vin1""></a><span class=""paranum"">၁၁၃</span>။ <span class=""bld"">သုင်္ကဃာတံ</span> နာမ ရညာ ဌပိတံ ဟောတိ ပဗ္ဗတခဏ္ဍေ ဝါ နဒီတိတ္ထေ ဝါ ဂါမဒွါရေ ဝါ – ‘အတြ ပဝိဋ္ဌဿ သုင်္ကံ ဂဏှန္တူ’တိ။ တတြ ပဝိသိတွာ ရာဇဂ္ဂံ <span class=""note"">[ရာဇဂ္ဃံ (သီ။ သျာ။)]</span> ဘဏ္ဍံ ပဉ္စမာသကံ ဝါ အတိရေကပဉ္စမာသကံ ဝါ အဂ္ဃနကံ ထေယျစိတ္တော အာမသတိ, အာပတ္တိ ဒုက္ကဋဿ။ ဖန္ဒာပေတိ, အာပတ္တိ ထုလ္လစ္စယဿ။ ပဌမံ ပါဒံ သုင်္ကဃာတံ အတိက္ကာမေတိ, အာပတ္တိ ထုလ္လစ္စယဿ။ ဒုတိယံ ပါဒံ အတိက္ကာမေတိ, အာပတ္တိ ပါရာဇိကဿ။ အန္တောသုင်္ကဃာတေ ဌိတော ဗဟိသုင်္ကဃာတံ ပါတေတိ, အာပတ္တိ ပါရာဇိကဿ။ သုင်္ကံ ပရိဟရတိ, အာပတ္တိ ဒုက္ကဋဿ။</p>
<p class=""bodytext""><a name=""para114""></a><a name=""para114_vin1""></a><span class=""paranum"">၁၁၄</span>။ <span class=""bld"">ပါဏော</span> <a name=""T1.0097""></a> နာမ မနုဿပါဏော ဝုစ္စတိ။ ထေယျစိတ္တော အာမသတိ, အာပတ္တိ ဒုက္ကဋဿ။ ဖန္ဒာပေတိ, အာပတ္တိ ထုလ္လစ္စယဿ။ ဌာနာ စာဝေတိ, အာပတ္တိ ပါရာဇိကဿ။ ပဒသာ နေဿာမီတိ ပဌမံ ပါဒံ သင်္ကာမေတိ, အာပတ္တိ ထုလ္လစ္စယဿ။ ဒုတိယံ ပါဒံ သင်္ကာမေတိ, အာပတ္တိ ပါရာဇိကဿ။</p>
<p class=""bodytext""><span class=""bld"">အပဒံ</span> <a name=""V0.0060""></a> နာမ အဟိ မစ္ဆာ။ ပဉ္စမာသကံ ဝါ အတိရေကပဉ္စမာသကံ ဝါ အဂ္ဃနကံ ထေယျစိတ္တော အာမသတိ, အာပတ္တိ ဒုက္ကဋဿ။ ဖန္ဒာပေတိ, အာပတ္တိ ထုလ္လစ္စယဿ။ ဌာနာ စာဝေတိ, အာပတ္တိ ပါရာဇိကဿ။</p>
<p class=""bodytext""><a name=""para115""></a><a name=""para115_vin1""></a><span class=""paranum"">၁၁၅</span>။ <span class=""bld"">ဒွိပဒံ</span> နာမ မနုဿာ, ပက္ခဇာတာ။ ထေယျစိတ္တော အာမသတိ, အာပတ္တိ ဒုက္ကဋဿ။ ဖန္ဒာပေတိ, အာပတ္တိ ထုလ္လစ္စယဿ။ ဌာနာ စာဝေတိ, အာပတ္တိ ပါရာဇိကဿ။ ပဒသာ နေဿာမီတိ ပဌမံ ပါဒံ သင်္ကာမေတိ, အာပတ္တိ ထုလ္လစ္စယဿ။ ဒုတိယံ ပါဒံ သင်္ကာမေတိ, အာပတ္တိ ပါရာဇိကဿ။</p>
<p class=""bodytext""><a name=""para116""></a><a name=""para116_vin1""></a><span class=""paranum"">၁၁၆</span>။ <span class=""bld"">စတုပ္ပဒံ</span> နာမ – ဟတ္ထီ အဿာ ဩဋ္ဌာ ဂေါဏာ ဂဒြဘာ ပသုကာ။ ထေယျစိတ္တော အာမသတိ, အာပတ္တိ ဒုက္ကဋဿ။ ဖန္ဒာပေတိ, အာပတ္တိ ထုလ္လစ္စယဿ။ ဌာနာ စာဝေတိ, အာပတ္တိ ပါရာဇိကဿ။ ပဒသာ နေဿာမီတိ ပဌမံ ပါဒံ သင်္ကာမေတိ, အာပတ္တိ ထုလ္လစ္စယဿ။ ဒုတိယံ ပါဒံ သင်္ကာမေတိ,</p>
",-113-114-115-116-
65,mula_vi_01,65,"<p class=""noindentbodytext""> အာပတ္တိ<a name=""M0.0065""></a> ထုလ္လစ္စယဿ။ တတိယံ ပါဒံ သင်္ကာမေတိ, အာပတ္တိ ထုလ္လစ္စယဿ။ စတုတ္ထံ ပါဒံ သင်္ကာမေတိ, အာပတ္တိ <a name=""T1.0098""></a> ပါရာဇိကဿ။</p>
<p class=""bodytext""><a name=""para117""></a><a name=""para117_vin1""></a><span class=""paranum"">၁၁၇</span>။ <span class=""bld"">ဗဟုပ္ပဒံ</span> နာမ – ဝိစ္ဆိကာ သတပဒီ ဥစ္စာလိင်္ဂပါဏကာ။ ပဉ္စမာသကံ ဝါ အတိရေကပဉ္စမာသကံ ဝါ အဂ္ဃနကံ ထေယျစိတ္တော အာမသတိ, အာပတ္တိ ဒုက္ကဋဿ။ ဖန္ဒာပေတိ, အာပတ္တိ ထုလ္လစ္စယဿ။ ဌာနာ စာဝေတိ, အာပတ္တိ ပါရာဇိကဿ။ ပဒသာ နေဿာမီတိ သင်္ကာမေတိ, ပဒေ ပဒေ အာပတ္တိ ထုလ္လစ္စယဿ။ ပစ္ဆိမံ ပါဒံ သင်္ကာမေတိ, အာပတ္တိ ပါရာဇိကဿ။</p>
<p class=""bodytext""><a name=""para118""></a><a name=""para118_vin1""></a><span class=""paranum"">၁၁၈</span>။ <span class=""bld"">ဩစရကော</span> နာမ ဘဏ္ဍံ ဩစရိတွာ အာစိက္ခတိ – ‘‘ဣတ္ထန္နာမံ ဘဏ္ဍံ အဝဟရာ’’တိ, အာပတ္တိ ဒုက္ကဋဿ။ သော တံ ဘဏ္ဍံ အဝဟရတိ, အာပတ္တိ ဥဘိန္နံ ပါရာဇိကဿ။</p>
<p class=""bodytext""><span class=""bld"">ဩဏိရက္ခော</span> <a name=""P3.0053""></a> နာမ အာဟဋံ ဘဏ္ဍံ ဂေါပေန္တော ပဉ္စမာသကံ ဝါ အတိရေကပဉ္စမာသကံ ဝါ အဂ္ဃနကံ ထေယျစိတ္တော အာမသတိ, အာပတ္တိ ဒုက္ကဋဿ။ ဖန္ဒာပေတိ, အာပတ္တိ ထုလ္လစ္စယဿ။ ဌာနာ စာဝေတိ, အာပတ္တိ ပါရာဇိကဿ။</p>
<p class=""bodytext""><span class=""bld"">သံဝိဒါဝဟာရော</span> နာမ သမ္ဗဟုလာ သံဝိဒဟိတွာ ဧကော ဘဏ္ဍံ အဝဟရတိ, အာပတ္တိ သဗ္ဗေသံ ပါရာဇိကဿ။</p>
<p class=""bodytext""><a name=""para119""></a><a name=""para119_vin1""></a><span class=""paranum"">၁၁၉</span>။ <span class=""bld"">သင်္ကေတကမ္မံ</span> <a name=""V0.0061""></a> နာမ သင်္ကေတံ ကရောတိ – ‘‘ပုရေဘတ္တံ ဝါ ပစ္ဆာဘတ္တံ ဝါ ရတ္တိံ ဝါ ဒိဝါ ဝါ တေန သင်္ကေတေန တံ ဘဏ္ဍံ အဝဟရာ’’တိ, အာပတ္တိ ဒုက္ကဋဿ။ တေန သင်္ကေတေန တံ ဘဏ္ဍံ အဝဟရတိ, အာပတ္တိ ဥဘိန္နံ ပါရာဇိကဿ။ တံ သင်္ကေတံ ပုရေ ဝါ ပစ္ဆာ <a name=""T1.0099""></a> ဝါ တံ ဘဏ္ဍံ အဝဟရတိ, မူလဋ္ဌဿ အနာပတ္တိ။ အဝဟာရကဿ အာပတ္တိ ပါရာဇိကဿ။</p>
<p class=""bodytext""><a name=""para120""></a><a name=""para120_vin1""></a><span class=""paranum"">၁၂၀</span>။ <span class=""bld"">နိမိတ္တကမ္မံ</span> နာမ နိမိတ္တံ ကရောတိ။ အက္ခိံ ဝါ နိခဏိဿာမိ ဘမုကံ ဝါ ဥက္ခိပိဿာမိ သီသံ ဝါ ဥက္ခိပိဿာမိ, တေန နိမိတ္တေန တံ ဘဏ္ဍံ အဝဟရာတိ, အာပတ္တိ ဒုက္ကဋဿ။ တေန နိမိတ္တေန တံ ဘဏ္ဍံ အဝဟရတိ, အာပတ္တိ ဥဘိန္နံ ပါရာဇိကဿ။ တံ နိမိတ္တံ ပုရေ ဝါ ပစ္ဆာ ဝါ တံ ဘဏ္ဍံ အဝဟရတိ, မူလဋ္ဌဿ အနာပတ္တိ။ အဝဟာရကဿ အာပတ္တိ ပါရာဇိကဿ။</p>
",-117-118-119-120-
66,mula_vi_01,66,"<p class=""bodytext""><a name=""para121""></a><a name=""para121_vin1""></a><span class=""paranum"">၁၂၁</span>။ ဘိက္ခု <a name=""M0.0066""></a> ဘိက္ခုံ အာဏာပေတိ – ‘‘ဣတ္ထန္နာမံ ဘဏ္ဍံ အဝဟရာ’’တိ, အာပတ္တိ ဒုက္ကဋဿ။ သော တံ မညမာနော တံ အဝဟရတိ, အာပတ္တိ ဥဘိန္နံ ပါရာဇိကဿ။</p>
<p class=""bodytext"">ဘိက္ခု ဘိက္ခုံ အာဏာပေတိ – ‘‘ဣတ္ထန္နာမံ ဘဏ္ဍံ အဝဟရာ’’တိ, အာပတ္တိ ဒုက္ကဋဿ။ သော တံ မညမာနော အညံ အဝဟရတိ, မူလဋ္ဌဿ အနာပတ္တိ။ အဝဟာရကဿ အာပတ္တိ ပါရာဇိကဿ။</p>
<p class=""bodytext"">ဘိက္ခု ဘိက္ခုံ အာဏာပေတိ – ‘‘ဣတ္ထန္နာမံ ဘဏ္ဍံ အဝဟရာ’’တိ, အာပတ္တိ ဒုက္ကဋဿ။ သော အညံ မညမာနော တံ အဝဟရတိ, အာပတ္တိ ဥဘိန္နံ ပါရာဇိကဿ။</p>
<p class=""bodytext"">ဘိက္ခု ဘိက္ခုံ အာဏာပေတိ – ‘‘ဣတ္ထန္နာမံ ဘဏ္ဍံ အဝဟရာ’’တိ, အာပတ္တိ ဒုက္ကဋဿ။ သော အညံ မညမာနော အညံ အဝဟရတိ, မူလဋ္ဌဿ အနာပတ္တိ။ အဝဟာရကဿ အာပတ္တိ ပါရာဇိကဿ။</p>
<p class=""bodytext"">ဘိက္ခု ဘိက္ခုံ အာဏာပေတိ – ‘‘ဣတ္ထန္နာမဿ ပါဝဒ – ‘ဣတ္ထန္နာမော ဣတ္ထန္နာမဿ ပါဝဒတု – ဣတ္ထန္နာမော ဣတ္ထန္နာမံ <a name=""T1.0100""></a> ဘဏ္ဍံ အဝဟရတူ’’’တိ, အာပတ္တိ ဒုက္ကဋဿ။ သော ဣတရဿ အာရောစေတိ, အာပတ္တိ ဒုက္ကဋဿ။ အဝဟာရကော ပဋိဂ္ဂဏှာတိ, မူလဋ္ဌဿ အာပတ္တိ ထုလ္လစ္စယဿ။ သော တံ ဘဏ္ဍံ အဝဟရတိ, အာပတ္တိ သဗ္ဗေသံ ပါရာဇိကဿ။</p>
<p class=""bodytext"">ဘိက္ခု <a name=""V0.0062""></a> ဘိက္ခုံ အာဏာပေတိ – ‘‘ဣတ္ထန္နာမဿ ပါဝဒ – ‘ဣတ္ထန္နာမော ဣတ္ထန္နာမဿ ပါဝဒတု – ဣတ္ထန္နာမော ဣတ္ထန္နာမံ ဘဏ္ဍံ အဝဟရတူ’’’တိ, အာပတ္တိ ဒုက္ကဋဿ။ သော အညံ အာဏာပေတိ, အာပတ္တိ ဒုက္ကဋဿ။ အဝဟာရကော ပဋိဂ္ဂဏှာတိ, အာပတ္တိ ဒုက္ကဋဿ။ သော တံ ဘဏ္ဍံ အဝဟရတိ, မူလဋ္ဌဿ အနာပတ္တိ။ အာဏာပကဿ စ အဝဟာရကဿ စ အာပတ္တိ ပါရာဇိကဿ။</p>
<p class=""bodytext"">ဘိက္ခု ဘိက္ခုံ အာဏာပေတိ – ‘‘ဣတ္ထန္နာမံ <a name=""P3.0054""></a> ဘဏ္ဍံ အဝဟရာ’’တိ, အာပတ္တိ ဒုက္ကဋဿ။ သော ဂန္တွာ ပုန ပစ္စာဂစ္ဆတိ – ‘‘နာဟံ သက္ကောမိ တံ ဘဏ္ဍံ အဝဟရိတု’’န္တိ။ သော ပုန အာဏာပေတိ – ‘‘ယဒါ သက္ကောသိ တဒါ တံ ဘဏ္ဍံ အဝဟရာ’’တိ, အာပတ္တိ ဒုက္ကဋဿ။ သော တံ ဘဏ္ဍံ အဝဟရတိ, အာပတ္တိ ဥဘိန္နံ ပါရာဇိကဿ။</p>
",-121-
67,mula_vi_01,67,"<p class=""bodytext"">ဘိက္ခု <a name=""M0.0067""></a> ဘိက္ခုံ အာဏာပေတိ – ‘‘ဣတ္ထန္နာမံ ဘဏ္ဍံ အဝဟရာ’’တိ, အာပတ္တိ ဒုက္ကဋဿ။ သော အာဏာပေတွာ ဝိပ္ပဋိသာရီ န သာဝေတိ – ‘‘မာ အဝဟရီ’’တိ။ သော တံ ဘဏ္ဍံ အဝဟရတိ, အာပတ္တိ ဥဘိန္နံ ပါရာဇိကဿ။</p>
<p class=""bodytext"">ဘိက္ခု ဘိက္ခုံ အာဏာပေတိ – ‘‘ဣတ္ထန္နာမံ ဘဏ္ဍံ အဝဟရာ’’တိ, အာပတ္တိ ဒုက္ကဋဿ။ သော အာဏာပေတွာ ဝိပ္ပဋိသာရီ သာဝေတိ – ‘‘မာ အဝဟရီ’’တိ။ သော ‘‘အာဏတ္တော အဟံ တယာ’’တိ, တံ ဘဏ္ဍံ အဝဟရတိ, မူလဋ္ဌဿ အနာပတ္တိ။ အဝဟာရကဿ <a name=""T1.0101""></a> အာပတ္တိ ပါရာဇိကဿ။</p>
<p class=""bodytext"">ဘိက္ခု ဘိက္ခုံ အာဏာပေတိ – ‘‘ဣတ္ထန္နာမံ ဘဏ္ဍံ အဝဟရာ’’တိ, အာပတ္တိ ဒုက္ကဋဿ။ သော အာဏာပေတွာ ဝိပ္ပဋိသာရီ သာဝေတိ – ‘‘မာ အဝဟရီ’’တိ။ သော ‘‘သာဓူ’’တိ <span class=""note"">[သုဋ္ဌူတိ (က။)]</span>? ဩရမတိ, ဥဘိန္နံ အနာပတ္တိ။</p>
<p class=""bodytext""><a name=""para122""></a><a name=""para122_vin1""></a><span class=""paranum"">၁၂၂</span>။ ပဉ္စဟိ အာကာရေဟိ အဒိန္နံ အာဒိယန္တဿ အာပတ္တိ ပါရာဇိကဿ – ပရပရိဂ္ဂဟိတဉ္စ ဟောတိ, ပရပရိဂ္ဂဟိတသညီ စ, ဂရုကော စ ဟောတိ ပရိက္ခာရော, ပဉ္စမာသကော ဝါ အတိရေကပဉ္စမာသကော ဝါ, ထေယျစိတ္တဉ္စ ပစ္စုပဋ္ဌိတံ ဟောတိ။ အာမသတိ, အာပတ္တိ ဒုက္ကဋဿ။ ဖန္ဒာပေတိ, အာပတ္တိ ထုလ္လစ္စယဿ။ ဌာနာ စာဝေတိ, အာပတ္တိ ပါရာဇိကဿ။</p>
<p class=""bodytext""><a name=""para123""></a><a name=""para123_vin1""></a><span class=""paranum"">၁၂၃</span>။ ပဉ္စဟိ အာကာရေဟိ အဒိန္နံ အာဒိယန္တဿ အာပတ္တိ ထုလ္လစ္စယဿ – ပရပရိဂ္ဂဟိတဉ္စ ဟောတိ, ပရပရိဂ္ဂဟိတသညီ စ, လဟုကော စ ဟောတိ ပရိက္ခာရော, အတိရေကမာသကော <a name=""V0.0063""></a> ဝါ ဦနပဉ္စမာသကော ဝါ, ထေယျစိတ္တဉ္စ ပစ္စုပဋ္ဌိတံ ဟောတိ။ အာမသတိ, အာပတ္တိ ဒုက္ကဋဿ။ ဖန္ဒာပေတိ, အာပတ္တိ ဒုက္ကဋဿ။ ဌာနာ စာဝေတိ, အာပတ္တိ ထုလ္လစ္စယဿ။</p>
<p class=""bodytext""><a name=""para124""></a><a name=""para124_vin1""></a><span class=""paranum"">၁၂၄</span>။ ပဉ္စဟိ အာကာရေဟိ အဒိန္နံ အာဒိယန္တဿ အာပတ္တိ ဒုက္ကဋဿ။ ပရပရိဂ္ဂဟိတဉ္စ ဟောတိ, ပရပရိဂ္ဂဟိတသညီ စ, လဟုကော စ ဟောတိ ပရိက္ခာရော, မာသကော ဝါ ဦနမာသကော ဝါ, ထေယျစိတ္တဉ္စ ပစ္စုပဋ္ဌိတံ ဟောတိ။ အာမသတိ, အာပတ္တိ ဒုက္ကဋဿ။ ဖန္ဒာပေတိ, အာပတ္တိ ဒုက္ကဋဿ။ ဌာနာ စာဝေတိ, အာပတ္တိ ဒုက္ကဋဿ။</p>
<p class=""bodytext""><a name=""para125""></a><a name=""para125_vin1""></a><span class=""paranum"">၁၂၅</span>။ ဆဟိ အာကာရေဟိ အဒိန္နံ အာဒိယန္တဿ အာပတ္တိ ပါရာဇိကဿ။ န <a name=""T1.0102""></a> စ သကသညီ, န စ ဝိဿာသဂ္ဂါဟီ, န စ တာဝကာလိကံ, ဂရုကော စ</p>
",-122-123-124-125-
68,mula_vi_01,68,"<p class=""noindentbodytext""> ဟောတိ<a name=""M0.0068""></a> ပရိက္ခာရော, ပဉ္စမာသကော ဝါ အတိရေကပဉ္စမာသကော ဝါ, ထေယျစိတ္တဉ္စ ပစ္စုပဋ္ဌိတံ ဟောတိ။ အာမသတိ, အာပတ္တိ ဒုက္ကဋသ။ ဖန္ဒာပေတိ, အာပတ္တိ ထုလ္လစ္စယဿ။ ဌာနာ စာဝေတိ, အာပတ္တိ ပါရာဇိကဿ။</p>
<p class=""bodytext""><a name=""para126""></a><a name=""para126_vin1""></a><span class=""paranum"">၁၂၆</span>။ ဆဟိ အာကာရေဟိ အဒိန္နံ အာဒိယန္တဿ အာပတ္တိ ထုလ္လစ္စယဿ။ န စ သကသညီ, န စ ဝိဿာသဂ္ဂါဟီ, န စ တာဝကာလိကံ, လဟုကော စ ဟောတိ ပရိက္ခာရော အတိရေကမာသကော <a name=""P3.0055""></a> ဝါ ဦနပဉ္စမာသကော ဝါ, ထေယျစိတ္တဉ္စ ပစ္စုပဋ္ဌိတံ ဟောတိ။ အာမသတိ, အာပတ္တိ ဒုက္ကဋဿ။ ဖန္ဒာပေတိ, အာပတ္တိ ဒုက္ကဋဿ။ ဌာနာ စာဝေတိ, အာပတ္တိ ထုလ္လစ္စယဿ။</p>
<p class=""bodytext""><a name=""para127""></a><a name=""para127_vin1""></a><span class=""paranum"">၁၂၇</span>။ ဆဟိ အာကာရေဟိ အဒိန္နံ အာဒိယန္တဿ အာပတ္တိ ဒုက္ကဋဿ။ န စ သကသညီ, န စ ဝိဿာသဂ္ဂါဟီ, န စ တာဝကာလိကံ, လဟုကော စ ဟောတိ ပရိက္ခာရော, မာသကော ဝါ ဦနမာသကော ဝါ, ထေယျစိတ္တဉ္စ ပစ္စုပဋ္ဌိတံ ဟောတိ။ အာမသတိ, အာပတ္တိ ဒုက္ကဋဿ။ ဖန္ဒာပေတိ, အာပတ္တိ ဒုက္ကဋဿ။ ဌာနာ စာဝေတိ, အာပတ္တိ ဒုက္ကဋဿ။</p>
<p class=""bodytext""><a name=""para128""></a><a name=""para128_vin1""></a><span class=""paranum"">၁၂၈</span>။ ပဉ္စဟိ အာကာရေဟိ အဒိန္နံ အာဒိယန္တဿ အာပတ္တိ ဒုက္ကဋဿ။ န စ ပရပရိဂ္ဂဟိတံ ဟောတိ, ပရပရိဂ္ဂဟိတသညီ စ, ဂရုကော စ ဟောတိ ပရိက္ခာရော, ပဉ္စမာသကော ဝါ အတိရေကပဉ္စမာသကော ဝါ, ထေယျစိတ္တဉ္စ ပစ္စုပဋ္ဌိတံ ဟောတိ။ အာမသတိ, အာပတ္တိ ဒုက္ကဋဿ။ ဖန္ဒာပေတိ, အာပတ္တိ ဒုက္ကဋဿ။ ဌာနာ စာဝေတိ, အာပတ္တိ ဒုက္ကဋဿ။</p>
<p class=""bodytext""><a name=""para129""></a><a name=""para129_vin1""></a><span class=""paranum"">၁၂၉</span>။ ပဉ္စဟိ <a name=""V0.0064""></a> အာကာရေဟိ အဒိန္နံ အာဒိယန္တဿ အာပတ္တိ ဒုက္ကဋဿ။ န <a name=""T1.0103""></a> စ ပရပရိဂ္ဂဟိတံ ဟောတိ, ပရပရိဂ္ဂဟိတသညီ စ, လဟုကော စ ဟောတိ ပရိက္ခာရော, အတိရေကမာသကော ဝါ ဦနပဉ္စမာသကော ဝါ, ထေယျစိတ္တဉ္စ ပစ္စုပဋ္ဌိတံ ဟောတိ။ အာမသတိ, အာပတ္တိ ဒုက္ကဋဿ။ ဖန္ဒာပေတိ, အာပတ္တိ ဒုက္ကဋဿ။ ဌာနာ စာဝေတိ, အာပတ္တိ ဒုက္ကဋဿ။</p>
<p class=""bodytext""><a name=""para130""></a><a name=""para130_vin1""></a><span class=""paranum"">၁၃၀</span>။ ပဉ္စဟိ အာကာရေဟိ အဒိန္နံ အာဒိယန္တဿ အာပတ္တိ ဒုက္ကဋဿ။ န စ ပရပရိဂ္ဂဟိတံ ဟောတိ, ပရပရိဂ္ဂဟိတသညီ စ, လဟုကော စ ဟောတိ ပရိက္ခာရော, မာသကော ဝါ ဦနမာသကော ဝါ, ထေယျစိတ္တဉ္စ ပစ္စုပဋ္ဌိတံ ဟောတိ။ အာမသတိ, အာပတ္တိ ဒုက္ကဋဿ။ ဖန္ဒာပေတိ, အာပတ္တိ ဒုက္ကဋဿ။ ဌာနာ စာဝေတိ, အာပတ္တိ ဒုက္ကဋဿ။</p>
",-126-127-128-129-130-
69,mula_vi_01,69,"<p class=""bodytext""><a name=""para131""></a><a name=""para131_vin1""></a><span class=""paranum"">၁၃၁</span>။ အနာပတ္တိ <a name=""M0.0069""></a> သသညိဿ, ဝိဿာသဂ္ဂါဟေ, တာဝကာလိကေ, ပေတပရိဂ္ဂဟေ, တိရစ္ဆာနဂတပရိဂ္ဂဟေ, ပံသုကူလသညိဿ, ဥမ္မတ္တကဿ, (ခိတ္တစိတ္တဿ ဝေဒနာဋ္ဋဿ) <span class=""note"">[(ခိတ္တစိတ္တဿ ဝေဒနာဋ္ဋဿ) ကတ္ထစိ နတ္ထိ]</span> အာဒိကမ္မိကဿာတိ။</p>
<p class=""centered"">အဒိန္နာဒါနမှိ ပဌမဘာဏဝါရော နိဋ္ဌိတော။</p>
<p class=""subhead"">ဝိနီတဝတ္ထုဥဒ္ဒါနဂါထာ</p>
<p class=""gatha1"">ရဇကေဟိ ပဉ္စ အက္ခာတာ, စတုရော အတ္ထရဏေဟိ စ၊</p>
<p class=""gathalast"">အန္ဓကာရေန ဝေ ပဉ္စ, ပဉ္စ ဟာရဏကေန စ။</p>
<p class=""gatha1"">နိရုတ္တိယာ ပဉ္စ အက္ခာတာ, ဝါတေဟိ အပရေ ဒုဝေ၊</p>
<p class=""gathalast"">အသမ္ဘိန္နေ ကုသာပါတော, ဇန္တဂ္ဂေန <span class=""note"">[ဇန္တာဃရေန (သျာ။)]</span> သဟာ ဒသ။</p>
<p class=""gatha1"">ဝိဃာသေဟိ ပဉ္စ အက္ခာတာ, ပဉ္စ စေဝ အမူလကာ၊</p>
<p class=""gathalast"">ဒုဗ္ဘိက္ခေ ကုရမံသဉ္စ <span class=""note"">[ကူရမံသဉ္စ (သျာ။)]</span>, ပူဝသက္ခလိမောဒကာ။</p>
<p class=""gatha1"">ဆပရိက္ခာရထဝိကာ<a name=""T1.0104""></a>, ဘိသိဝံသာ န နိက္ခမေ၊</p>
<p class=""gathalast"">ခါဒနီယဉ္စ ဝိဿာသံ, သသညာယပရေ ဒုဝေ။</p>
<p class=""gatha1"">သတ္တ <a name=""V0.0065""></a> နာဝဟရာမာတိ, သတ္တ စေဝ အဝါဟရုံ၊</p>
<p class=""gathalast"">သံဃဿ အဝဟရုံ သတ္တ, ပုပ္ဖေဟိ အပရေ ဒုဝေ။</p>
<p class=""gatha1"">တယော စ ဝုတ္တဝါဒိနော, မဏိ တီဏိ အတိက္ကမေ၊</p>
<p class=""gathalast"">သူကရာ စ မိဂါ မစ္ဆာ, ယာနဉ္စာပိ ပဝတ္တယိ။</p>
<p class=""gatha1"">ဒုဝေ ပေသီ ဒုဝေ ဒါရူ, ပံသုကူလံ ဒုဝေ ဒကာ၊</p>
<p class=""gathalast"">အနုပုဗ္ဗဝိဓာနေန<a name=""P3.0056""></a>, တဒညော န ပရိပူရယိ။</p>
",-131-
70,mula_vi_01,70,"<p class=""gatha1"">သာဝတ္ထိယာ <a name=""M0.0070""></a> စတုရော မုဋ္ဌီ, ဒွေ ဝိဃာသာ ဒုဝေ တိဏာ၊</p>
<p class=""gathalast"">သံဃဿ ဘာဇယုံ သတ္တ, သတ္တ စေဝ အဿာမိကာ။</p>
<p class=""gatha1"">ဒါရုဒကာ မတ္တိကာ ဒွေ တိဏာနိ၊</p>
<p class=""gatha2"">သံဃဿ သတ္တ အဝဟာသိ သေယျံ၊</p>
<p class=""gatha3"">သဿာမိကံ န စာပိ နီဟရေယျ၊</p>
<p class=""gathalast"">ဟရေယျ သဿာမိကံ တာဝကာလိကံ။</p>
<p class=""gatha1"">စမ္ပာ ရာဇဂဟေ စေဝ, ဝေသာလိယာ စ အဇ္ဇုကော၊</p>
<p class=""gathalast"">ဗာရာဏသီ စ ကောသမ္ဗီ, သာဂလာ ဒဠှိကေန စာတိ။</p>
<p class=""subhead"">ဝိနီတဝတ္ထု</p>
<p class=""bodytext""><a name=""para132""></a><a name=""para132_vin1""></a><span class=""paranum"">၁၃၂</span>။ တေန ခေါ ပန သမယေန ဆဗ္ဗဂ္ဂိယာ ဘိက္ခူ ရဇကတ္ထရဏံ ဂန္တွာ ရဇကဘဏ္ဍိကံ အဝဟရိံသု။ တေသံ ကုက္ကုစ္စံ အဟောသိ – ‘‘ဘဂဝတာ သိက္ခာပဒံ ပညတ္တံ။ ကစ္စိ နု ခေါ မယံ ပါရာဇိကံ အာပတ္တိံ အာပန္နာ’’တိ<a name=""T1.0105""></a>။ ဘဂဝတော ဧတမတ္ထံ အာရောစေသုံ။ ‘‘အာပတ္တိံ တုမှေ, ဘိက္ခဝေ, အာပန္နာ ပါရာဇိက’’န္တိ။</p>
<p class=""bodytext"">တေန ခေါ ပန သမယေန အညတရော ဘိက္ခု ရဇကတ္ထရဏံ ဂန္တွာ မဟဂ္ဃံ ဒုဿံ ပဿိတွာ ထေယျစိတ္တံ ဥပ္ပါဒေသိ။ တဿ ကုက္ကုစ္စံ အဟောသိ – ‘‘ဘဂဝတာ သိက္ခာပဒံ ပညတ္တံ, ကစ္စိ နု ခေါ <a name=""V0.0066""></a> အဟံ ပါရာဇိကံ အာပတ္တိံ အာပန္နော’’တိ? ဘဂဝတော ဧတမတ္ထံ အာရောစေသိ။ ‘‘အနာပတ္တိ, ဘိက္ခု, စိတ္တုပ္ပါဒေ’’တိ။</p>
<p class=""bodytext"">တေန ခေါ ပန သမယေန အညတရော ဘိက္ခု ရဇကတ္ထရဏံ ဂန္တွာ မဟဂ္ဃံ ဒုဿံ ပဿိတွာ ထေယျစိတ္တော အာမသိ။ တဿ ကုက္ကုစ္စံ အဟောသိ…ပေ… ‘‘အနာပတ္တိ, ဘိက္ခု, ပါရာဇိကဿ။ အာပတ္တိ ဒုက္ကဋဿာ’’တိ။</p>
<p class=""bodytext"">တေန ခေါ ပန သမယေန အညတရော ဘိက္ခု ရဇကတ္ထရဏံ ဂန္တွာ မဟဂ္ဃံ ဒုဿံ ပဿိတွာ ထေယျစိတ္တော ဖန္ဒာပေသိ။ တဿ ကုက္ကုစ္စံ အဟောသိ…ပေ… ‘‘အနာပတ္တိ, ဘိက္ခု, ပါရာဇိကဿ။ အာပတ္တိ ထုလ္လစ္စယဿာ’’တိ။</p>
",-132-
71,mula_vi_01,71,"<p class=""bodytext"">တေန <a name=""M0.0071""></a> ခေါ ပန သမယေန အညတရော ဘိက္ခု ရဇကတ္ထရဏံ ဂန္တွာ မဟဂ္ဃံ ဒုဿံ ပဿိတွာ ထေယျစိတ္တော ဌာနာ စာဝေသိ။ တဿ ကုက္ကုစ္စံ အဟောသိ…ပေ… ‘‘အာပတ္တိံ တွံ, ဘိက္ခု, အာပန္နော ပါရာဇိက’’န္တိ။</p>
<p class=""bodytext""><a name=""para133""></a><a name=""para133_vin1""></a><span class=""paranum"">၁၃၃</span>။ တေန ခေါ ပန သမယေန အညတရော ပိဏ္ဍစာရိကော ဘိက္ခု မဟဂ္ဃံ ဥတ္တရတ္ထရဏံ ပဿိတွာ ထေယျစိတ္တံ ဥပ္ပါဒေသိ…ပေ… ထေယျစိတ္တော အာမသိ…ပေ… <a name=""T1.0106""></a> ထေယျစိတ္တော ဖန္ဒာပေသိ…ပေ… ထေယျစိတ္တော ဌာနာ စာဝေသိ။ တဿ ကုက္ကုစ္စံ အဟောသိ…ပေ… ‘‘အာပတ္တိံ တွံ, ဘိက္ခု, အာပန္နော ပါရာဇိက’’န္တိ။</p>
<p class=""bodytext""><a name=""para134""></a><a name=""para134_vin1""></a><span class=""paranum"">၁၃၄</span>။ တေန ခေါ ပန သမယေန အညတရော ဘိက္ခု ဒိဝါ ဘဏ္ဍံ ပဿိတွာ နိမိတ္တံ အကာသိ – ‘ရတ္တိံ အဝဟရိဿာမီ’တိ။ သော တံ မညမာနော တံ အဝဟရိ…ပေ… တံ မညမာနော အညံ အဝဟရိ…ပေ… အညံ မညမာနော တံ အဝဟရိ…ပေ… အညံ မညမာနော အညံ အဝဟရိ။ တဿ ကုက္ကုစ္စံ အဟောသိ…ပေ… ‘‘အာပတ္တိံ တွံ, ဘိက္ခု, အာပန္နော ပါရာဇိက’’န္တိ<a name=""P3.0057""></a>။</p>
<p class=""bodytext"">တေန ခေါ ပန သမယေန အညတရော ဘိက္ခု ဒိဝါ ဘဏ္ဍံ ပဿိတွာ နိမိတ္တံ အကာသိ – ‘‘ရတ္တိံ အဝဟရိဿာမီ’’တိ။ သော တံ မညမာနော အတ္တနော ဘဏ္ဍံ အဝဟရိ။ တဿ ကုက္ကုစ္စံ အဟောသိ…ပေ… ‘‘အနာပတ္တိ, ဘိက္ခု, ပါရာဇိကဿ။ အာပတ္တိ ဒုက္ကဋဿာ’’တိ။</p>
<p class=""bodytext"">တေန <a name=""V0.0067""></a> ခေါ ပန သမယေန အညတရော ဘိက္ခု အညဿ ဘဏ္ဍံ ဟရန္တော သီသေ ဘာရံ ထေယျစိတ္တော အာမသိ…ပေ… ထေယျစိတ္တော ဖန္ဒာပေသိ…ပေ… ထေယျစိတ္တော ခန္ဓံ ဩရောပေသိ…ပေ… <a name=""T1.0107""></a> ခန္ဓေ ဘာရံ ထေယျစိတ္တော အာမသိ…ပေ… ထေယျစိတ္တော ဖန္ဒာပေသိ…ပေ… ထေယျစိတ္တော ကဋိံ ဩရောပေသိ…ပေ… ကဋိယာ ဘာရံ ထေယျစိတ္တော အာမသိ…ပေ… ထေယျစိတ္တော ဖန္ဒာပေသိ…ပေ… ထေယျစိတ္တော ဟတ္ထေန အဂ္ဂဟေသိ…ပေ… ဟတ္ထေ ဘာရံ ထေယျစိတ္တော ဘူမိယံ နိက္ခိပိ…ပေ… ထေယျစိတ္တော ဘူမိတော အဂ္ဂဟေသိ။ တဿ ကုက္ကုစ္စံ အဟောသိ…ပေ… ‘‘အာပတ္တိံ တွံ, ဘိက္ခု, အာပန္နော ပါရာဇိက’’န္တိ။</p>
<p class=""bodytext""><a name=""para135""></a><a name=""para135_vin1""></a><span class=""paranum"">၁၃၅</span>။ တေန ခေါ ပန သမယေန အညတရော ဘိက္ခု အဇ္ဈောကာသေ စီဝရံ ပတ္ထရိတွာ ဝိဟာရံ ပါဝိသိ။ အညတရော ဘိက္ခု – ‘မာယိဒံ စီဝရံ နဿီ’တိ, ပဋိသာမေသိ။ သော နိက္ခမိတွာ တံ ဘိက္ခုံ ပုစ္ဆိ – ‘‘အာဝုသော, မယှံ စီဝရံ ကေန</p>
",-133-134-135-
72,mula_vi_01,72,"<p class=""noindentbodytext""> အဝဟဋ’’န္တိ<a name=""M0.0072""></a>? သော ဧဝမာဟ – ‘‘မယာ အဝဟဋ’’န္တိ။ ‘‘သော တံ အာဒိယိ, အဿမဏောသိ တွ’’န္တိ။ တဿ ကုက္ကုစ္စံ အဟောသိ…ပေ…။ ဘဂဝတော ဧတမတ္ထံ အာရောစေသိ။ ‘‘ကိံစိတ္တော တွံ, ဘိက္ခူ’’တိ? ‘‘နိရုတ္တိပထော အဟံ, ဘဂဝါ’’တိ။ ‘‘အနာပတ္တိ, ဘိက္ခု, နိရုတ္တိပထေ’’တိ။</p>
<p class=""bodytext"">တေန ခေါ ပန သမယေန အညတရော ဘိက္ခု ပီဌေ စီဝရံ နိက္ခိပိတွာ။ ပီဌေ နိသီဒနံ နိက္ခိပိတွာ… ဟေဋ္ဌာပီဌေ ပတ္တံ နိက္ခိပိတွာ ဝိဟာရံ ပါဝိသိ။ အညတရော ဘိက္ခု – ‘‘မာယံ ပတ္တော နဿီ’’တိ ပဋိသာမေသိ။ သော နိက္ခမိတွာ တံ ဘိက္ခုံ ပုစ္ဆိ – ‘‘အာဝုသော, မယှံ ပတ္တော ကေန အဝဟဋော’’တိ? သော ဧဝမာဟ – ‘‘မယာ အဝဟဋော’’တိ။ ‘‘သော တံ အာဒိယိ, အဿမဏောသိ တွ’’န္တိ။ တဿ ကုက္ကုစ္စံ အဟောသိ…ပေ… ‘‘အနာပတ္တိ, ဘိက္ခု, နိရုတ္တိပထေ’’တိ။</p>
<p class=""bodytext"">တေန ခေါ ပန သမယေန အညတရာ ဘိက္ခုနီ ဝတိယာ စီဝရံ ပတ္ထရိတွာ ဝိဟာရံ ပါဝိသိ။ အညတရာ ဘိက္ခုနီ – ‘မာယိဒံ <a name=""T1.0108""></a> စီဝရံ နဿီ’တိ ပဋိသာမေသိ။ သာ နိက္ခမိတွာ တံ ဘိက္ခုနိံ ပုစ္ဆိ – ‘‘အယျေ, မယှံ စီဝရံ ကေန အဝဟဋ’’န္တိ? သာ ဧဝမာဟ – ‘‘မယာ အဝဟဋ’’န္တိ။ ‘‘သာ တံ အာဒိယိ, အဿမဏီသိ တွ’’န္တိ။ တဿာ ကုက္ကုစ္စံ အဟောသိ။ အထ ခေါ သာ ဘိက္ခုနီ ဘိက္ခုနီနံ ဧတမတ္ထံ အာရောစေသိ။ ဘိက္ခုနိယော ဘိက္ခူနံ ဧတမတ္ထံ အာရောစေသုံ။ ဘိက္ခူ ဘဂဝတော ဧတမတ္ထံ အာရောစေသုံ…ပေ… ‘‘အနာပတ္တိ, ဘိက္ခဝေ, နိရုတ္တိပထေ’’တိ။</p>
<p class=""bodytext""><a name=""para136""></a><a name=""para136_vin1""></a><span class=""paranum"">၁၃၆</span>။ တေန <a name=""P3.0058""></a><a name=""V0.0068""></a> ခေါ ပန သမယေန အညတရော ဘိက္ခု ဝါတမဏ္ဍလိကာယ ဥက္ခိတ္တံ သာဋကံ ပဿိတွာ သာမိကာနံ ဒဿာမီတိ, အဂ္ဂဟေသိ။ သာမိကာ တံ ဘိက္ခုံ စောဒေသုံ – ‘‘အဿမဏောသိ တွ’’န္တိ။ တဿ ကုက္ကုစ္စံ အဟောသိ…ပေ… ‘‘ကိံစိတ္တော တွံ ဘိက္ခူ’’တိ? ‘‘အထေယျစိတ္တော အဟံ, ဘဂဝါ’’တိ။ အနာပတ္တိ, ဘိက္ခု, အထေယျစိတ္တဿာ’’တိ။</p>
<p class=""bodytext"">တေန ခေါ ပန သမယေန အညတရော ဘိက္ခု ဝါတမဏ္ဍလိကာယ ဥက္ခိတ္တံ ဝေဌနံ ပဿိတွာ ‘ပုရေ သာမိကာ ပဿန္တီ’တိ ထေယျစိတ္တော အဂ္ဂဟေသိ။ သာမိကာ တံ ဘိက္ခုံ စောဒေသုံ – ‘‘အဿမဏောသိ တွ’’န္တိ။ တဿ ကုက္ကုစ္စံ အဟောသိ…ပေ… ‘‘အာပတ္တိံ တွံ, ဘိက္ခု, အာပန္နော ပါရာဇိက’’န္တိ။</p>
<p class=""bodytext""><a name=""para137""></a><a name=""para137_vin1""></a><span class=""paranum"">၁၃၇</span>။ တေန ခေါ ပန သမယေန အညတရော ဘိက္ခု သုသာနံ ဂန္တွာ အဘိန္နေ သရီရေ ပံသုကူလံ အဂ္ဂဟေသိ။ တသ္မိဉ္စ သရီရေ ပေတော အဓိဝတ္ထော</p>
",-136-137-
73,mula_vi_01,73,"<p class=""noindentbodytext""> ဟောတိ<a name=""M0.0073""></a>။ အထ ခေါ သော ပေတော တံ ဘိက္ခုံ ဧတဒဝေါစ – ‘‘မာ, ဘန္တေ, မယှံ သာဋကံ အဂ္ဂဟေသီ’’တိ။ သော ဘိက္ခု အနာဒိယန္တော အဂမာသိ<a name=""T1.0109""></a>။ အထ ခေါ တံ သရီရံ ဥဋ္ဌဟိတွာ တဿ ဘိက္ခုနော ပိဋ္ဌိတော ပိဋ္ဌိတော အနုဗန္ဓိ။ အထ ခေါ သော ဘိက္ခု ဝိဟာရံ ပဝိသိတွာ ဒွါရံ ထကေသိ။ အထ ခေါ တံ သရီရံ တတ္ထေဝ ပရိပတိ။ တဿ ကုက္ကုစ္စံ အဟောသိ…ပေ… ‘‘အနာပတ္တိ, ဘိက္ခု, ပါရာဇိကဿ။ န စ, ဘိက္ခဝေ, အဘိန္နေ သရီရေ ပံသုကူလံ ဂဟေတဗ္ဗံ။ သော ဂဏှေယျ, အာပတ္တိ ဒုက္ကဋဿာ’’တိ။</p>
<p class=""bodytext""><a name=""para138""></a><a name=""para138_vin1""></a><span class=""paranum"">၁၃၈</span>။ တေန ခေါ ပန သမယေန အညတရော ဘိက္ခု သံဃဿ စီဝရေ ဘာဇီယမာနေ ထေယျစိတ္တော ကုသံ သင်္ကာမေတွာ စီဝရံ အဂ္ဂဟေသိ။ တဿ ကုက္ကုစ္စံ အဟောသိ…ပေ… ‘‘အာပတ္တိံ တွံ, ဘိက္ခု, အာပန္နော ပါရာဇိက’’န္တိ။</p>
<p class=""bodytext""><a name=""para139""></a><a name=""para139_vin1""></a><span class=""paranum"">၁၃၉</span>။ တေန ခေါ ပန သမယေန အာယသ္မာ အာနန္ဒော ဇန္တာဃရေ အညတရဿ ဘိက္ခုနော အန္တရဝါသကံ အတ္တနော မညမာနော နိဝါသေသိ။ အထ ခေါ သော ဘိက္ခု အာယသ္မန္တံ အာနန္ဒံ ဧတဒဝေါစ – ‘‘ကိဿ မေ တွံ, အာဝုသော အာနန္ဒ, အန္တရဝါသကံ နိဝါသေသီ’’တိ? ‘‘သကသညီ အဟံ, အာဝုသော’’တိ။ ဘဂဝတော ဧတမတ္ထံ အာရောစေသုံ။ ‘‘အနာပတ္တိ, ဘိက္ခဝေ, သကသညိဿာ’’တိ။</p>
<p class=""bodytext""><a name=""para140""></a><a name=""para140_vin1""></a><span class=""paranum"">၁၄၀</span>။ တေန ခေါ ပန သမယေန သမ္ဗဟုလာ ဘိက္ခူ ဂိဇ္ဈကူဋာ ပဗ္ဗတာ ဩရောဟန္တာ သီဟဝိဃာသံ <a name=""V0.0069""></a> ပဿိတွာ ပစာပေတွာ ပရိဘုဉ္ဇိံသု။ တေသံ ကုက္ကုစ္စံ အဟောသိ…ပေ… ‘‘အနာပတ္တိ, ဘိက္ခဝေ, သီဟဝိဃာသေ’’တိ။</p>
<p class=""bodytext"">တေန ခေါ ပန သမယေန သမ္ဗဟုလာ ဘိက္ခူ ဂိဇ္ဈကူဋာ ပဗ္ဗတာ ဩရောဟန္တာ ဗျဂ္ဃဝိဃာသံ ပဿိတွာ… ဒီပိဝိဃာသံ <a name=""T1.0110""></a> ပဿိတွာ… တရစ္ဆဝိဃာသံ ပဿိတွာ… ကောကဝိဃာသံ ပဿိတွာ ပစာပေတွာ ပရိဘုဉ္ဇိံသု။ တေသံ ကုက္ကုစ္စံ အဟောသိ…ပေ… ‘‘အနာပတ္တိ, ဘိက္ခဝေ, တိရစ္ဆာနဂတပရိဂ္ဂဟေ’’တိ။</p>
<p class=""bodytext""><a name=""para141""></a><a name=""para141_vin1""></a><span class=""paranum"">၁၄၁</span>။ တေန <a name=""P3.0059""></a> ခေါ ပန သမယေန အညတရော ဘိက္ခု သံဃဿ ဩဒနေ ဘာဇီယမာနေ – ‘အပရဿ ဘာဂံ ဒေဟီ’တိ အမူလကံ အဂ္ဂဟေသိ။ တဿ ကုက္ကုစ္စံ အဟောသိ…ပေ… ‘‘အနာပတ္တိ, ဘိက္ခု, ပါရာဇိကဿ။ အာပတ္တိ သမ္ပဇာနမုသာဝါဒေ ပါစိတ္တိယဿာ’’တိ။</p>
",-138-139-140-141-
74,mula_vi_01,74,"<p class=""bodytext"">တေန <a name=""M0.0074""></a> ခေါ ပန သမယေန အညတရော ဘိက္ခု သံဃဿ ခါဒနီယေ ဘာဇိယမာနေ… သံဃဿ ပူဝေ ဘာဇိယမာနေ… သံဃဿ ဥစ္ဆုမှိ ဘာဇိယမာနေ… သံဃဿ တိမ္ဗရူသကေ ဘာဇိယမာနေ – ‘အပရဿ ဘာဂံ ဒေဟီ’တိ အမူလကံ အဂ္ဂဟေသိ။ တဿ ကုက္ကုစ္စံ အဟောသိ…ပေ…။ ‘‘အနာပတ္တိ, ဘိက္ခု, ပါရာဇိကဿ။ အာပတ္တိ သမ္ပဇာနမုသာဝါဒေ ပါစိတ္တိယဿာ’’တိ။</p>
<p class=""bodytext""><a name=""para142""></a><a name=""para142_vin1""></a><span class=""paranum"">၁၄၂</span>။ တေန ခေါ ပန သမယေန အညတရော ဘိက္ခု ဒုဗ္ဘိက္ခေ ဩဒနီယဃရံ ပဝိသိတွာ ပတ္တပူရံ ဩဒနံ ထေယျစိတ္တော အဝဟရိ။ တဿ ကုက္ကုစ္စံ အဟောသိ…ပေ… ‘‘အာပတ္တိံ တွံ, ဘိက္ခု, အာပန္နော ပါရာဇိက’’န္တိ။</p>
<p class=""bodytext"">တေန ခေါ ပန သမယေန အညတရော ဘိက္ခု ဒုဗ္ဘိက္ခေ သူနဃရံ <span class=""note"">[သူနာဃရံ (သီ။ သျာ)]</span> ပဝိသိတွာ ပတ္တပူရံ မံသံ ထေယျစိတ္တော အဝဟရိ။ တဿ ကုက္ကုစ္စံ အဟောသိ…ပေ… ‘‘အာပတ္တိံ တွံ, ဘိက္ခု, အာပန္နော ပါရာဇိက’’န္တိ။</p>
<p class=""bodytext"">တေန ခေါ ပန သမယေန အညတရော ဘိက္ခု ဒုဗ္ဘိက္ခေ ပူဝဃရံ ပဝိသိတွာ ပတ္တပူရံ ပူဝံ ထေယျစိတ္တော အဝဟရိ…ပေ… ပတ္တပူရာ သက္ခလိယော ထေယျစိတ္တော အဝဟရိ…ပေ… ပတ္တပူရေ <a name=""T1.0111""></a> မောဒကေ ထေယျစိတ္တော အဝဟရိ။ တဿ ကုက္ကုစ္စံ အဟောသိ…ပေ… ‘‘အာပတ္တိံ တွံ, ဘိက္ခု, အာပန္နော ပါရာဇိက’’န္တိ။</p>
<p class=""bodytext""><a name=""para143""></a><a name=""para143_vin1""></a><span class=""paranum"">၁၄၃</span>။ တေန <a name=""V0.0070""></a> ခေါ ပန သမယေန အညတရော ဘိက္ခု ဒိဝါ ပရိက္ခာရံ ပဿိတွာ နိမိတ္တံ အကာသိ – ‘‘ရတ္တိံ အဝဟရိဿာမီ’’တိ။ သော တံ မညမာနော တံ အဝဟရိ…ပေ… တံ မညမာနော အညံ အဝဟရိ…ပေ… အညံ မညမာနော တံ အဝဟရိ…ပေ… အညံ မညမာနော အညံ အဝဟရိ။ တဿ ကုက္ကုစ္စံ အဟောသိ…ပေ… ‘‘အာပတ္တိံ တွံ, ဘိက္ခု, အာပန္နော ပါရာဇိက’’န္တိ။</p>
<p class=""bodytext"">တေန ခေါ ပန သမယေန အညတရော ဘိက္ခု ဒိဝါ ပရိက္ခာရံ ပဿိတွာ နိမိတ္တံ အကာသိ – ‘‘ရတ္တိံ အဝဟရိဿာမီ’’တိ။ သော တံ မညမာနော အတ္တနော ပရိက္ခာရံ အဝဟရိ။ တဿ ကုက္ကုစ္စံ အဟောသိ…ပေ… ‘‘အနာပတ္တိ, ဘိက္ခု, ပါရာဇိကဿ။ အာပတ္တိ ဒုက္ကဋဿာ’’တိ။</p>
<p class=""bodytext""><a name=""para144""></a><a name=""para144_vin1""></a><span class=""paranum"">၁၄၄</span>။ တေန ခေါ ပန သမယေန အညတရော ဘိက္ခု ပီဌေ ထဝိကံ ပဿိတွာ – ‘‘ဣတော ဂဏှန္တော ပါရာဇိကော ဘဝိဿာမီ’’တိ သဟ ပီဌကေန</p>
",-142-143-144-
75,mula_vi_01,75,"<p class=""noindentbodytext""> သင်္ကာမေတွာ<a name=""M0.0075""></a> အဂ္ဂဟေသိ။ တဿ ကုက္ကုစ္စံ အဟောသိ…ပေ… ‘‘အာပတ္တိံ တွံ, ဘိက္ခု, အာပန္နော ပါရာဇိက’’န္တိ။</p>
<p class=""bodytext"">တေန ခေါ ပန သမယေန အညတရော ဘိက္ခု သံဃဿ ဘိသိံ ထေယျစိတ္တော အဝဟရိ။ တဿ ကုက္ကုစ္စံ အဟောသိ…ပေ… ‘‘အာပတ္တိံ တွံ, ဘိက္ခု, အာပန္နော ပါရာဇိက’’န္တိ။</p>
<p class=""bodytext""><a name=""para145""></a><a name=""para145_vin1""></a><span class=""paranum"">၁၄၅</span>။ တေန ခေါ ပန သမယေန အညတရော ဘိက္ခု စီဝရဝံသေ စီဝရံ <a name=""P3.0060""></a> ထေယျစိတ္တော <a name=""T1.0112""></a> အဝဟရိ။ တဿ ကုက္ကုစ္စံ အဟောသိ…ပေ… ‘‘အာပတ္တိံ တွံ, ဘိက္ခု, အာပန္နော ပါရာဇိက’’န္တိ။</p>
<p class=""bodytext"">တေန ခေါ ပန သမယေန အညတရော ဘိက္ခု ဝိဟာရေ စီဝရံ အဝဟရိတွာ – ‘‘ဣတော နိက္ခမန္တော ပါရာဇိကော ဘဝိဿာမီ’’တိ ဝိဟာရာ န နိက္ခမိ…ပေ… ဘဂဝတော ဧတမတ္ထံ အာရောစေသုံ။ ‘‘နိက္ခမိ <span class=""note"">[နိက္ခမေယျ (သီ။ သျာ။)]</span> ဝါ သော, ဘိက္ခဝေ, မောဃပုရိသော န ဝါ နိက္ခမိ <span class=""note"">[နိက္ခမေယျ (သီ။ သျာ။)]</span>, အာပတ္တိ ပါရာဇိကဿာ’’တိ။</p>
<p class=""bodytext""><a name=""para146""></a><a name=""para146_vin1""></a><span class=""paranum"">၁၄၆</span>။ တေန ခေါ ပန သမယေန ဒွေ ဘိက္ခူ သဟာယကာ ဟောန္တိ။ ဧကော ဘိက္ခု ဂါမံ ပိဏ္ဍာယ ပါဝိသိ။ ဒုတိယော ဘိက္ခု သံဃဿ ခါဒနီယေ ဘာဇီယမာနေ သဟာယကဿ ဘာဂံ ဂဟေတွာ တဿ <a name=""V0.0071""></a> ဝိဿသန္တော ပရိဘုဉ္ဇိ။ သော ဇာနိတွာ တံ စောဒေသိ – ‘‘အဿမဏောသိ တွ’’န္တိ။ တဿ ကုက္ကုစ္စံ အဟောသိ…ပေ… ‘‘ကိံ စိတ္တော တွံ, ဘိက္ခူ’’တိ? ‘‘ဝိဿာသဂ္ဂါဟော အဟံ, ဘဂဝါ’’တိ။ ‘‘အနာပတ္တိ, ဘိက္ခု, ဝိဿာသဂ္ဂါဟေ’’တိ။</p>
<p class=""bodytext""><a name=""para147""></a><a name=""para147_vin1""></a><span class=""paranum"">၁၄၇</span>။ တေန ခေါ ပန သမယေန သမ္ဗဟုလာ ဘိက္ခူ စီဝရကမ္မံ ကရောန္တိ။ သံဃဿ ခါဒနီယေ ဘာဇီယမာနေ သဗ္ဗေသံ ပဋိဝိသာ အာဟရိတွာ ဥပနိက္ခိတ္တာ ဟောန္တိ။ အညတရော ဘိက္ခု အညတရဿ ဘိက္ခုနော ပဋိဝိသံ အတ္တနော မညမာနော ပရိဘုဉ္ဇိ။ သော ဇာနိတွာ တံ စောဒေသိ – ‘‘အဿမဏောသိ တွ’’န္တိ။ တဿ ကုက္ကုစ္စံ အဟောသိ…ပေ… ‘‘ကိံစိတ္တော တွံ, ဘိက္ခူ’’တိ? ‘‘သကသညီ အဟံ, ဘဂဝါ’’တိ။ ‘‘အနာပတ္တိ, ဘိက္ခု, သကသညိဿာ’’တိ။</p>
<p class=""bodytext"">တေန ခေါ ပန သမယေန သမ္ဗဟုလာ ဘိက္ခူ စီဝရကမ္မံ <a name=""T1.0113""></a> ကရောန္တိ။ သံဃဿ ခါဒနီယေ ဘာဇိယမာနေ အညတရဿ ဘိက္ခုနော ပတ္တေန အညတရဿ</p>
",-145-146-147-
76,mula_vi_01,76,"<p class=""noindentbodytext""> ဘိက္ခုနော<a name=""M0.0076""></a> ပဋိဝိသော အာဟရိတွာ ဥပနိက္ခိတ္တော ဟောတိ။ ပတ္တသာမိကော ဘိက္ခု အတ္တနော မညမာနော ပရိဘုဉ္ဇိ။ သော ဇာနိတွာ တံ စောဒေသိ – ‘‘အဿမဏောသိ တွ’’န္တိ။ တဿ ကုက္ကုစ္စံ အဟောသိ…ပေ… ‘‘အနာပတ္တိ, ဘိက္ခု, သကသညိဿာ’’တိ။</p>
<p class=""bodytext""><a name=""para148""></a><a name=""para148_vin1""></a><span class=""paranum"">၁၄၈</span>။ တေန ခေါ ပန သမယေန အမ္ဗစောရကာ အမ္ဗံ ပါတေတွာ ဘဏ္ဍိကံ အာဒါယ အဂမံသု။ သာမိကာ တေ စောရကေ အနုဗန္ဓိံသု။ စောရကာ သာမိကေ ပဿိတွာ ဘဏ္ဍိကံ ပါတေတွာ ပလာယိံသု။ ဘိက္ခူ ပံသုကူလသညိနော ပဋိဂ္ဂဟာပေတွာ ပရိဘုဉ္ဇိံသု။ သာမိကာ တေ ဘိက္ခူ စောဒေသုံ – ‘‘အဿမဏာတ္ထ တုမှေ’’တိ။ တေသံ ကုက္ကုစ္စံ အဟောသိ…ပေ… ဘဂဝတော ဧတမတ္ထံ အာရောစေသုံ။ ‘‘ကိံစိတ္တာ တုမှေ, ဘိက္ခဝေ’’တိ? ‘‘ပံသုကူလသညိနော မယံ, ဘဂဝါ’’တိ။ ‘‘အနာပတ္တိ, ဘိက္ခဝေ, ပံသုကူလသညိဿာ’’တိ။</p>
<p class=""bodytext"">တေန ခေါ ပန သမယေန ဇမ္ဗုစောရကာ… လဗုဇစောရကာ… ပနသစောရကာ… တာလပက္ကစောရကာ… ဥစ္ဆုစောရကာ… တိမ္ဗရူသကစောရကာ တိမ္ဗရူသကေ <a name=""P3.0061""></a> ဥစ္စိနိတွာ ဘဏ္ဍိကံ အာဒါယ အဂမံသု။ သာမိကာ တေ စောရကေ အနုဗန္ဓိံသု။ စောရကာ သာမိကေ ပဿိတွာ ဘဏ္ဍိကံ ပါတေတွာ ပလာယိံသု။ ဘိက္ခူ ပံသုကူလသညိနော ပဋိဂ္ဂဟာပေတွာ ပရိဘုဉ္ဇိံသု။ သာမိကာ တေ ဘိက္ခူ စောဒေသုံ – ‘‘အဿမဏာတ္ထ တုမှေ’’တိ။ တေသံ ကုက္ကုစ္စံ အဟောသိ…ပေ… ‘‘အနာပတ္တိ, ဘိက္ခဝေ, ပံသုကူလသညိဿာ’’တိ။</p>
<p class=""bodytext"">တေန <a name=""V0.0072""></a> ခေါ ပန သမယေန အမ္ဗစောရကာ အမ္ဗံ ပါတေတွာ ဘဏ္ဍိကံ <a name=""T1.0114""></a> အာဒါယ အဂမံသု။ သာမိကာ တေ စောရကေ အနုဗန္ဓိံသု။ စောရကာ သာမိကေ ပဿိတွာ ဘဏ္ဍိကံ ပါတေတွာ ပလာယိံသု။ ဘိက္ခူ – ‘ပုရေ သာမိကာ ပဿန္တီ’တိ, ထေယျစိတ္တာ ပရိဘုဉ္ဇိံသု။ သာမိကာ တေ ဘိက္ခူ စောဒေသုံ – ‘‘အဿမဏာတ္ထ တုမှေ’’တိ။ တေသံ ကုက္ကုစ္စံ အဟောသိ…ပေ… ‘‘အာပတ္တိံ တုမှေ, ဘိက္ခဝေ, အာပန္နာ ပါရာဇိက’’န္တိ။</p>
<p class=""bodytext"">တေန ခေါ ပန သမယေန ဇမ္ဗုစောရကာ… လဗုဇစောရကာ… ပနသစောရကာ… တာလပက္ကစောရကာ… ဥစ္ဆုစောရကာ… တိမ္ဗရူသကစောရကာ တိမ္ဗရူသကေ ဥစ္စိနိတွာ ဘဏ္ဍိကံ အာဒါယ အဂမံသု။ သာမိကာ တေ စောရကေ အနုဗန္ဓိံသု။ စောရကာ သာမိကေ ပဿိတွာ ဘဏ္ဍိကံ</p>
",-148-
77,mula_vi_01,77,"<p class=""noindentbodytext""> ပါတေတွာ<a name=""M0.0077""></a> ပလာယိံသု။ ဘိက္ခူ – ‘ပုရေ သာမိကာ ပဿန္တီ’တိ, ထေယျစိတ္တာ ပရိဘုဉ္ဇိံသု။ သာမိကာ တေ ဘိက္ခူ စောဒေသုံ – ‘‘အဿမဏာတ္ထ တုမှေ’’တိ။ တေသံ ကုက္ကုစ္စံ အဟောသိ…ပေ… ‘‘အာပတ္တိံ တုမှေ, ဘိက္ခဝေ, အာပန္နာ ပါရာဇိက’’န္တိ။</p>
<p class=""bodytext"">တေန ခေါ ပန သမယေန အညတရော ဘိက္ခု သံဃဿ အမ္ဗံ ထေယျစိတ္တော အဝဟရိ… သံဃဿ ဇမ္ဗုံ… သံဃဿ လဗုဇံ… သံဃဿ ပနသံ… သံဃဿ တာလပက္ကံ… သံဃဿ ဥစ္ဆုံ… သံဃဿ တိမ္ဗရူသကံ ထေယျစိတ္တော အဝဟရိ။ တဿ ကုက္ကုစ္စံ အဟောသိ…ပေ… ‘‘အာပတ္တိံ တွံ, ဘိက္ခု, အာပန္နော ပါရာဇိက’’န္တိ။</p>
<p class=""bodytext""><a name=""para149""></a><a name=""para149_vin1""></a><span class=""paranum"">၁၄၉</span>။ တေန ခေါ ပန သမယေန အညတရော ဘိက္ခု ပုပ္ဖါရာမံ ဂန္တွာ ဩစိတံ ပုပ္ဖံ ပဉ္စမာသဂ္ဃနကံ ထေယျစိတ္တော အဝဟရိ။ တဿ ကုက္ကုစ္စံ အဟောသိ…ပေ… ‘‘အာပတ္တိံ တွံ, ဘိက္ခု, အာပန္နော ပါရာဇိက’’န္တိ။</p>
<p class=""bodytext"">တေန ခေါ <a name=""T1.0115""></a> ပန သမယေန အညတရော ဘိက္ခု ပုပ္ဖါရာမံ ဂန္တွာ ပုပ္ဖံ ဩစိနိတွာ ပဉ္စမာသဂ္ဃနကံ ထေယျစိတ္တော အဝဟရိ။ တဿ ကုက္ကုစ္စံ အဟောသိ…ပေ… ‘‘အာပတ္တိံ တွံ, ဘိက္ခု အာပန္နော ပါရာဇိက’’န္တိ။</p>
<p class=""bodytext""><a name=""para150""></a><a name=""para150_vin1""></a><span class=""paranum"">၁၅၀</span>။ တေန ခေါ ပန သမယေန အညတရော ဘိက္ခု ဂါမကံ ဂစ္ဆန္တော အညတရံ ဘိက္ခုံ ဧတဒဝေါစ – ‘‘အာဝုသော, တုယှံ ဥပဋ္ဌာကကုလံ ဝုတ္တော ဝဇ္ဇေမီ’’တိ။ သော ဂန္တွာ ဧကံ သာဋကံ အာဟရာပေတွာ အတ္တနာ ပရိဘုဉ္ဇိ။ သော ဇာနိတွာ တံ စောဒေသိ – ‘‘အဿမဏောသိ တွ’’န္တိ။ တဿ ကုက္ကုစ္စံ <a name=""V0.0073""></a> အဟောသိ…ပေ… ‘‘အနာပတ္တိ, ဘိက္ခု, ပါရာဇိကဿ။ န စ, ဘိက္ခဝေ, ဝုတ္တော ဝဇ္ဇေမီတိ ဝတ္တဗ္ဗော။ ယော ဝဒေယျ, အာပတ္တိ ဒုက္ကဋဿာ’’တိ။</p>
<p class=""bodytext"">တေန ခေါ ပန သမယေန အညတရော ဘိက္ခု ဂါမကံ ဂစ္ဆတိ။ အညတရော ဘိက္ခု တံ ဘိက္ခုံ ဧတဒဝေါစ – ‘‘အာဝုသော, မယှံ ဥပဋ္ဌာကကုလံ ဝုတ္တော ဝဇ္ဇေဟီ’’တိ။ သော ဂန္တွာ ယုဂသာဋကံ အာဟရာပေတွာ ဧကံ အတ္တနာ ပရိဘုဉ္ဇိ, ဧကံ တဿ ဘိက္ခုနော အဒါသိ။ သော ဇာနိတွာ တံ စောဒေသိ – ‘‘အဿမဏောသိ တွ’’န္တိ။ တဿ ကုက္ကုစ္စံ အဟောသိ…ပေ… ‘‘အနာပတ္တိ, ဘိက္ခု, ပါရာဇိကဿ။ န စ, ဘိက္ခဝေ, ဝုတ္တော ဝဇ္ဇေဟီတိ ဝတ္တဗ္ဗော။ ယော ဝဒေယျ, အာပတ္တိ ဒုက္ကဋဿာ’’တိ။</p>
",-149-150-
78,mula_vi_01,78,"<p class=""bodytext"">တေန <a name=""M0.0078""></a> ခေါ ပန သမယေန အညတရော ဘိက္ခု ဂါမကံ ဂစ္ဆန္တော <a name=""P3.0062""></a> အညတရံ ဘိက္ခုံ ဧတဒဝေါစ – ‘‘အာဝုသော, တုယှံ ဥပဋ္ဌာကကုလံ ဝုတ္တော ဝဇ္ဇေမီ’’တိ။ သောပိ ဧဝမာဟ – ‘‘ဝုတ္တော ဝဇ္ဇေဟီ’’တိ။ သော ဂန္တွာ အာဠှကံ သပ္ပိံ တုလံ ဂုဠံ ဒေါဏံ တဏ္ဍုလံ အာဟရာပေတွာ အတ္တနာ ပရိဘုဉ္ဇိ။ သော ဇာနိတွာ တံ စောဒေသိ <a name=""T1.0116""></a> – ‘‘အဿမဏောသိ တွ’’န္တိ။ တဿ ကုက္ကုစ္စံ အဟောသိ…ပေ… ‘‘အနာပတ္တိ, ဘိက္ခု, ပါရာဇိကဿ။ န စ, ဘိက္ခဝေ, ဝုတ္တော ဝဇ္ဇေမီတိ ဝတ္တဗ္ဗော, န စ ဝုတ္တော ဝဇ္ဇေဟီတိ ဝတ္တဗ္ဗော။ ယော ဝဒေယျ, အာပတ္တိ ဒုက္ကဋဿာ’’တိ။</p>
<p class=""bodytext""><a name=""para151""></a><a name=""para151_vin1""></a><span class=""paranum"">၁၅၁</span>။ တေန ခေါ ပန သမယေန အညတရော ပုရိသော မဟဂ္ဃံ မဏိံ အာဒါယ အညတရေန ဘိက္ခုနာ သဒ္ဓိံ အဒ္ဓါနမဂ္ဂပ္ပဋိပန္နော ဟောတိ။ အထ ခေါ သော ပုရိသော သုင်္ကဋ္ဌာနံ ပဿိတွာ တဿ ဘိက္ခုနော အဇာနန္တဿ ထဝိကာယ မဏိံ ပက္ခိပိတွာ သုင်္ကဋ္ဌာနံ အတိက္ကမိတွာ အဂ္ဂဟေသိ။ တဿ ကုက္ကုစ္စံ အဟောသိ…ပေ… ‘‘ကိံစိတ္တော တွံ, ဘိက္ခူ’’တိ? ‘‘နာဟံ, ဘဂဝါ, ဇာနာမီ’’တိ။ ‘‘အနာပတ္တိ, ဘိက္ခု, အဇာနန္တဿာ’’တိ။</p>
<p class=""bodytext"">တေန ခေါ ပန သမယေန အညတရော ပုရိသော မဟဂ္ဃံ မဏိံ အာဒါယ အညတရေန ဘိက္ခုနာ သဒ္ဓိံ အဒ္ဓါနမဂ္ဂပ္ပဋိပန္နော ဟောတိ။ အထ ခေါ သော ပုရိသော သုင်္ကဋ္ဌာနံ ပဿိတွာ ဂိလာနာလယံ ကရိတွာ အတ္တနော ဘဏ္ဍိကံ တဿ ဘိက္ခုနော အဒါသိ။ အထ ခေါ သော ပုရိသော သုင်္ကဋ္ဌာနံ အတိက္ကမိတွာ တံ ဘိက္ခုံ ဧတဒဝေါစ – ‘‘အာဟရ မေ, ဘန္တေ, ဘဏ္ဍိကံ၊ နာဟံ အကလ္လကော’’တိ။ ‘‘ကိဿ ပန တွံ, အာဝုသော, ဧဝရူပံ အကာသီ’’တိ? အထ ခေါ သော ပုရိသော တဿ ဘိက္ခုနော ဧတမတ္ထံ <a name=""V0.0074""></a> အာရောစေသိ။ တဿ ကုက္ကုစ္စံ အဟောသိ…ပေ… ‘‘ကိံစိတ္တော တွံ, ဘိက္ခူ’’တိ? ‘‘နာဟံ, ဘဂဝါ, ဇာနာမီ’’တိ။ ‘‘အနာပတ္တိ, ဘိက္ခု, အဇာနန္တဿာ’’တိ။</p>
<p class=""bodytext""><a name=""para152""></a><a name=""para152_vin1""></a><span class=""paranum"">၁၅၂</span>။ တေန ခေါ ပန သမယေန အညတရော ဘိက္ခု သတ္ထေန သဒ္ဓိံ အဒ္ဓါနမဂ္ဂပ္ပဋိပန္နော ဟောတိ။ အညတရော ပုရိသော <a name=""T1.0117""></a> တံ ဘိက္ခုံ အာမိသေန ဥပလာပေတွာ သုင်္ကဋ္ဌာနံ ပဿိတွာ မဟဂ္ဃံ မဏိံ တဿ ဘိက္ခုနော အဒါသိ – ‘‘ဣမံ, ဘန္တေ, မဏိံ သုင်္ကဋ္ဌာနံ အတိက္ကာမေဟီ’’တိ။ အထ ခေါ သော ဘိက္ခု တံ မဏိံ သုင်္ကဋ္ဌာနံ အတိက္ကာမေသိ။ တဿ ကုက္ကုစ္စံ အဟောသိ…ပေ… ‘‘အာပတ္တိံ တွံ, ဘိက္ခု, အာပန္နော ပါရာဇိက’’န္တိ။</p>
",-151-152-
79,mula_vi_01,79,"<p class=""bodytext""><a name=""para153""></a><a name=""para153_vin1""></a><span class=""paranum"">၁၅၃</span>။ တေန <a name=""M0.0079""></a> ခေါ ပန သမယေန အညတရော ဘိက္ခု ပါသေ ဗန္ဓံ သူကရံ ကာရုညေန မုဉ္စိ။ တဿ ကုက္ကုစ္စံ အဟောသိ…ပေ… ‘‘ကိံစိတ္တော တွံ, ဘိက္ခူ’’တိ? ‘‘ကာရုညာဓိပ္ပါယော အဟံ, ဘဂဝါ’’တိ။ ‘‘အနာပတ္တိ, ဘိက္ခု, ကာရုညာဓိပ္ပါယဿာ’’တိ။</p>
<p class=""bodytext"">တေန ခေါ ပန သမယေန အညတရော ဘိက္ခု ပါသေ ဗန္ဓံ သူကရံ – ‘‘ပုရေ သာမိကာ ပဿန္တီ’’တိ, ထေယျစိတ္တော မုဉ္စိ။ တဿ ကုက္ကုစ္စံ အဟောသိ…ပေ… ‘‘အာပတ္တိံ တွံ, ဘိက္ခု, အာပန္နော ပါရာဇိက’’န္တိ။</p>
<p class=""bodytext"">တေန ခေါ ပန သမယေန အညတရော ဘိက္ခု ပါသေ ဗန္ဓံ မိဂံ ကာရုညေန မုဉ္စိ… ပါသေ ဗန္ဓံ မိဂံ – ‘‘ပုရေ သာမိကာ ပဿန္တီ’’တိ, ထေယျစိတ္တော မုဉ္စိ <a name=""P3.0063""></a>… ကုမိနေ ဗန္ဓေ မစ္ဆေ ကာရုညေန မုဉ္စိ… ကုမိနေ ဗန္ဓေ မစ္ဆေ – ‘‘ပုရေ သာမိကာ ပဿန္တီ’’တိ ထေယျစိတ္တော မုဉ္စိ။ တဿ ကုက္ကုစ္စံ အဟောသိ…ပေ… ‘‘အာပတ္တိံ တွံ, ဘိက္ခု, အာပန္နော ပါရာဇိက’’န္တိ။</p>
<p class=""bodytext"">တေန ခေါ ပန သမယေန အညတရော ဘိက္ခု ယာနေ ဘဏ္ဍံ ပဿိတွာ – ‘‘ဣတော ဂဏှန္တော ပါရာဇိကော ဘဝိဿာမီ’’တိ, အတိက္ကမိတွာ ပဝဋ္ဋေတွာ <span class=""note"">[ပဝတ္တေတွာ (က။)]</span> အဂ္ဂဟေသိ။ တဿ ကုက္ကုစ္စံ အဟောသိ…ပေ… ‘‘အာပတ္တိံ တွံ<a name=""T1.0118""></a>, ဘိက္ခု, အာပန္နော ပါရာဇိက’’န္တိ။</p>
<p class=""bodytext"">တေန ခေါ ပန သမယေန အညတရော ဘိက္ခု ကုလလေန ဥက္ခိတ္တံ မံသပေသိံ – ‘‘သာမိကာနံ ဒဿာမီ’’တိ အဂ္ဂဟေသိ။ သာမိကာ တံ ဘိက္ခုံ စောဒေသုံ – ‘‘အဿမဏောသိ တွ’’န္တိ။ တဿ ကုက္ကုစ္စံ အဟောသိ…ပေ… ‘‘အနာပတ္တိ, ဘိက္ခု, အထေယျစိတ္တဿာ’’တိ။</p>
<p class=""bodytext"">တေန <a name=""V0.0075""></a> ခေါ ပန သမယေန အညတရော ဘိက္ခု ကုလလေန ဥက္ခိတ္တံ မံသပေသိံ – ‘‘ပုရေ သာမိကာ ပဿန္တီ’’တိ, ထေယျစိတ္တော အဂ္ဂဟေသိ။ သာမိကာ တံ ဘိက္ခုံ စောဒေသုံ – ‘‘အဿမဏောသိ တွ’’န္တိ။ တဿ ကုက္ကုစ္စံ အဟောသိ…ပေ… ‘‘အာပတ္တိံ တွံ, ဘိက္ခု, အာပန္နော ပါရာဇိက’’န္တိ။</p>
<p class=""bodytext""><a name=""para154""></a><a name=""para154_vin1""></a><span class=""paranum"">၁၅၄</span>။ တေန ခေါ ပန သမယေန မနုဿာ ဥဠုမ္ပံ ဗန္ဓိတွာ အစိရဝတိယာ နဒိယာ ဩသာရေန္တိ။ ဗန္ဓနေ ဆိန္နေ ကဋ္ဌာနိ ဝိပ္ပကိဏ္ဏာနိ အဂမံသု။ ဘိက္ခူ ပံသုကူလသညိနော ဥတ္တာရေသုံ။ သာမိကာ တေ ဘိက္ခူ စောဒေသုံ –</p>
",-153-154-
80,mula_vi_01,80,"<p class=""noindentbodytext""> ‘‘အဿမဏာတ္ထ<a name=""M0.0080""></a> တုမှေ’’တိ။ တေသံ ကုက္ကုစ္စံ အဟောသိ…ပေ… ‘‘အနာပတ္တိ, ဘိက္ခဝေ, ပံသုကူလသညိဿာ’’တိ။</p>
<p class=""bodytext"">တေန ခေါ ပန သမယေန မနုဿာ ဥဠုမ္ပံ ဗန္ဓိတွာ အစိရဝတိယာ နဒိယာ ဩသာရေန္တိ။ ဗန္ဓနေ ဆိန္နေ ကဋ္ဌာနိ ဝိပ္ပကိဏ္ဏာနိ အဂမံသု။ ဘိက္ခူ – ‘‘ပုရေ သာမိကာ ပဿန္တီ’’တိ, ထေယျစိတ္တာ ဥတ္တာရေသုံ။ သာမိကာ တေ ဘိက္ခူ စောဒေသုံ – ‘‘အဿမဏာတ္ထ တုမှေ’’တိ။ တေသံ ကုက္ကုစ္စံ အဟောသိ…ပေ… ‘‘အာပတ္တိံ တုမှေ, ဘိက္ခဝေ, အာပန္နာ ပါရာဇိက’’န္တိ။</p>
<p class=""bodytext"">တေန ခေါ ပန သမယေန အညတရော ဂေါပါလကော ရုက္ခေ သာဋကံ အာလဂ္ဂေတွာ ဥစ္စာရံ အဂမာသိ။ အညတရော ဘိက္ခု ပံသုကူလသညီ အဂ္ဂဟေသိ<a name=""T1.0119""></a>။ အထ ခေါ သော ဂေါပါလကော တံ ဘိက္ခုံ စောဒေသိ – ‘‘အဿမဏောသိ တွ’’န္တိ။ တဿ ကုက္ကုစ္စံ အဟောသိ…ပေ… ‘‘အနာပတ္တိ, ဘိက္ခု, ပံသုကူလသညိဿာ’’တိ။</p>
<p class=""bodytext"">တေန ခေါ ပန သမယေန အညတရဿ ဘိက္ခုနော နဒိံ တရန္တဿ ရဇကာနံ ဟတ္ထတော မုတ္တံ သာဋကံ ပါဒေ လဂ္ဂံ ဟောတိ။ သော ဘိက္ခု – ‘‘သာမိကာနံ ဒဿာမီ’’တိ အဂ္ဂဟေသိ။ သာမိကာ တံ ဘိက္ခုံ စောဒေသုံ – ‘‘အဿမဏောသိ တွ’’န္တိ။ တဿ ကုက္ကုစ္စံ အဟောသိ…ပေ… ‘‘အနာပတ္တိ, ဘိက္ခု, အထေယျစိတ္တဿာ’’တိ။</p>
<p class=""bodytext"">တေန ခေါ ပန သမယေန အညတရဿ ဘိက္ခုနော နဒိံ တရန္တဿ ရဇကာနံ ဟတ္ထတော မုတ္တံ သာဋကံ ပါဒေ လဂ္ဂံ ဟောတိ<a name=""P3.0064""></a>။ သော ဘိက္ခု – ‘‘ပုရေ သာမိကာ ပဿန္တီ’’တိ, ထေယျစိတ္တော အဂ္ဂဟေသိ။ သာမိကာ တံ ဘိက္ခုံ စောဒေသုံ – ‘‘အဿမဏောသိ တွ’’န္တိ။ တဿ ကုက္ကုစ္စံ အဟောသိ…ပေ… ‘‘အာပတ္တိံ တွံ, ဘိက္ခု, အာပန္နော ပါရာဇိက’’န္တိ။</p>
<p class=""bodytext""><a name=""para155""></a><a name=""para155_vin1""></a><span class=""paranum"">၁၅၅</span>။ တေန <a name=""V0.0076""></a> ခေါ ပန သမယေန အညတရော ဘိက္ခု သပ္ပိကုမ္ဘိံ ပဿိတွာ ထောကံ ထောကံ ပရိဘုဉ္ဇိ။ တဿ ကုက္ကုစ္စံ အဟောသိ…ပေ… ‘‘အနာပတ္တိ, ဘိက္ခု, ပါရာဇိကဿ၊ အာပတ္တိ ဒုက္ကဋဿာ’’တိ။</p>
<p class=""bodytext"">တေန ခေါ ပန သမယေန သမ္ဗဟုလာ ဘိက္ခူ သံဝိဒဟိတွာ အဂမံသု – ‘‘ဘဏ္ဍံ အဝဟရိဿာမာ’’တိ။ ဧကော ဘဏ္ဍံ အဝဟရိ။ တေ ဧဝမာဟံသု –</p>
",-155-
81,mula_vi_01,81,"<p class=""noindentbodytext""> ‘‘န<a name=""M0.0081""></a> မယံ ပါရာဇိကာ။ ယော အဝဟဋော သော ပါရာဇိကော’’တိ။ ဘဂဝတော ဧတမတ္ထံ အာရောစေသုံ… ‘‘အာပတ္တိံ တုမှေ, ဘိက္ခဝေ, အာပန္နာ ပါရာဇိက’’န္တိ။</p>
<p class=""bodytext"">တေန ခေါ ပန သမယေန သမ္ဗဟုလာ ဘိက္ခူ သံဝိဒဟိတွာ ဘဏ္ဍံ အဝဟရိတွာ ဘာဇေသုံ<a name=""T1.0120""></a>။ တေဟိ ဘာဇီယမာနေ ဧကမေကဿ ပဋိဝိသော န ပဉ္စမာသကော ပူရိ။ တေ ဧဝမာဟံသု – ‘‘န မယံ ပါရာဇိကာ’’တိ။ ဘဂဝတော ဧတမတ္ထံ အာရောစေသုံ။ ‘‘အာပတ္တိံ တုမှေ, ဘိက္ခဝေ, အာပန္နာ ပါရာဇိက’’န္တိ။</p>
<p class=""bodytext"">တေန ခေါ ပန သမယေန အညတရော ဘိက္ခု သာဝတ္ထိယံ ဒုဗ္ဘိက္ခေ အာပဏိကဿ တဏ္ဍုလမုဋ္ဌိံ ထေယျစိတ္တော အဝဟရိ။ တဿ ကုက္ကုစ္စံ အဟောသိ…ပေ… ‘‘အာပတ္တိံ တွံ, ဘိက္ခု, အာပန္နော ပါရာဇိက’’န္တိ။</p>
<p class=""bodytext"">တေန ခေါ ပန သမယေန အညတရော ဘိက္ခု သာဝတ္ထိယံ ဒုဗ္ဘိက္ခေ အာပဏိကဿ မုဂ္ဂမုဋ္ဌိံ… မာသမုဋ္ဌိံ… တိလမုဋ္ဌိံ ထေယျစိတ္တော အဝဟရိ။ တဿ ကုက္ကုစ္စံ အဟောသိ…ပေ… ‘‘အာပတ္တိံ တွံ, ဘိက္ခု အာပန္နော ပါရာဇိက’’န္တိ။</p>
<p class=""bodytext"">တေန ခေါ ပန သမယေန သာဝတ္ထိယံ အန္ဓဝနေ စောရကာ ဂါဝိံ ဟန္တွာ မံသံ ခါဒိတွာ သေသကံ ပဋိသာမေတွာ အဂမံသု။ ဘိက္ခူ ပံသုကူလသညိနော ပဋိဂ္ဂဟာပေတွာ ပရိဘုဉ္ဇိံသု။ စောရကာ တေ ဘိက္ခူ စောဒေသုံ – ‘‘အဿမဏာတ္ထ တုမှေ’’တိ။ တေသံ ကုက္ကုစ္စံ အဟောသိ…ပေ… ‘‘အနာပတ္တိ, ဘိက္ခဝေ, ပံသုကူလသညိဿာ’’တိ။</p>
<p class=""bodytext"">တေန ခေါ ပန သမယေန သာဝတ္ထိယံ အန္ဓဝနေ စောရကာ သူကရံ ဟန္တွာ မံသံ ခါဒိတွာ သေသကံ ပဋိသာမေတွာ အဂမံသု။ ဘိက္ခူ ပံသုကူလသညိနော ပဋိဂ္ဂဟာပေတွာ ပရိဘုဉ္ဇိံသု။ စောရကာ တေ <a name=""V0.0077""></a> ဘိက္ခူ စောဒေသုံ – ‘‘အဿမဏာတ္ထ တုမှေ’’တိ။ တေသံ ကုက္ကုစ္စံ အဟောသိ…ပေ… ‘‘အနာပတ္တိ, ဘိက္ခဝေ, ပံသုကူလသညိဿာ’’တိ။</p>
<p class=""bodytext"">တေန ခေါ ပန သမယေန အညတရော ဘိက္ခု တိဏက္ခေတ္တံ ဂန္တွာ လူတံ တိဏံ ပဉ္စမာသဂ္ဃနကံ ထေယျစိတ္တော အဝဟရိ။ တဿ ကုက္ကုစ္စံ အဟောသိ <a name=""T1.0121""></a> …ပေ… ‘‘အာပတ္တိံ တွံ, ဘိက္ခု, အာပန္နော ပါရာဇိက’’န္တိ။</p>
",
82,mula_vi_01,82,"<p class=""bodytext"">တေန <a name=""M0.0082""></a> ခေါ ပန သမယေန အညတရော ဘိက္ခု တိဏက္ခေတ္တံ ဂန္တွာ တိဏံ လာယိတွာ ပဉ္စမာသဂ္ဃနကံ ထေယျစိတ္တော အဝဟရိ။ တဿ ကုက္ကုစ္စံ အဟောသိ…ပေ… ‘‘အာပတ္တိံ တွံ, ဘိက္ခု, အာပန္နော ပါရာဇိက’’န္တိ။</p>
<p class=""bodytext""><a name=""para156""></a><a name=""para156_vin1""></a><span class=""paranum"">၁၅၆</span>။ တေန <a name=""P3.0065""></a> ခေါ ပန သမယေန အာဂန္တုကာ ဘိက္ခူ သံဃဿ အမ္ဗံ ဘာဇာပေတွာ ပရိဘုဉ္ဇိံသု။ အာဝါသိကာ ဘိက္ခူ တေ ဘိက္ခူ စောဒေသုံ – ‘‘အဿမဏာတ္ထ တုမှေ’’တိ။ တေသံ ကုက္ကုစ္စံ အဟောသိ…ပေ… ဘဂဝတော ဧတမတ္ထံ အာရောစေသုံ။ ‘‘ကိံစိတ္တာ တုမှေ, ဘိက္ခဝေ’’တိ? ‘‘ပရိဘောဂတ္ထာယ <span class=""note"">[ပရိဘောဂတ္ထာ (သီ။)]</span> မယံ ဘဂဝါ’’တိ။ ‘‘အနာပတ္တိ, ဘိက္ခဝေ, ပရိဘောဂတ္ထာယာ’’တိ။</p>
<p class=""bodytext"">တေန ခေါ ပန သမယေန အာဂန္တုကာ ဘိက္ခူ သံဃဿ ဇမ္ဗုံ… သံဃဿ လဗုဇံ… သံဃဿ ပနသံ… သံဃဿ တာလပက္ကံ… သံဃဿ ဥစ္ဆုံ… သံဃဿ တိမ္ဗရူသကံ ဘာဇာပေတွာ ပရိဘုဉ္ဇိံသု။ အာဝါသိကာ ဘိက္ခူ တေ ဘိက္ခူ စောဒေသုံ – ‘‘အဿမဏာတ္ထ, တုမှေ’’တိ။ တေသံ ကုက္ကုစ္စံ အဟောသိ…ပေ… ‘‘အနာပတ္တိ, ဘိက္ခဝေ, ပရိဘောဂတ္ထာယာ’’တိ။</p>
<p class=""bodytext"">တေန ခေါ ပန သမယေန အမ္ဗပါလကာ ဘိက္ခူနံ အမ္ဗဖလံ ဒေန္တိ။ ဘိက္ခူ – ‘‘ဂေါပေတုံ ဣမေ ဣဿရာ, နယိမေ ဒါတု’’န္တိ, ကုက္ကုစ္စာယန္တာ န ပဋိဂ္ဂဏှန္တိ။ ဘဂဝတော ဧတမတ္ထံ အာရောစေသုံ။ ‘‘အနာပတ္တိ, ဘိက္ခဝေ, ဂေါပကဿ ဒါနေ’’တိ။</p>
<p class=""bodytext"">တေန ခေါ ပန သမယေန ဇမ္ဗုပါလကာ… လဗုဇပါလကာ… ပနသပါလကာ… တာလပက္ကပါလကာ… ဥစ္ဆုပါလကာ… တိမ္ဗရူသကပါလကာ ဘိက္ခူနံ တိမ္ဗရူသကံ ဒေန္တိ။ ဘိက္ခူ <a name=""T1.0122""></a> – ‘‘ဂေါပေတုံ ဣမေ ဣဿရာ, နယိမေ ဒါတု’’န္တိ, ကုက္ကုစ္စာယန္တာ န ပဋိဂ္ဂဏှန္တိ။ ဘဂဝတော ဧတမတ္ထံ အာရောစေသုံ။ ‘‘အနာပတ္တိ, ဘိက္ခဝေ, ဂေါပကဿ ဒါနေ’’တိ။</p>
<p class=""bodytext"">တေန <a name=""V0.0078""></a> ခေါ ပန သမယေန အညတရော ဘိက္ခု သံဃဿ ဒါရုံ တာဝကာလိကံ ဟရိတွာ အတ္တနော ဝိဟာရဿ ကုဋ္ဋံ ဥပတ္ထမ္ဘေသိ။ ဘိက္ခူ တံ ဘိက္ခုံ စောဒေသုံ – ‘‘အဿမဏောသိ တွ’’န္တိ။ တဿ ကုက္ကုစ္စံ အဟောသိ။ ဘဂဝတော ဧတမတ္ထံ အာရောစေသိ။ ‘‘ကိံစိတ္တော တွံ, ဘိက္ခူ’’တိ? ‘‘တာဝကာလိကော အဟံ, ဘဂဝါ’’တိ။ ‘‘အနာပတ္တိ, ဘိက္ခု, တာဝကာလိကေ’’တိ။</p>
",-156-
83,mula_vi_01,83,"<p class=""bodytext"">တေန <a name=""M0.0083""></a> ခေါ ပန သမယေန အညတရော ဘိက္ခု သံဃဿ ဥဒကံ ထေယျစိတ္တော အဝဟရိ… သံဃဿ မတ္တိကံ ထေယျစိတ္တော အဝဟရိ… သံဃဿ ပုဉ္ဇကိတံ တိဏံ ထေယျစိတ္တော အဝဟရိ… တဿ ကုက္ကုစ္စံ အဟောသိ…ပေ… ‘‘အာပတ္တိံ တွံ, ဘိက္ခု, အာပန္နော ပါရာဇိက’’န္တိ။</p>
<p class=""bodytext"">တေန ခေါ ပန သမယေန အညတရော ဘိက္ခု သံဃဿ ပုဉ္ဇကိတံ တိဏံ ထေယျစိတ္တော ဈာပေသိ။ တဿ ကုက္ကုစ္စံ အဟောသိ…ပေ… ‘‘အနာပတ္တိ, ဘိက္ခု, ပါရာဇိကဿ။ အာပတ္တိ ဒုက္ကဋဿာ’’တိ။</p>
<p class=""bodytext"">တေန ခေါ ပန သမယေန အညတရော ဘိက္ခု သံဃဿ မဉ္စံ ထေယျစိတ္တော အဝဟရိ… တဿ ကုက္ကုစ္စံ အဟောသိ…ပေ… ‘‘အာပတ္တိံ တွံ, ဘိက္ခု, အာပန္နော ပါရာဇိက’’န္တိ။</p>
<p class=""bodytext"">တေန ခေါ ပန သမယေန အညတရော ဘိက္ခု သံဃဿ ပီဌံ… သံဃဿ ဘိသိံ… သံဃဿ ဗိဗ္ဗောဟနံ <span class=""note"">[ဗိမ္ဗောဟနံ (သီ။ သျာ။)]</span> … သံဃဿ <a name=""T1.0123""></a> ကဝါဋံ… သံဃဿ အာလောကသန္ဓိံ… သံဃဿ ဂေါပါနသိံ ထေယျစိတ္တော အဝဟရိ… တဿ ကုက္ကုစ္စံ အဟောသိ…ပေ… ‘‘အာပတ္တိံ တွံ, ဘိက္ခု, အာပန္နော ပါရာဇိက’’န္တိ။</p>
<p class=""bodytext""><a name=""para157""></a><a name=""para157_vin1""></a><span class=""paranum"">၁၅၇</span>။ <span class=""note"">[စူဠဝ။ ၃၂၄]</span> တေန ခေါ ပန သမယေန ဘိက္ခူ အညတရဿ ဥပါသကဿ ဝိဟာရပရိဘောဂံ <a name=""P3.0066""></a> သေနာသနံ အညတြ ပရိဘုဉ္ဇန္တိ။ အထ ခေါ သော ဥပါသကော ဥဇ္ဈာယတိ ခိယျတိ ဝိပါစေတိ – ‘‘ကထဉှိ နာမ ဘဒန္တာ အညတြ ပရိဘောဂံ အညတြ ပရိဘုဉ္ဇိဿန္တီ’’တိ! ဘဂဝတော ဧတမတ္ထံ အာရောစေသုံ။ ‘‘န, ဘိက္ခဝေ, အညတြ ပရိဘောဂေါ အညတြ ပရိဘုဉ္ဇိတဗ္ဗော။ ယော ပရိဘုဉ္ဇေယျ, အာပတ္တိ ဒုက္ကဋဿာ’’တိ။</p>
<p class=""bodytext""><span class=""note"">[စူဠဝ။ ၃၂၄]</span> တေန ခေါ ပန သမယေန ဘိက္ခူ ဥပေါသထဂ္ဂမ္ပိ သန္နိသဇ္ဇမ္ပိ ဟရိတုံ ကုက္ကုစ္စာယန္တာ ဆမာယံ နိသီဒန္တိ။ ဂတ္တာနိပိ စီဝရာနိပိ ပံသုကိတာနိ ဟောန္တိ။ ဘဂဝတော ဧတမတ္ထံ အာရောစေသုံ။ ‘‘အနုဇာနာမိ, ဘိက္ခဝေ, တာဝကာလိကံ ဟရိတု’’န္တိ။</p>
<p class=""bodytext"">တေန <a name=""V0.0079""></a> ခေါ ပန သမယေန စမ္ပာယံ ထုလ္လနန္ဒာယ ဘိက္ခုနိယာ အန္တေဝါသိနီ ဘိက္ခုနီ ထုလ္လနန္ဒာယ ဘိက္ခုနိယာ ဥပဋ္ဌာကကုလံ ဂန္တွာ – ‘‘အယျာ</p>
",-157-
84,mula_vi_01,84,"<p class=""noindentbodytext""> ဣစ္ဆတိ<a name=""M0.0084""></a> တေကဋုလယာဂုံ ပါတု’’န္တိ, ပစာပေတွာ ဟရိတွာ အတ္တနာ ပရိဘုဉ္ဇိ။ သာ ဇာနိတွာ တံ စောဒေသိ – ‘‘အဿမဏီသိ တွ’’န္တိ။ တဿာ ကုက္ကုစ္စံ အဟောသိ။ အထ ခေါ သာ ဘိက္ခုနီ ဘိက္ခုနီနံ ဧတမတ္ထံ အာရောစေသိ။ ဘိက္ခုနိယော ဘိက္ခူနံ ဧတမတ္ထံ အာရောစေသုံ။ ဘိက္ခူ ဘဂဝတော ဧတမတ္ထံ အာရောစေသုံ။ ‘‘အနာပတ္တိ, ဘိက္ခဝေ, ပါရာဇိကဿ၊ အာပတ္တိ သမ္ပဇာနမုသာဝါဒေ <a name=""T1.0124""></a> ပါစိတ္တိယဿာ’’တိ။</p>
<p class=""bodytext"">တေန ခေါ ပန သမယေန ရာဇဂဟေ ထုလ္လနန္ဒာယ ဘိက္ခုနိယာ အန္တေဝါသိနီ ဘိက္ခုနီ ထုလ္လနန္ဒာယ ဘိက္ခုနိယာ ဥပဋ္ဌာကကုလံ ဂန္တွာ – ‘‘အယျာ ဣစ္ဆတိ မဓုဂေါဠကံ ခါဒိတု’’န္တိ, ပစာပေတွာ ဟရိတွာ အတ္တနာ ပရိဘုဉ္ဇိ။ သာ ဇာနိတွာ တံ စောဒေသိ – ‘‘အဿမဏီသိ တွ’’န္တိ။ တဿာ ကုက္ကုစ္စံ အဟောသိ…ပေ… ‘‘အနာပတ္တိ, ဘိက္ခဝေ, ပါရာဇိကဿ၊ အာပတ္တိ သမ္ပဇာနမုသာဝါဒေ ပါစိတ္တိယဿာ’’တိ။</p>
<p class=""bodytext""><a name=""para158""></a><a name=""para158_vin1""></a><span class=""paranum"">၁၅၈</span>။ တေန ခေါ ပန သမယေန ဝေသာလိယံ အာယသ္မတော အဇ္ဇုကဿ ဥပဋ္ဌာကဿ ဂဟပတိနော ဒွေ ဒါရကာ ဟောန္တိ – ပုတ္တော စ ဘာဂိနေယျော စ။ အထ ခေါ သော ဂဟပတိ အာယသ္မန္တံ အဇ္ဇုကံ ဧတဒဝေါစ – ‘‘ဣမံ, ဘန္တေ, ဩကာသံ ယော ဣမေသံ ဒွိန္နံ ဒါရကာနံ သဒ္ဓေါ ဟောတိ ပသန္နော တဿ အာစိက္ခေယျာသီ’’တိ <span class=""note"">[အာစိက္ခေယျာသီတိ သော ကာလမကာသိ (သျာ။)]</span>။ တေန ခေါ ပန သမယေန တဿ ဂဟပတိနော ဘာဂိနေယျော သဒ္ဓေါ ဟောတိ ပသန္နော။ အထ ခေါ အာယသ္မာ အဇ္ဇုကော တံ ဩကာသံ တဿ ဒါရကဿ အာစိက္ခိ။ သော တေန သာပတေယျေန ကုဋုမ္ဗဉ္စ သဏ္ဌပေသိ ဒါနဉ္စ ပဋ္ဌပေသိ။ အထ ခေါ တဿ ဂဟပတိနော ပုတ္တော အာယသ္မန္တံ အာနန္ဒံ ဧတဒဝေါစ – ‘‘ကော နု ခေါ, ဘန္တေ အာနန္ဒ, ပိတုနော ဒါယဇ္ဇော – ပုတ္တော ဝါ ဘာဂိနေယျော ဝါ’’တိ? ‘‘ပုတ္တော ခေါ, အာဝုသော, ပိတုနော ဒါယဇ္ဇော’’တိ။ ‘‘အယံ, ဘန္တေ, အယျော အဇ္ဇုကော အမှာကံ သာပတေယျံ <a name=""T1.0125""></a> အမှာကံ မေထုနကဿ အာစိက္ခီ’’တိ။ ‘‘အဿမဏော, အာဝုသော, အာယသ္မာ အဇ္ဇုကော’’တိ။ အထ ခေါ အာယသ္မာ အဇ္ဇုကော အာယသ္မန္တံ အာနန္ဒံ ဧတဒဝေါစ – ‘‘ဒေဟိ မေ, အာဝုသော အာနန္ဒ, ဝိနိစ္ဆယ’’န္တိ။ တေန ခေါ <a name=""P3.0067""></a> ပန သမယေန အာယသ္မာ ဥပါလိ အာယသ္မတော အဇ္ဇုကဿ ပက္ခော ဟောတိ။ အထ ခေါ အာယသ္မာ ဥပါလိ အာယသ္မန္တံ အာနန္ဒံ ဧတဒဝေါစ –</p>
",-158-
85,mula_vi_01,85,"<p class=""noindentbodytext""> ‘‘ယော<a name=""M0.0085""></a> နု ခေါ, အာဝုသော အာနန္ဒ, သာမိကေန ‘ဣမံ ဩကာသံ ဣတ္ထန္နာမဿ အာစိက္ခေယျာသီ’တိ ဝုတ္တော တဿ အာစိက္ခတိ, ကိံ သော အာပဇ္ဇတီ’’တိ? ‘‘န, ဘန္တေ, ကိဉ္စိ အာပဇ္ဇတိ, အန္တမသော ဒုက္ကဋမတ္တမ္ပီ’’တိ။ ‘‘အယံ, အာဝုသော, အာယသ္မာ အဇ္ဇုကော <a name=""V0.0080""></a> သာမိကေန – ‘ဣမံ ဩကာသံ ဣတ္ထန္နာမဿ အာစိက္ခာ’တိ ဝုတ္တော တဿ အာစိက္ခတိ၊ အနာပတ္တိ, အာဝုသော, အာယသ္မတော အဇ္ဇုကဿာ’’တိ။</p>
<p class=""bodytext""><a name=""para159""></a><a name=""para159_vin1""></a><span class=""paranum"">၁၅၉</span>။ တေန ခေါ ပန သမယေန ဗာရာဏသိယံ အာယသ္မတော ပိလိန္ဒဝစ္ဆဿ ဥပဋ္ဌာကကုလံ စောရေဟိ ဥပဒ္ဒုတံ ဟောတိ။ ဒွေ စ ဒါရကာ နီတာ ဟောန္တိ။ အထ ခေါ အာယသ္မာ ပိလိန္ဒဝစ္ဆော တေ ဒါရကေ ဣဒ္ဓိယာ အာနေတွာ ပါသာဒေ ဌပေသိ။ မနုဿာ တေ ဒါရကေ ပဿိတွာ – ‘‘အယျဿာယံ ပိလိန္ဒဝစ္ဆဿ ဣဒ္ဓါနုဘာဝေါ’’တိ, အာယသ္မန္တေ ပိလိန္ဒဝစ္ဆေ အဘိပ္ပသီဒိံသု။ ဘိက္ခူ ဥဇ္ဈာယန္တိ ခိယျန္တိ ဝိပါစေန္တိ – ‘‘ကထဉှိ နာမ အာယသ္မာ ပိလိန္ဒဝစ္ဆော စောရေဟိ နီတေ ဒါရကေ အာနေဿတီ’’တိ! ဘဂဝတော ဧတမတ္ထံ အာရောစေသုံ။ ‘‘အနာပတ္တိ, ဘိက္ခဝေ <span class=""note"">[ဣဒ္ဓိမတော (သီ။), ဣဒ္ဓိမန္တဿ (သျာ။)]</span>, ဣဒ္ဓိမဿ ဣဒ္ဓိဝိသယေ’’တိ။</p>
<p class=""bodytext""><a name=""para160""></a><a name=""para160_vin1""></a><span class=""paranum"">၁၆၀</span>။ တေန <a name=""T1.0126""></a> ခေါ ပန သမယေန ဒွေ ဘိက္ခူ သဟာယကာ ဟောန္တိ – ပဏ္ဍုကော စ ကပိလော စ။ ဧကော ဂါမကေ ဝိဟရတိ, ဧကော ကောသမ္ဗိယံ။ အထ ခေါ တဿ ဘိက္ခုနော ဂါမကာ ကောသမ္ဗိံ ဂစ္ဆန္တဿ အန္တရာမဂ္ဂေ နဒိံ တရန္တဿ သူကရိကာနံ ဟတ္ထတော မုတ္တာ မေဒဝဋ္ဋိ ပါဒေ လဂ္ဂါ ဟောတိ။ သော ဘိက္ခု – ‘‘သာမိကာနံ ဒဿာမီ’’တိ အဂ္ဂဟေသိ။ သာမိကာ တံ ဘိက္ခုံ စောဒေသုံ – ‘‘အဿမဏောသိ တွ’’န္တိ။ တံ ဥတ္တိဏ္ဏံ ဂေါပါလိကာ <span class=""note"">[အညတရာ ဂေါပါလိကာ (သီ။ သျာ။)]</span> ပဿိတွာ ဧတဒဝေါစ – ‘‘ဧဟိ, ဘန္တေ, မေထုနံ ဓမ္မံ ပဋိသေဝါ’’တိ။ သော – ‘‘ပကတိယာပါဟံ အဿမဏော’’တိ တဿာ မေထုနံ ဓမ္မံ ပဋိသေဝိတွာ ကောသမ္ဗိံ ဂန္တွာ ဘိက္ခူနံ ဧတမတ္ထံ အာရောစေသိ။ ဘိက္ခူ ဘဂဝတော ဧတမတ္ထံ ဩရောစေသုံ။ ‘‘အနာပတ္တိ, ဘိက္ခဝေ, အဒိန္နာဒါနေ ပါရာဇိကဿ၊ အာပတ္တိ မေထုနဓမ္မသမာယောဂေ ပါရာဇိကဿာ’’တိ။</p>
<p class=""bodytext""><a name=""para161""></a><a name=""para161_vin1""></a><span class=""paranum"">၁၆၁</span>။ တေန ခေါ ပန သမယေန သာဂလာယံ အာယသ္မတော ဒဠှိကဿ သဒ္ဓိဝိဟာရိကော ဘိက္ခု အနဘိရတိယာ ပီဠိတော အာပဏိကဿ ဝေဌနံ</p>
",-159-160-161-
86,mula_vi_01,86,"<p class=""noindentbodytext""> အဝဟရိတွာ<a name=""M0.0086""></a> အာယသ္မန္တံ ဒဠှိကံ ဧတဒဝေါစ – ‘‘အဿမဏော အဟံ, ဘန္တေ, ဝိဗ္ဘမိဿာမီ’’တိ။ ‘‘ကိံ တယာ, အာဝုသော, ကတ’’န္တိ? သော တမတ္ထံ အာရောစေသိ။ အာဟရာပေတွာ အဂ္ဃါပေသိ။ တံ အဂ္ဃါပေန္တံ န ပဉ္စမာသကေ အဂ္ဃတိ<a name=""T1.0127""></a>။ ‘‘အနာပတ္တိ, အာဝုသော, ပါရာဇိကဿာ’’တိ။ ဓမ္မကထံ အကာသိ။ သော ဘိက္ခု အဘိရမတီတိ <span class=""note"">[အဘိရမီတိ (သီ။ သျာ။)]</span>။</p>
<p class=""centered"">ဒုတိယပါရာဇိကံ သမတ္တံ။</p>
<p class=""title"">၃။ တတိယပါရာဇိကံ</p>
<p class=""bodytext""><a name=""para162""></a><a name=""para162_vin1""></a><span class=""paranum"">၁၆၂</span>။ <span class=""note"">[ဣဒံ ဝတ္ထု သံ။ နိ။ ၅။၉၈၅]</span> တေန <a name=""T1.0128""></a><a name=""P3.0068""></a><a name=""V0.0081""></a> သမယေန ဗုဒ္ဓေါ ဘဂဝါ ဝေသာလိယံ ဝိဟရတိ မဟာဝနေ ကူဋာဂါရသာလာယံ။ တေန ခေါ ပန သမယေန ဘဂဝါ ဘိက္ခူနံ အနေကပရိယာယေန အသုဘကထံ ကထေတိ, အသုဘာယ ဝဏ္ဏံ ဘာသတိ, အသုဘဘာဝနာယ ဝဏ္ဏံ ဘာသတိ, အာဒိဿ အာဒိဿ အသုဘသမာပတ္တိယာ ဝဏ္ဏံ ဘာသတိ။ အထ ခေါ ဘဂဝါ ဘိက္ခူ အာမန္တေသိ – ‘‘ဣစ္ဆာမဟံ, ဘိက္ခဝေ, အဒ္ဓမာသံ ပဋိသလ္လီယိတုံ။ နမှိ ကေနစိ ဥပသင်္ကမိတဗ္ဗော, အညတြ ဧကေန ပိဏ္ဍပါတနီဟာရကေနာ’’တိ။ ‘‘ဧဝံ, ဘန္တေ’’တိ, ခေါ တေ ဘိက္ခူ ဘဂဝတော ပဋိဿုဏိတွာ နာဿုဓ ကောစိ ဘဂဝန္တံ ဥပသင်္ကမတိ, အညတြ ဧကေန ပိဏ္ဍပါတနီဟာရကေန။ ဘိက္ခူ – ‘‘ဘဂဝါ ခေါ အနေကပရိယာယေန အသုဘကထံ ကထေတိ, အသုဘာယ ဝဏ္ဏံ ဘာသတိ, အသုဘဘာဝနာယ ဝဏ္ဏံ ဘာသတိ, အာဒိဿ အာဒိဿ အသုဘသမာပတ္တိယာ ဝဏ္ဏံ ဘာသတီ’’တိ (တေ) <span class=""note"">[( ) (?) ဧဝမုပရိပိ ဤဒိသေသု ဌာနေသု]</span> အနေကာကာရဝေါကာရံ အသုဘဘာဝနာနုယောဂမနုယုတ္တာ ဝိဟရန္တိ။ တေ သကေန ကာယေန အဋ္ဋီယန္တိ ဟရာယန္တိ ဇိဂုစ္ဆန္တိ။ သေယျထာပိ နာမ ဣတ္ထီ ဝါ ပုရိသော ဝါ ဒဟရော ယုဝါ မဏ္ဍနကဇာတိကော သီသံနှာတော အဟိကုဏပေန ဝါ ကုက္ကုရကုဏပေန ဝါ မနုဿကုဏပေန ဝါ ကဏ္ဌေ အာသတ္တေန အဋ္ဋီယေယျ ဟရာယေယျ ဇိဂုစ္ဆေယျ, ဧဝမေဝ တေ ဘိက္ခူ သကေန ကာယေန အဋ္ဋီယန္တာ ဟရာယန္တာ ဇိဂုစ္ဆန္တာ အတ္တနာပိ အတ္တာနံ ဇီဝိတာ ဝေါရောပေန္တိ, အညမညမ္ပိ ဇီဝိတာ ဝေါရောပေန္တိ, မိဂလဏ္ဍိကမ္ပိ <a name=""T1.0129""></a> သမဏကုတ္တကံ ဥပသင်္ကမိတွာ ဧဝံ ဝဒန္တိ – ‘‘သာဓု နော, အာဝုသော, ဇီဝိတာ ဝေါရော-</p>
",-162-
87,mula_vi_01,87,"<p class=""noindentbodytext""> ပေဟိ<a name=""M0.0087""></a>။ ဣဒံ တေ ပတ္တစီဝရံ ဘဝိဿတီ’’တိ။ အထ ခေါ မိဂလဏ္ဍိကော သမဏကုတ္တကော ပတ္တစီဝရေဟိ ဘဋော သမ္ဗဟုလေ ဘိက္ခူ ဇီဝိတာ ဝေါရောပေတွာ လောဟိတကံ <span class=""note"">[လောဟိတဂတံ (က။)]</span> အသိံ အာဒါယ ယေန ဝဂ္ဂမုဒါ နဒီ တေနုပသင်္ကမိ။</p>
<p class=""bodytext""><a name=""para163""></a><a name=""para163_vin1""></a><span class=""paranum"">၁၆၃</span>။ အထ ခေါ မိဂလဏ္ဍိကဿ သမဏကုတ္တကဿ လောဟိတကံ တံ အသိံ ဓောဝန္တဿ အဟုဒေဝ ကုက္ကုစ္စံ အဟု ဝိပ္ပဋိသာရော – ‘‘အလာဘာ ဝတ မေ, န ဝတ မေ လာဘာ၊ ဒုလ္လဒ္ဓံ ဝတ မေ, န ဝတ မေ သုလဒ္ဓံ<a name=""P3.0069""></a>။ ဗဟုံ ဝတ မယာ အပုညံ ပသုတံ, ယောဟံ ဘိက္ခူ သီလဝန္တေ ကလျာဏဓမ္မေ ဇီဝိတာ ဝေါရောပေသိ’’န္တိ။ အထ ခေါ အညတရာ မာရကာယိကာ ဒေဝတာ အဘိဇ္ဇမာနေ ဥဒကေ အာဂန္တွာ မိဂလဏ္ဍိကံ သမဏကုတ္တကံ ဧတဒဝေါစ – ‘‘သာဓု သာဓု သပ္ပုရိသ, လာဘာ တေ သပ္ပုရိသ, သုလဒ္ဓံ တေ သပ္ပုရိသ။ ဗဟုံ တယာ သပ္ပုရိသ ပုညံ ပသုတံ, ယံ တွံ အတိဏ္ဏေ တာရေသီ’’တိ။ အထ ခေါ မိဂလဏ္ဍိကော သမဏကုတ္တကော – ‘‘လာဘာ ကိရ မေ, သုလဒ္ဓံ ကိရ မေ, ဗဟုံ <a name=""V0.0082""></a> ကိရ မယာ ပုညံ ပသုတံ, အတိဏ္ဏော ကိရာဟံ တာရေမီ’’တိ တိဏှံ အသိံ အာဒါယ ဝိဟာရေန ဝိဟာရံ ပရိဝေဏေန ပရိဝေဏံ ဥပသင်္ကမိတွာ ဧဝံ ဝဒေတိ – ‘‘ကော အတိဏ္ဏော, ကံ တာရေမီ’’တိ? တတ္ထ ယေ တေ ဘိက္ခူ အဝီတရာဂါ တေသံ တသ္မိံ သမယေ ဟောတိယေဝ ဘယံ ဟောတိ ဆမ္ဘိတတ္တံ ဟောတိ လောမဟံသော။ ယေ ပန တေ ဘိက္ခူ ဝီတရာဂါ တေသံ တသ္မိံ သမယေ န ဟောတိ <a name=""T1.0130""></a> ဘယံ န ဟောတိ ဆမ္ဘိတတ္တံ န ဟောတိ လောမဟံသော။ အထ ခေါ မိဂလဏ္ဍိကော သမဏကုတ္တကော ဧကမ္ပိ ဘိက္ခုံ ဧကာဟေန ဇီဝိတာ ဝေါရောပေသိ, ဒွေပိ ဘိက္ခူ ဧကာဟေန ဇီဝိတာ ဝေါရောပေသိ, တယောပိ ဘိက္ခူ ဧကာဟေန ဇီဝိတာ ဝေါရောပေသိ, စတ္တာရောပိ ဘိက္ခူ ဧကာဟေန ဇီဝိတာ ဝေါရောပေသိ, ပဉ္စပိ ဘိက္ခူ ဧကာဟေန ဇီဝိတာ ဝေါရောပေသိ, ဒသပိ ဘိက္ခူ ဧကာဟေန ဇီဝိတာ ဝေါရောပေသိ, ဝီသမ္ပိ ဘိက္ခူ ဧကာဟေန ဇီဝိတာ ဝေါရောပေသိ, တိံသမ္ပိ ဘိက္ခူ ဧကာဟေန ဇီဝိတာ ဝေါရောပေသိ, စတ္တာလီသမ္ပိ ဘိက္ခူ ဧကာဟေန ဇီဝိတာ ဝေါရောပေသိ, ပညာသမ္ပိ ဘိက္ခူ ဧကာဟေန ဇီဝိတာ ဝေါရောပေသိ, သဋ္ဌိမ္ပိ ဘိက္ခူ ဧကာဟေန ဇီဝိတာ ဝေါရောပေသိ။</p>
<p class=""bodytext""><a name=""para164""></a><a name=""para164_vin1""></a><span class=""paranum"">၁၆၄</span>။ အထ ခေါ ဘဂဝါ တဿ အဒ္ဓမာသဿ အစ္စယေန ပဋိသလ္လာနာ ဝုဋ္ဌိတော အာယသ္မန္တံ အာနန္ဒံ အာမန္တေသိ – ‘‘ကိံ နု ခေါ, အာနန္ဒ, တနုဘူတော ဝိယ ဘိက္ခုသံဃော’’တိ? ‘‘တထာ ဟိ ပန, ဘန္တေ, ဘဂဝါ ဘိက္ခူနံ အနေက-</p>
",-163-164-
88,mula_vi_01,88,"<p class=""noindentbodytext""> ပရိယာယေန<a name=""M0.0088""></a> အသုဘကထံ ကထေတိ, အသုဘာယ ဝဏ္ဏံ ဘာသတိ, အသုဘဘာဝနာယ ဝဏ္ဏံ ဘာသတိ, အာဒိဿ အာဒိဿ အသုဘသမာပတ္တိယာ ဝဏ္ဏံ ဘာသတိ။ တေ စ, ဘန္တေ, ဘိက္ခူ – ‘ဘဂဝါ ခေါ အနေကပရိယာယေန အသုဘကထံ ကထေတိ, အသုဘာယ ဝဏ္ဏံ ဘာသတိ, အသုဘဘာဝနာယ ဝဏ္ဏံ ဘာသတိ, အာဒိဿ အာဒိဿ အသုဘသမာပတ္တိယာ ဝဏ္ဏံ ဘာသတီ’တိ, တေ အနေကာကာရဝေါကာရံ အသုဘဘာဝနာနုယောဂမနုယုတ္တာ ဝိဟရန္တိ။ တေ သကေန ကာယေန အဋ္ဋီယန္တိ ဟရာယန္တိ ဇိဂုစ္ဆန္တိ။ သေယျထာပိ နာမ ဣတ္ထီ ဝါ ပုရိသော ဝါ ဒဟရော ယုဝါ မဏ္ဍနကဇာတိကော <a name=""T1.0131""></a> သီသံနှာတော အဟိကုဏပေန ဝါ ကုက္ကုရကုဏပေန ဝါ မနုဿကုဏပေန ဝါ ကဏ္ဌေ အာသတ္တေန အဋ္ဋီယေယျ ဟရာယေယျ ဇိဂုစ္ဆေယျ, ဧဝမေဝ တေ ဘိက္ခူ သကေန ကာယေန အဋ္ဋီယန္တာ <a name=""P3.0070""></a> ဟရာယန္တာ ဇိဂုစ္ဆန္တာ အတ္တနာပိ အတ္တာနံ ဇီဝိတာ ဝေါရောပေန္တိ, အညမညမ္ပိ ဇီဝိတာ ဝေါရောပေန္တိ, မိဂလဏ္ဍိကမ္ပိ သမဏကုတ္တကံ ဥပသင်္ကမိတွာ ဧဝံ ဝဒန္တိ – ‘သာဓု နော, အာဝုသော, ဇီဝိတာ ဝေါရောပေဟိ။ ဣဒံ တေ ပတ္တစီဝရံ ဘဝိဿတီ’တိ။ အထ ခေါ, ဘန္တေ, မိဂလဏ္ဍိကော သမဏကုတ္တကော ပတ္တစီဝရေဟိ ဘဋော ဧကမ္ပိ ဘိက္ခုံ ဧကာဟေန ဇီဝိတာ ဝေါရောပေသိ…ပေ… သဋ္ဌိမ္ပိ ဘိက္ခူ ဧကာဟေန ဇီဝိတာ ဝေါရောပေသိ။ သာဓု, ဘန္တေ, ဘဂဝါ အညံ ပရိယာယံ အာစိက္ခတု ယထာယံ ဘိက္ခုသံဃော အညာယ သဏ္ဌဟေယျာ’’တိ။ ‘‘တေနဟာနန္ဒ, ယာဝတိကာ ဘိက္ခူ ဝေသာလိံ ဥပနိဿာယ ဝိဟရန္တိ တေ သဗ္ဗေ ဥပဋ္ဌာနသာလာယံ သန္နိပါတေဟီ’’တိ<a name=""V0.0083""></a>။ ‘‘ဧဝံ, ဘန္တေ’’တိ, ခေါ အာယသ္မာ အာနန္ဒော ဘဂဝတော ပဋိဿုဏိတွာ ယာဝတိကာ ဘိက္ခူ ဝေသာလိံ ဥပနိဿာယ ဝိဟရန္တိ တေ သဗ္ဗေ ဥပဋ္ဌာနသာလာယံ သန္နိပါတေတွာ ယေန ဘဂဝါ တေနုပသင်္ကမိ၊ ဥပသင်္ကမိတွာ ဘဂဝန္တံ ဧတဒဝေါစ – ‘‘သန္နိပတိတော, ဘန္တေ ဘိက္ခုသံဃော၊ ယဿ ဒါနိ, ဘန္တေ, ဘဂဝါ ကာလံ မညတီ’’တိ။</p>
<p class=""bodytext""><a name=""para165""></a><a name=""para165_vin1""></a><span class=""paranum"">၁၆၅</span>။ အထ ခေါ ဘဂဝါ ယေန ဥပဋ္ဌာနသာလာ တေနုပသင်္ကမိ၊ ဥပသင်္ကမိတွာ ပညတ္တေ အာသနေ နိသီဒိ။ နိသဇ္ဇ ခေါ ဘဂဝါ ဘိက္ခူ အာမန္တေသိ – ‘‘အယမ္ပိ ခေါ, ဘိက္ခဝေ, အာနာပါနဿတိသမာဓိ ဘာဝိတော ဗဟုလီကတော သန္တော စေဝ ပဏီတော စ အသေစနကော စ သုခေါ စ ဝိဟာရော ဥပ္ပန္နုပ္ပန္နေ <a name=""T1.0132""></a> စ ပါပကေ အကုသလေ ဓမ္မေ ဌာနသော အန္တရဓာပေတိ ဝူပသမေတိ။ သေယျထာပိ, ဘိက္ခဝေ, ဂိမှာနံ ပစ္ဆိမေ မာသေ ဥဟတံ <span class=""note"">[ဦဟတံ (က။)]</span> ရဇောဇလ္လံ။</p>
",-165-
89,mula_vi_01,89,"<p class=""noindentbodytext""> တမေနံ<a name=""M0.0089""></a> မဟာ အကာလမေဃော ဌာနသော အန္တရဓာပေတိ ဝူပသမေတိ, ဧဝမေဝ ခေါ, ဘိက္ခဝေ, အာနာပါနဿတိသမာဓိ ဘာဝိတော ဗဟုလီကတော သန္တော စေဝ ပဏီတော စ အသေစနကော စ သုခေါ စ ဝိဟာရော ဥပ္ပန္နုပ္ပန္နေ စ ပါပကေ အကုသလေ ဓမ္မေ ဌာနသော အန္တရဓာပေတိ ဝူပသမေတိ။ ကထံ ဘာဝိတော စ, ဘိက္ခဝေ, အာနာပါနဿတိသမာဓိ ကထံ ဗဟုလီကတော သန္တော စေဝ ပဏီတော စ အသေစနကော စ သုခေါ စ ဝိဟာရော ဥပ္ပန္နုပ္ပန္နေ စ ပါပကေ အကုသလေ ဓမ္မေ ဌာနသော အန္တရဓာပေတိ ဝူပသမေတိ? ဣဓ, ဘိက္ခဝေ, ဘိက္ခု အရညဂတော ဝါ ရုက္ခမူလဂတော ဝါ သုညာဂါရဂတော ဝါ နိသီဒတိ ပလ္လင်္ကံ အာဘုဇိတွာ ဥဇုံ ကာယံ ပဏိဓာယ ပရိမုခံ သတိံ ဥပဋ္ဌပေတွာ။ သော သတောဝ အဿသတိ သတော ပဿသတိ။ ဒီဃံ ဝါ အဿသန္တော ဒီဃံ အဿသာမီတိ ပဇာနာတိ, ဒီဃံ ဝါ ပဿသန္တော ဒီဃံ ပဿသာမီတိ ပဇာနာတိ။ ရဿံ ဝါ အဿသန္တော ရဿံ အဿသာမီတိ ပဇာနာတိ, ရဿံ ဝါ ပဿသန္တော ရဿံ ပဿသာမီတိ ပဇာနာတိ။ သဗ္ဗကာယပ္ပဋိသံဝေဒီ အဿသိဿာမီတိ သိက္ခတိ။ သဗ္ဗကာယပ္ပဋိသံဝေဒီ <a name=""P3.0071""></a> ပဿသိဿာမီတိ သိက္ခတိ။ ပဿမ္ဘယံ ကာယသင်္ခါရံ အဿသိဿာမီတိ သိက္ခတိ။ ပဿမ္ဘယံ ကာယသင်္ခါရံ ပဿသိဿာမီတိ သိက္ခတိ။ ပီတိပ္ပဋိသံဝေဒီ အဿသိဿာမီတိ သိက္ခတိ။ ပီတိပ္ပဋိသံဝေဒီ ပဿသိဿာမီတိ သိက္ခတိ။ သုခပ္ပဋိသံဝေဒီ အဿသိဿာမီတိ သိက္ခတိ။ သုခပ္ပဋိသံဝေဒီ ပဿသိဿာမီတိ သိက္ခတိ။ စိတ္တသင်္ခါရပ္ပဋိသံဝေဒီ <a name=""T1.0133""></a> အဿသိဿာမီတိ သိက္ခတိ။ စိတ္တသင်္ခါရပ္ပဋိသံဝေဒီ ပဿသိဿာမီတိ သိက္ခတိ။ ပဿမ္ဘယံ စိတ္တသင်္ခါရံ အဿသိဿာမီတိ သိက္ခတိ။ ပဿမ္ဘယံ စိတ္တသင်္ခါရံ ပဿသိဿာမီတိ သိက္ခတိ။ စိတ္တပ္ပဋိသံဝေဒီ အဿသိဿာမီတိ သိက္ခတိ။ စိတ္တပ္ပဋိသံဝေဒီ ပဿသိဿာမီတိ သိက္ခတိ။ အဘိပ္ပမောဒယံ စိတ္တံ…ပေ… သမာဒဟံ စိတ္တံ…ပေ… ဝိမောစယံ စိတ္တံ…ပေ… အနိစ္စာနုပဿီ…ပေ… ဝိရာဂါနုပဿီ…ပေ… နိရောဓာနုပဿီ…ပေ… ပဋိနိဿဂ္ဂါနုပဿီ <a name=""V0.0084""></a> အဿသိဿာမီတိ သိက္ခတိ။ ပဋိနိဿဂ္ဂါနုပဿီ ပဿသိဿာမီတိ သိက္ခတိ။ ဧဝံ ဘာဝိတော ခေါ, ဘိက္ခဝေ, အာနာပါနဿတိသမာဓိ ဧဝံ ဗဟုလီကတော သန္တော စေဝ ပဏီတော စ အသေစနကော စ သုခေါ စ ဝိဟာရော ဥပ္ပန္နုပ္ပန္နေ စ ပါပကေ အကုသလေ ဓမ္မေ ဌာနသော အန္တရဓာပေတိ ဝူပသမေတီ’’တိ။</p>
<p class=""bodytext""><a name=""para166""></a><a name=""para166_vin1""></a><span class=""paranum"">၁၆၆</span>။ အထ ခေါ ဘဂဝါ ဧတသ္မိံ နိဒါနေ ဧတသ္မိံ ပကရဏေ ဘိက္ခုသံဃံ သန္နိပါတာပေတွာ ဘိက္ခူ ပဋိပုစ္ဆိ – ‘‘သစ္စံ ကိရ, ဘိက္ခဝေ, ဘိက္ခူ အတ္တနာပိ အတ္တာနံ ဇီဝိတာ ဝေါရောပေန္တိ, အညမညမ္ပိ ဇီဝိတာ ဝေါရောပေန္တိ</p>
",-166-
90,mula_vi_01,90,"<p class=""noindentbodytext""> မိဂလဏ္ဍိကမ္ပိ<a name=""M0.0090""></a> သမဏကုတ္တကံ ဥပသင်္ကမိတွာ ဧဝံ ဝဒန္တိ – ‘သာဓု နော, အာဝုသော<a name=""T1.0134""></a>, ဇီဝိတာ ဝေါရောပေဟိ, ဣဒံ တေ ပတ္တစီဝရံ ဘဝိဿတီ’’’တိ? ‘‘သစ္စံ, ဘဂဝါ’’တိ။ ဝိဂရဟိ ဗုဒ္ဓေါ ဘဂဝါ – ‘‘အနနုစ္ဆဝိကံ, ဘိက္ခဝေ, တေသံ ဘိက္ခူနံ အနနုလောမိကံ အပ္ပဋိရူပံ အဿာမဏကံ အကပ္ပိယံ အကရဏီယံ။ ကထဉှိ နာမ တေ, ဘိက္ခဝေ, ဘိက္ခူ အတ္တနာပိ အတ္တာနံ ဇီဝိတာ ဝေါရောပေဿန္တိ, အညမညမ္ပိ ဇီဝိတာ ဝေါရောပေဿန္တိ, မိဂလဏ္ဍိကမ္ပိ သမဏကုတ္တကံ ဥပသင်္ကမိတွာ ဧဝံ ဝက္ခန္တိ – ‘သာဓု နော, အာဝုသော, ဇီဝိတာ ဝေါရောပေဟိ, ဣဒံ တေ ပတ္တစီဝရံ ဘဝိဿတီ’တိ။ နေတံ, ဘိက္ခဝေ, အပ္ပသန္နာနံ ဝါ ပသာဒါယ…ပေ… ဧဝဉ္စ ပန, ဘိက္ခဝေ, ဣမံ သိက္ခာပဒံ ဥဒ္ဒိသေယျာထ –</p>
<p class=""bodytext""><a name=""para167""></a><a name=""para167_vin1""></a><span class=""paranum"">၁၆၇</span>။ <span class=""bld"">‘‘ယော ပန ဘိက္ခု သဉ္စိစ္စ မနုဿဝိဂ္ဂဟံ ဇီဝိတာ ဝေါရောပေယျ သတ္ထဟာရကံ ဝါဿ ပရိယေသေယျ, အယမ္ပိ ပါရာဇိကော ဟောတိ အသံဝါသော’’တိ</span>။</p>
<p class=""bodytext"">ဧဝဉ္စိဒံ ဘဂဝတာ ဘိက္ခူနံ သိက္ခာပဒံ ပညတ္တံ ဟောတိ။</p>
<p class=""bodytext""><a name=""para168""></a><a name=""para168_vin1""></a><span class=""paranum"">၁၆၈</span>။ တေန ခေါ ပန သမယေန အညတရော ဥပါသကော ဂိလာနော ဟောတိ။ တဿ ပဇာပတိ အဘိရူပါ ဟောတိ ဒဿနီယာ ပါသာဒိကာ။ ဆဗ္ဗဂ္ဂိယာ ဘိက္ခူ တဿာ ဣတ္ထိယာ ပဋိဗဒ္ဓစိတ္တာ ဟောန္တိ။ အထ ခေါ ဆဗ္ဗဂ္ဂိယာနံ ဘိက္ခူနံ ဧတဒဟောသိ – ‘‘သစေ ခေါ သော, အာဝုသော<a name=""P3.0072""></a>, ဥပါသကော ဇီဝိဿတိ န မယံ တံ ဣတ္ထိံ လဘိဿာမ။ ဟန္ဒ မယံ, အာဝုသော, တဿ ဥပါသကဿ မရဏဝဏ္ဏံ သံဝဏ္ဏေမာ’’တိ။ အထ ခေါ ဆဗ္ဗဂ္ဂိယာ ဘိက္ခူ ယေန သော ဥပါသကော တေနုပသင်္ကမိံသု၊ ဥပသင်္ကမိတွာ တံ ဥပါသကံ ဧတဒဝေါစုံ – ‘‘တွံ ခေါသိ, ဥပါသက, ကတကလျာဏော ကတကုသလော ကတဘီရုတ္တာဏော အကတပါပေါ အကတလုဒ္ဒေါ အကတကိဗ္ဗိသော။ ကတံ တယာ ကလျာဏံ, အကတံ တယာ <a name=""T1.0135""></a> ပါပံ<a name=""V0.0085""></a>။ ကိံ တုယှိမိနာ ပါပကေန ဒုဇ္ဇီဝိတေန! မတံ တေ ဇီဝိတာ သေယျော။ ဣတော တွံ ကာလင်္ကတော ကာယဿ ဘေဒါ ပရံ မရဏာ သုဂတိံ သဂ္ဂံ လောကံ ဥပပဇ္ဇိဿသိ။ တတ္ထ ဒိဗ္ဗေဟိ ပဉ္စဟိ ကာမဂုဏေဟိ သမပ္ပိတော သမင်္ဂီဘူတော ပရိစာရေဿသီ’’တိ။</p>
<p class=""bodytext""><a name=""para169""></a><a name=""para169_vin1""></a><span class=""paranum"">၁၆၉</span>။ အထ ခေါ သော ဥပါသကော – ‘‘သစ္စံ ခေါ အယျာ အာဟံသု။ အဟဉှိ ကတကလျာဏော ကတကုသလော ကတဘီရုတ္တာဏော အကတပါပေါ အကတလုဒ္ဒေါ အကတကိဗ္ဗိသော။ ကတံ မယာ ကလျာဏံ, အကတံ မယာ</p>
",-167-168-169-
91,mula_vi_01,91,"<p class=""noindentbodytext""> ပါပံ<a name=""M0.0091""></a>။ ကိံ မယှိမိနာ ပါပကေန ဒုဇ္ဇီဝိတေန! မတံ မေ ဇီဝိတာ သေယျော။ ဣတော အဟံ ကာလင်္ကတော ကာယဿ ဘေဒါ ပရံ မရဏာ သုဂတိံ သဂ္ဂံ လောကံ ဥပပဇ္ဇိဿာမိ။ တတ္ထ ဒိဗ္ဗေဟိ ပဉ္စဟိ ကာမဂုဏေဟိ သမပ္ပိတော သမင်္ဂီဘူတော ပရိစာရေဿာမီ’’တိ, သော အသပ္ပါယာနိ စေဝ ဘောဇနာနိ ဘုဉ္ဇိ အသပ္ပါယာနိ စ ခါဒနီယာနိ ခါဒိ အသပ္ပါယာနိ စ သာယနီယာနိ သာယိ အသပ္ပါယာနိ စ ပါနာနိ ပိဝိ။ တဿ အသပ္ပါယာနိ စေဝ ဘောဇနာနိ ဘုဉ္ဇတော အသပ္ပါယာနိ စ ခါဒနီယာနိ ခါဒတော အသပ္ပါယာနိ စ သာယနီယာနိ သာယတော အသပ္ပါယာနိ စ ပါနာနိ ပိဝတော ခရော အာဗာဓော ဥပ္ပဇ္ဇိ။ သော တေနေဝ အာဗာဓေန ကာလမကာသိ။ တဿ ပဇာပတိ ဥဇ္ဈာယတိ ခိယျတိ ဝိပါစေတိ – ‘‘အလဇ္ဇိနော ဣမေ သမဏာ သကျပုတ္တိယာ ဒုဿီလာ မုသာဝါဒိနော။ ဣမေ ဟိ နာမ ဓမ္မစာရိနော သမစာရိနော ဗြဟ္မစာရိနော သစ္စဝါဒိနော သီလဝန္တော ကလျာဏဓမ္မာ ပဋိဇာနိဿန္တိ! နတ္ထိ ဣမေသံ သာမညံ နတ္ထိ ဣမေသံ ဗြဟ္မညံ, နဋ္ဌံ ဣမေသံ သာမညံ နဋ္ဌံ ဣမေသံ ဗြဟ္မညံ, ကုတော ဣမေသံ သာမညံ <a name=""T1.0136""></a> ကုတော ဣမေသံ ဗြဟ္မညံ, အပဂတာ ဣမေ သာမညာ အပဂတာ ဣမေ ဗြဟ္မညာ။ ဣမေ မေ သာမိကဿ မရဏဝဏ္ဏံ သံဝဏ္ဏေသုံ။ ဣမေဟိ မေ သာမိကော မာရိတော’’တိ။ အညေပိ မနုဿာ ဥဇ္ဈာယန္တိ ခိယျန္တိ ဝိပါစေန္တိ – ‘‘အလဇ္ဇိနော ဣမေ သမဏာ သကျပုတ္တိယာ ဒုဿီလာ မုသာဝါဒိနော။ ဣမေ ဟိ နာမ ဓမ္မစာရိနော သမစာရိနော ဗြဟ္မစာရိနော သစ္စဝါဒိနော သီလဝန္တော ကလျာဏဓမ္မာ ပဋိဇာနိဿန္တိ! နတ္ထိ ဣမေသံ သာမညံ နတ္ထိ ဣမေသံ ဗြဟ္မညံ, နဋ္ဌံ ဣမေသံ သာမညံ နဋ္ဌံ ဣမေသံ ဗြဟ္မညံ, ကုတော ဣမေသံ သာမညံ ကုတော ဣမေသံ ဗြဟ္မညံ, အပဂတာ ဣမေ သာမညာ အပဂတာ ဣမေ ဗြဟ္မညာ။ ဣမေ ဥပါသကဿ မရဏဝဏ္ဏံ သံဝဏ္ဏေသုံ။ ဣမေဟိ ဥပါသကော မာရိတော’’တိ။ အဿောသုံ ခေါ ဘိက္ခူ တေသံ မနုဿာနံ ဥဇ္ဈာယန္တာနံ ခိယျန္တာနံ ဝိပါစေန္တာနံ။ ယေ တေ ဘိက္ခူ အပ္ပိစ္ဆာ…ပေ… တေ ဥဇ္ဈာယန္တိ ခိယျန္တိ ဝိပါစေန္တိ – ‘‘ကထဉှိ နာမ ဆဗ္ဗဂ္ဂိယာ ဘိက္ခူ ဥပါသကဿ မရဏဝဏ္ဏံ သံဝဏ္ဏိဿန္တီ’’တိ!</p>
<p class=""bodytext""><a name=""para170""></a><a name=""para170_vin1""></a><span class=""paranum"">၁၇၀</span>။ အထ ခေါ <a name=""P3.0073""></a> တေ ဘိက္ခူ ဆဗ္ဗဂ္ဂိယေ ဘိက္ခူ အနေကပရိယာယေန ဝိဂရဟိတွာ ဘဂဝတော <a name=""V0.0086""></a> ဧတမတ္ထံ အာရောစေသုံ…ပေ… ‘‘သစ္စံ ကိရ တုမှေ, ဘိက္ခဝေ, ဥပါသကဿ မရဏဝဏ္ဏံ သံဝဏ္ဏေထာ’’တိ? ‘‘သစ္စံ, ဘဂဝါ’’တိ။ ဝိဂရဟိ ဗုဒ္ဓေါ ဘဂဝါ – ‘‘အနနုစ္ဆဝိကံ, မောဃပုရိသာ, အနနုလောမိကံ အပ္ပဋိရူပံ အဿာမဏကံ အကပ္ပိယံ အကရဏီယံ။ ကထဉှိ နာမ တုမှေ, မောဃပုရိသာ,</p>
",-170-
92,mula_vi_01,92,"<p class=""noindentbodytext""> ဥပါသကဿ<a name=""M0.0092""></a> မရဏဝဏ္ဏံ သံဝဏ္ဏိဿထ! နေတံ, မောဃပုရိသာ, အပ္ပသန္နာနံ ဝါ ပသာဒါယ…ပေ… ဧဝဉ္စ ပန, ဘိက္ခဝေ, ဣမံ သိက္ခာပဒံ ဥဒ္ဒိသေယျာထ <a name=""T1.0137""></a> –</p>
<p class=""bodytext""><a name=""para171""></a><a name=""para171_vin1""></a><span class=""paranum"">၁၇၁</span>။ <span class=""bld"">‘‘ယော ပန ဘိက္ခု သဉ္စိစ္စ မနုဿဝိဂ္ဂဟံ ဇီဝိတာ ဝေါရောပေယျ သတ္ထဟာရကံ ဝါဿ ပရိယေသေယျ မရဏဝဏ္ဏံ ဝါ သံဝဏ္ဏေယျ မရဏာယ ဝါ သမာဒပေယျ – ‘အမ္ဘော ပုရိသ, ကိံ တုယှိမိနာ ပါပကေန ဒုဇ္ဇီဝိတေန, မတံ တေ ဇီဝိတာ သေယျော’တိ, ဣတိ စိတ္တမနော စိတ္တသင်္ကပ္ပေါ အနေကပရိယာယေန မရဏဝဏ္ဏံ ဝါ သံဝဏ္ဏေယျ, မရဏာယ ဝါ သမာဒပေယျ, အယမ္ပိ ပါရာဇိကော ဟောတိ အသံဝါသော’’တိ</span>။</p>
<p class=""bodytext""><a name=""para172""></a><a name=""para172_vin1""></a><span class=""paranum"">၁၇၂</span>။ <span class=""bld"">ယော ပနာ</span>တိ ယော ယာဒိသော…ပေ… <span class=""bld"">ဘိက္ခူ</span>တိ…ပေ… အယံ ဣမသ္မိံ အတ္ထေ အဓိပ္ပေတော ဘိက္ခူတိ။</p>
<p class=""bodytext""><span class=""bld"">သဉ္စိစ္စာ</span>တိ ဇာနန္တော သဉ္ဇာနန္တော စေစ္စ အဘိဝိတရိတွာ ဝီတိက္ကမော။</p>
<p class=""bodytext""><span class=""bld"">မနုဿဝိဂ္ဂဟော</span> နာမ ယံ မာတုကုစ္ဆိသ္မိံ ပဌမံ စိတ္တံ ဥပ္ပန္နံ ပဌမံ ဝိညာဏံ ပါတုဘူတံ, ယာဝ မရဏကာလာ ဧတ္ထန္တရေ ဧသော မနုဿဝိဂ္ဂဟော နာမ။</p>
<p class=""bodytext""><span class=""bld"">ဇီဝိတာ ဝေါရောပေယျာ</span>တိ ဇီဝိတိန္ဒြိယံ ဥပစ္ဆိန္ဒတိ ဥပရောဓေတိ သန္တတိံ ဝိကောပေတိ။</p>
<p class=""bodytext""><span class=""bld"">သတ္ထဟာရကံ ဝါဿ ပရိယေသေယျာ</span>တိ အသိံ ဝါ သတ္တိံ ဝါ ဘေဏ္ဍိံ ဝါ <span class=""note"">[ဘေန္ဒိံ ဝါ (က။)]</span> လဂုဠံ ဝါ <span class=""note"">[သူလံဝါ လဂုဠံဝါ (သျာ။)]</span> ပါသာဏံ ဝါ သတ္ထံ ဝါ ဝိသံ ဝါ ရဇ္ဇုံ ဝါ။</p>
<p class=""bodytext""><span class=""bld"">မရဏဝဏ္ဏံ ဝါ သံဝဏ္ဏေယျာ</span>တိ ဇီဝိတေ အာဒီနဝံ ဒဿေတိ, မရဏေ ဝဏ္ဏံ ဘဏတိ။</p>
<p class=""bodytext""><span class=""bld"">မရဏာယ ဝါ သမာဒပေယျာ</span>တိ သတ္ထံ ဝါ အာဟရ, ဝိသံ ဝါ ခါဒ, ရဇ္ဇုယာ ဝါ ဥဗ္ဗန္ဓိတွာ ကာလင်္ကရောဟီတိ။</p>
",-171-172-
93,mula_vi_01,93,"<p class=""bodytext""><span class=""bld"">အမ္ဘော</span> <a name=""M0.0093""></a><a name=""V0.0087""></a> <span class=""bld"">ပုရိသာ</span>တိ အာလပနာဓိဝစနမေတံ။</p>
<p class=""bodytext""><span class=""bld"">ကိံ</span> <a name=""T1.0138""></a> <span class=""bld"">တုယှိမိနာ ပါပကေန ဒုဇ္ဇီဝိတေနာ</span>တိ ပါပကံ နာမ ဇီဝိတံ အဍ္ဎာနံ ဇီဝိတံ ဥပါဒါယ ဒလိဒ္ဒါနံ ဇီဝိတံ ပါပကံ လာမကံ, သဓနာနံ ဇီဝိတံ ဥပါဒါယ အဓနာနံ ဇီဝိတံ ပါပကံ, ဒေဝါနံ ဇီဝိတံ ဥပါဒါယ မနုဿာနံ ဇီဝိတံ ပါပကံ<a name=""P3.0074""></a>။</p>
<p class=""bodytext""><span class=""bld"">ဒုဇ္ဇီဝိတံ</span> နာမ ဟတ္ထစ္ဆိန္နဿ ပါဒစ္ဆိန္နဿ ဟတ္ထပါဒစ္ဆိန္နဿ ကဏ္ဏစ္ဆိန္နဿ နာသစ္ဆိန္နဿ ကဏ္ဏနာသစ္ဆိန္နဿ, ဣမိနာ စ ပါပကေန ဣမိနာ စ ဒုဇ္ဇီဝိတေန မတံ တေ ဇီဝိတာ သေယျောတိ။</p>
<p class=""bodytext""><span class=""bld"">ဣတိ စိတ္တမနော</span>တိ ယံ စိတ္တံ တံ မနော, ယံ မနော တံ စိတ္တံ။</p>
<p class=""bodytext""><span class=""bld"">စိတ္တသင်္ကပ္ပေါ</span>တိ မရဏသညီ မရဏစေတနော မရဏာဓိပ္ပါယော။</p>
<p class=""bodytext""><span class=""bld"">အနေကပရိယာယေနာ</span>တိ ဥစ္စာဝစေဟိ အာကာရေဟိ။</p>
<p class=""bodytext""><span class=""bld"">မရဏဝဏ္ဏံ ဝါ သံဝဏ္ဏေယျာ</span>တိ ဇီဝိတေ အာဒီနဝံ ဒဿေတိ, မရဏေ ဝဏ္ဏံ ဘဏတိ – ‘‘ဣတော တွံ ကာလင်္ကတော ကာယဿ ဘေဒါ ပရံ မရဏာ သုဂတိံ သဂ္ဂံ လောကံ ဥပပဇ္ဇိဿသိ, တတ္ထ ဒိဗ္ဗေဟိ ပဉ္စဟိ ကာမဂုဏေဟိ သမပ္ပိတော သမင်္ဂီဘူတော ပရိစာရေဿသီ’’တိ။</p>
<p class=""bodytext""><span class=""bld"">မရဏာယ ဝါ သမာဒပေယျာ</span>တိ သတ္ထံ ဝါ အာဟရ, ဝိသံ ဝါ ခါဒ, ရဇ္ဇုယာ ဝါ ဥဗ္ဗန္ဓိတွာ ကာလင်္ကရောဟိ, သောဗ္ဘေ ဝါ နရကေ ဝါ ပပါတေ ဝါ ပပတာတိ။</p>
<p class=""bodytext""><span class=""bld"">အယမ္ပီ</span>တိ ပုရိမေ ဥပါဒါယ ဝုစ္စတိ။</p>
<p class=""bodytext""><span class=""bld"">ပါရာဇိကော ဟောတီ</span>တိ သေယျထာပိ နာမ ပုထုသိလာ ဒွိဓာ ဘိန္နာ <span class=""note"">[ဒွေဓာ ဘိန္နာ (သျာ။)]</span> အပ္ပဋိသန္ဓိကာ ဟောတိ, ဧဝမေဝ ဘိက္ခု သဉ္စိစ္စ မနုဿဝိဂ္ဂဟံ ဇီဝိတာ ဝေါရောပေတွာ အဿမဏော ဟောတိ အသကျပုတ္တိယော။ တေန ဝုစ္စတိ – ‘ပါရာဇိကော ဟောတီ’တိ။</p>
",
94,mula_vi_01,94,"<p class=""bodytext""><span class=""bld"">အသံဝါသော</span>တိ <a name=""M0.0094""></a><a name=""V0.0088""></a> သံဝါသော <a name=""T1.0139""></a> နာမ ဧကကမ္မံ ဧကုဒ္ဒေသော သမသိက္ခတာ – ဧသော သံဝါသော နာမ။ သော တေန သဒ္ဓိံ နတ္ထိ, တေန ဝုစ္စတိ အသံဝါသောတိ။</p>
<p class=""bodytext""><a name=""para173""></a><a name=""para173_vin1""></a><span class=""paranum"">၁၇၃</span>။ သာမံ, အဓိဋ္ဌာယ, ဒူတေန, ဒူတပရံပရာယ, ဝိသက္ကိယေန ဒူတေန, ဂတပစ္စာဂတေန ဒူတေန, အရဟော ရဟောသညီ, ရဟော အရဟောသညီ, အရဟော အရဟောသညီ, ရဟော ရဟောသညီ ကာယေန သံဝဏ္ဏေတိ, ဝါစာယ သံဝဏ္ဏေတိ, ကာယေန ဝါစာယ သံဝဏ္ဏေတိ, ဒူတေန သံဝဏ္ဏေတိ, လေခါယ သံဝဏ္ဏေတိ, ဩပါတံ အပဿေနံ, ဥပနိက္ခိပနံ, ဘေသဇ္ဇံ, ရူပူပဟာရော, သဒ္ဒူပဟာရော, ဂန္ဓူပဟာရော, ရသူပဟာရော, ဖောဋ္ဌဗ္ဗူပဟာရော, ဓမ္မူပဟာရော, အာစိက္ခနာ, အနုသာသနီ, သင်္ကေတကမ္မံ, နိမိတ္တကမ္မန္တိ။</p>
<p class=""bodytext""><a name=""para174""></a><a name=""para174_vin1""></a><span class=""paranum"">၁၇၄</span>။ <span class=""bld"">သာမ</span>န္တိ သယံ ဟနတိ ကာယေန ဝါ ကာယပဋိဗဒ္ဓေန ဝါ နိဿဂ္ဂိယေန ဝါ။</p>
<p class=""bodytext""><span class=""bld"">အဓိဋ္ဌာယာ</span>တိ အဓိဋ္ဌဟိတွာ အာဏာပေတိ – ‘‘ဧဝံ ဝိဇ္ဈ, ဧဝံ ပဟရ, ဧဝံ ဃာတေဟီ’’တိ။</p>
<p class=""bodytext"">ဘိက္ခု <a name=""P3.0075""></a> ဘိက္ခုံ အာဏာပေတိ – ‘‘ဣတ္ထန္နာမံ ဇီဝိတာ ဝေါရောပေဟီ’’တိ, အာပတ္တိ ဒုက္ကဋဿ။ သော တံ မညမာနော တံ ဇီဝိတာ ဝေါရောပေတိ, အာပတ္တိ ဥဘိန္နံ ပါရာဇိကဿ။</p>
<p class=""bodytext"">ဘိက္ခု ဘိက္ခုံ အာဏာပေတိ – ‘‘ဣတ္ထန္နာမံ ဇီဝိတာ ဝေါရောပေဟီ’’တိ, အာပတ္တိ ဒုက္ကဋဿ။ သော တံ မညမာနော အညံ ဇီဝိတာ ဝေါရောပေတ္တိ, မူလဋ္ဌဿ အနာပတ္တိ။ ဝဓကဿ အာပတ္တိ ပါရာဇိကဿ။</p>
<p class=""bodytext"">ဘိက္ခု ဘိက္ခုံ အာဏာပေတိ – ‘‘ဣတ္ထန္နာမံ ဇီဝိတာ ဝေါရောပေဟီ’’တိ, အာပတ္တိ ဒုက္ကဋဿ။ သော အညံ မညမာနော တံ ဇီဝိတာ ဝေါရောပေတိ, အာပတ္တိ ဥဘိန္နံ ပါရာဇိကဿ။</p>
<p class=""bodytext"">ဘိက္ခု ဘိက္ခုံ အာဏာပေတိ <a name=""T1.0140""></a> – ‘‘ဣတ္ထန္နာမံ ဇီဝိတာ ဝေါရောပေဟီ’’တိ, အာပတ္တိ ဒုက္ကဋဿ။ သော အညံ မညမာနော အညံ ဇီဝိတာ ဝေါရောပေတိ၊ မူလဋ္ဌဿ အနာပတ္တိ, ဝဓကဿ အာပတ္တိ ပါရာဇိကဿ။</p>
",-173-174-
95,mula_vi_01,95,"<p class=""bodytext"">ဘိက္ခု <a name=""M0.0095""></a> ဘိက္ခုံ အာဏာပေတိ – ‘‘ဣတ္ထန္နာမဿ ပါဝဒ – ‘ဣတ္ထန္နာမော ဣတ္ထန္နာမဿ ပါဝဒတု <a name=""V0.0089""></a> – ဣတ္ထန္နာမော ဣတ္ထန္နာမံ ဇီဝိတာ ဝေါရောပေတူ’’’တိ, အာပတ္တိ ဒုက္ကဋဿ။ သော ဣတရဿ အာရောစေတိ, အာပတ္တိ ဒုက္ကဋဿ။ ဝဓကော ပဋိဂ္ဂဏှာတိ, မူလဋ္ဌဿ အာပတ္တိ ထုလ္လစ္စယဿ။ သော တံ ဇီဝိတာ ဝေါရောပေတိ, အာပတ္တိ သဗ္ဗေသံ ပါရာဇိကဿ။</p>
<p class=""bodytext"">ဘိက္ခု ဘိက္ခုံ အာဏာပေတိ – ‘‘ဣတ္ထန္နာမဿ ပါဝဒ – ‘ဣတ္ထန္နာမော ဣတ္ထန္နာမဿ ပါဝဒတု – ဣတ္ထန္နာမော ဣတ္ထန္နာမံ ဇီဝိတာ ဝေါရောပေတူ’’’တိ, အာပတ္တိ ဒုက္ကဋဿ။ သော အညံ အာဏာပေတိ, အာပတ္တိ ဒုက္ကဋဿ။ ဝဓကော ပဋိဂ္ဂဏှာတိ, အာပတ္တိ ဒုက္ကဋဿ။ သော တံ ဇီဝိတာ ဝေါရောပေတိ, မူလဋ္ဌဿ အနာပတ္တိ၊ အာဏာပကဿ စ ဝဓကဿ စ အာပတ္တိ ပါရာဇိကဿ။</p>
<p class=""bodytext"">ဘိက္ခု ဘိက္ခုံ အာဏာပေတိ – ‘‘ဣတ္ထန္နာမံ ဇီဝိတာ ဝေါရောပေဟီ’’တိ, အာပတ္တိ ဒုက္ကဋဿ။ သော ဂန္တွာ ပုန ပစ္စာဂစ္ဆတိ – ‘‘နာဟံ သက္ကောမိ တံ ဇီဝိတာ ဝေါရောပေတု’’န္တိ။ သော ပုန အာဏာပေတိ – ‘‘ယဒါ သက္ကောသိ တဒါ တံ ဇီဝိတာ ဝေါရောပေဟီ’’တိ, အာပတ္တိ ဒုက္ကဋဿ။ သော တံ ဇီဝိတာ ဝေါရောပေတိ, အာပတ္တိ ဥဘိန္နံ ပါရာဇိကဿ။</p>
<p class=""bodytext"">ဘိက္ခု ဘိက္ခုံ အာဏာပေတိ – ‘‘ဣတ္ထန္နာမံ ဇီဝိတာ ဝေါရောပေဟီ’’တိ, အာပတ္တိ <a name=""T1.0141""></a> ဒုက္ကဋဿ။ သော အာဏာပေတွာ ဝိပ္ပဋိသာရီ န သာဝေတိ – ‘‘မာ ဃာတေဟီ’’တိ။ သော တံ ဇီဝိတာ ဝေါရောပေတိ, အာပတ္တိ ဥဘိန္နံ ပါရာဇိကဿ။</p>
<p class=""bodytext"">ဘိက္ခု ဘိက္ခုံ အာဏာပေတိ – ‘‘ဣတ္ထန္နာမံ ဇီဝိတာ ဝေါရောပေဟီ’’တိ, အာပတ္တိ ဒုက္ကဋဿ။ သော အာဏာပေတွာ ဝိပ္ပဋိသာရီ သာဝေတိ – ‘‘မာ ဃာတေဟီ’’တိ။ သော – ‘‘အာဏတ္တော အဟံ တယာ’’တိ တံ ဇီဝိတာ ဝေါရောပေတိ, မူလဋ္ဌဿ အနာပတ္တိ။ ဝဓကဿ အာပတ္တိ ပါရာဇိကဿ။</p>
<p class=""bodytext"">ဘိက္ခု ဘိက္ခုံ အာဏာပေတိ – ‘‘ဣတ္ထန္နာမံ ဇီဝိတာ ဝေါရောပေဟီ’’တိ, အာပတ္တိ ဒုက္ကဋဿ။ သော အာဏာပေတွာ ဝိပ္ပဋိသာရီ သာဝေတိ – ‘‘မာ ဃာတေဟီ’’တိ။ သော သာဓူတိ ဩရမတိ, ဥဘိန္နံ အနာပတ္တိ။</p>
<p class=""bodytext""><a name=""para175""></a><a name=""para175_vin1""></a><span class=""paranum"">၁၇၅</span>။ အရဟော ရဟောသညီ ဥလ္လပတိ – ‘‘အဟော ဣတ္ထန္နာမော ဟတော အဿာ’’တိ, အာပတ္တိ ဒုက္ကဋဿ။ ရဟော အရဟောသညီ ဥလ္လပတိ – ‘‘အဟော</p>
",-175-
96,mula_vi_01,96,"<p class=""noindentbodytext""> ဣတ္ထန္နာမော<a name=""M0.0096""></a> ဟတော အဿာ’’တိ, အာပတ္တိ ဒုက္ကဋဿ။ အရဟော အရဟောသညီ ဥလ္လပတိ – ‘‘အဟော <a name=""P3.0076""></a> ဣတ္ထန္နာမော ဟတော အဿာ’’တိ, အာပတ္တိ ဒုက္ကဋဿ<a name=""V0.0090""></a>။ ရဟော ရဟောသညီ ဥလ္လပတိ – ‘‘အဟော ဣတ္ထန္နာမော ဟတော အဿာ’’တိ, အာပတ္တိ ဒုက္ကဋဿ။</p>
<p class=""bodytext""><span class=""bld"">ကာယေန သံဝဏ္ဏေတိ</span> နာမ ကာယေန ဝိကာရံ ကရောတိ – ‘‘ယော ဧဝံ မရတိ သော ဓနံ ဝါ လဘတိ ယသံ ဝါ လဘတိ သဂ္ဂံ ဝါ ဂစ္ဆတီ’’တိ, အာပတ္တိ ဒုက္ကဋဿ။ တာယ သံဝဏ္ဏနာယ မရိဿာမီတိ ဒုက္ခံ ဝေဒနံ ဥပ္ပါဒေတိ, အာပတ္တိ ထုလ္လစ္စယဿ။ မရတိ, အာပတ္တိ ပါရာဇိကဿ။</p>
<p class=""bodytext""><span class=""bld"">ဝါစာယ သံဝဏ္ဏေတိ</span> နာမ ဝါစာယ ဘဏတိ – ‘‘ယော ဧဝံ မရတိ သော ဓနံ <a name=""T1.0142""></a> ဝါ လဘတိ ယသံ ဝါ လဘတိ သဂ္ဂံ ဝါ ဂစ္ဆတီ’’တိ, အာပတ္တိ ဒုက္ကဋဿ။ တာယ သံဝဏ္ဏနာယ မရိဿာမီတိ ဒုက္ခံ ဝေဒနံ ဥပ္ပါဒေတိ, အာပတ္တိ ထုလ္လစ္စယဿ။ မရတိ, အာပတ္တိ ပါရာဇိကဿ။</p>
<p class=""bodytext""><span class=""bld"">ကာယေန ဝါစာယ သံဝဏ္ဏေတိ</span> နာမ ကာယေန စ ဝိကာရံ ကရောတိ, ဝါစာယ စ ဘဏတိ – ‘‘ယော ဧဝံ မရတိ သော ဓနံ ဝါ လဘတိ ယသံ ဝါ လဘတိ သဂ္ဂံ ဝါ ဂစ္ဆတီ’’တိ, အာပတ္တိ ဒုက္ကဋဿ။ တာယ သံဝဏ္ဏနာယ မရိဿာမီတိ ဒုက္ခံ ဝေဒနံ ဥပ္ပါဒေတိ, အာပတ္တိ ထုလ္လစ္စယဿ။ မရတိ, အာပတ္တိ ပါရာဇိကဿ။</p>
<p class=""bodytext""><span class=""bld"">ဒူတေန သံဝဏ္ဏေတိ</span> နာမ ဒူတဿ သာသနံ အာရောစေတိ – ‘‘ယော ဧဝံ မရတိ သော ဓနံ ဝါ လဘတိ ယသံ ဝါ လဘတိ သဂ္ဂံ ဝါ ဂစ္ဆတီ’’တိ, အာပတ္တိ ဒုက္ကဋဿ။ ဒူတဿ သာသနံ သုတွာ မရိဿာမီတိ ဒုက္ခံ ဝေဒနံ ဥပ္ပါဒေတိ, အာပတ္တိ ထုလ္လစ္စယဿ။ မရတိ, အာပတ္တိ ပါရာဇိကဿ။</p>
<p class=""bodytext""><a name=""para176""></a><a name=""para176_vin1""></a><span class=""paranum"">၁၇၆</span>။ <span class=""bld"">လေခါယ သံဝဏ္ဏေတိ</span> နာမ လေခံ ဆိန္ဒတိ – ‘‘ယော ဧဝံ မရတိ သော ဓနံ ဝါ လဘတိ ယသံ ဝါ လဘတိ သဂ္ဂံ ဝါ ဂစ္ဆတီ’’တိ, အက္ခရက္ခရာယ အာပတ္တိ ဒုက္ကဋဿ။ လေခံ ပဿိတွာ မရိဿာမီတိ ဒုက္ခံ ဝေဒနံ ဥပ္ပါဒေတိ, အာပတ္တိ ထုလ္လစ္စယဿ။ မရတိ, အာပတ္တိ ပါရာဇိကဿ။</p>
<p class=""bodytext""><span class=""bld"">ဩပါတံ</span> နာမ မနုဿံ ဥဒ္ဒိဿ ဩပါတံ ခနတိ – ‘‘ပပတိတွာ မရိဿတီ’’တိ, အာပတ္တိ ဒုက္ကဋဿ။ ပပတိတေ ဒုက္ခာ ဝေဒနာ ဥပ္ပဇ္ဇတိ, အာပတ္တိ <a name=""T1.0143""></a> ထုလ္လစ္စယဿ။ မရတိ, အာပတ္တိ ပါရာဇိကဿ။ အနောဒိဿ ဩပါတံ ခနတိ – ‘‘ယော ကောစိ</p>
",-176-
97,mula_vi_01,97,"<p class=""noindentbodytext""> ပပတိတွာ<a name=""M0.0097""></a> မရိဿတီ’’တိ, အာပတ္တိ ဒုက္ကဋဿ။ မနုဿော တသ္မိံ ပပတတိ, အာပတ္တိ ဒုက္ကဋဿ။ ပပတိတေ ဒုက္ခာ ဝေဒနာ ဥပ္ပဇ္ဇတိ<a name=""V0.0091""></a>, အာပတ္တိ ထုလ္လစ္စယဿ။ မရတိ, အာပတ္တိ ပါရာဇိကဿ။ ယက္ခော ဝါ ပေတော ဝါ တိရစ္ဆာနဂတမနုဿဝိဂ္ဂဟော ဝါ တသ္မိံ ပပတတိ, အာပတ္တိ ဒုက္ကဋဿ။ ပပတိတေ ဒုက္ခာ ဝေဒနာ ဥပ္ပဇ္ဇတိ, အာပတ္တိ ဒုက္ကဋဿ။ မရတိ, အာပတ္တိ ထုလ္လစ္စယဿ။ တိရစ္ဆာနဂတော တသ္မိံ ပပတတိ, အာပတ္တိ ဒုက္ကဋဿ။ ပပတိတေ ဒုက္ခာ ဝေဒနာ ဥပ္ပဇ္ဇတိ, အာပတ္တိ ဒုက္ကဋဿ။ မရတိ, အာပတ္တိ ပါစိတ္တိယဿ။</p>
<p class=""bodytext""><a name=""para177""></a><a name=""para177_vin1""></a><span class=""paranum"">၁၇၇</span>။ <span class=""bld"">အပဿေနံ</span> နာမ အပဿေနေ သတ္ထံ ဝါ ဌပေတိ ဝိသေန ဝါ မက္ခေတိ ဒုဗ္ဗလံ ဝါ ကရောတိ သောဗ္ဘေ ဝါ နရကေ ဝါ ပပါတေ ဝါ ဌပေတိ – ‘‘ပပတိတွာ မရိဿတီ’’တိ, အာပတ္တိ ဒုက္ကဋဿ။ သတ္ထေန ဝါ ဝိသေန ဝါ ပပတိတေန ဝါ ဒုက္ခာ ဝေဒနာ ဥပ္ပဇ္ဇတိ, အာပတ္တိ ထုလ္လစ္စယဿ။ မရတိ<a name=""P3.0077""></a>, အာပတ္တိ ပါရာဇိကဿ။</p>
<p class=""bodytext""><span class=""bld"">ဥပနိက္ခိပနံ</span> နာမ အသိံ ဝါ သတ္တိံ ဝါ ဘေဏ္ဍိံ ဝါ လဂုဠံ ဝါ ပါသာဏံ ဝါ သတ္ထံ ဝါ ဝိသံ ဝါ ရဇ္ဇုံ ဝါ ဥပနိက္ခိပတိ – ‘‘ဣမိနာ မရိဿတီ’’တိ, အာပတ္တိ ဒုက္ကဋဿ။ ‘‘တေန မရိဿာမီ’’တိ <a name=""T1.0144""></a> ဒုက္ခံ ဝေဒနံ ဥပ္ပါဒေတိ, အာပတ္တိ ထုလ္လစ္စယဿ။ မရတိ, အာပတ္တိ ပါရာဇိကဿ။</p>
<p class=""bodytext""><span class=""bld"">ဘေသဇ္ဇံ</span> နာမ သပ္ပိံ ဝါ နဝနီတံ ဝါ တေလံ ဝါ မဓုံ ဝါ ဖာဏိတံ ဝါ ဒေတိ – ‘‘ဣမံ သာယိတွာ မရိဿတီ’’တိ, အာပတ္တိ ဒုက္ကဋဿ။ တံ သာယိတေ ဒုက္ခာ ဝေဒနာ ဥပ္ပဇ္ဇတိ, အာပတ္တိ ထုလ္လစ္စယဿ။ မရတိ, အာပတ္တိ ပါရာဇိကဿ။</p>
<p class=""bodytext""><a name=""para178""></a><a name=""para178_vin1""></a><span class=""paranum"">၁၇၈</span>။ <span class=""bld"">ရူပူပဟာရော</span> နာမ အမနာပိကံ ရူပံ ဥပသံဟရတိ ဘယာနကံ ဘေရဝံ – ‘‘ဣမံ ပဿိတွာ ဥတ္တသိတွာ မရိဿတီ’’တိ, အာပတ္တိ ဒုက္ကဋဿ။ တံ ပဿိတွာ ဥတ္တသတိ, အာပတ္တိ ထုလ္လစ္စယဿ။ မရတိ, အာပတ္တိ ပါရာဇိကဿ။ မနာပိကံ ရူပံ ဥပသံဟရတိ <span class=""note"">[ဥပသံဟရတိ ပေမနီယံ ဟဒယင်္ဂမံ (သျာ။)]</span> – ‘‘ဣမံ ပဿိတွာ အလာဘကေန သုဿိတွာ မရိဿတီ’’တိ, အာပတ္တိ ဒုက္ကဋဿ။ တံ ပဿိတွာ အလာဘကေန သုဿတိ, အာပတ္တိ ထုလ္လစ္စယဿ။ မရတိ, အာပတ္တိ ပါရာဇိကဿ။</p>
<p class=""bodytext""><span class=""bld"">သဒ္ဒူပဟာရော</span> နာမ အမနာပိကံ သဒ္ဒံ ဥပသံဟရတိ ဘယာနကံ ဘေရဝံ – ‘‘ဣမံ သုတွာ ဥတ္တသိတွာ မရိဿတီ’’တိ, အာပတ္တိ ဒုက္ကဋဿ။ တံ သုတွာ</p>
",-177-178-
98,mula_vi_01,98,"<p class=""noindentbodytext""> ဥတ္တသတိ<a name=""M0.0098""></a>, အာပတ္တိ ထုလ္လစ္စယဿ။ မရတိ, အာပတ္တိ ပါရာဇိကဿ။ မနာပိကံ သဒ္ဒံ ဥပသံဟရတိ ပေမနီယံ ဟဒယင်္ဂမံ – ‘‘ဣမံ သုတွာ အလာဘကေန <a name=""V0.0092""></a> သုဿိတွာ မရိဿတီ’’တိ, အာပတ္တိ ဒုက္ကဋဿ။ တံ သုတွာ အလာဘကေန သုဿတိ, အာပတ္တိ ထုလ္လစ္စယဿ။ မရတိ<a name=""T1.0145""></a>, အာပတ္တိ ပါရာဇိကဿ။</p>
<p class=""bodytext""><span class=""bld"">ဂန္ဓူပဟာရော</span> နာမ အမနာပိကံ ဂန္ဓံ ဥပသံဟရတိ ဇေဂုစ္ဆံ ပါဋိကုလျံ <span class=""note"">[ပဋိကူလံ (?)]</span> – ‘‘ဣမံ ဃာယိတွာ ဇေဂုစ္ဆတာ ပါဋိကုလျတာ မရိဿတီ’’တိ, အာပတ္တိ ဒုက္ကဋဿ။ တံ ဃာယိတေ ဇေဂုစ္ဆတာ ပါဋိကုလျတာ ဒုက္ခာ ဝေဒနာ ဥပ္ပဇ္ဇတိ, အာပတ္တိ ထုလ္လစ္စယဿ။ မရတိ, အာပတ္တိ ပါရာဇိကဿ။ မနာပိကံ ဂန္ဓံ ဥပသံဟရတိ – ‘‘ဣမံ ဃာယိတွာ အလာဘကေန သုဿိတွာ မရိဿတီ’’တိ, အာပတ္တိ ဒုက္ကဋဿ။ တံ ဃာယိတွာ အလာဘကေန သုဿတိ, အာပတ္တိ ထုလ္လစ္စယဿ။ မရတိ, အာပတ္တိ ပါရာဇိကဿ။</p>
<p class=""bodytext""><span class=""bld"">ရသူပဟာရော</span> နာမ အမနာပိကံ ရသံ ဥပသံဟရတိ ဇေဂုစ္ဆံ ပါဋိကုလျံ <span class=""note"">[ပဋိကူလံ (?)]</span> – ‘‘ဣမံ သာယိတွာ ဇေဂုစ္ဆတာ ပါဋိကုလျတာ မရိဿတီ’’တိ, အာပတ္တိ ဒုက္ကဋဿ။ တံ သာယိတေ ဇေဂုစ္ဆတာ ပါဋိကုလျတာ ဒုက္ခာ ဝေဒနာ ဥပ္ပဇ္ဇတိ, အာပတ္တိ ထုလ္လစ္စယဿ။ မရတိ, အာပတ္တိ ပါရာဇိကဿ။ မနာပိကံ ရသံ ဥပသံဟရတိ – ‘‘ဣမံ သာယိတွာ အလာဘကေန သုဿိတွာ မရိဿတီ’’တိ, အာပတ္တိ ဒုက္ကဋဿ။ တံ သာယိတွာ အလာဘကေန သုဿတိ, အာပတ္တိ ထုလ္လစ္စယဿ။ မရတိ, အာပတ္တိ ပါရာဇိကဿ။</p>
<p class=""bodytext""><span class=""bld"">ဖောဋ္ဌဗ္ဗူပဟာရော</span> နာမ အမနာပိကံ <a name=""P3.0078""></a> ဖောဋ္ဌဗ္ဗံ ဥပသံဟရတိ ဒုက္ခသမ္ဖဿံ ခရသမ္ဖဿံ – ‘‘ဣမိနာ ဖုဋ္ဌော မရိဿတီ’’တိ, အာပတ္တိ ဒုက္ကဋဿ။ တေန ဖုဋ္ဌဿ ဒုက္ခာ ဝေဒနာ ဥပ္ပဇ္ဇတိ, အာပတ္တိ ထုလ္လစ္စယဿ။ မရတိ, အာပတ္တိ ပါရာဇိကဿ။ မနာပိကံ ဖောဋ္ဌဗ္ဗံ ဥပသံဟရတိ သုခသမ္ဖဿံ မုဒုသမ္ဖဿံ – ‘‘ဣမိနာ ဖုဋ္ဌော အလာဘကေန သုဿိတွာ မရိဿတီ’’တိ, အာပတ္တိ ဒုက္ကဋဿ။ တေန ဖုဋ္ဌော <a name=""T1.0146""></a> အလာဘကေန သုဿတိ, အာပတ္တိ ထုလ္လစ္စယဿ။ မရတိ, အာပတ္တိ ပါရာဇိကဿ။</p>
<p class=""bodytext""><span class=""bld"">ဓမ္မူပဟာရော</span> နာမ နေရယိကဿ နိရယကထံ ကထေတိ – ‘‘ဣမံ သုတွာ ဥတ္တသိတွာ မရိဿတီ’’တိ, အာပတ္တိ ဒုက္ကဋဿ။ တံ သုတွာ ဥတ္တသတိ, အာပတ္တိ ထုလ္လစ္စယဿ။ မရတိ, အာပတ္တိ ပါရာဇိကဿ။ ကလျာဏကမ္မဿ သဂ္ဂကထံ ကထေတိ – ‘‘ဣမံ သုတွာ အဓိမုတ္တော မရိဿတီ’’တိ, အာပတ္တိ ဒုက္ကဋဿ။ တံ</p>
",
99,mula_vi_01,99,"<p class=""noindentbodytext""> သုတွာ<a name=""M0.0099""></a> အဓိမုတ္တော မရိဿာမီတိ ဒုက္ခံ ဝေဒနံ ဥပ္ပါဒေတိ, အာပတ္တိ ထုလ္လစ္စယဿ။ မရတိ, အာပတ္တိ ပါရာဇိကဿ။</p>
<p class=""bodytext""><a name=""para179""></a><a name=""para179_vin1""></a><span class=""paranum"">၁၇၉</span>။ <span class=""bld"">အာစိက္ခနာ</span> <a name=""V0.0093""></a> နာမ ပုဋ္ဌော ဘဏတိ – ‘‘ဧဝံ မရဿု။ ယော ဧဝံ မရတိ သော ဓနံ ဝါ လဘတိ ယသံ ဝါ လဘတိ သဂ္ဂံ ဝါ ဂစ္ဆတီ’’တိ, အာပတ္တိ ဒုက္ကဋဿ။ တာယ အာစိက္ခနာယ မရိဿာမီတိ ဒုက္ခံ ဝေဒနံ ဥပ္ပါဒေတိ, အာပတ္တိ ထုလ္လစ္စယဿ။ မရတိ, အာပတ္တိ ပါရာဇိကဿ။</p>
<p class=""bodytext""><span class=""bld"">အနုသာသနီ</span> နာမ အပုဋ္ဌော ဘဏတိ – ‘‘ဧဝံ မရဿု။ ယော ဧဝံ မရတိ သော ဓနံ ဝါ လဘတိ ယသံ ဝါ လဘတိ သဂ္ဂံ ဝါ ဂစ္ဆတီ’’တိ, အာပတ္တိ ဒုက္ကဋဿ။ တာယ အနုသာသနိယာ မရိဿာမီတိ ဒုက္ခံ ဝေဒနံ ဥပ္ပါဒေတိ, အာပတ္တိ ထုလ္လစ္စယဿ။ မရတိ, အာပတ္တိ ပါရာဇိကဿ။</p>
<p class=""bodytext""><span class=""bld"">သင်္ကေတကမ္မံ</span> နာမ သင်္ကေတံ ကရောတိ ပုရေဘတ္တံ ဝါ ပစ္ဆာဘတ္တံ ဝါ ရတ္တိံ ဝါ ဒိဝါ ဝါ – ‘‘တေန သင်္ကေတေန တံ ဇီဝိတာ ဝေါရောပေဟီ’’တိ, အာပတ္တိ ဒုက္ကဋဿ။ တေန သင်္ကေတေန တံ ဇီဝိတာ ဝေါရောပေတိ, အာပတ္တိ ဥဘိန္နံ ပါရာဇိကဿ။ တံ သင်္ကေတံ ပုရေ ဝါ ပစ္ဆာ <a name=""T1.0147""></a> ဝါ တံ ဇီဝိတာ ဝေါရောပေတိ, မူလဋ္ဌဿ အနာပတ္တိ, ဝဓကဿ အာပတ္တိ ပါရာဇိကဿ။</p>
<p class=""bodytext""><span class=""bld"">နိမိတ္တကမ္မံ</span> နာမ နိမိတ္တံ ကရောတိ – ‘‘အက္ခိံ ဝါ နိခဏိဿာမိ ဘမုကံ ဝါ ဥက္ခိပိဿာမိ သီသံ ဝါ ဥက္ခိပိဿာမိ, တေန နိမိတ္တေန တံ ဇီဝိတာ ဝေါရောပေဟီ’’တိ, အာပတ္တိ ဒုက္ကဋဿ။ တေန နိမိတ္တေန တံ ဇီဝိတာ ဝေါရောပေတိ, အာပတ္တိ ဥဘိန္နံ ပါရာဇိကဿ။ တံ နိမိတ္တံ ပုရေ ဝါ ပစ္ဆာ ဝါ တံ ဇီဝိတာ ဝေါရောပေတိ, မူလဋ္ဌဿ အနာပတ္တိ, ဝဓကဿ အာပတ္တိ ပါရာဇိကဿ။</p>
<p class=""bodytext"">အနာပတ္တိ အသဉ္စိစ္စ အဇာနန္တဿ နမရဏာဓိပ္ပါယဿ ဥမ္မတ္တကဿ <span class=""note"">[ဥမ္မတ္တကဿ ခိတ္တစိတ္တဿ ဝေဒနာဋ္ဋဿ (သျာ။)]</span> အာဒိကမ္မိကဿာတိ။</p>
<p class=""centered"">မနုဿဝိဂ္ဂဟပါရာဇိကမှိ ပဌမဘာဏဝါရော နိဋ္ဌိတော။</p>
",-179-
100,mula_vi_01,100,"<p class=""subhead"">ဝိနီတဝတ္ထုဥဒ္ဒါနဂါထာ</p>
<p class=""gatha1"">သံဝဏ္ဏနာ <a name=""P3.0079""></a><a name=""M0.0100""></a> နိသီဒန္တော, မုသလောဒုက္ခလေန စ၊</p>
<p class=""gathalast"">ဝုဍ္ဎပဗ္ဗဇိတာဘိသန္နော, အဂ္ဂဝီမံသနာဝိသံ။</p>
<p class=""gatha1"">တယော <a name=""V0.0094""></a> စ ဝတ္ထုကမ္မေဟိ, ဣဋ္ဌကာဟိပရေ တယော၊</p>
<p class=""gathalast"">ဝါသီ ဂေါပါနသီ စေဝ, အဋ္ဋကောတရဏံ ပတိ။</p>
<p class=""gatha1"">သေဒံ နတ္ထုဉ္စ သမ္ဗာဟော, နှာပနဗ္ဘဉ္ဇနေန စ၊</p>
<p class=""gathalast"">ဥဋ္ဌာပေန္တော နိပါတေန္တော, အန္နပါနေန မာရဏံ။</p>
<p class=""gatha1"">ဇာရဂဗ္ဘော သပတ္တီ စ, မာတာ ပုတ္တံ ဥဘော ဝဓိ၊</p>
<p class=""gathalast"">ဥဘော <a name=""T1.0148""></a> န မိယျရေ မဒ္ဒါ, တာပံ ဝဉ္ဈာ ဝိဇာယိနီ။</p>
<p class=""gatha1"">ပတောဒံ နိဂ္ဂဟေ ယက္ခော, ဝါဠယက္ခဉ္စ ပါဟိဏိ၊</p>
<p class=""gathalast"">တံ မညမာနော ပဟရိ, သဂ္ဂဉ္စ နိရယံ ဘဏေ။</p>
<p class=""gatha1"">အာဠဝိယာ တယော ရုက္ခာ, ဒါယေဟိ အပရေ တယော၊</p>
<p class=""gathalast"">မာ ကိလမေသိ န တုယှံ, တက္ကံ သောဝီရကေန စာတိ။</p>
<p class=""subhead"">ဝိနီတဝတ္ထု</p>
<p class=""bodytext""><a name=""para180""></a><a name=""para180_vin1""></a><span class=""paranum"">၁၈၀</span>။ တေန ခေါ ပန သမယေန အညတရော ဘိက္ခု ဂိလာနော ဟောတိ။ တဿ ဘိက္ခူ ကာရုညေန မရဏဝဏ္ဏံ သံဝဏ္ဏေသုံ။ သော ဘိက္ခု ကာလမကာသိ။ တေသံ ကုက္ကုစ္စံ အဟောသိ ‘‘ဘဂဝတာ သိက္ခာပဒံ ပညတ္တံ, ကစ္စိ နု ခေါ မယံ ပါရာဇိကံ အာပတ္တိံ အာပန္နာ’’တိ? ဘဂဝတော ဧတမတ္ထံ အာရောစေသုံ။ ‘‘အာပတ္တိံ တုမှေ, ဘိက္ခဝေ, အာပန္နာ ပါရာဇိက’’န္တိ။</p>
<p class=""bodytext"">တေန ခေါ ပန သမယေန အညတရော ပိဏ္ဍစာရိကော ဘိက္ခု ပီဌကေ ပိလောတိကာယ ပဋိစ္ဆန္နံ ဒါရကံ နိသီဒန္တော ဩတ္ထရိတွာ မာရေသိ။ တဿ ကုက္ကုစ္စံ အဟောသိ ‘‘ဘဂဝတာ သိက္ခာပဒံ ပညတ္တံ, ကစ္စိ နု ခေါ အဟံ ပါရာဇိကံ အာပတ္တိံ အာပန္နော’’တိ? ဘဂဝတော ဧတမတ္ထံ အာရောစေသိ။ ‘‘အနာပတ္တိ, ဘိက္ခု, ပါရာဇိကဿ။ န စ, ဘိက္ခဝေ, အပ္ပဋိဝေက္ခိတွာ အာသနေ နိသီဒိတဗ္ဗံ၊ ယော နိသီဒေယျ, အာပတ္တိ ဒုက္ကဋဿာ’’တိ။</p>
<p class=""bodytext"">တေန ခေါ ပန သမယေန အညတရော ဘိက္ခု ဘတ္တဂ္ဂေ အန္တရဃရေ အာသနံ ပညပေန္တော မုသလေ ဥဿိတေ <a name=""V0.0095""></a> ဧကံ မုသလံ အဂ္ဂဟေသိ။ ဒုတိယော မုသလော ပရိပတိတွာ အညတရဿ ဒါရကဿ မတ္ထကေ အဝတ္ထာသိ။</p>
",-180-
101,mula_vi_01,101,"<p class=""noindentbodytext""> သော <a name=""T1.0149""></a><a name=""M0.0101""></a> ကာလမကာသိ။ တဿ ကုက္ကုစ္စံ အဟောသိ…ပေ… ‘‘ကိံစိတ္တော တွံ, ဘိက္ခူ’’တိ? ‘‘အသဉ္စိစ္စ အဟံ, ဘဂဝါ’’တိ။ ‘‘အနာပတ္တိ, ဘိက္ခု, အသဉ္စိစ္စာ’’တိ။</p>
<p class=""bodytext"">တေန ခေါ ပန သမယေန အညတရော ဘိက္ခု ဘတ္တဂ္ဂေ အန္တရဃရေ အာသနံ ပညပေန္တော ဥဒုက္ခလဘဏ္ဍိကံ အက္ကမိတွာ ပဝဋ္ဋေသိ။ အညတရံ ဒါရကံ ဩတ္ထရိတွာ မာရေသိ။ တဿ ကုက္ကုစ္စံ အဟောသိ…ပေ… ‘‘အနာပတ္တိ, ဘိက္ခု, အသဉ္စိစ္စာ’’တိ။</p>
<p class=""bodytext"">တေန ခေါ ပန သမယေန ပိတာပုတ္တာ ဘိက္ခူသု ပဗ္ဗဇိတာ ဟောန္တိ။ ကာလေ အာရောစိတေ ပုတ္တော ပိတရံ ဧတဒဝေါစ – ‘‘ဂစ္ဆ, ဘန္တေ, သံဃော တံ ပတိမာနေတီ’’တိ ပိဋ္ဌိယံ ဂဟေတွာ ပဏာမေသိ။ သော ပပတိတွာ ကာလမကာသိ။ တဿ ကုက္ကုစ္စံ အဟောသိ…ပေ… ‘‘ကိံစိတ္တော <a name=""P3.0080""></a> တွံ, ဘိက္ခူ’’တိ? ‘‘နာဟံ, ဘဂဝါ, မရဏာဓိပ္ပါယော’’တိ။ ‘‘အနာပတ္တိ, ဘိက္ခု, နမရဏာဓိပ္ပါယဿာ’’တိ။</p>
<p class=""bodytext"">တေန ခေါ ပန သမယေန ပိတာပုတ္တာ ဘိက္ခူသု ပဗ္ဗဇိတာ ဟောန္တိ။ ကာလေ အာရောစိတေ ပုတ္တော ပိတရံ ဧတဒဝေါစ – ‘‘ဂစ္ဆ, ဘန္တေ, သံဃော တံ ပတိမာနေတီ’’တိ မရဏာဓိပ္ပါယော ပိဋ္ဌိယံ ဂဟေတွာ ပဏာမေသိ။ သော ပပတိတွာ ကာလမကာသိ။ တဿ ကုက္ကုစ္စံ အဟောသိ…ပေ… ‘‘အာပတ္တိံ တွံ, ဘိက္ခု, အာပန္နော ပါရာဇိက’’န္တိ။</p>
<p class=""bodytext"">တေန ခေါ ပန သမယေန ပိတာပုတ္တာ ဘိက္ခူသု ပဗ္ဗဇိတာ ဟောန္တိ။ ကာလေ အာရောစိတေ ပုတ္တော ပိတရံ ဧတဒဝေါစ – ‘‘ဂစ္ဆ, ဘန္တေ, သံဃော တံ ပတိမာနေတီ’’တိ မရဏာဓိပ္ပါယော ပိဋ္ဌိယံ ဂဟေတွာ ပဏာမေသိ။ သော ပပတိတွာ န ကာလမကာသိ။ တဿ ကုက္ကုစ္စံ အဟောသိ…ပေ… ‘‘အနာပတ္တိ, ဘိက္ခု, ပါရာဇိကဿ<a name=""T1.0150""></a>၊ အာပတ္တိ ထုလ္လစ္စယဿာ’’တိ။</p>
<p class=""bodytext""><a name=""para181""></a><a name=""para181_vin1""></a><span class=""paranum"">၁၈၁</span>။ တေန ခေါ ပန သမယေန အညတရဿ ဘိက္ခုနော ဘုဉ္ဇန္တဿ မံသံ ကဏ္ဌေ ဝိလဂ္ဂံ ဟောတိ။ အညတရော ဘိက္ခု တဿ ဘိက္ခုနော ဂီဝါယံ ပဟာရံ အဒါသိ။ သလောဟိတံ မံသံ ပတိ။ သော ဘိက္ခု ကာလမကာသိ။ တဿ ကုက္ကုစ္စံ အဟောသိ…ပေ… ‘‘အနာပတ္တိ, ဘိက္ခု, နမရဏာဓိပ္ပါယဿာ’’တိ။</p>
<p class=""bodytext"">တေန ခေါ ပန သမယေန အညတရဿ ဘိက္ခုနော ဘုဉ္ဇန္တဿ မံသံ ကဏ္ဌေ ဝိလဂ္ဂံ ဟောတိ။ အညတရော <a name=""V0.0096""></a> ဘိက္ခု မရဏာဓိပ္ပါယော တဿ ဘိက္ခုနော ဂီဝါယံ ပဟာရံ အဒါသိ။ သလောဟိတံ မံသံ ပတိ။ သော ဘိက္ခု</p>
",-181-
102,mula_vi_01,102,"<p class=""noindentbodytext""> ကာလမကာသိ<a name=""M0.0102""></a>။ တဿ ကုက္ကုစ္စံ အဟောသိ…ပေ… ‘‘အာပတ္တိံ တွံ, ဘိက္ခု, အာပန္နော ပါရာဇိက’’န္တိ။</p>
<p class=""bodytext"">တေန ခေါ ပန သမယေန အညတရဿ ဘိက္ခုနော ဘုဉ္ဇန္တဿ မံသံ ကဏ္ဌေ ဝိလဂ္ဂံ ဟောတိ။ အညတရော ဘိက္ခု မရဏာဓိပ္ပါယော တဿ ဘိက္ခုနော ဂီဝါယံ ပဟာရံ အဒါသိ။ သလောဟိတံ မံသံ ပတိ။ သော ဘိက္ခု န ကာလမကာသိ။ တဿ ကုက္ကုစ္စံ အဟောသိ…ပေ… ‘‘အနာပတ္တိ, ဘိက္ခု, ပါရာဇိကဿ၊ အာပတ္တိ ထုလ္လစ္စယဿာ’’တိ။</p>
<p class=""bodytext"">တေန ခေါ ပန သမယေန အညတရော ပိဏ္ဍစာရိကော ဘိက္ခု ဝိသဂတံ ပိဏ္ဍပါတံ လဘိတွာ ပဋိက္ကမနံ ဟရိတွာ ဘိက္ခူနံ အဂ္ဂကာရိကံ အဒါသိ။ တေ ဘိက္ခူ ကာလမကံသု။ တဿ ကုက္ကုစ္စံ အဟောသိ…ပေ… ‘‘ကိံစိတ္တော တွံ, ဘိက္ခူ’’တိ? ‘‘နာဟံ, ဘဂဝါ, ဇာနာမီ’’တိ။ ‘‘အနာပတ္တိ, ဘိက္ခု, အဇာနန္တဿာ’’တိ။</p>
<p class=""bodytext"">တေန ခေါ ပန သမယေန အညတရော ဘိက္ခု ဝီမံသာဓိပ္ပါယော <a name=""T1.0151""></a> အညတရဿ ဘိက္ခုနော ဝိသံ အဒါသိ။ သော ဘိက္ခု ကာလမကာသိ။ တဿ ကုက္ကုစ္စံ အဟောသိ…ပေ… ‘‘ကိံစိတ္တော တွံ, ဘိက္ခူ’’တိ? ‘‘ဝီမံသာဓိပ္ပါယော အဟံ, ဘဂဝါ’’တိ။ ‘‘အနာပတ္တိ, ဘိက္ခု, ပါရာဇိကဿ၊ အာပတ္တိ ထုလ္လစ္စယဿာ’’တိ။</p>
<p class=""bodytext""><a name=""para182""></a><a name=""para182_vin1""></a><span class=""paranum"">၁၈၂</span>။ တေန ခေါ ပန သမယေန အာဠဝကာ <span class=""note"">[အာဠဝိကာ (သျာ။)]</span> ဘိက္ခူ ဝိဟာရဝတ္ထုံ ကရောန္တိ<a name=""P3.0081""></a>။ အညတရော ဘိက္ခု ဟေဋ္ဌာ ဟုတွာ သိလံ ဥစ္စာရေသိ။ ဥပရိမေန ဘိက္ခုနာ ဒုဂ္ဂဟိတာ သိလာ ဟေဋ္ဌိမဿ ဘိက္ခုနော မတ္ထကေ အဝတ္ထာသိ။ သော ဘိက္ခု ကာလမကာသိ။ တဿ ကုက္ကုစ္စံ အဟောသိ…ပေ… ‘‘အနာပတ္တိ, ဘိက္ခု, အသဉ္စိစ္စာ’’တိ။</p>
<p class=""bodytext"">တေန ခေါ ပန သမယေန အာဠဝကာ ဘိက္ခူ ဝိဟာရဝတ္ထုံ ကရောန္တိ။ အညတရော ဘိက္ခု ဟေဋ္ဌာ ဟုတွာ သိလံ ဥစ္စာရေသိ။ ဥပရိမော ဘိက္ခု မရဏာဓိပ္ပါယော ဟေဋ္ဌိမဿ ဘိက္ခုနော မတ္ထကေ သိလံ မုဉ္စိ။ သော ဘိက္ခု ကာလမကာသိ…ပေ… သော ဘိက္ခု န ကာလမကာသိ။ တဿ ကုက္ကုစ္စံ အဟောသိ…ပေ… ‘‘အနာပတ္တိ, ဘိက္ခု, ပါရာဇိကဿ၊ အာပတ္တိ ထုလ္လစ္စယဿာ’’တိ။</p>
",-182-
103,mula_vi_01,103,"<p class=""bodytext"">တေန <a name=""M0.0103""></a><a name=""V0.0097""></a> ခေါ ပန သမယေန အာဠဝကာ ဘိက္ခူ ဝိဟာရဿ ကုဋ္ဋံ ဥဋ္ဌာပေန္တိ။ အညတရော ဘိက္ခု ဟေဋ္ဌာ ဟုတွာ ဣဋ္ဌကံ ဥစ္စာရေသိ။ ဥပရိမေန ဘိက္ခုနာ ဒုဂ္ဂဟိတာ ဣဋ္ဌကာ ဟေဋ္ဌိမဿ ဘိက္ခုနော မတ္ထကေ အဝတ္ထာသိ။ သော ဘိက္ခု ကာလမကာသိ။ တဿ ကုက္ကုစ္စံ အဟောသိ…ပေ… ‘‘အနာပတိ, ဘိက္ခု, အသဉ္စိစ္စာ’’တိ။</p>
<p class=""bodytext"">တေန ခေါ ပန သမယေန အာဠဝကာ ဘိက္ခူ ဝိဟာရဿ ကုဋ္ဋံ ဥဋ္ဌာပေန္တိ။ အညတရော ဘိက္ခု <a name=""T1.0152""></a> ဟေဋ္ဌာ ဟုတွာ ဣဋ္ဌကံ ဥစ္စာရေသိ။ ဥပရိမော ဘိက္ခု မရဏာဓိပ္ပါယော ဟေဋ္ဌိမဿ ဘိက္ခုနော မတ္ထကေ ဣဋ္ဌကံ မုဉ္စိ။ သော ဘိက္ခု ကာလမကာသိ…ပေ… သော ဘိက္ခု န ကာလမကာသိ။ တဿ ကုက္ကုစ္စံ အဟောသိ…ပေ… ‘‘အနာပတ္တိ, ဘိက္ခု, ပါရာဇိကဿ၊ အာပတ္တိ ထုလ္လစ္စယဿာ’’တိ။</p>
<p class=""bodytext""><a name=""para183""></a><a name=""para183_vin1""></a><span class=""paranum"">၁၈၃</span>။ တေန ခေါ ပန သမယေန အာဠဝကာ ဘိက္ခူ နဝကမ္မံ ကရောန္တိ။ အညတရော ဘိက္ခု ဟေဋ္ဌာ ဟုတွာ ဝါသိံ ဥစ္စာရေသိ။ ဥပရိမေန ဘိက္ခုနာ ဒုဂ္ဂဟိတာ ဝါသီ ဟေဋ္ဌိမဿ ဘိက္ခုနော မတ္ထကေ အဝတ္ထာသိ။ သော ဘိက္ခု ကာလမကာသိ။ တဿ ကုက္ကုစ္စံ အဟောသိ…ပေ… ‘‘အနာပတ္တိ, ဘိက္ခု, အသဉ္စိစ္စာ’’တိ။</p>
<p class=""bodytext"">တေန ခေါ ပန သမယေန အာဠဝကာ ဘိက္ခူ နဝကမ္မံ ကရောန္တိ။ အညတရော ဘိက္ခု ဟေဋ္ဌာ ဟုတွာ ဝါသိံ ဥစ္စာရေသိ။ ဥပရိမော ဘိက္ခု မရဏာဓိပ္ပါယော ဟေဋ္ဌိမဿ ဘိက္ခုနော မတ္ထကေ ဝါသိံ မုဉ္စိ။ သော ဘိက္ခု ကာလမကာသိ…ပေ… သော ဘိက္ခု န ကာလမကာသိ။ တဿ ကုက္ကုစ္စံ အဟောသိ…ပေ… ‘‘အနာပတ္တိ, ဘိက္ခု, ပါရာဇိကဿ၊ အာပတ္တိ ထုလ္လစ္စယဿာ’’တိ။</p>
<p class=""bodytext"">တေန ခေါ ပန သမယေန အာဠဝကာ ဘိက္ခူ နဝကမ္မံ ကရောန္တိ။ အညတရော ဘိက္ခု ဟေဋ္ဌာ ဟုတွာ ဂေါပါနသိံ ဥစ္စာရေသိ။ ဥပရိမေန ဘိက္ခုနာ ဒုဂ္ဂဟိတာ ဂေါပါနသီ ဟေဋ္ဌိမဿ ဘိက္ခုနော မတ္ထကေ အဝတ္ထာသိ။ သော ဘိက္ခု ကာလမကာသိ။ တဿ ကုက္ကုစ္စံ အဟောသိ…ပေ… ‘‘အနာပတ္တိ, ဘိက္ခု, အသဉ္စိစ္စာ’’တိ။</p>
<p class=""bodytext"">တေန ခေါ ပန သမယေန အာဠဝကာ ဘိက္ခူ နဝကမ္မံ ကရောန္တိ။ အညတရော ဘိက္ခု ဟေဋ္ဌာ <a name=""T1.0153""></a> ဟုတွာ ဂေါပါနသိံ ဥစ္စာရေသိ။ ဥပရိမော ဘိက္ခု မရဏာဓိပ္ပါယော ဟေဋ္ဌိမဿ ဘိက္ခုနော မတ္ထကေ ဂေါပါနသိံ မုဉ္စိ။</p>
",-183-
104,mula_vi_01,104,"<p class=""noindentbodytext""> သော<a name=""M0.0104""></a> ဘိက္ခု ကာလမကာသိ…ပေ… သော ဘိက္ခု န ကာလမကာသိ။ တဿ ကုက္ကုစ္စံ အဟောသိ…ပေ… ‘‘အနာပတ္တိ, ဘိက္ခု, ပါရာဇိကဿ၊ အာပတ္တိ ထုလ္လစ္စယဿာ’’တိ။</p>
<p class=""bodytext"">တေန <a name=""V0.0098""></a> ခေါ ပန သမယေန အာဠဝကာ ဘိက္ခူ နဝကမ္မံ ကရောန္တာ အဋ္ဋကံ ဗန္ဓန္တိ။ အညတရော ဘိက္ခု အညတရံ ဘိက္ခုံ ဧတဒဝေါစ – ‘‘အာဝုသော, အတြဋ္ဌိတော ဗန္ဓာဟီ’’တိ။ သော တတြဋ္ဌိတော ဗန္ဓန္တော ပရိပတိတွာ ကာလမကာသိ<a name=""P3.0082""></a>။ တဿ ကုက္ကုစ္စံ အဟောသိ…ပေ… ‘‘ကိံစိတ္တော တွံ, ဘိက္ခူ’’တိ? ‘‘နာဟံ, ဘဂဝါ, မရဏာဓိပ္ပါယော’’တိ။ ‘‘အနာပတ္တိ, ဘိက္ခု, နမရဏာဓိပ္ပါယဿာ’’တိ။</p>
<p class=""bodytext"">တေန ခေါ ပန သမယေန အာဠဝကာ ဘိက္ခူ နဝကမ္မံ ကရောန္တာ အဋ္ဋကံ ဗန္ဓန္တိ။ အညတရော ဘိက္ခု မရဏာဓိပ္ပါယော အညတရံ ဘိက္ခုံ ဧတဒဝေါစ – ‘‘အာဝုသော, အတြဋ္ဌိတော ဗန္ဓာဟီ’’တိ။ သော တတြဋ္ဌိတော ဗန္ဓန္တော ပရိပတိတွာ ကာလမကာသိ…ပေ… ပရိပတိတွာ န ကာလမကာသိ။ တဿ ကုက္ကုစ္စံ အဟောသိ…ပေ… ‘‘အနာပတ္တိ, ဘိက္ခု, ပါရာဇိကဿ၊ အာပတ္တိ ထုလ္လစ္စယဿာ’’တိ။</p>
<p class=""bodytext"">တေန ခေါ ပန သမယေန အညတရော ဘိက္ခု ဝိဟာရံ ဆာဒေတွာ ဩတရတိ။ အညတရော ဘိက္ခု တံ ဘိက္ခုံ ဧတဒဝေါစ – ‘‘အာဝုသော, ဣတော ဩတရာဟီ’’တိ။ သော တေန ဩတရန္တော ပရိပတိတွာ ကာလမကာသိ။ တဿ ကုက္ကုစ္စံ အဟောသိ…ပေ… ‘‘အနာပတ္တိ, ဘိက္ခု, နမရဏာဓိပ္ပါယဿာ’’တိ။</p>
<p class=""bodytext"">တေန ခေါ ပန သမယေန အညတရော ဘိက္ခု ဝိဟာရံ ဆာဒေတွာ ဩတရတိ<a name=""T1.0154""></a>။ အညတရော ဘိက္ခု မရဏာဓိပ္ပါယော တံ ဘိက္ခုံ ဧတဒဝေါစ – ‘‘အာဝုသော, ဣတော ဩတရာဟီ’’တိ။ သော တေန ဩတရန္တော ပရိပတိတွာ ကာလမကာသိ…ပေ… ပရိပတိတွာ န ကာလမကာသိ။ တဿ ကုက္ကုစ္စံ အဟောသိ…ပေ… ‘‘အနာပတ္တိ, ဘိက္ခု, ပါရာဇိကဿ၊ အာပတ္တိ ထုလ္လစ္စယဿာ’’တိ။</p>
<p class=""bodytext"">တေန ခေါ ပန သမယေန အညတရော ဘိက္ခု အနဘိရတိယာ ပီဠိတော ဂိဇ္ဈကူဋံ ပဗ္ဗတံ အဘိရုဟိတွာ ပပါတေ ပပတန္တော အညတရံ ဝိလီဝကာရံ ဩတ္ထရိတွာ မာရေသိ။ တဿ ကုက္ကုစ္စံ အဟောသိ…ပေ… ‘‘အနာပတ္တိ, ဘိက္ခု, ပါရာဇိကဿ။ န စ, ဘိက္ခဝေ, အတ္တာနံ ပါတေတဗ္ဗံ။ ယော ပါတေယျ, အာပတ္တိ ဒုက္ကဋဿာ’’တိ။</p>
",
105,mula_vi_01,105,"<p class=""bodytext"">တေန <a name=""M0.0105""></a> ခေါ ပန သမယေန ဆဗ္ဗဂ္ဂိယာ ဘိက္ခူ ဂိဇ္ဈကူဋံ ပဗ္ဗတံ အဘိရုဟိတွာ ဒဝါယ သိလံ ပဝိဇ္ဈိံသု။ သာ အညတရံ ဂေါပါလကံ ဩတ္ထရိတွာ မာရေသိ။ တေသံ ကုက္ကုစ္စံ အဟောသိ <a name=""V0.0099""></a> …ပေ… ‘‘အနာပတ္တိ, ဘိက္ခဝေ, ပါရာဇိကဿ။ န စ, ဘိက္ခဝေ, ဒဝါယ သိလာ ပဝိဇ္ဈိတဗ္ဗာ။ ယော ပဝိဇ္ဈေယျ, အာပတ္တိ ဒုက္ကဋဿာ’’တိ။</p>
<p class=""bodytext""><a name=""para184""></a><a name=""para184_vin1""></a><span class=""paranum"">၁၈၄</span>။ တေန ခေါ ပန သမယေန အညတရော ဘိက္ခု ဂိလာနော ဟောတိ။ တံ ဘိက္ခူ သေဒေသုံ။ သော ဘိက္ခု ကာလမကာသိ။ တေသံ ကုက္ကုစ္စံ အဟောသိ…ပေ… ‘‘အနာပတ္တိ, ဘိက္ခဝေ, နမရဏာဓိပ္ပါယဿာ’’တိ။</p>
<p class=""bodytext"">တေန ခေါ ပန သမယေန အညတရော ဘိက္ခု ဂိလာနော ဟောတိ<a name=""T1.0155""></a>။ တံ ဘိက္ခူ မရဏာဓိပ္ပါယာ သေဒေသုံ။ သော ဘိက္ခု ကာလမကာသိ။…ပေ… သော ဘိက္ခု န ကာလမကာသိ။ တေသံ ကုက္ကုစ္စံ အဟောသိ…ပေ… ‘‘အနာပတ္တိ, ဘိက္ခဝေ, ပါရာဇိကဿ၊ အာပတ္တိ ထုလ္လစ္စယဿာ’’တိ။</p>
<p class=""bodytext"">တေန ခေါ ပန သမယေန <a name=""P3.0083""></a> အညတရဿ ဘိက္ခုနော သီသာဘိတာပေါ ဟောတိ။ တဿ ဘိက္ခူ နတ္ထုံ အဒံသု။ သော ဘိက္ခု ကာလမကာသိ။ တေသံ ကုက္ကုစ္စံ အဟောသိ…ပေ… ‘‘အနာပတ္တိ, ဘိက္ခဝေ, နမရဏာဓိပ္ပါယဿာ’’တိ။</p>
<p class=""bodytext"">တေန ခေါ ပန သမယေန အညတရဿ ဘိက္ခုနော သီသာဘိတာပေါ ဟောတိ။ တဿ ဘိက္ခူ မရဏာဓိပ္ပါယာ နတ္ထုံ အဒံသု။ သော ဘိက္ခု ကာလမကာသိ…ပေ… သော ဘိက္ခု န ကာလမကာသိ။ တေသံ ကုက္ကုစ္စံ အဟောသိ…ပေ… ‘‘အနာပတ္တိ, ဘိက္ခဝေ, ပါရာဇိကဿ၊ အာပတ္တိ ထုလ္လစ္စယဿာ’’တိ။</p>
<p class=""bodytext"">တေန ခေါ ပန သမယေန အညတရော ဘိက္ခု ဂိလာနော ဟောတိ။ တံ ဘိက္ခူ သမ္ဗာဟေသုံ။ သော ဘိက္ခု ကာလမကာသိ။ တေသံ ကုက္ကုစ္စံ အဟောသိ…ပေ… ‘‘အနာပတ္တိ, ဘိက္ခဝေ, နမရဏာဓိပ္ပါယဿာ’’တိ။</p>
<p class=""bodytext"">တေန ခေါ ပန သမယေန အညတရော ဘိက္ခု ဂိလာနော ဟောတိ။ တံ ဘိက္ခူ မရဏာဓိပ္ပါယာ သမ္ဗာဟေသုံ။ သော ဘိက္ခု ကာလမကာသိ…ပေ… သော ဘိက္ခု န ကာလမကာသိ။ တေသံ ကုက္ကုစ္စံ အဟောသိ…ပေ… ‘‘အနာပတ္တိ, ဘိက္ခဝေ, ပါရာဇိကဿ၊ အာပတ္တိ ထုလ္လစ္စယဿာ’’တိ။</p>
<p class=""bodytext"">တေန ခေါ ပန သမယေန အညတရော ဘိက္ခု ဂိလာနော ဟောတိ။ တံ ဘိက္ခု နှာပေသုံ။ သော ဘိက္ခု <a name=""V0.0100""></a> ကာလမကာသိ။ တေသံ ကုက္ကုစ္စံ အဟောသိ…ပေ… ‘‘အနာပတ္တိ, ဘိက္ခဝေ, နမရဏာဓိပ္ပါယဿာ’’တိ။</p>
",-184-
106,mula_vi_01,106,"<p class=""bodytext"">တေန <a name=""M0.0106""></a> ခေါ ပန သမယေန အညတရော <a name=""T1.0156""></a> ဘိက္ခု ဂိလာနော ဟောတိ။ တံ ဘိက္ခူ မရဏာဓိပ္ပါယာ နှာပေသုံ။ သော ဘိက္ခု ကာလမကာသိ…ပေ… သော ဘိက္ခု န ကာလမကာသိ။ တေသံ ကုက္ကုစ္စံ အဟောသိ…ပေ… ‘‘အနာပတ္တိ, ဘိက္ခဝေ, ပါရာဇိကဿ၊ အာပတ္တိ ထုလ္လစ္စယဿာ’’တိ။</p>
<p class=""bodytext"">တေန ခေါ ပန သမယေန အညတရော ဘိက္ခု ဂိလာနော ဟောတိ။ တံ ဘိက္ခူ တေလေန အဗ္ဘဉ္ဇိံသု။ သော ဘိက္ခု ကာလမကာသိ။ တေသံ ကုက္ကုစ္စံ အဟောသိ…ပေ… ‘‘အနာပတ္တိ, ဘိက္ခဝေ, နမရဏာဓိပ္ပါယဿာ’’တိ။</p>
<p class=""bodytext"">တေန ခေါ ပန သမယေန အညတရော ဘိက္ခု ဂိလာနော ဟောတိ။ တံ ဘိက္ခူ မရဏာဓိပ္ပါယာ တေလေန အဗ္ဘဉ္ဇိံသု။ သော ဘိက္ခု ကာလမကာသိ…ပေ… သော ဘိက္ခု န ကာလမကာသိ။ တေသံ ကုက္ကုစ္စံ အဟောသိ…ပေ… ‘‘အနာပတ္တိ, ဘိက္ခဝေ, ပါရာဇိကဿ၊ အာပတ္တိ ထုလ္လစ္စယဿာ’’တိ။</p>
<p class=""bodytext""><a name=""para185""></a><a name=""para185_vin1""></a><span class=""paranum"">၁၈၅</span>။ တေန ခေါ ပန သမယေန အညတရော ဘိက္ခု ဂိလာနော ဟောတိ။ တံ ဘိက္ခူ ဥဋ္ဌာပေသုံ။ သော ဘိက္ခု ကာလမကာသိ။ တေသံ ကုက္ကုစ္စံ အဟောသိ…ပေ… ‘‘အနာပတ္တိ, ဘိက္ခဝေ, နမရဏာဓိပ္ပါယဿာ’’တိ။</p>
<p class=""bodytext"">တေန ခေါ ပန သမယေန အညတရော ဘိက္ခု ဂိလာနော ဟောတိ။ တံ ဘိက္ခူ မရဏာဓိပ္ပါယာ ဥဋ္ဌာပေသုံ။ သော ဘိက္ခု ကာလမကာသိ…ပေ… သော ဘိက္ခု န ကာလမကာသိ။ တေသံ ကုက္ကုစ္စံ အဟောသိ…ပေ… ‘‘အနာပတ္တိ, ဘိက္ခဝေ, ပါရာဇိကဿ၊ အာပတ္တိ ထုလ္လစ္စယဿာ’’တိ<a name=""T1.0157""></a>။</p>
<p class=""bodytext"">တေန ခေါ ပန သမယေန အညတရော ဘိက္ခု ဂိလာနော ဟောတိ။ တံ ဘိက္ခူ နိပါတေသုံ။ သော ဘိက္ခု ကာလမကာသိ။ တေသံ ကုက္ကုစ္စံ အဟောသိ…ပေ… ‘‘အနာပတ္တိ, ဘိက္ခဝေ, နမရဏာဓိပ္ပါယဿာ’’တိ။</p>
<p class=""bodytext"">တေန ခေါ ပန သမယေန အညတရော ဘိက္ခု ဂိလာနော ဟောတိ။ တံ ဘိက္ခူ မရဏာဓိပ္ပါယာ <a name=""V0.0101""></a> နိပါတေသုံ။ သော ဘိက္ခု ကာလမကာသိ…ပေ… သော ဘိက္ခု န ကာလမကာသိ။ တေသံ ကုက္ကုစ္စံ အဟောသိ…ပေ… ‘‘အနာပတ္တိ, ဘိက္ခဝေ, ပါရာဇိကဿ၊ အာပတ္တိ ထုလ္လစ္စယဿာ’’တိ။</p>
<p class=""bodytext"">တေန ခေါ ပန သမယေန အညတရော ဘိက္ခု ဂိလာနော ဟောတိ။ တဿ ဘိက္ခူ အန္နံ အဒံသု။ သော ဘိက္ခု ကာလမကာသိ။ တေသံ ကုက္ကုစ္စံ အဟောသိ…ပေ… ‘‘အနာပတ္တိ, ဘိက္ခဝေ, နမရဏာဓိပ္ပါယဿာ’’တိ။</p>
",-185-
107,mula_vi_01,107,"<p class=""bodytext"">တေန <a name=""M0.0107""></a> ခေါ ပန သမယေန အညတရော ဘိက္ခု ဂိလာနော ဟောတိ။ တဿ ဘိက္ခူ မရဏာဓိပ္ပါယာ အန္နံ အဒံသု။ သော ဘိက္ခု ကာလမကာသိ…ပေ… သော ဘိက္ခု န ကာလမကာသိ။ တေသံ ကုက္ကုစ္စံ အဟောသိ…ပေ… ‘‘အနာပတ္တိ, ဘိက္ခဝေ, ပါရာဇိကဿ၊ အာပတ္တိ ထုလ္လစ္စယဿာ’’တိ။</p>
<p class=""bodytext"">တေန ခေါ ပန သမယေန အညတရော ဘိက္ခု ဂိလာနော ဟောတိ။ တဿ ဘိက္ခု ပါနံ အဒံသု။ သော ဘိက္ခု ကာလမကာသိ။ တေသံ ကုက္ကုစ္စံ အဟောသိ…ပေ… ‘‘အနာပတ္တိ, ဘိက္ခဝေ, နမရဏာဓိပ္ပါယဿာ’’တိ။</p>
<p class=""bodytext"">တေန ခေါ ပန သမယေန အညတရော ဘိက္ခု ဂိလာနော ဟောတိ။ တဿ ဘိက္ခူ မရဏာဓိပ္ပါယာ ပါနံ အဒံသု။ သော ဘိက္ခု ကာလမကာသိ…ပေ… သော ဘိက္ခု န ကာလမကာသိ။ တေသံ ကုက္ကုစ္စံ အဟောသိ…ပေ… ‘‘အနာပတ္တိ, ဘိက္ခဝေ<a name=""T1.0158""></a>, ပါရာဇိကဿ၊ အာပတ္တိ ထုလ္လစ္စယဿာ’’တိ။</p>
<p class=""bodytext""><a name=""para186""></a><a name=""para186_vin1""></a><span class=""paranum"">၁၈၆</span>။ တေန ခေါ ပန သမယေန အညတရာ ဣတ္ထီ ပဝုတ္ထပတိကာ ဇာရေန ဂဗ္ဘိနီ ဟောတိ။ သာ ကုလူပကံ ဘိက္ခုံ ဧတဒဝေါစ – ‘‘ဣင်္ဃာယျ ဂဗ္ဘပါတနံ ဇာနာဟီ’’တိ။ ‘‘သုဋ္ဌု, ဘဂိနီ’’တိ တဿာ ဂဗ္ဘပါတနံ အဒါသိ။ ဒါရကော ကာလမကာသိ။ တဿ ကုက္ကုစ္စံ အဟောသိ…ပေ… ‘‘အာပတ္တိံ တွံ, ဘိက္ခု, အာပန္နော ပါရာဇိက’’န္တိ။</p>
<p class=""bodytext"">တေန ခေါ ပန သမယေန အညတရဿ ပုရိသဿ ဒွေ ပဇာပတိယော ဟောန္တိ – ဧကာ ဝဉ္ဈာ, ဧကာ ဝိဇာယိနီ။ ဝဉ္ဈာ ဣတ္ထီ ကုလူပကံ ဘိက္ခုံ ဧတဒဝေါစ – ‘‘သစေ သာ, ဘန္တေ, ဝိဇာယိဿတိ သဗ္ဗဿ ကုဋုမ္ဗဿ ဣဿရာ ဘဝိဿတိ။ ဣင်္ဃာယျ, တဿာ ဂဗ္ဘပါတနံ ဇာနာဟီ’’တိ<a name=""V0.0102""></a>။‘‘သုဋ္ဌု, ဘဂိနီ’’တိ တဿာ ဂဗ္ဘပါတနံ အဒါသိ။ ဒါရကော ကာလမကာသိ, မာတာ န ကာလမကာသိ။ တဿ ကုက္ကုစ္စံ အဟောသိ…ပေ… ‘‘အာပတ္တိံ တွံ, ဘိက္ခု, အာပန္နော ပါရာဇိက’’န္တိ။</p>
<p class=""bodytext"">တေန ခေါ ပန သမယေန အညတရဿ ပုရိသဿ ဒွေ ပဇာပတိယော ဟောန္တိ – ဧကာ ဝဉ္ဈာ, ဧကာ ဝိဇာယိနီ။ ဝဉ္ဈာ ဣတ္ထီ ကုလူပကံ ဘိက္ခုံ ဧတဒဝေါစ – ‘‘သစေ သာ, ဘန္တေ, ဝိဇာယိဿတိ သဗ္ဗဿ ကုဋုမ္ဗဿ ဣဿရာ ဘဝိဿတိ။ ဣင်္ဃာယျ, တဿာ ဂဗ္ဘပါတနံ ဇာနာဟီ’’တိ။ ‘‘သုဋ္ဌု, ဘဂိနီ’’တိ တဿာ ဂဗ္ဘပါတနံ အဒါသိ။ မာတာ ကာလမကာသိ, ဒါရကော န ကာလမကာသိ။ တဿ ကုက္ကုစ္စံ အဟောသိ…ပေ… ‘‘အနာပတ္တိ, ဘိက္ခု, ပါရာဇိကဿ<a name=""P3.0084""></a>၊ အာပတ္တိ ထုလ္လစ္စယဿာ’’တိ။</p>
",-186-
108,mula_vi_01,108,"<p class=""bodytext"">တေန <a name=""M0.0108""></a> ခေါ ပန သမယေန အညတရဿ ပုရိသဿ ဒွေ ပဇာပတိယော ဟောန္တိ – ဧကာ ဝဉ္ဈာ<a name=""T1.0159""></a>, ဧကာ ဝိဇာယိနီ။ ဝဉ္ဈာ ဣတ္ထီ ကုလူပကံ ဘိက္ခုံ ဧတဒဝေါစ – ‘‘သစေ သာ, ဘန္တေ, ဝိဇာယိဿတိ သဗ္ဗဿ ကုဋုမ္ဗဿ ဣဿရာ ဘဝိဿတိ။ ဣင်္ဃာယျ, တဿာ ဂဗ္ဘပါတနံ ဇာနာဟီ’’တိ။ ‘‘သုဋ္ဌု, ဘဂိနီ’’တိ တဿာ ဂဗ္ဘပါတနံ အဒါသိ။ ဥဘော ကာလမကံသု…ပေ… ဥဘော န ကာလမကံသု။ တဿ ကုက္ကုစ္စံ အဟောသိ…ပေ… ‘‘အနာပတ္တိ, ဘိက္ခု, ပါရာဇိကဿ၊ အာပတ္တိ ထုလ္လစ္စယဿာ’’တိ။</p>
<p class=""bodytext""><a name=""para187""></a><a name=""para187_vin1""></a><span class=""paranum"">၁၈၇</span>။ တေန ခေါ ပန သမယေန အညတရာ ဂဗ္ဘိနီ ဣတ္ထီ ကုလူပကံ ဘိက္ခုံ ဧတဒဝေါစ – ‘‘ဣင်္ဃာယျ, ဂဗ္ဘပါတနံ ဇာနာဟီ’’တိ။ ‘‘တေန ဟိ, ဘဂိနိ, မဒ္ဒဿူ’’တိ။ သာ မဒ္ဒါပေတွာ ဂဗ္ဘံ ပါတေသိ။ တဿ ကုက္ကုစ္စံ အဟောသိ…ပေ… ‘‘အာပတ္တိံ တွံ, ဘိက္ခု, အာပန္နော ပါရာဇိက’’န္တိ။</p>
<p class=""bodytext"">တေန ခေါ ပန သမယေန အညတရာ ဂဗ္ဘိနီ ဣတ္ထီ ကုလူပကံ ဘိက္ခုံ ဧတဒဝေါစ – ‘‘ဣင်္ဃာယျ, ဂဗ္ဘပါတနံ ဇာနာဟီ’’တိ။ ‘‘တေန ဟိ, ဘဂိနိ, တာပေဟီ’’တိ။ သာ တာပေတွာ ဂဗ္ဘံ ပါတေသိ။ တဿ ကုက္ကုစ္စံ အဟောသိ…ပေ… ‘‘အာပတ္တိံ တွံ, ဘိက္ခု, အာပန္နော ပါရာဇိက’’န္တိ။</p>
<p class=""bodytext"">တေန ခေါ ပန သမယေန အညတရာ ဝဉ္ဈာ ဣတ္ထီ ကုလူပကံ ဘိက္ခုံ ဧတဒဝေါစ – ‘‘ဣင်္ဃာယျ, ဘေသဇ္ဇံ ဇာနာဟိ ယေနာဟံ ဝိဇာယေယျ’’န္တိ။ ‘‘သုဋ္ဌု, ဘဂိနီ’’တိ တဿာ ဘေသဇ္ဇံ အဒါသိ<a name=""V0.0103""></a>။ သာ ကာလမကာသိ။ တဿ ကုက္ကုစ္စံ အဟောသိ…ပေ… ‘‘အနာပတ္တိ, ဘိက္ခု, ပါရာဇိကဿ၊ အာပတ္တိ ဒုက္ကဋဿာ’’တိ။</p>
<p class=""bodytext"">တေန ခေါ ပန သမယေန အညတရာ ဝိဇာယိနီ ဣတ္ထီ ကုလူပကံ ဘိက္ခုံ ဧတဒဝေါစ – ‘‘ဣင်္ဃာယျ, ဘေသဇ္ဇံ ဇာနာဟိ ယေနာဟံ န ဝိဇာယေယျ’’န္တိ။ ‘‘သုဋ္ဌု, ဘဂိနီ’’တိ တဿာ ဘေသဇ္ဇံ အဒါသိ။ သာ ကာလမကာသိ။ တဿ ကုက္ကုစ္စံ အဟောသိ…ပေ… ‘‘အနာပတ္တိ<a name=""T1.0160""></a>, ဘိက္ခု, ပါရာဇိကဿ၊ အာပတ္တိ ဒုက္ကဋဿာ’’တိ။</p>
<p class=""bodytext"">တေန ခေါ ပန သမယေန ဆဗ္ဗဂ္ဂိယာ ဘိက္ခူ သတ္တရသဝဂ္ဂိယံ ဘိက္ခုံ အင်္ဂုလိပတောဒကေန ဟာသေသုံ။ သော ဘိက္ခု ဥတ္တန္တော အနဿာသကော ကာလမကာသိ။ တေသံ ကုက္ကုစ္စံ အဟောသိ…ပေ… ‘‘အနာပတ္တိ, ဘိက္ခဝေ, ပါရာဇိကဿာ’’တိ <span class=""note"">[ပါရာဇိကဿ, အာပတ္တိ ပါစိတ္တိယဿာတိ (သျာ။)]</span>။</p>
",-187-
109,mula_vi_01,109,"<p class=""bodytext"">တေန <a name=""M0.0109""></a> ခေါ ပန သမယေန သတ္တရသဝဂ္ဂိယာ ဘိက္ခူ ဆဗ္ဗဂ္ဂိယံ ဘိက္ခုံ ကမ္မံ ကရိဿာမာတိ ဩတ္ထရိတွာ မာရေသုံ။ တေသံ ကုက္ကုစ္စံ အဟောသိ…ပေ… ‘‘အနာပတ္တိ, ဘိက္ခဝေ, ပါရာဇိကဿာ’’တိ။</p>
<p class=""bodytext"">တေန ခေါ ပန သမယေန အညတရော ဘူတဝေဇ္ဇကော ဘိက္ခု ယက္ခံ ဇီဝိတာ ဝေါရောပေသိ။ တဿ ကုက္ကုစ္စံ အဟောသိ…ပေ… ‘‘အနာပတ္တိ, ဘိက္ခု, ပါရာဇိကဿ၊ အာပတ္တိ ထုလ္လစ္စယဿာ’’တိ။</p>
<p class=""bodytext"">တေန ခေါ ပန သမယေန အညတရော ဘိက္ခု အညတရံ ဘိက္ခုံ ဝါဠယက္ခဝိဟာရံ ပါဟေသိ။ တံ ယက္ခာ ဇီဝိတာ ဝေါရောပေသုံ။ တဿ ကုက္ကုစ္စံ အဟောသိ…ပေ… ‘‘အနာပတ္တိ, ဘိက္ခု, နမရဏာဓိပ္ပါယဿာ’’တိ။</p>
<p class=""bodytext"">တေန ခေါ ပန သမယေန အညတရော ဘိက္ခု မရဏာဓိပ္ပါယော အညတရံ ဘိက္ခုံ ဝါဠယက္ခဝိဟာရံ ပါဟေသိ။ တံ ယက္ခာ ဇီဝိတာ ဝေါရောပေသုံ…ပေ… တံ ယက္ခာ ဇီဝိတာ န ဝေါရောပေသုံ။ တဿ ကုက္ကုစ္စံ အဟောသိ…ပေ… ‘‘အနာပတ္တိ, ဘိက္ခု, ပါရာဇိကဿ၊ အာပတ္တိ ထုလ္လစ္စယဿာ’’တိ<a name=""P3.0085""></a>။</p>
<p class=""bodytext"">တေန <a name=""V0.0104""></a> ခေါ ပန သမယေန အညတရော ဘိက္ခု အညတရံ ဘိက္ခုံ ဝါဠကန္တာရံ ပါဟေသိ<a name=""T1.0161""></a>။ တံ ဝါဠာ ဇီဝိတာ ဝေါရောပေသုံ။ တဿ ကုက္ကုစ္စံ အဟောသိ…ပေ… ‘‘အနာပတ္တိ, ဘိက္ခု, နမရဏာဓိပ္ပါယဿာ’’တိ။</p>
<p class=""bodytext"">တေန ခေါ ပန သမယေန အညတရော ဘိက္ခု မရဏာဓိပ္ပါယော အညတရံ ဘိက္ခုံ ဝါဠကန္တာရံ ပါဟေသိ။ တံ ဝါဠာ ဇီဝိတာ ဝေါရောပေသုံ…ပေ… တံ ဝါဠာ ဇီဝိတာ န ဝေါရောပေသုံ။ တဿ ကုက္ကုစ္စံ အဟောသိ…ပေ… ‘‘အနာပတ္တိ, ဘိက္ခု, ပါရာဇိကဿ၊ အာပတ္တိ ထုလ္လစ္စယဿာ’’တိ။</p>
<p class=""bodytext"">တေန ခေါ ပန သမယေန အညတရော ဘိက္ခု အညတရံ ဘိက္ခုံ စောရကန္တာရံ ပါဟေသိ။ တံ စောရာ ဇီဝိတာ ဝေါရောပေသုံ။ တဿ ကုက္ကုစ္စံ အဟောသိ…ပေ… ‘‘အနာပတ္တိ, ဘိက္ခု, နမရဏာဓိပ္ပါယဿာ’’တိ။</p>
<p class=""bodytext"">တေန ခေါ ပန သမယေန အညတရော ဘိက္ခု မရဏာဓိပ္ပါယော အညတရံ ဘိက္ခုံ စောရကန္တာရံ ပါဟေသိ။ တံ စောရာ ဇီဝိတာ ဝေါရောပေသုံ…ပေ… တံ စောရာ ဇီဝိတာ န ဝေါရောပေသုံ။ တဿ ကုက္ကုစ္စံ အဟောသိ…ပေ… ‘‘အနာပတ္တိ, ဘိက္ခု, ပါရာဇိကဿ၊ အာပတ္တိ ထုလ္လစ္စယဿာ’’တိ။</p>
<p class=""bodytext""><a name=""para188""></a><a name=""para188_vin1""></a><span class=""paranum"">၁၈၈</span>။ တေန ခေါ ပန သမယေန အညတရော ဘိက္ခု တံ မညမာနော တံ ဇီဝိတာ ဝေါရောပေသိ…ပေ… တံ မညမာနော အညံ ဇီဝိတာ ဝေါရောပေသိ…ပေ… အညံ မညမာနော တံ ဇီဝိတာ ဝေါရောပေသိ…ပေ…</p>
",-188-
110,mula_vi_01,110,"<p class=""noindentbodytext""> အညံ<a name=""M0.0110""></a> မညမာနော အညံ ဇီဝိတာ ဝေါရောပေသိ။ တဿ ကုက္ကုစ္စံ အဟောသိ…ပေ… ‘‘အာပတ္တိံ တွံ, ဘိက္ခု, အာပန္နော ပါရာဇိက’’န္တိ။</p>
<p class=""bodytext"">တေန ခေါ ပန သမယေန အညတရော ဘိက္ခု အမနုဿေန ဂဟိတော ဟောတိ။ အညတရော ဘိက္ခု တဿ ဘိက္ခုနော ပဟာရံ အဒါသိ။ သော ဘိက္ခု ကာလမကာသိ။ တဿ ကုက္ကုစ္စံ အဟောသိ…ပေ… ‘‘အနာပတ္တိ, ဘိက္ခု<a name=""T1.0162""></a>, နမရဏာဓိပ္ပါယဿာ’’တိ။</p>
<p class=""bodytext"">တေန ခေါ ပန သမယေန အညတရော ဘိက္ခု အမနုဿေန ဂဟိတော ဟောတိ။ အညတရော ဘိက္ခု မရဏာဓိပ္ပါယော တဿ ဘိက္ခုနော ပဟာရံ အဒါသိ။ သော ဘိက္ခု ကာလမကာသိ…ပေ… သော ဘိက္ခု န ကာလမကာသိ။ တဿ ကုက္ကုစ္စံ အဟောသိ…ပေ… ‘‘အနာပတ္တိ, ဘိက္ခု, ပါရာဇိကဿ၊ အာပတ္တိ ထုလ္လစ္စယဿာ’’တိ။</p>
<p class=""bodytext"">တေန <a name=""V0.0105""></a> ခေါ ပန သမယေန အညတရော ဘိက္ခု ကလျာဏကမ္မဿ သဂ္ဂကထံ ကထေသိ။ သော အဓိမုတ္တော ကာလမကာသိ။ တဿ ကုက္ကုစ္စံ အဟောသိ…ပေ… ‘‘အနာပတ္တိ, ဘိက္ခု, နမရဏာဓိပ္ပါယဿာ’’တိ။</p>
<p class=""bodytext"">တေန ခေါ ပန သမယေန အညတရော ဘိက္ခု မရဏာဓိပ္ပါယော ကလျာဏကမ္မဿ သဂ္ဂကထံ ကထေသိ။ သော အဓိမုတ္တော ကာလမကာသိ…ပေ… သော အဓိမုတ္တော န ကာလမကာသိ။ တဿ ကုက္ကုစ္စံ အဟောသိ…ပေ… ‘‘အနာပတ္တိ, ဘိက္ခု, ပါရာဇိကဿ၊ အာပတ္တိ ထုလ္လစ္စယဿာ’’တိ။</p>
<p class=""bodytext"">တေန ခေါ ပန သမယေန အညတရော ဘိက္ခု နေရယိကဿ နိရယကထံ ကထေသိ။ သော ဥတ္တသိတွာ ကာလမကာသိ။ တဿ ကုက္ကုစ္စံ အဟောသိ…ပေ… ‘‘အနာပတ္တိ, ဘိက္ခု, နမရဏာဓိပ္ပါယဿာ’’တိ။</p>
<p class=""bodytext"">တေန ခေါ ပန သမယေန အညတရော ဘိက္ခု မရဏာဓိပ္ပါယော နေရယိကဿ နိရယကထံ ကထေသိ။ သော ဥတ္တသိတွာ ကာလမကာသိ…ပေ… သော ဥတ္တသိတွာ န ကာလမကာသိ။ တဿ ကုက္ကုစ္စံ အဟောသိ…ပေ… ‘‘အနာပတ္တိ, ဘိက္ခု, ပါရာဇိကဿ၊ အာပတ္တိ ထုလ္လစ္စယဿာ’’တိ။</p>
<p class=""bodytext""><a name=""para189""></a><a name=""para189_vin1""></a><span class=""paranum"">၁၈၉</span>။ တေန ခေါ ပန သမယေန အာဠဝကာ ဘိက္ခူ နဝကမ္မံ ကရောန္တာ ရုက္ခံ ဆိန္ဒန္တိ။ အညတရော ဘိက္ခု အညတရံ ဘိက္ခုံ ဧတဒဝေါစ <a name=""T1.0163""></a> – ‘‘အာဝုသော, အတြဋ္ဌိတော ဆိန္ဒာဟီ’’တိ။ တံ တတြဋ္ဌိတံ ဆိန္ဒန္တံ ရုက္ခော ဩတ္ထရိတွာ</p>
",-189-
111,mula_vi_01,111,"<p class=""noindentbodytext""> မာရေသိ<a name=""M0.0111""></a>။ တဿ ကုက္ကုစ္စံ အဟောသိ…ပေ… ‘‘အနာပတ္တိ, ဘိက္ခု, နမရဏာဓိပ္ပါယဿာ’’တိ။</p>
<p class=""bodytext"">တေန ခေါ ပန သမယေန အာဠဝကာ ဘိက္ခူ နဝကမ္မံ ကရောန္တာ ရုက္ခံ ဆိန္ဒန္တိ။ အညတရော ဘိက္ခု မရဏာဓိပ္ပါယော အညတရံ ဘိက္ခုံ ဧတဒဝေါစ – ‘‘အာဝုသော, အတြဋ္ဌိတော ဆိန္ဒာဟီ’’တိ။ တံ တတြဋ္ဌိတံ ဆိန္ဒန္တံ ရုက္ခော ဩတ္ထရိတွာ မာရေသိ…ပေ… ရုက္ခော ဩတ္ထရိတွာ န မာရေသိ။ တဿ ကုက္ကုစ္စံ အဟောသိ…ပေ… ‘‘အနာပတ္တိ, ဘိက္ခု, ပါရာဇိကဿ၊ အာပတ္တိ ထုလ္လစ္စယဿာ’’တိ။</p>
<p class=""bodytext""><a name=""para190""></a><a name=""para190_vin1""></a><span class=""paranum"">၁၉၀</span>။ တေန ခေါ ပန သမယေန ဆဗ္ဗဂ္ဂိယာ ဘိက္ခူ ဒါယံ အာလိမ္ပေသုံ <span class=""note"">[အာဠိမ္ပေသုံ (သျာ။ က။)]</span>၊ မနုဿာ ဒဍ္ဎာ ကာလမကံသု။ တေသံ ကုက္ကုစ္စံ အဟောသိ…ပေ… ‘‘အနာပတ္တိ, ဘိက္ခဝေ, နမရဏာဓိပ္ပါယဿာ’’တိ။</p>
<p class=""bodytext"">တေန ခေါ ပန သမယေန ဆဗ္ဗဂ္ဂိယာ ဘိက္ခူ မရဏာဓိပ္ပါယာ ဒါယံ အာလိမ္ပေသုံ။ မနုဿာ ဒဍ္ဎာ ကာလမကံသု…ပေ… မနုဿာ ဒဍ္ဎာ န ကာလမကံသု။ တေသံ ကုက္ကုစ္စံ အဟောသိ…ပေ… ‘‘အနာပတ္တိ, ဘိက္ခဝေ, ပါရာဇိကဿ၊ အာပတ္တိ ထုလ္လစ္စယဿာ’’တိ။</p>
<p class=""bodytext""><a name=""para191""></a><a name=""para191_vin1""></a><span class=""paranum"">၁၉၁</span>။ တေန <a name=""P3.0086""></a> ခေါ ပန သမယေန အညတရော ဘိက္ခု အာဃာတနံ ဂန္တွာ စောရဃာတံ ဧတဒဝေါစ – ‘‘အာဝုသော, မာယိမံ ကိလမေသိ။ ဧကေန ပဟာရေန ဇီဝိတာ ဝေါရောပေဟီ’’တိ။ ‘‘သုဋ္ဌု, ဘန္တေ’’တိ ဧကေန ပဟာရေန ဇီဝိတာ ဝေါရောပေသိ။ တဿ ကုက္ကုစ္စံ အဟောသိ…ပေ… ‘‘အာပတ္တိံ တွံ, ဘိက္ခု, အာပန္နော ပါရာဇိက’’န္တိ။</p>
<p class=""bodytext"">တေန ခေါ ပန သမယေန အညတရော ဘိက္ခု အာဃာတနံ ဂန္တွာ စောရဃာတံ ဧတဒဝေါစ – ‘‘အာဝုသော, မာယိမံ ကိလမေသိ<a name=""T1.0164""></a>။ ဧကေန ပဟာရေန ဇီဝိတာ ဝေါရောပေဟီ’’တိ။ သော – ‘‘နာဟံ တုယှံ ဝစနံ ကရိဿာမီ’’တိ တံ ဇီဝိတာ ဝေါရောပေသိ။ တဿ ကုက္ကုစ္စံ အဟောသိ…ပေ… ‘‘အနာပတ္တိ, ဘိက္ခု, ပါရာဇိကဿ၊ အာပတ္တိ ဒုက္ကဋဿာ’’တိ။</p>
<p class=""bodytext""><a name=""para192""></a><a name=""para192_vin1""></a><span class=""paranum"">၁၉၂</span>။ တေန ခေါ ပန သမယေန အညတရော ပုရိသော ဉာတိဃရေ ဟတ္ထပါဒစ္ဆိန္နော ဉာတကေဟိ သမ္ပရိကိဏ္ဏော ဟောတိ။ အညတရော ဘိက္ခု တေ မနုဿေ ဧတဒဝေါစ – ‘‘အာဝုသော, ဣစ္ဆထ ဣမဿ မရဏ’’န္တိ? ‘‘အာမ, ဘန္တေ, ဣစ္ဆာမာ’’တိ။ ‘‘တေန ဟိ တက္ကံ ပါယေထာ’’တိ။ တေ တံ တက္ကံ ပါယေသုံ။</p>
",-190-191-192-
112,mula_vi_01,112,"<p class=""noindentbodytext""> သော<a name=""M0.0112""></a> ကာလမကာသိ။ တဿ ကုက္ကုစ္စံ အဟောသိ…ပေ… ‘‘အာပတ္တိံ တွံ, ဘိက္ခု, အာပန္နော ပါရာဇိက’’န္တိ။</p>
<p class=""bodytext"">တေန ခေါ ပန သမယေန အညတရော ပုရိသော ကုလဃရေ ဟတ္ထပါဒစ္ဆိန္နော ဉာတကေဟိ သမ္ပရိကိဏ္ဏော ဟောတိ။ အညတရာ ဘိက္ခုနီ တေ မနုဿေ ဧတဒဝေါစ – ‘‘အာဝုသော, ဣစ္ဆထ ဣမဿ မရဏ’’န္တိ? ‘‘အာမယျေ, ဣစ္ဆာမာ’’တိ။ ‘‘တေန ဟိ လောဏသောဝီရကံ ပါယေထာ’’တိ။ တေ တံ လောဏသောဝီရကံ ပါယေသုံ။ သော ကာလမကာသိ။ တဿာ ကုက္ကုစ္စံ အဟောသိ။ အထ ခေါ သာ ဘိက္ခုနီ ဘိက္ခုနီနံ ဧတမတ္ထံ အာရောစေသိ။ ဘိက္ခုနိယော ဘိက္ခူနံ ဧတမတ္ထံ အာရောစေသုံ။ ဘိက္ခူ <a name=""V0.0107""></a> ဘဂဝတော ဧတမတ္ထံ အာရောစေသုံ။ ‘‘အာပတ္တိံ သာ, ဘိက္ခဝေ, ဘိက္ခုနီ အာပန္နာ ပါရာဇိက’’န္တိ။</p>
<p class=""centered"">တတိယပါရာဇိကံ သမတ္တံ။</p>
<p class=""title"">၄။ စတုတ္ထပါရာဇိကံ</p>
<p class=""bodytext""><a name=""para193""></a><a name=""para193_vin1""></a><span class=""paranum"">၁၉၃</span>။ <span class=""note"">[ဣဒံ ဝတ္ထု ပါစိ။ ၆၇]</span> တေန <a name=""T1.0165""></a><a name=""P3.0087""></a> သမယေန ဗုဒ္ဓေါ ဘဂဝါ ဝေသာလိယံ ဝိဟရတိ မဟာဝနေ ကူဋာဂါရသာလာယံ။ တေန ခေါ ပန သမယေန သမ္ဗဟုလာ သန္ဒိဋ္ဌာ သမ္ဘတ္တာ ဘိက္ခူ ဝဂ္ဂုမုဒါယ နဒိယာ တီရေ ဝဿံ ဥပဂစ္ဆိံသု။ တေန ခေါ ပန သမယေန ဝဇ္ဇီ ဒုဗ္ဘိက္ခာ ဟောတိ ဒွီဟိတိကာ သေတဋ္ဌိကာ သလာကာဝုတ္တာ, န သုကရာ ဥဉ္ဆေန ပဂ္ဂဟေန ယာပေတုံ။ အထ ခေါ တေသံ ဘိက္ခူနံ ဧတဒဟောသိ – ‘‘ဧတရဟိ ခေါ ဝဇ္ဇီ ဒုဗ္ဘိက္ခာ ဒွီဟိတိကာ သေတဋ္ဌိကာ သလာကာဝုတ္တာ, န သုကရာ ဥဉ္ဆေန ပဂ္ဂဟေန ယာပေတုံ။ ကေန နု ခေါ မယံ ဥပါယေန သမဂ္ဂါ သမ္မောဒမာနာ အဝိဝဒမာနာ ဖာသုကံ ဝဿံ ဝသေယျာမ, န စ ပိဏ္ဍကေန ကိလမေယျာမာ’’တိ? ဧကစ္စေ ဧဝမာဟံသု – ‘‘ဟန္ဒ မယံ, အာဝုသော, ဂိဟီနံ ကမ္မန္တံ အဓိဋ္ဌေမ, ဧဝံ တေ အမှာကံ ဒါတုံ မညိဿန္တိ။ ဧဝံ မယံ သမဂ္ဂါ သမ္မောဒမာနာ အဝိဝဒမာနာ ဖာသုကံ ဝဿံ ဝသိဿာမ, န စ ပိဏ္ဍကေန ကိလမိဿာမာ’’တိ။ ဧကစ္စေ ဧဝမာဟံသု – ‘‘အလံ, အာဝုသော, ကိံ</p>
",-193-
113,mula_vi_01,113,"<p class=""noindentbodytext""> ဂိဟီနံ<a name=""M0.0113""></a> ကမ္မန္တံ အဓိဋ္ဌိတေန! ဟန္ဒ မယံ<a name=""T1.0166""></a>, အာဝုသော, ဂိဟီနံ ဒူတေယျံ ဟရာမ, ဧဝံ တေ အမှာကံ ဒါတုံ မညိဿန္တိ။ ဧဝံ မယံ သမဂ္ဂါ သမ္မောဒမာနာ အဝိဝဒမာနာ ဖာသုကံ ဝဿံ ဝသိဿာမ, န စ ပိဏ္ဍကေန ကိလမိဿာမာ’’တိ။ ဧကစ္စေ ဧဝမာဟံသု – ‘‘အလံ, အာဝုသော, ကိံ ဂိဟီနံ ကမ္မန္တံ အဓိဋ္ဌိတေန! ကိံ ဂိဟီနံ ဒူတေယျံ ဟဋေန! ဟန္ဒ မယံ, အာဝုသော, ဂိဟီနံ အညမညဿ ဥတ္တရိမနုဿဓမ္မဿ ဝဏ္ဏံ ဘာသိဿာမ – ‘အသုကော ဘိက္ခု ပဌမဿ ဈာနဿ လာဘီ, အသုကော ဘိက္ခု ဒုတိယဿ ဈာနဿ လာဘီ, အသုကော ဘိက္ခု တတိယဿ ဈာနဿ လာဘီ, အသုကော ဘိက္ခု စတုတ္ထဿ ဈာနဿ လာဘီ, အသုကော ဘိက္ခု သောတာပန္နော, အသုကော ဘိက္ခု သကဒါဂါမီ, အသုကော ဘိက္ခု အနာဂါမီ, အသုကော ဘိက္ခု အရဟာ, အသုကော ဘိက္ခု တေဝိဇ္ဇော, အသုကော ဘိက္ခု ဆဠဘိညော’တိ။ ဧဝံ တေ အမှာကံ ဒါတုံ မညိဿန္တိ။ ဧဝံ မယံ သမဂ္ဂါ သမ္မောဒမာနာ <a name=""P3.0088""></a> အဝိဝဒမာနာ ဖာသုကံ ဝဿံ ဝသိဿာမ, န စ ပိဏ္ဍကေန ကိလမိဿာမာ’’တိ။ ‘‘ဧသောယေဝ ခေါ, အာဝုသော, သေယျော ယော အမှာကံ ဂိဟီနံ အညမညဿ ဥတ္တရိမနုဿဓမ္မဿ ဝဏ္ဏော ဘာသိတော’’တိ။</p>
<p class=""bodytext""><a name=""para194""></a><a name=""para194_vin1""></a><span class=""paranum"">၁၉၄</span>။ <a name=""V0.0108""></a> အထ ခေါ တေ ဘိက္ခူ ဂိဟီနံ အညမညဿ ဥတ္တရိမနုဿဓမ္မဿ ဝဏ္ဏံ ဘာသိံသု – ‘‘အသုကော ဘိက္ခု ပဌမဿ ဈာနဿ လာဘီ…ပေ… အသုကော ဘိက္ခု ဆဠဘိညော’’တိ။ အထ ခေါ တေ မနုဿာ – ‘‘လာဘာ ဝတ နော, သုလဒ္ဓံ ဝတ နော, ယေသံ ဝတ နော ဧဝရူပါ ဘိက္ခူ ဝဿံ ဥပဂတာ၊ န ဝတ နော ဣတော ပုဗ္ဗေ ဧဝရူပါ ဘိက္ခူ ဝဿံ ဥပဂတာ ယထယိမေ ဘိက္ခူ သီလဝန္တော ကလျာဏဓမ္မာ’’တိ, တေ န တာဒိသာနိ ဘောဇနာနိ အတ္တနာ ပရိဘုဉ္ဇန္တိ မာတာပိတူနံ ဒေန္တိ ပုတ္တဒါရဿ ဒေန္တိ ဒါသကမ္မကရပေါရိသဿ ဒေန္တိ မိတ္တာမစ္စာနံ ဒေန္တိ ဉာတိသာလောဟိတာနံ ဒေန္တိ, ယာဒိသာနိ ဘိက္ခူနံ <a name=""T1.0167""></a> ဒေန္တိ။ တေ န တာဒိသာနိ ခါဒနီယာနိ သာယနီယာနိ ပါနာနိ အတ္တနာ ခါဒန္တိ သာယန္တိ ပိဝန္တိ မာတာပိတူနံ ဒေန္တိ ပုတ္တဒါရဿ ဒေန္တိ ဒါသကမ္မကရပေါရိသဿ ဒေန္တိ မိတ္တာမစ္စာနံ ဒေန္တိ ဉာတိသာလောဟိတာနံ ဒေန္တိ, ယာဒိသာနိ ဘိက္ခူနံ ဒေန္တိ။ အထ ခေါ တေ ဘိက္ခူ ဝဏ္ဏဝါ အဟေသုံ ပီဏိန္ဒြိယာ ပသန္နမုခဝဏ္ဏာ ဝိပ္ပသန္နဆဝိဝဏ္ဏာ။</p>
<p class=""bodytext"">အာစိဏ္ဏံ ခေါ ပနေတံ ဝဿံဝုဋ္ဌာနံ ဘိက္ခူနံ ဘဂဝန္တံ ဒဿနာယ ဥပသင်္ကမိတုံ။ အထ ခေါ တေ ဘိက္ခူ ဝဿံဝုဋ္ဌာ တေမာသစ္စယေန သေနာသနံ သံသာမေတွာ ပတ္တစီဝရံ အာဒါယ ယေန ဝေသာလီ တေန ပက္ကမိံသု။ အနုပုဗ္ဗေန ယေန ဝေသာလီ မဟာဝနံ ကူဋာဂါရသာလာ ယေန ဘဂဝါ တေနုပသင်္ကမိံသု၊ ဥပသင်္ကမိတွာ ဘဂဝန္တံ အဘိဝါဒေတွာ ဧကမန္တံ နိသီဒိံသု။</p>
",-194-
114,mula_vi_01,114,"<p class=""bodytext"">တေန <a name=""M0.0114""></a> ခေါ ပန သမယေန ဒိသာသု ဝဿံဝုဋ္ဌာ ဘိက္ခူ ကိသာ ဟောန္တိ လူခါ ဒုဗ္ဗဏ္ဏာ ဥပ္ပဏ္ဍုပ္ပဏ္ဍုကဇာတာ ဓမနိသန္ထတဂတ္တာ၊ ဝဂ္ဂုမုဒါတီရိယာ ပန ဘိက္ခူ ဝဏ္ဏဝါ ဟောန္တိ ပီဏိန္ဒြိယာ ပသန္နမုခဝဏ္ဏာ <a name=""T1.0168""></a> ဝိပ္ပသန္နဆဝိဝဏ္ဏာ။ အာစိဏ္ဏံ ခေါ ပနေတံ ဗုဒ္ဓါနံ ဘဂဝန္တာနံ အာဂန္တုကေဟိ ဘိက္ခူဟိ သဒ္ဓိံ ပဋိသမ္မောဒိတုံ။ အထ ခေါ ဘဂဝါ ဝဂ္ဂုမုဒါတီရိယေ ဘိက္ခူ ဧတဒဝေါစ – ‘‘ကစ္စိ, ဘိက္ခဝေ, ခမနီယံ ကစ္စိ ယာပနီယံ ကစ္စိ သမဂ္ဂါ သမ္မောဒမာနာ အဝိဝဒမာနာ ဖာသုကံ ဝဿံ ဝသိတ္ထ န စ ပိဏ္ဍကေန ကိလမိတ္ထာ’’တိ? ‘‘ခမနီယံ, ဘဂဝါ, ယာပနီယံ, ဘဂဝါ။ သမဂ္ဂါ စ မယံ, ဘန္တေ, သမ္မောဒမာနာ အဝိဝဒမာနာ ဖာသုကံ ဝဿံ ဝသိမှာ, န စ ပိဏ္ဍကေန ကိလမိမှာ’’တိ။ ဇာနန္တာပိ တထာဂတာ ပုစ္ဆန္တိ, ဇာနန္တာပိ <a name=""P3.0089""></a> န ပုစ္ဆန္တိ…ပေ… ဒွီဟာကာရေဟိ ဗုဒ္ဓါ ဘဂဝန္တော ဘိက္ခူ ပဋိပုစ္ဆန္တိ – ဓမ္မံ ဝါ ဒေသေဿာမ, သာဝကာနံ ဝါ သိက္ခာပဒံ ပညာပေဿာမာတိ။ အထ ခေါ ဘဂဝါ ဝဂ္ဂုမုဒါတီရိယေ ဘိက္ခူ ဧတဒဝေါစ – ‘‘ယထာ ကထံ ပန တုမှေ, ဘိက္ခဝေ, သမဂ္ဂါ သမ္မောဒမာနာ အဝိဝဒမာနာ ဖာသုကံ ဝဿံ ဝသိတ္ထ န စ ပိဏ္ဍကေန ကိလမိတ္ထာ’’တိ? အထ ခေါ တေ ဘိက္ခူ ဘဂဝတော ဧတမတ္ထံ အာရောစေသုံ <a name=""V0.0109""></a> – ‘‘ကစ္စိ ပန ဝေါ, ဘိက္ခဝေ, ဘူတ’’န္တိ? ‘‘အဘူတံ, ဘဂဝါ’’တိ။ ဝိဂရဟိ ဗုဒ္ဓေါ ဘဂဝါ – ‘‘အနနုစ္ဆဝိကံ, မောဃပုရိသာ, အနနုလောမိကံ အပ္ပတိရူပံ အဿာမဏကံ အကပ္ပိယံ အကရဏီယံ။ ကထဉှိ နာမ တုမှေ, မောဃပုရိသာ, ဥဒရဿ ကာရဏာ ဂိဟီနံ အညမညဿ ဥတ္တရိမနုဿဓမ္မဿ ဝဏ္ဏံ ဘာသိဿထ! ဝရံ တုမှေဟိ, မောဃပုရိသာ, တိဏှေန ဂေါဝိကန္တနေန <a name=""T1.0169""></a> <span class=""note"">[ဂေါဝိကတ္တနေန (သီ။ က။)]</span> ကုစ္ဆိံ ပရိကန္တော, န တွေဝ ဥဒရဿ ကာရဏာ ဂိဟီနံ အညမညဿ ဥတ္တရိမနုဿဓမ္မဿ ဝဏ္ဏော ဘာသိတော! တံ ကိဿ ဟေတု? တတော နိဒါနဉှိ, မောဃပုရိသာ, မရဏံ ဝါ နိဂစ္ဆေယျ မရဏမတ္တံ ဝါ ဒုက္ခံ, န တွေဝ တပ္ပစ္စယာ ကာယဿ ဘေဒါ ပရံ မရဏာ အပါယံ ဒုဂ္ဂတိံ ဝိနိပါတံ နိရယံ ဥပပဇ္ဇေယ။ ဣတော နိဒါနဉ္စ ခေါ, မောဃပုရိသာ, ကာယဿ ဘေဒါ ပရံ မရဏာ အပါယံ ဒုဂ္ဂတိံ ဝိနိပါတံ နိရယံ ဥပပဇ္ဇေယျ။ နေတံ, မောဃပုရိသာ, အပ္ပသန္နာနံ ဝါ ပသာဒါယ’’…ပေ… ဝိဂရဟိတွာ ဓမ္မိံ ကထံ ကတွာ ဘိက္ခူ အာမန္တေသိ –</p>
<p class=""bodytext""><a name=""para195""></a><a name=""para195_vin1""></a><span class=""paranum"">၁၉၅</span>။ ‘‘ပဉ္စိမေ, ဘိက္ခဝေ, မဟာစောရာ သန္တော သံဝိဇ္ဇမာနာ လောကသ္မိံ။ ကတမေ ပဉ္စ? ဣဓ, ဘိက္ခဝေ, ဧကစ္စဿ မဟာစောရဿ ဧဝံ ဟောတိ – ‘ကုဒါဿု နာမာဟံ သတေန ဝါ သဟဿေန ဝါ ပရိဝုတော ဂါမနိဂမရာဇ-</p>
",-195-
115,mula_vi_01,115,"<p class=""noindentbodytext""> ဓာနီသု<a name=""M0.0115""></a> အာဟိဏ္ဍိဿာမိ ဟနန္တော ဃာတေန္တော ဆိန္ဒန္တော ဆေဒါပေန္တော ပစန္တော ပါစေန္တော’တိ! သော အပရေန သမယေန သတေန ဝါ သဟဿေန ဝါ ပရိဝုတော ဂါမနိဂမရာဇဓာနီသု အာဟိဏ္ဍတိ ဟနန္တော ဃာတေန္တော ဆိန္ဒန္တော ဆေဒါပေန္တော ပစန္တော ပါစေန္တော။ ဧဝမေဝ ခေါ, ဘိက္ခဝေ, ဣဓေကစ္စဿ ပါပဘိက္ခုနော ဧဝံ ဟောတိ – ‘ကုဒါဿု နာမာဟံ သတေန ဝါ သဟဿေန ဝါ ပရိဝုတော ဂါမနိဂမရာဇဓာနီသု စာရိကံ စရိဿာမိ သက္ကတော ဂရုကတော မာနိတော ပူဇိတော အပစိတော ဂဟဋ္ဌာနဉ္စေဝ ပဗ္ဗဇိတာနဉ္စ, လာဘီ စီဝရပိဏ္ဍပါတသေနာသနဂိလာနပ္ပစ္စယဘေသဇ္ဇပရိက္ခာရာန’န္တိ<a name=""T1.0170""></a>! သော အပရေန သမယေန သတေန ဝါ သဟဿေန ဝါ ပရိဝုတော ဂါမနိဂမရာဇဓာနီသု စာရိကံ စရတိ သက္ကတော ဂရုကတော မာနိတော ပူဇိတော အပစိတော <a name=""P3.0090""></a> ဂဟဋ္ဌာနဉ္စေဝ ပဗ္ဗဇိတာနဉ္စ, လာဘီ စီဝရပိဏ္ဍပါတသေနာသနဂိလာနပ္ပစ္စယဘေသဇ္ဇပရိက္ခာရာနံ။ အယံ, ဘိက္ခဝေ, ပဌမော မဟာစောရော သန္တော သံဝိဇ္ဇမာနော လောကသ္မိံ။</p>
<p class=""bodytext"">‘‘ပုန စပရံ, ဘိက္ခဝေ, ဣဓေကစ္စော ပါပဘိက္ခု တထာဂတပ္ပဝေဒိတံ ဓမ္မဝိနယံ ပရိယာပုဏိတွာ အတ္တနော ဒဟတိ။ အယံ, ဘိက္ခဝေ, ဒုတိယော မဟာစောရော သန္တော သံဝိဇ္ဇမာနော လောကသ္မိံ။</p>
<p class=""bodytext"">‘‘ပုန စပရံ, ဘိက္ခဝေ, ဣဓေကစ္စော ပါပဘိက္ခု သုဒ္ဓံ ဗြဟ္မစာရိံ ပရိသုဒ္ဓံ ဗြဟ္မစရိယံ စရန္တံ <a name=""V0.0110""></a> အမူလကေန အဗြဟ္မစရိယေန အနုဒ္ဓံသေတိ။ အယံ, ဘိက္ခဝေ, တတိယော မဟာစောရော သန္တော သံဝိဇ္ဇမာနော လောကသ္မိံ။</p>
<p class=""bodytext"">‘‘ပုန စပရံ, ဘိက္ခဝေ, ဣဓေကစ္စော ပါပဘိက္ခု ယာနိ တာနိ သံဃဿ ဂရုဘဏ္ဍာနိ ဂရုပရိက္ခာရာနိ, သေယျထိဒံ – အာရာမော အာရာမဝတ္ထု ဝိဟာရော ဝိဟာရဝတ္ထု မဉ္စော ပီဌံ ဘိသိ ဗိမ္ဗောဟနံ <span class=""note"">[ဗိမ္ဗောဟနံ (သီ။ သျာ။)]</span> လောဟကုမ္ဘီ လောဟဘာဏကံ လောဟဝါရကော လောဟကဋာဟံ ဝါသီ ပရသု <span class=""note"">[ဖရသု (သီ။ သျာ။)]</span> ကုဌာရီ ကုဒါလော နိခါဒနံ ဝလ္လိ ဝေဠု မုဉ္ဇံ ပဗ္ဗဇံ တိဏံ မတ္တိကာ ဒါရုဘဏ္ဍံ မတ္တိကာဘဏ္ဍံ, တေဟိ ဂိဟိံ သင်္ဂဏှာတိ ဥပလာပေတိ။ အယံ, ဘိက္ခဝေ, စတုတ္ထော မဟာစောရော သန္တော သံဝိဇ္ဇမာနော လောကသ္မိံ။</p>
<p class=""bodytext"">‘‘သဒေဝကေ, ဘိက္ခဝေ, လောကေ သမာရကေ သဗြဟ္မကေ သဿမဏဗြာဟ္မဏိယာ ပဇာယ သဒေဝမနုဿာယ အယံ အဂ္ဂေါ မဟာစောရော ယော အသန္တံ အဘူတံ ဥတ္တရိမနုဿဓမ္မံ <a name=""T1.0171""></a> ဥလ္လပတိ။ တံ ကိဿ ဟေတု? ထေယျာယ ဝေါ, ဘိက္ခဝေ, ရဋ္ဌပိဏ္ဍော ဘုတ္တော’’တိ။</p>
<p class=""gatha1""><span class=""note"">[သံ။ နိ။ ၁။၃၅]</span></p>
",
116,mula_vi_01,116,"<p class=""gatha1""> အညထာ<a name=""M0.0116""></a> သန္တမတ္တာနံ, အညထာ ယော ပဝေဒယေ၊</p>
<p class=""gathalast"">နိကစ္စ ကိတဝဿေဝ, ဘုတ္တံ ထေယျေန တဿ တံ။</p>
<p class=""gatha1""><span class=""note"">[ဓ။ ပ။ ၃၀၇ ဓမ္မပဒေပိ]</span> ကာသာဝကဏ္ဌာ ဗဟဝေါ, ပါပဓမ္မာ အသညတာ၊</p>
<p class=""gathalast"">ပါပါ ပါပေဟိ ကမ္မေဟိ, နိရယံ တေ ဥပပဇ္ဇရေ။</p>
<p class=""gatha1""><span class=""note"">[ဓ။ ပ။ ၃၀၇ ဓမ္မပဒေပိ]</span> သေယျော အယောဂုဠော ဘုတ္တော, တတ္တော အဂ္ဂိသိခူပမော၊</p>
<p class=""gathalast"">ယဉ္စေ ဘုဉ္ဇေယျ ဒုဿီလော, ရဋ္ဌပိဏ္ဍံ အသညတောတိ။</p>
<p class=""bodytext"">အထ ခေါ ဘဂဝါ တေ ဝဂ္ဂုမုဒါတီရိယေ ဘိက္ခူ အနေကပရိယာယေန ဝိဂရဟိတွာ ဒုဗ္ဘရတာယ ဒုပ္ပေါသတာယ…ပေ… ဧဝဉ္စ ပန, ဘိက္ခဝေ, ဣမံ သိက္ခာပဒံ ဥဒ္ဒိသေယျာထ –</p>
<p class=""bodytext""><span class=""bld"">‘‘ယော ပန ဘိက္ခု အနဘိဇာနံ ဥတ္တရိမနုဿဓမ္မံ အတ္တုပနာယိကံ အလမရိယဉာဏဒဿနံ သမုဒါစရေယျ – ‘ဣတိ ဇာနာမိ ဣတိ ပဿာမီ’တိ, တတော အပရေန သမယေန သမနုဂ္ဂါဟီယမာနော ဝါ အသမနုဂ္ဂါဟီယမာနော ဝါ အာပန္နော ဝိသုဒ္ဓါပေက္ခော ဧဝံ ဝဒေယျ – ‘အဇာနမေဝံ, အာဝုသော, အဝစံ ဇာနာမိ</span><a name=""P3.0091""></a><a name=""V0.0111""></a>, <span class=""bld"">အပဿံ ပဿာမိ။ တုစ္ဆံ မုသာ ဝိလပိ’န္တိ, အယမ္ပိ ပါရာဇိကော ဟောတိ အသံဝါသော’’တိ</span>။</p>
<p class=""bodytext"">ဧဝဉ္စိဒံ ဘဂဝတာ ဘိက္ခူနံ သိက္ခာပဒံ ပညတ္တံ ဟောတိ။</p>
<p class=""bodytext""><a name=""para196""></a><a name=""para196_vin1""></a><span class=""paranum"">၁၉၆</span>။ တေန ခေါ ပန သမယေန သမ္ဗဟုလာ ဘိက္ခူ အဒိဋ္ဌေ ဒိဋ္ဌသညိနော အပတ္တေ ပတ္တသညိနော အနဓိဂတေ အဓိဂတသညိနော အသစ္ဆိကတေ သစ္ဆိကတသညိနော <a name=""T1.0172""></a> အဓိမာနေန အညံ ဗျာကရိံသု။ တေသံ အပရေန သမယေန ရာဂါယပိ စိတ္တံ နမတိ ဒေါသာယပိ စိတ္တံ နမတိ မောဟာယပိ စိတ္တံ နမတိ။ တေသံ ကုက္ကုစ္စံ အဟောသိ – ‘‘ဘဂဝတာ သိက္ခာပဒံ ပညတ္တံ။ မယဉ္စမှ အဒိဋ္ဌေ ဒိဋ္ဌသညိနော အပတ္တေ ပတ္တသညိနော အနဓိဂတေ အဓိဂတသညိနော အသစ္ဆိကတေ သစ္ဆိကတသညိနော, အဓိမာနေန အညံ ဗျာကရိမှာ။ ကစ္စိ နု ခေါ မယံ ပါရာဇိကံ အာပတ္တိံ အာပန္နာ’’တိ? တေ အာယသ္မတော အာနန္ဒဿ ဧတမတ္ထံ အာရောစေသုံ။ အာယသ္မာ အာနန္ဒော ဘဂဝတော ဧတမတ္ထံ အာရောစေသိ။ ‘‘ဟောန္တိ ယေ တေ, အာနန္ဒ <span class=""note"">[ဟောန္တိ ယေဝါနန္ဒ (သျာ။), ဟောန္တိ တေ အာနန္ဒ (သီ။)]</span>, ဘိက္ခူ အဒိဋ္ဌေ ဒိဋ္ဌသညိနော အပတ္တေ ပတ္တသညိနော အနဓိဂတေ အဓိဂတသညိနော အသစ္ဆိကတေ သစ္ဆိကတသညိနော အဓိမာနေန အညံ ဗျာကရောန္တိ။ တဉ္စ ခေါ ဧတံ အဗ္ဗောဟာရိက’’န္တိ။</p>
<p class=""bodytext"">‘‘ဧဝဉ္စ ပန, ဘိက္ခဝေ, ဣမံ သိက္ခာပဒံ ဥဒ္ဒိသေယျာထ –</p>
",-196-
117,mula_vi_01,117,"<p class=""bodytext""><a name=""para197""></a><a name=""para197_vin1""></a><span class=""paranum"">၁၉၇</span>။ <span class=""bld"">‘‘ယော</span> <a name=""M0.0117""></a> <span class=""bld"">ပန ဘိက္ခု အနဘိဇာနံ ဥတ္တရိမနုဿဓမ္မံ အတ္တုပနာယိကံ အလမရိယဉာဏဒဿနံ သမုဒါစရေယျ – ‘ဣတိ ဇာနာမိ ဣတိ ပဿာမီ’တိ, တတော အပရေန သမယေန သမနုဂ္ဂါဟီယမာနော ဝါ အသမနုဂ္ဂါဟီယမာနော ဝါ အာပန္နော ဝိသုဒ္ဓါပေက္ခော ဧဝံ ဝဒေယျ – ‘အဇာနမေဝံ, အာဝုသော, အဝစံ ဇာနာမိ, အပဿံ ပဿာမိ။ တုစ္ဆံ မုသာ ဝိလပိ’န္တိ, အညတြ အဓိမာနာ, အယမ္ပိ ပါရာဇိကော ဟောတိ အသံဝါသော’’တိ။</span></p>
<p class=""bodytext""><a name=""para198""></a><a name=""para198_vin1""></a><span class=""paranum"">၁၉၈</span>။ <span class=""bld"">ယော ပနာ</span>တိ <a name=""T1.0173""></a> ယော ယာဒိသော…ပေ… <span class=""bld"">ဘိက္ခူ</span>တိ…ပေ… အယံ ဣမသ္မိံ အတ္ထေ အဓိပ္ပေတော ဘိက္ခူတိ။</p>
<p class=""bodytext""><span class=""bld"">အနဘိဇာန</span>န္တိ အသန္တံ အဘူတံ အသံဝိဇ္ဇမာနံ အဇာနန္တော အပဿန္တော အတ္တနိ ကုသလံ ဓမ္မံ – အတ္ထိ မေ ကုသလော ဓမ္မောတိ။</p>
<p class=""bodytext""><span class=""note"">[ပါစိ။ ၇၀]</span> <span class=""bld"">ဥတ္တရိမနုဿဓမ္မော</span> <a name=""V0.0112""></a> နာမ ဈာနံ ဝိမောက္ခော <span class=""note"">[ဝိမောက္ခံ (သီ။ သျာ။)]</span> သမာဓိ သမာပတ္တိ ဉာဏဒဿနံ မဂ္ဂဘာဝနာ ဖလသစ္ဆိကိရိယာ ကိလေသပ္ပဟာနံ ဝိနီဝရဏတာ စိတ္တဿ သုညာဂါရေ အဘိရတိ။</p>
<p class=""bodytext""><span class=""bld"">အတ္တုပနာယိက</span>န္တိ တေ ဝါ ကုသလေ ဓမ္မေ အတ္တနိ ဥပနေတိ အတ္တာနံ ဝါ တေသု ကုသလေသု ဓမ္မေသု ဥပနေတိ။</p>
<p class=""bodytext""><span class=""bld"">ဉာဏ</span>န္တိ တိဿော ဝိဇ္ဇာ။ <span class=""bld"">ဒဿန</span>န္တိ ယံ ဉာဏံ တံ ဒဿနံ။ ယံ ဒဿနံ တံ ဉာဏံ။</p>
<p class=""bodytext""><span class=""bld"">သမုဒါစရေယျာ</span>တိ <a name=""P3.0092""></a> အာရောစေယျ ဣတ္ထိယာ ဝါ ပုရိသဿ ဝါ ဂဟဋ္ဌဿ ဝါ ပဗ္ဗဇိတဿ ဝါ။</p>
<p class=""bodytext""><span class=""bld"">ဣတိ ဇာနာမိ ဣတိ ပဿာမီ</span>တိ ဇာနာမဟံ ဧတေ ဓမ္မေ, ပဿာမဟံ ဧတေ ဓမ္မေ အတ္ထိ စ ဧတေ ဓမ္မာ မယိ, အဟဉ္စ ဧတေသု ဓမ္မေသု သန္ဒိဿာမီတိ။</p>
<p class=""bodytext""><span class=""bld"">တတော အပရေန သမယေနာ</span>တိ ယသ္မိံ ခဏေ သမုဒါစိဏ္ဏံ ဟောတိ တံ ခဏံ တံ လယံ တံ မုဟုတ္တံ ဝီတိဝတ္တေ။</p>
<p class=""bodytext""><span class=""bld"">သမနုဂ္ဂါဟီယမာနော</span>တိ ယံ ဝတ္ထု ပဋိညာတံ ဟောတိ တသ္မိံ ဝတ္ထုသ္မိံ သမနုဂ္ဂါဟီယမာနော – ‘‘ကိန္တေ အဓိဂတံ, ကိန္တိ တေ အဓိဂတံ, ကဒါ တေ အဓိဂတံ, ကတ္ထ တေ အဓိဂတံ, ကတမေ တေ ကိလေသာ ပဟီနာ, ကတမေသံ တွံ ဓမ္မာနံ လာဘီ’’တိ။</p>
",-197-198-
118,mula_vi_01,118,"<p class=""bodytext""><span class=""bld"">အသမနုဂ္ဂါဟီယမာနော</span>တိ <a name=""M0.0118""></a> န ကေနစိ ဝုစ္စမာနော။</p>
<p class=""bodytext""><span class=""bld"">အာပန္နော</span>တိ ပါပိစ္ဆော ဣစ္ဆာပကတော <a name=""T1.0174""></a> အသန္တံ အဘူတံ ဥတ္တရိမနုဿဓမ္မံ ဥလ္လပိတွာ ပါရာဇိကံ အာပတ္တိံ အာပန္နော ဟောတိ။</p>
<p class=""bodytext""><span class=""bld"">ဝိသုဒ္ဓါပေက္ခော</span>တိ ဂိဟီ ဝါ ဟောတုကာမော ဥပါသကော ဝါ ဟောတုကာမော အာရာမိကော ဝါ ဟောတုကာမော သာမဏေရော ဝါ ဟောတုကာမော။</p>
<p class=""bodytext""><span class=""bld"">အဇာနမေဝံ<a name=""V0.0113""></a>, အာဝုသော, အဝစံ – ဇာနာမိ, အပဿံ ပဿာမီ</span>တိ နာဟံ ဧတေ ဓမ္မေ ဇာနာမိ, နာဟံ ဧတေ ဓမ္မေ ပဿာမိ, နတ္ထိ စ ဧတေ ဓမ္မာ မယိ, န စာဟံ ဧတေသု ဓမ္မေသု သန္ဒိဿာမီတိ။</p>
<p class=""bodytext""><span class=""bld"">တုစ္ဆံ မုသာ ဝိလပိ</span>န္တိ တုစ္ဆကံ မယာ ဘဏိတံ, မုသာ မယာ ဘဏိတံ, အဘူတံ မယာ ဘဏိတံ, အဇာနန္တေန မယာ ဘဏိတံ။</p>
<p class=""bodytext""><span class=""bld"">အညတြ အဓိမာနာ</span>တိ ဌပေတွာ အဓိမာနံ။</p>
<p class=""bodytext""><span class=""bld"">အယမ္ပီ</span>တိ ပုရိမေ ဥပါဒါယ ဝုစ္စတိ။</p>
<p class=""bodytext""><span class=""bld"">ပါရာဇိကော ဟောတီ</span>တိ သေယျထာပိ နာမ တာလော မတ္ထကစ္ဆိန္နော အဘဗ္ဗော ပုန ဝိရူဠှိယာ, ဧဝမေဝ ဘိက္ခု ပါပိစ္ဆော ဣစ္ဆာပကတော အသန္တံ အဘူတံ ဥတ္တရိမနုဿဓမ္မံ ဥလ္လပိတွာ အဿမဏော ဟောတိ အသကျပုတ္တိယော။ တေန ဝုစ္စတိ – ‘‘ပါရာဇိကော ဟောတီ’’တိ။</p>
<p class=""bodytext""><span class=""bld"">အသံဝါသော</span>တိ သံဝါသော နာမ ဧကကမ္မံ ဧကုဒ္ဒေသော သမသိက္ခတာ – ဧသော သံဝါသော နာမ။ သော တေန သဒ္ဓိံ နတ္ထိ။ တေန ဝုစ္စတိ – ‘‘အသံဝါသော’’တိ။</p>
<p class=""bodytext""><a name=""para199""></a><a name=""para199_vin1""></a><span class=""paranum"">၁၉၉</span>။ <span class=""bld"">ဥတ္တရိမနုဿဓမ္မော</span> နာမ ဈာနံ ဝိမောက္ခော သမာဓိ သမာပတ္တိ ဉာဏဒဿနံ မဂ္ဂဘာဝနာ ဖလသစ္ဆိကိရိယာ ကိလေသပ္ပဟာနံ ဝိနီဝရဏတာ စိတ္တဿ သုညာဂါရေ အဘိရတိ။</p>
<p class=""bodytext""><span class=""note"">[ပါစိ။ ၇၀]</span> <span class=""bld"">ဈာန</span>န္တိ ပဌမံ ဈာနံ ဒုတိယံ ဈာနံ <a name=""T1.0175""></a> တတိယံ ဈာနံ စတုတ္ထံ ဈာနံ။</p>
<p class=""bodytext""><span class=""note"">[ပါစိ။ ၇၀]</span> <span class=""bld"">ဝိမောက္ခော</span>တိ သုညတော ဝိမောက္ခော အနိမိတ္တော ဝိမောက္ခော အပ္ပဏိဟိတော ဝိမောက္ခော။</p>
<p class=""bodytext""><span class=""note"">[ပါစိ။ ၇၀]</span> <span class=""bld"">သမာဓီ</span>တိ <a name=""P3.0093""></a> သုညတော သမာဓိ အနိမိတ္တော သမာဓိ အပ္ပဏိဟိတော သမာဓိ။</p>
",-199-
119,mula_vi_01,119,"<p class=""bodytext""><span class=""note"">[ပါစိ။ ၇၀]</span> <span class=""bld"">သမာပတ္တီ</span>တိ <a name=""M0.0119""></a> သုညတာ သမာပတ္တိ အနိမိတ္တာ သမာပတ္တိ အပ္ပဏိဟိတာ သမာပတ္တိ။</p>
<p class=""bodytext""><span class=""note"">[ပါစိ။ ၇၀]</span> <span class=""bld"">ဉာဏဒဿန</span>န္တိ တိဿော ဝိဇ္ဇာ။</p>
<p class=""bodytext""><span class=""note"">[ပါစိ။ ၇၀]</span> <span class=""bld"">မဂ္ဂဘာဝနာ</span>တိ <a name=""V0.0114""></a> စတ္တာရော သတိပဋ္ဌာနာ, စတ္တာရော သမ္မပ္ပဓာနာ, စတ္တာရော ဣဒ္ဓိပါဒါ, ပဉ္စိန္ဒြိယာနိ, ပဉ္စ ဗလာနိ, သတ္တ ဗောဇ္ဈင်္ဂါ, အရိယော အဋ္ဌင်္ဂိကော မဂ္ဂေါ။</p>
<p class=""bodytext""><span class=""note"">[ပါစိ။ ၇၀]</span> <span class=""bld"">ဖလသစ္ဆိကိရိယာ</span>တိ သောတာပတ္တိဖလဿ သစ္ဆိကိရိယာ, သကဒါဂါမိဖလဿ သစ္ဆိကိရိယာ, အနာဂါမိဖလဿ သစ္ဆိကိရိယာ, အရဟတ္တဿ <span class=""note"">[အရဟတ္တဖလဿ (သျာ။)]</span> သစ္ဆိကိရိယာ။</p>
<p class=""bodytext""><span class=""note"">[ပါစိ။ ၇၀]</span> <span class=""bld"">ကိလေသပ္ပဟာန</span>န္တိ ရာဂဿ ပဟာနံ ဒေါသဿ ပဟာနံ မောဟဿ ပဟာနံ။</p>
<p class=""bodytext""><span class=""note"">[ပါစိ။ ၇၀]</span> <span class=""bld"">ဝိနီဝရဏတာ စိတ္တဿာ</span>တိ ရာဂါ စိတ္တံ ဝိနီဝရဏတာ, ဒေါသာ စိတ္တံ ဝိနီဝရဏတာ, မောဟာ စိတ္တံ ဝိနီဝရဏတာ။</p>
<p class=""bodytext""><span class=""note"">[ပါစိ။ ၇၀]</span> <span class=""bld"">သုညာဂါရေ အဘိရတီ</span>တိ ပဌမေန ဈာနေန သုညာဂါရေ အဘိရတိ, ဒုတိယေန ဈာနေန သုညာဂါရေ အဘိရတိ, တတိယေန ဈာနေန သုညာဂါရေ အဘိရတိ, စတုတ္ထေန ဈာနေန သုညာဂါရေ အဘိရတိ။</p>
<p class=""bodytext""><a name=""para200""></a><a name=""para200_vin1""></a><span class=""paranum"">၂၀၀</span>။ တီဟာကာရေဟိ ပဌမံ ဈာနံ သမာပဇ္ဇိန္တိ သမ္ပဇာနမုသာ ဘဏန္တဿ အာပတ္တိ ပါရာဇိကဿ, ပုဗ္ဗေဝဿ ဟောတိ မုသာ ဘဏိဿန္တိ, ဘဏန္တဿ ဟောတိ မုသာ ဘဏာမီတိ, ဘဏိတဿ ဟောတိ မုသာ မယာ ဘဏိတန္တိ။</p>
<p class=""bodytext"">စတူဟာကာရေဟိ ပဌမံ ဈာနံ သမာပဇ္ဇိန္တိ သမ္ပဇာနမုသာ ဘဏန္တဿ အာပတ္တိ ပါရာဇိကဿ – ပုဗ္ဗေဝဿ ဟောတိ မုသာ ဘဏိဿန္တိ, ဘဏန္တဿ ဟောတိ မုသာ ဘဏာမီတိ, ဘဏိတဿ <a name=""T1.0176""></a> ဟောတိ မုသာ မယာ ဘဏိတန္တိ, ဝိနိဓာယ ဒိဋ္ဌိံ။</p>
<p class=""bodytext"">ပဉ္စဟာကာရေဟိ ပဌမံ ဈာနံ သမာပဇ္ဇိန္တိ သမ္ပဇာနမုသာ ဘဏန္တဿ အာပတ္တိ ပါရာဇိကဿ – ပုဗ္ဗေဝဿ ဟောတိ မုသာ ဘဏိဿန္တိ, ဘဏန္တဿ ဟောတိ မုသာ ဘဏာမီတိ, ဘဏိတဿ ဟောတိ မုသာ မယာ ဘဏိတန္တိ, ဝိနိဓာယ ဒိဋ္ဌိံ ဝိနိဓာယ ခန္တိံ။</p>
",-200-
120,mula_vi_01,120,"<p class=""bodytext"">ဆဟာကာရေဟိ <a name=""M0.0120""></a> ပဌမံ ဈာနံ သမာပဇ္ဇိန္တိ သမ္ပဇာနမုသာ ဘဏန္တဿ အာပတ္တိ ပါရာဇိကဿ <a name=""V0.0115""></a> – ပုဗ္ဗေဝဿ ဟောတိ မုသာ ဘဏိဿန္တိ, ဘဏန္တဿ ဟောတိ မုသာ ဘဏာမီတိ, ဘဏိတဿ ဟောတိ မုသာ မယာ ဘဏိတန္တိ, ဝိနိဓာယ ဒိဋ္ဌိံ, ဝိနိဓာယ ခန္တိံ, ဝိနိဓာယ ရုစိံ။</p>
<p class=""bodytext"">သတ္တဟာကာရေဟိ ပဌမံ ဈာနံ သမာပဇ္ဇိန္တိ သမ္ပဇာနမုသာ ဘဏန္တဿ အာပတ္တိ ပါရာဇိကဿ – ပုဗ္ဗေဝဿ ဟောတိ မုသာ ဘဏိဿန္တိ, ဘဏန္တဿ ဟောတိ မုသာ ဘဏာမီတိ, ဘဏိတဿ ဟောတိ မုသာ မယာ ဘဏိတန္တိ, ဝိနိဓာယ ဒိဋ္ဌိံ, ဝိနိဓာယ ခန္တိံ, ဝိနိဓာယ ရုစိံ, ဝိနိဓာယ ဘာဝံ။</p>
<p class=""bodytext""><a name=""para201""></a><a name=""para201_vin1""></a><span class=""paranum"">၂၀၁</span>။ တီဟာကာရေဟိ ပဌမံ ဈာနံ သမာပဇ္ဇာမီတိ သမ္ပဇာနမုသာ ဘဏန္တဿ အာပတ္တိ ပါရာဇိကဿ – ပုဗ္ဗေဝဿ ဟောတိ မုသာ ဘဏိဿန္တိ, ဘဏန္တဿ ဟောတိ မုသာ ဘဏာမီတိ, ဘဏိတဿ ဟောတိ မုသာ မယာ ဘဏိတန္တိ။</p>
<p class=""bodytext"">စတူဟာကာရေဟိ ပဌမံ ဈာနံ သမာပဇ္ဇာမီတိ သမ္ပဇာနမုသာ ဘဏန္တဿ အာပတ္တိ ပါရာဇိကဿ – ပုဗ္ဗေဝဿ ဟောတိ မုသာ ဘဏိဿန္တိ, ဘဏန္တဿ ဟောတိ မုသာ ဘဏာမီတိ, ဘဏိတဿ ဟောတိ မုသာ မယာ ဘဏိတန္တိ, ဝိနိဓာယ ဒိဋ္ဌိံ။</p>
<p class=""bodytext"">ပဉ္စဟာကာရေဟိ <a name=""T1.0177""></a> ပဌမံ ဈာနံ သမာပဇ္ဇာမီတိ သမ္ပဇာနမုသာ ဘဏန္တဿ အာပတ္တိ ပါရာဇိကဿ – ပုဗ္ဗေဝဿ ဟောတိ မုသာ ဘဏိဿန္တိ, ဘဏန္တဿ ဟောတိ မုသာ ဘဏာမီတိ, ဘဏိတဿ ဟောတိ မုသာ မယာ ဘဏိတန္တိ, ဝိနိဓာယ ဒိဋ္ဌိံ, ဝိနိဓာယ ခန္တိံ။</p>
<p class=""bodytext"">ဆဟာကာရေဟိ ပဌမံ ဈာနံ သမာပဇ္ဇာမီတိ သမ္ပဇာနမုသာ ဘဏန္တဿ အာပတ္တိ ပါရာဇိကဿ – ပုဗ္ဗေဝဿ ဟောတိ မုသာ ဘဏိဿန္တိ, ဘဏန္တဿ ဟောတိ မုသာ ဘဏာမီတိ, ဘဏိတဿ ဟောတိ မုသာ မယာ ဘဏိတန္တိ, ဝိနိဓာယ ဒိဋ္ဌိံ, ဝိနိဓာယ ခန္တိံ, ဝိနိဓာယ ရုစိံ။</p>
<p class=""bodytext"">သတ္တဟာကာရေဟိ ပဌမံ ဈာနံ သမာပဇ္ဇာမီတိ သမ္ပဇာနမုသာ ဘဏန္တဿ အာပတ္တိ ပါရာဇိကဿ – ပုဗ္ဗေဝဿ ဟောတိ မုသာ ဘဏိဿန္တိ, ဘဏန္တဿ ဟောတိ မုသာ ဘဏာမီတိ, ဘဏိတဿ ဟောတိ မုသာ မယာ ဘဏိတန္တိ, ဝိနိဓာယ ဒိဋ္ဌိံ, ဝိနိဓာယ ခန္တိံ, ဝိနိဓာယ ရုစိံ, ဝိနိဓာယ ဘာဝံ။</p>
",-201-
121,mula_vi_01,121,"<p class=""bodytext""><a name=""para202""></a><a name=""para202_vin1""></a><span class=""paranum"">၂၀၂</span>။ တီဟာကာရေဟိ <a name=""M0.0121""></a><a name=""V0.0116""></a> ပဌမံ ဈာနံ သမာပန္နောတိ သမ္ပဇာနမုသာ ဘဏန္တဿ အာပတ္တိ ပါရာဇိကဿ – ပုဗ္ဗေဝဿ ဟောတိ မုသာ ဘဏိဿန္တိ, ဘဏန္တဿ ဟောတိ မုသာ ဘဏာမီတိ, ဘဏိတဿ ဟောတိ မုသာ မယာ ဘဏိတန္တိ။</p>
<p class=""bodytext"">စတူဟာကာရေဟိ ပဌမံ ဈာနံ သမာပန္နောတိ သမ္ပဇာနမုသာ ဘဏန္တဿ အာပတ္တိ ပါရာဇိကဿ – ပုဗ္ဗေဝဿ ဟောတိ မုသာ ဘဏိဿန္တိ, ဘဏန္တဿ ဟောတိ မုသာ ဘဏာမီတိ, ဘဏိတဿ ဟောတိ မုသာ မယာ ဘဏိတန္တိ, ဝိနိဓာယ ဒိဋ္ဌိံ။</p>
<p class=""bodytext"">ပဉ္စဟာကာရေဟိ ပဌမံ ဈာနံ သမာပန္နောတိ သမ္ပဇာနမုသာ ဘဏန္တဿ အာပတ္တိ <a name=""T1.0178""></a> ပါရာဇိကဿ – ပုဗ္ဗေဝဿ ဟောတိ မုသာ ဘဏိဿန္တိ, ဘဏန္တဿ ဟောတိ မုသာ ဘဏာမီတိ, ဘဏိတဿ ဟောတိ မုသာ မယာ ဘဏိတန္တိ, ဝိနိဓာယ ဒိဋ္ဌိံ, ဝိနိဓာယ ခန္တိံ။</p>
<p class=""bodytext"">ဆဟာကာရေဟိ ပဌမံ ဈာနံ သမာပန္နောတိ သမ္ပဇာနမုသာ ဘဏန္တဿ အာပတ္တိ ပါရာဇိကဿ – ပုဗ္ဗေဝဿ ဟောတိ မုသာ ဘဏိဿန္တိ, ဘဏန္တဿ ဟောတိ မုသာ ဘဏာမီတိ, ဘဏိတဿ ဟောတိ မုသာ မယာ ဘဏိတန္တိ, ဝိနိဓာယ ဒိဋ္ဌိံ, ဝိနိဓာယ ခန္တိံ, ဝိနိဓာယ ရုစိံ။</p>
<p class=""bodytext"">သတ္တဟာကာရေဟိ ပဌမံ ဈာနံ သမာပန္နောတိ သမ္ပဇာနမုသာ ဘဏန္တဿ အာပတ္တိ ပါရာဇိကဿ – ပုဗ္ဗေဝဿ ဟောတိ မုသာ ဘဏိဿန္တိ, ဘဏန္တဿ ဟောတိ မုသာ ဘဏာမီတိ, ဘဏိတဿ ဟောတိ မုသာ မယာ ဘဏိတန္တိ, ဝိနိဓာယ ဒိဋ္ဌိံ, ဝိနိဓာယ ခန္တိံ, ဝိနိဓာယ ရုစိံ, ဝိနိဓာယ ဘာဝံ။</p>
<p class=""bodytext""><a name=""para203""></a><a name=""para203_vin1""></a><span class=""paranum"">၂၀၃</span>။ တီဟာကာရေဟိ ပဌမဿ ဈာနဿ လာဘီမှီတိ သမ္ပဇာနမုသာ ဘဏန္တဿ အာပတ္တိ ပါရာဇိကဿ – ပုဗ္ဗေဝဿ ဟောတိ မုသာ ဘဏိဿန္တိ, ဘဏန္တဿ ဟောတိ မုသာ ဘဏာမီတိ, ဘဏိတဿ ဟောတိ မုသာ မယာ ဘဏိတန္တိ။</p>
<p class=""bodytext"">စတူဟာကာရေဟိ ပဌမဿ ဈာနဿ လာဘီမှီတိ သမ္ပဇာနမုသာ ဘဏန္တဿ အာပတ္တိ ပါရာဇိကဿ – ပုဗ္ဗေဝဿ ဟောတိ မုသာ ဘဏိဿန္တိ, ဘဏန္တဿ ဟောတိ မုသာ ဘဏာမီတိ, ဘဏိတဿ ဟောတိ မုသာ မယာ ဘဏိတန္တိ, ဝိနိဓာယ ဒိဋ္ဌိံ။</p>
",-202-203-
122,mula_vi_01,122,"<p class=""bodytext"">ပဉ္စဟာကာရေဟိ <a name=""V0.0117""></a><a name=""M0.0122""></a> ပဌမဿ ဈာနဿ လာဘီမှီတိ သမ္ပဇာနမုသာ ဘဏန္တဿ အာပတ္တိ ပါရာဇိကဿ – ပုဗ္ဗေဝဿ ဟောတိ မုသာ ဘဏိဿန္တိ<a name=""T1.0179""></a>, ဘဏန္တဿ ဟောတိ မုသာ ဘဏာမီတိ, ဘဏိတဿ ဟောတိ မုသာ မယာ ဘဏိတန္တိ, ဝိနိဓာယ ဒိဋ္ဌိံ, ဝိနိဓာယ ခန္တိံ။</p>
<p class=""bodytext"">ဆဟာကာရေဟိ ပဌမဿ ဈာနဿ လာဘီမှီတိ သမ္ပဇာနမုသာ ဘဏန္တဿ အာပတ္တိ ပါရာဇိကဿ – ပုဗ္ဗေဝဿ ဟောတိ မုသာ ဘဏိဿန္တိ, ဘဏန္တဿ ဟောတိ မုသာ ဘဏာမီတိ, ဘဏိတဿ ဟောတိ မုသာ မယာ ဘဏိတန္တိ, ဝိနိဓာယ ဒိဋ္ဌိံ, ဝိနိဓာယ ခန္တိံ, ဝိနိဓာယ ရုစိံ။</p>
<p class=""bodytext"">သတ္တဟာကာရေဟိ ပဌမဿ ဈာနဿ လာဘီမှီတိ သမ္ပဇာနမုသာ ဘဏန္တဿ အာပတ္တိ ပါရာဇိကဿ – ပုဗ္ဗေဝဿ ဟောတိ မုသာ ဘဏိဿန္တိ, ဘဏန္တဿ ဟောတိ မုသာ ဘဏာမီတိ, ဘဏိတဿ ဟောတိ မုသာ မယာ ဘဏိတန္တိ, ဝိနိဓာယ ဒိဋ္ဌိံ, ဝိနိဓာယ ခန္တိံ, ဝိနိဓာယ ရုစိံ, ဝိနိဓာယ ဘာဝံ။</p>
<p class=""bodytext""><a name=""para204""></a><a name=""para204_vin1""></a><span class=""paranum"">၂၀၄</span>။ တီဟာကာရေဟိ ပဌမဿ ဈာနဿ ဝသီမှီတိ သမ္ပဇာနမုသာ ဘဏန္တဿ အာပတ္တိ ပါရာဇိကဿ – ပုဗ္ဗေဝဿ ဟောတိ မုသာ ဘဏိဿန္တိ, ဘဏန္တဿ ဟောတိ မုသာ ဘဏာမီတိ, ဘဏိတဿ ဟောတိ မုသာ မယာ ဘဏိတန္တိ။</p>
<p class=""bodytext"">စတူဟာကာရေဟိ ပဌမဿ ဈာနဿ ဝသီမှီတိ သမ္ပဇာနမုသာ ဘဏန္တဿ အာပတ္တိ ပါရာဇိကဿ – ပုဗ္ဗေဝဿ ဟောတိ မုသာ ဘဏိဿန္တိ, ဘဏန္တဿ ဟောတိ မုသာ ဘဏာမီတိ, ဘဏိတဿ ဟောတိ မုသာ မယာ ဘဏိတန္တိ, ဝိနိဓာယ ဒိဋ္ဌိံ။</p>
<p class=""bodytext"">ပဉ္စဟာကာရေဟိ ပဌမဿ ဈာနဿ ဝသီမှီတိ သမ္ပဇာနမုသာ ဘဏန္တဿ အာပတ္တိ ပါရာဇိကဿ – ပုဗ္ဗေဝဿ ဟောတိ မုသာ ဘဏိဿန္တိ, ဘဏန္တဿ ဟောတိ မုသာ ဘဏာမီတိ, ဘဏိတဿ ဟောတိ မုသာ မယာ ဘဏိတန္တိ, ဝိနိဓာယ <a name=""T1.0180""></a> ဒိဋ္ဌိံ, ဝိနိဓာယ ခန္တိံ။</p>
<p class=""bodytext"">ဆဟာကာရေဟိ ပဌမဿ ဈာနဿ ဝသီမှီတိ သမ္ပဇာနမုသာ ဘဏန္တဿ အာပတ္တိ ပါရာဇိကဿ – ပုဗ္ဗေဝဿ ဟောတိ မုသာ ဘဏိဿန္တိ, ဘဏန္တဿ ဟောတိ မုသာ ဘဏာမီတိ, ဘဏိတဿ ဟောတိ မုသာ မယာ ဘဏိတန္တိ, ဝိနိဓာယ ဒိဋ္ဌိံ, ဝိနိဓာယ ခန္တိံ, ဝိနိဓာယ ရုစိံ။</p>
",-204-
123,mula_vi_01,123,"<p class=""bodytext"">သတ္တဟာကာရေဟိ <a name=""M0.0123""></a> ပဌမဿ ဈာနဿ ဝသီမှီတိ သမ္ပဇာနမုသာ ဘဏန္တဿ အာပတ္တိ ပါရာဇိကဿ – ပုဗ္ဗေဝဿ ဟောတိ မုသာ ဘဏိဿန္တိ, ဘဏန္တဿ ဟောတိ မုသာ ဘဏာမီတိ, ဘဏိတဿ ဟောတိ မုသာ မယာ ဘဏိတန္တိ, ဝိနိဓာယ ဒိဋ္ဌိံ, ဝိနိဓာယ ခန္တိံ, ဝိနိဓာယ ရုစိံ, ဝိနိဓာယ ဘာဝံ။</p>
<p class=""bodytext""><a name=""para205""></a><a name=""para205_vin1""></a><span class=""paranum"">၂၀၅</span>။ တီဟာကာရေဟိ <a name=""P3.0094""></a><a name=""V0.0118""></a> ပဌမံ ဈာနံ သစ္ဆိကတံ မယာတိ သမ္ပဇာနမုသာ ဘဏန္တဿ အာပတ္တိ ပါရာဇိကဿ – ပုဗ္ဗေဝဿ ဟောတိ မုသာ ဘဏိဿန္တိ, ဘဏန္တဿ ဟောတိ မုသာ ဘဏာမီတိ, ဘဏိတဿ ဟောတိ မုသာ မယာ ဘဏိတန္တိ။</p>
<p class=""bodytext"">စတူဟာကာရေဟိ ပဌမံ ဈာနံ သစ္ဆိကတံ မယာတိ သမ္ပဇာနမုသာ ဘဏန္တဿ အာပတ္တိ ပါရာဇိကဿ – ပုဗ္ဗေဝဿ ဟောတိ မုသာ ဘဏိဿန္တိ, ဘဏန္တဿ ဟောတိ မုသာ ဘဏာမီတိ, ဘဏိတဿ ဟောတိ မုသာ မယာ ဘဏိတန္တိ, ဝိနိဓာယ ဒိဋ္ဌိံ။</p>
<p class=""bodytext"">ပဉ္စဟာကာရေဟိ ပဌမံ ဈာနံ သစ္ဆိကတံ မယာတိ သမ္ပဇာနမုသာ ဘဏန္တဿ အာပတ္တိ ပါရာဇိကဿ – ပုဗ္ဗေဝဿ ဟောတိ မုသာ ဘဏိဿန္တိ, ဘဏန္တဿ ဟောတိ မုသာ ဘဏာမီတိ, ဘဏိတဿ ဟောတိ မုသာ မယာ ဘဏိတန္တိ, ဝိနိဓာယ ဒိဋ္ဌိံ, ဝိနိဓာယ ခန္တိံ။</p>
<p class=""bodytext"">ဆဟာကာရေဟိ ပဌမံ ဈာနံ <a name=""T1.0181""></a> သစ္ဆိကတံ မယာတိ သမ္ပဇာနမုသာ ဘဏန္တဿ အာပတ္တိ ပါရာဇိကဿ – ပုဗ္ဗေဝဿ ဟောတိ မုသာ ဘဏိဿန္တိ, ဘဏန္တဿ ဟောတိ မုသာ ဘဏာမီတိ, ဘဏိတဿ ဟောတိ မုသာ မယာ ဘဏိတန္တိ, ဝိနိဓာယ ဒိဋ္ဌိံ, ဝိနိဓာယ ခန္တိံ, ဝိနိဓာယ ရုစိံ။</p>
<p class=""bodytext"">သတ္တဟာကာရေဟိ ပဌမံ ဈာနံ သစ္ဆိကတံ မယာတိ သမ္ပဇာနမုသာ ဘဏန္တဿ အာပတ္တိ ပါရာဇိကဿ – ပုဗ္ဗေဝဿ ဟောတိ မုသာ ဘဏိဿန္တိ, ဘဏန္တဿ ဟောတိ မုသာ ဘဏာမီတိ, ဘဏိတဿ ဟောတိ မုသာ မယာ ဘဏိတန္တိ, ဝိနိဓာယ ဒိဋ္ဌိံ, ဝိနိဓာယ ခန္တိံ, ဝိနိဓာယ ရုစိံ, ဝိနိဓာယ ဘာဝံ။</p>
<p class=""bodytext"">ယထာ ဣဒံ ပဌမံ ဈာနံ ဝိတ္ထာရိတံ တံ သဗ္ဗမ္ပိ ဝိတ္ထာရေတဗ္ဗံ။</p>
<p class=""bodytext""><a name=""para206""></a><a name=""para206_vin1""></a><span class=""paranum"">၂၀၆</span>။ တီဟာကာရေဟိ…ပေ… သတ္တဟာကာရေဟိ ဒုတိယံ ဈာနံ…ပေ… တတိယံ ဈာနံ…ပေ… စတုတ္ထံ <a name=""V0.0119""></a> ဈာနံ သမာပဇ္ဇိံ… သမာပဇ္ဇာမိ… သမာပန္နော…</p>
",-205-206-
124,mula_vi_01,124,"<p class=""noindentbodytext""> စတုတ္ထဿ<a name=""M0.0124""></a> ဈာနဿ လာဘီမှိ… ဝသီမှိ… စတုတ္ထံ ဈာနံ သစ္ဆိကတံ မယာတိ သမ္ပဇာနမုသာ ဘဏန္တဿ အာပတ္တိ ပါရာဇိကဿ။ ပုဗ္ဗေဝဿ ဟောတိ မုသာ ဘဏိဿန္တိ, ဘဏန္တဿ ဟောတိ မုသာ ဘဏာမီတိ, ဘဏိတဿ ဟောတိ မုသာ မယာ ဘဏိတန္တိ, ဝိနိဓာယ ဒိဋ္ဌိံ, ဝိနိဓာယ ခန္တိံ, ဝိနိဓာယ ရုစိံ, ဝိနိဓာယ ဘာဝံ။</p>
<p class=""bodytext""><a name=""para207""></a><a name=""para207_vin1""></a><span class=""paranum"">၂၀၇</span>။ တီဟာကာရေဟိ သုညတံ ဝိမောက္ခံ… အနိမိတ္တံ ဝိမောက္ခံ… အပ္ပဏိဟိတံ ဝိမောက္ခံ… သမာပဇ္ဇိံ… သမာပဇ္ဇာမိ… သမာပန္နော… အပ္ပဏိဟိတဿ ဝိမောက္ခဿ လာဘီမှိ… ဝသီမှိ… အပ္ပဏိဟိတော ဝိမောက္ခော သစ္ဆိကတော မယာတိ သမ္ပဇာနမုသာ <a name=""T1.0182""></a> ဘဏန္တဿ အာပတ္တိ ပါရာဇိကဿ…ပေ…။</p>
<p class=""bodytext"">တီဟာကာရေဟိ သုညတံ သမာဓိံ… အနိမိတ္တံ သမာဓိံ… အပ္ပဏိဟိတံ သမာဓိံ သမာပဇ္ဇိံ… သမာပဇ္ဇာမိ… သမာပန္နော… အပ္ပဏိဟိတဿ သမာဓိဿ လာဘီမှိ… ဝသီမှိ… အပ္ပဏိဟိတော သမာဓိ သစ္ဆိကတော မယာတိ သမ္ပဇာနမုသာ ဘဏန္တဿ အာပတ္တိ ပါရာဇိကဿ။</p>
<p class=""bodytext"">တီဟာကာရေဟိ သုညတံ သမာပတ္တိံ… အနိမိတ္တံ သမာပတ္တိံ… အပ္ပဏိဟိတံ သမာပတ္တိံ သမာပဇ္ဇိံ… သမာပဇ္ဇာမိ… သမာပန္နော… အပ္ပဏိဟိတာယ သမာပတ္တိယာ လာဘီမှိ… ဝသီမှိ… အပ္ပဏိဟိတာ သမာပတ္တိ သစ္ဆိကတာ မယာတိ သမ္ပဇာနမုသာ ဘဏန္တဿ အာပတ္တိ ပါရာဇိကဿ။</p>
<p class=""bodytext"">တီဟာကာရေဟိ တိဿော ဝိဇ္ဇာ သမာပဇ္ဇိံ… သမာပဇ္ဇာမိ သမာပန္နော… တိဿန္နံ ဝိဇ္ဇာနံ လာဘီမှိ… ဝသီမှိ… တိဿော ဝိဇ္ဇာ သစ္ဆိကတာ မယာတိ သမ္ပဇာနမုသာ ဘဏန္တဿ အာပတ္တိ ပါရာဇိကဿ။</p>
<p class=""bodytext"">တီဟာကာရေဟိ စတ္တာရော သတိပဋ္ဌာနေ… စတ္တာရော သမ္မပ္ပဓာနေ… စတ္တာရော ဣဒ္ဓိပါဒေ သမာပဇ္ဇိံ… သမာပဇ္ဇာမိ… သမာပန္နော… စတုန္နံ ဣဒ္ဓိပါဒါနံ လာဘီမှိ… ဝသီမှိ… စတ္တာရော ဣဒ္ဓိပါဒါ သစ္ဆိကတာ မယာတိ သမ္ပဇာနမုသာ ဘဏန္တဿ အာပတ္တိ ပါရာဇိကဿ။</p>
<p class=""bodytext"">တီဟာကာရေဟိ ပဉ္စိန္ဒြိယာနိ… ပဉ္စ ဗလာနိ သမာပဇ္ဇိံ… သမာပဇ္ဇာမိ… သမာပန္နော <a name=""V0.0120""></a> … ပဉ္စန္နံ ဗလာနံ လာဘီမှိ… ဝသီမှိ… ပဉ္စဗလာနိ သစ္ဆိကတာနိ မယာတိ သမ္ပဇာနမုသာ ဘဏန္တဿ အာပတ္တိ ပါရာဇိကဿ။</p>
<p class=""bodytext"">တီဟာကာရေဟိ <a name=""T1.0183""></a> သတ္တ ဗောဇ္ဈင်္ဂေ သမာပဇ္ဇိံ… သမာပဇ္ဇာမိ… သမာပန္နော… သတ္တန္နံ ဗောဇ္ဈင်္ဂါနံ လာဘီမှိ… ဝသီမှိ… သတ္တ ဗောဇ္ဈင်္ဂါ သစ္ဆိကတာ မယာတိ သမ္ပဇာနမုသာ ဘဏန္တဿ အာပတ္တိ ပါရာဇိကဿ။</p>
",-207-
125,mula_vi_01,125,"<p class=""bodytext"">တီဟာကာရေဟိ <a name=""M0.0125""></a> အရိယံ အဋ္ဌင်္ဂိကံ မဂ္ဂံ သမာပဇ္ဇိံ… သမာပဇ္ဇာမိ… သမာပန္နော… အရိယဿ အဋ္ဌင်္ဂိကဿ မဂ္ဂဿ လာဘီမှိ… ဝသီမှိ… အရိယော အဋ္ဌင်္ဂိကော မဂ္ဂေါ သစ္ဆိကတော မယာတိ သမ္ပဇာနမုသာ ဘဏန္တဿ အာပတ္တိ ပါရာဇိကဿ။</p>
<p class=""bodytext"">တီဟာကာရေဟိ သောတာပတ္တိဖလံ… သကဒါဂါမိဖလံ… အနာဂါမိဖလံ… အရဟတ္တံ သမာပဇ္ဇိံ… သမာပဇ္ဇာမိ… သမာပန္နော… အရဟတ္တဿ လာဘီမှိ ဝသီမှိ အရဟတ္တံ သစ္ဆိကတံ မယာတိ သမ္ပဇာနမုသာ ဘဏန္တဿ အာပတ္တိ ပါရာဇိကဿ<a name=""P3.0095""></a>။</p>
<p class=""bodytext"">တီဟာကာရေဟိ ရာဂေါ မေ စတ္တော ဝန္တော မုတ္တော ပဟီနော ပဋိနိဿဋ္ဌော ဥက္ခေဋိတော သမုက္ခေဋိတောတိ သမ္ပဇာနမုသာ ဘဏန္တဿ အာပတ္တိ ပါရာဇိကဿ။</p>
<p class=""bodytext"">တီဟာကာရေဟိ ဒေါသော မေ စတ္တော ဝန္တော မုတ္တော ပဟီနော ပဋိနိဿဋ္ဌော ဥက္ခေဋိတော သမုက္ခေဋိတောတိ သမ္ပဇာနမုသာ ဘဏန္တဿ အာပတ္တိ ပါရာဇိကဿ။</p>
<p class=""bodytext"">တီဟာကာရေဟိ မောဟော မေ စတ္တော ဝန္တော မုတ္တော ပဟီနော ပဋိနိဿဋ္ဌော ဥက္ခေဋိတော သမုက္ခေဋိတောတိ သမ္ပဇာနမုသာ ဘဏန္တဿ အာပတ္တိ ပါရာဇိကဿ။</p>
<p class=""bodytext"">တီဟာကာရေဟိ ရာဂါ မေ စိတ္တံ ဝိနီဝရဏန္တိ သမ္ပဇာနမုသာ ဘဏန္တဿ အာပတ္တိ ပါရာဇိကဿ။</p>
<p class=""bodytext"">တီဟာကာရေဟိ ဒေါသာ မေ စိတ္တံ ဝိနီဝရဏန္တိ သမ္ပဇာနမုသာ ဘဏန္တဿ အာပတ္တိ ပါရာဇိကဿ။</p>
<p class=""bodytext"">တီဟာကာရေဟိ <a name=""V0.0121""></a> …ပေ… သတ္တဟာကာရေဟိ မောဟာ မေ စိတ္တံ ဝိနီဝရဏန္တိ သမ္ပဇာနမုသာ ဘဏန္တဿ အာပတ္တိ <a name=""T1.0184""></a> ပါရာဇိကဿ – ပုဗ္ဗေဝဿ ဟောတိ မုသာ ဘဏိဿန္တိ, ဘဏန္တဿ ဟောတိ မုသာ ဘဏာမီတိ, ဘဏိတဿ ဟောတိ မုသာ မယာ ဘဏိတန္တိ, ဝိနိဓာယ ဒိဋ္ဌိံ, ဝိနိဓာယ ခန္တိံ, ဝိနိဓာယ ရုစိံ, ဝိနိဓာယ ဘာဝံ။</p>
<p class=""centered"">သုဒ္ဓိကံ နိဋ္ဌိတံ။</p>
",
126,mula_vi_01,126,"<p class=""bodytext""><a name=""para208""></a><a name=""para208_vin1""></a><span class=""paranum"">၂၀၈</span>။ တီဟာကာရေဟိ <a name=""M0.0126""></a> ပဌမဉ္စ ဈာနံ ဒုတိယဉ္စ ဈာနံ သမာပဇ္ဇိံ… သမာပဇ္ဇာမိ… သမာပန္နော… ပဌမဿ စ ဈာနဿ ဒုတိယဿ စ ဈာနဿ လာဘီမှိ… ဝသီမှိ… ပဌမဉ္စ ဈာနံ ဒုတိယဉ္စ ဈာနံ သစ္ဆိကတံ မယာတိ သမ္ပဇာနမုသာ ဘဏန္တဿ အာပတ္တိ ပါရာဇိကဿ…ပေ…။</p>
<p class=""bodytext"">တီဟာကာရေဟိ ပဌမဉ္စ ဈာနံ တတိယဉ္စ ဈာနံ သမာပဇ္ဇိံ… သမာပဇ္ဇာမိ… သမာပန္နော… ပဌမဿ စ ဈာနဿ တတိယဿ စ ဈာနဿ လာဘီမှိ… ဝသီမှိ… ပဌမဉ္စ ဈာနံ တတိယဉ္စ ဈာနံ သစ္ဆိကတံ မယာတိ သမ္ပဇာနမုသာ ဘဏန္တဿ အာပတ္တိ ပါရာဇိကဿ။</p>
<p class=""bodytext"">တီဟာကာရေဟိ ပဌမဉ္စ ဈာနံ စတုတ္ထဉ္စ ဈာနံ သမာပဇ္ဇိံ… သမာပဇ္ဇာမိ… သမာပန္နော… ပဌမဿ စ ဈာနဿ စတုတ္ထဿ စ ဈာနဿ လာဘီမှိ… ဝသီမှိ… ပဌမဉ္စ ဈာနံ စတုတ္ထဉ္စ ဈာနံ သစ္ဆိကတံ မယာတိ သမ္ပဇာနမုသာ ဘဏန္တဿ အာပတ္တိ ပါရာဇိကဿ။</p>
<p class=""bodytext"">တီဟာကာရေဟိ ပဌမဉ္စ ဈာနံ သုညတဉ္စ ဝိမောက္ခံ… ပဌမဉ္စ ဈာနံ အနိမိတ္တဉ္စ ဝိမောက္ခံ… ပဌမဉ္စ ဈာနံ အပ္ပဏိဟိတဉ္စ ဝိမောက္ခံ သမာပဇ္ဇိံ… သမာပဇ္ဇာမိ… သမာပန္နော… ပဌမဿ စ ဈာနဿ အပ္ပဏိဟိတဿ စ ဝိမောက္ခဿ လာဘီမှိ… ဝသီမှိ… ပဌမဉ္စ ဈာနံ အပ္ပဏိဟိတော <a name=""T1.0185""></a> စ ဝိမောက္ခော သစ္ဆိကတော မယာတိ သမ္ပဇာနမုသာ ဘဏန္တဿ အာပတ္တိ ပါရာဇိကဿ။</p>
<p class=""bodytext"">တီဟာကာရေဟိ ပဌမဉ္စ ဈာနံ သုညတဉ္စ သမာဓိံ… ပဌမဉ္စ ဈာနံ အနိမိတ္တဉ္စ သမာဓိံ… ပဌမဉ္စ ဈာနံ အပ္ပဏိဟိတဉ္စ သမာဓိံ သမာပဇ္ဇိံ… သမာပဇ္ဇာမိ… သမာပန္နော ပဌမဿ <a name=""V0.0122""></a> စ ဈာနဿ အပ္ပဏိဟိတဿ စ သမာဓိဿ လာဘီမှိ… ဝသီမှိ… ပဌမဉ္စ ဈာနံ အပ္ပဏိဟိတော စ သမာဓိ သစ္ဆိကတော မယာတိ သမ္ပဇာနမုသာ ဘဏန္တဿ အာပတ္တိ ပါရာဇိကဿ။</p>
<p class=""bodytext"">တီဟာကာရေဟိ ပဌမဉ္စ ဈာနံ သုညတဉ္စ သမာပတ္တိံ… ပဌမဉ္စ ဈာနံ အနိမိတ္တဉ္စ သမာပတ္တိံ… ပဌမဉ္စ ဈာနံ အပ္ပဏိဟိတဉ္စ သမာပတ္တိံ သမာပဇ္ဇိံ… သမာပဇ္ဇာမိ… သမာပန္နော ပဌမဿ စ ဈာနဿ အပ္ပဏိဟိတာယ စ သမာပတ္တိယာ လာဘီမှိ… ဝသီမှိ… ပဌမဉ္စ ဈာနံ အပ္ပဏိဟိတာ စ သမာပတ္တိ သစ္ဆိကတာ မယာတိ သမ္ပဇာနမုသာ ဘဏန္တဿ အာပတ္တိ ပါရာဇိကဿ။</p>
<p class=""bodytext"">တီဟာကာရေဟိ ပဌမဉ္စ ဈာနံ တိဿော စ ဝိဇ္ဇာ သမာပဇ္ဇိံ… သမာပဇ္ဇာမိ… သမာပန္နော… ပဌမဿ စ ဈာနဿ တိဿန္နဉ္စ ဝိဇ္ဇာနံ လာဘီမှိ… ဝသီမှိ… ပဌမဉ္စ ဈာနံ တိဿော စ ဝိဇ္ဇာ သစ္ဆိကတာ မယာတိ သမ္ပဇာနမုသာ ဘဏန္တဿ အာပတ္တိ ပါရာဇိကဿ။</p>
",-208-
127,mula_vi_01,127,"<p class=""bodytext"">တီဟာကာရေဟိ <a name=""M0.0127""></a> ပဌမဉ္စ ဈာနံ စတ္တာရော စ သတိပဋ္ဌာနေ… ပဌမဉ္စ ဈာနံ စတ္တာရော စ သမ္မပ္ပဓာနေ… ပဌမဉ္စ ဈာနံ စတ္တာရော စ ဣဒ္ဓိပါဒေ သမာပဇ္ဇိံ… သမာပဇ္ဇာမိ… သမာပန္နော… ပဌမဿ စ ဈာနဿ <a name=""T1.0186""></a> စတုန္နဉ္စ ဣဒ္ဓိပါဒါနံ လာဘီမှိ… ဝသီမှိ… ပဌမဉ္စ ဈာနံ စတ္တာရော စ ဣဒ္ဓိပါဒါ သစ္ဆိကတာ မယာတိ သမ္ပဇာနမုသာ ဘဏန္တဿ အာပတ္တိ ပါရာဇိကဿ။</p>
<p class=""bodytext"">တီဟာကာရေဟိ ပဌမဉ္စ ဈာနံ ပဉ္စ စ ဣန္ဒြိယာနိ… ပဌမဉ္စ ဈာနံ ပဉ္စ စ ဗလာနိ <a name=""P3.0096""></a> သမာပဇ္ဇိံ… သမာပဇ္ဇာမိ… သမာပန္နော… ပဌမဿ စ ဈာနဿ ပဉ္စန္နဉ္စ ဗလာနံ လာဘီမှိ… ဝသီမှိ… ပဌမဉ္စ ဈာနံ ပဉ္စ စ ဗလာနိ သစ္ဆိကတာနိ မယာတိ သမ္ပဇာနမုသာ ဘဏန္တဿ အာပတ္တိ ပါရာဇိကဿ။</p>
<p class=""bodytext""><a name=""para209""></a><a name=""para209_vin1""></a><span class=""paranum"">၂၀၉</span>။ တီဟာကာရေဟိ ပဌမဉ္စ ဈာနံ သတ္တ စ ဗောဇ္ဈင်္ဂေ သမာပဇ္ဇိံ… သမာပဇ္ဇာမိ… သမာပန္နော… ပဌမဿ စ ဈာနဿ သတ္တန္နဉ္စ ဗောဇ္ဈင်္ဂါနံ လာဘီမှိ… ဝသီမှိ… ပဌမဉ္စ ဈာနံ သတ္တ စ ဗောဇ္ဈင်္ဂါ သစ္ဆိကတာ မယာတိ သမ္ပဇာနမုသာ ဘဏန္တဿ အာပတ္တိ ပါရာဇိကဿ။</p>
<p class=""bodytext"">တီဟာကာရေဟိ <a name=""V0.0123""></a> ပဌမဉ္စ ဈာနံ အရိယဉ္စ အဋ္ဌင်္ဂိကံ မဂ္ဂံ သမာပဇ္ဇိံ… သမာပဇ္ဇာမိ… သမာပန္နော… ပဌမဿ စ ဈာနဿ အရိယဿ စ အဋ္ဌင်္ဂိကဿ မဂ္ဂဿ လာဘီမှိ ဝသီမှိ… ပဌမဉ္စ ဈာနံ အရိယော စ အဋ္ဌင်္ဂိကော မဂ္ဂေါ သစ္ဆိကတော မယာတိ သမ္ပဇာနမုသာ ဘဏန္တဿ အာပတ္တိ ပါရာဇိကဿ။</p>
<p class=""bodytext"">တီဟာကာရေဟိ ပဌမဉ္စ ဈာနံ သောတာပတ္တိဖလဉ္စ… ပဌမဉ္စ ဈာနံ သကဒါဂါမိဖလဉ္စ… ပဌမဉ္စ ဈာနံ အနာဂါမိဖလဉ္စ… ပဌမဉ္စ ဈာနံ <a name=""T1.0187""></a> အရဟတ္တဉ္စ သမာပဇ္ဇိံ… သမာပဇ္ဇာမိ… သမာပန္နော… ပဌမဿ စ ဈာနဿ အရဟတ္တဿ စ လာဘီမှိ… ဝသီမှိ… ပဌမဉ္စ ဈာနံ အရဟတ္တဉ္စ သစ္ဆိကတံ မယာတိ သမ္ပဇာနမုသာ ဘဏန္တဿ အာပတ္တိ ပါရာဇိကဿ။</p>
<p class=""bodytext"">တီဟာကာရေဟိ ပဌမဉ္စ ဈာနံ သမာပဇ္ဇိံ… သမာပဇ္ဇာမိ… သမာပန္နော… ပဌမဿ စ ဈာနဿ လာဘီမှိ… ဝသီမှိ… ပဌမဉ္စ ဈာနံ သစ္ဆိကတံ မယာ, ရာဂေါ စ မေ စတ္တော… ဒေါသော စ မေ စတ္တော… မောဟော စ မေ စတ္တော ဝန္တော မုတ္တော ပဟီနော ပဋိနိဿဋ္ဌော ဥက္ခေဋိတော သမုက္ခေဋိတောတိ သမ္ပဇာနမုသာ ဘဏန္တဿ အာပတ္တိ ပါရာဇိကဿ။</p>
<p class=""bodytext"">တီဟာကာရေဟိ…ပေ… သတ္တဟာကာရေဟိ ပဌမဉ္စ ဈာနံ သမာပဇ္ဇိံ… သမာပဇ္ဇာမိ… သမာပန္နော… ပဌမဿ စ ဈာနဿ လာဘီမှိ… ဝသီမှိ… ပဌမဉ္စ ဈာနံ သစ္ဆိကတံ မယာ, ရာဂါ စ မေ စိတ္တံ ဝိနီဝရဏံ… ဒေါသာ စ မေ စိတ္တံ ဝိနီဝရဏံ…</p>
",-209-
128,mula_vi_01,128,"<p class=""noindentbodytext""> မောဟာ<a name=""M0.0128""></a> စ မေ စိတ္တံ ဝိနီဝရဏန္တိ သမ္ပဇာနမုသာ ဘဏန္တဿ အာပတ္တိ ပါရာဇိကဿ။ ပုဗ္ဗေဝဿ ဟောတိ မုသာ ဘဏိဿန္တိ, ဘဏန္တဿ ဟောတိ မုသာ ဘဏာမီတိ, ဘဏိတဿ ဟောတိ မုသာ မယာ ဘဏိတန္တိ, ဝိနိဓာယ ဒိဋ္ဌိံ, ဝိနိဓာယ ခန္တိံ, ဝိနိဓာယ ရုစိံ, ဝိနိဓာယ ဘာဝံ။</p>
<p class=""centered"">ခဏ္ဍစက္ကံ နိဋ္ဌိတံ။</p>
<p class=""bodytext""><a name=""para210""></a><a name=""para210_vin1""></a><span class=""paranum"">၂၁၀</span>။ တီဟာကာရေဟိ <a name=""T1.0188""></a> ဒုတိယဉ္စ ဈာနံ တတိယဉ္စ ဈာနံ သမာပဇ္ဇိံ… သမာပဇ္ဇာမိ… သမာပန္နော… ဒုတိယဿ စ ဈာနဿ တတိယဿ စ ဈာနဿ လာဘီမှိ… ဝသီမှိ… ဒုတိယဉ္စ ဈာနံ တတိယဉ္စ ဈာနံ သစ္ဆိကတံ မယာတိ သမ္ပဇာနမုသာ ဘဏန္တဿ အာပတ္တိ ပါရာဇိကဿ။</p>
<p class=""bodytext"">တီဟာကာရေဟိ <a name=""V0.0124""></a> ဒုတိယဉ္စ ဈာနံ စတုတ္ထဉ္စ ဈာနံ သမာပဇ္ဇိံ… သမာပဇ္ဇာမိ… သမာပန္နော… ဒုတိယဿ စ ဈာနဿ စတုတ္ထဿ စ ဈာနဿ လာဘီမှိ… ဝသီမှိ… ဒုတိယဉ္စ ဈာနံ စတုတ္ထဉ္စ ဈာနံ သစ္ဆိကတံ မယာတိ သမ္ပဇာနမုသာ ဘဏန္တဿ အာပတ္တိ ပါရာဇိကဿ။</p>
<p class=""bodytext"">တီဟာကာရေဟိ ဒုတိယဉ္စ ဈာနံ သုညတဉ္စ ဝိမောက္ခံ… အနိမိတ္တဉ္စ ဝိမောက္ခံ… အပ္ပဏိဟိတဉ္စ ဝိမောက္ခံ… သုညတဉ္စ သမာဓိံ… အနိမိတ္တဉ္စ သမာဓိံ… အပ္ပဏိဟိတဉ္စ သမာဓိံ… သုညတဉ္စ သမာပတ္တိံ… အနိမိတ္တဉ္စ သမာပတ္တိံ… အပ္ပဏိဟိတဉ္စ သမာပတ္တိံ… တိဿော စ ဝိဇ္ဇာ… စတ္တာရော စ သတိပဋ္ဌာနေ… စတ္တာရော စ သမ္မပ္ပဓာနေ… စတ္တာရော စ ဣဒ္ဓိပါဒေ… ပဉ္စ စ ဣန္ဒြိယာနိ… ပဉ္စ စ ဗလာနိ… သတ္တ စ ဗောဇ္ဈင်္ဂေ… အရိယဉ္စ အဋ္ဌင်္ဂိကံ မဂ္ဂံ… သောတာပတ္တိဖလဉ္စ… သကဒါဂါမိဖလဉ္စ… အနာဂါမိဖလဉ္စ… အရဟတ္တဉ္စ သမာပဇ္ဇိံ… သမာပဇ္ဇာမိ… သမာပန္နော… ဒုတိယဿ စ ဈာနဿ အရဟတ္တဿ စ လာဘီမှိ… ဝသီမှိ… ဒုတိယဉ္စ ဈာနံ အရဟတ္တဉ္စ သစ္ဆိကတံ မယာတိ သမ္ပဇာနမုသာ ဘဏန္တဿ အာပတ္တိ ပါရာဇိကဿ။</p>
<p class=""bodytext"">တီဟာကာရေဟိ ဒုတိယဉ္စ ဈာနံ သမာပဇ္ဇိံ… သမာပဇ္ဇာမိ… သမာပန္နော… ဒုတိယဿ စ ဈာနဿ လာဘီမှိ… ဝသီမှိ… ဒုတိယဉ္စ ဈာနံ သစ္ဆိကတံ မယာ, ရာဂေါ စ <a name=""T1.0189""></a> မေ စတ္တော… ဒေါသော စ မေ စတ္တော… မောဟော စ မေ စတ္တော ဝန္တော မုတ္တော ပဟီနော ပဋိနိဿဋ္ဌော ဥက္ခေဋိတော သမုက္ခေဋိတော။ ရာဂါ စ မေ စိတ္တံ ဝိနီဝရဏံ… ဒေါသာ စ မေ စိတ္တံ ဝိနီဝရဏံ… မောဟာ စ မေ စိတ္တံ ဝိနီဝရဏန္တိ သမ္ပဇာနမုသာ ဘဏန္တဿ အာပတ္တိ ပါရာဇိကဿ။</p>
",-210-
129,mula_vi_01,129,"<p class=""bodytext"">တီဟာကာရေဟိ <a name=""M0.0129""></a> …ပေ… သတ္တဟာကာရေဟိ ဒုတိယဉ္စ ဈာနံ ပဌမဉ္စ ဈာနံ သမာပဇ္ဇိံ… သမာပဇ္ဇာမိ… သမာပန္နော… ဒုတိယဿ စ ဈာနဿ ပဌမဿ စ ဈာနဿ လာဘီမှိ… ဝသီမှိ… ဒုတိယဉ္စ ဈာနံ ပဌမဉ္စ ဈာနံ သစ္ဆိကတံ မယာတိ သမ္ပဇာနမုသာ ဘဏန္တဿ အာပတ္တိ ပါရာဇိကဿ…ပေ… ဝိနိဓာယ ဘာဝံ။</p>
<p class=""centered"">ဗဒ္ဓစက္ကံ။</p>
<p class=""bodytext"">ဧဝံ ဧကေကံ မူလံ ကာတုန ဗဒ္ဓစက္ကံ ပရိဝတ္တကံ ကတ္တဗ္ဗံ။</p>
<p class=""centered"">ဣဒံ သံခိတ္တံ။</p>
<p class=""bodytext""><a name=""para211""></a><a name=""para211_vin1""></a><span class=""paranum"">၂၁၁</span>။ တီဟာကာရေဟိ <a name=""V0.0125""></a> တတိယဉ္စ ဈာနံ စတုတ္ထဉ္စ ဈာနံ…ပေ… တတိယဉ္စ ဈာနံ အရဟတ္တဉ္စ သမာပဇ္ဇိံ… သမာပဇ္ဇာမိ… သမာပန္နော… တတိယဿ စ ဈာနဿ အရဟတ္တဿ စ လာဘီမှိ… ဝသီမှိ… တတိယဉ္စ ဈာနံ အရဟတ္တဉ္စ သစ္ဆိကတံ မယာတိ သမ္ပဇာနမုသာ ဘဏန္တဿ အာပတ္တိ ပါရာဇိကဿ။</p>
<p class=""bodytext"">တီဟာကာရေဟိ တတိယဉ္စ ဈာနံ သမာပဇ္ဇိံ… သမာပဇ္ဇာမိ… သမာပန္နော… တတိယဿ စ ဈာနဿ လာဘီမှိ… ဝသီမှိ… တတိယဉ္စ ဈာနံ သစ္ဆိကတံ မယာ, ရာဂေါ စ မေ စတ္တော… ဒေါသော စ မေ စတ္တော… မောဟော စ မေ စတ္တော ဝန္တော မုတ္တော ပဟီနော ပဋိနိဿဋ္ဌော ဥက္ခေဋိတော သမုက္ခေဋိတော။ ရာဂါ စ မေ စိတ္တံ ဝိနီဝရဏံ… ဒေါသာ စ မေ စိတ္တံ ဝိနီဝရဏံ… မောဟာ စ မေ စိတ္တံ ဝိနီဝရဏန္တိ သမ္ပဇာနမုသာ ဘဏန္တဿ အာပတ္တိ ပါရာဇိကဿ။</p>
<p class=""bodytext"">တီဟာကာရေဟိ တတိယဉ္စ ဈာနံ ပဌမဉ္စ ဈာနံ… တတိယဉ္စ ဈာနံ ဒုတိယဉ္စ ဈာနံ သမာပဇ္ဇိံ… သမာပဇ္ဇာမိ… သမာပန္နော… တတိယဿ စ ဈာနဿ ဒုတိယဿ စ ဈာနဿ လာဘီမှိ… ဝသီမှိ… တတိယဉ္စ ဈာနံ ဒုတိယဉ္စ ဈာနံ သစ္ဆိကတံ မယာတိ သမ္ပဇာနမုသာ ဘဏန္တဿ အာပတ္တိ ပါရာဇိကဿ။</p>
<p class=""bodytext"">တီကာရေဟိ မောဟာ စ မေ စိတ္တံ ဝိနီဝရဏံ ပဌမဉ္စ ဈာနံ…ပေ… ဒုတိယဉ္စ ဈာနံ… တတိယဉ္စ ဈာနံ… စတုတ္ထဉ္စ ဈာနံ <a name=""T1.0190""></a> သမာပဇ္ဇိံ သမာပဇ္ဇာမိ… သမာပန္နော… မောဟာ စ မေ စိတ္တံ ဝိနီဝရဏံ စတုတ္ထဿ စ ဈာနဿ လာဘီမှိ… ဝသီမှိ… မောဟာ စ မေ စိတ္တံ ဝိနီဝရဏံ စတုတ္ထဉ္စ ဈာနံ သစ္ဆိကတံ မယာတိ သမ္ပဇာနမုသာ ဘဏန္တဿ အာပတ္တိ ပါရာဇိကဿ။</p>
<p class=""bodytext""><a name=""para212""></a><a name=""para212_vin1""></a><span class=""paranum"">၂၁၂</span>။ တီဟာကာရေဟိ မောဟာ စ မေ စိတ္တံ ဝိနီဝရဏံ သုညတဉ္စ ဝိမောက္ခံ… အနိမိတ္တဉ္စ ဝိမောက္ခံ… အပ္ပဏိဟိတဉ္စ ဝိမောက္ခံ သမာပဇ္ဇိံ… သမာပဇ္ဇာမိ… သမာပန္နော… မောဟာ စ မေ စိတ္တံ ဝိနီဝရဏံ အပ္ပဏိဟိတဿ စ</p>
",-211-212-
130,mula_vi_01,130,"<p class=""noindentbodytext""> ဝိမောက္ခဿ<a name=""M0.0130""></a> လာဘီမှိ… ဝသီမှိ… မောဟာ စ မေ စိတ္တံ ဝိနီဝရဏံ အပ္ပဏိဟိတော စ ဝိမောက္ခော သစ္ဆိကတော မယာတိ သမ္ပဇာနမုသာ ဘဏန္တဿ အာပတ္တိ ပါရာဇိကဿ။</p>
<p class=""bodytext"">တီဟာကာရေဟိ မောဟာ စ မေ စိတ္တံ ဝိနီဝရဏံ သုညတဉ္စ သမာဓိံ… အနိမိတ္တဉ္စ သမာဓိံ… <a name=""V0.0126""></a> အပ္ပဏိဟိတဉ္စ သမာဓိံ သမာပဇ္ဇိံ… သမာပဇ္ဇာမိ… သမာပန္နော… မောဟာ စ မေ စိတ္တံ ဝိနီဝရဏံ အပ္ပဏိဟိတဿ စ သမာဓိဿ လာဘီမှိ… ဝသီမှိ… မောဟာ စ မေ စိတ္တံ ဝိနီဝရဏံ အပ္ပဏိဟိတော စ သမာဓိ သစ္ဆိကတော မယာတိ သမ္ပဇာနမုသာ ဘဏန္တဿ အာပတ္တိ ပါရာဇိကဿ။</p>
<p class=""bodytext"">တီဟာကာရေဟိ မောဟာ စ မေ စိတ္တံ ဝိနီဝရဏံ သုညတဉ္စ သမာပတ္တိံ… အနိမိတ္တဉ္စ သမာပတ္တိံ… အပ္ပဏိဟိတဉ္စ သမာပတ္တိံ သမာပဇ္ဇိံ သမာပဇ္ဇာမိ… သမာပန္နော… မောဟာ စ မေ စိတ္တံ ဝိနီဝရဏံ အပ္ပဏိဟိတာယ စ သမာပတ္တိယာ လာဘီမှိ… ဝသီမှိ… မောဟာ စ မေ စိတ္တံ ဝိနီဝရဏံ အပ္ပဏိဟိတာ စ သမာပတ္တိ သစ္ဆိကတာ မယာတိ သမ္ပဇာနမုသာ ဘဏန္တဿ အာပတ္တိ ပါရာဇိကဿ။</p>
<p class=""bodytext"">တီဟာကာရေဟိ မောဟာ စ မေ စိတ္တံ ဝိနီဝရဏံ တိဿော စ ဝိဇ္ဇာ သမာပဇ္ဇိံ… သမာပဇ္ဇာမိ… သမာပန္နော… ‘မောဟာ စ မေ စိတ္တံ ဝိနီဝရဏံ တိဿန္နဉ္စ ဝိဇ္ဇာနံ လာဘီမှိ… ဝသီမှိ… မောဟာ စ မေ စိတ္တံ ဝိနီဝရဏံ တိဿော စ ဝိဇ္ဇာ သစ္ဆိကတာ မယာတိ သမ္ပဇာနမုသာ ဘဏန္တဿ အာပတ္တိ ပါရာဇိကဿ။</p>
<p class=""bodytext"">တီဟာကာရေဟိ မောဟာ စ မေ စိတ္တံ ဝိနီဝရဏံ စတ္တာရော စ သတိပဋ္ဌာနေ… စတ္တာရော စ သမ္မပ္ပဓာနေ… စတ္တာရော စ ဣဒ္ဓိပါဒေ သမာပဇ္ဇိံ… သမာပဇ္ဇာမိ… သမာပန္နော… မောဟာ စ မေ စိတ္တံ ဝိနီဝရဏံ စတုန္နဉ္စ ဣဒ္ဓိပါဒါနံ လာဘီမှိ… ဝသီမှိ… မောဟာ စ မေ စိတ္တံ ဝိနီဝရဏံ စတ္တာရော စ ဣဒ္ဓိပါဒါ သစ္ဆိကတာ မယာတိ သမ္ပဇာနမုသာ ဘဏန္တဿ အာပတ္တိ ပါရာဇိကဿ။</p>
<p class=""bodytext""><a name=""para213""></a><a name=""para213_vin1""></a><span class=""paranum"">၂၁၃</span>။ တီဟာကာရေဟိ မောဟာ စ မေ စိတ္တံ ဝိနီဝရဏံ ပဉ္စ စ ဣန္ဒြိယာနိ… ပဉ္စ စ ဗလာနိ သမာပဇ္ဇိံ… သမာပဇ္ဇာမိ… သမာပန္နော… မောဟာ စ မေ စိတ္တံ ဝိနီဝရဏံ ပဉ္စန္နဉ္စ ဗလာနံ လာဘီမှိ… ဝသီမှိ… မောဟာ စ မေ စိတ္တံ ဝိနီဝရဏံ ပဉ္စ စ ဗလာနိ သစ္ဆိကတာနိ မယာတိ သမ္ပဇာနမုသာ ဘဏန္တဿ အာပတ္တိ ပါရာဇိကဿ။</p>
",-213-
131,mula_vi_01,131,"<p class=""bodytext"">တီဟာကာရေဟိ <a name=""M0.0131""></a> မောဟာ စ မေ စိတ္တံ ဝိနီဝရဏံ သတ္တ စ ဗောဇ္ဈင်္ဂေ သမာပဇ္ဇိံ… သမာပဇ္ဇာမိ… သမာပန္နော… မောဟာ စ မေ စိတ္တံ ဝိနီဝရဏံ သတ္တန္နဉ္စ ဗောဇ္ဈင်္ဂါနံ လာဘီမှိ <a name=""V0.0127""></a> … ဝသီမှိ… မောဟာ စ မေ စိတ္တံ ဝိနီဝရဏံ သတ္တ စ ဗောဇ္ဈင်္ဂါ သစ္ဆိကတာ မယာတိ သမ္ပဇာနမုသာ ဘဏန္တဿ အာပတ္တိ ပါရာဇိကဿ။</p>
<p class=""bodytext"">တီဟာကာရေဟိ မောဟာ စ မေ စိတ္တံ ဝိနီဝရဏံ အရိယဉ္စ အဋ္ဌင်္ဂိကံ မဂ္ဂံ သမာပဇ္ဇိံ… သမာပဇ္ဇာမိ… သမာပန္နော… မောဟာ စ မေ စိတ္တံ ဝိနီဝရဏံ အရိယဿ စ အဋ္ဌင်္ဂိကဿ မဂ္ဂဿ လာဘီမှိ… ဝသီမှိ… မောဟာ စ မေ စိတ္တံ ဝိနီဝရဏံ အရိယော စ အဋ္ဌင်္ဂိကော မဂ္ဂေါ သစ္ဆိကတော မယာတိ သမ္ပဇာနမုသာ ဘဏန္တဿ အာပတ္တိ ပါရာဇိကဿ။</p>
<p class=""bodytext"">တီဟာကာရေဟိ မောဟာ စ မေ စိတ္တံ ဝိနီဝရဏံ သောတာပတ္တိဖလဉ္စ… သကဒါဂါမိဖလဉ္စ… အနာဂါမိဖလဉ္စ… အရဟတ္တဉ္စ သမာပဇ္ဇိံ… သမာပဇ္ဇာမိ… သမာပန္နော… မောဟာ စ မေ စိတ္တံ ဝိနီဝရဏံ အရဟတ္တဿ စ လာဘီမှိ… ဝသီမှိ… မောဟာ စ မေ စိတ္တံ ဝိနီဝရဏံ အရဟတ္တဉ္စ သစ္ဆိကတံ မယာတိ သမ္ပဇာနမုသာ ဘဏန္တဿ အာပတ္တိ ပါရာဇိကဿ။</p>
<p class=""bodytext"">တီဟာကာရေဟိ မောဟာ စ မေ စိတ္တံ ဝိနီဝရဏံ, ရာဂေါ စ မေ စတ္တော… ဒေါသော စ မေ စတ္တော… မောဟော စ မေ စတ္တော ဝန္တော မုတ္တော ပဟီနော ပဋိနိဿဋ္ဌော ဥက္ခေဋိတော သမုက္ခေဋိတောတိ သမ္ပဇာနမုသာ ဘဏန္တဿ အာပတ္တိ ပါရာဇိကဿ။</p>
<p class=""bodytext"">တီဟာကာရေဟိ…ပေ… <a name=""P3.0097""></a> သတ္တဟာကာရေဟိ မောဟာ စ မေ စိတ္တံ ဝိနီဝရဏံ ရာဂါ စ မေ စိတ္တံ ဝိနီဝရဏံ… ဒေါသာ စ မေ စိတ္တံ ဝိနီဝရဏန္တိ သမ္ပဇာနမုသာ ဘဏန္တဿ အာပတ္တိ ပါရာဇိကဿ ပုဗ္ဗေဝဿ ဟောတိ မုသာ ဘဏိဿန္တိ, ဘဏန္တဿ ဟောတိ မုသာ ဘဏာမီတိ, ဘဏိတဿ ဟောတိ မုသာ မယာ ဘဏိတန္တိ, ဝိနိဓာယ ဒိဋ္ဌိံ, ဝိနိဓာယ ခန္တိံ, ဝိနိဓာယ ရုစိံ, ဝိနိဓာယ ဘာဝံ။</p>
<p class=""centered"">ဧကမူလကံ နိဋ္ဌိတံ။ <span class=""note"">[ဧကမူလကံ သင်္ခိတ္တံ နိဋ္ဌိတံ (သျာ။)]</span></p>
<p class=""bodytext"">ယထာ ဧကမူလကံ ဝိတ္ထာရိတံ ဧဝမေဝ ဒုမူလကာဒိပိ ဝိတ္ထာရေတဗ္ဗံ။</p>
<p class=""centered"">ဣဒံ သဗ္ဗမူလကံ</p>
",
132,mula_vi_01,132,"<p class=""bodytext""><a name=""para214""></a><a name=""para214_vin1""></a><span class=""paranum"">၂၁၄</span>။ တီဟာကာရေဟိ <a name=""M0.0132""></a>…ပေ… သတ္တဟာကာရေဟိ ပဌမဉ္စ ဈာနံ ဒုတိယဉ္စ ဈာနံ တတိယဉ္စ <a name=""V0.0128""></a> ဈာနံ စတုတ္ထဉ္စ ဈာနံ သုညတဉ္စ ဝိမောက္ခံ <a name=""T1.0191""></a> အနိမိတ္တဉ္စ ဝိမောက္ခံ အပ္ပဏိဟိတဉ္စ ဝိမောက္ခံ သုညတဉ္စ သမာဓိံ အနိမိတ္တဉ္စ သမာဓိံ အပ္ပဏိဟိတဉ္စ သမာဓိံ သုညတဉ္စ သမာပတ္တိံ အနိမိတ္တဉ္စ သမာပတ္တိံ အပ္ပဏိဟိတဉ္စ သမာပတ္တိံ တိဿော စ ဝိဇ္ဇာ စတ္တာရော စ သတိပဋ္ဌာနေ စတ္တာရော စ သမ္မပ္ပဓာနေ စတ္တာရော စ ဣဒ္ဓိပါဒေ ပဉ္စ စ ဣန္ဒြိယာနိ ပဉ္စ စ ဗလာနိ သတ္တ စ ဗောဇ္ဈင်္ဂေ အရိယဉ္စ အဋ္ဌင်္ဂိကံ မဂ္ဂံ သောတာပတ္တိဖလဉ္စ သကဒါဂါမိဖလဉ္စ အနာဂါမိဖလဉ္စ အရဟတ္တဉ္စ သမာပဇ္ဇိံ… သမာပဇ္ဇာမိ… သမာပန္နော…ပေ… ရာဂေါ စ မေ စတ္တော, ဒေါသော စ မေ စတ္တော, မောဟော စ မေ စတ္တော ဝန္တော မုတ္တော ပဟီနော ပဋိနိဿဋ္ဌော ဥက္ခေဋိတော သမုက္ခေဋိတော။ ရာဂါ စ မေ စိတ္တံ ဝိနီဝရဏံ, ဒေါသာ စ မေ စိတ္တံ ဝိနီဝရဏံ, မောဟာ စ မေ စိတ္တံ ဝိနီဝရဏန္တိ သမ္ပဇာနမုသာ ဘဏန္တဿ အာပတ္တိ ပါရာဇိကဿ။ ပုဗ္ဗေဝဿ ဟောတိ မုသာ ဘဏိဿန္တိ, ဘဏန္တဿ ဟောတိ မုသာ ဘဏာမီတိ, ဘဏိတဿ ဟောတိ မုသာ မယာ ဘဏိတန္တိ, ဝိနိဓာယ ဒိဋ္ဌိံ, ဝိနိဓာယ ခန္တိံ, ဝိနိဓာယ ရုစိံ, ဝိနိဓာယ ဘာဝံ။</p>
<p class=""centered"">သဗ္ဗမူလကံ နိဋ္ဌိတံ။</p>
<p class=""centered"">သုဒ္ဓိကဝါရကထာ နိဋ္ဌိတာ။</p>
<p class=""bodytext""><a name=""para215""></a><a name=""para215_vin1""></a><span class=""paranum"">၂၁၅</span>။ တီဟာကာရေဟိ <a name=""T1.0192""></a> ပဌမံ ဈာနံ သမာပဇ္ဇိန္တိ ဝတ္တုကာမော ဒုတိယံ ဈာနံ သမာပဇ္ဇိန္တိ သမ္ပဇာနမုသာ ဘဏန္တဿ ပဋိဝိဇာနန္တဿ အာပတ္တိ ပါရာဇိကဿ၊ န ပဋိဝိဇာနန္တဿ အာပတ္တိ ထုလ္လစ္စယဿ။</p>
<p class=""bodytext"">တီဟာကာရေဟိ ပဌမံ ဈာနံ သမာပဇ္ဇိန္တိ ဝတ္တုကာမော တတိယံ ဈာနံ သမာပဇ္ဇိန္တိ သမ္ပဇာနမုသာ ဘဏန္တဿ ပဋိဝိဇာနန္တဿ အာပတ္တိ ပါရာဇိကဿ၊ န ပဋိဝိဇာနန္တဿ အာပတ္တိ ထုလ္လစ္စယဿ။</p>
<p class=""bodytext"">တီဟာကာရေဟိ ပဌမံ ဈာနံ သမာပဇ္ဇိန္တိ ဝတ္တုကာမော စတုတ္ထံ ဈာနံ သမာပဇ္ဇိန္တိ သမ္ပဇာနမုသာ ဘဏန္တဿ ပဋိဝိဇာနန္တဿ အာပတ္တိ ပါရာဇိကဿ၊ န ပဋိဝိဇာနန္တဿ အာပတ္တိ ထုလ္လစ္စယဿ။</p>
",-214-215-
133,mula_vi_01,133,"<p class=""bodytext"">တီဟာကာရေဟိ <a name=""M0.0133""></a> …ပေ… သတ္တဟာကာရေဟိ ပဌမံ ဈာနံ သမာပဇ္ဇိန္တိ ဝတ္တုကာမော သုညတံ <a name=""V0.0129""></a> ဝိမောက္ခံ… အနိမိတ္တံ ဝိမောက္ခံ… အပ္ပဏိဟိတံ ဝိမောက္ခံ… သုညတံ သမာဓိံ… အနိမိတ္တံ သမာဓိံ… အပ္ပဏိဟိတံ သမာဓိံ… သုညတံ သမာပတ္တိံ… အနိမိတ္တံ သမာပတ္တိံ… အပ္ပဏိဟိတံ သမာပတ္တိံ… တိဿော ဝိဇ္ဇာ… စတ္တာရော သတိပဋ္ဌာနေ… စတ္တာရော သမ္မပ္ပဓာနေ… စတ္တာရော ဣဒ္ဓိပါဒေ… ပဉ္စိန္ဒြိယာနိ… ပဉ္စ ဗလာနိ… သတ္တ ဗောဇ္ဈင်္ဂေ… အရိယံ အဋ္ဌင်္ဂိကံ မဂ္ဂံ… သောတာပတ္တိဖလံ… သကဒါဂါမိဖလံ… အနာဂါမိဖလံ… အရဟတ္တံ သမာပဇ္ဇိံ…ပေ… ရာဂေါ မေ စတ္တော… ဒေါသော မေ စတ္တော… မောဟော မေ စတ္တော ဝန္တော မုတ္တော ပဟီနော ပဋိနိဿဋ္ဌော ဥက္ခေဋိတော သမုက္ခေဋိတော။ ရာဂါ မေ စိတ္တံ ဝိနီဝရဏံ… ဒေါသာ မေ စိတ္တံ ဝိနီဝရဏံ… မောဟာ မေ စိတ္တံ ဝိနီဝရဏန္တိ သမ္ပဇာနမုသာ <a name=""T1.0193""></a> ဘဏန္တဿ ပဋိဝိဇာနန္တဿ အာပတ္တိ ပါရာဇိကဿ၊ န ပဋိဝိဇာနန္တဿ အာပတ္တိ ထုလ္လစ္စယဿ။ ပုဗ္ဗေဝဿ ဟောတိ မုသာ ဘဏိဿန္တိ, ဘဏန္တဿ ဟောတိ မုသာ ဘဏာမီတိ, ဘဏိတဿ ဟောတိ မုသာ မယာ ဘဏိတန္တိ, ဝိနိဓာယ ဒိဋ္ဌိံ, ဝိနိဓာယ ခန္တိံ, ဝိနိဓာယ ရုစိံ, ဝိနိဓာယ ဘာဝံ။</p>
<p class=""centered"">ဝတ္ထုဝိသာရကဿ ဧကမူလကဿ ခဏ္ဍစက္ကံ နိဋ္ဌိတံ။</p>
<p class=""bodytext""><a name=""para216""></a><a name=""para216_vin1""></a><span class=""paranum"">၂၁၆</span>။ တီဟာကာရေဟိ <a name=""P3.0098""></a> ဒုတိယံ ဈာနံ သမာပဇ္ဇိန္တိ ဝတ္တုကာမော တတိယံ ဈာနံ သမာပဇ္ဇိန္တိ သမ္ပဇာနမုသာ ဘဏန္တဿ ပဋိဝိဇာနန္တဿ အာပတ္တိ ပါရာဇိကဿ၊ န ပဋိဝိဇာနန္တဿ အာပတ္တိ ထုလ္လစ္စယဿ။</p>
<p class=""bodytext"">တီဟာကာရေဟိ ဒုတိယံ ဈာနံ သမာပဇ္ဇိန္တိ ဝတ္တုကာမော စတုတ္ထံ ဈာနံ သမာပဇ္ဇိန္တိ…ပေ… မောဟာ စ မေ စိတ္တံ ဝိနီဝရဏန္တိ သမ္ပဇာနမုသာ ဘဏန္တဿ ပဋိဝိဇာနန္တဿ အာပတ္တိ ပါရာဇိကဿ၊ န ပဋိဝိဇာနန္တဿ အာပတ္တိ ထုလ္လစ္စယဿ။</p>
<p class=""bodytext"">တီဟာကာရေဟိ…ပေ… သတ္တဟာကာရေဟိ ဒုတိယံ ဈာနံ သမာပဇ္ဇိန္တိ ဝတ္တုကာမော ပဌမံ ဈာနံ သမာပဇ္ဇိန္တိ သမ္ပဇာနမုသာ ဘဏန္တဿ ပဋိဝိဇာနန္တဿ အာပတ္တိ ပါရာဇိကဿ<a name=""T1.0194""></a>၊ န ပဋိဝိဇာနန္တဿ အာပတ္တိ ထုလ္လစ္စယဿ…ပေ… ဝိနိဓာယ ဘာဝံ။</p>
<p class=""centered"">ဝတ္ထုဝိသာရကဿ ဧကမူလကဿ ဗဒ္ဓစက္ကံ။</p>
<p class=""centered"">မူလံ သံခိတ္တံ။</p>
",-216-
134,mula_vi_01,134,"<p class=""bodytext""><a name=""para217""></a><a name=""para217_vin1""></a><span class=""paranum"">၂၁၇</span>။ တီဟာကာရေဟိ <a name=""M0.0134""></a><a name=""V0.0130""></a> မောဟာ မေ စိတ္တံ ဝိနီဝရဏန္တိ ဝတ္တုကာမော ပဌမံ ဈာနံ သမာပဇ္ဇိန္တိ သမ္ပဇာနမုသာ ဘဏန္တဿ ပဋိဝိဇာနန္တဿ အာပတ္တိ ပါရာဇိကဿ၊ န ပဋိဝိဇာနန္တဿ အာပတ္တိ ထုလ္လစ္စယဿ။</p>
<p class=""bodytext"">တီဟာကာရေဟိ…ပေ… သတ္တဟာကာရေဟိ မောဟာ မေ စိတ္တံ ဝိနီဝရဏန္တိ ဝတ္တုကာမော ဒေါသာ မေ စိတ္တံ ဝိနီဝရဏန္တိ သမ္ပဇာနမုသာ ဘဏန္တဿ ပဋိဝိဇာနန္တဿ အာပတ္တိ ပါရာဇိကဿ၊ န ပဋိဝိဇာနန္တဿ အာပတ္တိ ထုလ္လစ္စယဿ…ပေ… ဝိနိဓာယ ဘာဝံ။</p>
<p class=""centered"">ဝတ္ထုဝိသာရကဿ ဧကမူလကံ နိဋ္ဌိတံ။</p>
<p class=""centered"">ယထာ ဧကမူလကံ ဝိတ္ထာရိတံ ဧဝမေဝ ဒုမူလကာဒိပိ ဝိတ္ထာရေတဗ္ဗံ။</p>
<p class=""centered"">ဣဒံ သဗ္ဗမူလကံ</p>
<p class=""bodytext""><a name=""para218""></a><a name=""para218_vin1""></a><span class=""paranum"">၂၁၈</span>။ တီဟာကာရေဟိ…ပေ… သတ္တဟာကာရေဟိ ပဌမဉ္စ ဈာနံ ဒုတိယဉ္စ ဈာနံ တတိယဉ္စ ဈာနံ စတုတ္ထဉ္စ ဈာနံ သုညတဉ္စ ဝိမောက္ခံ အနိမိတ္တဉ္စ ဝိမောက္ခံ အပ္ပဏိဟိတဉ္စ ဝိမောက္ခံ သုညတဉ္စ သမာဓိံ အနိမိတ္တဉ္စ သမာဓိံ အပ္ပဏိဟိတဉ္စ သမာဓိံ သုညတဉ္စ သမာပတ္တိံ အနိမိတ္တဉ္စ သမာပတ္တိံ အပ္ပဏိဟိတဉ္စ သမာပတ္တိံ တိဿော စ ဝိဇ္ဇာ စတ္တာရော စ သတိပဋ္ဌာနေ စတ္တာရော စ သမ္မပ္ပဓာနေ စတ္တာရော စ ဣဒ္ဓိပါဒေ ပဉ္စ စ ဣန္ဒြိယာနိ ပဉ္စ စ ဗလာနိ သတ္တ စ ဗောဇ္ဈင်္ဂေ အရိယဉ္စ အဋ္ဌင်္ဂိကံ မဂ္ဂံ သောတာပတ္တိဖလဉ္စ သကဒါဂါမိဖလဉ္စ အနာဂါမိဖလဉ္စ အရဟတ္တဉ္စ သမာပဇ္ဇိံ…ပေ… ရာဂေါ စ မေ စတ္တော… ဒေါသော စ မေ စတ္တော… မောဟော စ မေ စတ္တော ဝန္တော မုတ္တော ပဟီနော ပဋိနိဿဋ္ဌော ဥက္ခေဋိတော သမုက္ခေဋိတော။ ရာဂါ စ မေ စိတ္တံ ဝိနီဝရဏံ… ဒေါသာ စ မေ စိတ္တံ ဝိနီဝရဏန္တိ ဝတ္တုကာမော မောဟာ မေ စိတ္တံ ဝိနီဝရဏန္တိ သမ္ပဇာနမုသာ ဘဏန္တဿ <a name=""T1.0195""></a> ပဋိဝိဇာနန္တဿ အာပတ္တိ ပါရာဇိကဿ၊ န ပဋိဝိဇာနန္တဿ အာပတ္တိ ထုလ္လစ္စယဿ။ <span class=""note"">[[ ] ဧတ္ထန္တရေ ပါဌာ သျာမပေါတ္ထကေ နတ္ထိ]</span></p>
<p class=""bodytext""><a name=""para219""></a><a name=""para219_vin1""></a><span class=""paranum"">၂၁၉</span>။ တီဟာကာရေဟိ ဒုတိယဉ္စ ဈာနံ တတိယဉ္စ ဈာနံ စတုတ္ထဉ္စ ဈာနံ သုညတဉ္စ ဝိမောက္ခံ အနိမိတ္တဉ္စ ဝိမောက္ခံ အပ္ပဏိဟိတဉ္စ ဝိမောက္ခံ သုညတဉ္စ သမာဓိံ အနိမိတ္တဉ္စ သမာဓိံ အပ္ပဏိဟိတဉ္စ သမာဓိံ သုညတဉ္စ သမာပတ္တိံ အနိမိတ္တဉ္စ သမာပတ္တိံ အပ္ပဏိဟိတဉ္စ သမာပတ္တိံ တိဿော စ ဝိဇ္ဇာ စတ္တာရော စ သတိပဋ္ဌာနေ စတ္တာရော စ သမ္မပ္ပဓာနေ စတ္တာရော စ ဣဒ္ဓိပါဒေ</p>
",-217-218-219-
135,mula_vi_01,135,"<p class=""noindentbodytext""> ပဉ္စ<a name=""M0.0135""></a> စ ဣန္ဒြိယာနိ ပဉ္စ စ ဗလာနိ သတ္တ စ ဗောဇ္ဈင်္ဂေ အရိယဉ္စ အဋ္ဌင်္ဂိကံ မဂ္ဂံ <a name=""V0.0131""></a> သောတာပတ္တိဖလဉ္စ သကဒါဂါမိဖလဉ္စ အနာဂါမိဖလဉ္စ အရဟတ္တဉ္စ သမာပဇ္ဇိံ…ပေ… ရာဂေါ စ မေ စတ္တော… ဒေါသော စ မေ စတ္တော… မောဟော စ မေ စတ္တော ဝန္တော မုတ္တော ပဟီနော ပဋိနိဿဋ္ဌော ဥက္ခေဋိတော သမုက္ခေဋိတော။ ရာဂါ စ မေ စိတ္တံ ဝိနီဝရဏံ… ဒေါသာ စ မေ စိတ္တံ ဝိနီဝရဏံ… မောဟာ စ မေ စိတ္တံ ဝိနီဝရဏန္တိ ဝတ္တုကာမော ပဌမံ ဈာနံ သမာပဇ္ဇိန္တိ သမ္ပဇာနမုသာ ဘဏန္တဿ ပဋိဝိဇာနန္တဿ အာပတ္တိ ပါရာဇိကဿ၊ န ပဋိဝိဇာနန္တဿ အာပတ္တိ ထုလ္လစ္စယဿ။</p>
<p class=""bodytext"">တီဟာကာရေဟိ တတိယဉ္စ ဈာနံ စတုတ္ထဉ္စ ဈာနံ…ပေ… မောဟာ စ မေ စိတ္တံ ဝိနီဝရဏံ ပဌမဉ္စ ဈာနံ သမာပဇ္ဇိန္တိ ဝတ္တုကာမော ဒုတိယံ ဈာနံ သမာပဇ္ဇိန္တိ သမ္ပဇာနမုသာ ဘဏန္တဿ ပဋိဝိဇာနန္တဿ အာပတ္တိ ပါရာဇိကဿ၊ န ပဋိဝိဇာနန္တဿ အာပတ္တိ ထုလ္လစ္စယဿ။</p>
<p class=""bodytext"">တီဟာကာရေဟိ…ပေ… သတ္တဟာကာရေဟိ မောဟာ စ မေ စိတ္တံ ဝိနီဝရဏံ ပဌမဉ္စ ဈာနံ ဒုတိယဉ္စ ဈာနံ တတိယဉ္စ ဈာနံ စတုတ္ထဉ္စ ဈာနံ…ပေ… ရာဂါ စ မေ စိတ္တံ ဝိနီဝရဏန္တိ ဝတ္တုကာမော ဒေါသာ မေ စိတ္တံ ဝိနီဝရဏန္တိ သမ္ပဇာနမုသာ ဘဏန္တဿ ပဋိဝိဇာနန္တဿ အာပတ္တိ ပါရာဇိကဿ<a name=""T1.0196""></a>၊ န ပဋိဝိဇာနန္တဿ အာပတ္တိ ထုလ္လစ္စယဿ။ ပုဗ္ဗေဝဿ ဟောတိ မုသာ ဘဏိဿန္တိ, ဘဏန္တဿ ဟောတိ မုသာ ဘဏာမီတိ, ဘဏိတဿ ဟောတိ မုသာ မယာ ဘဏိတန္တိ, ဝိနိဓာယ ဒိဋ္ဌိံ, ဝိနိဓာယ ခန္တိံ, ဝိနိဓာယ ရုစိံ, ဝိနိဓာယ ဘာဝံ။</p>
<p class=""centered"">ဝတ္ထုဝိသာရကဿ သဗ္ဗမူလကံ နိဋ္ဌိတံ။</p>
<p class=""centered"">ဝတ္ထုဝိသာရကဿ စက္ကပေယျာလံ နိဋ္ဌိတံ။</p>
<p class=""centered"">ဝတ္ထုကာမဝါရကထာ နိဋ္ဌိတာ။</p>
<p class=""bodytext""><a name=""para220""></a><a name=""para220_vin1""></a><span class=""paranum"">၂၂၀</span>။ တီဟာကာရေဟိ <a name=""P3.0099""></a> ယော တေ ဝိဟာရေ ဝသိ သော ဘိက္ခု ပဌမံ ဈာနံ သမာပဇ္ဇိ… သမာပဇ္ဇတိ… သမာပန္နော… သော ဘိက္ခု ပဌမဿ ဈာနဿ လာဘီ… ဝသီ… တေန ဘိက္ခုနာ ပဌမံ ဈာနံ သစ္ဆိကတန္တိ သမ္ပဇာနမုသာ ဘဏန္တဿ ပဋိဝိဇာနန္တဿ အာပတ္တိ ထုလ္လစ္စယဿ၊ န ပဋိဝိဇာနန္တဿ အာပတ္တိ ဒုက္ကဋဿ။</p>
",-220-
136,mula_vi_01,136,"<p class=""bodytext"">စတူဟာကာရေဟိ <a name=""M0.0136""></a>… ပဉ္စဟာကာရေဟိ… ဆဟာကာရေဟိ… သတ္တဟာကာရေဟိ ယော တေ ဝိဟာရေ ဝသိ သော <a name=""V0.0132""></a> ဘိက္ခု ပဌမံ ဈာနံ သမာပဇ္ဇိ… သမာပဇ္ဇတိ… သမာပန္နော… သော ဘိက္ခု ပဌမဿ ဈာနဿ လာဘီ… ဝသီ… တေန ဘိက္ခုနာ ပဌမံ ဈာနံ သစ္ဆိကတန္တိ သမ္ပဇာနမုသာ ဘဏန္တဿ ပဋိဝိဇာနန္တဿ အာပတ္တိ ထုလ္လစ္စယဿ၊ န ပဋိဝိဇာနန္တဿ အာပတ္တိ ဒုက္ကဋဿ။ ပုဗ္ဗေဝဿ ဟောတိ မုသာ ဘဏိဿန္တိ, ဘဏန္တဿ ဟောတိ မုသာ ဘဏာမီတိ, ဘဏိတဿ ဟောတိ မုသာ မယာ ဘဏိတန္တိ, ဝိနိဓာယ ဒိဋ္ဌိံ, ဝိနိဓာယ ခန္တိံ, ဝိနိဓာယ ရုစိံ, ဝိနိဓာယ ဘာဝံ။</p>
<p class=""bodytext"">တီဟာကာရေဟိ ယော တေ ဝိဟာရေ ဝသိ သော ဘိက္ခု ဒုတိယံ ဈာနံ… တတိယံ ဈာနံ… စတုတ္ထံ ဈာနံ… သုညတံ ဝိမောက္ခံ… အနိမိတ္တံ ဝိမောက္ခံ… အပ္ပဏိဟိတံ ဝိမောက္ခံ… သုညတံ သမာဓိံ… အနိမိတ္တံ သမာဓိံ… အပ္ပဏိဟိတံ သမာဓိံ… သုညတံ သမာပတ္တိံ… အနိမိတ္တံ သမာပတ္တိံ… အပ္ပဏိဟိတံ သမာပတ္တိံ… တိဿော ဝိဇ္ဇာ… စတ္တာရော သတိပဋ္ဌာနေ… စတ္တာရော သမ္မပ္ပဓာနေ… စတ္တာရော ဣဒ္ဓိပါဒေ… ပဉ္စ ဣန္ဒြိယာနိ… ပဉ္စ ဗလာနိ… သတ္တ ဗောဇ္ဈင်္ဂေ… အရိယံ အဋ္ဌင်္ဂိကံ မဂ္ဂံ… သောတာပတ္တိဖလံ… သကဒါဂါမိဖလံ… အနာဂါမိဖလံ… အရဟတ္တံ သမာပဇ္ဇိ… သမာပဇ္ဇတိ… သမာပန္နော… သော ဘိက္ခု အရဟတ္တဿ လာဘီ… ဝသီ… တေန ဘိက္ခုနာ အရဟတ္တံ သစ္ဆိကတန္တိ သမ္ပဇာနမုသာ ဘဏန္တဿ ပဋိဝိဇာနန္တဿ အာပတ္တိ ထုလ္လစ္စယဿ၊ န ပဋိဝိဇာနန္တဿ အာပတ္တိ ဒုက္ကဋဿ။</p>
<p class=""bodytext"">တီဟာကာရေဟိ ယော တေ ဝိဟာရေ ဝသိ, တဿ ဘိက္ခုနော ရာဂေါ စတ္တော… ဒေါသော စတ္တော… မောဟော စတ္တော <a name=""T1.0197""></a> ဝန္တော မုတ္တော ပဟီနော ပဋိနိဿဋ္ဌော ဥက္ခေဋိတော သမုက္ခေဋိတောတိ သမ္ပဇာနမုသာ ဘဏန္တဿ ပဋိဝိဇာနန္တဿ အာပတ္တိ ထုလ္လစ္စယဿ၊ န ပဋိဝိဇာနန္တဿ အာပတ္တိ ဒုက္ကဋဿ။</p>
<p class=""bodytext"">တီဟာကာရေဟိ…ပေ… သတ္တဟာကာရေဟိ ယော တေ ဝိဟာရေ ဝသိ, တဿ ဘိက္ခုနော ရာဂါ စိတ္တံ ဝိနီဝရဏံ… ဒေါသာ စိတ္တံ ဝိနီဝရဏံ… မောဟာ စိတ္တံ ဝိနီဝရဏန္တိ သမ္ပဇာနမုသာ ဘဏန္တဿ ပဋိဝိဇာနန္တဿ အာပတ္တိ ထုလ္လစ္စယဿ၊ န ပဋိဝိဇာနန္တဿ အာပတ္တိ ဒုက္ကဋဿ…ပေ… ပုဗ္ဗေဝဿ ဟောတိ မုသာ ဘဏိဿန္တိ, ဘဏန္တဿ ဟောတိ မုသာ ဘဏာမီတိ, ဘဏိတဿ ဟောတိ မုသာ မယာ ဘဏိတန္တိ, ဝိနိဓာယ ဒိဋ္ဌိံ, ဝိနိဓာယ ခန္တိံ, ဝိနိဓာယ ရုစိံ, ဝိနိဓာယ ဘာဝံ။</p>
<p class=""bodytext"">တီဟာကာရေဟိ…ပေ… သတ္တဟာကာရေဟိ ယော တေ ဝိဟာရေ ဝသိ သော ဘိက္ခု သုညာဂါရေ ပဌမံ ဈာနံ… ဒုတိယံ ဈာနံ… တတိယံ ဈာနံ… စတုတ္ထံ ဈာနံ</p>
",
137,mula_vi_01,137,"<p class=""noindentbodytext""> သမာပဇ္ဇိ<a name=""M0.0137""></a>… သမာပဇ္ဇတိ… သမာပန္နော… သော ဘိက္ခု သုညာဂါရေ စတုတ္ထဿ ဈာနဿ လာဘီ… ဝသီ… တေန ဘိက္ခုနာ သုညာဂါရေ <a name=""V0.0133""></a> စတုတ္ထံ ဈာနံ သစ္ဆိကတန္တိ သမ္ပဇာနမုသာ ဘဏန္တဿ ပဋိဝိဇာနန္တဿ <a name=""T1.0198""></a> အာပတ္တိ ထုလ္လစ္စယဿ၊ န ပဋိဝိဇာနန္တဿ အာပတ္တိ ဒုက္ကဋဿ။ ပုဗ္ဗေဝဿ ဟောတိ မုသာ ဘဏိဿန္တိ, ဘဏန္တဿ ဟောတိ မုသာ ဘဏာမီတိ ဘဏိတဿ ဟောတိ, မုသာ မယာ ဘဏိတန္တိ, ဝိနိဓာယ ဒိဋ္ဌိံ, ဝိနိဓာယ ခန္တိံ, ဝိနိဓာယ ရုစိံ, ဝိနိဓာယ ဘာဝံ။</p>
<p class=""bodytext"">ယထာ ဣဒံ ဝိတ္ထာရိတံ ဧဝမေဝ သေသာနိပိ ဝိတ္ထာရေတဗ္ဗာနိ။</p>
<p class=""bodytext""><a name=""para221""></a><a name=""para221_vin1""></a><span class=""paranum"">၂၂၁</span>။ တီဟာကာရေဟိ…ပေ… သတ္တဟာကာရေဟိ ယော တေ စီဝရံ ပရိဘုဉ္ဇိ… ယော တေ ပိဏ္ဍပါတံ ပရိဘုဉ္ဇိ… ယော တေ သေနာသနံ ပရိဘုဉ္ဇိ… ယော တေ ဂိလာနပ္ပစ္စယဘေသဇ္ဇပရိက္ခာရံ ပရိဘုဉ္ဇိ သော ဘိက္ခု သုညာဂါရေ စတုတ္ထံ ဈာနံ သမာပဇ္ဇိ… သမာပဇ္ဇတိ… သမာပန္နော… သော ဘိက္ခု သုညာဂါရေ စတုတ္ထဿ ဈာနဿ လာဘီ… ဝသီ… တေန ဘိက္ခုနာ သုညာဂါရေ စတုတ္ထံ ဈာနံ သစ္ဆိကတန္တိ သမ္ပဇာနမုသာ <a name=""T1.0199""></a> ဘဏန္တဿ ပဋိဝိဇာနန္တဿ အာပတ္တိ ထုလ္လစ္စယဿ၊ န ပဋိဝိဇာနန္တဿ အာပတ္တိ ဒုက္ကဋဿ…ပေ… ဝိနိဓာယ ဘာဝံ။</p>
<p class=""bodytext"">တီဟာကာရေဟိ…ပေ… သတ္တဟာကာရေဟိ ယေန တေ ဝိဟာရော ပရိဘုတ္တော… ယေန တေ စီဝရံ ပရိဘုတ္တံ… ယေန တေ ပိဏ္ဍပါတော ပရိဘုတ္တော… ယေန တေ သေနာသနံ ပရိဘုတ္တံ… ယေန တေ ဂိလာနပ္ပစ္စယဘေသဇ္ဇပရိက္ခာရော ပရိဘုတ္တော… သော ဘိက္ခု သုညာဂါရေ စတုတ္ထံ ဈာနံ သမာပဇ္ဇိ… သမာပဇ္ဇတိ… သမာပန္နော… သော ဘိက္ခု သုညာဂါရေ စတုတ္ထဿ ဈာနဿ လာဘီ… ဝသီ… တေန ဘိက္ခုနာ သုညာဂါရေ စတုတ္ထံ ဈာနံ သစ္ဆိကတန္တိ သမ္ပဇာနမုသာ ဘဏန္တဿ ပဋိဝိဇာနန္တဿ အာပတ္တိ ထုလ္လစ္စယဿ၊ န ပဋိဝိဇာနန္တဿ အာပတ္တိ ဒုက္ကဋဿ…ပေ… ဝိနိဓာယ ဘာဝံ။</p>
<p class=""bodytext"">တီဟာကာရေဟိ <a name=""T1.0200""></a> …ပေ… သတ္တဟာကာရေဟိ ယံ တွံ အာဂမ္မ ဝိဟာရံ အဒါသိ… စီဝရံ အဒါသိ… ပိဏ္ဍပါတံ အဒါသိ… သေနာသနံ အဒါသိ… ဂိလာနပ္ပစ္စယဘေသဇ္ဇပရိက္ခာရံ အဒါသိ သော ဘိက္ခု သုညာဂါရေ စတုတ္ထံ ဈာနံ သမာပဇ္ဇိ… သမာပဇ္ဇတိ… သမာပန္နော… သော ဘိက္ခု သုညာဂါရေ စတုတ္ထဿ ဈာနဿ လာဘီ… ဝသီ… တေန ဘိက္ခုနာ သုညာဂါရေ စတုတ္ထံ ဈာနံ သစ္ဆိကတန္တိ သမ္ပဇာနမုသာ ဘဏန္တဿ ပဋိဝိဇာနန္တဿ အာပတ္တိ ထုလ္လစ္စယဿ၊ န ပဋိဝိဇာနန္တဿ အာပတ္တိ <a name=""P3.0100""></a> ဒုက္ကဋဿ။ ပုဗ္ဗေဝဿ ဟောတိ <a name=""V0.0134""></a> မုသာ</p>
",-221-
138,mula_vi_01,138,"<p class=""noindentbodytext""> ဘဏိဿန္တိ<a name=""M0.0138""></a>, ဘဏန္တဿ ဟောတိ မုသာ ဘဏာမီတိ, ဘဏိတဿ ဟောတိ မုသာ မယာ ဘဏိတန္တိ, ဝိနိဓာယ ဒိဋ္ဌိံ, ဝိနိဓာယ ခန္တိံ, ဝိနိဓာယ ရုစိံ, ဝိနိဓာယ ဘာဝံ။</p>
<p class=""centered"">ပေယျာလပန္နရသကံ နိဋ္ဌိတံ။</p>
<p class=""centered"">ပစ္စယပ္ပဋိသံယုတ္တဝါရကထာ နိဋ္ဌိတာ။</p>
<p class=""centered"">ဥတ္တရိမနုဿဓမ္မစက္ကပေယျာလံ နိဋ္ဌိတံ။</p>
<p class=""bodytext""><a name=""para222""></a><a name=""para222_vin1""></a><span class=""paranum"">၂၂၂</span>။ အနာပတ္တိ အဓိမာနေန, အနုလ္လပနာဓိပ္ပါယဿ, ဥမ္မတ္တကဿ, ခိတ္တစိတ္တဿ, ဝေဒနာဋ္ဋဿ, အာဒိကမ္မိကဿာတိ။</p>
<p class=""subhead"">ဝိနီတဝတ္ထုဥဒ္ဒါနဂါထာ</p>
<p class=""gatha1"">အဓိမာနေ <a name=""T1.0201""></a> <span class=""note"">[အဓိမာနေန (ပီ။)]</span> အရညမှိ, ပိဏ္ဍောပဇ္ဈာရိယာပထော၊</p>
<p class=""gathalast"">သံယောဇနာ ရဟောဓမ္မာ, ဝိဟာရော ပစ္စုပဋ္ဌိတော။</p>
<p class=""gatha1"">န ဒုက္ကရံ ဝီရိယမထောပိ မစ္စုနော၊</p>
<p class=""gatha2"">ဘာယာဝုသော ဝိပ္ပဋိသာရိ သမ္မာ၊</p>
<p class=""gatha3"">ဝိရိယေန ယောဂေန အာရာဓနာယ၊</p>
<p class=""gathalast"">အထ ဝေဒနာယ အဓိဝါသနာ ဒုဝေ။</p>
<p class=""gatha1"">ဗြာဟ္မဏေ ပဉ္စ ဝတ္ထူနိ, အညံ ဗျာကရဏာ တယော၊</p>
<p class=""gathalast"">အဂါရာဝရဏာ ကာမာ, ရတိ စာပိ အပက္ကမိ။</p>
<p class=""gatha1"">အဋ္ဌိ ပေသိ ဥဘော ဂါဝဃာတကာ၊</p>
<p class=""gatha2"">ပိဏ္ဍော သာကုဏိကော နိစ္ဆဝိ ဩရဗ္ဘိ၊</p>
<p class=""gatha3"">အသိ စ သူကရိကော သတ္တိ မာဂဝိ၊</p>
<p class=""gathalast"">ဥသု စ ကာရဏိကော သူစိ သာရထိ။</p>
<p class=""gatha1"">ယော စ သိဗ္ဗီယတိ သူစကော ဟိ သော၊</p>
<p class=""gatha2"">အဏ္ဍဘာရိ အဟု ဂါမကူဋကော၊</p>
<p class=""gatha3"">ကူပေ နိမုဂ္ဂေါ ဟိ သော ပါရဒါရိကော၊</p>
<p class=""gathalast"">ဂူထခါဒီ အဟု ဒုဋ္ဌဗြာဟ္မဏော။</p>
",-222-
139,mula_vi_01,139,"<p class=""gatha1"">နိစ္ဆဝိတ္ထီ <a name=""M0.0139""></a><a name=""V0.0135""></a> အတိစာရိနီ အဟု၊</p>
<p class=""gatha2"">မင်္ဂုလိတ္ထီ အဟု ဣက္ခဏိတ္ထိကာ၊</p>
<p class=""gatha3"">ဩကိလိနီ <a name=""T1.0202""></a> ဟိ သပတ္တင်္ဂါရောကိရိ၊</p>
<p class=""gathalast"">သီသစ္ဆိန္နော အဟု စောရဃာတကော။</p>
<p class=""gatha1"">ဘိက္ခု ဘိက္ခုနီ သိက္ခမာနာ၊</p>
<p class=""gatha2"">သာမဏေရော အထ သာမဏေရိကာ၊</p>
<p class=""gatha3"">ကဿပဿ ဝိနယသ္မိံ ပဗ္ဗဇံ၊</p>
<p class=""gathalast"">ပါပကမ္မမကရိံသု တာဝဒေ။</p>
<p class=""gatha1"">တပေါဒါ ရာဇဂဟေ ယုဒ္ဓံ, နာဂါနောဂါဟနေန စ၊</p>
<p class=""gathalast"">သောဘိတော အရဟံ ဘိက္ခု, ပဉ္စကပ္ပသတံ သရေတိ။</p>
<p class=""subhead"">ဝိနီတဝတ္ထု</p>
<p class=""bodytext""><a name=""para223""></a><a name=""para223_vin1""></a><span class=""paranum"">၂၂၃</span>။ တေန ခေါ ပန သမယေန အညတရော ဘိက္ခု အဓိမာနေန အညံ ဗျာကာသိ။ တဿ ကုက္ကုစ္စံ အဟောသိ – ‘‘ဘဂဝတာ သိက္ခာပဒံ ပညတ္တံ။ ကစ္စိ နု ခေါ အဟံ ပါရာဇိကံ အာပတ္တိံ အာပန္နော’’တိ? ဘဂဝတော ဧတမတ္ထံ အာရောစေသိ။ ‘‘အနာပတ္တိ, ဘိက္ခု, အဓိမာနေနာ’’တိ။</p>
<p class=""bodytext"">တေန ခေါ ပန သမယေန အညတရော ဘိက္ခု ပဏိဓာယ အရညေ <a name=""P3.0101""></a> ဝိဟရတိ – ‘‘ဧဝံ မံ ဇနော သမ္ဘာဝေဿတီ’’တိ။ တံ ဇနော သမ္ဘာဝေသိ။ တဿ ကုက္ကုစ္စံ အဟောသိ…ပေ… ‘‘အနာပတ္တိ, ဘိက္ခု, ပါရာဇိကဿ။ န စ, ဘိက္ခဝေ, ပဏိဓာယ အရညေ ဝတ္ထဗ္ဗံ။ ယော ဝသေယျ, အာပတ္တိ ဒုက္ကဋဿာ’’တိ။</p>
<p class=""bodytext"">တေန ခေါ ပန သမယေန အညတရော ဘိက္ခု ပဏိဓာယ ပိဏ္ဍာယ စရတိ – ‘‘ဧဝံ မံ ဇနော သမ္ဘာဝေဿတီ’’တိ။ တံ ဇနော သမ္ဘာဝေသိ။ တဿ ကုက္ကုစ္စံ အဟောသိ…ပေ… ‘‘အနာပတ္တိ, ဘိက္ခု, ပါရာဇိကဿ။ န စ, ဘိက္ခဝေ, ပဏိဓာယ ပိဏ္ဍာယ စရိတဗ္ဗံ။ ယော စရေယျ, အာပတ္တိ ဒုက္ကဋဿာ’’တိ။</p>
<p class=""bodytext"">တေန <a name=""T1.0203""></a><a name=""V0.0136""></a> ခေါ ပန သမယေန အညတရော ဘိက္ခု အညတရံ ဘိက္ခုံ ဧတဒဝေါစ – ‘‘ယေ, အာဝုသော, အမှာကံ ဥပဇ္ဈာယဿ သဒ္ဓိဝိဟာရိကာ သဗ္ဗေဝ အရဟန္တော’’တိ။ တဿ ကုက္ကုစ္စံ အဟောသိ…ပေ… ‘‘ကိံစိတ္တော တွံ, ဘိက္ခူ’’တိ?</p>
",-223-
140,mula_vi_01,140,"<p class=""noindentbodytext""> ‘‘ဥလ္လပနာဓိပ္ပါယော<a name=""M0.0140""></a> အဟံ, ဘဂဝါ’’တိ။ ‘‘အနာပတ္တိ, ဘိက္ခု, ပါရာဇိကဿ၊ အာပတ္တိ ထုလ္လစ္စယဿာ’’တိ။</p>
<p class=""bodytext"">တေန ခေါ ပန သမယေန အညတရော ဘိက္ခု အညတရံ ဘိက္ခုံ ဧတဒဝေါစ – ‘‘ယေ, အာဝုသော, အမှာကံ ဥပဇ္ဈာယဿ အန္တေဝါသိကာ သဗ္ဗေဝ မဟိဒ္ဓိကာ မဟာနုဘာဝါ’’တိ။ တဿ ကုက္ကုစ္စံ အဟောသိ…ပေ… ‘‘ကိံစိတ္တော တွံ, ဘိက္ခူ’’တိ? ‘‘ဥလ္လပနာဓိပ္ပါယော အဟံ, ဘဂဝါ’’တိ။ ‘‘အနာပတ္တိ, ဘိက္ခု, ပါရာဇိကဿ၊ အာပတ္တိ ထုလ္လစ္စယဿာ’’တိ။</p>
<p class=""bodytext"">တေန ခေါ ပန သမယေန အညတရော ဘိက္ခု ပဏိဓာယ စင်္ကမတိ… ပဏိဓာယ တိဋ္ဌတိ… ပဏိဓာယ နိသီဒတိ… ပဏိဓာယ သေယျံ ကပ္ပေတိ – ‘‘ဧဝံ မံ ဇနော သမ္ဘာဝေဿတီ’’တိ။ တံ ဇနော သမ္ဘာဝေသိ။ တဿ <a name=""T1.0204""></a> ကုက္ကုစ္စံ အဟောသိ…ပေ… ‘‘အနာပတ္တိ, ဘိက္ခု, ပါရာဇိကဿ။ န စ, ဘိက္ခဝေ, ပဏိဓာယ သေယျာ ကပ္ပေတဗ္ဗာ။ ယော ကပ္ပေယျ, အာပတ္တိ ဒုက္ကဋဿာ’’တိ။</p>
<p class=""bodytext"">တေန ခေါ ပန သမယေန အညတရော ဘိက္ခု အညတရဿ ဘိက္ခုနော ဥတ္တရိမနုဿဓမ္မံ ဥလ္လပတိ။ သောပိ ဧဝမာဟ – ‘‘မယှမ္ပိ, အာဝုသော, သံယောဇနာ ပဟီနာ’’တိ။ တဿ ကုက္ကုစ္စံ အဟောသိ…ပေ… ‘‘အာပတ္တိံ တွံ, ဘိက္ခု, အာပန္နော ပါရာဇိက’’န္တိ။</p>
<p class=""bodytext""><a name=""para224""></a><a name=""para224_vin1""></a><span class=""paranum"">၂၂၄</span>။ တေန ခေါ ပန သမယေန အညတရော ဘိက္ခု ရဟောဂတော ဥတ္တရိမနုဿဓမ္မံ ဥလ္လပတိ။ ပရစိတ္တဝိဒူ ဘိက္ခု တံ ဘိက္ခုံ အပသာဒေသိ – ‘‘မာ, အာဝုသော, ဧဝရူပံ အဘဏိ။ နတ္ထေသော တုယှ’’န္တိ။ တဿ ကုက္ကုစ္စံ အဟောသိ…ပေ… ‘‘အနာပတ္တိ, ဘိက္ခု, ပါရာဇိကဿ၊ အာပတ္တိ ဒုက္ကဋဿာ’’တိ။</p>
<p class=""bodytext"">တေန ခေါ ပန သမယေန အညတရော <a name=""P3.0102""></a> ဘိက္ခု ရဟောဂတော ဥတ္တရိမနုဿဓမ္မံ ဥလ္လပတိ။ ဒေဝတာ တံ ဘိက္ခုံ အပသာဒေသိ – ‘‘မာ, ဘန္တေ, ဧဝရူပံ အဘဏိ။ နတ္ထေသော တုယှ’’န္တိ။ တဿ ကုက္ကုစ္စံ အဟောသိ…ပေ… ‘‘အနာပတ္တိ, ဘိက္ခု, ပါရာဇိကဿ၊ အာပတ္တိ ဒုက္ကဋဿာ’’တိ။</p>
<p class=""bodytext"">တေန ခေါ ပန သမယေန အညတရော ဘိက္ခု အညတရံ ဥပါသကံ ဧတဒဝေါစ – ‘‘ယော, အာဝုသော<a name=""V0.0137""></a>, တုယှံ ဝိဟာရေ ဝသတိ သော ဘိက္ခု အရဟာ’’တိ<a name=""T1.0205""></a>။ သော စ တဿ ဝိဟာရေ ဝသတိ။ တဿ ကုက္ကုစ္စံ အဟောသိ…ပေ… ‘‘ကိံစိတ္တော တွံ, ဘိက္ခူ’’တိ? ‘‘ဥလ္လပနာဓိပ္ပါယော အဟံ, ဘဂဝါ’’တိ။ ‘‘အနာပတ္တိ, ဘိက္ခု, ပါရာဇိကဿ၊ အာပတ္တိ ထုလ္လစ္စယဿာ’’တိ။</p>
",-224-
141,mula_vi_01,141,"<p class=""bodytext"">တေန <a name=""M0.0141""></a> ခေါ ပန သမယေန အညတရော ဘိက္ခု အညတရံ ဥပါသကံ ဧတဒဝေါစ – ‘‘ယံ တွံ, အာဝုသော, ဥပဋ္ဌေသိ စီဝရပိဏ္ဍပါတသေနာသနဂိလာနပ္ပစ္စယဘေသဇ္ဇပရိက္ခာရေန သော ဘိက္ခု အရဟာ’’တိ။ သော စ တံ ဥပဋ္ဌေတိ စီဝရပိဏ္ဍပါတသေနာသနဂိလာနပ္ပစ္စယဘေသဇ္ဇပရိက္ခာရေန။ တဿ ကုက္ကုစ္စံ အဟောသိ…ပေ… ‘‘ကိံစိတ္တော တွံ, ဘိက္ခူ’’တိ? ‘‘ဥလ္လပနာဓိပ္ပါယော အဟံ, ဘဂဝါ’’တိ။ ‘‘အနာပတ္တိ, ဘိက္ခု, ပါရာဇိကဿ၊ အာပတ္တိ ထုလ္လစ္စယဿာ’’တိ။</p>
<p class=""bodytext""><a name=""para225""></a><a name=""para225_vin1""></a><span class=""paranum"">၂၂၅</span>။ တေန ခေါ ပန သမယေန အညတရော ဘိက္ခု ဂိလာနော ဟောတိ။ တံ ဘိက္ခူ ဧတဒဝေါစုံ – ‘‘အတ္ထာယသ္မတော ဥတ္တရိမနုဿဓမ္မော’’တိ? ‘‘နာဝုသော, ဒုက္ကရံ အညံ ဗျာကာတု’’န္တိ။ တဿ ကုက္ကုစ္စံ အဟောသိ – ‘‘ယေ ခေါ တေ ဘဂဝတော သာဝကာ တေ ဧဝံ ဝဒေယျုံ။ အဟဉ္စမှိ န ဘဂဝတော သာဝကော။ ကစ္စိ နု ခေါ အဟံ ပါရာဇိကံ အာပတ္တိံ အာပန္နော’’တိ? ဘဂဝတော ဧတမတ္ထံ အာရောစေသိ။ ‘‘ကိံစိတ္တော တွံ, ဘိက္ခူ’’တိ? ‘‘အနုလ္လပနာဓိပ္ပါယော အဟံ, ဘဂဝါ’’တိ။ ‘‘အနာပတ္တိ, ဘိက္ခု, အနုလ္လပနာဓိပ္ပါယဿာ’’တိ<a name=""T1.0206""></a>။</p>
<p class=""bodytext"">တေန ခေါ ပန သမယေန အညတရော ဘိက္ခု ဂိလာနော ဟောတိ။ တံ ဘိက္ခူ ဧတဒဝေါစုံ – ‘‘အတ္ထာယသ္မတော ဥတ္တရိမနုဿဓမ္မော’’တိ? ‘‘အာရာဓနီယော ခေါ, အာဝုသော, ဓမ္မော အာရဒ္ဓဝီရိယေနာ’’တိ။ တဿ ကုက္ကုစ္စံ အဟောသိ…ပေ… ‘‘အနာပတ္တိ, ဘိက္ခု, အနုလ္လပနာဓိပ္ပါယဿာ’’တိ။</p>
<p class=""bodytext"">တေန ခေါ ပန သမယေန အညတရော ဘိက္ခု ဂိလာနော ဟောတိ။ တံ ဘိက္ခူ ဧတဒဝေါစုံ – ‘‘မာ ခေါ, အာဝုသော, ဘာယီ’’တိ။ နာဟံ, အာဝုသော, မစ္စုနော ဘာယာမီ’’တိ။ တဿ ကုက္ကုစ္စံ အဟောသိ…ပေ… ‘‘အနာပတ္တိ, ဘိက္ခု, အနုလ္လပနာဓိပ္ပါယဿာ’’တိ။</p>
<p class=""bodytext"">တေန ခေါ ပန သမယေန အညတရော ဘိက္ခု ဂိလာနော ဟောတိ။ တံ ဘိက္ခူ ဧတဒဝေါစုံ – ‘‘မာ ခေါ, အာဝုသော, ဘာယီ’’တိ။ ‘‘ယော နူနာဝုသော, ဝိပ္ပဋိသာရီ အဿ သော ဘာယေယျာ’’တိ။ တဿ ကုက္ကုစ္စံ အဟောသိ…ပေ… ‘‘အနာပတ္တိ, ဘိက္ခု, အနုလ္လပနာဓိပ္ပါယဿာ’’တိ။</p>
<p class=""bodytext"">တေန <a name=""V0.0138""></a> ခေါ ပန သမယေန <a name=""P3.0103""></a> အညတရော ဘိက္ခု ဂိလာနော ဟောတိ။ တံ ဘိက္ခူ ဧတဒဝေါစုံ – ‘‘အတ္ထာယသ္မတော ဥတ္တရိမနုဿဓမ္မော’’တိ? ‘‘အာရာဓနီယော ခေါ, အာဝုသော, ဓမ္မော သမ္မာပယုတ္တေနာ’’တိ။ တဿ ကုက္ကုစ္စံ အဟောသိ…ပေ… ‘‘အနာပတ္တိ, ဘိက္ခု, အနုလ္လပနာဓိပ္ပါယဿာ’’တိ။</p>
",-225-
142,mula_vi_01,142,"<p class=""bodytext"">တေန <a name=""M0.0142""></a> ခေါ ပန သမယေန အညတရော ဘိက္ခု <a name=""T1.0207""></a> ဂိလာနော ဟောတိ။ တံ ဘိက္ခူ ဧတဒဝေါစုံ – ‘‘အတ္ထာယသ္မတော ဥတ္တရိမနုဿဓမ္မော’’တိ? ‘‘အာရာဓနီယော ခေါ, အာဝုသော, ဓမ္မော အာရဒ္ဓဝီရိယေနာ’’တိ။ တဿ ကုက္ကုစ္စံ အဟောသိ…ပေ… ‘‘အနာပတ္တိ, ဘိက္ခု, အနုလ္လပနာဓိပ္ပါယဿာ’’တိ။</p>
<p class=""bodytext"">တေန ခေါ ပန သမယေန အညတရော ဘိက္ခု ဂိလာနော ဟောတိ။ တံ ဘိက္ခူ ဧတဒဝေါစုံ – ‘‘အတ္ထာယသ္မတော ဥတ္တရိမနုဿဓမ္မော’’တိ? ‘‘အာရာဓနီယော ခေါ, အာဝုသော, ဓမ္မော ယုတ္တယောဂေနာ’’တိ။ တဿ ကုက္ကုစ္စံ အဟောသိ…ပေ… ‘‘အနာပတ္တိ, ဘိက္ခု, အနုလ္လပနာဓိပ္ပါယဿာ’’တိ။</p>
<p class=""bodytext"">တေန ခေါ ပန သမယေန အညတရော ဘိက္ခု ဂိလာနော ဟောတိ။ တံ ဘိက္ခူ ဧတဒဝေါစုံ – ‘‘ကစ္စာဝုသော, ခမနီယံ, ကစ္စိ ယာပနီယ’’န္တိ? ‘‘နာဝုသော, သက္ကာ ယေန ဝါ တေန ဝါ အဓိဝါသေတု’’န္တိ။ တဿ ကုက္ကုစ္စံ အဟောသိ…ပေ… ‘‘အနာပတ္တိ, ဘိက္ခု, အနုလ္လပနာဓိပ္ပါယဿာ’’တိ။</p>
<p class=""bodytext"">တေန ခေါ ပန သမယေန အညတရော ဘိက္ခု ဂိလာနော ဟောတိ။ တံ ဘိက္ခူ ဧတဒဝေါစုံ – ‘‘ကစ္စာဝုသော ခမနီယံ, ကစ္စိ ယာပနီယ’’န္တိ? ‘‘နာဝုသော, သက္ကာ ပုထုဇ္ဇနေန အဓိဝါသေတု’’န္တိ။ တဿ ကုက္ကုစ္စံ အဟောသိ…ပေ… ‘‘ကိံစိတ္တော တွံ, ဘိက္ခူ’’တိ? ‘‘ဥလ္လပနာဓိပ္ပါယော အဟံ, ဘဂဝါ’’တိ။ ‘‘အနာပတ္တိ, ဘိက္ခု, ပါရာဇိကဿ၊ အာပတ္တိ ထုလ္လစ္စယဿာ’’တိ။</p>
<p class=""bodytext""><a name=""para226""></a><a name=""para226_vin1""></a><span class=""paranum"">၂၂၆</span>။ တေန ခေါ ပန သမယေန အညတရော ဗြာဟ္မဏော ဘိက္ခူ နိမန္တေတွာ ဧတဒဝေါစ – ‘‘အာယန္တု, ဘောန္တော အရဟန္တော’’တိ။ တေသံ ကုက္ကုစ္စံ အဟောသိ – ‘‘မယဉ္စမှ န အရဟန္တော <span class=""note"">[အနရဟန္တော (သီ။)]</span>။ အယဉ္စ ဗြာဟ္မဏော အမှေ <a name=""T1.0208""></a> အရဟန္တဝါဒေန သမုဒါစရတိ။ ကထံ နု ခေါ အမှေဟိ ပဋိပဇ္ဇိတဗ္ဗ’’န္တိ? ဘဂဝတော ဧတမတ္ထံ အာရောစေသုံ။ ‘‘အနာပတ္တိ, ဘိက္ခဝေ, ပသာဒဘညေ’’တိ။</p>
<p class=""bodytext"">တေန <a name=""V0.0139""></a> ခေါ ပန သမယေန အညတရော ဗြာဟ္မဏော ဘိက္ခူ နိမန္တေတွာ ဧတဒဝေါစ – ‘‘နိသီဒန္တု, ဘောန္တော အရဟန္တော’’တိ… ‘‘ဘုဉ္ဇန္တု, ဘောန္တော အရဟန္တော’’တိ… ‘‘တပ္ပေန္တု, ဘောန္တော အရဟန္တော’’တိ… ‘‘ဂစ္ဆန္တု, ဘောန္တော အရဟန္တော’’တိ။ တေသံ ကုက္ကုစ္စံ အဟောသိ – ‘‘မယဉ္စမှ န</p>
",-226-
143,mula_vi_01,143,"<p class=""noindentbodytext""> အရဟန္တော<a name=""M0.0143""></a>။ အယဉ္စ ဗြာဟ္မဏော အမှေ အရဟန္တဝါဒေန သမုဒါစရတိ။ ကထံ နု ခေါ အမှေဟိ ပဋိပဇ္ဇိတဗ္ဗ’’န္တိ? ဘဂဝတော ဧတမတ္ထံ အာရောစေသုံ။ ‘‘အနာပတ္တိ, ဘိက္ခဝေ, ပသာဒဘညေ’’တိ။</p>
<p class=""bodytext"">တေန ခေါ ပန သမယေန အညတရော ဘိက္ခု အညတရဿ ဘိက္ခုနော ဥတ္တရိမနုဿဓမ္မံ ဥလ္လပတိ။ သောပိ ဧဝမာဟ – ‘‘မယှမ္ပိ, အာဝုသော, အာသဝါ ပဟီနာ’’တိ။ တဿ ကုက္ကုစ္စံ အဟောသိ…ပေ… ‘‘အာပတ္တိံ တွံ, ဘိက္ခု, အာပန္နော ပါရာဇိက’’န္တိ။</p>
<p class=""bodytext"">တေန ခေါ <a name=""P3.0104""></a> ပန သမယေန အညတရော ဘိက္ခု အညတရဿ ဘိက္ခုနော ဥတ္တရိမနုဿဓမ္မံ ဥလ္လပတိ။ သောပိ ဧဝမာဟ – ‘‘မယှမ္ပိ, အာဝုသော, ဧတေ ဓမ္မာ သံဝိဇ္ဇန္တီ’’တိ။ တဿ ကုက္ကုစ္စံ အဟောသိ…ပေ… ‘‘အာပတ္တိံ တွံ, ဘိက္ခု, အာပန္နော ပါရာဇိက’’န္တိ။</p>
<p class=""bodytext"">တေန ခေါ ပန သမယေန အညတရော ဘိက္ခု အညတရဿ ဘိက္ခုနော ဥတ္တရိမနုဿဓမ္မံ ဥလ္လပတိ။ သောပိ ဧဝမာဟ – ‘‘အဟမ္ပာဝုသော, တေသု ဓမ္မေသု သန္ဒိဿာမီ’’တိ။ တဿ ကုက္ကုစ္စံ အဟောသိ…ပေ… ‘‘အာပတ္တိံ တွံ<a name=""T1.0209""></a>, ဘိက္ခု, အာပန္နော ပါရာဇိက’’န္တိ။</p>
<p class=""bodytext"">တေန ခေါ ပန သမယေန အညတရံ ဘိက္ခုံ ဉာတကာ ဧတဒဝေါစုံ – ‘‘ဧဟိ, ဘန္တေ, အဂါရံ အဇ္ဈာဝသာ’’တိ။ ‘‘အဘဗ္ဗော ခေါ, အာဝုသော, မာဒိသော အဂါရံ အဇ္ဈာဝသိတု’’န္တိ။ တဿ ကုက္ကုစ္စံ အဟောသိ…ပေ… ‘‘အနာပတ္တိ, ဘိက္ခု, အနုလ္လပနာဓိပ္ပါယဿာ’’တိ။</p>
<p class=""bodytext""><a name=""para227""></a><a name=""para227_vin1""></a><span class=""paranum"">၂၂၇</span>။ တေန ခေါ ပန သမယေန အညတရံ ဘိက္ခုံ ဉာတကာ ဧတဒဝေါစုံ – ‘‘ဧဟိ, ဘန္တေ, ကာမေ ပရိဘုဉ္ဇာ’’တိ။ ‘‘အာဝဋာ မေ, အာဝုသော, ကာမာ’’တိ။ တဿ ကုက္ကုစ္စံ အဟောသိ…ပေ… ‘‘အနာပတ္တိ, ဘိက္ခု, အနုလ္လပနာဓိပ္ပါယဿာ’’တိ။</p>
<p class=""bodytext"">တေန ခေါ ပန သမယေန အညတရံ ဘိက္ခုံ ဉာတကာ ဧတဒဝေါစုံ – ‘‘အဘိရမသိ, ဘန္တေ’’တိ? ‘‘အဘိရတော အဟံ, အာဝုသော, ပရမာယ အဘိရတိယာ’’တိ။ တဿ ကုက္ကုစ္စံ အဟောသိ။ ‘‘ယေ ခေါ တေ ဘဂဝတော သာဝကာ တေ ဧဝံ ဝဒေယျုံ! အဟဉ္စမှိ န ဘဂဝတော သာဝကော။ ကစ္စိ <a name=""V0.0140""></a> နု ခေါ အဟံ ပါရာဇိကံ အာပတ္တိံ အာပန္နော’’တိ? ဘဂဝတော ဧတမတ္ထံ အာရောစေသိ။ ‘‘ကိံစိတ္တော တွံ, ဘိက္ခူ’’တိ? ‘‘အနုလ္လပနာဓိပ္ပါယော အဟံ, ဘဂဝါ’’တိ။ ‘‘အနာပတ္တိ, ဘိက္ခု, အနုလ္လပနာဓိပ္ပါယဿာ’’တိ။</p>
",-227-
144,mula_vi_01,144,"<p class=""bodytext"">တေန <a name=""M0.0144""></a> ခေါ ပန သမယေန သမ္ဗဟုလာ ဘိက္ခူ ကတိကံ ကတွာ အညတရသ္မိံ အာဝါသေ ဝဿံ ဥပဂစ္ဆိံသု – ‘‘ယော ဣမမှာ အာဝါသာ ပဌမံ ပက္ကမိဿတိ တံ မယံ အရဟာတိ ဇာနိဿာမာ’’တိ။ အညတရော ဘိက္ခု <a name=""T1.0210""></a> – ‘‘မံ အရဟာတိ ဇာနန္တူ’’တိ, တမှာ အာဝါသာ ပဌမံ ပက္ကာမိ။ တဿ ကုက္ကုစ္စံ အဟောသိ…ပေ… ‘‘အာပတ္တိံ တွံ, ဘိက္ခု, အာပန္နော ပါရာဇိက’’န္တိ။</p>
<p class=""bodytext""><a name=""para228""></a><a name=""para228_vin1""></a><span class=""paranum"">၂၂၈</span>။ <span class=""note"">[ဣမာနိ ဝတ္ထုနိ သံ။ နိ။ ၂။၂၀၂ အာဂတာနိ]</span> တေန သမယေန ဗုဒ္ဓေါ ဘဂဝါ ရာဇဂဟေ ဝိဟရတိ ဝေဠုဝနေ ကလန္ဒကနိဝါပေ။ တေန ခေါ ပန သမယေန အာယသ္မာ စ လက္ခဏော အာယသ္မာ စ မဟာမောဂ္ဂလ္လာနော ဂိဇ္ဈကူဋေ ပဗ္ဗတေ ဝိဟရန္တိ။ အထ ခေါ အာယသ္မာ မဟာမောဂ္ဂလ္လာနော ပုဗ္ဗဏှသမယံ နိဝါသေတွာ ပတ္တစီဝရံ အာဒါယ ယေနာယသ္မာ လက္ခဏော တေနုပသင်္ကမိ၊ ဥပသင်္ကမိတွာ အာယသ္မန္တံ လက္ခဏံ ဧတဒဝေါစ – ‘‘အာယာမာဝုသော လက္ခဏ, ရာဇဂဟံ ပိဏ္ဍာယ ပဝိသိဿာမာ’’တိ။ ‘‘ဧဝမာဝုသော’’တိ ခေါ အာယသ္မာ လက္ခဏော အာယသ္မတော မဟာမောဂ္ဂလ္လာနဿ ပစ္စဿောသိ။ အထ ခေါ အာယသ္မာ မဟာမောဂ္ဂလ္လာနော ဂိဇ္ဈကူဋာ ပဗ္ဗတာ <a name=""P3.0105""></a> ဩရောဟန္တော အညတရသ္မိံ ပဒေသေ သိတံ ပါတွာကာသိ။ အထ ခေါ အာယသ္မာ လက္ခဏော အာယသ္မန္တံ မဟာမောဂ္ဂလ္လာနံ ဧတဒဝေါစ – ‘‘ကော နု ခေါ, အာဝုသော မောဂ္ဂလ္လာန, ဟေတု ကော ပစ္စယော သိတဿ ပါတုကမ္မာယာ’’တိ? ‘‘အကာလော ခေါ, အာဝုသော လက္ခဏ, ဧတဿ ပဉှဿ <span class=""note"">[ပဉှဿ ဗျာကရဏာယ (သျာ။)]</span>။ ဘဂဝတော မံ သန္တိကေ ဧတံ ပဉှံ ပုစ္ဆာတိ။ အထ ခေါ အာယသ္မာ စ လက္ခဏော အာယသ္မာ စ မဟာမောဂ္ဂလ္လာနော <a name=""T1.0211""></a> ရာဇဂဟေ ပိဏ္ဍာယ စရိတွာ ပစ္ဆာဘတ္တံ ပိဏ္ဍပါတပဋိက္ကန္တာ ယေန ဘဂဝါ တေနုပသင်္ကမိံသု၊ ဥပသင်္ကမိတွာ ဘဂဝန္တံ အဘိဝါဒေတွာ ဧကမန္တံ နိသီဒိံသု။ ဧကမန္တံ နိသိန္နော ခေါ အာယသ္မာ လက္ခဏော အာယသ္မန္တံ မဟာမောဂ္ဂလ္လာနံ ဧတဒဝေါစ – ‘‘ဣဓာယသ္မာ မဟာမောဂ္ဂလ္လာနော ဂိဇ္ဈကူဋာ ပဗ္ဗတာ ဩရောဟန္တော အညတရသ္မိံ ပဒေသေ သိတံ ပါတွာကာသိ။ ကော နု ခေါ, အာဝုသော မောဂ္ဂလ္လာန, ဟေတု ကော ပစ္စယော သိတဿ ပါတုကမ္မာယာ’’တိ? ‘‘ဣဓာဟံ, အာဝုသော, ဂိဇ္ဈကူဋာ ပဗ္ဗတာ ဩရောဟန္တော အဒ္ဒသံ အဋ္ဌိကသင်္ခလိကံ ဝေဟာသံ ဂစ္ဆန္တိံ။ တမေနံ ဂိဇ္ဈာပိ ကာကာပိ ကုလလာပိ အနုပတိတွာ အနုပတိတွာ ဖာသုဠန္တရိကာဟိ ဝိတုဍေန္တိ <span class=""note"">[ဝိတုဒေန္တိ ဝိတစ္ဆေန္တိ ဝိရာဇေန္တိ (သျာ။)]</span>။ သာ သုဒံ အဋ္ဋဿရံ ကရောတိ။ တဿ မယှံ, အာဝုသော, ဧတဒဟောသိ – ‘အစ္ဆရိယံ ဝတ ဘော, အဗ္ဘုတံ ဝတ ဘော, ဧဝရူပေါပိ နာမ သတ္တော ဘဝိဿတိ! ဧဝရူပေါပိ <a name=""V0.0141""></a></p>
",-228-
145,mula_vi_01,145,"<p class=""noindentbodytext""> နာမ<a name=""M0.0145""></a> ယက္ခော ဘဝိဿတိ! ဧဝရူပေါပိ နာမ အတ္တဘာဝပ္ပဋိလာဘော ဘဝိဿတီ’’’တိ! ဘိက္ခူ ဥဇ္ဈာယန္တိ ခိယျန္တိ ဝိပါစေန္တိ – ‘‘ဥတ္တရိမနုဿဓမ္မံ အာယသ္မာ မဟာမောဂ္ဂလ္လာနော ဥလ္လပတီ’’တိ။ အထ ခေါ ဘဂဝါ ဘိက္ခူ အာမန္တေသိ <a name=""T1.0212""></a> – ‘‘စက္ခုဘူတာ ဝတ, ဘိက္ခဝေ, သာဝကာ ဝိဟရန္တိ။ ဉာဏဘူတာ ဝတ, ဘိက္ခဝေ, သာဝကာ ဝိဟရန္တိ။ ယတြ ဟိ နာမ သာဝကော ဧဝရူပံ ဉဿတိ ဝါ ဒက္ခတိ ဝါ သက္ခိံ ဝါ ကရိဿတိ။ ပုဗ္ဗေဝ မေ သော, ဘိက္ခဝေ, သတ္တော ဒိဋ္ဌော အဟောသိ။ အပိ စာဟံ န ဗျာကာသိံ။ အဟဉ္စေတံ ဗျာကရေယျံ ပရေ စ မေ န သဒ္ဒဟေယျုံ။ ယေ မေ န သဒ္ဒဟေယျုံ တေသံ တံ အဿ ဒီဃရတ္တံ အဟိတာယ ဒုက္ခာယ။ ဧသော, ဘိက္ခဝေ, သတ္တော ဣမသ္မိံယေဝ ရာဇဂဟေ ဂေါဃာတကော အဟောသိ။ သော တဿ ကမ္မဿ ဝိပါကေန ဗဟူနိ ဝဿာနိ ဗဟူနိ ဝဿသတာနိ ဗဟူနိ ဝဿသဟဿာနိ ဗဟူနိ ဝဿသတသဟဿာနိ နိရယေ ပစ္စိတွာ တဿေဝ ကမ္မဿ ဝိပါကာဝသေသေန ဧဝရူပံ အတ္တဘာဝပ္ပဋိလာဘံ ပဋိသံဝေဒေတိ။ သစ္စံ, ဘိက္ခဝေ, မောဂ္ဂလ္လာနော အာဟ။ အနာပတ္တိ, ဘိက္ခဝေ, မောဂ္ဂလ္လာနဿာ’’တိ။</p>
<p class=""bodytext""><a name=""para229""></a><a name=""para229_vin1""></a><span class=""paranum"">၂၂၉</span>။ ‘‘ဣဓာဟံ, အာဝုသော, ဂိဇ္ဈကူဋာ ပဗ္ဗတာ ဩရောဟန္တော အဒ္ဒသံ မံသပေသိံ ဝေဟာသံ ဂစ္ဆန္တိံ။ တမေနံ ဂိဇ္ဈာပိ ကာကာပိ ကုလလာပိ အနုပတိတွာ အနုပတိတွာ ဝိတစ္ဆေန္တိ ဝိဘဇ္ဇေန္တိ <span class=""note"">[ဝိတုဒေန္တိ ဝိတစ္ဆေန္တိ ဝိရာဇေန္တိ (သျာ။)]</span>။ သာ သုဒံ အဋ္ဋဿရံ <a name=""P3.0106""></a> ကရောတိ…ပေ… ဧသော, ဘိက္ခဝေ, သတ္တော ဣမသ္မိံယေဝ ရာဇဂဟေ ဂေါဃာတကော အဟောသိ…ပေ…။</p>
<p class=""bodytext"">‘‘ဣဓာဟံ, အာဝုသော, ဂိဇ္ဈကူဋာ ပဗ္ဗတာ ဩရောဟန္တော အဒ္ဒသံ မံသပိဏ္ဍံ ဝေဟာသံ ဂစ္ဆန္တံ။ တမေနံ ဂိဇ္ဈာပိ ကာကာပိ ကုလလာပိ အနုပတိတွာ အနုပတိတွာ ဝိတစ္ဆေန္တိ ဝိဘဇ္ဇေန္တိ။ သော သုဒံ အဋ္ဋဿရံ ကရောတိ…ပေ… ဧသော, ဘိက္ခဝေ, သတ္တော ဣမသ္မိံယေဝ ရာဇဂဟေ သာကုဏိကော အဟောသိ…ပေ…။</p>
<p class=""bodytext"">‘‘ဣဓာဟံ, အာဝုသော, ဂိဇ္ဈကူဋာ ပဗ္ဗတာ ဩရောဟန္တော အဒ္ဒသံ နိစ္ဆဝိံ ပုရိသံ ဝေဟာသံ ဂစ္ဆန္တံ။ တမေနံ ဂိဇ္ဈာပိ ကာကာပိ ကုလလာပိ အနုပတိတွာ အနုပတိတွာ ဝိတစ္ဆေန္တိ ဝိဘဇ္ဇေန္တိ။ သော သုဒံ အဋ္ဋဿရံ ကရောတိ။</p>
",-229-
146,mula_vi_01,146,"<p class=""noindentbodytext""> …ပေ…<a name=""M0.0146""></a> ဧသော, ဘိက္ခဝေ, သတ္တော ဣမသ္မိံယေဝ ရာဇဂဟေ ဩရဗ္ဘိကော အဟောသိ…ပေ…။</p>
<p class=""bodytext"">‘‘ဣဓာဟံ, အာဝုသော, ဂိဇ္ဈကူဋာ ပဗ္ဗတာ ဩရောဟန္တော အဒ္ဒသံ အသိလောမံ ပုရိသံ ဝေဟာသံ ဂစ္ဆန္တံ<a name=""V0.0142""></a>။ တဿ တေ အသီ ဥပ္ပတိတွာ ဥပ္ပတိတွာ တဿေဝ ကာယေ နိပတန္တိ။ သော သုဒံ အဋ္ဋဿရံ ကရောတိ…ပေ… ဧသော, ဘိက္ခဝေ, သတ္တော ဣမသ္မိံယေဝ ရာဇဂဟေ သူကရိကော အဟောသိ…ပေ…။</p>
<p class=""bodytext"">‘‘ဣဓာဟံ, အာဝုသော, ဂိဇ္ဈကူဋာ ပဗ္ဗတာ ဩရောဟန္တော အဒ္ဒသံ သတ္တိလောမံ ပုရိသံ ဝေဟာသံ ဂစ္ဆန္တံ။ တဿ တာ သတ္တိယော ဥပ္ပတိတွာ ဥပ္ပတိတွာ တဿေဝ ကာယေ နိပတန္တိ။ သော သုဒံ အဋ္ဋဿရံ ကရောတိ…ပေ… ဧသော, ဘိက္ခဝေ, သတ္တော ဣမသ္မိံယေဝ ရာဇဂဟေ မာဂဝိကော အဟောသိ…ပေ…။</p>
<p class=""bodytext"">‘‘ဣဓာဟံ, အာဝုသော, ဂိဇ္ဈကူဋာ ပဗ္ဗတာ ဩရောဟန္တော အဒ္ဒသံ ဥသုလောမံ ပုရိသံ ဝေဟာသံ ဂစ္ဆန္တံ။ တဿ တေ ဥသူ ဥပ္ပတိတွာ ဥပ္ပတိတွာ တဿေဝ ကာယေ နိပတန္တိ။ သော သုဒံ အဋ္ဋဿရံ ကရောတိ…ပေ… ဧသော, ဘိက္ခဝေ, သတ္တော ဣမသ္မိံယေဝ ရာဇဂဟေ ကာရဏိကော အဟောသိ…ပေ…။</p>
<p class=""bodytext"">‘‘ဣဓာဟံ, အာဝုသော, ဂိဇ္ဈကူဋာ ပဗ္ဗတာ ဩရောဟန္တော အဒ္ဒသံ သူစိလောမံ ပုရိသံ ဝေဟာသံ ဂစ္ဆန္တံ။ တဿ တာ သူစိယော ဥပ္ပတိတွာ ဥပ္ပတိတွာ တဿေဝ <a name=""T1.0214""></a> ကာယေ နိပတန္တိ။ သော သုဒံ အဋ္ဋဿရံ ကရောတိ…ပေ… ဧသော, ဘိက္ခဝေ, သတ္တော ဣမသ္မိံယေဝ ရာဇဂဟေ သာရထိကော အဟောသိ…ပေ…။</p>
<p class=""bodytext"">‘‘ဣဓာဟံ, အာဝုသော, ဂိဇ္ဈကူဋာ ပဗ္ဗတာ ဩရောဟန္တော အဒ္ဒသံ သူစိလောမံ ပုရိသံ ဝေဟာသံ ဂစ္ဆန္တံ။ တဿ တာ သူစိယော သီသေ ပဝိသိတွာ မုခတော နိက္ခမန္တိ၊ မုခေ ပဝိသိတွာ ဥရတော နိက္ခမန္တိ၊ ဥရေ ပဝိသိတွာ ဥဒရတော နိက္ခမန္တိ၊ ဥဒရေ ပဝိသိတွာ ဦရူဟိ နိက္ခမန္တိ၊ ဦရူသု ပဝိသိတွာ ဇင်္ဃာဟိ နိက္ခမန္တိ၊ ဇင်္ဃာသု ပဝိသိတွာ ပါဒေဟိ နိက္ခမန္တိ။ သော သုဒံ အဋ္ဋဿရံ ကရောတိ…ပေ… ဧသော, ဘိက္ခဝေ, သတ္တော ဣမသ္မိံယေဝ ရာဇဂဟေ သူစကော အဟောသိ…ပေ…။</p>
<p class=""bodytext"">‘‘ဣဓာဟံ, အာဝုသော, ဂိဇ္ဈကူဋာ ပဗ္ဗတာ ဩရောဟန္တော အဒ္ဒသံ ကုမ္ဘဏ္ဍံ ပုရိသံ ဝေဟာသံ ဂစ္ဆန္တံ။ သော ဂစ္ဆန္တောပိ တေဝ အဏ္ဍေ ခန္ဓေ အာရောပေတွာ ဂစ္ဆတိ, နိသီဒန္တောပိ တေသွေဝ အဏ္ဍေသု နိသီဒတိ။ တမေနံ ဂိဇ္ဈာပိ</p>
",
147,mula_vi_01,147,"<p class=""noindentbodytext""> ကာကာပိ<a name=""M0.0147""></a> ကုလလာပိ အနုပတိတွာ အနုပတိတွာ ဝိတစ္ဆေန္တိ ဝိဘဇ္ဇေန္တိ။ သော သုဒံ အဋ္ဋဿရံ ကရောတိ…ပေ… ဧသော, ဘိက္ခဝေ, သတ္တော ဣမသ္မိံယေဝ ရာဇဂဟေ ဂါမကူဋော အဟောသိ…ပေ…။</p>
<p class=""bodytext"">‘‘ဣဓာဟံ, အာဝုသော, ဂိဇ္ဈကူဋာ ပဗ္ဗတာ ဩရောဟန္တော အဒ္ဒသံ ပုရိသံ ဂူထကူပေ သသီသကံ နိမုဂ္ဂံ…ပေ… ဧသော, ဘိက္ခဝေ, သတ္တော ဣမသ္မိံယေဝ ရာဇဂဟေ ပါရဒါရိကော အဟောသိ…ပေ…။</p>
<p class=""bodytext"">‘‘ဣဓာဟံ<a name=""V0.0143""></a>, အာဝုသော, ဂိဇ္ဈကူဋာ ပဗ္ဗတာ ဩရောဟန္တော အဒ္ဒသံ <a name=""P3.0107""></a> ပုရိသံ ဂူထကူပေ သသီသကံ နိမုဂ္ဂံ ဥဘောဟိ ဟတ္ထေဟိ ဂူထံ ခါဒန္တံ…ပေ… ဧသော, ဘိက္ခဝေ, သတ္တော ဣမသ္မိံယေဝ ရာဇဂဟေ ဒုဋ္ဌဗြာဟ္မဏော <a name=""T1.0215""></a> အဟောသိ။ သော ကဿပဿ သမ္မာသမ္ဗုဒ္ဓဿ ပါဝစနေ ဘိက္ခုသံဃံ ဘတ္တေန နိမန္တေတွာ ဒေါဏိယော <span class=""note"">[ဒေါဏိယော (ဣတိပိ)]</span> ဂူထဿ ပူရာပေတွာ ကာလံ အာရောစာပေတွာ ဧတဒဝေါစ – ‘အတော <span class=""note"">[ဣတော (သျာ။) အဟော (ဣတိပိ)]</span>, ဘောန္တော, ယာဝဒတ္ထံ ဘုဉ္ဇန္တု စေဝ ဟရန္တု စာ’’’တိ…ပေ…။</p>
<p class=""bodytext""><a name=""para230""></a><a name=""para230_vin1""></a><span class=""paranum"">၂၃၀</span>။ ‘‘ဣဓာဟံ, အာဝုသော, ဂိဇ္ဈကူဋာ ပဗ္ဗတာ ဩရောဟန္တော အဒ္ဒသံ နိစ္ဆဝိံ ဣတ္ထိံ ဝေဟာသံ ဂစ္ဆန္တိံ။ တမေနံ ဂိဇ္ဈာပိ ကာကာပိ ကုလလာပိ အနုပတိတွာ အနုပတိတွာ ဝိတစ္ဆေန္တိ ဝိဘဇ္ဇေန္တိ။ သာ သုဒံ အဋ္ဋဿရံ ကရောတိ…ပေ… ဧသာ, ဘိက္ခဝေ, ဣတ္ထီ ဣမသ္မိံယေဝ ရာဇဂဟေ အတိစာရိနီ အဟောသိ…ပေ…။</p>
<p class=""bodytext"">‘‘ဣဓာဟံ, အာဝုသော, ဂိဇ္ဈကူဋာ ပဗ္ဗတာ ဩရောဟန္တော အဒ္ဒသံ ဣတ္ထိံ ဒုဂ္ဂန္ဓံ မင်္ဂုလိံ ဝေဟာသံ ဂစ္ဆန္တိံ။ တမေနံ ဂိဇ္ဈာပိ ကာကာပိ ကုလလာပိ အနုပတိတွာ အနုပတိတွာ ဝိတစ္ဆေန္တိ ဝိဘဇ္ဇေန္တိ။ သာ သုဒံ အဋ္ဋဿရံ ကရောတိ…ပေ… ဧသာ, ဘိက္ခဝေ, ဣတ္ထီ ဣမသ္မိံယေဝ ရာဇဂဟေ ဣက္ခဏိကာ အဟောသိ…ပေ…။</p>
<p class=""bodytext"">‘‘ဣဓာဟံ, အာဝုသော, ဂိဇ္ဈကူဋာ ပဗ္ဗတာ ဩရောဟန္တော အဒ္ဒသံ ဣတ္ထိံ ဥပ္ပက္ကံ ဩကိလိနိံ ဩကိရိနိံ ဝေဟာသံ ဂစ္ဆန္တိံ။ သာ သုဒံ အဋ္ဋဿရံ ကရောတိ…ပေ… ဧသာ, ဘိက္ခဝေ<a name=""T1.0216""></a>, ဣတ္ထီ ကာလိင်္ဂဿ ရညော အဂ္ဂမဟေသီ အဟောသိ။ သာ ဣဿာပကတာ သပတ္တိံ အင်္ဂါရကဋာဟေန ဩကိရိ…ပေ…။</p>
<p class=""bodytext"">‘‘ဣဓာဟံ, အာဝုသော, ဂိဇ္ဈကူဋာ ပဗ္ဗတာ ဩရောဟန္တော အဒ္ဒသံ အသီသကံ ကဗန္ဓံ ဝေဟာသံ ဂစ္ဆန္တံ။ တဿ ဥရေ အက္ခီနိ စေဝ ဟောန္တိ မုခဉ္စ။ တမေနံ ဂိဇ္ဈာပိ ကာကာပိ ကုလလာပိ အနုပတိတွာ အနုပတိတွာ ဝိတစ္ဆေန္တိ ဝိဘဇ္ဇေန္တိ။</p>
",-230-
148,mula_vi_01,148,"<p class=""noindentbodytext""> သော<a name=""M0.0148""></a> သုဒံ အဋ္ဋဿရံ ကရောတိ…ပေ… ဧသော, ဘိက္ခဝေ, သတ္တော ဣမသ္မိံယေဝ ရာဇဂဟေ ဟာရိကော နာမ စောရဃာတကော အဟောသိ…ပေ…။</p>
<p class=""bodytext"">‘‘ဣဓာဟံ<a name=""V0.0144""></a>, အာဝုသော, ဂိဇ္ဈကူဋာ ပဗ္ဗတာ ဩရောဟန္တော အဒ္ဒသံ ဘိက္ခုံ ဝေဟာသံ ဂစ္ဆန္တံ။ တဿ သံဃာဋိပိ အာဒိတ္တာ သမ္ပဇ္ဇလိတာ သဇောတိဘူတာ, ပတ္တောပိ အာဒိတ္တော သမ္ပဇ္ဇလိတော သဇောတိဘူတော, ကာယဗန္ဓနမ္ပိ အာဒိတ္တံ သမ္ပဇ္ဇလိတံ သဇောတိဘူတံ, ကာယောပိ အာဒိတ္တော သမ္ပဇ္ဇလိတော သဇောတိဘူတော။ သော သုဒံ အဋ္ဋဿရံ ကရောတိ…ပေ… ဧသော, ဘိက္ခဝေ, ဘိက္ခု ကဿပဿ သမ္မာသမ္ဗုဒ္ဓဿ ပါဝစနေ ပါပဘိက္ခု အဟောသိ…ပေ…။</p>
<p class=""bodytext"">‘‘ဣဓာဟံ, အာဝုသော, ဂိဇ္ဈကူဋာ ပဗ္ဗတာ ဩရောဟန္တော အဒ္ဒသံ ဘိက္ခုနိံ… အဒ္ဒသံ သိက္ခမာနံ… အဒ္ဒသံ သာမဏေရံ… အဒ္ဒသံ သာမဏေရိံ ဝေဟာသံ ဂစ္ဆန္တိံ။ တဿာ သံဃာဋိပိ အာဒိတ္တာ သမ္ပဇ္ဇလိတာ သဇောတိဘူတာ, ပတ္တောပိ အာဒိတ္တော သမ္ပဇ္ဇလိတော သဇောတိဘူတော, ကာယဗန္ဓနမ္ပိ အာဒိတ္တံ သမ္ပဇ္ဇလိတံ သဇောတိဘူတံ, ကာယောပိ အာဒိတ္တော <a name=""T1.0217""></a> သမ္ပဇ္ဇလိတော သဇောတိဘူတော။ သာ သုဒံ အဋ္ဋဿရံ ကရောတိ။ တဿ မယှံ, အာဝုသော, ဧတဒဟောသိ – ‘အစ္ဆရိယံ ဝတ ဘော, အဗ္ဘုတံ ဝတ ဘော, ဧဝရူပေါပိ နာမ သတ္တော ဘဝိဿတိ! ဧဝရူပေါပိ နာမ ယက္ခော ဘဝိဿတိ! ဧဝရူပေါပိ နာမ အတ္တဘာဝပ္ပဋိလာဘော ဘဝိဿတီ’’’တိ! ဘိက္ခူ ဥဇ္ဈာယန္တိ ခိယျန္တိ ဝိပါစေန္တိ – ‘‘ဥတ္တရိမနုဿဓမ္မံ အာယသ္မာ မဟာမောဂ္ဂလ္လာနော ဥလ္လပတီ’’တိ။</p>
<p class=""bodytext"">အထ ခေါ ဘဂဝါ ဘိက္ခူ အာမန္တေသိ – ‘‘စက္ခုဘူတာ ဝတ, ဘိက္ခဝေ, သာဝကာ ဝိဟရန္တိ။ ဉာဏဘူတာ ဝတ<a name=""P3.0108""></a>, ဘိက္ခဝေ, သာဝကာ ဝိဟရန္တိ။ ယတြ ဟိ နာမ သာဝကော ဧဝရူပံ ဉဿတိ ဝါ ဒက္ခတိ ဝါ သက္ခိံ ဝါ ကရိဿတိ! ပုဗ္ဗေဝ မေ သာ, ဘိက္ခဝေ, သာမဏေရီ ဒိဋ္ဌာ အဟောသိ။ အပိ စာဟံ န ဗျာကာသိံ။ အဟဉ္စေတံ ဗျာကရေယျံ ပရေ စ မေ န သဒ္ဒဟေယျုံ။ ယေ မေ န သဒ္ဒဟေယျုံ တေသံ တံ အဿ ဒီဃရတ္တံ အဟိတာယ ဒုက္ခာယ။ ဧသာ, ဘိက္ခဝေ, သာမဏေရီ ကဿပဿ သမ္မာသမ္ဗုဒ္ဓဿ ပါဝစနေ ပါပသာမဏေရီ အဟောသိ။ သာ တဿ ကမ္မဿ ဝိပါကေန ဗဟူနိ ဝဿာနိ ဗဟူနိ ဝဿသတာနိ ဗဟူနိ ဝဿသဟဿာနိ ဗဟူနိ ဝဿသတသဟဿာနိ နိရယေ ပစ္စိတွာ တဿေဝ ကမ္မဿ ဝိပါကာဝသေသေန ဧဝရူပံ အတ္တဘာဝပ္ပဋိလာဘံ ပဋိသံဝေဒေတိ။ သစ္စံ, ဘိက္ခဝေ, မောဂ္ဂလ္လာနော အာဟ။ အနာပတ္တိ, ဘိက္ခဝေ, မောဂ္ဂလ္လာနဿာ’’တိ။</p>
",
149,mula_vi_01,149,"<p class=""bodytext""><a name=""para231""></a><a name=""para231_vin1""></a><span class=""paranum"">၂၃၁</span>။ အထ <a name=""M0.0149""></a> ခေါ အာယသ္မာ မဟာမောဂ္ဂလ္လာနော ဘိက္ခူ အာမန္တေသိ – ‘‘ယတာယံ, အာဝုသော, တပေါဒါ သန္ဒတိ သော ဒဟော အစ္ဆောဒကော သီတောဒကော သာတောဒကော သေတကော သုပ္ပတိတ္ထော ရမဏီယော ပဟူတမစ္ဆကစ္ဆပေါ စက္ကမတ္တာနိ စ ပဒုမာနိ ပုပ္ဖန္တီ’’တိ။ ဘိက္ခူ ဥဇ္ဈာယန္တိ ခိယျန္တိ ဝိပါစေန္တိ – ‘‘ကထဉှိ နာမ အာယသ္မာ မဟာမောဂ္ဂလ္လာနော ဧဝံ ဝက္ခတိ – ‘ယတာယံ, အာဝုသော<a name=""V0.0145""></a>, တပေါဒါ သန္ဒတိ သော ဒဟော အစ္ဆောဒကော သီတောဒကော သာတောဒကော သေတကော သုပ္ပတိတ္ထော ရမဏီယော ပဟူတမစ္ဆကစ္ဆပေါ စက္ကမတ္တာနိ <a name=""T1.0218""></a> စ ပဒုမာနိ ပုပ္ဖန္တီ’တိ။ အထ စ ပနာယံ တပေါဒါ ကုထိတာ သန္ဒတိ။ ဥတ္တရိမနုဿဓမ္မံ အာယသ္မာ မဟာမောဂ္ဂလ္လာနော ဥလ္လပတီ’’တိ။ ဘဂဝတော ဧတမတ္ထံ အာရောစေသုံ။ ‘‘ယတာယံ, ဘိက္ခဝေ, တပေါဒါ သန္ဒတိ သော ဒဟော အစ္ဆောဒကော သီတောဒကော သာတောဒကော သေတကော သုပ္ပတိတ္ထော ရမဏီယော ပဟူတမစ္ဆကစ္ဆပေါ စက္ကမတ္တာနိ စ ပဒုမာနိ ပုပ္ဖန္တိ။ အပိ စာယံ, ဘိက္ခဝေ, တပေါဒါ ဒွိန္နံ မဟာနိရယာနံ အန္တရိကာယ အာဂစ္ဆတိ။ တေနာယံ တပေါဒါ ကုထိတာ သန္ဒတိ။ သစ္စံ, ဘိက္ခဝေ, မောဂ္ဂလ္လာနော အာဟ။ အနာပတ္တိ, ဘိက္ခဝေ, မောဂ္ဂလ္လာနဿာ’’တိ။</p>
<p class=""bodytext"">တေန ခေါ ပန သမယေန ရာဇာ မာဂဓော သေနိယော ဗိမ္ဗိသာရော လိစ္ဆဝီဟိ သဒ္ဓိံ သင်္ဂါမေန္တော ပဘဂ္ဂေါ အဟောသိ။ အထ ရာဇာ ပစ္ဆာ သေနံ သင်္ကဍ္ဎိတွာ လိစ္ဆဝယော ပရာဇေသိ။ သင်္ဂါမေ စ နန္ဒိ စရတိ – ‘‘ရညာ လိစ္ဆဝီ ပဘဂ္ဂါ’’တိ။ အထ ခေါ အာယသ္မာ မဟာမောဂ္ဂလ္လာနော ဘိက္ခူ အာမန္တေသိ – ‘‘ရာဇာ, အာဝုသော, လိစ္ဆဝီဟိ ပဘဂ္ဂေါ’’တိ။ ဘိက္ခူ ဥဇ္ဈာယန္တိ ခိယျန္တိ ဝိပါစေန္တိ – ‘‘ကထဉှိ နာမ အာယသ္မာ မဟာမောဂ္ဂလ္လာနော ဧဝံ ဝက္ခတိ – ‘ရာဇာ<a name=""T1.0219""></a>, အာဝုသော, လိစ္ဆဝီဟိ ပဘဂ္ဂေါ’တိ! သင်္ဂါမေ စ နန္ဒိံ စရတိ – ‘ရညာ လိစ္ဆဝီ ပဘဂ္ဂါ’တိ! ဥတ္တရိမနုဿဓမ္မံ အာယသ္မာ မဟာမောဂ္ဂလ္လာနော ဥလ္လပတီ’’တိ။ ဘဂဝတော ဧတမတ္ထံ အာရောစေသုံ။ ‘‘ပဌမံ, ဘိက္ခဝေ, ရာဇာ လိစ္ဆဝီဟိ ပဘဂ္ဂေါ။ အထ <a name=""P3.0109""></a> ရာဇာ ပစ္ဆာ သေနံ သင်္ကဍ္ဎိတွာ လိစ္ဆဝယော ပရာဇေသိ။ သစ္စံ, ဘိက္ခဝေ, မောဂ္ဂလ္လာနော အာဟ။ အနာပတ္တိ, ဘိက္ခဝေ, မောဂ္ဂလ္လာနဿာ’’တိ။</p>
<p class=""bodytext""><a name=""para232""></a><a name=""para232_vin1""></a><span class=""paranum"">၂၃၂</span>။ အထ ခေါ အာယသ္မာ မဟာမောဂ္ဂလ္လာနော ဘိက္ခူ အာမန္တေသိ – ‘‘ဣဓာဟံ, အာဝုသော, သပ္ပိနိကာယ နဒိယာ တီရေ အာနေဉ္ဇံ သမာဓိံ သမာပန္နော နာဂါနံ ဩဂယှ ဥတ္တရန္တာနံ ကောဉ္စံ ကရောန္တာနံ သဒ္ဒံ အဿောသိ’’န္တိ။</p>
",-231-232-
150,mula_vi_01,150,"<p class=""noindentbodytext""> ဘိက္ခူ<a name=""M0.0150""></a> ဥဇ္ဈာယန္တိ ခိယျန္တိ ဝိပါစေန္တိ – ‘‘ကထဉှိ နာမ အာယသ္မာ မဟာမောဂ္ဂလ္လာနော အာနေဉ္ဇံ သမာဓိံ သမာပန္နော သဒ္ဒံ သောဿတိ! ဥတ္တရိမနုဿဓမ္မံ အာယသ္မာ မဟာမောဂ္ဂလ္လာနော ဥလ္လပတီ’’တိ။ ဘဂဝတော ဧတမတ္ထံ အာရောစေသုံ။ ‘‘အတ္ထေသော, ဘိက္ခဝေ, သမာဓိ သော စ ခေါ အပရိသုဒ္ဓေါ။ သစ္စံ, ဘိက္ခဝေ, မောဂ္ဂလ္လာနော အာဟ။ အနာပတ္တိ, ဘိက္ခဝေ, မောဂ္ဂလ္လာနဿာ’’တိ။</p>
<p class=""bodytext"">အထ ခေါ အာယသ္မာ သောဘိတော ဘိက္ခူ အာမန္တေသိ – ‘‘အဟံ, အာဝုသော, ပဉ္စ ကပ္ပသတာနိ <a name=""V0.0146""></a> အနုဿရာမီ’’တိ။ ဘိက္ခူ ဥဇ္ဈာယန္တိ ခိယျန္တိ ဝိပါစေန္တိ – ‘‘ကထဉှိ နာမ အာယသ္မာ သောဘိတော ဧဝံ ဝက္ခတိ – ‘အဟံ, အာဝုသော<a name=""T1.0220""></a>, ပဉ္စ ကပ္ပသတာနိ အနုဿရာမီ’တိ! ဥတ္တရိမနုဿဓမ္မံ အာယသ္မာ သောဘိတော ဥလ္လပတီ’’တိ။ ဘဂဝတော ဧတမတ္ထံ အာရောစေသုံ။ ‘‘အတ္ထေသာ, ဘိက္ခဝေ, သောဘိတဿ။ သာ စ ခေါ ဧကာယေဝ ဇာတိ။ သစ္စံ, ဘိက္ခဝေ, သောဘိတော အာဟ။ အနာပတ္တိ, ဘိက္ခဝေ, သောဘိတဿာတိ။</p>
<p class=""centered"">စတုတ္ထပါရာဇိကံ သမတ္တံ။</p>
<p class=""bodytext""><a name=""para233""></a><a name=""para233_vin1""></a><span class=""paranum"">၂၃၃</span>။ ဥဒ္ဒိဋ္ဌာ ခေါ အာယသ္မန္တော စတ္တာရော ပါရာဇိကာ ဓမ္မာ, ယေသံ ဘိက္ခု အညတရံ ဝါ အညတရံ ဝါ အာပဇ္ဇိတွာ န လဘတိ ဘိက္ခူဟိ သဒ္ဓိံ သံဝါသံ, ယထာ ပုရေ တထာ ပစ္ဆာ, ပါရာဇိကော ဟောတိ အသံဝါသော။ တတ္ထာယသ္မန္တေ ပုစ္ဆာမိ – ‘‘ကစ္စိတ္ထ ပရိသုဒ္ဓါ’’? ဒုတိယမ္ပိ ပုစ္ဆာမိ – ‘‘ကစ္စိတ္ထ ပရိသုဒ္ဓါ’’? တတိယမ္ပိ ပုစ္ဆာမိ – ‘‘ကစ္စိတ္ထ ပရိသုဒ္ဓါ’’? ပရိသုဒ္ဓေတ္ထာယသ္မန္တော, တသ္မာ တုဏှီ, ဧဝမေတံ ဓာရယာမီတိ။</p>
<p class=""centered"">ပါရာဇိကံ နိဋ္ဌိတံ။</p>
<p class=""centered"">တဿုဒ္ဒါနံ –</p>
<p class=""gatha1"">မေထုနာဒိန္နာဒါနဉ္စ, မနုဿဝိဂ္ဂဟုတ္တရိ၊</p>
<p class=""gathalast"">ပါရာဇိကာနိ စတ္တာရိ, ဆေဇ္ဇဝတ္ထူ အသံသယာတိ။</p>
<p class=""centered"">ပါရာဇိကကဏ္ဍံ နိဋ္ဌိတံ။</p>
",-233-
151,mula_vi_01,151,"<a name=""vin1_3""></a><p class=""chapter"">၂။ သံဃာဒိသေသကဏ္ဍံ</p>
<p class=""title"">၁။ သုက္ကဝိဿဋ္ဌိသိက္ခာပဒံ</p>
<p class=""centered"">ဣမေ <a name=""T1.0221""></a> ခေါ ပနာယသ္မန္တော တေရသ သံဃာဒိသေသာ</p>
<p class=""centered"">ဓမ္မာ ဥဒ္ဒေသံ အာဂစ္ဆန္တိ။</p>
<p class=""bodytext""><a name=""para234""></a><a name=""para234_vin1""></a><span class=""paranum"">၂၃၄</span>။ တေန <a name=""P3.0110""></a><a name=""M0.0151""></a><a name=""V0.0147""></a> သမယေန ဗုဒ္ဓေါ ဘဂဝါ သာဝတ္ထိယံ ဝိဟရတိ ဇေတဝနေ အနာထပိဏ္ဍိကဿ အာရာမေ။ တေန ခေါ ပန သမယေန အာယသ္မာ သေယျသကော အနဘိရတော ဗြဟ္မစရိယံ စရတိ။ သော တေန ကိသော ဟောတိ လူခေါ ဒုဗ္ဗဏ္ဏော ဥပ္ပဏ္ဍုပ္ပဏ္ဍုကဇာတော ဓမနိသန္ထတဂတ္တော။ အဒ္ဒသ ခေါ အာယသ္မာ ဥဒါယီ အာယသ္မန္တံ သေယျသကံ ကိသံ လူခံ ဒုဗ္ဗဏ္ဏံ ဥပ္ပဏ္ဍုပ္ပဏ္ဍုကဇာတံ ဓမနိသန္ထတဂတ္တံ။ ဒိသွာန အာယသ္မန္တံ သေယျသကံ ဧတဒဝေါစ – ‘‘ကိဿ တွံ, အာဝုသော သေယျသက, ကိသော လူခေါ ဒုဗ္ဗဏ္ဏော ဥပ္ပဏ္ဍုပ္ပဏ္ဍုကဇာတော ဓမနိသန္ထတဂတ္တော? ကစ္စိ နော တွံ, အာဝုသော သေယျသက, အနဘိရတော ဗြဟ္မစရိယံ စရသီ’’တိ? ‘‘ဧဝမာဝုသော’’တိ။ ‘‘တေန ဟိ တွံ, အာဝုသော သေယျသက, ယာဝဒတ္ထံ ဘုဉ္ဇ ယာဝဒတ္ထံ သုပ ယာဝဒတ္ထံ နှာယ။ ယာဝဒတ္ထံ ဘုဉ္ဇိတွာ ယာဝဒတ္ထံ သုပိတွာ ယာဝဒတ္ထံ နှာယိတွာ ယဒါ တေ အနဘိရတိ ဥပ္ပဇ္ဇတိ ရာဂေါ စိတ္တံ အနုဒ္ဓံသေတိ တဒါ ဟတ္ထေန ဥပက္ကမိတွာ အသုစိံ မောစေဟီ’’တိ။ ‘‘ကိံ နု ခေါ, အာဝုသော, ကပ္ပတိ ဧဝရူပံ ကာတု’’န္တိ? ‘‘အာမ, အာဝုသော။ အဟမ္ပိ ဧဝံ ကရောမီ’’တိ။</p>
<p class=""bodytext"">အထ ခေါ အာယသ္မာ သေယျသကော ယာဝဒတ္ထံ ဘုဉ္ဇိ ယာဝဒတ္ထံ သုပိ ယာဝဒတ္ထံ နှာယိ။ ယာဝဒတ္ထံ ဘုဉ္ဇိတွာ ယာဝဒတ္ထံ သုပိတွာ ယာဝဒတ္ထံ နှာယိတွာ ယဒါ အနဘိရတိ ဥပ္ပဇ္ဇတိ ရာဂေါ စိတ္တံ <a name=""V0.0148""></a> အနုဒ္ဓံသေတိ တဒါ ဟတ္ထေန ဥပက္ကမိတွာ အသုစိံ မောစေသိ<a name=""T1.0222""></a>။ အထ ခေါ အာယသ္မာ သေယျသကော အပရေန သမယေန ဝဏ္ဏဝါ အဟောသိ ပီဏိန္ဒြိယော ပသန္နမုခဝဏ္ဏော ဝိပ္ပသန္နဆဝိဝဏ္ဏော။ အထ ခေါ အာယသ္မတော သေယျသကဿ သဟာယကာ ဘိက္ခူ အာယသ္မန္တံ သေယျသကံ ဧတဒဝေါစုံ – ‘‘ပုဗ္ဗေ ခေါ တွံ, အာဝုသော သေယျသက, ကိသော အဟောသိ လူခေါ ဒုဗ္ဗဏ္ဏော ဥပ္ပဏ္ဍုပ္ပဏ္ဍုကဇာတော ဓမနိသန္ထတဂတ္တော။ သော ဒါနိ တွံ ဧတရဟိ ဝဏ္ဏဝါ ပီဏိန္ဒြိယော ပသန္နမုခဝဏ္ဏော <a name=""P3.0111""></a> ဝိပ္ပသန္နဆဝိဝဏ္ဏော။ ကိံ နု ခေါ တွံ, အာဝုသော သေယျသက, ဘေသဇ္ဇံ ကရောသီ’’တိ? ‘‘န ခေါ အဟံ, အာဝုသော, ဘေသဇ္ဇံ</p>
",-234-
152,mula_vi_01,152,"<p class=""noindentbodytext""> ကရောမိ<a name=""M0.0152""></a>။ အပိစာဟံ ယာဝဒတ္ထံ ဘုဉ္ဇာမိ ယာဝဒတ္ထံ သုပါမိ ယာဝဒတ္ထံ နှာယာမိ။ ယာဝဒတ္ထံ ဘုဉ္ဇိတွာ ယာဝဒတ္ထံ သုပိတွာ ယာဝဒတ္ထံ နှာယိတွာ ယဒါ မေ အနဘိရတိ ဥပ္ပဇ္ဇတိ ရာဂေါ စိတ္တံ အနုဒ္ဓံသေတိ တဒါ ဟတ္ထေန ဥပက္ကမိတွာ အသုစိံ မောစေမီ’’တိ။ ‘‘ကိံ ပန တွံ, အာဝုသော သေယျသက, ယေနေဝ ဟတ္ထေန သဒ္ဓါဒေယျံ ဘုဉ္ဇသိ တေနေဝ ဟတ္ထေန ဥပက္ကမိတွာ အသုစိံ မောစေသီ’’တိ? ‘‘ဧဝမာဝုသော’’တိ။ ယေ တေ ဘိက္ခူ အပ္ပိစ္ဆာ…ပေ… တေ ဥဇ္ဈာယန္တိ ခိယျန္တိ ဝိပါစေန္တိ – ‘‘ကထဉှိ နာမ အာယသ္မာ သေယျသကော ဟတ္ထေန ဥပက္ကမိတွာ အသုစိံ မောစေဿတီ’’တိ!</p>
<p class=""bodytext"">အထ ခေါ တေ ဘိက္ခူ အာယသ္မန္တံ သေယျသကံ အနေကပရိယာယေန ဝိဂရဟိတွာ ဘဂဝတော ဧတမတ္ထံ အာရောစေသုံ။ အထ ခေါ ဘဂဝါ ဧတသ္မိံ နိဒါနေ ဧတသ္မိံ ပကရဏေ ဘိက္ခုသံဃံ သန္နိပါတာပေတွာ အာယသ္မန္တံ သေယျသကံ ပဋိပုစ္ဆိ – ‘‘သစ္စံ ကိရ တွံ, သေယျသက, ဟတ္ထေန ဥပက္ကမိတွာ အသုစိံ မောစေသီ’’တိ? ‘‘သစ္စံ, ဘဂဝါ’’တိ<a name=""T1.0223""></a>။ ဝိဂရဟိ ဗုဒ္ဓေါ ဘဂဝါ – ‘‘အနနုစ္ဆဝိကံ, မောဃပုရိသ, အနနုလောမိကံ အပ္ပတိရူပံ အဿာမဏကံ အကပ္ပိယံ အကရဏီယံ။ ကထဉှိ နာမ တွံ, မောဃပုရိသ, ဟတ္ထေန ဥပက္ကမိတွာ အသုစိံ မောစေဿသိ! နနု မယာ, မောဃပုရိသ, အနေကပရိယာယေန ဝိရာဂါယ ဓမ္မော ဒေသိတော နော သရာဂါယ, ဝိသညောဂါယ ဓမ္မော ဒေသိတော နော သညောဂါယ, အနုပါဒါနာယ ဓမ္မော ဒေသိတော နော သဥပါဒါနာယ! တတ္ထ နာမ တွံ, မောဃပုရိသ, မယာ ဝိရာဂါယ ဓမ္မေ ဒေသိတေ သရာဂါယ စေတေဿသိ, ဝိသညောဂါယ ဓမ္မေ ဒေသိတေ သညောဂါယ စေတေဿသိ, အနုပါဒါနာယ ဓမ္မေ ဒေသိတေ သဥပါဒါနာယ စေတေဿသိ! နနု မယာ, မောဃပုရိသ, အနေကပရိယာယေန ရာဂဝိရာဂါယ ဓမ္မော ဒေသိတော, မဒနိမ္မဒနာယ ပိပါသဝိနယာယ အာလယသမုဂ္ဃါတာယ ဝဋ္ဋုပစ္ဆေဒါယ တဏှက္ခယာယ ဝိရာဂါယ နိရောဓာယ နိဗ္ဗာနာယ ဓမ္မော ဒေသိတော? နနု မယာ, မောဃပုရိသ, အနေကပရိယာယေန ကာမာနံ ပဟာနံ အက္ခာတံ, ကာမသညာနံ ပရိညာ အက္ခာတာ, ကာမပိပါသာနံ ပဋိဝိနယော အက္ခာတော, ကာမဝိတက္ကာနံ သမုဂ္ဃါတော အက္ခာတော, ကာမပရိဠာဟာနံ ဝူပသမော အက္ခာတော? နေတံ, မောဃပုရိသ, အပ္ပသန္နာနံ ဝါ ပသာဒါယ, ပသန္နာနံ ဝါ ဘိယျောဘာဝါယ။ အထ ခွေတံ, မောဃပုရိသ, အပ္ပသန္နာနဉ္စေဝ အပ္ပသာဒါယ, ပသန္နာနဉ္စ ဧကစ္စာနံ အညထတ္တာယာ’’တိ။ အထ ခေါ ဘဂဝါ အာယသ္မန္တံ သေယျသကံ <a name=""P3.0112""></a></p>
",
153,mula_vi_01,153,"<p class=""noindentbodytext""> အနေကပရိယာယေန<a name=""M0.0153""></a> ဝိဂရဟိတွာ ဒုဗ္ဘရတာယ…ပေ… ‘‘ဧဝဉ္စ ပန, ဘိက္ခဝေ, ဣမံ သိက္ခာပဒံ ဥဒ္ဒိသေယျာထ –</p>
<p class=""bodytext""><span class=""bld"">‘‘သဉ္စေတနိကာ သုက္ကဝိဿဋ္ဌိ</span> <span class=""note"">[ဝိသဋ္ဌိ (သီ။ သျာ။)]</span> <span class=""bld"">သံဃာဒိသေသော’’</span>တိ။</p>
<p class=""bodytext"">ဧဝဉ္စိဒံ ဘဂဝတာ ဘိက္ခူနံ သိက္ခာပဒံ ပညတ္တံ ဟောတိ။</p>
<p class=""bodytext""><a name=""para235""></a><a name=""para235_vin1""></a><span class=""paranum"">၂၃၅</span>။ တေန <a name=""T1.0224""></a> ခေါ ပန သမယေန ဘိက္ခူ ပဏီတဘောဇနာနိ ဘုဉ္ဇိတွာ မုဋ္ဌဿတီ အသမ္ပဇာနာ နိဒ္ဒံ ဩက္ကမန္တိ။ တေသံ မုဋ္ဌဿတီနံ အသမ္ပဇာနာနံ နိဒ္ဒံ ဩက္ကမန္တာနံ သုပိနန္တေန အသုစိ မုစ္စတိ။ တေသံ ကုက္ကုစ္စံ အဟောသိ – ‘‘ဘဂဝတာ သိက္ခာပဒံ ပညတ္တံ – ‘သဉ္စေတနိကာ သုက္ကဝိဿဋ္ဌိ သံဃာဒိသေသော’တိ။ အမှာကဉ္စ သုပိနန္တေန အသုစိ မုစ္စတိ။ အတ္ထိ စေတ္ထ စေတနာ လဗ္ဘတိ။ ကစ္စိ နု ခေါ မယံ သံဃာဒိသေသံ အာပတ္တိံ အာပန္နာ’’တိ? ဘဂဝတော ဧတမတ္ထံ အာရောစေသုံ။ ‘‘အတ္ထေသာ, ဘိက္ခဝေ, စေတနာ၊ သာ စ ခေါ အဗ္ဗောဟာရိကာတိ။ ဧဝဉ္စ ပန, ဘိက္ခဝေ, ဣမံ သိက္ခာပဒံ ဥဒ္ဒိသေယျာထ –</p>
<p class=""bodytext""><a name=""para236""></a><a name=""para236_vin1""></a><span class=""paranum"">၂၃၆</span>။ <span class=""bld"">‘‘သဉ္စေတနိကာ သုက္ကဝိဿဋ္ဌိ အညတြ သုပိနန္တာ သံဃာဒိသေသော’’</span>တိ။</p>
<p class=""bodytext""><a name=""para237""></a><a name=""para237_vin1""></a><span class=""paranum"">၂၃၇</span>။ <span class=""bld"">သဉ္စေတနိကာ</span>တိ ဇာနန္တော သဉ္ဇာနန္တော စေစ္စ အဘိဝိတရိတွာ ဝီတိက္ကမော။</p>
<p class=""bodytext""><span class=""bld"">သုက္က</span>န္တိ ဒသ သုက္ကာနိ – နီလံ ပီတကံ လောဟိတကံ ဩဒါတံ တက္ကဝဏ္ဏံ ဒကဝဏ္ဏံ တေလဝဏ္ဏံ ခီရဝဏ္ဏံ ဒဓိဝဏ္ဏံ သပ္ပိဝဏ္ဏံ။</p>
<p class=""bodytext""><span class=""bld"">ဝိဿဋ္ဌီ</span>တိ ဌာနတော စာဝနာ ဝုစ္စတိ ဝိဿဋ္ဌီတိ။</p>
<p class=""bodytext""><span class=""bld"">အညတြ သုပိနန္တာ</span>တိ ဌပေတွာ သုပိနန္တံ။</p>
<p class=""bodytext""><span class=""bld"">သံဃာဒိသေသော</span>တိ သံဃောဝ တဿာ အာပတ္တိယာ ပရိဝါသံ ဒေတိ, မူလာယ ပဋိကဿတိ, မာနတ္တံ ဒေတိ<a name=""V0.0150""></a>, အဗ္ဘေတိ၊ န သမ္ဗဟုလာ, န ဧကပုဂ္ဂလော။ တေန ဝုစ္စတိ – ‘‘သံဃာဒိသေသော’’တိ။ တဿေဝ အာပတ္တိနိကာယဿ နာမကမ္မံ အဓိဝစနံ။ တေနပိ ဝုစ္စတိ – ‘‘သံဃာဒိသေသော’’တိ။</p>
<p class=""bodytext"">အဇ္ဈတ္တရူပေ <a name=""T1.0225""></a> မောစေတိ, ဗဟိဒ္ဓါရူပေ မောစေတိ, အဇ္ဈတ္တဗဟိဒ္ဓါရူပေ မောစေတိ, အာကာသေ ကဋိံ ကမ္ပေန္တော မောစေတိ၊ ရာဂူပတ္ထမ္ဘေ မောစေတိ, ဝစ္စူပတ္ထမ္ဘေ မောစေတိ, ပဿာဝူပတ္ထမ္ဘေ မောစေတိ, ဝါတူပတ္ထမ္ဘေ မောစေ-</p>
",-235-236-237-
154,mula_vi_01,154,"<p class=""noindentbodytext""> တိ<a name=""M0.0154""></a>, ဥစ္စာလိင်္ဂပါဏကဒဋ္ဌူပတ္ထမ္ဘေ မောစေတိ၊ အာရောဂျတ္ထာယ မောစေတိ, သုခတ္ထာယ မောစေတိ, ဘေသဇ္ဇတ္ထာယ မောစေတိ, ဒါနတ္ထာယ မောစေတိ, ပုညတ္ထာယ <a name=""P3.0113""></a> မောစေတိ, ယညတ္ထာယ မောစေတိ, သဂ္ဂတ္ထာယ မောစေတိ, ဗီဇတ္ထာယ မောစေတိ, ဝီမံသတ္ထာယ မောစေတိ, ဒဝတ္ထာယ မောစေတိ၊ နီလံ မောစေတိ, ပီတကံ မောစေတိ, လောဟိတကံ မောစေတိ, ဩဒါတံ မောစေတိ, တက္ကဝဏ္ဏံ မောစေတိ, ဒကဝဏ္ဏံ မောစေတိ, တေလဝဏ္ဏံ မောစေတိ, ခီရဝဏ္ဏံ မောစေတိ, ဒဓိဝဏ္ဏံ မောစေတိ, သပ္ပိဝဏ္ဏံ မောစေတိ။</p>
<p class=""bodytext""><a name=""para238""></a><a name=""para238_vin1""></a><span class=""paranum"">၂၃၈</span>။ <span class=""bld"">အဇ္ဈတ္တရူပေ</span>တိ အဇ္ဈတ္တံ ဥပါဒိန္နေ <span class=""note"">[ဥပါဒိဏ္ဏေ (သီ။ က။)]</span> ရူပေ။</p>
<p class=""bodytext""><span class=""bld"">ဗဟိဒ္ဓါရူပေ</span>တိ ဗဟိဒ္ဓါ ဥပါဒိန္နေ ဝါ အနုပါဒိန္နေ ဝါ။</p>
<p class=""bodytext""><span class=""bld"">အဇ္ဈတ္တဗဟိဒ္ဓါရူပေ</span>တိ တဒုဘယေ။</p>
<p class=""bodytext""><span class=""bld"">အာကာသေ ကဋိံ ကမ္ပေန္တော</span>တိ အာကာသေ ဝါယမန္တဿ အင်္ဂဇာတံ ကမ္မနိယံ ဟောတိ။</p>
<p class=""bodytext""><span class=""bld"">ရာဂူပတ္ထမ္ဘေ</span>တိ ရာဂေန ပီဠိတဿ အင်္ဂဇာတံ ကမ္မနိယံ ဟောတိ။</p>
<p class=""bodytext""><span class=""bld"">ဝစ္စူပတ္ထမ္ဘေ</span>တိ ဝစ္စေန ပီဠိတဿ အင်္ဂဇာတံ ကမ္မနိယံ ဟောတိ။</p>
<p class=""bodytext""><span class=""bld"">ပဿာဝူပတ္ထမ္ဘေ</span>တိ ပဿာဝေန ပီဠိတဿ အင်္ဂဇာတံ ကမ္မနိယံ ဟောတိ။</p>
<p class=""bodytext""><span class=""bld"">ဝါတူပတ္ထမ္ဘေ</span>တိ ဝါတေန ပီဠိတဿ အင်္ဂဇာတံ ကမ္မနိယံ ဟောတိ။</p>
<p class=""bodytext""><span class=""bld"">ဥစ္စာလိင်္ဂပါဏကဒဋ္ဌူပတ္ထမ္ဘေ</span>တိ ဥစ္စာလိင်္ဂပါဏကဒဋ္ဌေန အင်္ဂဇာတံ ကမ္မနိယံ ဟောတိ။</p>
<p class=""bodytext""><a name=""para239""></a><a name=""para239_vin1""></a><span class=""paranum"">၂၃၉</span>။ <span class=""bld"">အာရောဂျတ္ထာယာ</span>တိ <a name=""V0.0151""></a> အရောဂေါ ဘဝိဿာမိ။</p>
<p class=""bodytext""><span class=""bld"">သုခတ္ထာယာ</span>တိ သုခံ ဝေဒနံ ဥပ္ပါဒေဿာမိ။</p>
<p class=""bodytext""><span class=""bld"">ဘေသဇ္ဇတ္ထာယာ</span>တိ ဘေသဇ္ဇံ ဘဝိဿတိ။</p>
<p class=""bodytext""><span class=""bld"">ဒါနတ္ထာယာ</span>တိ <a name=""T1.0226""></a> ဒါနံ ဒဿာမိ။</p>
<p class=""bodytext""><span class=""bld"">ပုညတ္ထာယာ</span>တိ ပုညံ ဘဝိဿတိ။</p>
<p class=""bodytext""><span class=""bld"">ယညတ္ထာယာ</span>တိ ယညံ ယဇိဿာမိ။</p>
<p class=""bodytext""><span class=""bld"">သဂ္ဂတ္ထာယာ</span>တိ သဂ္ဂံ ဂမိဿာမိ။</p>
<p class=""bodytext""><span class=""bld"">ဗီဇတ္ထာယာ</span>တိ ဗီဇံ ဘဝိဿတိ။</p>
",-238-239-
155,mula_vi_01,155,"<p class=""bodytext""><span class=""bld"">ဝီမံသတ္ထာယာ</span>တိ <a name=""M0.0155""></a> နီလံ ဘဝိဿတိ, ပီတကံ ဘဝိဿတိ, လောဟိတကံ ဘဝိဿတိ, ဩဒါတံ ဘဝိဿတိ, တက္ကဝဏ္ဏံ ဘဝိဿတိ, ဒကဝဏ္ဏံ ဘဝိဿတိ, တေလဝဏ္ဏံ ဘဝိဿတိ, ခီရဝဏ္ဏံ ဘဝိဿတိ, ဒဓိဝဏ္ဏံ ဘဝိဿတိ, သပ္ပိဝဏ္ဏံ ဘဝိဿတီတိ။</p>
<p class=""bodytext""><span class=""bld"">ဒဝတ္ထာယာ</span>တိ ခိဍ္ဍာဓိပ္ပါယော။</p>
<p class=""bodytext""><a name=""para240""></a><a name=""para240_vin1""></a><span class=""paranum"">၂၄၀</span>။ အဇ္ဈတ္တရူပေ စေတေတိ ဥပက္ကမတိ မုစ္စတိ, အာပတ္တိ သံဃာဒိသေသဿ။</p>
<p class=""bodytext"">ဗဟိဒ္ဓါရူပေ စေတေတိ ဥပက္ကမတိ မုစ္စတိ, အာပတ္တိ သံဃာဒိသေသဿ။</p>
<p class=""bodytext"">အဇ္ဈတ္တဗဟိဒ္ဓါရူပေ စေတေတိ ဥပက္ကမတိ မုစ္စတိ, အာပတ္တိ သံဃာဒိသေသဿ။</p>
<p class=""bodytext"">အာကာသေ ကဋိံ ကမ္ပေန္တော စေတေတိ ဥပက္ကမတိ မုစ္စတိ, အာပတ္တိ သံဃာဒိသေသဿ။</p>
<p class=""bodytext"">ရာဂူပတ္ထမ္ဘေ <a name=""V0.0152""></a> စေတေတိ ဥပက္ကမတိ မုစ္စတိ, အာပတ္တိ သံဃာဒိသေသဿ။</p>
<p class=""bodytext"">ဝစ္စူပတ္ထမ္ဘေ စေတေတိ ဥပက္ကမတိ မုစ္စတိ, အာပတ္တိ သံဃာဒိသေသဿ။</p>
<p class=""bodytext"">ပဿာဝူပတ္ထမ္ဘေ စေတေတိ ဥပက္ကမတိ မုစ္စတိ, အာပတ္တိ သံဃာဒိသေသဿ။</p>
<p class=""bodytext"">ဝါတူပတ္ထမ္ဘေ စေတေတိ ဥပက္ကမတိ မုစ္စတိ, အာပတ္တိ သံဃာဒိသေသဿ။</p>
<p class=""bodytext"">ဥစ္စာလိင်္ဂပါဏကဒဋ္ဌူပတ္ထမ္ဘေ စေတေတိ ဥပက္ကမတိ မုစ္စတိ, အာပတ္တိ သံဃာဒိသေသဿ။</p>
<p class=""bodytext"">အာရောဂျတ္ထာယ စေတေတိ ဥပက္ကမတိ မုစ္စတိ, အာပတ္တိ သံဃာဒိသေသဿ။</p>
<p class=""bodytext"">သုခတ္ထာယ…ပေ… ဘေသဇ္ဇတ္ထာယ… ဒါနတ္ထာယ… ပုညတ္ထာယ… ယညတ္ထာယ… သဂ္ဂတ္ထာယ… ဗီဇတ္ထာယ… ဝီမံသတ္ထာယ… ဒဝတ္ထာယ စေတေတိ ဥပက္ကမတိ မုစ္စတိ, အာပတ္တိ သံဃာဒိသေသဿ။</p>
<p class=""bodytext"">နီလံ စေတေတိ ဥပက္ကမတိ မုစ္စတိ, အာပတ္တိ သံဃာဒိသေသဿ<a name=""T1.0227""></a>။</p>
<p class=""bodytext"">ပီတကံ… လောဟိတကံ… ဩဒါတံ… တက္ကဝဏ္ဏံ… ဒကဝဏ္ဏံ… တေလဝဏ္ဏံ… ခီရဝဏ္ဏံ… ဒဓိဝဏ္ဏံ… သပ္ပိဝဏ္ဏံ စေတေတိ ဥပက္ကမတိ မုစ္စတိ, အာပတ္တိ သံဃာဒိသေသဿ။</p>
<p class=""centered"">သုဒ္ဓိကံ နိဋ္ဌိတံ။</p>
",-240-
156,mula_vi_01,156,"<p class=""bodytext"">အာရောဂျတ္ထဉ္စ <a name=""M0.0156""></a><a name=""P3.0114""></a> သုခတ္ထဉ္စ စေတေတိ ဥပက္ကမတိ မုစ္စတိ, အာပတ္တိ သံဃာဒိသေသဿ။</p>
<p class=""bodytext"">အာရောဂျတ္ထဉ္စ ဘေသဇ္ဇတ္ထဉ္စ…ပေ… အာရောဂျတ္ထဉ္စ ဒါနတ္ထဉ္စ… အာရောဂျတ္ထဉ္စ ပုညတ္ထဉ္စ… အာရောဂျတ္ထဉ္စ ယညတ္ထဉ္စ… အာရောဂျတ္ထဉ္စ သဂ္ဂတ္ထဉ္စ… အာရောဂျတ္ထဉ္စ ဗီဇတ္ထဉ္စ… အာရောဂျတ္ထဉ္စ ဝီမံသတ္ထဉ္စ… အာရောဂျတ္ထဉ္စ ဒဝတ္ထဉ္စ စေတေတိ ဥပက္ကမတိ မုစ္စတိ, အာပတ္တိ သံဃာဒိသေသဿ။</p>
<p class=""centered"">ဧကမူလကဿ ခဏ္ဍစက္ကံ နိဋ္ဌိတံ။</p>
<p class=""bodytext""><a name=""para241""></a><a name=""para241_vin1""></a><span class=""paranum"">၂၄၁</span>။ သုခတ္ထဉ္စ <a name=""V0.0153""></a> ဘေသဇ္ဇတ္ထဉ္စ စေတေတိ ဥပက္ကမတိ မုစ္စတိ, အာပတ္တိ သံဃာဒိသေသဿ။</p>
<p class=""bodytext"">သုခတ္ထဉ္စ ဒါနတ္ထဉ္စ…ပေ… သုခတ္ထဉ္စ ပုညတ္ထဉ္စ… သုခတ္ထဉ္စ ယညတ္ထဉ္စ… သုခတ္ထဉ္စ သဂ္ဂတ္ထဉ္စ… သုခတ္ထဉ္စ ဗီဇတ္ထဉ္စ… သုခတ္ထဉ္စ ဝီမံသတ္ထဉ္စ… သုခတ္ထဉ္စ ဒဝတ္ထဉ္စ စေတေတိ ဥပက္ကမတိ မုစ္စတိ, အာပတ္တိ သံဃာဒိသေသဿ။</p>
<p class=""bodytext"">သုခတ္ထဉ္စ အာရောဂျတ္ထဉ္စ စေတေတိ ဥပက္ကမတိ မုစ္စတိ, အာပတ္တိ သံဃာဒိသေသဿ။</p>
<p class=""bodytext""><a name=""para242""></a><a name=""para242_vin1""></a><span class=""paranum"">၂၄၂</span>။ ဘေသဇ္ဇတ္ထဉ္စ <a name=""T1.0228""></a> ဒါနတ္ထဉ္စ…ပေ… ဘေသဇ္ဇတ္ထဉ္စ ပုညတ္ထဉ္စ… ဘေသဇ္ဇတ္ထဉ္စ ယညတ္ထဉ္စ… ဘေသဇ္ဇတ္ထဉ္စ သဂ္ဂတ္ထဉ္စ… ဘေသဇ္ဇတ္ထဉ္စ ဗီဇတ္ထဉ္စ… ဘေသဇ္ဇတ္ထဉ္စ ဝီမံသတ္ထဉ္စ… ဘေသဇ္ဇတ္ထဉ္စ ဒဝတ္ထဉ္စ စေတေတိ ဥပက္ကမတိ မုစ္စတိ, အာပတ္တိ သံဃာဒိသေသဿ။</p>
<p class=""bodytext"">ဘေသဇ္ဇတ္ထဉ္စ အာရောဂျတ္ထဉ္စ…ပေ… ဘေသဇ္ဇတ္ထဉ္စ သုခတ္ထဉ္စ စေတေတိ ဥပက္ကမတိ မုစ္စတိ, အာပတ္တိ သံဃာဒိသေသဿ။</p>
<p class=""bodytext"">ဒါနတ္ထဉ္စ ပုညတ္ထဉ္စ…ပေ… ဒါနတ္ထဉ္စ ယညတ္ထဉ္စ… ဒါနတ္ထဉ္စ သဂ္ဂတ္ထဉ္စ… ဒါနတ္ထဉ္စ ဗီဇတ္ထဉ္စ… ဒါနတ္ထဉ္စ ဝီမံသတ္ထဉ္စ… ဒါနတ္ထဉ္စ ဒဝတ္ထဉ္စ စေတေတိ ဥပက္ကမတိ မုစ္စတိ, အာပတ္တိ သံဃာဒိသေသဿ။</p>
<p class=""bodytext"">ဒါနတ္ထဉ္စ အာရောဂျတ္ထဉ္စ…ပေ… ဒါနတ္ထဉ္စ သုခတ္ထဉ္စ… ဒါနတ္ထဉ္စ ဘေသဇ္ဇတ္ထဉ္စ စေတေတိ ဥပက္ကမတိ မုစ္စတိ, အာပတ္တိ သံဃာဒိသေသဿ။</p>
<p class=""bodytext"">ပုညတ္ထဉ္စ ယညတ္ထဉ္စ…ပေ… ပုညတ္ထဉ္စ သဂ္ဂတ္ထဉ္စ… ပုညတ္ထဉ္စ ဗီဇတ္ထဉ္စ… ပုညတ္ထဉ္စ ဝီမံသတ္ထဉ္စ… ပုညတ္ထဉ္စ ဒဝတ္ထဉ္စ စေတေတိ ဥပက္ကမတိ မုစ္စတိ, အာပတ္တိ သံဃာဒိသေသဿ။</p>
",-241-242-
157,mula_vi_01,157,"<p class=""bodytext"">ပုညတ္ထဉ္စ <a name=""M0.0157""></a> အာရောဂျတ္ထဉ္စ…ပေ… ပုညတ္ထဉ္စ သုခတ္ထဉ္စ… ပုညတ္ထဉ္စ ဘေသဇ္ဇတ္ထဉ္စ… ပုညတ္ထဉ္စ ဒါနတ္ထဉ္စ စေတေတိ ဥပက္ကမတိ မုစ္စတိ, အာပတ္တိ သံဃာဒိသေသဿ။</p>
<p class=""bodytext"">ယညတ္ထဉ္စ <a name=""V0.0154""></a> သဂ္ဂတ္ထဉ္စ…ပေ… ယညတ္ထဉ္စ ဗီဇတ္ထဉ္စ… ယညတ္ထဉ္စ ဝီမံသတ္ထဉ္စ <a name=""T1.0229""></a>… ယညတ္ထဉ္စ ဒဝတ္ထဉ္စ စေတေတိ ဥပက္ကမတိ မုစ္စတိ, အာပတ္တိ သံဃာဒိသေသဿ။</p>
<p class=""bodytext"">ယညတ္ထဉ္စ အာရောဂျတ္ထဉ္စ…ပေ… ယညတ္ထဉ္စ သုခတ္ထဉ္စ… ယညတ္ထဉ္စ ဘေသဇ္ဇတ္ထဉ္စ… ယညတ္ထဉ္စ ဒါနတ္ထဉ္စ… ယညတ္ထဉ္စ ပုညတ္ထဉ္စ စေတေတိ ဥပက္ကမတိ မုစ္စတိ, အာပတ္တိ သံဃာဒိသေသဿ။</p>
<p class=""bodytext"">သဂ္ဂတ္ထဉ္စ ဗီဇတ္ထဉ္စ…ပေ… သဂ္ဂတ္ထဉ္စ ဝီမံသတ္ထဉ္စ… သဂ္ဂတ္ထဉ္စ ဒဝတ္ထဉ္စ စေတေတိ ဥပက္ကမတိ မုစ္စတိ, အာပတ္တိ သံဃာဒိသေသဿ။</p>
<p class=""bodytext"">သဂ္ဂတ္ထဉ္စ အာရောဂျတ္ထဉ္စ…ပေ… သဂ္ဂတ္ထဉ္စ သုခတ္ထဉ္စ… သဂ္ဂတ္ထဉ္စ ဘေသဇ္ဇတ္ထဉ္စ… သဂ္ဂတ္ထဉ္စ ဒါနတ္ထဉ္စ… သဂ္ဂတ္ထဉ္စ ပုညတ္ထဉ္စ… သဂ္ဂတ္ထဉ္စ ယညတ္ထဉ္စ စေတေတိ ဥပက္ကမတိ မုစ္စတိ, အာပတ္တိ သံဃာဒိသေသဿ။</p>
<p class=""bodytext"">ဗီဇတ္ထဉ္စ ဝီမံသတ္ထဉ္စ…ပေ… ဗီဇတ္ထဉ္စ ဒဝတ္ထဉ္စ စေတေတိ ဥပက္ကမတိ မုစ္စတိ, အာပတ္တိ သံဃာဒိသေသဿ။</p>
<p class=""bodytext"">ဗီဇတ္ထဉ္စ အာရောဂျတ္ထဉ္စ…ပေ… ဗီဇတ္ထဉ္စ သုခတ္ထဉ္စ… ဗီဇတ္ထဉ္စ ဘေသဇ္ဇတ္ထဉ္စ… ဗီဇတ္ထဉ္စ ဒါနတ္ထဉ္စ… ဗီဇတ္ထဉ္စ ပုညတ္ထဉ္စ… ဗီဇတ္ထဉ္စ ယညတ္ထဉ္စ… ဗီဇတ္ထဉ္စ သဂ္ဂတ္ထဉ္စ စေတေတိ ဥပက္ကမတိ မုစ္စတိ, အာပတ္တိ သံဃာဒိသေသဿ။</p>
<p class=""bodytext"">ဝီမံသတ္ထဉ္စ ဒဝတ္ထဉ္စ စေတေတိ ဥပက္ကမတိ မုစ္စတိ, အာပတ္တိ သံဃာဒိသေသဿ။</p>
<p class=""bodytext"">ဝီမံသတ္ထဉ္စ အာရောဂျတ္ထဉ္စ…ပေ… ဝီမံသတ္ထဉ္စ သုခတ္ထဉ္စ… ဝီမံသတ္ထဉ္စ ဘေသဇ္ဇတ္ထဉ္စ… ဝီမံသတ္ထဉ္စ ဒါနတ္ထဉ္စ… ဝီမံသတ္ထဉ္စ ပုညတ္ထဉ္စ… ဝီမံသတ္ထဉ္စ ယညတ္ထဉ္စ… ဝီမံသတ္ထဉ္စ သဂ္ဂတ္ထဉ္စ… ဝီမံသတ္ထဉ္စ ဗီဇတ္ထဉ္စ စေတေတိ ဥပက္ကမတိ မုစ္စတိ, အာပတ္တိ သံဃာဒိသေသဿ။</p>
<p class=""bodytext"">ဒဝတ္ထဉ္စ အာရောဂျတ္ထဉ္စ…ပေ… <a name=""T1.0230""></a> ဒဝတ္ထဉ္စ သုခတ္ထဉ္စ… ဒဝတ္ထဉ္စ ဘေသဇ္ဇတ္ထဉ္စ… ဒဝတ္ထဉ္စ ဒါနတ္ထဉ္စ… ဒဝတ္ထဉ္စ ပုညတ္ထဉ္စ… ဒဝတ္ထဉ္စ ယညတ္ထဉ္စ… ဒဝတ္ထဉ္စ သဂ္ဂတ္ထဉ္စ… ဒဝတ္ထဉ္စ ဗီဇတ္ထဉ္စ… ဒဝတ္ထဉ္စ ဝီမံသတ္ထဉ္စ စေတေတိ ဥပက္ကမတိ မုစ္စတိ, အာပတ္တိ သံဃာဒိသေသဿ။</p>
<p class=""centered"">ဧကမူလကဿ ဗဒ္ဓစက္ကံ နိဋ္ဌိတံ။</p>
",
158,mula_vi_01,158,"<p class=""bodytext"">အာရောဂျတ္ထဉ္စ <a name=""M0.0158""></a><a name=""V0.0155""></a> သုခတ္ထဉ္စ ဘေသဇ္ဇတ္ထဉ္စ စေတေတိ ဥပက္ကမတိ မုစ္စတိ, အာပတ္တိ သံဃာဒိသေသဿ…ပေ… အာရောဂျတ္ထဉ္စ သုခတ္ထဉ္စ ဒဝတ္ထဉ္စ စေတေတိ ဥပက္ကမတိ မုစ္စတိ, အာပတ္တိ သံဃာဒိသေသဿ။</p>
<p class=""centered"">ဒုမူလကဿ ခဏ္ဍစက္ကံ။</p>
<p class=""bodytext"">သုခတ္ထဉ္စ ဘေသဇ္ဇတ္ထဉ္စ ဒါနတ္ထဉ္စ စေတေတိ ဥပက္ကမတိ မုစ္စတိ, အာပတ္တိ သံဃာဒိသေသဿ…ပေ… သုခတ္ထဉ္စ ဘေသဇ္ဇတ္ထဉ္စ ဒဝတ္ထဉ္စ…ပေ… သုခတ္ထဉ္စ ဘေသဇ္ဇတ္ထဉ္စ အာရောဂျတ္ထဉ္စ စေတေတိ ဥပက္ကမတိ မုစ္စတိ, အာပတ္တိ သံဃာဒိသေသဿ။</p>
<p class=""centered"">ဒုမူလကဿ ဗဒ္ဓစက္ကံ သံခိတ္တံ။</p>
<p class=""bodytext"">ဝီမံသတ္ထဉ္စ ဒဝတ္ထဉ္စ အာရောဂျတ္ထဉ္စ စေတေတိ ဥပက္ကမတိ မုစ္စတိ, အာပတ္တိ သံဃာဒိသေသဿ။ ဝီမံသတ္ထဉ္စ ဒဝတ္ထဉ္စ ဗီဇတ္ထဉ္စ စေတေတိ ဥပက္ကမတိ မုစ္စတိ, အာပတ္တိ သံဃာဒိသေသဿ။</p>
<p class=""centered"">ဒုမူလကံ နိဋ္ဌိတံ။</p>
<p class=""bodytext"">တိမူလကမ္ပိ <a name=""T1.0231""></a> စတုမူလကမ္ပိ ပဉ္စမူလကမ္ပိ ဆမူလကမ္ပိ သတ္တမူလကမ္ပိ အဋ္ဌမူလကမ္ပိ နဝမူလကမ္ပိ ဧဝမေဝ ဝိတ္ထာရေတဗ္ဗံ။</p>
<p class=""centered"">ဣဒံ သဗ္ဗမူလကံ။</p>
<p class=""bodytext""><a name=""para243""></a><a name=""para243_vin1""></a><span class=""paranum"">၂၄၃</span>။ အာရောဂျတ္ထဉ္စ သုခတ္ထဉ္စ ဘေသဇ္ဇတ္ထဉ္စ ဒါနတ္ထဉ္စ ပုညတ္ထဉ္စ ယညတ္ထဉ္စ သဂ္ဂတ္ထဉ္စ ဗီဇတ္ထဉ္စ ဝီမံသတ္ထဉ္စ ဒဝတ္ထဉ္စ စေတေတိ ဥပက္ကမတိ မုစ္စတိ, အာပတ္တိ သံဃာဒိသေသဿ။</p>
<p class=""centered"">သဗ္ဗမူလကံ နိဋ္ဌိတံ။</p>
<p class=""bodytext""><a name=""para244""></a><a name=""para244_vin1""></a><span class=""paranum"">၂၄၄</span>။ နီလဉ္စ <a name=""V0.0156""></a> ပီတကဉ္စ စေတေတိ ဥပက္ကမတိ မုစ္စတိ, အာပတ္တိ သံဃာဒိသေသဿ။</p>
<p class=""bodytext"">နီလဉ္စ လောဟိတကဉ္စ…ပေ… နီလဉ္စ ဩဒါတဉ္စ… နီလဉ္စ တက္ကဝဏ္ဏဉ္စ… နီလဉ္စ ဒကဝဏ္ဏဉ္စ… နီလဉ္စ တေလဝဏ္ဏဉ္စ… နီလဉ္စ ခီရဝဏ္ဏဉ္စ… နီလဉ္စ ဒဓိဝဏ္ဏဉ္စ… နီလဉ္စ သပ္ပိဝဏ္ဏဉ္စ စေတေတိ ဥပက္ကမတိ မုစ္စတ္တိ, အာပတ္တိ သံဃာဒိသေသဿ။</p>
<p class=""centered"">ဧကမူလကဿ ခဏ္ဍစက္ကံ နိဋ္ဌိတံ။</p>
",-243-244-
159,mula_vi_01,159,"<p class=""bodytext""><a name=""para245""></a><a name=""para245_vin1""></a><span class=""paranum"">၂၄၅</span>။ ပီတကဉ္စ <a name=""M0.0159""></a> လောဟိတကဉ္စ စေတေတိ ဥပက္ကမတိ မုစ္စတိ, အာပတ္တိ သံဃာဒိသေသဿ။</p>
<p class=""bodytext"">ပီတကဉ္စ ဩဒါတဉ္စ…ပေ… ပီတကဉ္စ တက္ကဝဏ္ဏဉ္စ… ပီတကဉ္စ ဒကဝဏ္ဏဉ္စ… ပီတကဉ္စ တေလဝဏ္ဏဉ္စ… ပီတကဉ္စ ခီရဝဏ္ဏဉ္စ… ပီတကဉ္စ ဒဓိဝဏ္ဏဉ္စ… ပီတကဉ္စ သပ္ပိဝဏ္ဏဉ္စ စေတေတိ ဥပက္ကမတိ မုစ္စတိ, အာပတ္တိ သံဃာဒိသေသဿ။</p>
<p class=""bodytext"">ပီတကဉ္စ နီလဉ္စ စေတေတိ ဥပက္ကမတိ မုစ္စတိ, အာပတ္တိ <a name=""T1.0232""></a> သံဃာဒိသေသဿ။</p>
<p class=""centered"">ဧကမူလကဿ ဗဒ္ဓစက္ကံ။</p>
<p class=""bodytext""><a name=""para246""></a><a name=""para246_vin1""></a><span class=""paranum"">၂၄၆</span>။ လောဟိတကဉ္စ ဩဒါတဉ္စ စေတေတိ ဥပက္ကမတိ မုစ္စတိ, အာပတ္တိ သံဃာဒိသေသဿ။</p>
<p class=""bodytext"">လောဟိတကဉ္စ တက္ကဝဏ္ဏဉ္စ…ပေ… လောဟိတကဉ္စ ဒကဝဏ္ဏဉ္စ… လောဟိတကဉ္စ တေလဝဏ္ဏဉ္စ… လောဟိတကဉ္စ ခီရဝဏ္ဏဉ္စ… လောဟိတကဉ္စ ဒဓိဝဏ္ဏဉ္စ… လောဟိတကဉ္စ သပ္ပိဝဏ္ဏဉ္စ စေတေတိ ဥပက္ကမတိ မုစ္စတိ, အာပတ္တိ သံဃာဒိသေသဿ။</p>
<p class=""bodytext"">လောဟိတကဉ္စ နီလဉ္စ…ပေ… လောဟိတကဉ္စ ပီတကဉ္စ စေတေတိ ဥပက္ကမတိ မုစ္စတိ, အာပတ္တိ သံဃာဒိသေသဿ။</p>
<p class=""bodytext"">ဩဒါတဉ္စ <a name=""V0.0157""></a> တက္ကဝဏ္ဏဉ္စ…ပေ… ဩဒါတဉ္စ ဒကဝဏ္ဏဉ္စ… ဩဒါတဉ္စ တေလဝဏ္ဏဉ္စ… ဩဒါတဉ္စ ခီရဝဏ္ဏဉ္စ… ဩဒါတဉ္စ ဒဓိဝဏ္ဏဉ္စ… ဩဒါတဉ္စ သပ္ပိဝဏ္ဏဉ္စ စေတေတိ ဥပက္ကမတိ မုစ္စတိ, အာပတ္တိ သံဃာဒိသေသဿ။</p>
<p class=""bodytext"">ဩဒါတဉ္စ နီလဉ္စ…ပေ… ဩဒါတဉ္စ ပီတကဉ္စ… ဩဒါတဉ္စ လောဟိတကဉ္စ စေတေတိ ဥပက္ကမတိ မုစ္စတိ, အာပတ္တိ သံဃာဒိသေသဿ။</p>
<p class=""bodytext"">တက္ကဝဏ္ဏဉ္စ ဒကဝဏ္ဏဉ္စ…ပေ… တက္ကဝဏ္ဏဉ္စ တေလဝဏ္ဏဉ္စ… တက္ကဝဏ္ဏဉ္စ ခီရဝဏ္ဏဉ္စ… တက္ကဝဏ္ဏဉ္စ ဒဓိဝဏ္ဏဉ္စ… တက္ကဝဏ္ဏဉ္စ သပ္ပိဝဏ္ဏဉ္စ စေတေတိ ဥပက္ကမတိ မုစ္စတိ, အာပတ္တိ သံဃာဒိသေသဿ။</p>
<p class=""bodytext"">တက္ကဝဏ္ဏဉ္စ နီလဉ္စ…ပေ… တက္ကဝဏ္ဏဉ္စ ပီတကဉ္စ… တက္ကဝဏ္ဏဉ္စ လောဟိတကဉ္စ… တက္ကဝဏ္ဏဉ္စ ဩဒါတဉ္စ စေတေတိ ဥပက္ကမတိ မုစ္စတိ, အာပတ္တိ သံဃာဒိသေသဿ။</p>
",-245-246-
160,mula_vi_01,160,"<p class=""bodytext"">ဒကဝဏ္ဏဉ္စ <a name=""M0.0160""></a> တေလဝဏ္ဏဉ္စ…ပေ… ဒကဝဏ္ဏဉ္စ ခီရဝဏ္ဏဉ္စ… ဒကဝဏ္ဏဉ္စ ဒဓိဝဏ္ဏဉ္စ… ဒကဝဏ္ဏဉ္စ သပ္ပိဝဏ္ဏဉ္စ စေတေတိ ဥပက္ကမတိ မုစ္စတိ, အာပတ္တိ သံဃာဒိသေသဿ။</p>
<p class=""bodytext"">ဒကဝဏ္ဏဉ္စ နီလဉ္စ…ပေ… ဒကဝဏ္ဏဉ္စ ပီတကဉ္စ… ဒကဝဏ္ဏဉ္စ လောဟိတကဉ္စ… ဒကဝဏ္ဏဉ္စ ဩဒါတဉ္စ… ဒကဝဏ္ဏဉ္စ တက္ကဝဏ္ဏဉ္စ စေတေတိ ဥပက္ကမတိ မုစ္စတိ<a name=""T1.0233""></a>, အာပတ္တိ သံဃာဒိသေသဿ။</p>
<p class=""bodytext"">တေလဝဏ္ဏဉ္စ ခီရဝဏ္ဏဉ္စ…ပေ… တေလဝဏ္ဏဉ္စ ဒဓိဝဏ္ဏဉ္စ… တေလဝဏ္ဏဉ္စ သပ္ပိဝဏ္ဏဉ္စ စေတေတိ ဥပက္ကမတိ မုစ္စတိ, အာပတ္တိ သံဃာဒိသေသဿ။</p>
<p class=""bodytext"">တေလဝဏ္ဏဉ္စ နီလဉ္စ…ပေ… တေလဝဏ္ဏဉ္စ ပီတကဉ္စ… တေလဝဏ္ဏဉ္စ လောဟိတကဉ္စ… တေလဝဏ္ဏဉ္စ ဩဒါတဉ္စ… တေလဝဏ္ဏဉ္စ တက္ကဝဏ္ဏဉ္စ… တေလဝဏ္ဏဉ္စ ဒကဝဏ္ဏဉ္စ စေတေတိ ဥပက္ကမတိ မုစ္စတိ, အာပတ္တိ သံဃာဒိသေသဿ။</p>
<p class=""bodytext"">ခီရဝဏ္ဏဉ္စ <a name=""V0.0158""></a> ဒဓိဝဏ္ဏဉ္စ…ပေ… ခီရဝဏ္ဏဉ္စ သပ္ပိဝဏ္ဏဉ္စ စေတေတိ ဥပက္ကမတိ မုစ္စတိ, အာပတ္တိ သံဃာဒိသေသဿ။</p>
<p class=""bodytext"">ခီရဝဏ္ဏဉ္စ နီလဉ္စ…ပေ… ခီရဝဏ္ဏဉ္စ ပီတကဉ္စ… ခီရဝဏ္ဏဉ္စ လောဟိတကဉ္စ… ခီရဝဏ္ဏဉ္စ ဩဒါတဉ္စ… ခီရဝဏ္ဏဉ္စ တက္ကဝဏ္ဏဉ္စ… ခီရဝဏ္ဏဉ္စ ဒကဝဏ္ဏဉ္စ… ခီရဝဏ္ဏဉ္စ တေလဝဏ္ဏဉ္စ စေတေတိ ဥပက္ကမတိ မုစ္စတိ, အာပတ္တိ သံဃာဒိသေသဿ။</p>
<p class=""bodytext"">ဒဓိဝဏ္ဏဉ္စ သပ္ပိဝဏ္ဏဉ္စ စေတေတိ ဥပက္ကမတိ မုစ္စတိ, အာပတ္တိ သံဃာဒိသေသဿ။</p>
<p class=""bodytext"">ဒဓိဝဏ္ဏဉ္စ နီလဉ္စ…ပေ… ဒဓိဝဏ္ဏဉ္စ ပီတကဉ္စ… ဒဓိဝဏ္ဏဉ္စ လောဟိတကဉ္စ… ဒဓိဝဏ္ဏဉ္စ ဩဒါတဉ္စ… ဒဓိဝဏ္ဏဉ္စ တက္ကဝဏ္ဏဉ္စ… ဒဓိဝဏ္ဏဉ္စ ဒကဝဏ္ဏဉ္စ… ဒဓိဝဏ္ဏဉ္စ တေလဝဏ္ဏဉ္စ… ဒဓိဝဏ္ဏဉ္စ ခီရဝဏ္ဏဉ္စ စေတေတိ ဥပက္ကမတိ မုစ္စတိ, အာပတ္တိ သံဃာဒိသေသဿ။</p>
<p class=""bodytext"">သပ္ပိဝဏ္ဏဉ္စ နီလဉ္စ စေတေတိ ဥပက္ကမတိ မုစ္စတိ, အာပတ္တိ သံဃာဒိသေသဿ။</p>
<p class=""bodytext"">သပ္ပိဝဏ္ဏဉ္စ ပီတကဉ္စ…ပေ… သပ္ပိဝဏ္ဏဉ္စ လောဟိတကဉ္စ… သပ္ပိဝဏ္ဏဉ္စ ဩဒါတဉ္စ… သပ္ပိဝဏ္ဏဉ္စ တက္ကဝဏ္ဏဉ္စ… သပ္ပိဝဏ္ဏဉ္စ ဒကဝဏ္ဏဉ္စ… သပ္ပိဝဏ္ဏဉ္စ တေလဝဏ္ဏဉ္စ… သပ္ပိဝဏ္ဏဉ္စ ခီရဝဏ္ဏဉ္စ <a name=""T1.0234""></a>… သပ္ပိဝဏ္ဏဉ္စ ဒဓိဝဏ္ဏဉ္စ စေတေတိ ဥပက္ကမတိ မုစ္စတိ, အာပတ္တိ သံဃာဒိသေသဿ။</p>
<p class=""centered"">ဧကမူလကဿ ဗဒ္ဓစက္ကံ နိဋ္ဌိတံ။</p>
",
161,mula_vi_01,161,"<p class=""bodytext"">နီလဉ္စ <a name=""M0.0161""></a> ပီတကဉ္စ လောဟိတကဉ္စ စေတေတိ ဥပက္ကမတိ မုစ္စတိ, အာပတ္တိ သံဃာဒိသေသဿ…ပေ… နီလဉ္စ ပီတကဉ္စ သပ္ပိဝဏ္ဏဉ္စ စေတေတိ ဥပက္ကမတိ မုစ္စတိ, အာပတ္တိ သံဃာဒိသေသဿ။</p>
<p class=""centered"">ဒုမူလကဿ ခဏ္ဍစက္ကံ။</p>
<p class=""bodytext"">ပီတကဉ္စ <a name=""V0.0159""></a> လောဟိတကဉ္စ ဩဒါတဉ္စ စေတေတိ ဥပက္ကမတိ မုစ္စတိ, အာပတ္တိ သံဃာဒိသေသဿ…ပေ… ပီတကဉ္စ လောဟိတကဉ္စ သပ္ပိဝဏ္ဏဉ္စ…ပေ… ပီတကဉ္စ လောဟိတကဉ္စ နီလဉ္စ စေတေတိ ဥပက္ကမတိ မုစ္စတိ, အာပတ္တိ သံဃာဒိသေသဿ။</p>
<p class=""centered"">ဒုမူလကဿ ဗဒ္ဓစက္ကံ သံခိတ္တံ။</p>
<p class=""bodytext"">ဒဓိဝဏ္ဏဉ္စ သပ္ပိဝဏ္ဏဉ္စ နီလဉ္စ စေတေတိ ဥပက္ကမတိ မုစ္စတိ, အာပတ္တိ သံဃာဒိသေသဿ…ပေ… ဒဓိဝဏ္ဏဉ္စ သပ္ပိဝဏ္ဏဉ္စ ခီရဝဏ္ဏဉ္စ စေတေတိ ဥပက္ကမတိ မုစ္စတိ, အာပတ္တိ သံဃာဒိသေသဿ။</p>
<p class=""centered"">ဒုမူလကံ နိဋ္ဌိတံ။</p>
<p class=""bodytext"">တိမူလကမ္ပိ စတုမူလကမ္ပိ ပဉ္စမူလကမ္ပိ ဆမူလကမ္ပိ သတ္တမူလကမ္ပိ အဋ္ဌမူလကမ္ပိ နဝမူလကမ္ပိ ဧဝမေဝ ဝိတ္ထာရေတဗ္ဗံ။</p>
<p class=""centered"">ဣဒံ သဗ္ဗမူလကံ။</p>
<p class=""bodytext""><a name=""para247""></a><a name=""para247_vin1""></a><span class=""paranum"">၂၄၇</span>။ နီလဉ္စ <a name=""T1.0235""></a> ပီတကဉ္စ လောဟိတကဉ္စ ဩဒါတဉ္စ တက္ကဝဏ္ဏဉ္စ ဒကဝဏ္ဏဉ္စ တေလဝဏ္ဏဉ္စ ခီရဝဏ္ဏဉ္စ ဒဓိဝဏ္ဏဉ္စ သပ္ပိဝဏ္ဏဉ္စ စေတေတိ ဥပက္ကမတိ မုစ္စတိ, အာပတ္တိ သံဃာဒိသေသဿ။</p>
<p class=""centered"">သဗ္ဗမူလကံ နိဋ္ဌိတံ။</p>
<p class=""bodytext""><a name=""para248""></a><a name=""para248_vin1""></a><span class=""paranum"">၂၄၈</span>။ အာရောဂျတ္ထဉ္စ နီလဉ္စ <span class=""note"">[အာရောဂျတ္ထံ နီလံ (?)]</span> စေတေတိ ဥပက္ကမတိ မုစ္စတိ, အာပတ္တိ သံဃာဒိသေသဿ။</p>
<p class=""bodytext"">အာရောဂျတ္ထဉ္စ သုခတ္ထဉ္စ နီလဉ္စ ပီတကဉ္စ စေတေတိ ဥပက္ကမတိ မုစ္စတိ, အာပတ္တိ သံဃာဒိသေသဿ။</p>
",-247-248-
162,mula_vi_01,162,"<p class=""bodytext"">အာရောဂျတ္ထဉ္စ <a name=""M0.0162""></a> သုခတ္ထဉ္စ ဘေသဇ္ဇတ္ထဉ္စ နီလဉ္စ ပီတကဉ္စ လောဟိတကဉ္စ စေတေတိ ဥပက္ကမတိ မုစ္စတိ, အာပတ္တိ သံဃာဒိသေသဿ။</p>
<p class=""bodytext"">ဥဘတော <a name=""V0.0160""></a> ဝဍ္ဎကံ ဧဝမေဝ ဝဍ္ဎေတဗ္ဗံ။</p>
<p class=""bodytext"">အာရောဂျတ္ထဉ္စ <a name=""P3.0115""></a> သုခတ္ထဉ္စ ဘေသဇ္ဇတ္ထဉ္စ ဒါနတ္ထဉ္စ ပုညတ္ထဉ္စ ယညတ္ထဉ္စ သဂ္ဂတ္ထဉ္စ ဗီဇတ္ထဉ္စ ဝီမံသတ္ထဉ္စ ဒဝတ္ထဉ္စ နီလဉ္စ ပီတကဉ္စ လောဟိတကဉ္စ ဩဒါတဉ္စ တက္ကဝဏ္ဏဉ္စ ဒကဝဏ္ဏဉ္စ တေလဝဏ္ဏဉ္စ <a name=""T1.0236""></a> ခီရဝဏ္ဏဉ္စ ဒဓိဝဏ္ဏဉ္စ သပ္ပိဝဏ္ဏဉ္စ စေတေတိ ဥပက္ကမတိ မုစ္စတိ, အာပတ္တိ သံဃာဒိသေသဿ။</p>
<p class=""centered"">မိဿကစက္ကံ နိဋ္ဌိတံ။</p>
<p class=""bodytext""><a name=""para249""></a><a name=""para249_vin1""></a><span class=""paranum"">၂၄၉</span>။ နီလံ မောစေဿာမီတိ စေတေတိ ဥပက္ကမတိ ပီတကံ မုစ္စတိ, အာပတ္တိ သံဃာဒိသေသဿ။</p>
<p class=""bodytext"">နီလံ မောစေဿာမီတိ စေတေတိ ဥပက္ကမတိ လောဟိတကံ…ပေ… ဩဒါတံ <a name=""T1.0237""></a>… တက္ကဝဏ္ဏံ… ဒကဝဏ္ဏံ… တေလဝဏ္ဏံ… ခီရဝဏ္ဏံ… ဒဓိဝဏ္ဏံ… သပ္ပိဝဏ္ဏံ မုစ္စတိ, အာပတ္တိ သံဃာဒိသေသဿ။</p>
<p class=""centered"">ခဏ္ဍစက္ကံ နိဋ္ဌိတံ။</p>
<p class=""bodytext""><a name=""para250""></a><a name=""para250_vin1""></a><span class=""paranum"">၂၅၀</span>။ ပီတကံ မောစေဿာမီတိ စေတေတိ ဥပက္ကမတိ လောဟိတကံ မုစ္စတိ, အာပတ္တိ သံဃာဒိသေသဿ။</p>
<p class=""bodytext"">ပီတကံ မောစေဿာမီတိ စေတေတိ ဥပက္ကမတိ ဩဒါတံ…ပေ… တက္ကဝဏ္ဏံ… ဒကဝဏ္ဏံ… တေလဝဏ္ဏံ… ခီရဝဏ္ဏံ… ဒဓိဝဏ္ဏံ… သပ္ပိဝဏ္ဏံ… နီလံ မုစ္စတိ, အာပတ္တိ သံဃာဒိသေသဿ။</p>
<p class=""centered"">ဗဒ္ဓစက္ကမူလံ သံခိတ္တံ။</p>
<p class=""bodytext""><a name=""para251""></a><a name=""para251_vin1""></a><span class=""paranum"">၂၅၁</span>။ သပ္ပိဝဏ္ဏံ မောစေဿာမီတိ စေတေတိ ဥပက္ကမတိ နီလံ မုစ္စတိ, အာပတ္တိ သံဃာဒိသေသဿ။</p>
<p class=""bodytext"">သပ္ပိဝဏ္ဏံ <a name=""V0.0161""></a> မောစေဿာမီတိ စေတေတိ ဥပက္ကမတိ ပီတကံ…ပေ… လောဟိတကံ… ဩဒါတံ <a name=""T1.0238""></a>… တက္ကဝဏ္ဏံ… ဒကဝဏ္ဏံ… တေလဝဏ္ဏံ… ခီရဝဏ္ဏံ… ဒဓိဝဏ္ဏံ မုစ္စတိ, အာပတ္တိ သံဃာဒိသေသဿ။</p>
<p class=""centered"">ကုစ္ဆိစက္ကံ နိဋ္ဌိတံ။</p>
",-249-250-251-
163,mula_vi_01,163,"<p class=""bodytext""><a name=""para252""></a><a name=""para252_vin1""></a><span class=""paranum"">၂၅၂</span>။ ပီတကံ <a name=""M0.0163""></a> မောစေဿာမီတိ စေတေတိ ဥပက္ကမတိ နီလံ မုစ္စတိ, အာပတ္တိ သံဃာဒိသေသဿ။</p>
<p class=""bodytext"">လောဟိတကံ…ပေ… ဩဒါတံ… တက္ကဝဏ္ဏံ… ဒကဝဏ္ဏံ… တေလဝဏ္ဏံ… ခီရဝဏ္ဏံ… ဒဓိဝဏ္ဏံ… သပ္ပိဝဏ္ဏံ မောစေဿာမီတိ စေတေတိ ဥပက္ကမတိ နီလံ မုစ္စတိ, အာပတ္တိ သံဃာဒိသေသဿ။</p>
<p class=""centered"">ပိဋ္ဌိစက္ကဿ ပဌမံ ဂမနံ နိဋ္ဌိတံ။</p>
<p class=""bodytext""><a name=""para253""></a><a name=""para253_vin1""></a><span class=""paranum"">၂၅၃</span>။ လောဟိတကံ မောစေဿာမီတိ စေတေတိ ဥပက္ကမတိ ပီတကံ မုစ္စတိ, အာပတ္တိ သံဃာဒိသေသဿ။</p>
<p class=""centered"">ဩဒါတံ…ပေ… တက္ကဝဏ္ဏံ… ဒကဝဏ္ဏံ… တေလဝဏ္ဏံ… ခီရဝဏ္ဏံ</p>
<p class=""bodytext""><a name=""T1.0239""></a>… ဒဓိဝဏ္ဏံ… သပ္ပိဝဏ္ဏံ… နီလံ မောစေဿာမီတိ စေတေတိ ဥပက္ကမတိ ပီတကံ မုစ္စတိ, အာပတ္တိ သံဃာဒိသေသဿ။</p>
<p class=""centered"">ပိဋ္ဌိစက္ကဿ ဒုတိယံ ဂမနံ နိဋ္ဌိတံ။</p>
<p class=""bodytext""><a name=""para254""></a><a name=""para254_vin1""></a><span class=""paranum"">၂၅၄</span>။ ဩဒါတံ မောစေဿာမီတိ စေတေတိ ဥပက္ကမတိ လောဟိတကံ မုစ္စတိ, အာပတ္တိ သံဃာဒိသေသဿ။</p>
<p class=""centered"">တက္ကဝဏ္ဏံ…ပေ… ဒကဝဏ္ဏံ… တေလဝဏ္ဏံ… ခီရဝဏ္ဏံ… ဒဓိဝဏ္ဏံ…</p>
<p class=""bodytext"">သပ္ပိဝဏ္ဏံ… နီလံ <a name=""V0.0162""></a> … ပီတကံ မောစေဿာမီတိ စေတေတိ ဥပက္ကမတိ လောဟိတကံ မုစ္စတိ, အာပတ္တိ သံဃာဒိသေသဿ။</p>
<p class=""centered"">ပိဋ္ဌိစက္ကဿ တတိယံ ဂမနံ နိဋ္ဌိတံ။</p>
<p class=""bodytext""><a name=""para255""></a><a name=""para255_vin1""></a><span class=""paranum"">၂၅၅</span>။ တက္ကဝဏ္ဏံ မောစေဿာမီတိ စေတေတိ ဥပက္ကမတိ ဩဒါတံ မုစ္စတိ, အာပတ္တိ သံဃာဒိသေသဿ။</p>
<p class=""bodytext"">ဒကဝဏ္ဏံ…ပေ… တေလဝဏ္ဏံ… ခီရဝဏ္ဏံ… ဒဓိဝဏ္ဏံ… သပ္ပိဝဏ္ဏံ… နီလံ… ပီတကံ… လောဟိတကံ မောစေဿာမီတိ စေတေတိ ဥပက္ကမတိ ဩဒါတံ မုစ္စတိ, အာပတ္တိ သံဃာဒိသေသဿ။</p>
<p class=""centered"">ပိဋ္ဌိစက္ကဿ စတုတ္ထံ ဂမနံ နိဋ္ဌိတံ။</p>
<p class=""bodytext""><a name=""para256""></a><a name=""para256_vin1""></a><span class=""paranum"">၂၅၆</span>။ ဒကဝဏ္ဏံ မောစေဿာမီတိ စေတေတိ ဥပက္ကမတိ တက္ကဝဏ္ဏံ မုစ္စတိ, အာပတ္တိ သံဃာဒိသေသဿ။</p>
",-252-253-254-255-256-
164,mula_vi_01,164,"<p class=""centered"">တေလဝဏ္ဏံ <a name=""M0.0164""></a> …ပေ… ခီရဝဏ္ဏံ… ဒဓိဝဏ္ဏံ… သပ္ပိဝဏ္ဏံ… နီလ…</p>
<p class=""bodytext"">ပီတကံ… လောဟိတကံ… ဩဒါတံ မောစေဿာမီတိ စေတေတိ ဥပက္ကမတိ တက္ကဝဏ္ဏံ မုစ္စတိ, အာပတ္တိ သံဃာဒိသေသဿ။</p>
<p class=""centered"">ပိဋ္ဌိစက္ကဿ ပဉ္စမံ ဂမနံ နိဋ္ဌိတံ။</p>
<p class=""bodytext""><a name=""para257""></a><a name=""para257_vin1""></a><span class=""paranum"">၂၅၇</span>။ တေလဝဏ္ဏံ မောစေဿာမီတိ စေတေတိ ဥပက္ကမတိ ဒကဝဏ္ဏံ မုစ္စတိ, အာပတ္တိ သံဃာဒိသေသဿ။</p>
<p class=""centered"">ခီရဝဏ္ဏံ…ပေ… ဒဓိဝဏ္ဏံ… သပ္ပိဝဏ္ဏံ… နီလံ <a name=""T1.0240""></a>… ပီတကံ… လောဟိတကံ…</p>
<p class=""bodytext"">ဩဒါတံ… တက္ကဝဏ္ဏံ မောစေဿာမီတိ စေတေတိ ဥပက္ကမတိ ဒကဝဏ္ဏံ မုစ္စတိ, အာပတ္တိ သံဃာဒိသေသဿ။</p>
<p class=""centered"">ပိဋ္ဌိစက္ကဿ ဆဋ္ဌံ ဂမနံ နိဋ္ဌိတံ။</p>
<p class=""bodytext""><a name=""para258""></a><a name=""para258_vin1""></a><span class=""paranum"">၂၅၈</span>။ ခီရဝဏ္ဏံ <a name=""V0.0163""></a> မောစေဿာမီတိ စေတေတိ ဥပက္ကမတိ တေလဝဏ္ဏံ မုစ္စတိ, အာပတ္တိ သံဃာဒိသေသဿ။</p>
<p class=""bodytext"">ဒဓိဝဏ္ဏံ…ပေ… သပ္ပိဝဏ္ဏံ… နီလံ… ပီတကံ… လောဟိတကံ… ဩဒါတံ… တက္ကဝဏ္ဏံ… ဒကဝဏ္ဏံ မောစေဿာမီတိ စေတေတိ ဥပက္ကမတိ တေလဝဏ္ဏံ မုစ္စတိ, အာပတ္တိ သံဃာဒိသေသဿ။</p>
<p class=""centered"">ပိဋ္ဌိစက္ကဿ သတ္တမံ ဂမနံ နိဋ္ဌိတံ။</p>
<p class=""bodytext""><a name=""para259""></a><a name=""para259_vin1""></a><span class=""paranum"">၂၅၉</span>။ ဒဓိဝဏ္ဏံ မောစေဿာမီတိ စေတေတိ ဥပက္ကမတိ ခီရဝဏ္ဏံ မုစ္စတိ, အာပတ္တိ သံဃာဒိသေသဿ။</p>
<p class=""bodytext"">သပ္ပိဝဏ္ဏံ…ပေ… နီလံ… ပီတကံ… လောဟိတကံ… ဩဒါတံ… တက္ကဝဏ္ဏံ… ဒကဝဏ္ဏံ… တေလဝဏ္ဏံ မောစေဿာမီတိ စေတေတိ ဥပက္ကမတိ ခီရဝဏ္ဏံ မုစ္စတိ, အာပတ္တိ သံဃာဒိသေသဿ။</p>
<p class=""centered"">ပိဋ္ဌိစက္ကဿ အဋ္ဌမံ ဂမနံ နိဋ္ဌိတံ။</p>
<p class=""bodytext""><a name=""para260""></a><a name=""para260_vin1""></a><span class=""paranum"">၂၆၀</span>။ သပ္ပိဝဏ္ဏံ မောစေဿာမီတိ စေတေတိ ဥပက္ကမတိ ဒဓိဝဏ္ဏံ မုစ္စတိ, အာပတ္တိ သံဃာဒိသေသဿ။</p>
<p class=""bodytext"">နီလံ…ပေ… ပီတကံ… လောဟိတကံ… ဩဒါတံ… တက္ကဝဏ္ဏံ… ဒကဝဏ္ဏံ… တေလဝဏ္ဏံ… ခီရဝဏ္ဏံ မောစေဿာမီတိ စေတေတိ ဥပက္ကမတိ ဒဓိဝဏ္ဏံ မုစ္စတိ, အာပတ္တိ သံဃာဒိသေသဿ။</p>
<p class=""centered"">ပိဋ္ဌိစက္ကဿ နဝမံ ဂမနံ နိဋ္ဌိတံ။</p>
",-257-258-259-260-
165,mula_vi_01,165,"<p class=""bodytext""><a name=""para261""></a><a name=""para261_vin1""></a><span class=""paranum"">၂၆၁</span>။ နီလံ <a name=""M0.0165""></a> မောစေဿာမီတိ စေတေတိ ဥပက္ကမတိ သပ္ပိဝဏ္ဏံ မုစ္စတိ, အာပတ္တိ သံဃာဒိသေသဿ။</p>
<p class=""bodytext"">ပီတကံ <a name=""V0.0164""></a> …ပေ… လောဟိတကံ… ဩဒါတံ… တက္ကဝဏ္ဏံ… ဒကဝဏ္ဏံ <a name=""T1.0241""></a>… တေလဝဏ္ဏံ… ခီရဝဏ္ဏံ… ဒဓိဝဏ္ဏံ မောစေဿာမီတိ စေတေတိ ဥပက္ကမတိ သပ္ပိဝဏ္ဏံ မုစ္စတိ, အာပတ္တိ သံဃာဒိသေသဿ။</p>
<p class=""centered"">ပိဋ္ဌိစက္ကဿ ဒသမံ ဂမနံ နိဋ္ဌိတံ။</p>
<p class=""centered"">ပိဋ္ဌိစက္ကံ နိဋ္ဌိတံ။</p>
<p class=""bodytext""><a name=""para262""></a><a name=""para262_vin1""></a><span class=""paranum"">၂၆၂</span>။ စေတေတိ <a name=""P3.0116""></a> ဥပက္ကမတိ မုစ္စတိ, အာပတ္တိ သံဃာဒိသေသဿ။</p>
<p class=""bodytext"">စေတေတိ ဥပက္ကမတိ န မုစ္စတိ, အာပတ္တိ ထုလ္လစ္စယဿ။</p>
<p class=""bodytext"">စေတေတိ န ဥပက္ကမတိ မုစ္စတိ, အနာပတ္တိ။</p>
<p class=""bodytext"">စေတေတိ န ဥပက္ကမတိ န မုစ္စတိ, အနာပတ္တိ။</p>
<p class=""bodytext"">န စေတေတိ ဥပက္ကမတိ မုစ္စတိ, အနာပတ္တိ။</p>
<p class=""bodytext"">န စေတေတိ ဥပက္ကမတိ န မုစ္စတိ, အနာပတ္တိ။</p>
<p class=""bodytext"">န စေတေတိ န ဥပက္ကမတိ မုစ္စတိ, အနာပတ္တိ။</p>
<p class=""bodytext"">န စေတေတိ န ဥပက္ကမတိ န မုစ္စတိ, အနာပတ္တိ။</p>
<p class=""bodytext"">အနာပတ္တိ သုပိနန္တေန, နမောစနာဓိပ္ပါယဿ, ဥမ္မတ္တကဿ, ခိတ္တစိတ္တဿ, ဝေဒနာဋ္ဋဿ, အာဒိကမ္မိကဿာတိ။</p>
<p class=""subhead"">ဝိနီတဝတ္ထုဥဒ္ဒါနဂါထာ</p>
<p class=""gatha1"">သုပိနောစ္စာရပဿာဝေါ<a name=""V0.0165""></a>, ဝိတက္ကုဏှောဒကေန စ၊</p>
<p class=""gathalast"">ဘေသဇ္ဇံ ကဏ္ဍုဝံ မဂ္ဂေါ, ဝတ္ထိ ဇန္တာဃရုပက္ကမော <span class=""note"">[ဇန္တဂ္ဂုပက္ကမော (သီ။), ဇန္တာဃရံ ဦရု (သျာ။)]</span>။</p>
<p class=""gatha1"">သာမဏေရော စ သုတ္တော စ, ဦရု မုဋ္ဌိနာ ပီဠယိ၊</p>
<p class=""gathalast"">အာကာသေ ထမ္ဘံ နိဇ္ဈာယိ, ဆိဒ္ဒံ ကဋ္ဌေန ဃဋ္ဋယိ။</p>
<p class=""gatha1"">သောတော <a name=""T1.0242""></a> ဥဒဉ္ဇလံ ဓာဝံ, ပုပ္ဖါဝလိယံ ပေါက္ခရံ၊</p>
<p class=""gathalast"">ဝါလိကာ ကဒ္ဒမုဿေကော <span class=""note"">[ကဒ္ဒမောသေကော (?)]</span>, သယနင်္ဂုဋ္ဌကေန စာတိ။</p>
",-261-262-
166,mula_vi_01,166,"<p class=""subhead"">ဝိနီတဝတ္ထု</p>
<p class=""bodytext""><a name=""para263""></a><a name=""para263_vin1""></a><span class=""paranum"">၂၆၃</span>။ တေန <a name=""M0.0166""></a> ခေါ ပန သမယေန အညတရဿ ဘိက္ခုနော သုပိနန္တေန အသုစိ မုစ္စိ။ တဿ ကုက္ကုစ္စံ အဟောသိ – ‘‘ဘဂဝတာ သိက္ခာပဒံ ပညတ္တံ, ကစ္စိ နု ခေါ အဟံ သံဃာဒိသေသံ အာပတ္တိံ အာပန္နော’’တိ? ဘဂဝတော ဧတမတ္ထံ အာရောစေသိ။ ‘‘အနာပတ္တိ, ဘိက္ခု, သုပိနန္တေနာ’’တိ။</p>
<p class=""bodytext"">တေန ခေါ ပန သမယေန အညတရဿ ဘိက္ခုနော ဥစ္စာရံ ကရောန္တဿ အသုစိ မုစ္စိ။ တဿ ကုက္ကုစ္စံ အဟောသိ…ပေ… ‘‘ကိံစိတ္တော တွံ, ဘိက္ခူ’’တိ? ‘‘နာဟံ, ဘဂဝါ, မောစနာဓိပ္ပါယော’’တိ။ ‘‘အနာပတ္တိ, ဘိက္ခု, နမောစနာဓိပ္ပါယဿာ’’တိ။</p>
<p class=""bodytext"">တေန ခေါ ပန သမယေန အညတရဿ ဘိက္ခုနော ပဿာဝံ ကရောန္တဿ အသုစိ မုစ္စိ။ တဿ ကုက္ကုစ္စံ အဟောသိ…ပေ… ‘‘အနာပတ္တိ, ဘိက္ခု, နမောစနာဓိပ္ပါယဿာ’’တိ။</p>
<p class=""bodytext"">တေန ခေါ ပန သမယေန အညတရဿ ဘိက္ခုနော ကာမဝိတက္ကံ ဝိတက္ကေန္တဿ အသုစိ မုစ္စိ။ တဿ ကုက္ကုစ္စံ အဟောသိ…ပေ… ‘‘အနာပတ္တိ, ဘိက္ခု, ဝိတက္ကေန္တဿာ’’တိ။</p>
<p class=""bodytext"">တေန ခေါ ပန သမယေန အညတရဿ ဘိက္ခုနော ဥဏှောဒကေန နှာယန္တဿ အသုစိ မုစ္စိ။ တဿ <a name=""V0.0166""></a> ကုက္ကုစ္စံ အဟောသိ…ပေ… ‘‘ကိံစိတ္တော <a name=""T1.0243""></a> တွံ, ဘိက္ခူ’’တိ? ‘‘နာဟံ, ဘဂဝါ, မောစနာဓိပ္ပါယော’’တိ။ ‘‘အနာပတ္တိ, ဘိက္ခု, နမောစနာဓိပ္ပါယဿာ’’တိ။</p>
<p class=""bodytext"">တေန ခေါ ပန သမယေန အညတရဿ ဘိက္ခုနော မောစနာဓိပ္ပါယဿ ဥဏှောဒကေန နှာယန္တဿ အသုစိ မုစ္စိ။ တဿ ကုက္ကုစ္စံ <a name=""P3.0117""></a> အဟောသိ…ပေ… ‘‘အာပတ္တိံ တွံ, ဘိက္ခု, အာပန္နော သံဃာဒိသေသ’’န္တိ။</p>
<p class=""bodytext"">တေန ခေါ ပန သမယေန အညတရဿ ဘိက္ခုနော မောစနာဓိပ္ပါယဿ ဥဏှောဒကေန နှာယန္တဿ အသုစိ န မုစ္စိ။ တဿ ကုက္ကုစ္စံ အဟောသိ…ပေ… ‘‘အနာပတ္တိ, ဘိက္ခု, သံဃာဒိသေသဿ၊ အာပတ္တိ ထုလ္လစ္စယဿာ’’တိ။</p>
<p class=""bodytext"">တေန ခေါ ပန သမယေန အညတရဿ ဘိက္ခုနော အင်္ဂဇာတေ ဝဏော ဟောတိ။ ဘေသဇ္ဇေန <span class=""note"">[တဿ ဘေသဇ္ဇေန (?)]</span> အာလိမ္ပေန္တဿ အသုစိ မုစ္စိ။ တဿ ကုက္ကုစ္စံ အဟောသိ…ပေ… ‘‘အနာပတ္တိ, ဘိက္ခု, နမောစနာဓိပ္ပါယဿာ’’တိ။</p>
",-263-
167,mula_vi_01,167,"<p class=""bodytext"">တေန <a name=""M0.0167""></a> ခေါ ပန သမယေန အညတရဿ ဘိက္ခုနော အင်္ဂဇာတေ ဝဏော ဟောတိ။ မောစနာဓိပ္ပါယဿ <span class=""note"">[တဿ မောစနာမိပ္ပါယဿ (သျာ။)]</span> ဘေသဇ္ဇေန အာလိမ္ပေန္တဿ အသုစိ မုစ္စိ…ပေ… အသုစိ န မုစ္စိ။ တဿ ကုက္ကုစ္စံ အဟောသိ…ပေ… ‘‘အနာပတ္တိ, ဘိက္ခု, သံဃာဒိသေသဿ၊ အာပတ္တိ ထုလ္လစ္စယဿာ’’တိ။</p>
<p class=""bodytext"">တေန ခေါ ပန သမယေန အညတရဿ ဘိက္ခုနော အဏ္ဍံ ကဏ္ဍုဝန္တဿ အသုစိ မုစ္စိ။ တဿ ကုက္ကုစ္စံ အဟောသိ…ပေ… ‘‘အနာပတ္တိ<a name=""T1.0244""></a>, ဘိက္ခု, နမောစနာဓိပ္ပါယဿာ’’တိ။</p>
<p class=""bodytext"">တေန ခေါ ပန သမယေန အညတရဿ ဘိက္ခုနော မောစနာဓိပ္ပါယဿ အဏ္ဍံ ကဏ္ဍုဝန္တဿ <span class=""note"">[ကဏ္ဍူဝန္တဿ (သီ။)]</span> အသုစိ မုစ္စိ…ပေ… အသုစိ န မုစ္စိ။ တဿ ကုက္ကုစ္စံ အဟောသိ…ပေ… ‘‘အနာပတ္တိ, ဘိက္ခု, သံဃာဒိသေသဿ၊ အာပတ္တိ ထုလ္လစ္စယဿာ’’တိ။</p>
<p class=""bodytext""><a name=""para264""></a><a name=""para264_vin1""></a><span class=""paranum"">၂၆၄</span>။ တေန ခေါ ပန သမယေန အညတရဿ ဘိက္ခုနော မဂ္ဂံ ဂစ္ဆန္တဿ အသုစိ မုစ္စိ။ တဿ ကုက္ကုစ္စံ အဟောသိ…ပေ… ‘‘အနာပတ္တိ, ဘိက္ခု, နမောစနာဓိပ္ပါယဿာ’’တိ။</p>
<p class=""bodytext"">တေန <a name=""V0.0167""></a> ခေါ ပန သမယေန အညတရဿ ဘိက္ခုနော မောစနာဓိပ္ပါယဿ မဂ္ဂံ ဂစ္ဆန္တဿ အသုစိ မုစ္စိ…ပေ… အသုစိ န မုစ္စိ။ တဿ ကုက္ကုစ္စံ အဟောသိ…ပေ… ‘‘အနာပတ္တိ, ဘိက္ခု, သံဃာဒိသေသဿ၊ အာပတ္တိ ထုလ္လစ္စယဿာ’’တိ။</p>
<p class=""bodytext"">တေန ခေါ ပန သမယေန အညတရဿ ဘိက္ခုနော ဝတ္ထိံ ဂဟေတွာ ပဿာဝံ ကရောန္တဿ အသုစိ မုစ္စိ။ တဿ ကုက္ကုစ္စံ အဟောသိ…ပေ… ‘‘အနာပတ္တိ, ဘိက္ခု, နမောစနာဓိပ္ပါယဿာ’’တိ။</p>
<p class=""bodytext"">တေန ခေါ ပန သမယေန အညတရဿ ဘိက္ခုနော မောစနာဓိပ္ပါယဿ ဝတ္ထိံ ဂဟေတွာ ပဿာဝံ ကရောန္တဿ အသုစိ မုစ္စိ…ပေ… အသုစိ န မုစ္စိ။ တဿ ကုက္ကုစ္စံ အဟောသိ…ပေ… ‘‘အနာပတ္တိ, ဘိက္ခု, သံဃာဒိသေသဿ၊ အာပတ္တိ ထုလ္လစ္စယဿာ’’တိ။</p>
<p class=""bodytext"">တေန ခေါ ပန သမယေန အညတရဿ ဘိက္ခုနော ဇန္တာဃရေ ဥဒရဝဋ္ဋိံ တာပေန္တဿ အသုစိ မုစ္စိ။ တဿ ကုက္ကုစ္စံ အဟောသိ…ပေ… ‘‘အနာပတ္တိ, ဘိက္ခု, နမောစနာဓိပ္ပါယဿာ’’တိ။</p>
",-264-
168,mula_vi_01,168,"<p class=""bodytext"">တေန <a name=""M0.0168""></a> ခေါ ပန <a name=""T1.0245""></a> သမယေန အညတရဿ ဘိက္ခုနော မောစနာဓိပ္ပါယဿ ဇန္တာဃရေ ဥဒရဝဋ္ဋိံ တာပေန္တဿ အသုစိ မုစ္စိ…ပေ… အသုစိ န မုစ္စိ။ တဿ ကုက္ကုစ္စံ အဟောသိ…ပေ… ‘‘အနာပတ္တိ, ဘိက္ခု, သံဃာဒိသေသဿ၊ အာပတ္တိ ထုလ္လစ္စယဿာ’’တိ။</p>
<p class=""bodytext"">တေန ခေါ ပန သမယေန အညတရဿ ဘိက္ခုနော ဇန္တာဃရေ ဥပဇ္ဈာယဿ ပိဋ္ဌိပရိကမ္မံ ကရောန္တဿ အသုစိ မုစ္စိ။ တဿ ကုက္ကုစ္စံ အဟောသိ…ပေ… ‘‘အနာပတ္တိ, ဘိက္ခု, နမောစနာဓိပ္ပါယဿာ’’တိ။</p>
<p class=""bodytext"">တေန ခေါ ပန သမယေန အညတရဿ ဘိက္ခုနော မောစနာဓိပ္ပါယဿ ဇန္တာဃရေ ဥပဇ္ဈာယဿ ပိဋ္ဌိပရိကမ္မံ ကရောန္တဿ အသုစိ မုစ္စိ…ပေ… အသုစိ န မုစ္စိ။ တဿ ကုက္ကုစ္စံ အဟောသိ…ပေ… ‘‘အနာပတ္တိ, ဘိက္ခု, သံဃာဒိသေသဿ၊ အာပတ္တိ ထုလ္လစ္စယဿာ’’တိ။</p>
<p class=""bodytext""><a name=""para265""></a><a name=""para265_vin1""></a><span class=""paranum"">၂၆၅</span>။ တေန ခေါ ပန သမယေန အညတရဿ ဘိက္ခုနော ဦရုံ ဃဋ္ဋာပေန္တဿ အသုစိ မုစ္စိ။ တဿ ကုက္ကုစ္စံ အဟောသိ…ပေ… ‘‘အနာပတ္တိ, ဘိက္ခု, နမောစနာဓိပ္ပါယဿာ’’တိ။</p>
<p class=""bodytext"">တေန <a name=""V0.0168""></a> ခေါ ပန သမယေန အညတရဿ ဘိက္ခုနော မောစနာဓိပ္ပါယဿ ဦရုံ ဃဋ္ဋာပေန္တဿ အသုစိ မုစ္စိ…ပေ… အသုစိ န မုစ္စိ။ တဿ ကုက္ကုစ္စံ အဟောသိ…ပေ… ‘‘အနာပတ္တိ, ဘိက္ခု, သံဃာဒိသေသဿ၊ အာပတ္တိ ထုလ္လစ္စယဿာ’’တိ။</p>
<p class=""bodytext"">တေန ခေါ ပန သမယေန အညတရော ဘိက္ခု မောစနာဓိပ္ပါယော အညတရံ သာမဏေရံ ဧတဒဝေါစ – ‘‘ဧဟိ မေ တွံ, အာဝုသော သာမဏေရ, အင်္ဂဇာတံ ဂဏှာဟီ’’တိ။ သော တဿ အင်္ဂဇာတံ အဂ္ဂဟေသိ။ တဿေဝ အသုစိ <a name=""T1.0246""></a> မုစ္စိ။ တဿ ကုက္ကုစ္စံ အဟောသိ…ပေ… ‘‘အာပတ္တိံ တွံ, ဘိက္ခု, အာပန္နော သံဃာဒိသေသ’’န္တိ။</p>
<p class=""bodytext"">တေန ခေါ ပန သမယေန အညတရော ဘိက္ခု သုတ္တဿ သာမဏေရဿ အင်္ဂဇာတံ အဂ္ဂဟေသိ။ တဿေဝ အသုစိ မုစ္စိ။ တဿ ကုက္ကုစ္စံ အဟောသိ <a name=""P3.0118""></a> …ပေ… ‘‘အနာပတ္တိ, ဘိက္ခု, သံဃာဒိသေသဿ၊ အာပတ္တိ ဒုက္ကဋဿာ’’တိ။</p>
<p class=""bodytext""><a name=""para266""></a><a name=""para266_vin1""></a><span class=""paranum"">၂၆၆</span>။ တေန ခေါ ပန သမယေန အညတရဿ ဘိက္ခုနော မောစနာဓိပ္ပါယဿ ဦရူဟိ အင်္ဂဇာတံ ပီဠေန္တဿ အသုစိ မုစ္စိ…ပေ… အသုစိ န မုစ္စိ။ တဿ ကုက္ကုစ္စံ အဟောသိ…ပေ… ‘‘အနာပတ္တိ, ဘိက္ခု, သံဃာဒိသေသဿ၊ အာပတ္တိ ထုလ္လစ္စယဿာ’’တိ။</p>
",-265-266-
169,mula_vi_01,169,"<p class=""bodytext"">တေန <a name=""M0.0169""></a> ခေါ ပန သမယေန အညတရဿ ဘိက္ခုနော မောစနာဓိပ္ပါယဿ မုဋ္ဌိနာ အင်္ဂဇာတံ ပီဠေန္တဿ အသုစိ မုစ္စိ…ပေ… အသုစိ န မုစ္စိ။ တဿ ကုက္ကုစ္စံ အဟောသိ…ပေ… ‘‘အနာပတ္တိ, ဘိက္ခု, သံဃာဒိသေသဿ၊ အာပတ္တိ ထုလ္လစ္စယဿာ’’တိ။</p>
<p class=""bodytext"">တေန ခေါ ပန သမယေန အညတရဿ ဘိက္ခုနော မောစနာဓိပ္ပါယဿ အာကာသေ ကဋိံ ကမ္ပေန္တဿ အသုစိ မုစ္စိ…ပေ… အသုစိ န <a name=""T1.0247""></a> မုစ္စိ။ တဿ ကုက္ကုစ္စံ အဟောသိ…ပေ… ‘‘အနာပတ္တိ, ဘိက္ခု, သံဃာဒိသေသဿ၊ အာပတ္တိ ထုလ္လစ္စယဿာ’’တိ။</p>
<p class=""bodytext"">တေန ခေါ ပန သမယေန အညတရဿ ဘိက္ခုနော ကာယံ ထမ္ဘေန္တဿ အသုစိ မုစ္စိ။ တဿ ကုက္ကုစ္စံ အဟောသိ…ပေ… ‘‘အနာပတ္တိ, ဘိက္ခု, နမောစနာဓိပ္ပါယဿာ’’တိ။</p>
<p class=""bodytext"">တေန ခေါ ပန သမယေန အညတရဿ ဘိက္ခုနော မောစနာဓိပ္ပါယဿ ကာယံ ထမ္ဘေန္တဿ အသုစိ <a name=""V0.0169""></a> မုစ္စိ…ပေ… အသုစိ န မုစ္စိ။ တဿ ကုက္ကုစ္စံ အဟောသိ…ပေ… ‘‘အနာပတ္တိ, ဘိက္ခု, သံဃာဒိသေသဿ၊ အာပတ္တိ ထုလ္လစ္စယဿာ’’တိ။</p>
<p class=""bodytext"">တေန ခေါ ပန သမယေန အညတရော ဘိက္ခု သာရတ္တော မာတုဂါမဿ အင်္ဂဇာတံ ဥပနိဇ္ဈာယိ။ တဿ အသုစိ မုစ္စိ။ တဿ ကုက္ကုစ္စံ အဟောသိ…ပေ… ‘‘အနာပတ္တိ, ဘိက္ခု, သံဃာဒိသေသဿ။ န စ, ဘိက္ခဝေ, သာရတ္တေန မာတုဂါမဿ အင်္ဂဇာတံ ဥပနိဇ္ဈာယိတဗ္ဗံ။ ယော ဥပနိဇ္ဈာယေယျ, အာပတ္တိ ဒုက္ကဋဿာ’’တိ။</p>
<p class=""bodytext""><a name=""para267""></a><a name=""para267_vin1""></a><span class=""paranum"">၂၆၇</span>။ တေန ခေါ ပန သမယေန အညတရဿ ဘိက္ခုနော မောစနာဓိပ္ပါယဿ တာဠစ္ဆိဒ္ဒံ အင်္ဂဇာတံ ပဝေသေန္တဿ အသုစိ မုစ္စိ…ပေ… အသုစိ န မုစ္စိ။ တဿ ကုက္ကုစ္စံ အဟောသိ…ပေ… ‘‘အနာပတ္တိ, ဘိက္ခု, သံဃာဒိသေသဿ၊ အာပတ္တိ ထုလ္လစ္စယဿာ’’တိ။</p>
<p class=""bodytext"">တေန ခေါ ပန သမယေန အညတရဿ ဘိက္ခုနော မောစနာဓိပ္ပါယဿ ကဋ္ဌေန အင်္ဂဇာတံ ဃဋ္ဋေန္တဿ အသုစိ မုစ္စိ…ပေ… အသုစိ န မုစ္စိ။ တဿ ကုက္ကုစ္စံ အဟောသိ…ပေ… ‘‘အနာပတ္တိ, ဘိက္ခု, သံဃာဒိသေသဿ<a name=""T1.0248""></a>၊ အာပတ္တိ ထုလ္လစ္စယဿာ’’တိ။</p>
",-267-
170,mula_vi_01,170,"<p class=""bodytext"">တေန <a name=""M0.0170""></a> ခေါ ပန သမယေန အညတရဿ ဘိက္ခုနော ပဋိသောတေ နှာယန္တဿ အသုစိ မုစ္စိ။ တဿ ကုက္ကုစ္စံ အဟောသိ…ပေ… ‘‘အနာပတ္တိ, ဘိက္ခု, နမောစနာဓိပ္ပါယဿာ’’တိ။</p>
<p class=""bodytext"">တေန ခေါ ပန သမယေန အညတရဿ ဘိက္ခုနော မောစနာဓိပ္ပါယဿ ပဋိသောတေ နှာယန္တဿ အသုစိ မုစ္စိ…ပေ… အသုစိ န မုစ္စိ။ တဿ ကုက္ကုစ္စံ အဟောသိ…ပေ… ‘‘အနာပတ္တိ, ဘိက္ခု, သံဃာဒိသေသဿ၊ အာပတ္တိ ထုလ္လစ္စယဿာ’’တိ။</p>
<p class=""bodytext"">တေန ခေါ ပန သမယေန အညတရဿ ဘိက္ခုနော ဥဒဉ္ဇလံ ကီဠန္တဿ အသုစိ မုစ္စိ။ တဿ ကုက္ကုစ္စံ အဟောသိ…ပေ… ‘‘အနာပတ္တိ, ဘိက္ခု, နမောစနာဓိပ္ပါယဿာ’’တိ။</p>
<p class=""bodytext"">တေန ခေါ ပန သမယေန အညတရဿ ဘိက္ခုနော မောစနာဓိပ္ပါယဿ ဥဒဉ္ဇလံ ကီဠန္တဿ အသုစိ မုစ္စိ…ပေ… အသုစိ န မုစ္စိ။ တဿ ကုက္ကုစ္စံ အဟောသိ…ပေ… ‘‘အနာပတ္တိ, ဘိက္ခု, သံဃာဒိသေသဿ၊ အာပတ္တိ ထုလ္လစ္စယဿာ’’တိ။</p>
<p class=""bodytext"">တေန <a name=""V0.0170""></a> ခေါ ပန သမယေန အညတရဿ ဘိက္ခုနော ဥဒကေ ဓာဝန္တဿ အသုစိ မုစ္စိ။ တဿ ကုက္ကုစ္စံ အဟောသိ…ပေ… ‘‘အနာပတ္တိ, ဘိက္ခု, နမောစနာဓိပ္ပါယဿာ’’တိ။</p>
<p class=""bodytext"">တေန ခေါ ပန သမယေန အညတရဿ ဘိက္ခုနော မောစနာဓိပ္ပါယဿ ဥဒကေ ဓာဝန္တဿ အသုစိ မုစ္စိ…ပေ… အသုစိ န မုစ္စိ။ တဿ ကုက္ကုစ္စံ အဟောသိ…ပေ… ‘‘အနာပတ္တိ, ဘိက္ခု, သံဃာဒိသေသဿ၊ အာပတ္တိ ထုလ္လစ္စယဿာ’’တိ။</p>
<p class=""bodytext"">တေန ခေါ ပန သမယေန အညတရဿ ဘိက္ခုနော ပုပ္ဖါဝလိယံ <span class=""note"">[ပုပ္ဖါဝဠိယံ (သျာ။ က။)]</span> ကီဠန္တဿ <a name=""T1.0249""></a> အသုစိ မုစ္စိ။ တဿ ကုက္ကုစ္စံ အဟောသိ…ပေ… ‘‘အနာပတ္တိ, ဘိက္ခု, နမောစနာဓိပ္ပါယဿာ’’တိ။</p>
<p class=""bodytext"">တေန ခေါ ပန သမယေန အညတရဿ ဘိက္ခုနော မောစနာဓိပ္ပါယဿ ပုပ္ဖါဝလိယံ ကီဠန္တဿ အသုစိ မုစ္စိ…ပေ… အသုစိ န မုစ္စိ။ တဿ ကုက္ကုစ္စံ အဟောသိ…ပေ… ‘‘အနာပတ္တိ, ဘိက္ခု, သံဃာဒိသေသဿ၊ အာပတ္တိ ထုလ္လစ္စယဿာ’’တိ။</p>
",
171,mula_vi_01,171,"<p class=""bodytext""><a name=""para268""></a><a name=""para268_vin1""></a><span class=""paranum"">၂၆၈</span>။ တေန <a name=""M0.0171""></a> ခေါ ပန သမယေန အညတရဿ ဘိက္ခုနော ပေါက္ခရဝနေ ဓာဝန္တဿ အသုစိ မုစ္စိ။ တဿ ကုက္ကုစ္စံ အဟောသိ…ပေ… ‘‘အနာပတ္တိ, ဘိက္ခု, နမောစနာဓိပ္ပါယဿာ’’တိ။</p>
<p class=""bodytext"">တေန ခေါ ပန သမယေန အညတရဿ ဘိက္ခုနော မောစနာဓိပ္ပါယဿ ပေါက္ခရဝနေ ဓာဝန္တဿ အသုစိ မုစ္စိ…ပေ… အသုစိ န မုစ္စိ။ တဿ ကုက္ကုစ္စံ အဟောသိ…ပေ… ‘‘အနာပတ္တိ, ဘိက္ခု, သံဃာဒိသေသဿ၊ အာပတ္တိ ထုလ္လစ္စယဿာ’’တိ။</p>
<p class=""bodytext"">တေန ခေါ ပန သမယေန အညတရဿ ဘိက္ခုနော မောစနာဓိပ္ပါယဿ ဝါလိကံ အင်္ဂဇာတံ ပဝေသေန္တဿ အသုစိ မုစ္စိ…ပေ… အသုစိ န မုစ္စိ။ တဿ ကုက္ကုစ္စံ အဟောသိ…ပေ… ‘‘အနာပတ္တိ, ဘိက္ခု, သံဃာဒိသေသဿ၊ အာပတ္တိ ထုလ္လစ္စယဿာ’’တိ။</p>
<p class=""bodytext"">တေန ခေါ ပန သမယေန အညတရဿ ဘိက္ခုနော မောစနာဓိပ္ပါယဿ ကဒ္ဒမံ အင်္ဂဇာတံ ပဝေသေန္တဿ အသုစိ မုစ္စိ…ပေ… အသုစိ န မုစ္စိ<a name=""P3.0119""></a>။ တဿ ကုက္ကုစ္စံ အဟောသိ…ပေ… ‘‘အနာပတ္တိ, ဘိက္ခု, သံဃာဒိသေသဿ၊ အာပတ္တိ ထုလ္လစ္စယဿာ’’တိ။</p>
<p class=""bodytext"">တေန <a name=""V0.0171""></a> ခေါ ပန သမယေန အညတရဿ ဘိက္ခုနော ဥဒကေန အင်္ဂဇာတံ <a name=""T1.0250""></a> ဩသိဉ္စန္တဿ အသုစိ မုစ္စိ။ တဿ ကုက္ကုစ္စံ အဟောသိ…ပေ… ‘‘အနာပတ္တိ, ဘိက္ခု, နမောစနာဓိပ္ပါယဿာ’’တိ။</p>
<p class=""bodytext"">တေန ခေါ ပန သမယေန အညတရဿ ဘိက္ခုနော မောစနာဓိပ္ပါယဿ ဥဒကေန အင်္ဂဇာတံ ဩသိဉ္စန္တဿ အသုစိ မုစ္စိ…ပေ… အသုစိ န မုစ္စိ။ တဿ ကုက္ကုစ္စံ အဟောသိ…ပေ… ‘‘အနာပတ္တိ, ဘိက္ခု, သံဃာဒိသေသဿ၊ အာပတ္တိ ထုလ္လစ္စယဿာ’’တိ။</p>
<p class=""bodytext"">တေန ခေါ ပန သမယေန အညတရဿ ဘိက္ခုနော မောစနာဓိပ္ပါယဿ သယနေ အင်္ဂဇာတံ ဃဋ္ဋေန္တဿ အသုစိ မုစ္စိ…ပေ… အသုစိ န မုစ္စိ။ တဿ ကုက္ကုစ္စံ အဟောသိ…ပေ… ‘‘အနာပတ္တိ, ဘိက္ခု, သံဃာဒိသေသဿ၊ အာပတ္တိ ထုလ္လစ္စယဿာ’’တိ။</p>
<p class=""bodytext"">တေန ခေါ ပန သမယေန အညတရဿ ဘိက္ခုနော မောစနာဓိပ္ပါယဿ အင်္ဂုဋ္ဌေန အင်္ဂဇာတံ ဃဋ္ဋေန္တဿ အသုစိ မုစ္စိ…ပေ… အသုစိ န မုစ္စိ။ တဿ ကုက္ကုစ္စံ</p>
",-268-
172,mula_vi_01,172,"<p class=""noindentbodytext""> အဟောသိ<a name=""M0.0172""></a> – ‘‘ဘဂဝတာ သိက္ခာပဒံ ပညတ္တံ, ကစ္စိ နု ခေါ အဟံ သံဃာဒိသေသံ အာပတ္တိံ အာပန္နော’’တိ? ဘဂဝတော ဧတမတ္ထံ အာရောစေသိ။ ‘‘အနာပတ္တိ, ဘိက္ခု, သံဃာဒိသေသဿ၊ အာပတ္တိ ထုလ္လစ္စယဿာ’’တိ။</p>
<p class=""centered"">သုက္ကဝိဿဋ္ဌိသိက္ခာပဒံ နိဋ္ဌိတံ ပဌမံ။</p>
<p class=""title"">၂။ ကာယသံသဂ္ဂသိက္ခာပဒံ</p>
<p class=""bodytext""><a name=""para269""></a><a name=""para269_vin1""></a><span class=""paranum"">၂၆၉</span>။ တေန <a name=""T1.0251""></a> သမယေန ဗုဒ္ဓေါ ဘဂဝါ သာဝတ္ထိယံ ဝိဟရတိ ဇေတဝနေ အနာထပိဏ္ဍိကဿ အာရာမေ။ တေန ခေါ ပန သမယေန အာယသ္မာ ဥဒါယီ အရညေ ဝိဟရတိ။ တဿာယသ္မတော ဝိဟာရော အဘိရူပေါ ဟောတိ ဒဿနီယော ပါသာဒိကော, မဇ္ဈေဂဗ္ဘော, သမန္တာပရိယာဂါရော, သုပညတ္တံ မဉ္စပီဌံ ဘိသိဗိမ္ဗောဟနံ, ပါနီယံ ပရိဘောဇနီယံ သုပဋ္ဌိတံ, ပရိဝေဏံ သုသမ္မဋ္ဌံ။ ဗဟူ မနုဿာ အာယသ္မတော ဥဒါယိဿ ဝိဟာရပေက္ခကာ အာဂစ္ဆန္တိ။ အညတရောပိ ဗြာဟ္မဏော သပဇာပတိကော ယေနာယသ္မာ ဥဒါယီ တေနုပသင်္ကမိ၊ ဥပသင်္ကမိတွာ အာယသ္မန္တံ ဥဒါယိံ ဧတဒဝေါစ – ‘‘ဣစ္ဆာမ မယံ ဘောတော ဥဒါယိဿ <a name=""V0.0172""></a> ဝိဟာရံ ပေက္ခိတု’’န္တိ။ ‘‘တေန ဟိ, ဗြာဟ္မဏ, ပေက္ခဿူ’’တိ, အဝါပုရဏံ <span class=""note"">[အပါပုရဏံ (သျာ။)]</span> အာဒါယ ဃဋိကံ ဥဂ္ဃါဋေတွာ ကဝါဋံ ပဏာမေတွာ ဝိဟာရံ ပါဝိသိ။ သောပိ ခေါ ဗြာဟ္မဏော အာယသ္မတော ဥဒါယိဿ ပိဋ္ဌိတော ပါဝိသိ။ သာပိ ခေါ ဗြာဟ္မဏီ တဿ ဗြာဟ္မဏဿ ပိဋ္ဌိတော ပါဝိသိ။ အထ ခေါ အာယသ္မာ ဥဒါယီ ဧကစ္စေ ဝါတပါနေ ဝိဝရန္တော ဧကစ္စေ ဝါတပါနေ ထကေန္တော ဂဗ္ဘံ အနုပရိဂန္တွာ ပိဋ္ဌိတော အာဂန္တွာ တဿာ ဗြာဟ္မဏိယာ အင်္ဂမင်္ဂါနိ ပရာမသိ။ အထ ခေါ သော ဗြာဟ္မဏော အာယသ္မတာ ဥဒါယိနာ သဒ္ဓိံ ပဋိသမ္မောဒိတွာ အဂမာသိ။ အထ ခေါ သော ဗြာဟ္မဏော အတ္တမနော အတ္တမနဝါစံ နိစ္ဆာရေသိ – ‘‘ဥဠာရာ ဣမေ သမဏာ သကျပုတ္တိယာ ယေ ဣမေ <a name=""T1.0252""></a> ဧဝရူပေ အရညေ ဝိဟရန္တိ။ ဘဝမ္ပိ ဥဒါယီ ဥဠာရော ယော ဧဝရူပေ အရညေ ဝိဟရတီ’’တိ။</p>
<p class=""bodytext"">ဧဝံ ဝုတ္တေ သာ ဗြာဟ္မဏီ တံ ဗြာဟ္မဏံ ဧတဒဝေါစ <a name=""P3.0120""></a> – ‘‘ကုတော တဿ ဥဠာရတ္တတာ! ယထေဝ မေ တွံ အင်္ဂမင်္ဂါနိ ပရာမသိ ဧဝမေဝ မေ သမဏော ဥဒါယီ အင်္ဂမင်္ဂါနိ ပရာမသီ’’တိ။ အထ ခေါ သော ဗြာဟ္မဏော ဥဇ္ဈာယတိ ခိယျတိ ဝိပါစေတိ – ‘‘အလဇ္ဇိနော ဣမေ သမဏာ သကျပုတ္တိယာ ဒုဿီလာ မုသာဝါဒိနော။ ဣမေ ဟိ နာမ ဓမ္မစာရိနော သမစာရိနော ဗြဟ္မစာရိနော</p>
",-269-
173,mula_vi_01,173,"<p class=""noindentbodytext""> သစ္စဝါဒိနော<a name=""M0.0173""></a> သီလဝန္တော ကလျာဏဓမ္မာ ပဋိဇာနိဿန္တိ! နတ္ထိ ဣမေသံ သာမညံ နတ္ထိ ဣမေသံ ဗြဟ္မညံ, နဋ္ဌံ ဣမေသံ သာမညံ နဋ္ဌံ ဣမေသံ ဗြဟ္မညံ, ကုတော ဣမေသံ သာမညံ ကုတော ဣမေသံ ဗြဟ္မညံ, အပဂတာ ဣမေ သာမညာ အပဂတာ ဣမေ ဗြဟ္မညာ။ ကထဉှိ နာမ သမဏော ဥဒါယီ မမ ဘရိယာယ အင်္ဂမင်္ဂါနိ ပရာမသိဿတိ! န ဟိ သက္ကာ ကုလိတ္ထီဟိ ကုလဓီတာဟိ ကုလကုမာရီဟိ ကုလသုဏှာဟိ ကုလဒါသီဟိ အာရာမံ ဝါ ဝိဟာရံ ဝါ ဂန္တုံ။ သစေ <span class=""note"">[သစေ ဟိ (သျာ။)]</span> ကုလိတ္ထိယော ကုလဓီတရော <span class=""note"">[ကုလဓီတာယော (သီ။ သျာ။)]</span> ကုလကုမာရိယော ကုလသုဏှာယော ကုလဒါသိယော အာရာမံ ဝါ ဝိဟာရံ ဝါ ဂစ္ဆေယျုံ, တာပိ သမဏာ သကျပုတ္တိယာ ဒူသေယျု’’န္တိ!</p>
<p class=""bodytext"">အဿောသုံ ခေါ ဘိက္ခု တဿ ဗြာဟ္မဏဿ ဥဇ္ဈာယန္တဿ ခိယျန္တဿ ဝိပါစေန္တဿ။ ယေ တေ ဘိက္ခူ အပ္ပိစ္ဆာ…ပေ… တေ ဥဇ္ဈာယန္တိ ခိယျန္တိ ဝိပါစေန္တိ – ‘‘ကထဉှိ နာမ အာယသ္မာ ဥဒါယီ မာတုဂါမေန သဒ္ဓိံ ကာယသံသဂ္ဂံ သမာပဇ္ဇိဿတီ’’တိ! အထ ခေါ တေ ဘိက္ခူ အာယသ္မန္တံ ဥဒါယိံ အနေကပရိယာယေန ဝိဂရဟိတွာ ဘဂဝတော ဧတမတ္ထံ အာရောစေသုံ။ အထ ခေါ ဘဂဝါ ဧတသ္မိံ နိဒါနေ ဧတသ္မိံ <a name=""T1.0253""></a> ပကရဏေ ဘိက္ခုသံဃံ သန္နိပါတာပေတွာ အာယသ္မန္တံ ဥဒါယိံ ပဋိပုစ္ဆိ – ‘‘သစ္စံ ကိရ တွံ, ဥဒါယိ, မာတုဂါမေန သဒ္ဓိံ ကာယသံသဂ္ဂံ သမာပဇ္ဇသီ’’တိ? ‘‘သစ္စံ, ဘဂဝါ’’တိ။ ဝိဂရဟိ ဗုဒ္ဓေါ ဘဂဝါ – ‘‘အနနုစ္ဆဝိကံ, မောဃပုရိသ, အနနုလောမိကံ အပ္ပတိရူပံ အဿာမဏကံ အကပ္ပိယံ အကရဏီယံ။ ကထဉှိ နာမ တွံ, မောဃပုရိသ, မာတုဂါမေန သဒ္ဓိံ <a name=""V0.0173""></a> ကာယသံသဂ္ဂံ သမာပဇ္ဇိဿသိ! နနု မယာ, မောဃပုရိသ, အနေကပရိယာယေန ဝိရာဂါယ ဓမ္မော ဒေသိတော နော သရာဂါယ…ပေ… ကာမပရိဠာဟာနံ ဝူပသမော အက္ခာတော။ နေတံ, မောဃပုရိသ, အပ္ပသန္နာနံ ဝါ ပသာဒါယ…ပေ… ဧဝဉ္စ ပန, ဘိက္ခဝေ, ဣမံ သိက္ခာပဒံ ဥဒ္ဒိသေယျာထ –</p>
<p class=""bodytext""><a name=""para270""></a><a name=""para270_vin1""></a><span class=""paranum"">၂၇၀</span>။ <span class=""bld"">‘‘ယော ပန ဘိက္ခု ဩတိဏ္ဏော ဝိပရိဏတေန စိတ္တေန မာတုဂါမေန သဒ္ဓိံ ကာယသံသဂ္ဂံ သမာပဇ္ဇေယျ ဟတ္ထဂ္ဂါဟံ ဝါ ဝေဏိဂ္ဂါဟံ ဝါ အညတရဿ ဝါ အညတရဿ ဝါ အင်္ဂဿ ပရာမသနံ, သံဃာဒိသေသော’’တိ</span>။</p>
<p class=""bodytext""><a name=""para271""></a><a name=""para271_vin1""></a><span class=""paranum"">၂၇၁</span>။ <span class=""bld"">ယော ပနာ</span>တိ ယော ယာဒိသော…ပေ… <span class=""bld"">ဘိက္ခူ</span>တိ…ပေ… အယံ ဣမသ္မိံ အတ္ထေ အဓိပ္ပေတော ""ဘိက္ခူ""တိ။</p>
",-270-271-
174,mula_vi_01,174,"<p class=""bodytext""><span class=""bld"">ဩတိဏ္ဏော</span> <a name=""P3.0121""></a><a name=""M0.0174""></a> နာမ သာရတ္တော အပေက္ခဝါ ပဋိဗဒ္ဓစိတ္တော။</p>
<p class=""bodytext""><span class=""bld"">ဝိပရိဏတ</span>န္တိ ရတ္တမ္ပိ စိတ္တံ ဝိပရိဏတံ။ ဒုဋ္ဌမ္ပိ စိတ္တံ ဝိပရိဏတံ။ မူဠှမ္ပိ စိတ္တံ ဝိပရိဏတံ။ အပိစ, ရတ္တံ စိတ္တံ ဣမသ္မိံ အတ္ထေ အဓိပ္ပေတံ ဝိပရိဏတန္တိ။</p>
<p class=""bodytext""><span class=""bld"">မာတုဂါမော</span> နာမ မနုဿိတ္ထီ, န ယက္ခီ န ပေတီ, န တိရစ္ဆာနဂတာ။ အန္တမသော တဒဟုဇာတာပိ ဒါရိကာ, ပဂေဝ မဟတ္တရီ။</p>
<p class=""bodytext""><span class=""bld"">သဒ္ဓိ</span>န္တိ ဧကတော။</p>
<p class=""bodytext""><span class=""bld"">ကာယသံသဂ္ဂံ</span> <a name=""T1.0254""></a> <span class=""bld"">သမာပဇ္ဇေယျာ</span>တိ အဇ္ဈာစာရော ဝုစ္စတိ။</p>
<p class=""bodytext""><span class=""bld"">ဟတ္ထော</span> နာမ ကပ္ပရံ ဥပါဒါယံ ယာဝ အဂ္ဂနခါ။</p>
<p class=""bodytext""><span class=""bld"">ဝေဏီ</span> နာမ သုဒ္ဓကေသာ ဝါ, သုတ္တမိဿာ ဝါ, မာလာမိဿာ ဝါ, ဟိရညမိဿာ ဝါ, သုဝဏ္ဏမိဿာ ဝါ, မုတ္တာမိဿာ ဝါ, မဏိမိဿာ ဝါ။</p>
<p class=""bodytext""><span class=""bld"">အင်္ဂံ</span> နာမ ဟတ္ထဉ္စ ဝေဏိဉ္စ ဌပေတွာ အဝသေသံ အင်္ဂံ နာမ။</p>
<p class=""bodytext""><a name=""para272""></a><a name=""para272_vin1""></a><span class=""paranum"">၂၇၂</span>။ အာမသနာ<a name=""V0.0174""></a>, ပရာမသနာ, ဩမသနာ, ဥမ္မသနာ, ဩလင်္ဃနာ, ဥလ္လင်္ဃနာ, အာကဍ္ဎနာ, ပတိကဍ္ဎနာ, အဘိနိဂ္ဂဏှနာ, အဘိနိပ္ပီဠနာ, ဂဟဏံ, ဆုပနံ။</p>
<p class=""bodytext""><span class=""bld"">အာမသနာ</span> နာမ အာမဋ္ဌမတ္တာ။</p>
<p class=""bodytext""><span class=""bld"">ပရာမသနာ</span> နာမ ဣတောစိတော စ သံစောပနာ။</p>
<p class=""bodytext""><span class=""bld"">ဩမသနာ</span> နာမ ဟေဋ္ဌာ ဩရောပနာ။</p>
<p class=""bodytext""><span class=""bld"">ဥမ္မသနာ</span> နာမ ဥဒ္ဓံ ဥစ္စာရဏာ။</p>
<p class=""bodytext""><span class=""bld"">ဩလင်္ဃနာ</span> နာမ ဟေဋ္ဌာ ဩနမနာ။</p>
<p class=""bodytext""><span class=""bld"">ဥလ္လင်္ဃနာ</span> နာမ ဥဒ္ဓံ ဥစ္စာရဏာ။</p>
<p class=""bodytext""><span class=""bld"">အာကဍ္ဎနာ</span> နာမ အာဝိဉ္ဆနာ <span class=""note"">[အာဝိဉ္ဇနာ (သီ။ သျာ။)]</span>။</p>
<p class=""bodytext""><span class=""bld"">ပတိကဍ္ဎနာ</span> နာမ ပတိပ္ပဏာမနာ။</p>
<p class=""bodytext""><span class=""bld"">အဘိနိဂ္ဂဏှနာ</span> နာမ အင်္ဂံ ဂဟေတွာ နိပ္ပီဠနာ။</p>
<p class=""bodytext""><span class=""bld"">အဘိနိပ္ပီဠနာ</span> နာမ ကေနစိ သဟ နိပ္ပီဠနာ။</p>
<p class=""bodytext""><span class=""bld"">ဂဟဏံ</span> နာမ ဂဟိတမတ္တံ။</p>
<p class=""bodytext""><span class=""bld"">ဆုပနံ</span> နာမ ဖုဋ္ဌမတ္တံ။</p>
<p class=""bodytext""><span class=""bld"">သံဃာဒိသေသော</span>တိ…ပေ… တေနပိ ဝုစ္စတိ ""သံဃာဒိသေသော""တိ။</p>
",-272-
175,mula_vi_01,175,"<p class=""bodytext""><a name=""para273""></a><a name=""para273_vin1""></a><span class=""paranum"">၂၇၃</span>။ ဣတ္ထီ <a name=""M0.0175""></a><a name=""V0.0175""></a> စ ဟောတိ ဣတ္ထိသညီ သာရတ္တော စ ဘိက္ခု စ။ နံ ဣတ္ထိယာ ကာယေန ကာယံ အာမသတိ ပရာမသတိ ဩမသတိ ဥမ္မသတိ ဩလင်္ဃေတိ ဥလ္လင်္ဃေတိ <a name=""T1.0255""></a> အာကဍ္ဎတိ ပတိကဍ္ဎတိ အဘိနိဂ္ဂဏှာတိ အဘိနိပ္ပီဠေတိ ဂဏှာတိ ဆုပတိ, အာပတ္တိ သံဃာဒိသေသဿ။</p>
<p class=""bodytext"">ဣတ္ထီ စ ဟောတိ ဝေမတိကော သာရတ္တော စ။ ဘိက္ခု စ နံ ဣတ္ထိယာ ကာယေန ကာယံ အာမသတိ ပရာမသတိ…ပေ… ဂဏှာတိ ဆုပတိ, အာပတ္တိ ထုလ္လစ္စယဿ။</p>
<p class=""bodytext"">ဣတ္ထီ စ ဟောတိ ပဏ္ဍကသညီ သာရတ္တော စ။ ဘိက္ခု စ နံ ဣတ္ထိယာ ကာယေန ကာယံ အာမသတိ ပရာမသတိ…ပေ… ဂဏှာတိ ဆုပတိ, အာပတ္တိ ထုလ္လစ္စယဿ။</p>
<p class=""bodytext"">ဣတ္ထီ စ ဟောတိ ပုရိသသညီ သာရတ္တော စ။ ဘိက္ခု စ နံ ဣတ္ထိယာ ကာယေန ကာယံ အာမသတိ ပရာမသတိ…ပေ… ဂဏှာတိ ဆုပတိ, အာပတ္တိ ထုလ္လစ္စယဿ။</p>
<p class=""bodytext"">ဣတ္ထီ စ ဟောတိ တိရစ္ဆာနဂတသညီ သာရတ္တော စ။ ဘိက္ခု စ နံ ဣတ္ထိယာ ကာယေန ကာယံ အာမသတိ ပရာမသတိ…ပေ… ဂဏှာတိ ဆုပတိ, အာပတ္တိ ထုလ္လစ္စယဿ။</p>
<p class=""bodytext"">ပဏ္ဍကော စ ဟောတိ ပဏ္ဍကသညီ သာရတ္တော စ။ ဘိက္ခု စ နံ ပဏ္ဍကဿ <a name=""P3.0122""></a> ကာယေန ကာယံ အာမသတိ ပရာမသတိ…ပေ… ဂဏှာတိ ဆုပတိ, အာပတ္တိ ထုလ္လစ္စယဿ။</p>
<p class=""bodytext"">ပဏ္ဍကော စ ဟောတိ ဝေမတိကော သာရတ္တော စ။ ဘိက္ခု စ နံ ပဏ္ဍကဿ ကာယေန ကာယံ အာမသတိ ပရာမသတိ…ပေ… ဂဏှာတိ ဆုပတိ, အာပတ္တိ ဒုက္ကဋဿ။</p>
<p class=""bodytext"">ပဏ္ဍကော စ ဟောတိ ပုရိသသညီ သာရတ္တော စ။ ဘိက္ခု စ နံ ပဏ္ဍကဿ ကာယေန ကာယံ အာမသတိ ပရာမသတိ…ပေ… ဂဏှာတိ ဆုပတိ, အာပတ္တိ ဒုက္ကဋဿ။</p>
<p class=""bodytext"">ပဏ္ဍကော စ ဟောတိ တိရစ္ဆာနဂတသညီ သာရတ္တော စ။ ဘိက္ခု စ နံ ပဏ္ဍကဿ ကာယေန ကာယံ အာမသတိ ပရာမသတိ…ပေ… ဂဏှာတိ ဆုပတိ<a name=""T1.0256""></a>, အာပတ္တိ ဒုက္ကဋဿ။</p>
",-273-
176,mula_vi_01,176,"<p class=""bodytext"">ပဏ္ဍကော <a name=""M0.0176""></a><a name=""V0.0176""></a> စ ဟောတိ ဣတ္ထိသညီ သာရတ္တော စ။ ဘိက္ခု စ နံ ပဏ္ဍကဿ ကာယေန ကာယံ အာမသတိ ပရာမသတိ…ပေ… ဂဏှာတိ ဆုပတိ, အာပတ္တိ ဒုက္ကဋဿ။</p>
<p class=""bodytext"">ပုရိသော စ ဟောတိ ပုရိသသညီ သာရတ္တော စ။ ဘိက္ခု စ နံ ပုရိသဿ ကာယေန ကာယံ အာမသတိ ပရာမသတိ…ပေ… ဂဏှာတိ ဆုပတိ, အာပတ္တိ ဒုက္ကဋဿ။</p>
<p class=""bodytext"">ပုရိသော စ ဟောတိ ဝေမတိကော…ပေ… ပုရိသော စ ဟောတိ တိရစ္ဆာနဂတသညီ… ပုရိသော စ ဟောတိ ဣတ္ထိသညီ… ပုရိသော စ ဟောတိ ပဏ္ဍကသညီ သာရတ္တော စ။ ဘိက္ခု စ နံ ပုရိသဿ ကာယေန ကာယံ အာမသတိ ပရာမသတိ…ပေ… ဂဏှာတိ ဆုပတိ, အာပတ္တိ ဒုက္ကဋဿ။</p>
<p class=""bodytext"">တိရစ္ဆာနဂတော စ ဟောတိ တိရစ္ဆာနဂတသညီ သာရတ္တော <a name=""T1.0257""></a> စ။ ဘိက္ခု စ နံ တိရစ္ဆာနဂတဿ ကာယေန ကာယံ အာမသတိ ပရာမသတိ…ပေ… ဂဏှာတိ ဆုပတိ, အာပတ္တိ ဒုက္ကဋဿ။</p>
<p class=""bodytext"">တိရစ္ဆာနဂတော စ ဟောတိ ဝေမတိကော…ပေ… တိရစ္ဆာနဂတော စ ဟောတိ ဣတ္ထိသညီ… တိရစ္ဆာနဂတော စ ဟောတိ ပဏ္ဍကသညီ… တိရစ္ဆာနဂတော စ ဟောတိ။ ပုရိသသညီ သာရတ္တော စ။ ဘိက္ခု စ နံ တိရစ္ဆာနဂတဿ ကာယေန ကာယံ အာမသတိ ပရာမသတိ…ပေ… ဂဏှာတိ ဆုပတိ, အာပတ္တိ ဒုက္ကဋဿ။</p>
<p class=""centered"">ဧကမူလကံ နိဋ္ဌိတံ။</p>
<p class=""bodytext""><a name=""para274""></a><a name=""para274_vin1""></a><span class=""paranum"">၂၇၄</span>။ ဒွေ ဣတ္ထိယော ဒွိန္နံ ဣတ္ထီနံ ဣတ္ထိသညီ သာရတ္တော စ။ ဘိက္ခု စ နံ ဒွိန္နံ ဣတ္ထီနံ ကာယေန ကာယံ အာမသတိ ပရာမသတိ…ပေ… ဂဏှာတိ ဆုပတိ, အာပတ္တိ ဒွိန္နံ သံဃာဒိသေသာနံ။</p>
<p class=""bodytext"">ဒွေ ဣတ္ထိယော ဒွိန္နံ ဣတ္ထီနံ ဝေမတိကော သာရတ္တော စ။ ဘိက္ခု စ နံ ဒွိန္နံ ဣတ္ထီနံ ကာယေန ကာယံ အာမသတိ ပရာမသတိ…ပေ… ဂဏှာတိ ဆုပတိ, အာပတ္တိ ဒွိန္နံ ထုလ္လစ္စယာနံ။</p>
<p class=""bodytext"">ဒွေ ဣတ္ထိယော ဒွိန္နံ ဣတ္ထီနံ ပဏ္ဍကသညီ…ပေ… ပုရိသသညီ… တိရစ္ဆာနဂတသညီ သာရတ္တော <a name=""V0.0177""></a> စ။ ဘိက္ခု စ ဒွိန္နံ ဣတ္ထီနံ ကာယေန ကာယံ အာမသတိ ပရာမသတိ…ပေ… ဂဏှာတိ <a name=""T1.0258""></a> ဆုပတိ, အာပတ္တိ ဒွိန္နံ ထုလ္လစ္စယာနံ။</p>
",-274-
177,mula_vi_01,177,"<p class=""bodytext"">ဒွေ <a name=""M0.0177""></a> ပဏ္ဍကာ ဒွိန္နံ ပဏ္ဍကာနံ ပဏ္ဍကသညီ သာရတ္တော စ ဘိက္ခု စ နံ ဒွိန္နံ ပဏ္ဍကာနံ ကာယေန ကာယံ အာမသတိ ပရာမသတိ…ပေ… ဂဏှာတိ ဆုပတိ, အာပတ္တိ ဒွိန္နံ ထုလ္လစ္စယာနံ။</p>
<p class=""bodytext"">ဒွေ ပဏ္ဍကာ ဒွိန္နံ ပဏ္ဍကာနံ ဝေမတိကော…ပေ… ပုရိသသညီ… တိရစ္ဆာနဂတသညီ… ဣတ္ထိသညီ သာရတ္တော စ။ ဘိက္ခု စ နံ ဒွိန္နံ ပဏ္ဍကာနံ ကာယေန ကာယံ အာမသတိ ပရာမသတိ…ပေ… ဂဏှာတိ ဆုပတိ, အာပတ္တိ ဒွိန္နံ ဒုက္ကဋာနံ။</p>
<p class=""bodytext"">ဒွေ ပုရိသာ ဒွိန္နံ ပုရိသာနံ ပုရိသသညီ သာရတ္တော စ ဘိက္ခု စ နံ ဒွိန္နံ ပုရိသာနံ ကာယေန ကာယံ အာမသတိ ပရာမသတိ…ပေ… ဂဏှာတိ ဆုပတိ, အာပတ္တိ ဒွိန္နံ ဒုက္ကဋာနံ။</p>
<p class=""bodytext"">ဒွေ ပုရိသာ ဒွိန္နံ ပုရိသာနံ ဝေမတိကော…ပေ… တိရစ္ဆာနဂတသညီ… ဣတ္ထိသညီ… ပဏ္ဍကသညီ သာရတ္တော စ။ ဘိက္ခု စ နံ ဒွိန္နံ ပုရိသာနံ ကာယေန ကာယံ အာမသတိ ပရာမသတိ…ပေ… ဂဏှာတိ ဆုပတိ, အာပတ္တိ ဒွိန္နံ ဒုက္ကဋာနံ။</p>
<p class=""bodytext"">ဒွေ တိရစ္ဆာနဂတာ ဒွိန္နံ တိရစ္ဆာနဂတာနံ တိရစ္ဆာနဂတသညီ သာရတ္တော စ။ ဘိက္ခု စ နံ ဒွိန္နံ တိရစ္ဆာနဂတာနံ ကာယေန ကာယံ အာမသတိ ပရာမသတိ…ပေ… ဂဏှာတိ ဆုပတိ, အာပတ္တိ ဒွိန္နံ ဒုက္ကဋာနံ။</p>
<p class=""bodytext"">ဒွေ တိရစ္ဆာနဂတာ ဒွိန္နံ တိရစ္ဆာနဂတာနံ ဝေမတိကော…ပေ… ဣတ္ထိသညီ… ပဏ္ဍကသညီ <a name=""T1.0259""></a>… ပုရိသသညီ သာရတ္တော စ။ ဘိက္ခု စ နံ ဒွိန္နံ တိရစ္ဆာနဂတာနံ ကာယေန ကာယံ အာမသတိ ပရာမသတိ…ပေ… ဂဏှာတိ ဆုပတိ, အာပတ္တိ ဒွိန္နံ ဒုက္ကဋာနံ။</p>
<p class=""bodytext""><a name=""para275""></a><a name=""para275_vin1""></a><span class=""paranum"">၂၇၅</span>။ ဣတ္ထီ စ ပဏ္ဍကော စ ဥဘိန္နံ ဣတ္ထိသညီ သာရတ္တော စ။ ဘိက္ခု <a name=""P3.0123""></a> စ နံ ဥဘိန္နံ ကာယေန ကာယံ အာမသတိ ပရာမသတိ…ပေ… ဂဏှာတိ ဆုပတိ, အာပတ္တိ သံဃာဒိသေသေန ဒုက္ကဋဿ။</p>
<p class=""bodytext"">ဣတ္ထီ <a name=""V0.0178""></a> စ ပဏ္ဍကော စ ဥဘိန္နံ ဝေမတိကော သာရတ္တော စ။ ဘိက္ခု စ နံ ဥဘိန္နံ ကာယေန ကာယံ အာမသတိ ပရာမသတိ…ပေ… ဂဏှာတိ ဆုပတိ, အာပတ္တိ ထုလ္လစ္စယေန ဒုက္ကဋဿ။</p>
<p class=""bodytext"">ဣတ္ထီ စ ပဏ္ဍကော စ ဥဘိန္နံ ပဏ္ဍကသညီ သာရတ္တော စ။ ဘိက္ခု စ နံ ဥဘိန္နံ ကာယေန ကာယံ အာမသတိ ပရာမသတိ…ပေ… ဂဏှာတိ ဆုပတိ, အာပတ္တိ ဒွိန္နံ ထုလ္လစ္စယာနံ။</p>
",-275-
178,mula_vi_01,178,"<p class=""bodytext"">ဣတ္ထီ <a name=""M0.0178""></a> စ ပဏ္ဍကော စ ဥဘိန္နံ ပုရိသသညီ သာရတ္တော စ။ ဘိက္ခု စ နံ ဥဘိန္နံ ကာယေန ကာယံ အာမသတိ ပရာမသတိ…ပေ… ဂဏှာတိ ဆုပတိ, အာပတ္တိ ထုလ္လစ္စယေန ဒုက္ကဋဿ။</p>
<p class=""bodytext"">ဣတ္ထီ စ ပဏ္ဍကော စ ဥဘိန္နံ တိရစ္ဆာနဂတသညီ သာရတ္တော စ။ ဘိက္ခု စ နံ ဥဘိန္နံ ကာယေန ကာယံ အာမသတိ ပရာမသတိ…ပေ… ဂဏှာတိ ဆုပတိ, အာပတ္တိ ထုလ္လစ္စယေန ဒုက္ကဋဿ။</p>
<p class=""bodytext"">ဣတ္ထီ စ ပုရိသော စ ဥဘိန္နံ ဣတ္ထိသညီ သာရတ္တော စ။ ဘိက္ခု စ နံ ဥဘိန္နံ ကာယေန ကာယံ အာမသတိ ပရာမသတိ…ပေ… ဂဏှာတိ ဆုပတိ, အာပတ္တိ သံဃာဒိသေသေန ဒုက္ကဋဿ။</p>
<p class=""bodytext"">ဣတ္ထီ <a name=""T1.0260""></a> စ ပုရိသော စ ဥဘိန္နံ ဝေမတိကော…ပေ… ပဏ္ဍကသညီ… ပုရိသသညီ… တိရစ္ဆာနဂတသညီ သာရတ္တော စ။ ဘိက္ခု စ နံ ဥဘိန္နံ ကာယေန ကာယံ အာမသတိ ပရာမသတိ…ပေ… ဂဏှာတိ ဆုပတိ, အာပတ္တိ ထုလ္လစ္စယေန ဒုက္ကဋဿ။</p>
<p class=""bodytext"">ဣတ္ထီ စ တိရစ္ဆာနဂတော စ ဥဘိန္နံ ဣတ္ထိသညီ သာရတ္တော စ။ ဘိက္ခု စ နံ ဥဘိန္နံ ကာယေန ကာယံ အာမသတိ ပရာမသတိ…ပေ… ဂဏှာတိ ဆုပတိ, အာပတ္တိ သံဃာဒိသေသေန ဒုက္ကဋဿ။</p>
<p class=""bodytext"">ဣတ္ထီ စ တိရစ္ဆာနဂတော စ ဥဘိန္နံ ဝေမတိကော…ပေ… ပဏ္ဍကသညီ… ပုရိသသညီ <a name=""T1.0261""></a>… တိရစ္ဆာနဂတသညီ သာရတ္တော စ။ ဘိက္ခု စ နံ ဥဘိန္နံ ကာယေန ကာယံ အာမသတိ ပရာမသတိ…ပေ… ဂဏှာတိ ဆုပတိ, အာပတ္တိ ထုလ္လစ္စယေန ဒုက္ကဋဿ။</p>
<p class=""bodytext"">ပဏ္ဍကော <a name=""V0.0179""></a> စ ပုရိသော စ ဥဘိန္နံ ပဏ္ဍကသညီ သာရတ္တော စ။ ဘိက္ခု စ နံ ဥဘိန္နံ ကာယေန ကာယံ အာမသတိ ပရာမသတိ…ပေ… ဂဏှာတိ ဆုပတိ, အာပတ္တိ ထုလ္လစ္စယေန ဒုက္ကဋဿ။</p>
<p class=""bodytext"">ပဏ္ဍကော စ ပုရိသော စ ဥဘိန္နံ ဝေမတိကော…ပေ… ပုရိသသညီ… တိရစ္ဆာနဂတသညီ… ဣတ္ထိသညီ သာရတ္တော စ။ ဘိက္ခု စ နံ ဥဘိန္နံ ကာယေန ကာယံ အာမသတိ ပရာမသတိ…ပေ… ဂဏှာတိ ဆုပတိ, အာပတ္တိ ဒွိန္နံ ဒုက္ကဋာနံ။</p>
<p class=""bodytext"">ပဏ္ဍကော စ တိရစ္ဆာနဂတော စ ဥဘိန္နံ ပဏ္ဍကသညီ သာရတ္တော စ။ ဘိက္ခု စ နံ ဥဘိန္နံ ကာယေန ကာယံ အာမသတိ ပရာမသတိ…ပေ… ဂဏှာတိ ဆုပတိ, အာပတ္တိ ထုလ္လစ္စယေန ဒုက္ကဋဿ။</p>
",
179,mula_vi_01,179,"<p class=""bodytext"">ပဏ္ဍကော <a name=""M0.0179""></a> စ တိရစ္ဆာနဂတော စ ဥဘိန္နံ ဝေမတိကော…ပေ… ပုရိသသညီ… တိရစ္ဆာနဂတသညီ… ဣတ္ထိသညီ သာရတ္တော စ။ ဘိက္ခု စ နံ ဥဘိန္နံ ကာယေန ကာယံ အာမသတိ ပရာမသတိ…ပေ… ဂဏှာတိ <a name=""T1.0262""></a> ဆုပတိ, အာပတ္တိ ဒွိန္နံ ဒုက္ကဋာနံ။</p>
<p class=""bodytext"">ပုရိသော စ တိရစ္ဆာနဂတော စ ဥဘိန္နံ ပုရိသသညီ သာရတ္တော စ။ ဘိက္ခု စ နံ ဥဘိန္နံ ကာယေန ကာယံ အာမသတိ ပရာမသတိ…ပေ… ဂဏှာတိ ဆုပတိ, အာပတ္တိ ဒွိန္နံ ဒုက္ကဋာနံ။</p>
<p class=""bodytext"">ပုရိသော စ တိရစ္ဆာနဂတော စ ဥဘိန္နံ ဝေမတိကော…ပေ… တိရစ္ဆာနဂတသညီ… ဣတ္ထိသညီ… ပဏ္ဍကသညီ သာရတ္တော စ။ ဘိက္ခု စ နံ ဥဘိန္နံ ကာယေန ကာယံ အာမသတိ ပရာမသတိ…ပေ… ဂဏှာတိ ဆုပတိ, အာပတ္တိ ဒွိန္နံ ဒုက္ကဋာနံ။</p>
<p class=""centered"">ဒုမူလကံ နိဋ္ဌိတံ။</p>
<p class=""bodytext""><a name=""para276""></a><a name=""para276_vin1""></a><span class=""paranum"">၂၇၆</span>။ ဣတ္ထီ စ ဟောတိ ဣတ္ထိသညီ သာရတ္တော စ။ ဘိက္ခု စ နံ ဣတ္ထိယာ ကာယေန ကာယပဋိဗဒ္ဓံ အာမသတိ ပရာမသတိ…ပေ… ဂဏှာတိ ဆုပတိ, အာပတ္တိ ထုလ္လစ္စယဿ…ပေ…။</p>
<p class=""bodytext"">ဒွေ ဣတ္ထိယော ဒွိန္နံ ဣတ္ထီနံ ဣတ္ထိသညီ သာရတ္တော စ။ ဘိက္ခု စ နံ ဒွိန္နံ ဣတ္ထီနံ ကာယေန ကာယပဋိဗဒ္ဓံ <a name=""V0.0180""></a> အာမသတိ ပရာမသတိ…ပေ… ဂဏှာတိ ဆုပတိ, အာပတ္တိ ဒွိန္နံ ထုလ္လစ္စယာနံ <a name=""P3.0124""></a> …ပေ…။</p>
<p class=""bodytext"">ဣတ္ထီ စ ပဏ္ဍကော စ ဥဘိန္နံ ဣတ္ထိသညီ သာရတ္တော စ။ ဘိက္ခု စ နံ ဥဘိန္နံ ကာယေန ကာယပဋိဗဒ္ဓံ အာမသတိ ပရာမသတိ…ပေ… ဂဏှာတိ ဆုပတိ, အာပတ္တိ <a name=""T1.0263""></a> ထုလ္လစ္စယေန ဒုက္ကဋဿ…ပေ…။</p>
<p class=""bodytext"">ဣတ္ထီ စ ဟောတိ ဣတ္ထိသညီ သာရတ္တော စ။ ဘိက္ခု စ နံ ဣတ္ထိယာ ကာယပဋိဗဒ္ဓေန ကာယံ အာမသတိ ပရာမသတိ…ပေ… ဂဏှာတိ ဆုပတိ, အာပတ္တိ ထုလ္လစ္စယဿ…ပေ…။</p>
<p class=""bodytext"">ဒွေ ဣတ္ထိယော ဒွိန္နံ ဣတ္ထီနံ ဣတ္ထိသညီ သာရတ္တော စ။ ဘိက္ခု စ နံ ဒွိန္နံ ဣတ္ထီနံ ကာယပဋိဗဒ္ဓေန ကာယံ အာမသတိ ပရာမသတိ…ပေ… ဂဏှာတိ ဆုပတိ, အာပတ္တိ ဒွိန္နံ ထုလ္လစ္စယာနံ…ပေ…။</p>
<p class=""bodytext"">ဣတ္ထီ စ ပဏ္ဍကော စ ဥဘိန္နံ ဣတ္ထိသညီ သာရတ္တော စ။ ဘိက္ခု စ နံ ဥဘိန္နံ ကာယပဋိဗဒ္ဓေန ကာယံ အာမသတိ ပရာမသတိ…ပေ… ဂဏှာတိ ဆုပတိ, အာပတ္တိ ထုလ္လစ္စယေန ဒုက္ကဋဿ…ပေ…။</p>
",-276-
180,mula_vi_01,180,"<p class=""bodytext"">ဣတ္ထီ <a name=""M0.0180""></a> စ ဟောတိ ဣတ္ထိသညီ သာရတ္တော စ။ ဘိက္ခု စ နံ ဣတ္ထိယာ ကာယပဋိဗဒ္ဓေန ကာယပဋိဗဒ္ဓံ အာမသတိ ပရာမသတိ…ပေ… ဂဏှာတိ ဆုပတိ, အာပတ္တိ ဒုက္ကဋဿ…ပေ…။</p>
<p class=""bodytext"">ဒွေ ဣတ္ထိယော ဒွိန္နံ ဣတ္ထီနံ ဣတ္ထိသညီ သာရတ္တော စ။ ဘိက္ခု စ နံ ဒွိန္နံ ဣတ္ထီနံ ကာယပဋိဗဒ္ဓေန ကာယပဋိဗဒ္ဓံ အာမသတိ ပရာမသတိ…ပေ… ဂဏှာတိ ဆုပတိ, အာပတ္တိ ဒွိန္နံ ဒုက္ကဋာနံ…ပေ…။</p>
<p class=""bodytext"">ဣတ္ထီ စ ပဏ္ဍကော စ ဥဘိန္နံ ဣတ္ထိသညီ သာရတ္တော စ။ ဘိက္ခု စ နံ ဥဘိန္နံ ကာယပဋိဗဒ္ဓေန ကာယပဋိဗဒ္ဓံ အာမသတိ ပရာမသတိ…ပေ… ဂဏှာတိ ဆုပတိ, အာပတ္တိ ဒွိန္နံ ဒုက္ကဋာနံ…ပေ…။</p>
<p class=""bodytext"">ဣတ္ထီ <a name=""V0.0181""></a> စ ဟောတိ ဣတ္ထိသညီ သာရတ္တော စ။ ဘိက္ခု စ နံ ဣတ္ထိယာ နိဿဂ္ဂိယေန ကာယံ အာမသတိ အာပတ္တိ ဒုက္ကဋဿ…ပေ…။</p>
<p class=""bodytext"">ဒွေ ဣတ္ထိယော ဒွိန္နံ ဣတ္ထီနံ ဣတ္ထိသညီ သာရတ္တော စ။ ဘိက္ခု စ နံ ဒွိန္နံ ဣတ္ထီနံ နိဿဂ္ဂိယေန ကာယံ အာမသတိ, အာပတ္တိ ဒွိန္နံ <a name=""T1.0264""></a> ဒုက္ကဋာနံ…ပေ…။</p>
<p class=""bodytext"">ဣတ္ထီ စ ပဏ္ဍကော စ ဥဘိန္နံ ဣတ္ထိသညီ သာရတ္တော စ။ ဘိက္ခု စ နံ ဥဘိန္နံ နိဿဂ္ဂိယေန ကာယံ အာမသတိ, အာပတ္တိ ဒွိန္နံ ဒုက္ကဋာနံ…ပေ…။</p>
<p class=""bodytext"">ဣတ္ထီ စ ဟောတိ ဣတ္ထိသညီ သာရတ္တော စ။ ဘိက္ခု စ နံ ဣတ္ထိယာ နိဿဂ္ဂိယေန ကာယပဋိဗဒ္ဓံ အာမသတိ, အာပတ္တိ ဒုက္ကဋဿ…ပေ…။</p>
<p class=""bodytext"">ဒွေ ဣတ္ထိယော ဒွိန္နံ ဣတ္ထီနံ ဣတ္ထိသညီ သာရတ္တော စ။ ဘိက္ခု စ နံ ဒွိန္နံ ဣတ္ထီနံ နိဿဂ္ဂိယေန ကာယပဋိဗဒ္ဓံ အာမသတိ, အာပတ္တိ ဒွိန္နံ ဒုက္ကဋာနံ…ပေ…။</p>
<p class=""bodytext"">ဣတ္ထီ စ ပဏ္ဍကော စ ဥဘိန္နံ ဣတ္ထိသညီ သာရတ္တော စ။ ဘိက္ခု စ နံ ဥဘိန္နံ နိဿဂ္ဂိယေန ကာယပဋိဗဒ္ဓံ အာမသတိ, အာပတ္တိ ဒွိန္နံ ဒုက္ကဋာနံ…ပေ…။</p>
<p class=""bodytext"">ဣတ္ထီ စ ဟောတိ ဣတ္ထိသညီ သာရတ္တော စ။ ဘိက္ခု စ နံ ဣတ္ထိယာ နိဿဂ္ဂိယေန နိဿဂ္ဂိယံ အာမသတိ, အာပတ္တိ ဒုက္ကဋဿ…ပေ…။</p>
<p class=""bodytext"">ဒွေ ဣတ္ထိယော ဒွိန္နံ ဣတ္ထီနံ ဣတ္ထိသညီ သာရတ္တော စ။ ဘိက္ခု စ နံ ဒွိန္နံ ဣတ္ထီနံ နိဿဂ္ဂိယေန နိဿဂ္ဂိယံ အာမသတိ, အာပတ္တိ ဒွိန္နံ ဒုက္ကဋာနံ…ပေ…။</p>
<p class=""bodytext"">ဣတ္ထီ စ ပဏ္ဍကော စ ဥဘိန္နံ ဣတ္ထိသညီ သာရတ္တော စ။ ဘိက္ခု စ နံ ဥဘိန္နံ နိဿဂ္ဂိယေန နိဿဂ္ဂိယံ အာမသတိ, အာပတ္တိ ဒွိန္နံ ဒုက္ကဋာနံ…ပေ…။</p>
<p class=""centered"">ဘိက္ခုပေယျာလော နိဋ္ဌိတော။</p>
",
181,mula_vi_01,181,"<p class=""bodytext""><a name=""para277""></a><a name=""para277_vin1""></a><span class=""paranum"">၂၇၇</span>။ ဣတ္ထီ <a name=""M0.0181""></a><a name=""V0.0182""></a> စ ဟောတိ ဣတ္ထိသညီ သာရတ္တော စ။ ဣတ္ထီ စ နံ ဘိက္ခုဿ ကာယေန ကာယံ အာမသတိ ပရာမသတိ ဩမသတိ ဥမ္မသတိ ဩလင်္ဃေတိ ဥလ္လင်္ဃေတိ အာကဍ္ဎတိ ပတိကဍ္ဎတိ အဘိနိဂ္ဂဏှာတိ အဘိနိပ္ပီဠေတိ <a name=""T1.0265""></a> ဂဏှာတိ ဆုပတိ, သေဝနာဓိပ္ပါယော ကာယေန ဝါယမတိ ဖဿံ ပဋိဝိဇာနာတိ, အာပတ္တိ သံဃာဒိသေသဿ…ပေ…။</p>
<p class=""bodytext"">ဒွေ ဣတ္ထိယော ဒွိန္နံ ဣတ္ထီနံ ဣတ္ထိသညီ သာရတ္တော စ။ ဣတ္ထိယော စ နံ ဘိက္ခုဿ ကာယေန ကာယံ အာမသန္တိ ပရာမသန္တိ ဩမသန္တိ ဥမ္မသန္တိ ဩလင်္ဃေန္တိ ဥလ္လင်္ဃေန္တိ အာကဍ္ဎန္တိ ပတိကဍ္ဎန္တိ အဘိနိဂ္ဂဏှန္တိ အဘိနိပ္ပီဠေန္တိ ဂဏှန္တိ ဆုပန္တိ, သေဝနာဓိပ္ပါယော ကာယေန ဝါယမတိ ဖဿံ ပဋိဝိဇာနာတိ, အာပတ္တိ ဒွိန္နံ သံဃာဒိသေသာနံ…ပေ…။</p>
<p class=""bodytext"">ဣတ္ထီ <a name=""P3.0125""></a> စ ပဏ္ဍကော စ ဥဘိန္နံ ဣတ္ထိသညီ သာရတ္တော စ။ ဥဘော စ နံ ဘိက္ခုဿ ကာယေန ကာယံ အာမသန္တိ ပရာမသန္တိ…ပေ… ဂဏှန္တိ ဆုပန္တိ, သေဝနာဓိပ္ပါယော ကာယေန ဝါယမတိ ဖဿံ ပဋိဝိဇာနာတိ, အာပတ္တိ သံဃာဒိသေသေန ဒုက္ကဋဿ…ပေ…။</p>
<p class=""bodytext"">ဣတ္ထီ စ ဟောတိ ဣတ္ထိသညီ သာရတ္တော စ။ ဣတ္ထီ စ နံ ဘိက္ခုဿ ကာယေန ကာယပဋိဗဒ္ဓံ အာမသတိ ပရာမသတိ…ပေ… ဂဏှာတိ ဆုပတိ, သေဝနာဓိပ္ပါယော ကာယေန ဝါယမတိ ဖဿံ ပဋိဝိဇာနာတိ, အာပတ္တိ ထုလ္လစ္စယဿ…ပေ…။</p>
<p class=""bodytext"">ဒွေ ဣတ္ထိယော ဒွိန္နံ ဣတ္ထီနံ ဣတ္ထိသညီ သာရတ္တော စ။ ဣတ္ထိယော စ နံ ဘိက္ခုဿ ကာယေန ကာယပဋိဗဒ္ဓံ အာမသန္တိ ပရာမသန္တိ…ပေ… ဂဏှန္တိ ဆုပန္တိ, သေဝနာဓိပ္ပါယော ကာယေန ဝါယမတိ ဖဿံ ပဋိဝိဇာနာတိ, အာပတ္တိ ဒွိန္နံ ထုလ္လစ္စယာနံ…ပေ…။</p>
<p class=""bodytext"">ဣတ္ထီ စ ပဏ္ဍကော စ ဥဘိန္နံ ဣတ္ထိသညီ သာရတ္တော စ။ ဥဘော စ နံ ဘိက္ခုဿ ကာယေန ကာယပဋိဗဒ္ဓံ အာမသန္တိ ပရာမသန္တိ…ပေ… ဂဏှန္တိ ဆုပန္တိ, သေဝနာဓိပ္ပါယော ကာယေန ဝါယမတိ ဖဿံ ပဋိဝိဇာနာတိ, အာပတ္တိ ထုလ္လစ္စယေန ဒုက္ကဋဿ…ပေ…။</p>
<p class=""bodytext"">ဣတ္ထီ <a name=""T1.0266""></a> စ ဟောတိ ဣတ္ထိသညီ သာရတ္တော စ။ ဣတ္ထီ စ နံ ဘိက္ခုဿ ကာယပဋိဗဒ္ဓေန ကာယံ အာမသတိ ပရာမသတိ…ပေ… ဂဏှာတိ ဆုပတိ သေဝနာဓိပ္ပါယော ကာယေန ဝါယမတိ ဖဿံ ပဋိဝိဇာနာတိ, အာပတ္တိ ထုလ္လစ္စယဿ…ပေ…။</p>
",-277-
182,mula_vi_01,182,"<p class=""bodytext"">ဒွေ <a name=""M0.0182""></a><a name=""V0.0183""></a> ဣတ္ထိယော ဒွိန္နံ ဣတ္ထီနံ ဣတ္ထိသညီ သာရတ္တော စ။ ဣတ္ထိယော စ နံ ဘိက္ခုဿ ကာယပဋိဗဒ္ဓေန ကာယံ အာမသန္တိ ပရာမသန္တိ…ပေ… ဂဏှန္တိ ဆုပန္တိ, သေဝနာဓိပ္ပါယော ကာယေန ဝါယမတိ ဖဿံ ပဋိဝိဇာနာတိ, အာပတ္တိ ဒွိန္နံ ထုလ္လစ္စယာနံ…ပေ…။</p>
<p class=""bodytext"">ဣတ္ထီ စ ပဏ္ဍကော စ ဥဘိန္နံ ဣတ္ထိသညီ သာရတ္တော စ။ ဥဘော စ နံ ဘိက္ခုဿ ကာယပဋိဗဒ္ဓေန ကာယံ အာမသန္တိ ပရာမသန္တိ…ပေ… ဂဏှန္တိ ဆုပန္တိ, သေဝနာဓိပ္ပါယော ကာယေန ဝါယမတိ ဖဿံ ပဋိဝိဇာနာတိ, အာပတ္တိ ထုလ္လစ္စယေန ဒုက္ကဋဿ…ပေ…။</p>
<p class=""bodytext""><a name=""para278""></a><a name=""para278_vin1""></a><span class=""paranum"">၂၇၈</span>။ ဣတ္ထီ စ ဟောတိ ဣတ္ထိသညီ သာရတ္တော စ။ ဣတ္ထီ စ နံ ဘိက္ခုဿ ကာယပဋိဗဒ္ဓေန ကာယပဋိဗဒ္ဓံ အာမသတိ ပရာမသတိ…ပေ… ဂဏှာတိ ဆုပတိ, သေဝနာဓိပ္ပါယော ကာယေန ဝါယမတိ ဖဿံ ပဋိဝိဇာနာတိ, အာပတ္တိ ဒုက္ကဋဿ…ပေ…။</p>
<p class=""bodytext"">ဒွေ ဣတ္ထိယော ဒွိန္နံ ဣတ္ထီနံ ဣတ္ထိသညီ သာရတ္တော စ။ ဣတ္ထိယော စ နံ ဘိက္ခုဿ ကာယပဋိဗဒ္ဓေန ကာယပဋိဗဒ္ဓံ အာမသန္တိ ပရာမသန္တိ…ပေ… ဂဏှန္တိ ဆုပန္တိ, သေဝနာဓိပ္ပါယော ကာယေန ဝါယမတိ ဖဿံ ပဋိဝိဇာနာတိ, အာပတ္တိ ဒွိန္နံ ဒုက္ကဋာနံ…ပေ…။</p>
<p class=""bodytext"">ဣတ္ထီ စ ပဏ္ဍကော စ ဥဘိန္နံ ဣတ္ထိသညီ သာရတ္တော စ။ ဥဘော စ နံ ဘိက္ခုဿ ကာယပဋိဗဒ္ဓေန ကာယပဋိဗဒ္ဓံ အာမသန္တိ ပရာမသန္တိ…ပေ… ဂဏှန္တိ ဆုပန္တိ, သေဝနာဓိပ္ပါယော ကာယေန ဝါယမတိ ဖဿံ ပဋိဝိဇာနာတိ, အာပတ္တိ <a name=""T1.0267""></a> ဒွိန္နံ ဒုက္ကဋာနံ…ပေ…။</p>
<p class=""bodytext"">ဣတ္ထီ စ ဟောတိ ဣတ္ထိသညီ သာရတ္တော စ။ ဣတ္ထီ စ နံ ဘိက္ခုဿ နိဿဂ္ဂိယေန ကာယံ အာမသတိ။ သေဝနာဓိပ္ပါယော ကာယေန ဝါယမတိ ဖဿံ ပဋိဝိဇာနာတိ, အာပတ္တိ ဒုက္ကဋဿ…ပေ…။</p>
<p class=""bodytext"">ဒွေ ဣတ္ထိယော ဒွိန္နံ ဣတ္ထီနံ ဣတ္ထိသညီ သာရတ္တော စ။ ဣတ္ထိယော စ နံ ဘိက္ခုဿ နိဿဂ္ဂိယေန ကာယံ အာမသန္တိ။ သေဝနာဓိပ္ပါယော ကာယေန ဝါယမတိ ဖဿံ ပဋိဝိဇာနာတိ, အာပတ္တိ ဒွိန္နံ ဒုက္ကဋာနံ…ပေ…။</p>
<p class=""bodytext"">ဣတ္ထီ စ ပဏ္ဍကော စ ဥဘိန္နံ ဣတ္ထိသညီ သာရတ္တော စ။ ဥဘော စ နံ ဘိက္ခုဿ နိဿဂ္ဂိယေန <a name=""V0.0184""></a> ကာယံ အာမသန္တိ။ သေဝနာဓိပ္ပါယော ကာယေန ဝါယမတိ ဖဿံ ပဋိဝိဇာနာတိ, အာပတ္တိ ဒွိန္နံ ဒုက္ကဋာနံ…ပေ…။</p>
",-278-
183,mula_vi_01,183,"<p class=""bodytext"">ဣတ္ထီ <a name=""M0.0183""></a> စ ဟောတိ ဣတ္ထိသညီ သာရတ္တော စ။ ဣတ္ထီ စ နံ ဘိက္ခုဿ နိဿဂ္ဂိယေန ကာယပဋိဗဒ္ဓံ အာမသတိ။ သေဝနာဓိပ္ပါယော ကာယေန ဝါယမတိ ဖဿံ ပဋိဝိဇာနာတိ, အာပတ္တိ ဒုက္ကဋဿ…ပေ…။</p>
<p class=""bodytext"">ဒွေ ဣတ္ထိယော ဒွိန္နံ ဣတ္ထီနံ ဣတ္ထိသညီ သာရတ္တော စ။ ဣတ္ထိယော စ နံ ဘိက္ခုဿ နိဿဂ္ဂိယေန ကာယပဋိဗဒ္ဓံ အာမသန္တိ။ သေဝနာဓိပ္ပါယော ကာယေန ဝါယမတိ ဖဿံ ပဋိဝိဇာနာတိ, အာပတ္တိ ဒွိန္နံ ဒုက္ကဋာနံ…ပေ…။</p>
<p class=""bodytext"">ဣတ္ထီ စ ပဏ္ဍကော စ ဥဘိန္နံ ဣတ္ထိသညီ သာရတ္တော စ။ ဥဘော စ နံ ဘိက္ခုဿ နိဿဂ္ဂိယေန ကာယပဋိဗဒ္ဓံ အာမသန္တိ။ သေဝနာဓိပ္ပါယော ကာယေန ဝါယမတိ ဖဿံ ပဋိဝိဇာနာတိ, အာပတ္တိ ဒွိန္နံ ဒုက္ကဋာနံ…ပေ…။</p>
<p class=""bodytext"">ဣတ္ထီ စ ဟောတိ ဣတ္ထိသညီ သာရတ္တော စ။ ဣတ္ထီ စ နံ ဘိက္ခုဿ နိဿဂ္ဂိယေန နိဿဂ္ဂိယံ အာမသတိ။ သေဝနာဓိပ္ပါယော <a name=""T1.0268""></a> ကာယေန ဝါယမတိ, န စ ဖဿံ ပဋိဝိဇာနာတိ, အာပတ္တိ ဒုက္ကဋဿ…ပေ…။</p>
<p class=""bodytext"">ဒွေ ဣတ္ထိယော ဒွိန္နံ ဣတ္ထီနံ ဣတ္ထိသညီ သာရတ္တော စ။ ဣတ္ထိယော စ နံ ဘိက္ခုဿ နိဿဂ္ဂိယေန နိဿဂ္ဂိယံ အာမသန္တိ။ သေဝနာဓိပ္ပါယော ကာယေန ဝါယမတိ, န စ ဖဿံ ပဋိဝိဇာနာတိ, အာပတ္တိ ဒွိန္နံ ဒုက္ကဋာနံ…ပေ…။</p>
<p class=""bodytext"">ဣတ္ထီ စ ပဏ္ဍကော စ ဥဘိန္နံ ဣတ္ထိသညီ သာရတ္တော စ။ ဥဘော စ နံ ဘိက္ခုဿ နိဿဂ္ဂိယေန နိဿဂ္ဂိယံ အာမသန္တိ။ သေဝနာဓိပ္ပါယော ကာယေန ဝါယမတိ, န စ ဖဿံ ပဋိဝိဇာနာတိ, အာပတ္တိ ဒွိန္နံ ဒုက္ကဋာနံ…ပေ…။</p>
<p class=""bodytext""><a name=""para279""></a><a name=""para279_vin1""></a><span class=""paranum"">၂၇၉</span>။ သေဝနာဓိပ္ပါယော ကာယေန ဝါယမတိ ဖဿံ ပဋိဝိဇာနာတိ, အာပတ္တိ သံဃာဒိသေသဿ။</p>
<p class=""bodytext"">သေဝနာဓိပ္ပါယော <a name=""V0.0185""></a> ကာယေန ဝါယမတိ, န စ ဖဿံ ပဋိဝိဇာနာတိ, အာပတ္တိ ဒုက္ကဋဿ။</p>
<p class=""bodytext"">သေဝနာဓိပ္ပါယော န စ ကာယေန ဝါယမတိ, ဖဿံ ပဋိဝိဇာနာတိ, အနာပတ္တိ။</p>
<p class=""bodytext"">သေဝနာဓိပ္ပါယော န စ ကာယေန ဝါယမတိ, န စ ဖဿံ ပဋိဝိဇာနာတိ, အနာပတ္တိ။</p>
<p class=""bodytext"">မောက္ခာဓိပ္ပါယော ကာယေန ဝါယမတိ, ဖဿံ ပဋိဝိဇာနာတိ, အနာပတ္တိ။</p>
",-279-
184,mula_vi_01,184,"<p class=""bodytext"">မောက္ခာဓိပ္ပါယော <a name=""M0.0184""></a> ကာယေန ဝါယမတိ, န စ ဖဿံ ပဋိဝိဇာနာတိ<a name=""P3.0126""></a>, အနာပတ္တိ။</p>
<p class=""bodytext"">မောက္ခာဓိပ္ပါယော န စ ကာယေန ဝါယမတိ, ဖဿံ ပဋိဝိဇာနာတိ, အနာပတ္တိ။</p>
<p class=""bodytext"">မောက္ခာဓိပ္ပါယော န စ ကာယေန ဝါယမတိ, န စ ဖဿံ ပဋိဝိဇာနာတိ, အနာပတ္တိ။</p>
<p class=""bodytext""><a name=""para280""></a><a name=""para280_vin1""></a><span class=""paranum"">၂၈၀</span>။ အနာပတ္တိ အသဉ္စိစ္စ, အသတိယာ, အဇာနန္တဿ, အသာဒိယန္တဿ, ဥမ္မတ္တကဿ, ခိတ္တစိတ္တဿ, ဝေဒနာဋ္ဋဿ, အာဒိကမ္မိကဿာတိ။</p>
<p class=""subhead"">ဝိနီတဝတ္ထုဥဒ္ဒါနဂါထာ</p>
<p class=""gatha1"">မာတာ <a name=""T1.0269""></a> ဓီတာ ဘဂိနီ စ, ဇာယာ ယက္ခီ စ ပဏ္ဍကော၊</p>
<p class=""gathalast"">သုတ္တာ မတာ တိရစ္ဆာနာ, ဒါရုဓိတလိကာယ စ။</p>
<p class=""gatha1"">သမ္ပီဠေ သင်္ကမော မဂ္ဂေါ, ရုက္ခော နာဝါ စ ရဇ္ဇု စ၊</p>
<p class=""gathalast"">ဒဏ္ဍော ပတ္တံ ပဏာမေသိ, ဝန္ဒေ ဝါယမိ နစ္ဆုပေတိ။</p>
<p class=""subhead"">ဝိနီတဝတ္ထု</p>
<p class=""bodytext""><a name=""para281""></a><a name=""para281_vin1""></a><span class=""paranum"">၂၈၁</span>။ တေန ခေါ ပန သမယေန အညတရော ဘိက္ခု မာတုယာ မာတုပေမေန အာမသိ။ တဿ ကုက္ကုစ္စံ အဟောသိ – ‘‘ဘဂဝတာ သိက္ခာပဒံ ပညတ္တံ, ကစ္စိ နု ခေါ အဟံ သံဃာဒိသေသံ အာပတ္တိံ <a name=""V0.0186""></a> အာပန္နော’’တိ? ဘဂဝတော ဧတမတ္ထံ အာရောစေသိ။ ‘‘အနာပတ္တိ, ဘိက္ခု, သံဃာဒိသေသဿ၊ အာပတ္တိ ဒုက္ကဋဿာ’’တိ။</p>
<p class=""bodytext"">တေန ခေါ ပန သမယေန အညတရော ဘိက္ခု ဓီတုယာ ဓီတုပေမေန အာမသိ…ပေ… ဘဂိနိယာ ဘဂိနိပေမေန အာမသိ။ တဿ ကုက္ကုစ္စံ အဟောသိ…ပေ… ‘‘အနာပတ္တိ, ဘိက္ခု, သံဃာဒိသေသဿ၊ အာပတ္တိ ဒုက္ကဋဿာ’’တိ။</p>
<p class=""bodytext"">တေန ခေါ ပန သမယေန အညတရော ဘိက္ခု ပုရာဏဒုတိယိကာယ ကာယသံသဂ္ဂံ သမာပဇ္ဇိ။ တဿ ကုက္ကုစ္စံ အဟောသိ…ပေ… ‘‘အာပတ္တိံ တွံ, ဘိက္ခု, အာပန္နော သံဃာဒိသေသ’’န္တိ။</p>
<p class=""bodytext"">တေန ခေါ ပန သမယေန အညတရော ဘိက္ခု ယက္ခိနိယာ ကာယသံသဂ္ဂံ သမာပဇ္ဇိ။ တဿ ကုက္ကုစ္စံ အဟောသိ…ပေ… ‘‘အနာပတ္တိ, ဘိက္ခု, သံဃာဒိသေသဿ၊ အာပတ္တိ ထုလ္လစ္စယဿာ’’တိ။</p>
",-280-281-
185,mula_vi_01,185,"<p class=""bodytext"">တေန <a name=""M0.0185""></a> ခေါ ပန သမယေန အညတရော ဘိက္ခု ပဏ္ဍကဿ ကာယသံသဂ္ဂံ သမာပဇ္ဇိ။ တဿ ကုက္ကုစ္စံ အဟောသိ…ပေ… ‘‘အနာပတ္တိ<a name=""T1.0270""></a>, ဘိက္ခု, သံဃာဒိသေသဿ၊ အာပတ္တိ ထုလ္လစ္စယဿာ’’တိ။</p>
<p class=""bodytext"">တေန ခေါ ပန သမယေန အညတရော ဘိက္ခု သုတ္တိတ္ထိယာ ကာယသံသဂ္ဂံ သမာပဇ္ဇိ။ တဿ ကုက္ကုစ္စံ အဟောသိ…ပေ… ‘‘အာပတ္တိံ တွံ, ဘိက္ခု, အာပန္နော သံဃာဒိသေသ’’န္တိ။</p>
<p class=""bodytext"">တေန ခေါ ပန သမယေန အညတရော ဘိက္ခု မတိတ္ထိယာ ကာယသံသဂ္ဂံ သမာပဇ္ဇိ။ တဿ ကုက္ကုစ္စံ အဟောသိ…ပေ… ‘‘အနာပတ္တိ, ဘိက္ခု, သံဃာဒိသေသဿ၊ အာပတ္တိ ထုလ္လစ္စယဿာ’’တိ။</p>
<p class=""bodytext"">တေန ခေါ ပန သမယေန အညတရော ဘိက္ခု တိရစ္ဆာနဂတိတ္ထိယာ ကာယသံသဂ္ဂံ သမာပဇ္ဇိ။ တဿ ကုက္ကုစ္စံ အဟောသိ…ပေ… ‘‘အနာပတ္တိ, ဘိက္ခု, သံဃာဒိသေသဿ၊ အာပတ္တိ ဒုက္ကဋဿာ’’တိ။</p>
<p class=""bodytext"">တေန ခေါ ပန သမယေန အညတရော ဘိက္ခု ဒါရုဓီတလိကာယ ကာယသံသဂ္ဂံ သမာပဇ္ဇိ။ တဿ ကုက္ကုစ္စံ အဟောသိ…ပေ… ‘‘အနာပတ္တိ, ဘိက္ခု, သံဃာဒိသေသဿ၊ အာပတ္တိ ဒုက္ကဋဿာ’’တိ။</p>
<p class=""bodytext""><a name=""para282""></a><a name=""para282_vin1""></a><span class=""paranum"">၂၈၂</span>။ တေန <a name=""V0.0187""></a> ခေါ ပန သမယေန သမ္ဗဟုလာ ဣတ္ထိယော အညတရံ ဘိက္ခုံ သမ္ပီဠေတွာ ဗာဟာပရမ္ပရာယ အာနေသုံ။ တဿ ကုက္ကုစ္စံ အဟောသိ…ပေ… ‘‘သာဒိယိ တွံ, ဘိက္ခူ’’တိ? ‘‘နာဟံ, ဘဂဝါ, သာဒိယိ’’န္တိ။ ‘‘အနာပတ္တိ, ဘိက္ခူ, အသာဒိယန္တဿာ’’တိ။</p>
<p class=""bodytext"">တေန <a name=""P3.0127""></a> ခေါ ပန သမယေန အညတရော ဘိက္ခု ဣတ္ထိယာ အဘိရူဠှံ သင်္ကမံ သာရတ္တော သဉ္စာလေသိ။ တဿ ကုက္ကုစ္စံ အဟောသိ…ပေ… ‘‘အနာပတ္တိ, ဘိက္ခု, သံဃာဒိသေသဿ၊ အာပတ္တိ ဒုက္ကဋဿာ’’တိ။</p>
<p class=""bodytext"">တေန ခေါ ပန သမယေန အညတရော ဘိက္ခု ဣတ္ထိံ ပဋိပထေ ပဿိတွာ <a name=""T1.0271""></a> သာရတ္တော အံသကူဋေန ပဟာရံ အဒါသိ။ တဿ ကုက္ကုစ္စံ အဟောသိ…ပေ… ‘‘အာပတ္တိံ တွံ, ဘိက္ခု, အာပန္နော သံဃာဒိသေသ’’န္တိ။</p>
<p class=""bodytext"">တေန ခေါ ပန သမယေန အညတရော ဘိက္ခု ဣတ္ထိယာ အဘိရူဠှံ ရုက္ခံ သာရတ္တော သဉ္စာလေသိ။ တဿ ကုက္ကုစ္စံ အဟောသိ…ပေ… ‘‘အနာပတ္တိ, ဘိက္ခု, သံဃာဒိသေသဿ၊ အာပတ္တိ ဒုက္ကဋဿာ’’တိ။</p>
",-282-
186,mula_vi_01,186,"<p class=""bodytext"">တေန <a name=""M0.0186""></a> ခေါ ပန သမယေန အညတရော ဘိက္ခု ဣတ္ထိယာ အဘိရူဠှံ နာဝံ သာရတ္တော သဉ္စာလေသိ။ တဿ ကုက္ကုစ္စံ အဟောသိ…ပေ… ‘‘အနာပတ္တိ, ဘိက္ခု, သံဃာဒိသေသဿ၊ အာပတ္တိ ဒုက္ကဋဿာ’’တိ။</p>
<p class=""bodytext"">တေန ခေါ ပန သမယေန အညတရော ဘိက္ခု ဣတ္ထိယာ ဂဟိတံ ရဇ္ဇုံ သာရတ္တော အာဝိဉ္ဆိ <span class=""note"">[အာဝိဉ္ဇိ (သီ။ သျာ။)]</span>။ တဿ ကုက္ကုစ္စံ အဟောသိ…ပေ… ‘‘အနာပတ္တိ, ဘိက္ခု, သံဃာဒိသေသဿ၊ အာပတ္တိ ထုလ္လစ္စယဿာ’’တိ။</p>
<p class=""bodytext"">တေန ခေါ ပန သမယေန အညတရော ဘိက္ခု ဣတ္ထိယာ ဂဟိတံ ဒဏ္ဍံ သာရတ္တော အာဝိဉ္ဆိ။ တဿ ကုက္ကုစ္စံ အဟောသိ…ပေ… ‘‘အနာပတ္တိ, ဘိက္ခု, သံဃာဒိသေသဿ၊ အာပတ္တိ ထုလ္လစ္စယဿာ’’တိ။</p>
<p class=""bodytext"">တေန <a name=""V0.0188""></a> ခေါ ပန သမယေန အညတရော ဘိက္ခု သာရတ္တော ဣတ္ထိံ ပတ္တေန ပဏာမေသိ။ တဿ ကုက္ကုစ္စံ အဟောသိ…ပေ… ‘‘အနာပတ္တိ, ဘိက္ခု, သံဃာဒိသေသဿ၊ အာပတ္တိ ထုလ္လစ္စယဿာ’’တိ။</p>
<p class=""bodytext"">တေန ခေါ ပန သမယေန အညတရော ဘိက္ခု ဣတ္ထိယာ ဝန္ဒန္တိယာ သာရတ္တော ပါဒံ ဥစ္စာရေသိ။ တဿ ကုက္ကုစ္စံ အဟောသိ…ပေ… ‘‘အာပတ္တိံ တွံ, ဘိက္ခု, အာပန္နော သံဃာဒိသေသ’’န္တိ။</p>
<p class=""bodytext"">တေန ခေါ ပန သမယေန အညတရော ဘိက္ခု <a name=""T1.0272""></a> ဣတ္ထိံ ဂဟေဿာမီတိ ဝါယမိတွာ န ဆုပိ။ တဿ ကုက္ကုစ္စံ အဟောသိ …ပေ… ‘‘အနာပတ္တိ, ဘိက္ခု, သံဃာဒိသေသဿ၊ အာပတ္တိ ဒုက္ကဋဿာ’’တိ။</p>
<p class=""centered"">ကာယသံသဂ္ဂသိက္ခာပဒံ နိဋ္ဌိတံ ဒုတိယံ။</p>
<p class=""title"">၃။ ဒုဋ္ဌုလ္လဝါစာသိက္ခာပဒံ</p>
<p class=""bodytext""><a name=""para283""></a><a name=""para283_vin1""></a><span class=""paranum"">၂၈၃</span>။ တေန <a name=""T1.0273""></a> သမယေန ဗုဒ္ဓေါ ဘဂဝါ သာဝတ္ထိယံ ဝိဟရတိ ဇေတဝနေ အနာထပိဏ္ဍိကဿ အာရာမေ။ တေန ခေါ ပန သမယေန အာယသ္မာ ဥဒါယီ အရညေ ဝိဟရတိ။ တဿာယသ္မတော ဝိဟာရော အဘိရူပေါ ဟောတိ ဒဿနီယော ပါသာဒိကော။ တေန ခေါ ပန သမယေန သမ္ဗဟုလာ ဣတ္ထိယော အာရာမံ အာဂမံသု ဝိဟာရပေက္ခိကာယော။ အထ ခေါ တာ</p>
",-283-
187,mula_vi_01,187,"<p class=""noindentbodytext""> ဣတ္ထိယော<a name=""M0.0187""></a> ယေနာယသ္မာ ဥဒါယီ တေနုပသင်္ကမိံသု၊ ဥပသင်္ကမိတွာ အာယသ္မန္တံ ဥဒါယိံ ဧတဒဝေါစုံ – ‘‘ဣစ္ဆာမ မယံ, ဘန္တေ, အယျဿ ဝိဟာရံ ပေက္ခိတု’’န္တိ။ အထ ခေါ အာယသ္မာ ဥဒါယီ တာ ဣတ္ထိယော ဝိဟာရံ ပေက္ခာပေတွာ တာသံ ဣတ္ထီနံ ဝစ္စမဂ္ဂံ ပဿာဝမဂ္ဂံ အာဒိဿ ဝဏ္ဏမ္ပိ ဘဏတိ အဝဏ္ဏမ္ပိ ဘဏတိ ယာစတိပိ အာယာစတိပိ ပုစ္ဆတိပိ ပဋိပုစ္ဆတိပိ အာစိက္ခတိပိ အနုသာသတိပိ အက္ကောသတိပိ။ ယာ တာ ဣတ္ထိယော <a name=""P3.0128""></a> ဆိန္နိကာ ဓုတ္တိကာ အဟိရိကာယော တာ အာယသ္မတာ ဥဒါယိနာ သဒ္ဓိံ ဥဟသန္တိပိ ဥလ္လပန္တိပိ ဥဇ္ဇဂ္ဃန္တိပိ ဥပ္ပဏ္ဍေန္တိပိ။ ယာ ပန တာ ဣတ္ထိယော ဟိရိမနာ တာ နိက္ခမိတွာ ဘိက္ခူ ဥဇ္ဈာပေန္တိ – ‘‘ဣဒံ, ဘန္တေ, နစ္ဆန္နံ နပ္ပတိရူပံ။ သာမိကေနပိ မယံ ဧဝံ ဝုတ္တာ န ဣစ္ဆေယျာမ, ကိံ ပနာယျေန ဥဒါယိနာ’’တိ။ ယေ တေ ဘိက္ခူ အပ္ပိစ္ဆာ…ပေ… <a name=""T1.0274""></a> တေ ဥဇ္ဈာယန္တိ ခိယျန္တိ ဝိပါစေန္တိ – ‘‘ကထဉှိ နာမ အာယသ္မာ ဥဒါယီ မာတုဂါမံ ဒုဋ္ဌုလ္လာဟိ ဝါစာဟိ ဩဘာသိဿတီ’’တိ! အထ ခေါ တေ ဘိက္ခူ အာယသ္မန္တံ ဥဒါယိံ အနေကပရိယာယေန ဝိဂရဟိတွာ ဘဂဝတော ဧတမတ္ထံ အာရောစေသုံ။ အထ ခေါ ဘဂဝါ ဧတသ္မိံ နိဒါနေ ဧတသ္မိံ ပကရဏေ ဘိက္ခုသံဃံ သန္နိပါတာပေတွာ <a name=""V0.0189""></a> အာယသ္မန္တံ ဥဒါယိံ ပဋိပုစ္ဆိ – ‘‘သစ္စံ ကိရ တွံ, ဥဒါယိ, မာတုဂါမံ ဒုဋ္ဌုလ္လာဟိ ဝါစာဟိ ဩဘာသသီ’’တိ? ‘‘သစ္စံ, ဘဂဝါ’’တိ။ ဝိဂရဟိ ဗုဒ္ဓေါ ဘဂဝါ – ‘‘အနနုစ္ဆဝိကံ, မောဃပုရိသ, အနနုလောမိကံ အပ္ပတိရူပံ အဿာမဏကံ အကပ္ပိယံ အကရဏီယံ။ ကထဉှိ နာမ တွံ, မောဃပုရိသ, မာတုဂါမံ ဒုဋ္ဌုလ္လာဟိ ဝါစာဟိ ဩဘာသိဿသိ! နနု မယာ, မောဃပုရိသ, အနေကပရိယာယေန ဝိရာဂါယ ဓမ္မော ဒေသိတော နော သရာဂါယ…ပေ… ကာမပရိဠာဟာနံ ဝူပသမော အက္ခာတော။ နေတံ, မောဃပုရိသ, အပ္ပသန္နာနံ ဝါ ပသာဒါယ…ပေ… ဧဝဉ္စ ပန, ဘိက္ခဝေ, ဣမံ သိက္ခာပဒံ ဥဒ္ဒိသေယျာထ –</p>
<p class=""bodytext""><a name=""para284""></a><a name=""para284_vin1""></a><span class=""paranum"">၂၈၄</span>။ <span class=""bld"">‘‘ယော ပန ဘိက္ခု ဩတိဏ္ဏော ဝိပရိဏတေန စိတ္တေန မာတုဂါမံ ဒုဋ္ဌုလ္လာဟိ ဝါစာဟိ ဩဘာသေယျ ယထာ တံ ယုဝါ ယုဝတိံ မေထုနုပသံဟိတာဟိ, သံဃာဒိသေသော’’</span>တိ။</p>
<p class=""bodytext""><a name=""para285""></a><a name=""para285_vin1""></a><span class=""paranum"">၂၈၅</span>။ <span class=""bld"">ယော ပနာ</span>တိ ယော ယာဒိသော…ပေ… <span class=""bld"">ဘိက္ခူ</span>တိ…ပေ… အယံ ဣမသ္မိံ အတ္ထေ အဓိပ္ပေတော ဘိက္ခူတိ။</p>
<p class=""bodytext""><span class=""bld"">ဩတိဏ္ဏော</span> နာမ သာရတ္တော အပေက္ခဝါ ပဋိဗဒ္ဓစိတ္တော။</p>
",-284-285-
188,mula_vi_01,188,"<p class=""bodytext""><span class=""bld"">ဝိပရိဏတ</span>န္တိ <a name=""M0.0188""></a> ရတ္တမ္ပိ စိတ္တံ ဝိပရိဏတံ, ဒုဋ္ဌမ္ပိ စိတ္တံ ဝိပရိဏတံ မူဠှမ္ပိ စိတ္တံ ဝိပရိဏတံ။ အပိစ, ရတ္တံ စိတ္တံ ဣမသ္မိံ အတ္ထေ အဓိပ္ပေတံ ဝိပရိဏတန္တိ။</p>
<p class=""bodytext""><span class=""bld"">မာတုဂါမော</span> နာမ မနုဿိတ္ထီ, န ယက္ခီ, န ပေတီ, န တိရစ္ဆာနဂတာ။ ဝိညူ ပဋိဗလာ သုဘာသိတဒုဗ္ဘာသိတံ ဒုဋ္ဌုလ္လာဒုဋ္ဌုလ္လံ <a name=""T1.0275""></a> အာဇာနိတုံ။</p>
<p class=""bodytext""><span class=""bld"">ဒုဋ္ဌုလ္လာ</span> နာမ <span class=""bld"">ဝါစာ</span> ဝစ္စမဂ္ဂပဿာဝမဂ္ဂမေထုနဓမ္မပ္ပဋိသံယုတ္တာ ဝါစာ။</p>
<p class=""bodytext""><span class=""bld"">ဩဘာသေယျာ</span>တိ အဇ္ဈာစာရော ဝုစ္စတိ။</p>
<p class=""bodytext""><span class=""bld"">ယထာ တံ ယုဝါ ယုဝတိ</span>န္တိ ဒဟရော ဒဟရိံ, တရုဏော တရုဏိံ, ကာမဘောဂီ ကာမဘောဂိနိံ။</p>
<p class=""bodytext""><span class=""bld"">မေထုနုပသံဟိတာဟီ</span>တိ <a name=""P3.0129""></a> မေထုနဓမ္မပ္ပဋိသံယုတ္တာဟိ။</p>
<p class=""bodytext""><span class=""bld"">သံဃာဒိသေသော</span>တိ <a name=""V0.0190""></a> …ပေ… တေနပိ ဝုစ္စတိ သံဃာဒိသေသောတိ။</p>
<p class=""bodytext"">ဒွေ မဂ္ဂေ အာဒိဿ ဝဏ္ဏမ္ပိ ဘဏတိ, အဝဏ္ဏမ္ပိ ဘဏတိ, ယာစတိပိ, အာယာစတိပိ, ပုစ္ဆတိပိ, ပဋိပုစ္ဆတိပိ, အာစိက္ခတိပိ, အနုသာသတိပိ, အက္ကောသတိပိ။</p>
<p class=""bodytext""><span class=""bld"">ဝဏ္ဏံ ဘဏတိ</span> နာမ ဒွေ မဂ္ဂေ ထောမေတိ ဝဏ္ဏေတိ ပသံသတိ။</p>
<p class=""bodytext""><span class=""bld"">အဝဏ္ဏံ ဘဏတိ</span> နာမ ဒွေ မဂ္ဂေ ခုံသေတိ ဝမ္ဘေတိ ဂရဟတိ။</p>
<p class=""bodytext""><span class=""bld"">ယာစတိ</span> နာမ ဒေဟိ မေ, အရဟသိ မေ ဒါတုန္တိ။</p>
<p class=""bodytext""><span class=""bld"">အာယာစတိ</span> နာမ ကဒါ တေ မာတာ ပသီဒိဿတိ, ကဒါ တေ ပိတာ ပသီဒိဿတိ, ကဒါ တေ ဒေဝတာယော ပသီဒိဿန္တိ, ကဒါ <span class=""note"">[ကဒါ တေ (သျာ။)]</span> သုခဏော သုလယော သုမုဟုတ္တော ဘဝိဿတိ, ကဒါ တေ မေထုနံ ဓမ္မံ လဘိဿာမီတိ။</p>
<p class=""bodytext""><span class=""bld"">ပုစ္ဆတိ</span> နာမ ကထံ တွံ သာမိကဿ ဒေသိ, ကထံ ဇာရဿ ဒေသီတိ?</p>
<p class=""bodytext""><span class=""bld"">ပဋိပုစ္ဆတိ</span> နာမ ဧဝံ ကိရ တွံ သာမိကဿ ဒေသိ, ဧဝံ ဇာရဿ ဒေသီတိ။</p>
<p class=""bodytext""><span class=""bld"">အာစိက္ခတိ</span> နာမ ပုဋ္ဌော ဘဏတိ – ‘‘ဧဝံ ဒေဟိ။ ဧဝံ ဒေန္တာ သာမိကဿ ပိယာ ဘဝိဿသိ မနာပါ စာ’’တိ။</p>
<p class=""bodytext""><span class=""bld"">အနုသာသတိ</span> နာမ အပုဋ္ဌော ဘဏတိ – ‘‘ဧဝံ ဒေဟိ။ ဧဝံ ဒေန္တာ သာမိကဿ ပိယာ ဘဝိဿတိ မနာပါ စာ’’တိ။</p>
",
189,mula_vi_01,189,"<p class=""bodytext""><span class=""bld"">အက္ကောသတိ</span> <a name=""M0.0189""></a> နာမ အနိမိတ္တာသိ, နိမိတ္တမတ္တာသိ, အလောဟိတာသိ, ဓုဝလောဟိတာသိ<a name=""T1.0276""></a>, ဓုဝစောဠာသိ, ပဂ္ဃရန္တီသိ, သိခရဏီသိ, ဣတ္ထိပဏ္ဍကာသိ, ဝေပုရိသိကာသိ, သမ္ဘိန္နာသိ, ဥဘတောဗျဉ္ဇနာသီတိ။</p>
<p class=""bodytext""><a name=""para286""></a><a name=""para286_vin1""></a><span class=""paranum"">၂၈၆</span>။ ဣတ္ထီ <a name=""V0.0191""></a> စ ဟောတိ ဣတ္ထိသညီ သာရတ္တော စ။ ဘိက္ခု စ နံ ဣတ္ထိယာ ဝစ္စမဂ္ဂံ ပဿာဝမဂ္ဂံ အာဒိဿ ဝဏ္ဏမ္ပိ ဘဏတိ အဝဏ္ဏမ္ပိ ဘဏတိ ယာစတိပိ အာယာစတိပိ ပုစ္ဆတိပိ ပဋိပုစ္ဆတိပိ အာစိက္ခတိပိ အနုသာသတိပိ အက္ကောသတိပိ, အာပတ္တိ သံဃာဒိသေသဿ…ပေ…<a name=""T1.0277""></a>။</p>
<p class=""bodytext"">ဒွေ ဣတ္ထိယော ဒွိန္နံ ဣတ္ထီနံ ဣတ္ထိသညီ သာရတ္တော စ။ ဘိက္ခု စ နံ ဒွိန္နံ ဣတ္ထီနံ ဝစ္စမဂ္ဂံ ပဿာဝမဂ္ဂံ အာဒိဿ ဝဏ္ဏမ္ပိ ဘဏတိ အဝဏ္ဏံပိ ဘဏတိ…ပေ… အက္ကောသတိပိ, အာပတ္တိ ဒွိန္နံ သံဃာဒိသေသာနံ…ပေ…<a name=""T1.0278""></a>။</p>
<p class=""bodytext"">ဣတ္ထီ စ ပဏ္ဍကော စ ဥဘိန္နံ ဣတ္ထိသညီ သာရတ္တော စ။ ဘိက္ခု စ နံ ဥဘိန္နံ ဝစ္စမဂ္ဂံ ပဿာဝမဂ္ဂံ အာဒိဿ ဝဏ္ဏမ္ပိ ဘဏတိ အဝဏ္ဏမ္ပိ ဘဏတိ…ပေ… အက္ကောသတိပိ, အာပတ္တိ သံဃာဒိသေသေန ဒုက္ကဋဿ…ပေ…<a name=""T1.0279""></a>။</p>
<p class=""bodytext"">ဣတ္ထီ စ ဟောတိ ဣတ္ထိသညီ သာရတ္တော စ။ ဘိက္ခု စ နံ ဣတ္ထိယာ ဝစ္စမဂ္ဂံ ပဿာဝမဂ္ဂံ ဌပေတွာ အဓက္ခကံ ဥဗ္ဘဇာဏုမဏ္ဍလံ အာဒိဿ ဝဏ္ဏမ္ပိ ဘဏတိ အဝဏ္ဏမ္ပိ ဘဏတိ…ပေ… အက္ကောသတိပိ<a name=""P3.0130""></a>, အာပတ္တိ ထုလ္လစ္စယဿ…ပေ…။</p>
<p class=""bodytext"">ဒွေ ဣတ္ထိယော ဒွိန္နံ ဣတ္ထီနံ ဣတ္ထိသညီ သာရတ္တော စ။ ဘိက္ခု စ နံ ဒွိန္နံ ဣတ္ထီနံ ဝစ္စမဂ္ဂံ ပဿာဝမဂ္ဂံ ဌပေတွာ အဓက္ခကံ ဥဗ္ဘဇာဏုမဏ္ဍလံ အာဒိဿ ဝဏ္ဏမ္ပိ ဘဏတိ အဝဏ္ဏမ္ပိ ဘဏတိ…ပေ… အက္ကောသတိပိ, အာပတ္တိ ဒွိန္နံ ထုလ္လစ္စယာနံ…ပေ…။</p>
<p class=""bodytext"">ဣတ္ထီ စ ပဏ္ဍကော စ ဥဘိန္နံ ဣတ္ထိသညီ သာရတ္တော စ။ ဘိက္ခု စ နံ ဥဘိန္နံ ဝစ္စမဂ္ဂံ ပဿာဝမဂ္ဂံ ဌပေတွာ အဓက္ခကံ ဥဗ္ဘဇာဏုမဏ္ဍလံ အာဒိဿ ဝဏ္ဏမ္ပိ ဘဏတိ အဝဏ္ဏမ္ပိ ဘဏတိ…ပေ… အက္ကောသတိပိ, အာပတ္တိ ထုလ္လစ္စယေန ဒုက္ကဋဿ…ပေ…။</p>
<p class=""bodytext"">ဣတ္ထီ စ ဟောတိ ဣတ္ထိသညီ သာရတ္တော စ။ ဘိက္ခု စ နံ <a name=""T1.0281""></a> ဣတ္ထိယာ ဥဗ္ဘက္ခကံ အဓောဇာဏုမဏ္ဍလံ အာဒိဿ ဝဏ္ဏမ္ပိ ဘဏတိ အဝဏ္ဏမ္ပိ ဘဏတိ…ပေ… အက္ကောသတိပိ, အာပတ္တိ ဒုက္ကဋဿ…ပေ…။</p>
<p class=""bodytext"">ဒွေ <a name=""V0.0192""></a> ဣတ္ထိယော ဒွိန္နံ ဣတ္ထီနံ ဣတ္ထိသညီ သာရတ္တော စ။ ဘိက္ခု စ နံ ဒွိန္နံ ဣတ္ထီနံ ဥဗ္ဘက္ခကံ အဓောဇာဏုမဏ္ဍလံ အာဒိဿ ဝဏ္ဏမ္ပိ ဘဏတိ အဝဏ္ဏမ္ပိ ဘဏတိ…ပေ… အက္ကောသတိပိ, အာပတ္တိ ဒွိန္နံ ဒုက္ကဋာနံ…ပေ…။</p>
",-286-
190,mula_vi_01,190,"<p class=""bodytext"">ဣတ္ထီ <a name=""M0.0190""></a> စ ပဏ္ဍကော စ ဥဘိန္နံ ဣတ္ထိသညီ သာရတ္တော စ။ ဘိက္ခု စ နံ ဥဘိန္နံ ဥဗ္ဘက္ခကံ အဓောဇာဏုမဏ္ဍလံ အာဒိဿ ဝဏ္ဏမ္ပိ ဘဏတိ အဝဏ္ဏမ္ပိ ဘဏတိ…ပေ… အက္ကောသတိပိ, အာပတ္တိ ဒွိန္နံ ဒုက္ကဋာနံ…ပေ…။</p>
<p class=""bodytext"">ဣတ္ထီ စ ဟောတိ ဣတ္ထိသညီ သာရတ္တော စ။ ဘိက္ခု စ နံ ဣတ္ထိယာ ကာယပဋိဗဒ္ဓံ အာဒိဿ ဝဏ္ဏမ္ပိ ဘဏတိ အဝဏ္ဏမ္ပိ ဘဏတိ…ပေ… အက္ကောသတိပိ, အာပတ္တိ ဒုက္ကဋဿ…ပေ…။</p>
<p class=""bodytext"">ဒွေ ဣတ္ထိယော ဒွိန္နံ ဣတ္ထီနံ ဣတ္ထိသညီ သာရတ္တော စ။ ဘိက္ခု စ နံ ဒွိန္နံ ဣတ္ထီနံ ကာယပဋိဗဒ္ဓံ အာဒိဿ ဝဏ္ဏမ္ပိ ဘဏတိ အဝဏ္ဏမ္ပိ ဘဏတိ…ပေ… အက္ကောသတိပိ, အာပတ္တိ ဒွိန္နံ ဒုက္ကဋာနံ…ပေ…။</p>
<p class=""bodytext"">ဣတ္ထီ စ ပဏ္ဍကော စ ဥဘိန္နံ ဣတ္ထိသညီ သာရတ္တော စ။ ဘိက္ခု စ နံ ဥဘိန္နံ ကာယပဋိဗဒ္ဓံ အာဒိဿ ဝဏ္ဏမ္ပိ ဘဏတိ အဝဏ္ဏမ္ပိ ဘဏတိ…ပေ… အက္ကောသတိပိ, အာပတ္တိ <a name=""T1.0282""></a> ဒွိန္နံ ဒုက္ကဋာနံ…ပေ…။</p>
<p class=""bodytext""><a name=""para287""></a><a name=""para287_vin1""></a><span class=""paranum"">၂၈၇</span>။ အနာပတ္တိ အတ္ထပုရေက္ခာရဿ, ဓမ္မပုရေက္ခာရဿ, အနုသာသနိပုရေက္ခာရဿ, ဥမ္မတ္တကဿ, အာဒိကမ္မိကဿာတိ။</p>
<p class=""subhead"">ဝိနီတဝတ္ထုဥဒ္ဒါနဂါထာ</p>
<p class=""gatha1"">လောဟိတံ ကက္ကသာကိဏ္ဏံ, ခရံ ဒီဃဉ္စ ဝါပိတံ၊</p>
<p class=""gathalast"">ကစ္စိ သံသီဒတိ မဂ္ဂေါ, သဒ္ဓါ ဒါနေန ကမ္မုနာတိ။</p>
<p class=""subhead"">ဝိနီတဝတ္ထု</p>
<p class=""bodytext""><a name=""para288""></a><a name=""para288_vin1""></a><span class=""paranum"">၂၈၈</span>။ တေန <a name=""V0.0193""></a> ခေါ ပန သမယေန အညတရာ ဣတ္ထီ နဝရတ္တံ ကမ္ဗလံ ပါရုတာ ဟောတိ။ အညတရော ဘိက္ခု သာရတ္တော တံ ဣတ္ထိံ ဧတဒဝေါစ – ‘‘လောဟိတံ ခေါ တေ, ဘဂိနီ’’တိ။ သာ န ပဋိဝိဇာနိ။ ‘‘အာမာယျ, နဝရတ္တော ကမ္ဗလော’’တိ။ တဿ ကုက္ကုစ္စံ အဟောသိ ‘‘ဘဂဝတာ သိက္ခာပဒံ ပညတ္တံ, ကစ္စိ နု ခေါ အဟံ သံဃာဒိသေသံ အာပတ္တိံ အာပန္နော’’တိ? ဘဂဝတော ဧတမတ္ထံ အာရောစေသိ။ ‘‘အနာပတ္တိ, ဘိက္ခု, သံဃာဒိသေသဿ၊ အာပတ္တိ ဒုက္ကဋဿာ’’တိ။</p>
<p class=""bodytext"">တေန ခေါ ပန သမယေန အညတရာ ဣတ္ထီ ခရကမ္ဗလံ ပါရုတာ ဟောတိ။ အညတရော ဘိက္ခု သာရတ္တော တံ ဣတ္ထိံ ဧတဒဝေါစ – ‘‘ကက္ကသလောမံ ခေါ တေ, ဘဂိနီ’’တိ။ သာ န ပဋိဝိဇာနိ။ ‘‘အာမာယျ, ခရကမ္ဗလကော’’တိ။ တဿ</p>
",-287-288-
191,mula_vi_01,191,"<p class=""noindentbodytext""> ကုက္ကုစ္စံ<a name=""M0.0191""></a> အဟောသိ…ပေ… ‘‘အနာပတ္တိ, ဘိက္ခု, သံဃာဒိသေသဿ၊ အာပတ္တိ ဒုက္ကဋဿာ’’တိ။</p>
<p class=""bodytext"">တေန ခေါ ပန သမယေန အညတရာ ဣတ္ထီ နဝါဝုတံ ကမ္ဗလံ ပါရုတာ ဟောတိ။ အညတရော ဘိက္ခု သာရတ္တော တံ ဣတ္ထိံ ဧတဒဝေါစ – ‘‘အာကိဏ္ဏလောမံ ခေါ တေ, ဘဂိနီ’’တိ။ သာ န ပဋိဝိဇာနိ။ ‘‘အာမာယျ, နဝါဝုတော ကမ္ဗလော’’တိ။ တဿ ကုက္ကုစ္စံ <a name=""T1.0283""></a> အဟောသိ…ပေ… ‘‘အနာပတ္တိ, ဘိက္ခု, သံဃာဒိသေသဿ၊ အာပတ္တိ ဒုက္ကဋဿာ’’တိ။</p>
<p class=""bodytext"">တေန ခေါ ပန သမယေန အညတရာ ဣတ္ထီ ခရကမ္ဗလံ ပါရုတာ ဟောတိ။ အညတရော ဘိက္ခု သာရတ္တော တံ ဣတ္ထိံ ဧတဒဝေါစ – ‘‘ခရလောမံ ခေါ တေ, ဘဂိနီ’’တိ။ သာ န ပဋိဝိဇာနိ။ ‘‘အာမာယျ, ခရကမ္ဗလကော’’တိ။ တဿ ကုက္ကုစ္စံ အဟောသိ…ပေ… ‘‘အနာပတ္တိ, ဘိက္ခု, သံဃာဒိသေသဿ၊ အာပတ္တိ ဒုက္ကဋဿာ’’တိ။</p>
<p class=""bodytext"">တေန ခေါ ပန သမယေန အညတရာ ဣတ္ထီ ပါဝါရံ <span class=""note"">[ဒီဃပါဝါရံ (သျာ။)]</span> ပါရုတာ ဟောတိ။ အညတရော ဘိက္ခု သာရတ္တော တံ ဣတ္ထိံ ဧတဒဝေါစ – ‘‘ဒီဃလောမံ ခေါ တေ, ဘဂိနီ’’တိ။ သာ န ပဋိဝိဇာနိ။ ‘‘အာမာယျ, ပါဝါရော’’ <span class=""note"">[ဒီဃပါဝါရော (သျာ။)]</span> တိ။ တဿ ကုက္ကုစ္စံ အဟောသိ…ပေ… ‘‘အနာပတ္တိ, ဘိက္ခု, သံဃာဒိသေသဿ၊ အာပတ္တိ ဒုက္ကဋဿာ’’တိ။</p>
<p class=""bodytext""><a name=""para289""></a><a name=""para289_vin1""></a><span class=""paranum"">၂၈၉</span>။ တေန <a name=""P3.0131""></a> ခေါ ပန သမယေန အညတရာ ဣတ္ထီ ခေတ္တံ ဝပါပေတွာ အာဂစ္ဆတိ။ အညတရော <a name=""V0.0194""></a> ဘိက္ခု သာရတ္တော တံ ဣတ္ထိံ ဧတဒဝေါစ – ‘‘ဝါပိတံ ခေါ တေ, ဘဂိနီ’’တိ? သာ န ပဋိဝိဇာနိ။ ‘‘အာမာယျ, နော စ ခေါ ပဋိဝုတ္တ’’န္တိ။ တဿ ကုက္ကုစ္စံ အဟောသိ…ပေ… ‘‘အနာပတ္တိ, ဘိက္ခု, သံဃာဒိသေသဿ၊ အာပတ္တိ ဒုက္ကဋဿာ’’တိ။</p>
<p class=""bodytext"">တေန ခေါ ပန သမယေန အညတရော ဘိက္ခု ပရိဗ္ဗာဇိကံ ပဋိပထေ ပဿိတွာ သာရတ္တော တံ ပရိဗ္ဗာဇိကံ ဧတဒဝေါစ – ‘‘ကစ္စိ, ဘဂိနိ, မဂ္ဂေါ သံသီဒတီ’’တိ? သာ န ပဋိဝိဇာနိ။ ‘‘အာမ ဘိက္ခု, ပဋိပဇ္ဇိဿသီ’’တိ<a name=""T1.0284""></a>။ တဿ ကုက္ကုစ္စံ အဟောသိ…ပေ… ‘‘အနာပတ္တိ, ဘိက္ခု, သံဃာဒိသေသဿ၊ အာပတ္တိ ထုလ္လစ္စယဿာ’’တိ။</p>
<p class=""bodytext"">တေန ခေါ ပန သမယေန အညတရော ဘိက္ခု သာရတ္တော အညတရံ ဣတ္ထိံ ဧတဒဝေါစ – ‘‘သဒ္ဓါသိ တွံ, ဘဂိနိ။ အပိစ, ယံ သာမိကဿ ဒေသိ တံ နာမှာကံ</p>
",-289-
192,mula_vi_01,192,"<p class=""noindentbodytext""> ဒေသီ’’တိ<a name=""M0.0192""></a>။ ‘‘ကိံ, ဘန္တေ’’တိ? ‘‘မေထုနဓမ္မ’’န္တိ။ တဿ ကုက္ကုစ္စံ အဟောသိ…ပေ… ‘‘အာပတ္တိံ တွံ, ဘိက္ခု, အာပန္နော သံဃာဒိသေသ’’န္တိ။</p>
<p class=""bodytext"">တေန ခေါ ပန သမယေန အညတရော ဘိက္ခု သာရတ္တော အညတရံ ဣတ္ထိံ ဧတဒဝေါစ – ‘‘သဒ္ဓါသိ တွံ, ဘဂိနိ။ အပိစ, ယံ အဂ္ဂဒါနံ တံ နာမှာကံ ဒေသီ’’တိ။ ‘‘ကိံ, ဘန္တေ, အဂ္ဂဒါန’’န္တိ? ‘‘မေထုနဓမ္မ’’န္တိ။ တဿ ကုက္ကုစ္စံ အဟောသိ…ပေ… ‘‘အာပတ္တိံ တွံ, ဘိက္ခု, အာပန္နော သံဃာဒိသေသ’’န္တိ။</p>
<p class=""bodytext"">တေန ခေါ ပန သမယေန အညတရာ ဣတ္ထီ ကမ္မံ ကရောတိ။ အညတရော ဘိက္ခု သာရတ္တော <a name=""T1.0285""></a> တံ ဣတ္ထိံ ဧတဒဝေါစ – ‘‘တိဋ္ဌ, ဘဂိနိ, အဟံ ကရိဿာမီတိ…ပေ… နိသီဒ, ဘဂိနိ, အဟံ ကရိဿာမီတိ…ပေ… နိပဇ္ဇ, ဘဂိနိ, အဟံ ကရိဿာမီ’’တိ။ သာ န ပဋိဝိဇာနိ။ တဿ ကုက္ကုစ္စံ အဟောသိ…ပေ… ‘‘အနာပတ္တိ, ဘိက္ခု, သံဃာဒိသေသဿ၊ အာပတ္တိ ဒုက္ကဋဿာ’’တိ။</p>
<p class=""centered"">ဒုဋ္ဌုလ္လဝါစာသိက္ခာပဒံ နိဋ္ဌိတံ တတိယံ။</p>
<p class=""title"">၄။ အတ္တကာမပါရိစရိယသိက္ခာပဒံ</p>
<p class=""bodytext""><a name=""para290""></a><a name=""para290_vin1""></a><span class=""paranum"">၂၉၀</span>။ တေန <a name=""T1.0286""></a><a name=""V0.0195""></a> သမယေန ဗုဒ္ဓေါ ဘဂဝါ သာဝတ္ထိယံ ဝိဟရတိ ဇေတဝနေ အနာထပိဏ္ဍိကဿ အာရာမေ။ တေန ခေါ ပန သမယေန အာယသ္မာ ဥဒါယီ သာဝတ္ထိယံ ကုလူပကော ဟောတိ, ဗဟုကာနိ ကုလာနိ ဥပသင်္ကမတိ။ တေန ခေါ ပန သမယေန အညတရာ ဣတ္ထီ မတပတိကာ အဘိရူပါ ဟောတိ ဒဿနီယာ ပါသာဒိကာ။ အထ ခေါ အာယသ္မာ ဥဒါယီ ပုဗ္ဗဏှသမယံ နိဝါသေတွာ ပတ္တစီဝရမာဒါယ ယေန တဿာ ဣတ္ထိယာ နိဝေသနံ တေနုပသင်္ကမိ၊ ဥပသင်္ကမိတွာ <a name=""P3.0132""></a> ပညတ္တေ အာသနေ နိသီဒိ။ အထ ခေါ သာ ဣတ္ထီ ယေနာယသ္မာ ဥဒါယီ တေနုပသင်္ကမိ၊ ဥပသင်္ကမိတွာ အာယသ္မန္တံ ဥဒါယိံ အဘိဝါဒေတွာ ဧကမန္တံ နိသီဒိ။ ဧကမန္တံ နိသိန္နံ ခေါ တံ ဣတ္ထိံ အာယသ္မာ ဥဒါယီ ဓမ္မိယာ ကထာယ သန္ဒဿေသိ သမာဒပေသိ သမုတ္တေဇေသိ သမ္ပဟံသေသိ။ အထ ခေါ သာ ဣတ္ထီ အာယသ္မတာ ဥဒါယိနာ ဓမ္မိယာ ကထာယ သန္ဒဿိတာ သမာဒပိတာ သမုတ္တေဇိတာ သမ္ပဟံသိတာ အာယသ္မန္တံ ဥဒါယိံ ဧတဒဝေါစ – ‘‘ဝဒေယျာထ, ဘန္တေ, ယေန အတ္ထော။ ပဋိဗလာ မယံ အယျဿ ဒါတုံ ယဒိဒံ စီဝရပိဏ္ဍပါတသေနာသနဂိလာနပ္ပစ္စယဘေသဇ္ဇပရိက္ခာရ’’န္တိ။</p>
",-290-
193,mula_vi_01,193,"<p class=""bodytext"">‘‘န <a name=""M0.0193""></a> ခေါ တေ, ဘဂိနိ, အမှာကံ ဒုလ္လဘာ ယဒိဒံ စီဝရပိဏ္ဍပါတသေနာသနဂိလာနပ္ပစ္စယဘေသဇ္ဇပရိက္ခာရာ။ အပိစ, ယော အမှာကံ ဒုလ္လဘော တံ ဒေဟီ’’တိ။ ‘‘ကိံ, ဘန္တေ’’တိ? ‘‘မေထုနဓမ္မ’’န္တိ။ ‘‘အတ္ထော<a name=""T1.0287""></a>, ဘန္တေ’’တိ? ‘‘အတ္ထော, ဘဂိနီ’’တိ။ ‘‘ဧဟိ, ဘန္တေ’’တိ, ဩဝရကံ ပဝိသိတွာ သာဋကံ နိက္ခိပိတွာ မဉ္စကေ ဥတ္တာနာ နိပဇ္ဇိ။ အထ ခေါ အာယသ္မာ ဥဒါယီ ယေန သာ ဣတ္ထီ တေနုပသင်္ကမိ၊ ဥပသင်္ကမိတွာ – ‘‘ကော ဣမံ ဝသလံ ဒုဂ္ဂန္ဓံ အာမသိဿတီ’’တိ, နိဋ္ဌုဟိတွာ ပက္ကာမိ။ အထ ခေါ သာ ဣတ္ထီ ဥဇ္ဈာယတိ ခိယျတိ ဝိပါစေတိ – ‘‘အလဇ္ဇိနော ဣမေ သမဏာ သကျပုတ္တိယာ ဒုဿီလာ မုသာဝါဒိနော။ ဣမေ ဟိ နာမ ဓမ္မစာရိနော သမစာရိနော ဗြဟ္မစာရိနော သစ္စဝါဒိနော သီလဝန္တော ကလျာဏဓမ္မာ ပဋိဇာနိဿန္တိ! နတ္ထိ ဣမေသံ သာမညံ နတ္ထိ ဣမေသံ ဗြဟ္မညံ, နဋ္ဌံ ဣမေသံ သာမညံ နဋ္ဌံ ဣမေသံ ဗြဟ္မညံ, ကုတော ဣမေသံ သာမညံ ကုတော ဣမေသံ ဗြဟ္မညံ, အပဂတာ ဣမေ သာမညာ အပဂတာ ဣမေ ဗြဟ္မညာ။ ကထဉှိ နာမ သမဏော ဥဒါယီ မံ သာမံ မေထုနဓမ္မံ ယာစိတွာ, ‘ကော ဣမံ ဝသလံ ဒုဂ္ဂန္ဓံ အာမသိဿတီ’’တိ နိဋ္ဌုဟိတွာ ပက္ကမိဿတိ! ကိံ မေ ပါပကံ ကိံ မေ ဒုဂ္ဂန္ဓံ, ကဿာဟံ ကေန ဟာယာမီ’’တိ? အညာပိ ဣတ္ထိယော ဥဇ္ဈာယန္တိ ခိယျန္တိ ဝိပါစေန္တိ – ‘‘အလဇ္ဇိနော ဣမေ သမဏာ <a name=""V0.0196""></a> သကျပုတ္တိယာ ဒုဿီလာ မုသာဝါဒိနော…ပေ… ကထဉှိ နာမ သမဏော ဥဒါယီ ဣမိဿာ သာမံ မေထုနဓမ္မံ <a name=""T1.0288""></a> ယာစိတွာ, ‘ကော ဣမံ ဝသလံ ဒုဂ္ဂန္ဓံ အာမသိဿတီ’တိ နိဋ္ဌုဟိတွာ ပက္ကမိဿတိ! ကိံ ဣမိဿာ ပါပကံ ကိံ ဣမိဿာ ဒုဂ္ဂန္ဓံ, ကဿာယံ ကေန ဟာယတီ’’တိ? အဿောသုံ ခေါ ဘိက္ခူ တာသံ ဣတ္ထီနံ ဥဇ္ဈာယန္တီနံ ခိယျန္တီနံ ဝိပါစေန္တီနံ။ ယေ တေ ဘိက္ခူ အပ္ပိစ္ဆာ…ပေ… တေ ဥဇ္ဈာယန္တိ ခိယျန္တိ ဝိပါစေန္တိ – ‘‘ကထဉှိ နာမ အာယသ္မာ ဥဒါယီ မာတုဂါမဿ သန္တိကေ အတ္တကာမပါရိစရိယာယ ဝဏ္ဏံ ဘာသိဿတီ’’တိ!</p>
<p class=""bodytext"">အထ ခေါ တေ ဘိက္ခူ အာယသ္မန္တံ ဥဒါယိံ အနေကပရိယာယေန ဝိဂရဟိတွာ ဘဂဝတော ဧတမတ္ထံ အာရောစေသုံ။ အထ ခေါ ဘဂဝါ ဧတသ္မိံ နိဒါနေ ဧတသ္မိံ ပကရဏေ ဘိက္ခုသံဃံ သန္နိပါတာပေတွာ <a name=""P3.0133""></a> အာယသ္မန္တံ ဥဒါယိံ ပဋိပုစ္ဆိ – ‘‘သစ္စံ ကိရ တွံ, ဥဒါယိ, မာတုဂါမဿ သန္တိကေ အတ္တကာမပါရိစရိယာယ ဝဏ္ဏံ ဘာသသီ’’တိ? ‘‘သစ္စံ, ဘဂဝါ’’တိ။ ဝိဂရဟိ ဗုဒ္ဓေါ ဘဂဝါ – ‘‘အနနုစ္ဆဝိကံ, မောဃပုရိသ, အနနုလောမိကံ အပ္ပတိရူပံ အဿာမဏကံ အကပ္ပိယံ အကရဏီယံ။ ကထဉှိ နာမ တွံ, မောဃပုရိသ, မာတုဂါမဿ သန္တိကေ အတ္တကာမပါရိစရိယာယ ဝဏ္ဏံ ဘာသိဿသိ! နနု</p>
",
194,mula_vi_01,194,"<p class=""noindentbodytext""> မယာ<a name=""M0.0194""></a>, မောဃပုရိသ, အနေကပရိယာယေန ဝိရာဂါယ ဓမ္မော ဒေသိတော နော သရာဂါယ…ပေ… ကာမပရိဠာဟာနံ ဝူပသမော အက္ခာတော? နေတံ, မောဃပုရိသ, အပ္ပသန္နာနံ ဝါ ပသာဒါယ…ပေ… ဧဝဉ္စ ပန, ဘိက္ခဝေ, ဣမံ သိက္ခာပဒံ ဥဒ္ဒိသေယျာထ –</p>
<p class=""bodytext""><a name=""para291""></a><a name=""para291_vin1""></a><span class=""paranum"">၂၉၁</span>။ <span class=""bld"">‘‘ယော ပန ဘိက္ခု ဩတိဏ္ဏော ဝိပရိဏတေန စိတ္တေန မာတုဂါမဿ သန္တိကေ အတ္တကာမပါရိစရိယာယ ဝဏ္ဏံ ဘာသေယျ – ‘ဧတဒဂ္ဂံ, ဘဂိနိ, ပါရိစရိယာနံ ယာ မာဒိသံ သီလဝန္တံ ကလျာဏဓမ္မံ ဗြဟ္မစာရိံ ဧတေန ဓမ္မေန ပရိစရေယျာတိ မေထုနုပသံဟိတေန’, သံဃာဒိသေသော’’တိ</span>။</p>
<p class=""bodytext""><a name=""para292""></a><a name=""para292_vin1""></a><span class=""paranum"">၂၉၂</span>။ <span class=""bld"">ယော</span> <a name=""T1.0289""></a> <span class=""bld"">ပနာ</span>တိ ယော ယာဒိသော…ပေ… <span class=""bld"">ဘိက္ခူ</span>တိ…ပေ… အယံ ဣမသ္မိံ အတ္ထေ အဓိပ္ပေတော ဘိက္ခူတိ။</p>
<p class=""bodytext""><span class=""bld"">ဩတိဏ္ဏော</span> နာမ သာရတ္တော အပေက္ခဝါ ပဋိဗဒ္ဓစိတ္တော။</p>
<p class=""bodytext""><span class=""bld"">ဝိပရိဏတ</span>န္တိ ရတ္တမ္ပိ စိတ္တံ ဝိပရိဏတ္တံ, ဒုဋ္ဌမ္ပိ စိတ္တံ ဝိပရိဏတံ, မူဠှမ္ပိ စိတ္တံ ဝိပရိဏတံ။ အပိစ, ရတ္တံ စိတ္တံ ဣမသ္မိံ အတ္ထေ အဓိပ္ပေတံ ဝိပရိဏတန္တိ။</p>
<p class=""bodytext""><span class=""bld"">မာတုဂါမော</span> <a name=""V0.0197""></a> နာမ မနုဿိတ္ထီ, န ယက္ခီ, န ပေတီ, န တိရစ္ဆာနဂတာ။ ဝိညူ ပဋိဗလာ သုဘာသိတဒုဗ္ဘာသိတံ ဒုဋ္ဌလ္လာဒုဋ္ဌုလ္လံ အာဇာနိတုံ။</p>
<p class=""bodytext""><span class=""bld"">မာတုဂါမဿ သန္တိကေ</span>တိ မာတုဂါမဿ သာမန္တာ, မာတုဂါမဿ အဝိဒူရေ။</p>
<p class=""bodytext""><span class=""bld"">အတ္တကာမ</span>န္တိ အတ္တနော ကာမံ အတ္တနော ဟေတုံ အတ္တနော အဓိပ္ပါယံ အတ္တနော ပါရိစရိယံ။</p>
<p class=""bodytext""><span class=""bld"">ဧတဒဂ္ဂ</span>န္တိ ဧတံ အဂ္ဂံ ဧတံ သေဋ္ဌံ ဧတံ မောက္ခံ ဧတံ ဥတ္တမံ ဧတံ ပဝရံ။</p>
<p class=""bodytext""><span class=""bld"">ယာ</span>တိ ခတ္တိယီ <span class=""note"">[ခတ္တိယာ (သျာ။)]</span> ဝါ ဗြာဟ္မဏီ ဝါ ဝေဿီ ဝါ သုဒ္ဒီ ဝါ။</p>
<p class=""bodytext""><span class=""bld"">မာဒိသ</span>န္တိ ခတ္တိယံ ဝါ ဗြာဟ္မဏံ ဝါ ဝေဿံ ဝါ သုဒ္ဒံ ဝါ။</p>
<p class=""bodytext""><span class=""bld"">သီလဝန္တ</span>န္တိ ပါဏာတိပါတာ ပဋိဝိရတံ, အဒိန္နာဒါနာ ပဋိဝိရတံ, မုသာဝါဒါ ပဋိဝိရတံ။</p>
<p class=""bodytext""><span class=""bld"">ဗြဟ္မစာရိ</span>န္တိ မေထုနဓမ္မာ ပဋိဝိရတံ။</p>
<p class=""bodytext""><span class=""bld"">ကလျာဏဓမ္မော</span> နာမ တေန စ သီလေန တေန စ ဗြဟ္မစရိယေန ကလျာဏဓမ္မော ဟောတိ။</p>
",-291-292-
195,mula_vi_01,195,"<p class=""bodytext""><span class=""bld"">ဧတေန</span> <a name=""M0.0195""></a> <span class=""bld"">ဓမ္မေနာ</span>တိ မေထုနဓမ္မေန။</p>
<p class=""bodytext""><span class=""bld"">ပရိစရေယျာ</span>တိ အဘိရမေယျ။</p>
<p class=""bodytext""><span class=""bld"">မေထုနုပသံဟိတေနာ</span>တိ မေထုနဓမ္မပ္ပဋိသံယုတ္တေန။</p>
<p class=""bodytext""><span class=""bld"">သံဃာဒိသေသော</span>တိ…ပေ… တေနပိ ဝုစ္စတိ သံဃာဒိသေသောတိ။</p>
<p class=""bodytext""><a name=""para293""></a><a name=""para293_vin1""></a><span class=""paranum"">၂၉၃</span>။ ဣတ္ထီ <a name=""P3.0134""></a> စ ဟောတိ ဣတ္ထိသညီ သာရတ္တော စ။ ဘိက္ခု စ နံ ဣတ္ထိယာ သန္တိကေ အတ္တကာမပါရိစရိယာယ ဝဏ္ဏံ ဘာသတိ, အာပတ္တိ သံဃာဒိသေသဿ<a name=""T1.0290""></a>။</p>
<p class=""bodytext"">ဣတ္ထီ <a name=""V0.0198""></a> စ ဟောတိ ဝေမတိကော…ပေ… ပဏ္ဍကသညီ… ပုရိသသညီ… တိရစ္ဆာနဂတသညီ သာရတ္တော စ။ ဘိက္ခု စ နံ ဣတ္ထိယာ သန္တိကေ အတ္တကာမပါရိစရိယာယ ဝဏ္ဏံ ဘာသတိ, အာပတ္တိ ထုလ္လစ္စယဿ။</p>
<p class=""bodytext"">ပဏ္ဍကော စ ဟောတိ ပဏ္ဍကသညီ သာရတ္တော စ။ ဘိက္ခု စ နံ ပဏ္ဍကဿ သန္တိကေ အတ္တကာမပါရိစရိယာယ ဝဏ္ဏံ ဘာသတိ, အာပတ္တိ ထုလ္လစ္စယဿ။</p>
<p class=""bodytext"">ပဏ္ဍကော စ ဟောတိ ဝေမတိကော…ပေ… ပုရိသသညီ… တိရစ္ဆာနဂတသညီ… ဣတ္ထိသညီ သာရတ္တော စ။ ဘိက္ခု စ နံ ပဏ္ဍကဿ သန္တိကေ အတ္တကာမပါရိစရိယာယ ဝဏ္ဏံ ဘာသတိ, အာပတ္တိ ဒုက္ကဋဿ။</p>
<p class=""bodytext"">ပုရိသော စ ဟောတိ…ပေ… တိရစ္ဆာနဂတော စ ဟောတိ တိရစ္ဆာနဂတသညီ…ပေ… ဝေမတိကော ဣတ္ထိသညီ… ပဏ္ဍကသညီ… ပုရိသသညီ သာရတ္တော စ။ ဘိက္ခု စ နံ တိရစ္ဆာနဂတဿ သန္တိကေ အတ္တကာမပါရိစရိယာယ ဝဏ္ဏံ ဘာသတိ, အာပတ္တိ ဒုက္ကဋဿ။</p>
<p class=""bodytext"">ဒွေ ဣတ္ထိယော ဒွိန္နံ ဣတ္ထီနံ ဣတ္ထိသညီ သာရတ္တော စ။ ဘိက္ခု စ နံ ဒွိန္နံ ဣတ္ထီနံ သန္တိကေ အတ္တကာမပါရိစရိယာယ ဝဏ္ဏံ ဘာသတိ, အာပတ္တိ ဒွိန္နံ သံဃာဒိသေသာနံ…ပေ…<a name=""T1.0291""></a>။</p>
<p class=""bodytext"">ဣတ္ထီ စ ပဏ္ဍကော စ ဥဘိန္နံ ဣတ္ထိသညီ သာရတ္တော စ။ ဘိက္ခု စ နံ ဥဘိန္နံ သန္တိကေ အတ္တကာမပါရိစရိယာယ ဝဏ္ဏံ ဘာသတိ, အာပတ္တိ သံဃာဒိသေသေန ဒုက္ကဋဿ…ပေ…<a name=""T1.0292""></a>။</p>
<p class=""bodytext""><a name=""para294""></a><a name=""para294_vin1""></a><span class=""paranum"">၂၉၄</span>။ အနာပတ္တိ ‘‘စီဝရပိဏ္ဍပါတသေနာသနဂိလာနပ္ပစ္စယဘေသဇ္ဇပရိက္ခာရေန ဥပဋ္ဌဟာ’’တိ ဘဏတိ, ဥမ္မတ္တကဿ အာဒိကမ္မိကဿာတိ။</p>
",-293-294-
196,mula_vi_01,196,"<p class=""subhead"">ဝိနီတဝတ္ထုဥဒ္ဒါနဂါထာ</p>
<p class=""gatha1"">ကထံ <a name=""M0.0196""></a> ဝဉ္ဈာ လဘေ ပုတ္တံ, ပိယာ စ သုဘဂါ သိယံ၊</p>
<p class=""gathalast"">ကိံ ဒဇ္ဇံ ကေနုပဋ္ဌေယျံ, ကထံ ဂစ္ဆေယျံ သုဂ္ဂတိန္တိ။</p>
<p class=""subhead"">ဝိနီတဝတ္ထု</p>
<p class=""bodytext""><a name=""para295""></a><a name=""para295_vin1""></a><span class=""paranum"">၂၉၅</span>။ တေန <a name=""V0.0199""></a> ခေါ ပန သမယေန အညတရာ ဝဉ္ဈာ ဣတ္ထီ ကုလူပကံ ဘိက္ခုံ ဧတဒဝေါစ – ‘‘ကထာဟံ, ဘန္တေ, ဝိဇာယေယျ’’န္တိ? ‘‘တေန ဟိ, ဘဂိနိ, အဂ္ဂဒါနံ ဒေဟီ’’တိ။ ‘‘ကိံ, ဘန္တေ, အဂ္ဂဒါန’’န္တိ? ‘‘မေထုနဓမ္မ’’န္တိ။ တဿ ကုက္ကုစ္စံ အဟောသိ…ပေ… ‘‘အာပတ္တိံ တွံ, ဘိက္ခု, အာပန္နော သံဃာဒိသေသ’’န္တိ။</p>
<p class=""bodytext"">တေန ခေါ ပန သမယေန အညတရာ ဝိဇာယိနီ ဣတ္ထီ ကုလူပကံ ဘိက္ခုံ ဧတဒဝေါစ – ‘‘ကထာဟံ, ဘန္တေ, ပုတ္တံ လဘေယျ’’န္တိ? ‘‘တေန ဟိ, ဘဂိနိ, အဂ္ဂဒါနံ ဒေဟီ’’တိ။ ‘‘ကိံ, ဘန္တေ, အဂ္ဂဒါန’’န္တိ? ‘‘မေထုနဓမ္မ’’န္တိ။ တဿ ကုက္ကုစ္စံ အဟောသိ…ပေ… ‘‘အာပတ္တိံ တွံ, ဘိက္ခု, အာပန္နော သံဃာဒိသေသ’’န္တိ။</p>
<p class=""bodytext"">တေန ခေါ ပန သမယေန အညတရာ ဣတ္ထီ ကုလူပကံ ဘိက္ခုံ ဧတဒဝေါစ – ‘‘ကထာဟံ, ဘန္တေ, သာမိကဿ ပိယာ အဿ’’န္တိ? ‘‘တေန ဟိ, ဘဂိနိ, အဂ္ဂဒါနံ ဒေဟီ’’တိ။ ‘‘ကိံ, ဘန္တေ, အဂ္ဂဒါန’’န္တိ? ‘‘မေထုနဓမ္မ’’န္တိ။ တဿ ကုက္ကုစ္စံ အဟောသိ…ပေ… ‘‘အာပတ္တိံ တွံ, ဘိက္ခု, အာပန္နော သံဃာဒိသေသ’’န္တိ။</p>
<p class=""bodytext"">တေန ခေါ ပန သမယေန အညတရာ ဣတ္ထီ ကုလူပကံ ဘိက္ခုံ ဧတဒဝေါစ – ‘‘ကထာဟံ, ဘန္တေ, သုဘဂါ အဿ’’န္တိ? ‘‘တေန ဟိ<a name=""T1.0294""></a>, ဘဂိနိ, အဂ္ဂဒါနံ ဒေဟီ’’တိ။ ‘‘ကိံ, ဘန္တေ, အဂ္ဂဒါန’’န္တိ? ‘‘မေထုနဓမ္မ’’န္တိ။ တဿ ကုက္ကုစ္စံ အဟောသိ…ပေ… ‘‘အာပတ္တိံ တွံ, ဘိက္ခု, အာပန္နော သံဃာဒိသေသ’’န္တိ။</p>
<p class=""bodytext"">တေန ခေါ ပန သမယေန အညတရာ ဣတ္ထီ ကုလူပကံ ဘိက္ခုံ ဧတဒဝေါစ – ‘‘ကျာဟံ, ဘန္တေ, အယျဿ ဒဇ္ဇာမီ’’တိ? ‘‘အဂ္ဂဒါနံ, ဘဂိနီ’’တိ။ ‘‘ကိံ, ဘန္တေ, အဂ္ဂဒါန’’န္တိ? ‘‘မေထုနဓမ္မ’’န္တိ။ တဿ ကုက္ကုစ္စံ အဟောသိ…ပေ… ‘‘အာပတ္တိံ တွံ, ဘိက္ခု, အာပန္နော သံဃာဒိသေသ’’န္တိ။</p>
<p class=""bodytext"">တေန ခေါ ပန သမယေန အညတရာ ဣတ္ထီ ကုလူပကံ ဘိက္ခုံ ဧတဒဝေါစ – ‘‘ကေနာဟံ, ဘန္တေ, အယျံ ဥပဋ္ဌေမီ’’တိ? ‘‘အဂ္ဂဒါနေန, ဘဂိနီ’’တိ။ ‘‘ကိံ, ဘန္တေ, အဂ္ဂဒါန’’န္တိ? ‘‘မေထုနဓမ္မ’’န္တိ။ တဿ ကုက္ကုစ္စံ အဟောသိ…ပေ… ‘‘အာပတ္တိံ တွံ, ဘိက္ခု, အာပန္နော သံဃာဒိသေသ’’န္တိ။</p>
",-295-
197,mula_vi_01,197,"<p class=""bodytext"">တေန <a name=""M0.0197""></a><a name=""V0.0200""></a> ခေါ ပန သမယေန အညတရာ ဣတ္ထီ ကုလူပကံ ဘိက္ခုံ ဧတဒဝေါစ – ‘‘ကထာဟံ ဘန္တေ သုဂတိံ ဂစ္ဆေယျ’’န္တိ? ‘‘တေန ဟိ, ဘဂိနိ, အဂ္ဂဒါနံ ဒေဟီ’’တိ။ ‘‘ကိံ, ဘန္တေ, အဂ္ဂဒါန’’န္တိ? ‘‘မေထုနဓမ္မ’’န္တိ။ တဿ ကုက္ကုစ္စံ အဟောသိ…ပေ… ‘‘အာပတ္တိံ တွံ, ဘိက္ခု, အာပန္နော သံဃာဒိသေသ’’န္တိ။</p>
<p class=""centered"">အတ္တကာမပါရိစရိယသိက္ခာပဒံ နိဋ္ဌိတံ စတုတ္ထံ။</p>
<p class=""title"">၅။ သဉ္စရိတ္တသိက္ခာပဒံ</p>
<p class=""bodytext""><a name=""para296""></a><a name=""para296_vin1""></a><span class=""paranum"">၂၉၆</span>။ တေန <a name=""T1.0295""></a><a name=""P3.0135""></a> သမယေန ဗုဒ္ဓေါ ဘဂဝါ သာဝတ္ထိယံ ဝိဟရတိ ဇေတဝနေ အနာထပိဏ္ဍိကဿ အာရာမေ။ တေန ခေါ ပန သမယေန အာယသ္မာ ဥဒါယီ သာဝတ္ထိယံ ကုလူပကော ဟောတိ။ ဗဟုကာနိ ကုလာနိ ဥပသင်္ကမတိ။ ယတ္ထ ပဿတိ ကုမာရကံ ဝါ အပဇာပတိကံ, ကုမာရိကံ ဝါ အပတိကံ, ကုမာရကဿ မာတာပိတူနံ သန္တိကေ ကုမာရိကာယ ဝဏ္ဏံ ဘဏတိ – ‘‘အမုကဿ ကုလဿ ကုမာရိကာ အဘိရူပါ ဒဿနီယာ ပါသာဒိကာ ပဏ္ဍိတာ ဗျတ္တာ မေဓာဝိနီ ဒက္ခာ အနလသာ။ ဆန္နာ သာ ကုမာရိကာ ဣမဿ ကုမာရကဿာ’’တိ။ တေ ဧဝံ ဝဒန္တိ – ‘‘ဧတေ ခေါ, ဘန္တေ, အမှေ န ဇာနန္တိ – ‘ကေ ဝါ ဣမေ ကဿ ဝါ’တိ။ သစေ, ဘန္တေ, အယျော ဒါပေယျ အာနေယျာမ မယံ တံ ကုမာရိကံ ဣမဿ ကုမာရကဿာ’’တိ။ ကုမာရိကာယ မာတာပိတူနံ သန္တိကေ ကုမာရကဿ ဝဏ္ဏံ ဘဏတိ – ‘‘အမုကဿ ကုလဿ ကုမာရကော အဘိရူပေါ ဒဿနီယော ပါသာဒိကော ပဏ္ဍိတော ဗျတ္တော မေဓာဝီ ဒက္ခော အနလသော။ ဆန္နာယံ ကုမာရိကာ တဿ ကုမာရကဿာ’’တိ <span class=""note"">[ဆန္နော သော ကုမာရကော ဣမိဿာ ကုမာရိကာယာတိ (သျာ။)]</span>။ တေ ဧဝံ ဝဒန္တိ – ‘‘ဧတေ ခေါ, ဘန္တေ, အမှေ န ဇာနန္တိ – ‘ကေ ဝါ ဣမေ ကဿ ဝါ’တိ, ကိသ္မိံ ဝိယ ကုမာရိကာယ ဝတ္တုံ။ သစေ, ဘန္တေ, အယျော ယာစာပေယျ ဒဇ္ဇေယျာမ မယံ ဣမံ ကုမာရိကံ တဿ ကုမာရကဿာ’’တိ။ ဧတေနေဝ ဥပါယေန အာဝါဟာနိပိ ကာရာပေတိ<a name=""T1.0296""></a>, ဝိဝါဟာနိပိ ကာရာပေတိ, ဝါရေယျာနိပိ ကာရာပေတိ။</p>
<p class=""bodytext""><a name=""para297""></a><a name=""para297_vin1""></a><span class=""paranum"">၂၉၇</span>။ တေန ခေါ ပန သမယေန အညတရိဿာ ပုရာဏဂဏကိယာ ဓီတာ အဘိရူပါ ဟောတိ ဒဿနီယာ ပါသာဒိကာ။ တိရောဂါမကာ အာဇီဝကသာဝကာ အာဂန္တွာ တံ ဂဏကိံ ဧတဒဝေါစုံ – ‘‘ဒေဟာယျေ, ဣမံ ကုမာရိကံ အမှာကံ ကုမာရကဿာ’’တိ။ သာ ဧဝမာဟ – ‘‘အဟံ ခွယျော <span class=""note"">[ခွယျာ (သျာ။), ခွါယျော (က။)]</span></p>
",-296-297-
198,mula_vi_01,198,"<p class=""noindentbodytext""> တုမှေ<a name=""M0.0198""></a> န ဇာနာမိ – ‘ကေ ဝါ ဣမေ ကဿ ဝါ’တိ။ အယဉ္စ မေ ဧကဓီတိကာ, တိရောဂါမော စ ဂန္တဗ္ဗော, နာဟံ ဒဿာမီ’’တိ။ မနုဿာ တေ အာဇီဝကသာဝကေ ဧတဒဝေါစုံ – ‘‘ကိဿ တုမှေ, အယျော<a name=""V0.0201""></a>, အာဂတတ္ထာ’’တိ? ‘‘ဣဓ မယံ, အယျော, အမုကံ နာမ ဂဏကိံ ဓီတရံ ယာစိမှာ အမှာကံ ကုမာရကဿ။ သာ ဧဝမာဟ – ‘အဟံ, ခွယျော တုမှေ န ဇာနာမိ – ကေ ဝါ ဣမေ ကဿ ဝါ’တိ။ အယဉ္စ မေ ဧကဓီတိကာ, တိရောဂါမော စ ဂန္တဗ္ဗော, နာဟံ ဒဿာမီ’’တိ။ ‘‘ကိဿ တုမှေ, အယျော, တံ ဂဏကိံ ဓီတရံ ယာစိတ္ထ? နနု အယျော ဥဒါယီ ဝတ္တဗ္ဗော။ အယျော ဥဒါယီ ဒါပေဿတီ’’တိ။</p>
<p class=""bodytext"">အထ ခေါ တေ အာဇီဝကသာဝကာ <a name=""P3.0136""></a> ယေနာယသ္မာ ဥဒါယီ တေနုပသင်္ကမိံသု၊ ဥပသင်္ကမိတွာ အာယသ္မန္တံ ဥဒါယိံ ဧတဒဝေါစုံ – ‘‘ဣဓ မယံ, ဘန္တေ, အမုကံ နာမ ဂဏကိံ ဓီတရံ ယာစိမှာ အမှာကံ ကုမာရကဿ။ သာ ဧဝမာဟ – ‘အဟံ ခွယျော တုမှေ န ဇာနာမိ – ကေ ဝါ ဣမေ ကဿ ဝါတိ။ အယဉ္စ မေ ဧကဓီတိကာ, တိရောဂါမော စ ဂန္တဗ္ဗော, နာဟံ ဒဿာမီ’တိ။ သာဓု, ဘန္တေ, အယျော တံ ဂဏကိံ ဓီတရံ ဒါပေတု အမှာကံ ကုမာရကဿာ’’တိ။ အထ ခေါ အာယသ္မာ ဥဒါယီ ယေန သာ ဂဏကီ တေနုပသင်္ကမိ၊ ဥပသင်္ကမိတွာ တံ ဂဏကိံ ဧတဒဝေါစ – ‘‘ကိဿိမေသံ ဓီတရံ န <a name=""T1.0297""></a> ဒေသီ’’တိ? ‘‘အဟံ ခွယျ, ဣမေ န ဇာနာမိ – ‘ကေ ဝါ ဣမေ ကဿ ဝါ’တိ။ အယဉ္စ မေ ဧကဓီတိကာ, တိရောဂါမော စ ဂန္တဗ္ဗော, နာဟံ ဒဿာမီ’’တိ။ ‘‘ဒေဟိမေသံ။ အဟံ ဣမေ ဇာနာမီ’’တိ။ ‘‘သစေ, ဘန္တေ, အယျော ဇာနာတိ, ဒဿာမီ’’တိ။ အထ ခေါ သာ ဂဏကီ တေသံ အာဇီဝကသာဝကာနံ ဓီတရံ အဒါသိ။ အထ ခေါ တေ အာဇီဝကသာဝကာ တံ ကုမာရိကံ နေတွာ မာသံယေဝ သုဏိသဘောဂေန ဘုဉ္ဇိံသု။ တတော အပရေန ဒါသိဘောဂေန ဘုဉ္ဇန္တိ။</p>
<p class=""bodytext"">အထ ခေါ သာ ကုမာရိကာ မာတုယာ သန္တိကေ ဒူတံ ပါဟေသိ – ‘‘အဟမှိ ဒုဂ္ဂတာ ဒုက္ခိတာ, န သုခံ လဘာမိ။ မာသံယေဝ မံ သုဏိသဘောဂေန ဘုဉ္ဇိံသု။ တတော အပရေန ဒါသိဘောဂေန ဘုဉ္ဇန္တိ။ အာဂစ္ဆတု မေ မာတာ, မံ နေဿတူ’’တိ။ အထ ခေါ သာ ဂဏကီ ယေန တေ အာဇီဝကသာဝကာ တေနုပသင်္ကမိ၊ ဥပသင်္ကမိတွာ တေ အာဇီဝကသာဝကေ ဧတဒဝေါစ – ‘‘မာယျော, ဣမံ ကုမာရိကံ ဒါသိဘောဂေန ဘုဉ္ဇိတ္ထ။ သုဏိသဘောဂေန ဣမံ ကုမာရိကံ ဘုဉ္ဇထာ’’တိ။ တေ ဧဝမာဟံသု – ‘‘နတ္ထမှာကံ တယာ သဒ္ဓိံ အာဟာရူပဟာရော, သမဏေန သဒ္ဓိံ အမှာကံ အာဟာရူပ-</p>
",
199,mula_vi_01,199,"<p class=""noindentbodytext""> ဟာရော<a name=""M0.0199""></a>။ ဂစ္ဆ တွံ။ န မယံ တံ ဇာနာမာ’’တိ။ အထ ခေါ သာ ဂဏကီ တေဟိ အာဇီဝကသာဝကေဟိ အပသာဒိတာ ပုနဒေဝ သာဝတ္ထိံ ပစ္စာဂဉ္ဆိ။ ဒုတိယမ္ပိ ခေါ သာ ကုမာရိကာ မာတုယာ သန္တိကေ ဒူတံ ပါဟေသိ – ‘‘အဟမှိ ဒုဂ္ဂတာ ဒုက္ခိတာ, န သုခံ လဘာမိ။ မာသံယေဝ မံ သုဏိသဘောဂေန ဘုဉ္ဇိံသု။ တတော အပရေန ဒါသိဘောဂေန ဘုဉ္ဇန္တိ။ အာဂစ္ဆတု မေ မာတာ, မံ နေဿတူ’’တိ။ အထ ခေါ သာ ဂဏကီ ယေနာယသ္မာ <a name=""T1.0298""></a> ဥဒါယီ တေနုပသင်္ကမိ၊ ဥပသင်္ကမိတွာ အာယသ္မန္တံ ဥဒါယိံ <a name=""V0.0202""></a> ဧတဒဝေါစ – ‘‘သာ ကိရ, ဘန္တေ, ကုမာရိကာ ဒုဂ္ဂတာ ဒုက္ခိတာ, န သုခံ လဘတိ။ မာသံယေဝ နံ သုဏိသဘောဂေန ဘုဉ္ဇိံသု။ တတော အပရေန ဒါသိဘောဂေန ဘုဉ္ဇန္တိ။ ဝဒေယျာထ, ဘန္တေ – ‘မာယျော, ဣမံ ကုမာရိကံ ဒါသိဘောဂေန ဘုဉ္ဇိတ္ထ။ သုဏိသဘောဂေန ဣမံ ကုမာရိကံ ဘုဉ္ဇိထာ’’’တိ။</p>
<p class=""bodytext"">အထ ခေါ အာယသ္မာ ဥဒါယီ ယေန တေ အာဇီဝကသာဝကာ တေနုပသင်္ကမိ၊ ဥပသင်္ကမိတွာ တေ အာဇီဝကသာဝကေ ဧတဒဝေါစ – ‘‘မာယျော, ဣမံ ကုမာရိကံ ဒါသိဘောဂေန ဘုဇ္ဇိတ္ထ။ သုဏိသဘောဂေန ဣမံ ကုမာရိကံ ဘုဉ္ဇထာ’’တိ။ တေ ဧဝမာဟံသု – ‘‘နတ္ထမှာကံ တယာ သဒ္ဓိံ အာဟာရူပဟာရော, ဂဏကိယာ သဒ္ဓိံ အမှာကံ အာဟာရူပဟာရော။ သမဏေန ဘဝိတဗ္ဗံ အဗျာဝဋေန။ သမဏော <a name=""P3.0137""></a> အဿ သုသမဏော, ဂစ္ဆ တွံ, န မယံ တံ ဇာနာမာ’’တိ။ အထ ခေါ အာယသ္မာ ဥဒါယီ တေဟိ အာဇီဝကသာဝကေဟိ အပသာဒိတော ပုနဒေဝ သာဝတ္ထိံ ပစ္စာဂဉ္ဆိ။ တတိယမ္ပိ ခေါ သာ ကုမာရိကာ မာတုယာ သန္တိကေ ဒူတံ ပါဟေသိ – ‘‘အဟမှိ ဒုဂ္ဂတာ ဒုက္ခိတာ, န သုခံ လဘာမိ။ မာသံယေဝ မံ သုဏိသဘောဂေန ဘုဉ္ဇိံသု။ တတော အပရေန ဒါသိဘောဂေန ဘုဉ္ဇန္တိ။ အာဂစ္ဆတု မေ မာတာ, မံ နေဿတူ’’တိ။ ဒုတိယမ္ပိ ခေါ သာ ဂဏကီ ယေနာယသ္မာ ဥဒါယီ တေနုပသင်္ကမိ၊ ဥပသင်္ကမိတွာ အာယသ္မန္တံ ဥဒါယိံ ဧတဒဝေါစ – ‘‘သာ ကိရ, ဘန္တေ, ကုမာရိကာ ဒုဂ္ဂတာ ဒုက္ခိတာ, န သုခံ လဘတိ။ မာသံယေဝ နံ သုဏိသဘောဂေန ဘုဉ္ဇိံသု။ တတော အပရေန ဒါသိဘောဂေန ဘုဉ္ဇန္တိ။ ဝဒေယျာထ, ဘန္တေ – ‘မာယျော, ဣမံ ကုမာရိကံ ဒါသိဘောဂေန ဘုဉ္ဇိတ္ထ, သုဏိသဘောဂေန ဣမံ <a name=""T1.0299""></a> ကုမာရိကံ ဘုဉ္ဇထာ’’’တိ။ ‘‘ပဌမံပါဟံ တေဟိ အာဇီဝကသာဝကေဟိ အပသာဒိတော။ ဂစ္ဆ တွံ။ နာဟံ ဂမိဿာမီ’’တိ။</p>
<p class=""bodytext""><a name=""para298""></a><a name=""para298_vin1""></a><span class=""paranum"">၂၉၈</span>။ အထ ခေါ သာ ဂဏကီ ဥဇ္ဈာယတိ ခိယျတိ ဝိပါစေတိ – ‘‘ဧဝံ ဒုဂ္ဂတော ဟောတု အယျော ဥဒါယီ, ဧဝံ ဒုက္ခိတော ဟောတု အယျော ဥဒါယီ,</p>
",-298-
200,mula_vi_01,200,"<p class=""noindentbodytext""> ဧဝံ<a name=""M0.0200""></a> မာ သုခံ လဘတု အယျော ဥဒါယီ, ယထာ မေ ကုမာရိကာ ဒုဂ္ဂတာ ဒုက္ခိတာ န သုခံ လဘတိ ပါပိကာယ သဿုယာ ပါပကေန သသုရေန ပါပကေန သာမိကေနာ’’တိ။ သာပိ ခေါ ကုမာရိကာ ဥဇ္ဈာယတိ ခိယျတိ ဝိပါစေတိ – ‘‘ဧဝံ ဒုဂ္ဂတော ဟောတု အယျော ဥဒါယီ, ဧဝံ ဒုက္ခိတော ဟောတု အယျော ဥဒါယီ, ဧဝံ မာ သုခံ လဘတု အယျော ဥဒါယီ, ယထာဟံ ဒုဂ္ဂတာ ဒုက္ခိတာ န သုခံ လဘာမိ ပါပိကာယ သဿုယာ ပါပကေန သသုရေန ပါပကေန သာမိကေနာ’’တိ။ အညာပိ ဣတ္ထိယော အသန္တုဋ္ဌာ သဿူဟိ ဝါ သသုရေဟိ ဝါ သာမိကေဟိ ဝါ, တာ ဧဝံ ဩယာစန္တိ – ‘‘ဧဝံ ဒုဂ္ဂတော ဟောတု အယျော ဥဒါယီ, ဧဝံ ဒုက္ခိတော ဟောတု အယျော ဥဒါယီ, ဧဝံ မာ သုခံ လဘတု အယျော ဥဒါယီ, ယထာ မယံ ဒုဂ္ဂတာ ဒုက္ခိတာ န <a name=""V0.0203""></a> သုခံ လဘာမ ပါပိကာဟိ သဿူဟိ ပါပကေဟိ သသုရေဟိ ပါပကေဟိ သာမိကေဟီ’’တိ။ ယာ ပန တာ ဣတ္ထိယော သန္တုဋ္ဌာ သဿူဟိ ဝါ သသုရေဟိ ဝါ သာမိကေဟိ ဝါ တာ ဧဝံ အာယာစန္တိ – ‘‘ဧဝံ သုခိတော ဟောတု အယျော ဥဒါယီ, ဧဝံ သဇ္ဇိတော ဟောတု အယျော ဥဒါယီ, ဧဝံ သုခမေဓော <span class=""note"">[သုခမေဓိတော (သီ။ က။)]</span> ဟောတု အယျော ဥဒါယီ, ယထာ မယံ သုခိတာ သဇ္ဇိတာ သုခမေဓာ ဘဒ္ဒိကာဟိ သဿူဟိ ဘဒ္ဒကေဟိ သသုရေဟိ ဘဒ္ဒကေဟိ သာမိကေဟီ’’တိ။</p>
<p class=""bodytext"">အဿောသုံ <a name=""T1.0300""></a> ခေါ ဘိက္ခူ ဧကစ္စာနံ ဣတ္ထီနံ ဩယာစန္တီနံ ဧကစ္စာနံ ဣတ္ထီနံ အာယာစန္တီနံ။ ယေ တေ ဘိက္ခူ အပ္ပိစ္ဆာ…ပေ… တေ ဥဇ္ဈာယန္တိ ခိယျန္တိ ဝိပါစေန္တိ – ‘‘ကထဉှိ နာမ အာယသ္မာ ဥဒါယီ သဉ္စရိတ္တံ သမာပဇ္ဇိဿတီ’’တိ! အထ ခေါ တေ ဘိက္ခူ အာယသ္မန္တံ ဥဒါယိံ အနေကပရိယာယေန ဝိဂရဟိတွာ ဘဂဝတော ဧတမတ္ထံ အာရောစေသုံ။ အထ ခေါ ဘဂဝါ ဧတသ္မိံ နိဒါနေ ဧတသ္မိံ ပကရဏေ ဘိက္ခုသံဃံ သန္နိပါတာပေတွာ အာယသ္မန္တံ ဥဒါယိံ ပဋိပုစ္ဆိ – ‘‘သစ္စံ ကိရ တွံ, ဥဒါယိ, သဉ္စရိတ္တံ သမာပဇ္ဇသီ’’တိ? ‘‘သစ္စံ, ဘဂဝါ’’တိ။ ဝိဂရဟိ ဗုဒ္ဓေါ ဘဂဝါ…ပေ… ကထဉှိ နာမ တွံ, မောဃပုရိသ, သဉ္စရိတ္တံ သမာပဇ္ဇသိ! နေတံ, မောဃပုရိသ, အပ္ပသန္နာနံ ဝါ ပသာဒါယ…ပေ… ဧဝဉ္စ ပန, ဘိက္ခဝေ, ဣမံ သိက္ခာပဒံ ဥဒ္ဒိသေယျာထ –</p>
<p class=""bodytext""><a name=""para299""></a><a name=""para299_vin1""></a><span class=""paranum"">၂၉၉</span>။ <span class=""bld"">‘‘ယော</span> <a name=""P3.0138""></a> <span class=""bld"">ပန ဘိက္ခု သဉ္စရိတ္တံ သမာပဇ္ဇေယျ, ဣတ္ထိယာ ဝါ ပုရိသမတိံ ပုရိသဿ ဝါ ဣတ္ထိမတိံ, ဇာယတ္တနေ ဝါ ဇာရတ္တနေ ဝါ, သံဃာဒိသေသော’’</span>တိ။</p>
",-299-
201,mula_vi_01,201,"<p class=""bodytext"">ဧဝဉ္စိဒံ <a name=""M0.0201""></a> ဘဂဝတာ ဘိက္ခူနံ သိက္ခာပဒံ ပညတ္တံ ဟောတိ။</p>
<p class=""bodytext""><a name=""para300""></a><a name=""para300_vin1""></a><span class=""paranum"">၃၀၀</span>။ တေန ခေါ ပန သမယေန သမ္ဗဟုလာ ဓုတ္တာ ဥယျာနေ ပရိစာရေန္တာ အညတရိဿာ ဝေသိယာ သန္တိကေ ဒူတံ ပါဟေသုံ – ‘‘အာဂစ္ဆတု ဥယျာနေ, ပရိစာရေဿာမာ’’တိ။ သာ ဧဝမာဟ – ‘‘အဟံ ခွယျော တုမှေ န ဇာနာမိ – ‘ကေ ဝါ ဣမေ ကဿ ဝါ’တိ။ အဟဉ္စမှိ ဗဟုဘဏ္ဍာ ဗဟုပရိက္ခာရာ, ဗဟိနဂရဉ္စ ဂန္တဗ္ဗံ။ နာဟံ ဂမိဿာမီ’’တိ။ အထ ခေါ သော ဒူတော တေသံ ဓုတ္တာနံ ဧတမတ္ထံ အာရောစေသိ။ ဧဝံ ဝုတ္တေ, အညတရော ပုရိသော <a name=""T1.0301""></a> တေ ဓုတ္တေ ဧတဒဝေါစ – ‘‘ကိဿ တုမှေ အယျော ဧတံ ဝေသိံ ယာစိတ္ထ? နနု အယျော ဥဒါယီ ဝတ္တဗ္ဗော! အယျော ဥဒါယီ ဥယျောဇေဿတီ’’တိ။ ဧဝံ ဝုတ္တေ, အညတရော ဥပါသကော တံ ပုရိသံ ဧတဒဝေါစ – ‘‘မာယျော ဧဝံ အဝစ။ န ကပ္ပတိ သမဏာနံ သကျပုတ္တိယာနံ ဧဝရူပံ ကာတုံ။ နာယျော ဥဒါယီ ဧဝံ ကရိဿတီ’’တိ။ ဧဝံ ဝုတ္တေ, ‘‘ကရိဿတိ န ကရိဿတီ’’တိ အဗ္ဘုတမကံသု။ အထ ခေါ တေ ဓုတ္တာ ယေနာယသ္မာ <a name=""V0.0204""></a> ဥဒါယီ တေနုပသင်္ကမိံသု၊ ဥပသင်္ကမိတွာ အာယသ္မန္တံ ဥဒါယိံ ဧတဒဝေါစုံ – ‘‘ဣဓ မယံ, ဘန္တေ, ဥယျာနေ ပရိစာရေန္တာ အသုကာယ နာမ ဝေသိယာ သန္တိကေ ဒူတံ ပဟိဏိမှာ – ‘အာဂစ္ဆတု ဥယျာနေ, ပရိစာရေဿာမာ’တိ။ သာ ဧဝမာဟ – ‘အဟံ ခွယျော တုမှေ န ဇာနာမိ – ကေ ဝါ ဣမေ ကဿ ဝါတိ, အဟဉ္စမှိ ဗဟုဘဏ္ဍာ ဗဟုပရိက္ခာရာ, ဗဟိနဂရဉ္စ ဂန္တဗ္ဗံ။ နာဟံ ဂမိဿာမီ’တိ။ သာဓု, ဘန္တေ, အယျော တံ ဝသိံ ဥယျောဇေတူ’’တိ။</p>
<p class=""bodytext"">အထ ခေါ အာယသ္မာ ဥဒါယီ ယေန သာ ဝေသီ တေနုပသင်္ကမိ၊ ဥပသင်္ကမိတွာ တံ ဝေသိံ ဧတဒဝေါစ – ‘‘ကိဿိမေသံ န ဂစ္ဆသီ’’တိ? ‘‘အဟံ ခွယျ ဣမေ န ဇာနာမိ – ‘ကေ ဝါ ဣမေ ကဿ ဝါ’တိ။ အဟဉ္စမှိ ဗဟုဘဏ္ဍာ ဗဟုပရိက္ခာရာ, ဗဟိနဂရဉ္စ ဂန္တဗ္ဗံ။ နာဟံ ဂမိဿာမီ’’တိ။ ‘‘ဂစ္ဆိမေသံ။ အဟံ ဣမေ ဇာနာမီ’’တိ။ ‘‘သစေ, ဘန္တေ, အယျော ဇာနာတိ အဟံ ဂမိဿာမီ’’တိ။ အထ ခေါ တေ ဓုတ္တာ တံ ဝေသိံ အာဒါယ ဥယျာနံ အဂမံသု။ အထ ခေါ သော ဥပါသကော ဥဇ္ဈာယတိ ခိယျတိ ဝိပါစေတိ – ‘‘ကထဉှိ နာမ အယျော ဥဒါယီ တင်္ခဏိကံ သဉ္စရိတ္တံ သမာပဇ္ဇိဿတီ’’တိ။ အဿောသုံ ခေါ ဘိက္ခူ တဿ ဥပါသကဿ ဥဇ္ဈာယန္တဿ ခိယျန္တဿ <a name=""T1.0302""></a> ဝိပါစေန္တဿ။ ယေ တေ ဘိက္ခူ အပ္ပိစ္ဆာ…ပေ… တေ ဥဇ္ဈာယန္တိ ခိယျန္တိ ဝိပါစေန္တိ – ‘‘ကထဉှိ နာမ အာယသ္မာ ဥဒါယီ တင်္ခဏိကံ သဉ္စရိတ္တံ သမာပဇ္ဇိဿတီ’’တိ! အထ ခေါ တေ ဘိက္ခူ</p>
",-300-
202,mula_vi_01,202,"<p class=""noindentbodytext""> အာယသ္မန္တံ<a name=""M0.0202""></a> ဥဒါယိံ အနေကပရိယာယေန ဝိဂရဟိတွာ ဘဂဝတော <a name=""P3.0139""></a> ဧတမတ္ထံ အာရောစေသုံ…ပေ… ‘‘သစ္စံ ကိရ တွံ, ဥဒါယိ, တင်္ခဏိကံ သဉ္စရိတ္တံ သမာပဇ္ဇသီ’’တိ? ‘‘သစ္စံ, ဘဂဝါ’’တိ။ ဝိဂရဟိ ဗုဒ္ဓေါ ဘဂဝါ…ပေ… ‘‘ကထဉှိ နာမ တွံ, မောဃပုရိသ, တင်္ခဏိကံ သဉ္စရိတ္တံ သမာပဇ္ဇိဿသိ? နေတံ, မောဃပုရိသ, အပ္ပသန္နာနံ ဝါ ပသာဒါယ…ပေ… ဧဝဉ္စ ပန, ဘိက္ခဝေ, ဣမံ သိက္ခာပဒံ ဥဒ္ဒိသေယျာထ –</p>
<p class=""bodytext""><a name=""para301""></a><a name=""para301_vin1""></a><span class=""paranum"">၃၀၁</span>။ <span class=""bld"">‘‘ယော ပန ဘိက္ခု သဉ္စရိတ္တံ သမာပဇ္ဇေယျ, ဣတ္ထိယာ ဝါ ပုရိသမတိံ ပုရိသဿ ဝါ ဣတ္ထိမတိံ, ဇာယတ္တနေ ဝါ ဇာရတ္တနေ ဝါ, အန္တမသော တင်္ခဏိကာယပိ, သံဃာဒိသေသော’’</span>တိ။</p>
<p class=""bodytext""><a name=""para302""></a><a name=""para302_vin1""></a><span class=""paranum"">၃၀၂</span>။ <span class=""bld"">ယော ပနာ</span>တိ ယော ယာဒိသော…ပေ… <span class=""bld"">ဘိက္ခူ</span>တိ…ပေ… အယံ ဣမသ္မိံ အတ္ထေ အဓိပ္ပေတော ဘိက္ခူတိ။</p>
<p class=""bodytext""><span class=""bld"">သဉ္စရိတ္တံ သမာပဇ္ဇေယျာ</span>တိ ဣတ္ထိယာ ဝါ ပဟိတော ပုရိသဿ သန္တိကေ ဂစ္ဆတိ, ပုရိသေန ဝါ ပဟိတော ဣတ္ထိယာ သန္တိကေ ဂစ္ဆတိ။</p>
<p class=""bodytext""><span class=""bld"">ဣတ္ထိယာ</span> <a name=""V0.0205""></a> <span class=""bld"">ဝါ ပုရိသမတိ</span>န္တိ ပုရိသဿ မတိံ ဣတ္ထိယာ အာရောစေတိ။</p>
<p class=""bodytext""><span class=""bld"">ပုရိသဿ ဝါ ဣတ္ထိမတိ</span>န္တိ ဣတ္ထိယာ မတိံ ပုရိသဿ အာရောစေတိ။</p>
<p class=""bodytext""><span class=""bld"">ဇာယတ္တနေ ဝါ</span>တိ ဇာယာ ဘဝိဿသိ။</p>
<p class=""bodytext""><span class=""bld"">ဇာရတ္တနေ ဝါ</span>တိ ဇာရီ ဘဝိဿသိ။</p>
<p class=""bodytext""><span class=""bld"">အန္တမသော တင်္ခဏိကာယပီ</span>တိ မုဟုတ္တိကာ ဘဝိဿသိ<a name=""T1.0303""></a>။</p>
<p class=""bodytext""><span class=""bld"">သံဃာဒိသေသော</span>တိ…ပေ… တေနပိ ဝုစ္စတိ သံဃာဒိသေသောတိ။</p>
<p class=""bodytext""><a name=""para303""></a><a name=""para303_vin1""></a><span class=""paranum"">၃၀၃</span>။ ဒသ ဣတ္ထိယော – မာတုရက္ခိတာ ပိတုရက္ခိတာ မာတာပိတုရက္ခိတာ ဘာတုရက္ခိတာ ဘဂိနိရက္ခိတာ ဉာတိရက္ခိတာ ဂေါတ္တရက္ခိတာ ဓမ္မရက္ခိတာ သာရက္ခာ သပရိဒဏ္ဍာ။</p>
<p class=""bodytext"">ဒသ ဘရိယာယော – ဓနက္ကီတာ ဆန္ဒဝါသိနီ ဘောဂဝါသိနီ ပဋဝါသိနီ ဩဒပတ္တကိနီ ဩဘဋစုမ္ဗဋာ ဒါသီ စ ဘရိယာ စ ကမ္မကာရီ စ ဘရိယာ စ ဓဇာဟဋာ မုဟုတ္တိကာ။</p>
<p class=""bodytext""><a name=""para304""></a><a name=""para304_vin1""></a><span class=""paranum"">၃၀၄</span>။ <span class=""bld"">မာတုရက္ခိတာ</span> နာမ မာတာ ရက္ခတိ ဂေါပေတိ ဣဿရိယံ ကာရေတိ ဝသံ ဝတ္တေတိ။</p>
",-301-302-303-304-
203,mula_vi_01,203,"<p class=""bodytext""><span class=""bld"">ပိတုရက္ခိတာ</span> <a name=""M0.0203""></a> နာမ ပိတာ ရက္ခတိ ဂေါပေတိ ဣဿရိယံ ကာရေတိ ဝသံ ဝတ္တေတိ။</p>
<p class=""bodytext""><span class=""bld"">မာတာပိတုရက္ခိတာ</span> နာမ မာတာပိတရော ရက္ခန္တိ ဂေါပေန္တိ ဣဿရိယံ ကာရေန္တိ ဝသံ ဝတ္တေန္တိ။</p>
<p class=""bodytext""><span class=""bld"">ဘာတုရက္ခိတာ</span> နာမ ဘာတာ ရက္ခတိ ဂေါပေတိ ဣဿရိယံ ကာရေတိ ဝသံ ဝတ္တေတိ။</p>
<p class=""bodytext""><span class=""bld"">ဘဂိနိရက္ခိတာ</span> နာမ ဘဂိနီ ရက္ခတိ ဂေါပေတိ ဣဿရိယံ ကာရေတိ ဝသံ ဝတ္တေတိ။</p>
<p class=""bodytext""><span class=""bld"">ဉာတိရက္ခိတာ</span> <a name=""V0.0206""></a> နာမ ဉာတကာ ရက္ခန္တိ ဂေါပေန္တိ ဣဿရိယံ ကာရေန္တိ ဝသံ ဝတ္တေန္တိ။</p>
<p class=""bodytext""><span class=""bld"">ဂေါတ္တရက္ခိတာ</span> နာမ သဂေါတ္တာ ရက္ခန္တိ ဂေါပေန္တိ ဣဿရိယံ ကာရေန္တိ ဝသံ ဝတ္တေန္တိ။</p>
<p class=""bodytext""><span class=""bld"">ဓမ္မရက္ခိတာ</span> နာမ သဟဓမ္မိကာ ရက္ခန္တိ ဂေါပေန္တိ ဣဿရိယံ ကာရေန္တိ ဝသံ ဝတ္တေန္တိ။</p>
<p class=""bodytext""><span class=""bld"">သာရက္ခာ</span> နာမ ဂဗ္ဘေပိ ပရိဂ္ဂဟိတာ ဟောတိ – မယှံ ဧသာတိ။ အန္တမသော မာလာဂုဠပရိက္ခိတ္တာပိ။</p>
<p class=""bodytext""><span class=""bld"">သပရိဒဏ္ဍာ</span> နာမ ကေဟိစိ ဒဏ္ဍော ဌပိတော ဟောတိ – ယော ဣတ္ထန္နာမံ ဣတ္ထိံ ဂစ္ဆတိ ဧတ္တကော ဒဏ္ဍောတိ။</p>
<p class=""bodytext""><span class=""bld"">ဓနက္ကီတာ</span> <a name=""T1.0304""></a><a name=""P3.0140""></a> နာမ ဓနေန ကိဏိတွာ ဝါသေတိ။</p>
<p class=""bodytext""><span class=""bld"">ဆန္ဒဝါသိနီ</span> နာမ ပိယော ပိယံ ဝါသေတိ။</p>
<p class=""bodytext""><span class=""bld"">ဘောဂဝါသိနီ</span> နာမ ဘောဂံ ဒတွာ ဝါသေတိ။</p>
<p class=""bodytext""><span class=""bld"">ပဋဝါသိနီ</span> နာမ ပဋံ ဒတွာ ဝါသေတိ။</p>
<p class=""bodytext""><span class=""bld"">ဩဒပတ္တကိနီ</span> နာမ ဥဒကပတ္တံ အာမသိတွာ ဝါသေတိ။</p>
<p class=""bodytext""><span class=""bld"">ဩဘဋစုမ္ဗဋာ</span> နာမ စုမ္ဗဋံ ဩရောပေတွာ ဝါသေတိ။</p>
<p class=""bodytext""><span class=""bld"">ဒါသီ</span> နာမ ဒါသီ စေဝ ဟောတိ ဘရိယာ စ။</p>
<p class=""bodytext""><span class=""bld"">ကမ္မကာရီ</span> နာမ ကမ္မကာရီ စေဝ ဟောတိ ဘရိယာ စ။</p>
<p class=""bodytext""><span class=""bld"">ဓဇာဟဋာ</span> နာမ ကရမရာနီတာ ဝုစ္စတိ။</p>
<p class=""bodytext""><span class=""bld"">မုဟုတ္တိကာ</span> <a name=""V0.0207""></a> နာမ တင်္ခဏိကာ ဝုစ္စတိ။</p>
",
204,mula_vi_01,204,"<p class=""bodytext""><a name=""para305""></a><a name=""para305_vin1""></a><span class=""paranum"">၃၀၅</span>။ ပုရိသော <a name=""M0.0204""></a> ဘိက္ခုံ ပဟိဏတိ – ‘‘ဂစ္ဆ, ဘန္တေ, ဣတ္ထန္နာမံ မာတုရက္ခိတံ ဗြူဟိ – ‘ဟောဟိ ကိရ ဣတ္ထန္နာမဿ ဘရိယာ ဓနက္ကီတာ’’’တိ။ ပဋိဂ္ဂဏှာတိ ဝီမံသတိ ပစ္စာဟရတိ, အာပတ္တိ သံဃာဒိသေသဿ။</p>
<p class=""bodytext"">ပုရိသော ဘိက္ခုံ ပဟိဏတိ – ‘‘ဂစ္ဆ, ဘန္တေ, ဣတ္ထန္နာမံ ပိတုရက္ခိတံ ဗြူဟိ…ပေ… မာတာပိတုရက္ခိတံ ဗြူဟိ… ဘာတုရက္ခိတံ ဗြူဟိ… ဘဂိနိရက္ခိတံ ဗြူဟိ… ဉာတိရက္ခိတံ ဗြူဟိ… ဂေါတ္တရက္ခိတံ ဗြူဟိ… ဓမ္မရက္ခိတံ ဗြူဟိ… သာရက္ခံ ဗြူဟိ… သပရိဒဏ္ဍံ ဗြူဟိ – ‘ဟောဟိ ကိရ ဣတ္ထန္နာမဿ ဘရိယာ ဓနက္ကီတာ’’’တိ။ ပဋိဂ္ဂဏှာတိ ဝီမံသတိ ပစ္စာဟရတိ, အာပတ္တိ သံဃာဒိသေသဿ။</p>
<p class=""centered"">နိက္ခေပပဒါနိ။</p>
<p class=""bodytext""><a name=""para306""></a><a name=""para306_vin1""></a><span class=""paranum"">၃၀၆</span>။ ပုရိသော ဘိက္ခုံ ပဟိဏတိ – ‘‘ဂစ္ဆ, ဘန္တေ, ဣတ္ထန္နာမံ မာတုရက္ခိတဉ္စ ပိတုရက္ခိတဉ္စ ဗြူဟိ – ‘ဟောထ ကိရ ဣတ္ထန္နာမဿ ဘရိယာယော <a name=""T1.0305""></a> ဓနက္ကီတာ’’’တိ။ ပဋိဂ္ဂဏှာတိ ဝီမံသတိ ပစ္စာဟရတိ, အာပတ္တိ သံဃာဒိသေသဿ။</p>
<p class=""bodytext"">ပုရိသော ဘိက္ခုံ ပဟိဏတိ – ‘‘ဂစ္ဆ, ဘန္တေ, ဣတ္ထန္နာမံ မာတုရက္ခိတဉ္စ ပိတုရက္ခိတဉ္စ …ပေ… မာတုရက္ခိတဉ္စ ဘာတုရက္ခိတဉ္စ … မာတုရက္ခိတဉ္စ ဘဂိနိရက္ခိတဉ္စ… မာတုရက္ခိတဉ္စ ဉာတိရက္ခိတဉ္စ… မာတုရက္ခိတဉ္စ ဂေါတ္တရက္ခိတဉ္စ… မာတုရက္ခိတဉ္စ ဓမ္မရက္ခိတဉ္စ… မာတုရက္ခိတဉ္စ သာရက္ခဉ္စ… မာတုရက္ခိတဉ္စ သပရိဒဏ္ဍဉ္စ ဗြူဟိ – ‘ဟောထ ကိရ ဣတ္ထန္နာမဿ ဘရိယာယော ဓနက္ကီတာ’’’တိ။ ပဋိဂ္ဂဏှာတိ ဝီမံသတိ ပစ္စာဟရတိ, အာပတ္တိ သံဃာဒိသေသဿ။</p>
<p class=""centered"">ခဏ္ဍစက္ကံ။</p>
<p class=""bodytext""><a name=""para307""></a><a name=""para307_vin1""></a><span class=""paranum"">၃၀၇</span>။ ပုရိသော ဘိက္ခုံ ပဟိဏတိ – ‘‘ဂစ္ဆ, ဘန္တေ, ဣတ္ထန္နာမံ ပိတုရက္ခိတဉ္စ မာတာပိတုရက္ခိတဉ္စ ဗြူဟိ – ‘ဟောထ ကိရ ဣတ္ထန္နာမဿ ဘရိယာယော ဓနက္ကီတာ’’’တိ။ ပဋိဂ္ဂဏှာတိ ဝီမံသတိ ပစ္စာဟရတိ, အာပတ္တိ သံဃာဒိသေသဿ။</p>
<p class=""bodytext"">ပုရိသော <a name=""V0.0208""></a> ဘိက္ခုံ ပဟိဏတိ – ‘‘ဂစ္ဆ, ဘန္တေ, ဣတ္ထန္နာမံ ပိတုရက္ခိတဉ္စ ဘာတုရက္ခိတဉ္စ…ပေ… ပိတုရက္ခိတဉ္စ ဘဂိနိရက္ခိတဉ္စ… ပိတုရက္ခိတဉ္စ ဉာတိရက္ခိတဉ္စ… ပိတုရက္ခိတဉ္စ ဂေါတ္တရက္ခိတဉ္စ… ပိတုရက္ခိတဉ္စ ဓမ္မရက္ခိတဉ္စ… ပိတုရက္ခိတဉ္စ သာရက္ခဉ္စ… ပိတုရက္ခိတဉ္စ သပရိဒဏ္ဍဉ္စ ဗြူဟိ – ‘ဟောထ ကိရ ဣတ္ထန္နာမဿ ဘရိယာယော ဓနက္ကီတာ’’’တိ။ ပဋိဂ္ဂဏှာတိ ဝီမံသတိ ပစ္စာဟရတိ, အာပတ္တိ သံဃာဒိသေသဿ။</p>
",-305-306-307-
205,mula_vi_01,205,"<p class=""bodytext"">ပုရိသော <a name=""M0.0205""></a> ဘိက္ခုံ ပဟိဏတိ – ‘‘ဂစ္ဆ, ဘန္တေ, ဣတ္ထန္နာမံ ပိတုရက္ခိတဉ္စ မာတုရက္ခိတဉ္စ ဗြူဟိ – ‘ဟောထ ကိရ ဣတ္ထန္နာမဿ ဘရိယာယော <a name=""T1.0306""></a> ဓနက္ကီတာ’’’တိ။ ပဋိဂ္ဂဏှာတိ ဝီမံသတိ ပစ္စာဟရတိ, အာပတ္တိ သံဃာဒိသေသဿ။</p>
<p class=""centered"">ဗဒ္ဓစက္ကံ မူလံ သံခိတ္တံ။</p>
<p class=""bodytext""><a name=""para308""></a><a name=""para308_vin1""></a><span class=""paranum"">၃၀၈</span>။ ပုရိသော ဘိက္ခုံ ပဟိဏတိ – ‘‘ဂစ္ဆ, ဘန္တေ, ဣတ္ထန္နာမံ သပရိဒဏ္ဍဉ္စ မာတုရက္ခိတဉ္စ ဗြူဟိ – ‘ဟောထ ကိရ ဣတ္ထန္နာမဿ ဘရိယာယော ဓနက္ကီတာ’’’တိ။ ပဋိဂ္ဂဏှာတိ ဝီမံသတိ ပစ္စာဟရတိ, အာပတ္တိ သံဃာဒိသေသဿ။</p>
<p class=""bodytext"">ပုရိသော ဘိက္ခုံ ပဟိဏတိ – ‘‘ဂစ္ဆ, ဘန္တေ, ဣတ္ထန္နာမံ သပရိဒဏ္ဍဉ္စ ပိတုရက္ခိတဉ္စ …ပေ… သပရိဒဏ္ဍဉ္စ မာတာပိတုရက္ခိတဉ္စ… သပရိဒဏ္ဍဉ္စ ဘာတုရက္ခိတဉ္စ… သပရိဒဏ္ဍဉ္စ ဘဂိနိရက္ခိတဉ္စ… သပရိဒဏ္ဍဉ္စ ဉာတိရက္ခိတဉ္စ… သပရိဒဏ္ဍဉ္စ ဂေါတ္တရက္ခိတဉ္စ… သပရိဒဏ္ဍဉ္စ ဓမ္မရက္ခိတဉ္စ… သပရိဒဏ္ဍဉ္စ သာရက္ခဉ္စ ဗြူဟိ – ‘ဟောထ ကိရ ဣတ္ထန္နာမဿ ဘရိယာယော ဓနက္ကီတာ’’’တိ။ ပဋိဂ္ဂဏှာတိ ဝီမံသတိ ပစ္စာဟရတိ, အာပတ္တိ သံဃာဒိသေသဿ။</p>
<p class=""centered"">ဧကမူလကံ နိဋ္ဌိတံ။</p>
<p class=""bodytext"">ဧဝံ ဒုမူလကမ္ပိ <a name=""T1.0307""></a> တိမူလကမ္ပိ <a name=""T1.0308""></a> ယာဝ နဝမူလကံ ကာတဗ္ဗံ။</p>
<p class=""centered"">ဣဒံ ဒသမူလကံ</p>
<p class=""bodytext""><a name=""para309""></a><a name=""para309_vin1""></a><span class=""paranum"">၃၀၉</span>။ ပုရိသော <a name=""T1.0310""></a> ဘိက္ခုံ ပဟိဏတိ – ‘‘ဂစ္ဆ, ဘန္တေ, ဣတ္ထန္နာမံ မာတုရက္ခိတဉ္စ ပိတုရက္ခိတဉ္စ <a name=""V0.0209""></a> မာတာပိတုရက္ခိတဉ္စ ဘာတုရက္ခိတဉ္စ ဘဂိနိရက္ခိတဉ္စ ဉာတိရက္ခိတဉ္စ ဂေါတ္တရက္ခိတဉ္စ ဓမ္မရက္ခိတဉ္စ သာရက္ခဉ္စ သပရိဒဏ္ဍဉ္စ ဗြူဟိ – ‘ဟောထ ကိရ ဣတ္ထန္နာမဿ ဘရိယာယော ဓနက္ကီတာ’’’တိ။ ပဋိဂ္ဂဏှာတိ ဝီမံသတိ ပစ္စာဟရတိ, အာပတ္တိ သံဃာဒိသေသဿ။</p>
<p class=""centered"">ဓနက္ကီတာစက္ကံ နိဋ္ဌိတံ။</p>
<p class=""bodytext""><a name=""para310""></a><a name=""para310_vin1""></a><span class=""paranum"">၃၁၀</span>။ ပုရိသော ဘိက္ခုံ ပဟိဏတိ – ‘‘ဂစ္ဆ, ဘန္တေ, ဣတ္ထန္နာမံ မာတုရက္ခိတံ ဗြူဟိ – ‘ဟောဟိ ကိရ ဣတ္ထန္နာမဿ ဘရိယာ ဆန္ဒဝါသိနီ…ပေ… ဘောဂဝါသိနီ… ပဋဝါသိနီ… ဩဒပတ္တကိနီ… ဩဘဋစုမ္ဗဋာ… ဒါသီ စ ဘရိယာ စ… ကမ္မကာရီ စ ဘရိယာ စ… ဓဇာဟဋာ… မုဟုတ္တိကာ’’’တိ။ ပဋိဂ္ဂဏှာတိ ဝီမံသတိ ပစ္စာဟရတိ, အာပတ္တိ သံဃာဒိသေသဿ။</p>
",-308-309-310-
206,mula_vi_01,206,"<p class=""bodytext"">ပုရိသော <a name=""M0.0206""></a> ဘိက္ခုံ ပဟိဏတိ – ‘‘ဂစ္ဆ, ဘန္တေ, ဣတ္ထန္နာမံ ပိတုရက္ခိတံ ဗြူဟိ…ပေ… မာတာပိတုရက္ခိတံ ဗြူဟိ… ဘာတုရက္ခိတံ ဗြူဟိ… ဘဂိနိရက္ခိတံ ဗြူဟိ… ဉာတိရက္ခိတံ ဗြူဟိ… ဂေါတ္တရက္ခိတံ ဗြူဟိ… ဓမ္မရက္ခိတံ ဗြူဟိ… သာရက္ခံ ဗြူဟိ… သပရိဒဏ္ဍံ ဗြူဟိ – ‘ဟောဟိ ကိရ ဣတ္ထန္နာမဿ ဘရိယာ မုဟုတ္တိကာ’’’တိ။ ပဋိဂ္ဂဏှာတိ ဝီမံသတိ ပစ္စာဟရတိ, အာပတ္တိ သံဃာဒိသေသဿ။</p>
<p class=""centered"">နိက္ခေပပဒါနိ။</p>
<p class=""bodytext""><a name=""para311""></a><a name=""para311_vin1""></a><span class=""paranum"">၃၁၁</span>။ ပုရိသော ဘိက္ခုံ ပဟိဏတိ – ‘‘ဂစ္ဆ, ဘန္တေ, ဣတ္ထန္နာမံ မာတုရက္ခိတဉ္စ ပိတုရက္ခိတဉ္စ ဗြူဟိ – ‘ဟောထ ကိရ ဣတ္ထန္နာမဿ ဘရိယာယော မုဟုတ္တိကာ’’’တိ။ ပဋိဂ္ဂဏှာတိ ဝီမံသတိ ပစ္စာဟရတိ, အာပတ္တိ သံဃာဒိသေသဿ။</p>
<p class=""bodytext"">ပုရိသော ဘိက္ခုံ <a name=""T1.0311""></a> ပဟိဏတိ – ‘‘ဂစ္ဆ, ဘန္တေ, ဣတ္ထန္နာမံ မာတုရက္ခိတဉ္စ မာတာပိတုရက္ခိတဉ္စ…ပေ… မာတုရက္ခိတဉ္စ သပရိဒဏ္ဍဉ္စ ဗြူဟိ – ‘ဟောထ ကိရ ဣတ္ထန္နာမဿ ဘရိယာယော မုဟုတ္တိကာ’’’တိ။ ပဋိဂ္ဂဏှာတိ ဝီမံသတိ ပစ္စာဟရတိ, အာပတ္တိ သံဃာဒိသေသဿ။</p>
<p class=""centered"">ခဏ္ဍစက္ကံ။</p>
<p class=""bodytext""><a name=""para312""></a><a name=""para312_vin1""></a><span class=""paranum"">၃၁၂</span>။ ပုရိသော <a name=""V0.0210""></a> ဘိက္ခုံ ပဟိဏတိ – ‘‘ဂစ္ဆ, ဘန္တေ, ဣတ္ထန္နာမံ ပိတုရက္ခိတဉ္စ မာတာပိတုရက္ခိတဉ္စ ဗြူဟိ – ‘ဟောထ ကိရ ဣတ္ထန္နာမဿ ဘရိယာယော မုဟုတ္တိကာ’’’တိ။ ပဋိဂ္ဂဏှာတိ ဝီမံသတိ ပစ္စာဟရတိ, အာပတ္တိ သံဃာဒိသေသဿ။</p>
<p class=""bodytext"">ပုရိသော ဘိက္ခုံ ပဟိဏတိ – ‘‘ဂစ္ဆ, ဘန္တေ, ဣတ္ထန္နာမံ ပိတုရက္ခိတဉ္စ ဘာတုရက္ခိတဉ္စ…ပေ… ပိတုရက္ခိတဉ္စ သပရိဒဏ္ဍဉ္စ ဗြူဟိ – ‘ဟောထ ကိရ ဣတ္ထန္နာမဿ ဘရိယာယော မုဟုတ္တိကာ’’’တိ။ ပဋိဂ္ဂဏှာတိ ဝီမံသတိ ပစ္စာဟရတိ, အာပတ္တိ သံဃာဒိသေသဿ။</p>
<p class=""bodytext"">ပုရိသော ဘိက္ခုံ ပဟိဏတိ – ‘‘ဂစ္ဆ, ဘန္တေ, ဣတ္ထန္နာမံ ပိတုရက္ခိတဉ္စ မာတုရက္ခိတဉ္စ ဗြူဟိ – ‘ဟောထ ကိရ ဣတ္ထန္နာမဿ ဘရိယာယော မုဟုတ္တိကာ’’’တိ။ ပဋိဂ္ဂဏှာတိ ဝီမံသတိ ပစ္စာဟရတိ, အာပတ္တိ သံဃာဒိသေသဿ။</p>
<p class=""centered"">ဗဒ္ဓစက္ကံ မူလံ သံခိတ္တံ။</p>
<p class=""bodytext""><a name=""para313""></a><a name=""para313_vin1""></a><span class=""paranum"">၃၁၃</span>။ ပုရိသော <a name=""T1.0312""></a> ဘိက္ခုံ ပဟိဏတိ – ‘‘ဂစ္ဆ, ဘန္တေ, ဣတ္ထန္နာမံ သပရိဒဏ္ဍဉ္စ မာတုရက္ခိတဉ္စ ဗြူဟိ – ‘ဟောထ ကိရ ဣတ္ထန္နာမဿ ဘရိယာယော</p>
",-311-312-313-
207,mula_vi_01,207,"<p class=""noindentbodytext""> မုဟုတ္တိကာ’’’တိ<a name=""M0.0207""></a>။ ပဋိဂ္ဂဏှာတိ ဝီမံသတိ ပစ္စာဟရတိ, အာပတ္တိ သံဃာဒိသေသဿ။</p>
<p class=""bodytext"">ပုရိသော ဘိက္ခုံ ပဟိဏတိ – ‘‘ဂစ္ဆ, ဘန္တေ, ဣတ္ထန္နာမံ သပရိဒဏ္ဍဉ္စ ပိတုရက္ခိတဉ္စ…ပေ… သပရိဒဏ္ဍဉ္စ သာရက္ခဉ္စ ဗြူဟိ – ‘ဟောထ ကိရ ဣတ္ထန္နာမဿ ဘရိယာယော မုဟုတ္တိကာ’’’တိ။ ပဋိဂ္ဂဏှာတိ ဝီမံသတိ ပစ္စာဟရတိ, အာပတ္တိ သံဃာဒိသေသဿ။</p>
<p class=""centered"">ဧကမူလကံ နိဋ္ဌိတံ။</p>
<p class=""centered"">ဒုမူလကာဒီနိပိ ဧဝမေဝ ကာတဗ္ဗာနိ။</p>
<p class=""centered"">ဣဒံ ဒသမူလကံ</p>
<p class=""bodytext""><a name=""para314""></a><a name=""para314_vin1""></a><span class=""paranum"">၃၁၄</span>။ ပုရိသော ဘိက္ခုံ ပဟိဏတိ – ‘‘ဂစ္ဆ, ဘန္တေ, ဣတ္ထန္နာမံ မာတုရက္ခိတဉ္စ <a name=""P3.0141""></a> ပိတုရက္ခိတဉ္စ မာတာပိတုရက္ခိတဉ္စ ဘာတုရက္ခိတဉ္စ ဘဂိနိရက္ခိတဉ္စ ဉာတိရက္ခိတဉ္စ ဂေါတ္တရက္ခိတဉ္စ <a name=""V0.0211""></a> ဓမ္မရက္ခိတဉ္စ သာရက္ခဉ္စ သပရိဒဏ္ဍဉ္စ ဗြူဟိ – ‘ဟောထ ကိရ ဣတ္ထန္နာမဿ ဘရိယာယော မုဟုတ္တိကာ’’’တိ။ ပဋိဂ္ဂဏှာတိ ဝီမံသတိ ပစ္စာဟရတိ, အာပတ္တိ သံဃာဒိသေသဿ။</p>
<p class=""centered"">မုဟုတ္တိကာစက္ကံ နိဋ္ဌိတံ။</p>
<p class=""bodytext""><a name=""para315""></a><a name=""para315_vin1""></a><span class=""paranum"">၃၁၅</span>။ ပုရိသော <a name=""T1.0313""></a> ဘိက္ခုံ ပဟိဏတိ – ‘‘ဂစ္ဆ, ဘန္တေ, ဣတ္ထန္နာမံ မာတုရက္ခိတံ ဗြူဟိ – ‘ဟောဟိ ကိရ ဣတ္ထန္နာမဿ ဘရိယာ ဓနက္ကီတာ’’’တိ။ ပဋိဂ္ဂဏှာတိ ဝီမံသတိ ပစ္စာဟရတိ, အာပတ္တိ သံဃာဒိသေသဿ။</p>
<p class=""bodytext"">ပုရိသော ဘိက္ခုံ ပဟိဏတိ – ‘‘ဂစ္ဆ, ဘန္တေ, ဣတ္ထန္နာမံ မာတုရက္ခိတံ ဗြူဟိ – ‘ဟောဟိ ကိရ ဣတ္ထန္နာမဿ ဘရိယာ ဆန္ဒဝါသိနီ…ပေ… ဘောဂဝါသိနီ… ပဋဝါသိနီ… ဩဒပတ္တကိနီ… ဩဘဋစုမ္ဗဋာ… ဒါသီ စ ဘရိယာ စ… ကမ္မကာရီ စ ဘရိယာ စ… ဓဇာဟဋာ… မုဟုတ္တိကာ’’’တိ။ ပဋိဂ္ဂဏှာတိ ဝီမံသတိ ပစ္စာဟရတိ, အာပတ္တိ သံဃာဒိသေသဿ။</p>
<p class=""centered"">နိက္ခေပပဒါနိ။</p>
<p class=""bodytext""><a name=""para316""></a><a name=""para316_vin1""></a><span class=""paranum"">၃၁၆</span>။ ပုရိသော ဘိက္ခုံ ပဟိဏတိ – ‘‘ဂစ္ဆ, ဘန္တေ, ဣတ္ထန္နာမံ မာတုရက္ခိတံ ဗြူဟိ – ‘ဟောဟိ ကိရ ဣတ္ထန္နာမဿ ဘရိယာ ဓနက္ကီတာ စ ဆန္ဒဝါသိနီ စာ’’’တိ။ ပဋိဂ္ဂဏှာတိ ဝီမံသတိ ပစ္စာဟရတိ, အာပတ္တိ သံဃာဒိသေသဿ။</p>
",-314-315-316-
208,mula_vi_01,208,"<p class=""bodytext"">ပုရိသော <a name=""M0.0208""></a> ဘိက္ခုံ ပဟိဏတိ – ‘‘ဂစ္ဆ, ဘန္တေ, ဣတ္ထန္နာမံ မာတုရက္ခိတံ ဗြူဟိ – ‘ဟောဟိ ကိရ ဣတ္ထန္နာမဿ ဘရိယာ ဓနက္ကီတာ စ ဘောဂဝါသိနီ စ…ပေ… ဓနက္ကီတာ စ ပဋဝါသိနီ စ… ဓနက္ကီတာ စ ဩဒပတ္တကိနီ စ… ဓနက္ကီတာ စ ဩဘဋစုမ္ဗဋာ စ… ဓနက္ကီတာ စ ဒါသီ စ ဘရိယာ စ… ဓနက္ကီတာ စ ကမ္မကာရီ စ ဘရိယာ စ… ဓနက္ကီတာ စ ဓဇာဟဋာ စ… ဓနက္ကီတာ စ မုဟုတ္တိကာ စာ’’’တိ။ ပဋိဂ္ဂဏှာတိ ဝီမံသတိ ပစ္စာဟရတိ, အာပတ္တိ သံဃာဒိသေသဿ။</p>
<p class=""centered"">ခဏ္ဍစက္ကံ။</p>
<p class=""bodytext""><a name=""para317""></a><a name=""para317_vin1""></a><span class=""paranum"">၃၁၇</span>။ ပုရိသော <a name=""V0.0212""></a> ဘိက္ခုံ ပဟိဏတိ – ‘‘ဂစ္ဆ, ဘန္တေ, ဣတ္ထန္နာမံ မာတုရက္ခိတံ ဗြူဟိ – ‘ဟောဟိ ကိရ ဣတ္ထန္နာမဿ ဘရိယာ ဆန္ဒဝါသိနီ စ ဘောဂဝါသိနီ စ…ပေ… ဆန္ဒဝါသိနီ <a name=""T1.0314""></a> စ မုဟုတ္တိကာ စ… ဆန္ဒဝါသိနီ စ ဓနက္ကီတာ စာ’’’တိ။ ပဋိဂ္ဂဏှာတိ ဝီမံသတိ ပစ္စာဟရတိ, အာပတ္တိ သံဃာဒိသေသဿ။</p>
<p class=""centered"">ဗဒ္ဓစက္ကံ မူလံ သံခိတ္တံ။</p>
<p class=""bodytext""><a name=""para318""></a><a name=""para318_vin1""></a><span class=""paranum"">၃၁၈</span>။ ပုရိသော ဘိက္ခုံ ပဟိဏတိ – ‘‘ဂစ္ဆ, ဘန္တေ, ဣတ္ထန္နာမံ မာတုရက္ခိတံ ဗြူဟိ – ‘ဟောဟိ ကိရ ဣတ္ထန္နာမဿ ဘရိယာ မုဟုတ္တိကာ စ ဓနက္ကီတာ စ…ပေ… မုဟုတ္တိကာ စ ဆန္ဒဝါသိနီ စ…ပေ… မုဟုတ္တိကာ စ ဓဇာဟဋာ စာ’’’တိ။ ပဋိဂ္ဂဏှာတိ ဝီမံသတိ ပစ္စာဟရတိ, အာပတ္တိ သံဃာဒိသေသဿ။</p>
<p class=""centered"">ဧကမူလကံ နိဋ္ဌိတံ။</p>
<p class=""bodytext"">ဒုမူလကာဒီနိပိ ဧဝမေဝ ကာတဗ္ဗာနိ။</p>
<p class=""centered"">ဣဒံ ဒသမူလကံ</p>
<p class=""bodytext""><a name=""para319""></a><a name=""para319_vin1""></a><span class=""paranum"">၃၁၉</span>။ ပုရိသော ဘိက္ခုံ ပဟိဏတိ – ‘‘ဂစ္ဆ, ဘန္တေ, ဣတ္ထန္နာမံ မာတုရက္ခိတံ ဗြူဟိ – ‘ဟောဟိ ကိရ ဣတ္ထန္နာမဿ ဘရိယာ ဓနက္ကီတာ စ ဆန္ဒဝါသိနီ စ ဘောဂဝါသိနီ စ ပဋဝါသိနီ စ ဩဒပတ္တကိနီ စ ဩဘဋစုမ္ဗဋာ စ ဒါသီ စ ဘရိယာ စ ကမ္မကာရီ စ ဘရိယာ စ ဓဇာဟဋာ စ မုဟုတ္တိကာ စာ’’’တိ။ ပဋိဂ္ဂဏှာတိ ဝီမံသတိ ပစ္စာဟရတိ, အာပတ္တိ သံဃာဒိသေသဿ။</p>
<p class=""centered"">မာတုရက္ခိတာစက္ကံ နိဋ္ဌိတံ။</p>
<p class=""bodytext"">ပုရိသော ဘိက္ခုံ ပဟိဏတိ – ‘‘ဂစ္ဆ, ဘန္တေ, ဣတ္ထန္နာမံ ပိတုရက္ခိတံ…ပေ… မာတာပိတုရက္ခိတံ… ဘာတုရက္ခိတံ… ဘဂိနိရက္ခိတံ <a name=""T1.0315""></a>… ဉာတိရက္ခိတံ… ဂေါတ္တရက္ခိတံ…</p>
",-317-318-319-
209,mula_vi_01,209,"<p class=""noindentbodytext""> ဓမ္မရက္ခိတံ<a name=""M0.0209""></a><a name=""V0.0213""></a> … သာရက္ခံ… သပရိဒဏ္ဍံ ဗြူဟိ – ‘ဟောဟိ ကိရ ဣတ္ထန္နာမဿ ဘရိယာ ဓနက္ကီတာ’’’တိ။ ပဋိဂ္ဂဏှာတိ ဝီမံသတိ ပစ္စာဟရတိ, အာပတ္တိ သံဃာဒိသေသဿ။</p>
<p class=""bodytext"">ပုရိသော ဘိက္ခုံ ပဟိဏတိ – ‘‘ဂစ္ဆ, ဘန္တေ, ဣတ္ထန္နာမံ သပရိဒဏ္ဍံ ဗြူဟိ – ‘ဟောဟိ ကိရ ဣတ္ထန္နာမဿ ဘရိယာ ဆန္ဒဝါသိနီ…ပေ… ဘောဂဝါသိနီ, ပဋဝါသိနီ, ဩဒပတ္တကိနီ, ဩဘဋစုမ္ဗဋာ, ဒါသီ စ ဘရိယာ စ, ကမ္မကာရီ စ ဘရိယာ စ, ဓဇာဟဋာ, မုဟုတ္တိကာ’’’တိ။ ပဋိဂ္ဂဏှာတိ ဝီမံသတိ ပစ္စာဟရတိ, အာပတ္တိ သံဃာဒိသေသဿ။</p>
<p class=""centered"">နိက္ခေပပဒါနိ။</p>
<p class=""bodytext""><a name=""para320""></a><a name=""para320_vin1""></a><span class=""paranum"">၃၂၀</span>။ ပုရိသော ဘိက္ခုံ ပဟိဏတိ – ‘‘ဂစ္ဆ, ဘန္တေ, ဣတ္ထန္နာမံ သပရိဒဏ္ဍံ ဗြူဟိ – ‘ဟောဟိ ကိရ ဣတ္ထန္နာမဿ ဘရိယာ ဓနက္ကီတာ စ ဆန္ဒဝါသိနီ စာ’’’တိ။ ပဋိဂ္ဂဏှာတိ ဝီမံသတိ ပစ္စာဟရတိ, အာပတ္တိ သံဃာဒိသေသဿ။</p>
<p class=""bodytext"">ပုရိသော ဘိက္ခုံ ပဟိဏတိ – ‘‘ဂစ္ဆ, ဘန္တေ, ဣတ္ထန္နာမံ သပရိဒဏ္ဍံ ဗြူဟိ – ‘ဟောဟိ ကိရ ဣတ္ထန္နာမဿ ဘရိယာ ဓနက္ကီတာ စ ဘောဂဝါသိနီ စ…ပေ… ဓနက္ကီတာ စ မုဟုတ္တိကာ စာ’’’တိ။ ပဋိဂ္ဂဏှာတိ ဝီမံသတိ ပစ္စာဟရတိ, အာပတ္တိ သံဃာဒိသေသဿ။</p>
<p class=""centered"">ခဏ္ဍစက္ကံ။</p>
<p class=""bodytext"">ပုရိသော <a name=""T1.0316""></a> ဘိက္ခုံ ပဟိဏတိ – ‘‘ဂစ္ဆ, ဘန္တေ, ဣတ္ထန္နာမံ သပရိဒဏ္ဍံ ဗြူဟိ – ‘ဟောဟိ ကိရ ဣတ္ထန္နာမဿ ဘရိယာ ဆန္ဒဝါသိနီ စ ဘောဂဝါသိနီ စ…ပေ… ဆန္ဒဝါသိနီ စ မုဟုတ္တိကာ စ, ဆန္ဒဝါသိနီ စ ဓနက္ကီတာ စာ’’’တိ။ ပဋိဂ္ဂဏှာတိ ဝီမံသတိ ပစ္စာဟရတိ, အာပတ္တိ သံဃာဒိသေသဿ။</p>
<p class=""centered"">ဗဒ္ဓစက္ကံ မူလံ သံခိတ္တံ။</p>
<p class=""bodytext"">ပုရိသော ဘိက္ခုံ ပဟိဏတိ – ‘‘ဂစ္ဆ, ဘန္တေ, ဣတ္ထန္နာမံ သပရိဒဏ္ဍံ ဗြူဟိ – ‘ဟောဟိ ကိရ ဣတ္ထန္နာမဿ ဘရိယာ မုဟုတ္တိကာ စ ဓနက္ကီတာ စ…ပေ… မုဟုတ္တိကာ စ ဆန္ဒဝါသိနီ စ, မုဟုတ္တိကာ <a name=""V0.0214""></a> စ ဓဇာဟဋာ စာ’’’တိ။ ပဋိဂ္ဂဏှာတိ ဝီမံသတိ ပစ္စာဟရတိ, အာပတ္တိ သံဃာဒိသေသဿ။</p>
<p class=""centered"">ဧကမူလကံ နိဋ္ဌိတံ။</p>
<p class=""bodytext"">ဒုမူလကမ္ပိ တိမူလကမ္ပိ ယာဝ နဝမူလကံ ဧဝမေဝ ကာတဗ္ဗံ။</p>
",-320-
210,mula_vi_01,210,"<p class=""centered"">ဣဒံ ဒသမူလကံ။</p>
<p class=""bodytext""><a name=""para321""></a><a name=""para321_vin1""></a><span class=""paranum"">၃၂၁</span>။ ပုရိသော <a name=""M0.0210""></a> ဘိက္ခုံ ပဟိဏတိ – ‘‘ဂစ္ဆ, ဘန္တေ, ဣတ္ထန္နာမံ သပရိဒဏ္ဍံ ဗြူဟိ – ‘ဟောဟိ ကိရ ဣတ္ထန္နာမဿ ဘရိယာ ဓနက္ကီတာ စ ဆန္ဒဝါသိနီ စ ဘောဂဝါသိနီ စ ပဋဝါသိနီ စ ဩဒပတ္တကိနီ စ ဩဘဋစုမ္ဗဋာ စ ဒါသီ စ ဘရိယာ စ ကမ္မကာရီ စ ဘရိယာ စ ဓဇာဟဋာ စ မုဟုတ္တိကာ စာ’’’တိ။ ပဋိဂ္ဂဏှာတိ ဝီမံသတိ ပစ္စာဟရတိ, အာပတ္တိ သံဃာဒိသေသဿ။</p>
<p class=""centered"">သပရိဒဏ္ဍာစက္ကံ နိဋ္ဌိတံ။</p>
<p class=""bodytext"">ပုရိသော <a name=""T1.0317""></a> ဘိက္ခုံ ပဟိဏတိ – ‘‘ဂစ္ဆ, ဘန္တေ, ဣတ္ထန္နာမံ မာတုရက္ခိတံ ဗြူဟိ – ‘ဟောဟိ ကိရ ဣတ္ထန္နာမဿ ဘရိယာ ဓနက္ကီတာ’’’တိ။ ပဋိဂ္ဂဏှာတိ ဝီမံသတိ ပစ္စာဟရတိ, အာပတ္တိ သံဃာဒိသေသဿ။</p>
<p class=""bodytext"">ပုရိသော ဘိက္ခုံ ပဟိဏတိ – ‘‘ဂစ္ဆ, ဘန္တေ, ဣတ္ထန္နာမံ မာတုရက္ခိတဉ္စ ပိတုရက္ခိတဉ္စ ဗြူဟိ – ‘ဟောထ ကိရ ဣတ္ထန္နာမဿ ဘရိယာယော ဓနက္ကီတာ စ ဆန္ဒဝါသိနီ စာ’’’တိ။ ပဋိဂ္ဂဏှာတိ ဝီမံသတိ ပစ္စာဟရတိ, အာပတ္တိ သံဃာဒိသေသဿ။</p>
<p class=""bodytext"">ပုရိသော ဘိက္ခုံ ပဟိဏတိ – ‘‘ဂစ္ဆ, ဘန္တေ, ဣတ္ထန္နာမံ မာတုရက္ခိတဉ္စ ပိတုရက္ခိတဉ္စ မာတာပိတုရက္ခိတဉ္စ ဗြူဟိ – ‘ဟောထ ကိရ ဣတ္ထန္နာမဿ ဘရိယာယော ဓနက္ကီတာ စ ဆန္ဒဝါသိနီ စ ဘောဂဝါသိနီ စာ’’’တိ။ ပဋိဂ္ဂဏှာတိ ဝီမံသတိ ပစ္စာဟရတိ, အာပတ္တိ သံဃာဒိသေသဿ။</p>
<p class=""bodytext"">ဧဝံ ဥဘတောဝဍ္ဎကံ ကာတဗ္ဗံ။</p>
<p class=""bodytext"">ပုရိသော <a name=""V0.0215""></a> ဘိက္ခုံ ပဟိဏတိ – ‘‘ဂစ္ဆ, ဘန္တေ, ဣတ္ထန္နာမံ မာတုရက္ခိတဉ္စ ပိတုရက္ခိတဉ္စ မာတာပိတုရက္ခိတဉ္စ ဘာတုရက္ခိတဉ္စ ဘဂိနိရက္ခိတဉ္စ ဉာတိရက္ခိတဉ္စ ဂေါတ္တရက္ခိတဉ္စ ဓမ္မရက္ခိတဉ္စ သာရက္ခဉ္စ သပရိဒဏ္ဍဉ္စ ဗြူဟိ – ‘ဟောထ ကိရ ဣတ္ထန္နာမဿ ဘရိယာယော ဓနက္ကီတာ စ ဆန္ဒဝါသိနီ စ ဘောဂဝါသိနီ စ ပဋဝါသိနီ စ ဩဒပတ္တကိနီ စ ဩဘဋစုမ္ဗဋာ စ ဒါသီ စ ဘရိယာ စ ကမ္မကာရီ စ ဘရိယာ စ ဓဇာဟဋာ စ မုဟုတ္တိကာ စာ’’’တိ။ ပဋိဂ္ဂဏှာတိ ဝီမံသတိ ပစ္စာဟရတိ, အာပတ္တိ သံဃာဒိသေသဿ။</p>
<p class=""centered"">ဥဘတောဝဍ္ဎကံ နိဋ္ဌိတံ။</p>
<p class=""bodytext"">ပုရိသဿ <a name=""T1.0318""></a> မာတာ ဘိက္ခုံ ပဟိဏတိ…ပေ… ပုရိသဿ ပိတာ ဘိက္ခုံ ပဟိဏတိ…ပေ… ပုရိသဿ မာတာပိတရော ဘိက္ခုံ ပဟိဏန္တိ…ပေ… ပုရိသဿ ဘာတာ ဘိက္ခုံ ပဟိဏတိ…ပေ… ပုရိသဿ ဘဂိနီ ဘိက္ခုံ ပဟိဏတိ…ပေ… ပုရိသဿ</p>
",-321-
211,mula_vi_01,211,"<p class=""noindentbodytext""> ဉာတကာ<a name=""M0.0211""></a> ဘိက္ခုံ ပဟိဏန္တိ…ပေ… ပုရိသဿ ဂေါတ္တာ ဘိက္ခုံ <a name=""P3.0142""></a> ပဟိဏန္တိ…ပေ… ပုရိသဿ သဟဓမ္မိကာ ဘိက္ခုံ ပဟိဏန္တိ…ပေ…။</p>
<p class=""bodytext"">ပုရိသဿ ပေယျာလော ဝိတ္ထာရေတဗ္ဗော။</p>
<p class=""bodytext"">ဥဘတောဝဍ္ဎကံ ယထာ ပုရိမနယော တထေဝ ဝိတ္ထာရေတဗ္ဗံ။</p>
<p class=""bodytext""><a name=""para322""></a><a name=""para322_vin1""></a><span class=""paranum"">၃၂၂</span>။ မာတုရက္ခိတာယ မာတာ ဘိက္ခုံ ပဟိဏတိ – ‘‘ဂစ္ဆ, ဘန္တေ, ဣတ္ထန္နာမံ ဗြူဟိ – ‘ဟောတု ဣတ္ထန္နာမဿ ဘရိယာ ဓနက္ကီတာ’’’တိ။ ပဋိဂ္ဂဏှာတိ ဝီမံသတိ ပစ္စာဟရတိ, အာပတ္တိ သံဃာဒိသေသဿ။</p>
<p class=""bodytext"">မာတုရက္ခိတာယ မာတာ ဘိက္ခုံ ပဟိဏတိ – ‘‘ဂစ္ဆ, ဘန္တေ, ဣတ္ထန္နာမံ ဗြူဟိ – ‘ဟောတု ဣတ္ထန္နာမဿ ဘရိယာ ဆန္ဒဝါသိနီ…ပေ… ဘောဂဝါသိနီ, ပဋဝါသိနီ, ဩဒပတ္တကိနီ, ဩဘဋစုမ္ဗဋာ, ဒါသီ စ ဘရိယာ စ, ကမ္မကာရီ စ ဘရိယာ စ, ဓဇာဟဋာ, မုဟုတ္တိကာ’’’တိ။ ပဋိဂ္ဂဏှာတိ ဝီမံသတိ ပစ္စာဟရတိ, အာပတ္တိ သံဃာဒိသေသဿ။</p>
<p class=""centered"">နိက္ခေပပဒါနိ။</p>
<p class=""bodytext""><a name=""para323""></a><a name=""para323_vin1""></a><span class=""paranum"">၃၂၃</span>။ မာတုရက္ခိတာယ <a name=""V0.0216""></a> မာတာ ဘိက္ခုံ ပဟိဏတိ – ‘‘ဂစ္ဆ, ဘန္တေ, ဣတ္ထန္နာမံ ဗြူဟိ – ‘ဟောတု ဣတ္ထန္နာမဿ ဘရိယာ ဓနက္ကီတာ စ ဆန္ဒဝါသိနီ စ…ပေ… ဓနက္ကီတာ စ ဘောဂဝါသိနီ စ, ဓနက္ကီတာ စ <a name=""T1.0319""></a> မုဟုတ္တိကာ စာ’’’တိ။ ပဋိဂ္ဂဏှာတိ ဝီမံသတိ ပစ္စာဟရတိ, အာပတ္တိ သံဃာဒိသေသဿ။</p>
<p class=""centered"">ခဏ္ဍစက္ကံ။</p>
<p class=""bodytext""><a name=""para324""></a><a name=""para324_vin1""></a><span class=""paranum"">၃၂၄</span>။ မာတုရက္ခိတာယ မာတာ ဘိက္ခုံ ပဟိဏတိ – ‘‘ဂစ္ဆ, ဘန္တေ, ဣတ္ထန္နာမံ ဗြူဟိ – ‘ဟောတု ဣတ္ထန္နာမဿ ဘရိယာ ဆန္ဒဝါသိနီ စ ဘောဂဝါသိနီ စ…ပေ… ဆန္ဒဝါသိနီ စ မုဟုတ္တိကာ စ, ဆန္ဒဝါသိနီ စ ဓနက္ကီတာ စာ’’’တိ။ ပဋိဂ္ဂဏှာတိ ဝီမံသတိ ပစ္စာဟရတိ, အာပတ္တိ သံဃာဒိသေသဿ။</p>
<p class=""centered"">ဗဒ္ဓစက္ကံ မူလံ သံခိတ္တံ။</p>
<p class=""bodytext""><a name=""para325""></a><a name=""para325_vin1""></a><span class=""paranum"">၃၂၅</span>။ မာတုရက္ခိတာယ မာတာ ဘိက္ခုံ ပဟိဏတိ – ‘‘ဂစ္ဆ, ဘန္တေ, ဣတ္ထန္နာမံ ဗြူဟိ – ‘ဟောတု ဣတ္ထန္နာမဿ ဘရိယာ မုဟုတ္တိကာ စ ဓနက္ကီတာ စ…ပေ… မုဟုတ္တိကာ စ ဆန္ဒဝါသိနီ စ…ပေ… မုဟုတ္တိကာ စ ဓဇာဟဋာ စာ’’’တိ။ ပဋိဂ္ဂဏှာတိ ဝီမံသတိ ပစ္စာဟရတိ, အာပတ္တိ သံဃာဒိသေသဿ။</p>
<p class=""centered"">ဧကမူလကံ နိဋ္ဌိတံ။</p>
<p class=""bodytext"">ဒုမူလကမ္ပိ တိမူလကမ္ပိ ယာဝ နဝမူလကံ ဧဝမေဝ ကာတဗ္ဗံ။</p>
",-322-323-324-325-
212,mula_vi_01,212,"<p class=""centered"">ဣဒံ ဒသမူလကံ</p>
<p class=""bodytext""><a name=""para326""></a><a name=""para326_vin1""></a><span class=""paranum"">၃၂၆</span>။ မာတုရက္ခိတာယ <a name=""T1.0320""></a><a name=""M0.0212""></a> မာတာ ဘိက္ခုံ ပဟိဏတိ – ‘‘ဂစ္ဆ, ဘန္တေ, ဣတ္ထန္နာမံ ဗြူဟိ – ‘ဟောတု ဣတ္ထန္နာမဿ ဘရိယာ ဓနက္ကီတာ စ ဆန္ဒဝါသိနီ စ ဘောဂဝါသိနီ စ ပဋဝါသိနီ စ ဩဒပတ္တကိနီ စ ဩဘဋစုမ္ဗဋာ စ ဒါသီ စ ဘရိယာ စ ကမ္မကာရီ စ ဘရိယာ စ ဓဇာဟဋာ စ မုဟုတ္တိကာ စာ’’’တိ။ ပဋိဂ္ဂဏှာတိ ဝီမံသတိ ပစ္စာဟရတိ, အာပတ္တိ သံဃာဒိသေသဿ။</p>
<p class=""centered"">မာတုစက္ကံ နိဋ္ဌိတံ။</p>
<p class=""bodytext"">ပိတုရက္ခိတာယ <a name=""V0.0217""></a> ပိတာ ဘိက္ခုံ ပဟိဏတိ…ပေ… မာတာပိတုရက္ခိတာယ မာတာပိတရော ဘိက္ခုံ ပဟိဏန္တိ… ဘာတုရက္ခိတာယ ဘာတာ ဘိက္ခုံ ပဟိဏတိ… ဘဂိနိရက္ခိတာယ ဘဂိနီ ဘိက္ခုံ ပဟိဏတိ… ဉာတိရက္ခိတာယ ဉာတကာ ဘိက္ခုံ ပဟိဏန္တိ… ဂေါတ္တရက္ခိတာယ ဂေါတ္တာ <span class=""note"">[သဂေါတ္တာ (?)]</span> ဘိက္ခုံ ပဟိဏန္တိ… ဓမ္မရက္ခိတာယ သဟဓမ္မိကာ ဘိက္ခုံ ပဟိဏန္တိ… သာရက္ခာယ ယေန ပရိဂ္ဂဟိတာ ဟောတိ သော ဘိက္ခုံ ပဟိဏတိ… သပရိဒဏ္ဍာယ ယေန ဒဏ္ဍော ဌပိတော ဟောတိ သော ဘိက္ခုံ ပဟိဏတိ – ‘‘ဂစ္ဆ, ဘန္တေ, ဣတ္ထန္နာမံ ဗြူဟိ – ‘ဟောတု ဣတ္ထန္နာမဿ ဘရိယာ ဓနက္ကီတာ’’’တိ။ ပဋိဂ္ဂဏှာတိ ဝီမံသတိ ပစ္စာဟရတိ, အာပတ္တိ သံဃာဒိသေသဿ။</p>
<p class=""bodytext"">သပရိဒဏ္ဍာယ ယေန ဒဏ္ဍော ဌပိတော ဟောတိ သော ဘိက္ခုံ ပဟိဏတိ – ‘‘ဂစ္ဆ, ဘန္တေ, ဣတ္ထန္နာမံ ဗြူဟိ – ‘ဟောတု ဣတ္ထန္နာမဿ ဘရိယာ ဆန္ဒဝါသိနီ…ပေ… ဘောဂဝါသိနီ… ပဋဝါသိနီ… ဩဒပတ္တကိနီ… ဩဘဋစုမ္ဗဋာ… ဒါသီ စ ဘရိယာ စ… ကမ္မကာရီ စ ဘရိယာ စ… ဓဇာဟဋာ… မုဟုတ္တိကာ’’’တိ။ ပဋိဂ္ဂဏှာတိ ဝီမံသတိ ပစ္စာဟရတိ, အာပတ္တိ သံဃာဒိသေသဿ။</p>
<p class=""centered"">နိက္ခေပပဒါနိ။</p>
<p class=""bodytext""><a name=""para327""></a><a name=""para327_vin1""></a><span class=""paranum"">၃၂၇</span>။ သပရိဒဏ္ဍာယ <a name=""T1.0321""></a> ယေန ဒဏ္ဍော ဌပိတော ဟောတိ သော ဘိက္ခုံ ပဟိဏတိ – ‘‘ဂစ္ဆ, ဘန္တေ, ဣတ္ထန္နာမံ ဗြူဟိ – ‘ဟောတု ဣတ္ထန္နာမဿ ဘရိယာ ဓနက္ကီတာ စ ဆန္ဒဝါသိနီ စ…ပေ… ဓနက္ကီတာ စ ဘောဂဝါသိနီ စ… ဓနက္ကီတာ စ မုဟုတ္တိကာ စာ’’’တိ။ ပဋိဂ္ဂဏှာတိ ဝီမံသတိ ပစ္စာဟရတိ, အာပတ္တိ သံဃာဒိသေသဿ။</p>
<p class=""centered"">ခဏ္ဍစက္ကံ။</p>
",-326-327-
213,mula_vi_01,213,"<p class=""bodytext""><a name=""para328""></a><a name=""para328_vin1""></a><span class=""paranum"">၃၂၈</span>။ သပရိဒဏ္ဍာယ <a name=""M0.0213""></a> ယေန ဒဏ္ဍော ဌပိတော ဟောတိ သော ဘိက္ခုံ ပဟိဏတိ – ‘‘ဂစ္ဆ, ဘန္တေ, ဣတ္ထန္နာမံ ဗြူဟိ – ‘ဟောတု ဣတ္ထန္နာမဿ ဘရိယာ ဆန္ဒဝါသိနီ စ ဘောဂဝါသိနီ စ…ပေ… ဆန္ဒဝါသိနီ စ မုဟုတ္တိကာ စ… ဆန္ဒဝါသိနီ စ ဓနက္ကီတာ စာ’’’ တိ။ ပဋိဂ္ဂဏှာတိ ဝီမံသတိ ပစ္စာဟရတိ အာပတ္တိ သံဃာဒိသေသဿ။</p>
<p class=""centered"">ဗဒ္ဓစက္ကံ မူလံ သံခိတ္တံ။</p>
<p class=""bodytext""><a name=""para329""></a><a name=""para329_vin1""></a><span class=""paranum"">၃၂၉</span>။ သပရိဒဏ္ဍာယ <a name=""V0.0218""></a> ယေန ဒဏ္ဍော, ဌပိတော ဟောတိ သော ဘိက္ခုံ ပဟိဏတိ – ‘‘ဂစ္ဆ, ဘန္တေ, ဣတ္ထန္နာမံ ဗြူဟိ – ‘ဟောတု ဣတ္ထန္နာမဿ ဘရိယာ မုဟုတ္တိကာ စ ဓနက္ကီတာ စ…ပေ… မုဟုတ္တိကာ စ ဆန္ဒဝါသိနီ စ…ပေ… မုဟုတ္တိကာ စ ဓဇာဟဋာ စာ’’’တိ။ ပဋိဂ္ဂဏှာတိ ဝီမံသတိ ပစ္စာဟရတိ, အာပတ္တိ သံဃာဒိသေသဿ။</p>
<p class=""centered"">ဧကမူလကံ နိဋ္ဌိတံ။</p>
<p class=""bodytext"">ဒုမူလကမ္ပိ တိမူလကမ္ပိ ယာဝ နဝမူလကံ ဧဝမေဝ ကာတဗ္ဗံ။</p>
<p class=""centered"">ဣဒံ ဒသမူလကံ</p>
<p class=""bodytext""><a name=""para330""></a><a name=""para330_vin1""></a><span class=""paranum"">၃၃၀</span>။ သပရိဒဏ္ဍာယ <a name=""T1.0322""></a> ယေန ဒဏ္ဍော ဌပိတော ဟောတိ သော ဘိက္ခုံ ပဟိဏတိ – ‘‘ဂစ္ဆ, ဘန္တေ, ဣတ္ထန္နာမံ ဗြူဟိ – ‘ဟောတု ဣတ္ထန္နာမဿ ဘရိယာ ဓနက္ကီတာ စ ဆန္ဒဝါသိနီ စ ဘောဂဝါသိနီ စ ပဋဝါသိနီ စ ဩဒပတ္တကိနီ စ ဩဘဋစုမ္ဗဋာ စ ဒါသီ စ ဘရိယာ စ ကမ္မကာရီ စ ဘရိယာ စ ဓဇာဟဋာ စ မုဟုတ္တိကာ စာ’’’တိ။ ပဋိဂ္ဂဏှာတိ ဝီမံသတိ ပစ္စာဟရတိ, အာပတ္တိ သံဃာဒိသေသဿ။</p>
<p class=""centered"">ဒဏ္ဍဌပိတစက္ကံ နိဋ္ဌိတံ။</p>
<p class=""bodytext"">မာတုရက္ခိတာ ဘိက္ခုံ ပဟိဏတိ – ‘‘ဂစ္ဆ, ဘန္တေ, ဣတ္ထန္နာမံ ဗြူဟိ – ‘ဟောမိ ဣတ္ထန္နာမဿ ဘရိယာ ဓနက္ကီတာ’’’တိ။ ပဋိဂ္ဂဏှာတိ ဝီမံသတိ ပစ္စာဟရတိ, အာပတ္တိ သံဃာဒိသေသဿ။</p>
<p class=""bodytext"">မာတုရက္ခိတာ ဘိက္ခုံ ပဟိဏတိ – ‘‘ဂစ္ဆ, ဘန္တေ, ဣတ္ထန္နာမံ ဗြူဟိ – ‘ဟောမိ ဣတ္ထန္နာမဿ ဘရိယာ ဆန္ဒဝါသိနီ…ပေ… ဘောဂဝါသိနီ… ပဋဝါသိနီ… ဩဒပတ္တကိနီ… ဩဘဋစုမ္ဗဋာ… ဒါသီ စ ဘရိယာ စ… ကမ္မကာရီ စ ဘရိယာ စ… ဓဇာဟဋာ… မုဟုတ္တိကာ’’’တိ။ ပဋိဂ္ဂဏှာတိ ဝီမံသတိ ပစ္စာဟရတိ, အာပတ္တိ သံဃာဒိသေသဿ။</p>
<p class=""centered"">နိက္ခေပပဒါနိ။</p>
",-328-329-330-
214,mula_vi_01,214,"<p class=""bodytext""><a name=""para331""></a><a name=""para331_vin1""></a><span class=""paranum"">၃၃၁</span>။ မာတုရက္ခိတာ <a name=""M0.0214""></a> ဘိက္ခုံ ပဟိဏတိ – ‘‘ဂစ္ဆ, ဘန္တေ, ဣတ္ထန္နာမံ ဗြူဟိ – ‘ဟောမိ ဣတ္ထန္နာမဿ <a name=""V0.0219""></a> ဘရိယာ ဓနက္ကီတာ စ ဆန္ဒဝါသိနီ စာ’’’တိ။ ပဋိဂ္ဂဏှာတိ ဝီမံသတိ ပစ္စာဟရတိ, အာပတ္တိ သံဃာဒိသေသဿ။</p>
<p class=""bodytext"">မာတုရက္ခိတာ <a name=""T1.0323""></a> ဘိက္ခုံ ပဟိဏတိ – ‘‘ဂစ္ဆ, ဘန္တေ, ဣတ္ထန္နာမံ ဗြူဟိ – ‘ဟောမိ ဣတ္ထန္နာမဿ ဘရိယာ ဓနက္ကီတာ စ ဘောဂဝါသိနီ စ…ပေ… ဓနက္ကီတာ စ ပဋဝါသိနီ စ…ပေ… ဓနက္ကီတာ စ မုဟုတ္တိကာ စာ’’’တိ။ ပဋိဂ္ဂဏှာတိ ဝီမံသတိ ပစ္စာဟရတိ, အာပတ္တိ သံဃာဒိသေသဿ။</p>
<p class=""centered"">ခဏ္ဍစက္ကံ။</p>
<p class=""bodytext""><a name=""para332""></a><a name=""para332_vin1""></a><span class=""paranum"">၃၃၂</span>။ မာတုရက္ခိတာ ဘိက္ခုံ ပဟိဏတိ – ‘‘ဂစ္ဆ, ဘန္တေ, ဣတ္ထန္နာမံ ဗြူဟိ – ‘ဟောမိ ဣတ္ထန္နာမဿ ဘရိယာ ဆန္ဒဝါသိနီ စ ဘောဂဝါသိနီ စ…ပေ… ဆန္ဒဝါသိနီ စ မုဟုတ္တိကာ စ… ဆန္ဒဝါသိနီ စ ဓနက္ကီတာ စာ’’’တိ။ ပဋိဂ္ဂဏှာတိ ဝီမံသတိ ပစ္စာဟရတိ, အာပတ္တိ သံဃာဒိသေသဿ။</p>
<p class=""centered"">ဗဒ္ဓစက္ကံ မူလံ သံခိတ္တံ။</p>
<p class=""bodytext"">မာတုရက္ခိတာ ဘိက္ခုံ ပဟိဏတိ – ‘‘ဂစ္ဆ, ဘန္တေ, ဣတ္ထန္နာမံ ဗြူဟိ – ‘ဟောမိ ဣတ္ထန္နာမဿ ဘရိယာ မုဟုတ္တိကာ စ ဓနက္ကီတာ စ…ပေ… မုဟုတ္တိကာ စ ဆန္ဒဝါသိနီ စ…ပေ… မုဟုတ္တိကာ စ ဓဇာဟဋာ စာ’’’တိ။ ပဋိဂ္ဂဏှာတိ ဝီမံသတိ ပစ္စာဟရတိ, အာပတ္တိ သံဃာဒိသေသဿ။</p>
<p class=""centered"">ဧကမူလကံ နိဋ္ဌိတံ။</p>
<p class=""centered"">ဒုမူလကာဒီနိပိ ဧဝမေဝ ကာတဗ္ဗာနိ။</p>
<p class=""centered"">ဣဒံ ဒသမူလကံ</p>
<p class=""bodytext""><a name=""para333""></a><a name=""para333_vin1""></a><span class=""paranum"">၃၃၃</span>။ မာတုရက္ခိတာ ဘိက္ခုံ ပဟိဏတိ – ‘‘ဂစ္ဆ, ဘန္တေ, ဣတ္ထန္နာမံ ဗြူဟိ – ‘ဟောမိ ဣတ္ထန္နာမဿ ဘရိယာ ဓနက္ကီတာ စ ဆန္ဒဝါသိနီ စ ဘောဂဝါသိနီ စ ပဋဝါသိနီ စ ဩဒပတ္တကိနီ စ ဩဘဋစုမ္ဗဋာ စ ဒါသီ စ ဘရိယာ စ ကမ္မကာရီ စ ဘရိယာ စ ဓဇာဟဋာ စ မုဟုတ္တိကာ စာ’’’တိ။ ပဋိဂ္ဂဏှာတိ ဝီမံသတိ ပစ္စာဟရတိ, အာပတ္တိ သံဃာဒိသေသဿ။</p>
<p class=""centered"">အပရံ မာတုရက္ခိတာစက္ကံ နိဋ္ဌိတံ။</p>
<p class=""bodytext"">ပိတုရက္ခိတာ <a name=""V0.0220""></a> ဘိက္ခုံ ပဟိဏတိ…ပေ… မာတာပိတုရက္ခိတာ ဘိက္ခုံ ပဟိဏတိ… ဘာတုရက္ခိတာ ဘိက္ခုံ ပဟိဏတိ… ဘဂိနိရက္ခိတာ ဘိက္ခုံ ပဟိဏတိ…</p>
",-331-332-333-
215,mula_vi_01,215,"<p class=""noindentbodytext""> ဉာတိရက္ခိတာ <a name=""T1.0324""></a><a name=""M0.0215""></a> ဘိက္ခုံ ပဟိဏတိ… ဂေါတ္တရက္ခိတာ ဘိက္ခုံ ပဟိဏတိ… ဓမ္မရက္ခိတာ ဘိက္ခုံ ပဟိဏတိ… သာရက္ခာ ဘိက္ခုံ ပဟိဏတိ… သပရိဒဏ္ဍာ ဘိက္ခုံ ပဟိဏတိ – ‘‘ဂစ္ဆ, ဘန္တေ, ဣတ္ထန္နာမံ ဗြူဟိ – ‘ဟောမိ ဣတ္ထန္နာမဿ ဘရိယာ ဓနက္ကီတာ’’’တိ။ ပဋိဂ္ဂဏှာတိ ဝီမံသတိ ပစ္စာဟရတိ, အာပတ္တိ သံဃာဒိသေသဿ။</p>
<p class=""bodytext"">သပရိဒဏ္ဍာ ဘိက္ခုံ ပဟိဏတိ – ‘‘ဂစ္ဆ, ဘန္တေ, ဣတ္ထန္နာမံ ဗြူဟိ – ‘ဟောမိ ဣတ္ထန္နာမဿ ဘရိယာ ဆန္ဒဝါသိနီ…ပေ… ဘောဂဝါသိနီ… ပဋဝါသိနီ… ဩဒပတ္တကိနီ… ဩဘဋစုမ္ဗဋာ… ဒါသီ စ ဘရိယာ စ… ကမ္မကာရီ စ ဘရိယာ စ… ဓဇာဟဋာ… မုဟုတ္တိကာ’’’တိ။ ပဋိဂ္ဂဏှာတိ ဝီမံသတိ ပစ္စာဟရတိ, အာပတ္တိ သံဃာဒိသေသဿ။</p>
<p class=""centered"">နိက္ခေပပဒါနိ။</p>
<p class=""bodytext""><a name=""para334""></a><a name=""para334_vin1""></a><span class=""paranum"">၃၃၄</span>။ သပရိဒဏ္ဍာ ဘိက္ခုံ ပဟိဏတိ – ‘‘ဂစ္ဆ, ဘန္တေ, ဣတ္ထန္နာမံ ဗြူဟိ – ‘ဟောမိ ဣတ္ထန္နာမဿ ဘရိယာ ဓနက္ကီတာ စ ဆန္ဒဝါသိနီ စ…ပေ… ဓနက္ကီတာ စ မုဟုတ္တိကာ စာ’’’တိ။ ပဋိဂ္ဂဏှာတိ ဝီမံသတိ ပစ္စာဟရတိ, အာပတ္တိ သံဃာဒိသေသဿ။</p>
<p class=""centered"">ခဏ္ဍစက္ကံ။</p>
<p class=""bodytext""><a name=""para335""></a><a name=""para335_vin1""></a><span class=""paranum"">၃၃၅</span>။ သပရိဒဏ္ဍာ ဘိက္ခုံ ပဟိဏတိ – ‘‘ဂစ္ဆ, ဘန္တေ, ဣတ္ထန္နာမံ ဗြူဟိ – ‘ဟောမိ ဣတ္ထန္နာမဿ ဘရိယာ ဆန္ဒဝါသိနီ စ ဘောဂဝါသိနီ စ…ပေ… ဆန္ဒဝါသိနီ စ မုဟုတ္တိကာ စ… ဆန္ဒဝါသိနီ စ ဓနက္ကီတာ စာ’’’တိ။ ပဋိဂ္ဂဏှာတိ ဝီမံသတိ ပစ္စာဟရတိ, အာပတ္တိ သံဃာဒိသေသဿ။</p>
<p class=""centered"">ဗဒ္ဓစက္ကံ မူလံ သံခိတ္တံ။</p>
<p class=""bodytext""><a name=""para336""></a><a name=""para336_vin1""></a><span class=""paranum"">၃၃၆</span>။ သပရိဒဏ္ဍာ <a name=""T1.0325""></a> ဘိက္ခုံ ပဟိဏတိ – ‘‘ဂစ္ဆ, ဘန္တေ, ဣတ္ထန္နာမံ ဗြူဟိ – ‘ဟောမိ ဣတ္ထန္နာမဿ ဘရိယာ မုဟုတ္တိကာ စ ဓနက္ကီတာ <a name=""V0.0221""></a> စ…ပေ… မုဟုတ္တိကာ စ ဆန္ဒဝါသိနီ စ…ပေ… မုဟုတ္တိကာ စ ဓဇာဟဋာ စာ’’’တိ။ ပဋိဂ္ဂဏှာတိ ဝီမံသတိ ပစ္စာဟရတိ, အာပတ္တိ သံဃာဒိသေသဿ။</p>
<p class=""centered"">ဧကမူလကံ နိဋ္ဌိတံ။</p>
<p class=""centered"">ဒုမူလကာဒီနိပိ ဧဝမေဝ ကာတဗ္ဗာနိ။</p>
",-334-335-336-
216,mula_vi_01,216,"<p class=""centered"">ဣဒံ ဒသမူလကံ</p>
<p class=""bodytext""><a name=""para337""></a><a name=""para337_vin1""></a><span class=""paranum"">၃၃၇</span>။ သပရိဒဏ္ဍာ <a name=""M0.0216""></a> ဘိက္ခုံ ပဟိဏတိ – ‘‘ဂစ္ဆ, ဘန္တေ, ဣတ္ထန္နာမံ ဗြူဟိ – ‘ဟောမိ ဣတ္ထန္နာမဿ ဘရိယာ ဓနက္ကီတာ စ ဆန္ဒဝါသိနီ စ ဘောဂဝါသိနီ စ ပဋဝါသိနီ စ ဩဒပတ္တကိနီ စ ဩဘဋစုမ္ဗဋာ စ ဒါသီ စ ဘရိယာ စ ကမ္မကာရီ စ ဘရိယာ စ ဓဇာဟဋာ စ မုဟုတ္တိကာ စာ’’’တိ။ ပဋိဂ္ဂဏှာတိ ဝီမံသတိ ပစ္စာဟရတိ, အာပတ္တိ သံဃာဒိသေသဿ။</p>
<p class=""centered"">အပရံ သပရိဒဏ္ဍာစက္ကံ နိဋ္ဌိတံ။</p>
<p class=""centered"">သဗ္ဗံ စက္ကပေယျာလံ နိဋ္ဌိတံ။</p>
<p class=""bodytext""><a name=""para338""></a><a name=""para338_vin1""></a><span class=""paranum"">၃၃၈</span>။ ပဋိဂ္ဂဏှာတိ ဝီမံသတိ ပစ္စာဟရတိ, အာပတ္တိ သံဃာဒိသေသဿ။ ပဋိဂ္ဂဏှာတိ <a name=""P3.0143""></a> ဝီမံသတိ န ပစ္စာဟရတိ, အာပတ္တိ ထုလ္လစ္စယဿ။ ပဋိဂ္ဂဏှာတိ န ဝီမံသတိ ပစ္စာဟရတိ, အာပတ္တိ ထုလ္လစ္စယဿ။ ပဋိဂ္ဂဏှာတိ န ဝီမံသတိ န ပစ္စာဟရတိ, အာပတ္တိ ဒုက္ကဋဿ။ န ပဋိဂ္ဂဏှာတိ ဝီမံသတိ ပစ္စာဟရတိ, အာပတ္တိ ထုလ္လစ္စယဿ။ န <a name=""T1.0326""></a> ပဋိဂ္ဂဏှာတိ ဝီမံသတိ န ပစ္စာဟရတိ, အာပတ္တိ ဒုက္ကဋဿ။ န ပဋိဂ္ဂဏှာတိ န ဝီမံသတိ ပစ္စာဟရတိ, အာပတ္တိ ဒုက္ကဋဿ။ န ပဋိဂ္ဂဏှာတိ န ဝီမံသတိ န ပစ္စာဟရတိ, အနာပတ္တိ။</p>
<p class=""bodytext"">ပုရိသော သမ္ဗဟုလေ ဘိက္ခူ အာဏာပေတိ – ‘‘ဂစ္ဆထ, ဘန္တေ, ဣတ္ထန္နာမံ ဣတ္ထိံ ဝီမံသထာ’’တိ။ သဗ္ဗေ ပဋိဂ္ဂဏှန္တိ သဗ္ဗေ ဝီမံသန္တိ သဗ္ဗေ ပစ္စာဟရန္တိ, အာပတ္တိ သဗ္ဗေသံ သံဃာဒိသေသဿ။</p>
<p class=""bodytext"">ပုရိသော သမ္ဗဟုလေ ဘိက္ခူ အာဏာပေတိ – ‘‘ဂစ္ဆထ, ဘန္တေ, ဣတ္ထန္နာမံ ဣတ္ထိံ ဝီမံသထာ’’တိ။ သဗ္ဗေ ပဋိဂ္ဂဏှန္တိ သဗ္ဗေ ဝီမံသန္တိ ဧကံ ပစ္စာဟရာပေန္တိ, အာပတ္တိ သဗ္ဗေသံ သံဃာဒိသေသဿ။</p>
<p class=""bodytext"">ပုရိသော <a name=""V0.0222""></a> သမ္ဗဟုလေ ဘိက္ခူ အာဏာပေတိ – ‘‘ဂစ္ဆထ, ဘန္တေ, ဣတ္ထန္နာမံ ဣတ္ထိံ ဝီမံသထာ’’တိ။ သဗ္ဗေ ပဋိဂ္ဂဏှန္တိ, ဧကံ ဝီမံသာပေတွာ သဗ္ဗေ ပစ္စာဟရန္တိ, အာပတ္တိ သဗ္ဗေသံ သံဃာဒိသေသဿ။</p>
<p class=""bodytext"">ပုရိသော သမ္ဗဟုလေ ဘိက္ခူ အာဏာပေတိ – ‘‘ဂစ္ဆထ, ဘန္တေ, ဣတ္ထန္နာမံ ဣတ္ထိံ ဝီမံသထာ’’တိ။ သဗ္ဗေ ပဋိဂ္ဂဏှန္တိ, ဧကံ ဝီမံသာပေတွာ ဧကံ ပစ္စာဟရာပေန္တိ, အာပတ္တိ သဗ္ဗေသံ သံဃာဒိသေသဿ။</p>
",-337-338-
217,mula_vi_01,217,"<p class=""bodytext"">ပုရိသော <a name=""M0.0217""></a> ဘိက္ခုံ အာဏာပေတိ – ‘‘ဂစ္ဆ, ဘန္တေ, ဣတ္ထန္နာမံ ဣတ္ထိံ ဝီမံသာ’’တိ။ ပဋိဂ္ဂဏှာတိ ဝီမံသတိ ပစ္စာဟရတိ, အာပတ္တိ သံဃာဒိသေသဿ။</p>
<p class=""bodytext"">ပုရိသော ဘိက္ခုံ အာဏာပေတိ – ‘‘ဂစ္ဆ, ဘန္တေ, ဣတ္ထန္နာမံ ဣတ္ထိံ ဝီမံသာ’’တိ။ ပဋိဂ္ဂဏှာတိ ဝီမံသတိ အန္တေဝါသိံ ပစ္စာဟရာပေတိ, အာပတ္တိ သံဃာဒိသေသဿ။</p>
<p class=""bodytext"">ပုရိသော ဘိက္ခုံ အာဏာပေတိ – ‘‘ဂစ္ဆ, ဘန္တေ, ဣတ္ထန္နာမံ ဣတ္ထိံ ဝီမံသာ’’တိ။ ပဋိဂ္ဂဏှာတိ အန္တေဝါသိံ ဝီမံသာပေတွာ အတ္တနာ ပစ္စာဟရတိ အာပတ္တိ သံဃာဒိသေသဿ။</p>
<p class=""bodytext"">ပုရိသော ဘိက္ခုံ အာဏာပေတိ <a name=""T1.0327""></a> – ‘‘ဂစ္ဆ, ဘန္တေ, ဣတ္ထန္နာမံ ဣတ္ထိ ဝိမံသာ’’တိ။ ပဋိဂ္ဂဏှာတိ အန္တေဝါသိံ ဝီမံသာပေတိ အန္တေဝါသီ ဝီမံသိတွာ ဗဟိဒ္ဓါ ပစ္စာဟရတိ, အာပတ္တိ ဥဘိန္နံ ထုလ္လစ္စယဿ။</p>
<p class=""bodytext""><a name=""para339""></a><a name=""para339_vin1""></a><span class=""paranum"">၃၃၉</span>။ ဂစ္ဆန္တော သမ္ပာဒေတိ, အာဂစ္ဆန္တော ဝိသံဝါဒေတိ, အာပတ္တိ ထုလ္လစ္စယဿ။</p>
<p class=""bodytext"">ဂစ္ဆန္တော ဝိသံဝါဒေတိ, အာဂစ္ဆန္တော သမ္ပာဒေတိ, အာပတ္တိ ထုလ္လစ္စယဿ။</p>
<p class=""bodytext"">ဂစ္ဆန္တော သမ္ပာဒေတိ, အာဂစ္ဆန္တော သမ္ပာဒေတိ, အာပတ္တိ သံဃာဒိသေသဿ။</p>
<p class=""bodytext"">ဂစ္ဆန္တော ဝိသံဝါဒေတိ, အာဂစ္ဆန္တော ဝိသံဝါဒေတိ, အနာပတ္တိ။</p>
<p class=""bodytext""><a name=""para340""></a><a name=""para340_vin1""></a><span class=""paranum"">၃၄၀</span>။ အနာပတ္တိ သံဃဿ ဝါ စေတိယဿ ဝါ ဂိလာနဿ ဝါ ကရဏီယေန ဂစ္ဆတိ, ဥမ္မတ္တကဿ, အာဒိကမ္မိကဿာတိ။</p>
<p class=""subhead"">ဝိနီတဝတ္ထုဥဒ္ဒါနဂါထာ</p>
<p class=""gatha1"">သုတ္တာ <a name=""V0.0223""></a> မတာ စ နိက္ခန္တာ, အနိတ္ထီ ဣတ္ထိပဏ္ဍကာ၊</p>
<p class=""gathalast"">ကလဟံ ကတွာန သမ္မောဒိ, သဉ္စရိတ္တဉ္စ ပဏ္ဍကေတိ။</p>
<p class=""subhead"">ဝိနီတဝတ္ထု</p>
<p class=""bodytext""><a name=""para341""></a><a name=""para341_vin1""></a><span class=""paranum"">၃၄၁</span>။ တေန ခေါ ပန သမယေန အညတရော ပုရိသော အညတရံ ဘိက္ခုံ <a name=""P3.0144""></a> အာဏာပေသိ – <span class=""note"">[အာဏာပေတိ (သျာ။ က။)]</span> ‘‘ဂစ္ဆ, ဘန္တေ, ဣတ္ထန္နာမံ ဣတ္ထိံ ဝီမံသာ’’တိ။ သော ဂန္တွာ မနုဿေ ပုစ္ဆိ – ‘‘ကဟံ ဣတ္ထန္နာမာ’’တိ? ‘‘သုတ္တာ, ဘန္တေ’’တိ။ တဿ <a name=""T1.0328""></a></p>
",-339-340-341-
218,mula_vi_01,218,"<p class=""noindentbodytext""> ကုက္ကုစ္စံ<a name=""M0.0218""></a> အဟောသိ – ‘‘ဘဂဝတာ သိက္ခာပဒံ ပညတ္တံ, ကစ္စိ နု ခေါ အဟံ သံဃာဒိသေသံ အာပတ္တိံ အာပန္နော’’တိ? ဘဂဝတော ဧတမတ္ထံ အာရောစေသိ။ ‘‘အနာပတ္တိ, ဘိက္ခု, သံဃာဒိသေသဿ၊ အာပတ္တိ ဒုက္ကဋဿာ’’တိ။</p>
<p class=""bodytext"">တေန ခေါ ပန သမယေန အညတရော ပုရိသော အညတရံ ဘိက္ခုံ အာဏာပေသိ – ‘‘ဂစ္ဆ, ဘန္တေ, ဣတ္ထန္နာမံ ဣတ္ထိံ ဝီမံသာ’’တိ။ သော ဂန္တွာ မနုဿေ ပုစ္ဆိ – ‘‘ကဟံ ဣတ္ထန္နာမာ’’တိ? ‘‘မတာ, ဘန္တေ’’တိ…ပေ… ‘‘နိက္ခန္တာ, ဘန္တေ’’တိ… ‘‘အနိတ္ထီ, ဘန္တေ’’တိ… ‘‘ဣတ္ထိပဏ္ဍကာ, ဘန္တေ’’တိ။ တဿ ကုက္ကုစ္စံ အဟောသိ…ပေ… ‘‘အနာပတ္တိ, ဘိက္ခု, သံဃာဒိသေသဿ၊ အာပတ္တိ ဒုက္ကဋဿာ’’တိ။</p>
<p class=""bodytext"">တေန ခေါ ပန သမယေန အညတရာ ဣတ္ထီ သာမိကေန သဟ ဘဏ္ဍိတွာ မာတုဃရံ အဂမာသိ။ ကုလူပကော ဘိက္ခု သမ္မောဒနီယံ အကာသိ။ တဿ ကုက္ကုစ္စံ အဟောသိ…ပေ… ‘‘အလံဝစနီယာ, ဘိက္ခူ’’တိ? ‘‘နာလံဝစနီယာ, ဘဂဝါ’’တိ။ ‘‘အနာပတ္တိ, ဘိက္ခု, နာလံဝစနီယာယာ’’တိ။</p>
<p class=""bodytext"">တေန ခေါ ပန သမယေန အညတရော ဘိက္ခု ပဏ္ဍကေ သဉ္စရိတ္တံ သမာပဇ္ဇိ။ တဿ ကုက္ကုစ္စံ အဟောသိ…ပေ… ‘‘အနာပတ္တိ, ဘိက္ခု, သံဃာဒိသေသဿ၊ အာပတ္တိ ထုလ္လစ္စယဿာ’’တိ။</p>
<p class=""centered"">သဉ္စရိတ္တသိက္ခာပဒံ နိဋ္ဌိတံ ပဉ္စမံ။</p>
<p class=""title"">၆။ ကုဋိကာရသိက္ခာပဒံ</p>
<p class=""bodytext""><a name=""para342""></a><a name=""para342_vin1""></a><span class=""paranum"">၃၄၂</span>။ တေန <a name=""T1.0329""></a><a name=""V0.0224""></a> သမယေန ဗုဒ္ဓေါ ဘဂဝါ ရာဇဂဟေ ဝိဟရတိ ဝေဠုဝနေ ကလန္ဒကနိဝါပေ။ တေန ခေါ ပန သမယေန အာဠဝကာ ဘိက္ခူ သညာစိကာယော ကုဋိယော ကာရာပေန္တိ အဿာမိကာယော အတ္တုဒ္ဒေသိကာယော အပ္ပမာဏိကာယော။ တာယော န နိဋ္ဌာနံ ဂစ္ဆန္တိ။ တေ ယာစနဗဟုလာ ဝိညတ္တိဗဟုလာ ဝိဟရန္တိ – ‘‘ပုရိသံ ဒေထ, ပုရိသတ္ထကရံ ဒေထ, ဂေါဏံ ဒေထ, သကဋံ ဒေထ, ဝါသိံ ဒေထ, ပရသုံ ဒေထ, ကုဌာရိံ ဒေထ, ကုဒါလံ ဒေထ, နိခါဒနံ ဒေထ, ဝလ္လိံ ဒေထ, ဝေဠုံ ဒေထ, မုဉ္ဇံ ဒေထ, ပဗ္ဗဇံ ဒေထ, တိဏံ ဒေထ, မတ္တိကံ ဒေထာ’’တိ။ မနုဿာ ဥပဒ္ဒုတာ ယာစနာယ ဥပဒ္ဒုတာ ဝိညတ္တိယာ ဘိက္ခူ ဒိသွာ ဥဗ္ဗိဇ္ဇန္တိပိ ဥတ္တသန္တိပိ ပလာယန္တိပိ အညေနပိ ဂစ္ဆန္တိ အညေနပိ မုခံ ကရောန္တိ ဒွါရမ္ပိ ထကေန္တိ, ဂါဝိမ္ပိ ဒိသွာ ပလာယန္တိ ဘိက္ခူတိ <a name=""P3.0145""></a> မညမာနာ။</p>
",-342-
219,mula_vi_01,219,"<p class=""bodytext"">အထ <a name=""M0.0219""></a> ခေါ အာယသ္မာ မဟာကဿပေါ ရာဇဂဟေ ဝဿံဝုဋ္ဌော ယေန အာဠဝီ တေန ပက္ကာမိ။ အနုပုဗ္ဗေန ယေန အာဠဝီ တဒဝသရိ။ တတြ သုဒံ အာယသ္မာ မဟာကဿပေါ အာဠဝိယံ ဝိဟရတိ အဂ္ဂါဠဝေ စေတိယေ။ အထ ခေါ အာယသ္မာ မဟာကဿပေါ ပုဗ္ဗဏှသမယံ နိဝါသေတွာ ပတ္တစီဝရမာဒါယ အာဠဝိံ ပိဏ္ဍာယ ပါဝိသိ။ မနုဿာ <a name=""T1.0330""></a> အာယသ္မန္တံ မဟာကဿပံ ပဿိတွာ ဥဗ္ဗိဇ္ဇန္တိပိ ဥတ္တသန္တိပိ ပလာယန္တိပိ အညေနပိ ဂစ္ဆန္တိ အညေနပိ မုခံ ကရောန္တိ ဒွါရမ္ပိ ထကေန္တိ။ အထ ခေါ အာယသ္မာ မဟာကဿပေါ အာဠဝိယံ ပိဏ္ဍာယ စရိတွာ ပစ္ဆာဘတ္တံ ပိဏ္ဍပါတပ္ပဋိက္ကန္တော ဘိက္ခူ အာမန္တေသိ – ‘‘ပုဗ္ဗာယံ, အာဝုသော, အာဠဝီ သုဘိက္ခာ အဟောသိ သုလဘပိဏ္ဍာ သုကရာ ဥဉ္ဆေန ပဂ္ဂဟေန ယာပေတုံ၊ ဧတရဟိ ပနာယံ အာဠဝီ ဒုဗ္ဘိက္ခာ ဒုလ္လဘပိဏ္ဍာ, န သုကရာ ဥဉ္ဆေန ပဂ္ဂဟေန ယာပေတုံ။ ကော နု ခေါ, အာဝုသော, ဟေတု ကော ပစ္စယော, ယေနာယံ အာဠဝီ ဒုဗ္ဘိက္ခာ ဒုလ္လဘပိဏ္ဍာ, န သုကရာ ဥဉ္ဆေန ပဂ္ဂဟေန ယာပေတု’’န္တိ? အထ ခေါ တေ ဘိက္ခူ အာယသ္မတော မဟာကဿပဿ ဧတမတ္ထံ အာရောစေသုံ။</p>
<p class=""bodytext""><a name=""para343""></a><a name=""para343_vin1""></a><span class=""paranum"">၃၄၃</span>။ အထ ခေါ ဘဂဝါ ရာဇဂဟေ ယထာဘိရန္တံ ဝိဟရိတွာ ယေန အာဠဝီ တေန စာရိကံ ပက္ကာမိ။ အနုပုဗ္ဗေန စာရိကံ စရမာနော ယေန အာဠဝီ တဒဝသရိ။ တတြ သုဒံ ဘဂဝါ အာဠဝိယံ ဝိဟရတိ အဂ္ဂါဠဝေ စေတိယေ။ အထ ခေါ အာယသ္မာ မဟာကဿပေါ ယေန ဘဂဝါ တေနုပသင်္ကမိ၊ ဥပသင်္ကမိတွာ ဘဂဝန္တံ အဘိဝါဒေတွာ ဧကမန္တံ နိသီဒိ။ ဧကမန္တံ နိသိန္နော ခေါ အာယသ္မာ မဟာကဿပေါ <a name=""V0.0225""></a> ဘဂဝတော ဧတမတ္ထံ အာရောစေသိ။ အထ ခေါ ဘဂဝါ ဧတသ္မိံ နိဒါနေ ဧတသ္မိံ ပကရဏေ ဘိက္ခုသံဃံ သန္နိပါတာပေတွာ အာဠဝကေ ဘိက္ခူ ပဋိပုစ္ဆိ – ‘‘သစ္စံ ကိရ တုမှေ, ဘိက္ခဝေ, သညာစိကာယော ကုဋိယော ကာရာပေထ အဿာမိကာယော အတ္တုဒ္ဒေသိကာယော အပ္ပမာဏိကာယော<a name=""T1.0331""></a>။ တာယော န နိဋ္ဌာနံ ဂစ္ဆန္တိ။ တေ တုမှေ ယာစနဗဟုလာ ဝိညတ္တိဗဟုလာ ဝိဟရထ – ‘ပုရိသံ ဒေထ ပုရိသတ္ထကရံ ဒေထ…ပေ… တိဏံ ဒေထ မတ္တိကံ ဒေထာ’တိ။ မနုဿာ ဥပဒ္ဒုတာ ယာစနာယ ဥပဒ္ဒုတာ ဝိညတ္တိယာ ဘိက္ခူ ဒိသွာ ဥဗ္ဗိဇ္ဇန္တိပိ ဥတ္တသန္တိပိ ပလာယန္တိပိ အညေနပိ ဂစ္ဆန္တိ အညေနပိ မုခံ ကရောန္တိ ဒွါရမ္ပိ ထကေန္တိ, ဂါဝိမ္ပိ ဒိသွာ ပလာယန္တိ ဘိက္ခူတိ မညမာနာ’’တိ? ‘‘သစ္စံ, ဘဂဝါ’’တိ။ ဝိဂရဟိ ဗုဒ္ဓေါ ဘဂဝါ…ပေ… ‘‘ကထဉှိ နာမ တုမှေ, မောဃပုရိသာ, သံယာစိကာယော ကုဋိယော ကာရာပေဿထ အဿာမိကာယော အတ္တုဒ္ဒေသိကာယော အပ္ပမာဏိကာယော! တာယော</p>
",-343-
220,mula_vi_01,220,"<p class=""noindentbodytext""> န<a name=""M0.0220""></a> နိဋ္ဌာနံ ဂစ္ဆန္တိ။ တေ တုမှေ ယာစနဗဟုလာ ဝိညတ္တိဗဟုလာ ဝိဟရိဿထ – ‘ပုရိသံ ဒေထ ပုရိသတ္ထကရံ ဒေထ…ပေ… တိဏံ ဒေထ မတ္တိကံ ဒေထာ’တိ! နေတံ မောဃပုရိသာ, အပ္ပသန္နာနံ ဝါ ပသာဒါယ…ပေ…’’ ဝိဂရဟိတွာ ဓမ္မိံ ကထံ ကတွာ ဘိက္ခူ အာမန္တေသိ –</p>
<p class=""bodytext""><a name=""para344""></a><a name=""para344_vin1""></a><span class=""paranum"">၃၄၄</span>။ ‘‘ဘူတပုဗ္ဗံ<a name=""T1.0332""></a>, ဘိက္ခဝေ, ဒွေ ဘာတရော ဣသယော ဂင်္ဂံ နဒိံ ဥပနိဿာယ ဝိဟရိံသု။ အထ ခေါ, ဘိက္ခဝေ, မဏိကဏ္ဌော <a name=""P3.0146""></a> နာဂရာဇာ ဂင်္ဂံ နဒိံ ဥတ္တရိတွာ ယေန ကနိဋ္ဌော ဣသိ တေနုပသင်္ကမိ၊ ဥပသင်္ကမိတွာ ကနိဋ္ဌံ ဣသိံ သတ္တက္ခတ္တုံ ဘောဂေဟိ ပရိက္ခိပိတွာ ဥပရိမုဒ္ဓနိ မဟန္တံ ဖဏံ ကရိတွာ အဋ္ဌာသိ။ အထ ခေါ, ဘိက္ခဝေ, ကနိဋ္ဌော ဣသိ တဿ နာဂဿ ဘယာ ကိသော အဟောသိ လူခေါ ဒုဗ္ဗဏ္ဏော ဥပ္ပဏ္ဍုပ္ပဏ္ဍုကဇာတော ဓမနိသန္ထတဂတ္တော။ အဒ္ဒသ ခေါ, ဘိက္ခဝေ, ဇေဋ္ဌော ဣသိ ကနိဋ္ဌံ ဣသိံ ကိသံ လူခံ ဒုဗ္ဗဏ္ဏံ ဥပ္ပဏ္ဍုပ္ပဏ္ဍုကဇာတံ ဓမနိသန္ထတဂတ္တံ။ ဒိသွာန ကနိဋ္ဌံ ဣသိံ ဧတဒဝေါစ – ‘‘ကိဿ တွံ, ဘော, ကိသော လူခေါ ဒုဗ္ဗဏ္ဏော ဥပ္ပဏ္ဍုပ္ပဏ္ဍုကဇာတော ဓမနိသန္ထတဂတ္တော’’တိ? ‘‘ဣဓ, ဘော, မဏိကဏ္ဌော နာဂရာဇာ ဂင်္ဂံ နဒိံ ဥတ္တရိတွာ ယေနာဟံ တေနုပသင်္ကမိ၊ ဥပသင်္ကမိတွာ မံ သတ္တက္ခတ္တုံ ဘောဂေဟိ ပရိက္ခိပိတွာ ဥပရိမုဒ္ဓနိ မဟန္တံ ဖဏံ ကရိတွာ အဋ္ဌာသိ။ တဿာဟံ, ဘော, နာဂဿ ဘယာ <span class=""note"">[ဘယာမှိ (သီ။)]</span> ကိသော လူခေါ ဒုဗ္ဗဏ္ဏော ဥပ္ပဏ္ဍုပ္ပဏ္ဍုကဇာတော ဓမနိသန္ထတဂတ္တော’’တိ။ ‘‘ဣစ္ဆသိ ပန တွံ, ဘော, တဿ နာဂဿ အနာဂမန’’န္တိ? ‘‘ဣစ္ဆာမဟံ, ဘော, တဿ နာဂဿ အနာဂမန’’န္တိ။ ‘‘အပိ ပန တွံ, ဘော, တဿ နာဂဿ ကိဉ္စိ ပဿသီ’’တိ? ‘‘ပဿာမဟံ, ဘော, မဏိမဿ <span class=""note"">[မဏိဿ (သီ။ က။)]</span> ကဏ္ဌေ ပိလန္ဓန’’န္တိ။ ‘‘တေန ဟိ တွံ, ဘော, တံ နာဂံ မဏိံ ယာစ – ‘မဏိံ မေ, ဘော, ဒေဟိ၊ မဏိနာ မေ အတ္ထော’’’တိ။</p>
<p class=""bodytext"">အထ ခေါ, ဘိက္ခဝေ, မဏိကဏ္ဌော နာဂရာဇာ ဂင်္ဂံ နဒိံ ဥတ္တရိတွာ ယေန ကနိဋ္ဌော ဣသိ တေနုပသင်္ကမိ<a name=""V0.0226""></a>၊ ဥပသင်္ကမိတွာ ဧကမန္တံ <a name=""T1.0333""></a> အဋ္ဌာသိ။ ဧကမန္တံ ဌိတံ ခေါ, ဘိက္ခဝေ, မဏိကဏ္ဌံ နာဂရာဇာနံ ကနိဋ္ဌော ဣသိ ဧတဒဝေါစ – ‘‘မဏိံ မေ, ဘော, ဒေဟိ၊ မဏိနာ မေ အတ္ထော’’တိ။ အထ ခေါ, ဘိက္ခဝေ, မဏိကဏ္ဌော နာဂရာဇာ – ‘ဘိက္ခု မဏိံ ယာစတိ, ဘိက္ခုဿ မဏိနာ အတ္ထော’တိ ခိပ္ပညေဝ အဂမာသိ။ ဒုတိယမ္ပိ ခေါ, ဘိက္ခဝေ, မဏိကဏ္ဌော နာဂရာဇာ ဂင်္ဂံ နဒိံ ဥတ္တရိတွာ ယေန ကနိဋ္ဌော ဣသိ တေနုပသင်္ကမိ။</p>
",-344-
221,mula_vi_01,221,"<p class=""noindentbodytext""> အဒ္ဒသ<a name=""M0.0221""></a> ခေါ, ဘိက္ခဝေ, ကနိဋ္ဌော ဣသိ မဏိကဏ္ဌံ နာဂရာဇာနံ ဒူရတောဝ အာဂစ္ဆန္တံ။ ဒိသွာန မဏိကဏ္ဌံ နာဂရာဇာနံ ဧတဒဝေါစ – ‘‘မဏိံ မေ, ဘော, ဒေဟိ၊ မဏိနာ မေ အတ္ထော’’တိ။ အထ ခေါ, ဘိက္ခဝေ, မဏိကဏ္ဌော နာဂရာဇာ – ‘‘ဘိက္ခု မဏိံ ယာစတိ, ဘိက္ခုဿ မဏိနာ အတ္ထော’’တိ တတောဝ ပဋိနိဝတ္တိ။ တတိယမ္ပိ ခေါ, ဘိက္ခဝေ, မဏိကဏ္ဌော နာဂရာဇာ ဂင်္ဂံ နဒိံ ဥတ္တရတိ။ အဒ္ဒသ ခေါ, ဘိက္ခဝေ, ကနိဋ္ဌော ဣသိ မဏိကဏ္ဌံ နာဂရာဇာနံ ဂင်္ဂံ နဒိံ ဥတ္တရန္တံ။ ဒိသွာန မဏိကဏ္ဌံ နာဂရာဇာနံ ဧတဒဝေါစ – ‘‘မဏိံ မေ, ဘော, ဒေဟိ၊ မဏိနာ မေ အတ္ထော’’တိ။ အထ ခေါ, ဘိက္ခဝေ, မဏိကဏ္ဌော နာဂရာဇာ ကနိဋ္ဌံ ဣသိံ ဂါထာဟိ အဇ္ဈဘာသိ –</p>
<p class=""gatha1""><span class=""note"">[ဇာ။ ၁။၃။၇ မဏိကဏ္ဌဇာတကေပိ]</span> ‘‘မမန္နပါနံ <a name=""P3.0147""></a> ဝိပုလံ ဥဠာရံ,</p>
<p class=""gatha2"">ဥပ္ပဇ္ဇတီမဿ မဏိဿ ဟေတု၊</p>
<p class=""gatha3"">တံ တေ န ဒဿံ အတိယာစကောသိ၊</p>
<p class=""gathalast"">န စာပိ တေ အဿမမာဂမိဿံ။</p>
<p class=""gatha1""><span class=""note"">[ဇာ။ ၁။၃။၈ မဏိကဏ္ဌဇာတကေပိ]</span> ‘‘သုသူ ယထာ သက္ခရဓောတပါဏီ၊</p>
<p class=""gatha2"">တာသေသိ <a name=""T1.0334""></a> မံ သေလမာယာစမာနော၊</p>
<p class=""gatha3"">တံ တေ န ဒဿံ အတိယာစကောသိ၊</p>
<p class=""gathalast"">န စာပိ တေ အဿမမာဂမိဿ’’န္တိ။</p>
<p class=""bodytext"">အထ ခေါ, ဘိက္ခဝေ, မဏိကဏ္ဌော နာဂရာဇာ – ‘‘ဘိက္ခု မဏိံ ယာစတိ, ဘိက္ခုဿ မဏိနာ အတ္ထော’’တိ ပက္ကာမိ။ တထာ ပက္ကန္တောဝ <span class=""note"">[တဒါပက္ကန္တောဝ (က။)]</span> အဟောသိ, န ပုန ပစ္စာဂဉ္ဆိ။ အထ ခေါ, ဘိက္ခဝေ, ကနိဋ္ဌော ဣသိ တဿ နာဂဿ ဒဿနီယဿ အဒဿနေန ဘိယျောသောမတ္တာယ ကိသော အဟောသိ လူခေါ ဒုဗ္ဗဏ္ဏော, ဥပ္ပဏ္ဍုပ္ပဏ္ဍုကဇာတော ဓမနိသန္ထတဂတ္တော။ အဒ္ဒသ ခေါ, ဘိက္ခဝေ, ဇေဋ္ဌော ဣသိ ကနိဋ္ဌံ ဣသိံ ဘိယျောသောမတ္တာယ ကိသံ လူခံ ဒုဗ္ဗဏ္ဏံ ဥပ္ပဏ္ဍုပ္ပဏ္ဍုကဇာတံ ဓမနိသန္ထတဂတ္တံ။ ဒိသွာန ကနိဋ္ဌံ ဣသိံ ဧတဒဝေါစ – ‘‘ကိဿ တွံ, ဘော, ဘိယျောသောမတ္တာယ ကိသော လူခေါ ဒုဗ္ဗဏ္ဏော <a name=""V0.0227""></a> ဥပ္ပဏ္ဍုပ္ပဏ္ဍုကဇာတော ဓမနိသန္ထတဂတ္တော’’တိ? ‘‘တဿာဟံ, ဘော, နာဂဿ ဒဿနီယဿ အဒဿနေန ဘိယျောသောမတ္တာယ ကိသော လူခေါ ဒုဗ္ဗဏ္ဏော ဥပ္ပဏ္ဍုပ္ပဏ္ဍုကဇာတော ဓမနိသန္ထတဂတ္တော’’တိ။ အထ ခေါ, ဘိက္ခဝေ, ဇေဋ္ဌော ဣသိ ကနိဋ္ဌံ ဣသိံ ဂါထာယ အဇ္ဈဘာသိ –</p>
",
222,mula_vi_01,222,"<p class=""gatha1""><span class=""note"">[ဇာ။ ၁။၃။၉ မဏိကဏ္ဌဇာတကေပိ]</span> ‘‘န<a name=""M0.0222""></a> တံ ယာစေ ယဿ ပိယံ ဇိဂီသေ,</p>
<p class=""gatha2"">ဝိဒေဿော <span class=""note"">[ဒေဿော (သီ။), ဒေဿော စ (သျာ။)]</span> ဟောတိ အတိယာစနာယ၊</p>
<p class=""gatha3"">နာဂေါ <a name=""T1.0335""></a> မဏိံ ယာစိတော ဗြာဟ္မဏေန၊</p>
<p class=""gathalast"">အဒဿနညေဝ တဒဇ္ဈဂမာ’’တိ။</p>
<p class=""bodytext"">တေသဉှိ နာမ, ဘိက္ခဝေ, တိရစ္ဆာနဂတာနံ ပါဏာနံ အမနာပါ ဘဝိဿတိ ယာစနာ အမနာပါ ဝိညတ္တိ။ ကိမင်္ဂံ <span class=""note"">[ကိမင်္ဂ (သီ။)]</span> ပန မနုဿဘူတာနံ!</p>
<p class=""bodytext""><a name=""para345""></a><a name=""para345_vin1""></a><span class=""paranum"">၃၄၅</span>။ ‘‘ဘူတပုဗ္ဗံ, ဘိက္ခဝေ, အညတရော ဘိက္ခု ဟိမဝန္တပဿေ ဝိဟရတိ အညတရသ္မိံ ဝနသဏ္ဍေ။ တဿ ခေါ, ဘိက္ခဝေ, ဝနသဏ္ဍဿ အဝိဒူရေ မဟန္တံ နိန္နံ ပလ္လလံ။ အထ ခေါ ဘိက္ခဝေ မဟာသကုဏသံဃော တသ္မိံ ပလ္လလေ ဒိဝသံ ဂေါစရံ စရိတွာ သာယံ တံ ဝနသဏ္ဍံဝါသာယ ဥပဂစ္ဆတိ။ အထ ခေါ, ဘိက္ခဝေ, သော ဘိက္ခု တဿ သကုဏသံဃဿ သဒ္ဒေန ဥဗ္ဗာဠှော ယေနာဟံ တေနုပသင်္ကမိ၊ ဥပသင်္ကမိတွာ မံ အဘိဝါဒေတွာ ဧကမန္တံ နိသီဒိ။ ဧကမန္တံ နိသိန္နံ ခေါ အဟံ, ဘိက္ခဝေ, တံ ဘိက္ခုံ ဧတဒဝေါစ <a name=""P3.0148""></a> – ‘ကစ္စိ, ဘိက္ခု, ခမနီယံ ကစ္စိ ယာပနီယံ ကစ္စိသိ အပ္ပကိလမထေန အဒ္ဓါနံ အာဂတော? ကုတော စ တွံ, ဘိက္ခု, အာဂစ္ဆသီ’တိ? ‘ခမနီယံ, ဘဂဝါ, ယာပနီယံ, ဘဂဝါ။ အပ္ပကိလမထေန စာဟံ, ဘန္တေ, အဒ္ဓါနံ အာဂတော။ အတ္ထိ, ဘန္တေ, ဟိမဝန္တပဿေ မဟာဝနသဏ္ဍော။ တဿ ခေါ ပန, ဘန္တေ, ဝနသဏ္ဍဿ အဝိဒူရေ မဟန္တံ နိန္နံ ပလ္လလံ။ အထ ခေါ, ဘန္တေ, မဟာသကုဏသံဃော တသ္မိံ ပလ္လလေ ဒိဝသံ ဂေါစရံ စရိတွာ သာယံ တံ ဝနသဏ္ဍံ ဝါသာယ ဥပဂစ္ဆတိ။ တတော အဟံ, ဘဂဝါ, အာဂစ္ဆာမိ – တဿ သကုဏသံဃဿ သဒ္ဒေန ဥဗ္ဗာဠှော’တိ။ ‘ဣစ္ဆသိ ပန တွံ, ဘိက္ခု, တဿ သကုဏသံဃဿ အနာဂမန’န္တိ<a name=""T1.0336""></a>? ‘ဣစ္ဆာမဟံ, ဘဂဝါ, တဿ သကုဏသံဃဿ အနာဂမန’န္တိ။ ‘တေန ဟိ တွံ, ဘိက္ခု, တတ္ထ ဂန္တွာ တံ ဝနသဏ္ဍံ အဇ္ဈောဂါဟေတွာ ရတ္တိယာ ပဌမံ ယာမံ တိက္ခတ္တုံ သဒ္ဒမနုဿာဝေဟိ – သုဏန္တု မေ, ဘောန္တော သကုဏာ, ယာဝတိကာ ဣမသ္မိံ ဝနသဏ္ဍေ ဝါသံ ဥပဂတာ, ပတ္တေန မေ အတ္ထော။ ဧကေကံ မေ, ဘောန္တော, ပတ္တံ ဒဒန္တူ’တိ။ ရတ္တိယာ မဇ္ဈိမံ ယာမံ… ရတ္တိယာ ပစ္ဆိမံ ယာမံ တိက္ခတ္တုံ သဒ္ဒမနုဿာဝေဟိ – ‘သုဏန္တု <a name=""V0.0228""></a> မေ, ဘောန္တော သကုဏာ, ယာဝတိကာ ဣမသ္မိံ ဝနသဏ္ဍေ ဝါသံ ဥပဂတာ, ပတ္တေန မေ အတ္ထော။ ဧကေကံ မေ, ဘောန္တော, ပတ္တံ ဒဒန္တူ’တိ။</p>
",-345-
223,mula_vi_01,223,"<p class=""bodytext"">‘‘အထ <a name=""M0.0223""></a> ခေါ, ဘိက္ခဝေ, သော ဘိက္ခု တတ္ထ ဂန္တွာ တံ ဝနသဏ္ဍံ အဇ္ဈောဂါဟေတွာ ရတ္တိယာ ပဌမံ ယာမံ တိက္ခတ္တုံ သဒ္ဒမနုဿာဝေသိ – ‘သုဏန္တု မေ, ဘောန္တော သကုဏာ, ယာဝတိကာ ဣမသ္မိံ ဝနသဏ္ဍေ ဝါသံ ဥပဂတာ, ပတ္တေန မေ အတ္ထော။ ဧကေကံ မေ, ဘောန္တော, ပတ္တံ ဒဒန္တူ’တိ။ ရတ္တိယာ မဇ္ဈိမ ယာမံ… ရတ္တိယာ ပစ္ဆိမံ ယာမံ တိက္ခတ္တုံ သဒ္ဒမနုဿာဝေသိ – ‘သုဏန္တု မေ, ဘောန္တော သကုဏာ, ယာဝတိကာ ဣမသ္မိံ ဝနသဏ္ဍေ ဝါသံ ဥပဂတာ, ပတ္တေန မေ အတ္ထော။ ဧကေကံ မေ, ဘောန္တော, ပတ္တံ ဒဒန္တူ’တိ။ အထ ခေါ, ဘိက္ခဝေ, သော သကုဏသံဃော – ‘ဘိက္ခု ပတ္တံ ယာစတိ ဘိက္ခုဿ ပတ္တေန အတ္ထော’တိ တမှာ ဝနသဏ္ဍာ ပက္ကာမိ။ တထာ ပက္ကန္တောဝ အဟောသိ န ပုန ပစ္စာဂဉ္ဆိ။ တေသဉှိ နာမ, ဘိက္ခဝေ, တိရစ္ဆာနဂတာနံ ပါဏာနံ အမနာပါ ဘဝိဿတိ ယာစနာ အမနာပါ ဝိညတ္တိ။ ကိမင်္ဂံ ပန မနုဿဘူတာနံ’’!</p>
<p class=""bodytext""><a name=""para346""></a><a name=""para346_vin1""></a><span class=""paranum"">၃၄၆</span>။ ‘‘ဘူတပုဗ္ဗံ, ဘိက္ခဝေ, ရဋ္ဌပါလဿ ကုလပုတ္တဿ ပိတာ ရဋ္ဌပါလံ ကုလပုတ္တံ <a name=""T1.0337""></a> ဂါထာယ အဇ္ဈဘာသိ –</p>
<p class=""gatha1"">‘အပါဟံ တေ န ဇာနာမိ, ရဋ္ဌပါလ ဗဟူ ဇနာ၊</p>
<p class=""gathalast""><span class=""note"">[ဇာ။ ၁။၇။၅၄]</span> တေ မံ သင်္ဂမ္မ ယာစန္တိ, ကသ္မာ မံ တွံ န ယာစသီ’တိ။</p>
<p class=""gatha1""><span class=""note"">[ဇာ။ ၁။၇။၅၅]</span> ‘ယာစကော အပ္ပိယော ဟောတိ, ယာစံ အဒဒမပ္ပိယော၊</p>
<p class=""gathalast"">တသ္မာဟံ တံ န ယာစာမိ, မာ မေ ဝိဒေဿနာ အဟူ’တိ။</p>
<p class=""bodytext"">‘‘သော ဟိ နာမ, ဘိက္ခဝေ, ရဋ္ဌပါလော ကုလပုတ္တော သကံ ပိတရံ ဧဝံ ဝက္ခတိ။ ကိမင်္ဂံ ပန ဇနော ဇနံ!</p>
<p class=""bodytext""><a name=""para347""></a><a name=""para347_vin1""></a><span class=""paranum"">၃၄၇</span>။ ‘‘ဂိဟီနံ, ဘိက္ခဝေ, ဒုဿံဟရာနိ ဘောဂါနိ သမ္ဘတာနိပိ ဒုရက္ခိယာနိ<a name=""P3.0149""></a>။ တတ္ထ နာမ တုမှေ, မောဃပုရိသာ, ဧဝံ ဒုဿံဟရေသု ဘောဂေသု သမ္ဘတေသုပိ ဒုရက္ခိယေသု ယာစနဗဟုလာ ဝိညတ္တိဗဟုလာ ဝိဟရိဿထ – ‘ပုရိသံ ဒေထ, ပုရိသတ္ထကရံ ဒေထ, ဂေါဏံ ဒေထ, သကဋံ ဒေထ, ဝါသိံ ဒေထ, ပရသုံ ဒေထ, ကုဌာရိံ ဒေထ, ကုဒါလံ ဒေထ, နိခါဒနံ ဒေထ, ဝလ္လိံ ဒေထ, ဝေဠုံ ဒေထ, မုဉ္ဇံ ဒေထ<a name=""V0.0229""></a>, ပဗ္ဗဇံ ဒေထ, တိဏံ ဒေထ, မတ္တိကံ ဒေထာ’’တိ! နေတံ, မောဃပုရိသာ, အပ္ပသန္နာနံ ဝါ ပသာဒါယ…ပေ… ဧဝဉ္စ ပန, ဘိက္ခဝေ, ဣမံ သိက္ခာပဒံ ဥဒ္ဒိသေယျာထ –</p>
<p class=""bodytext""><a name=""para348_vin1""></a><span class=""paranum"">၃၄၈</span>။ <span class=""bld"">‘‘သညာစိကာယ ပန ဘိက္ခုနာ ကုဋိံ ကာရယမာနေန အဿာမိကံ အတ္တုဒ္ဒေသံ ပမာဏိကာ ကာရေတဗ္ဗာ။ တတြိဒံ ပမာဏံ – ဒီဃသော </span>
",-346-347-
224,mula_vi_01,224,"<p class=""bodytext""><a name=""para348""></a><a name=""para348_vin1""></a><span class=""bld"">ဒွါဒသ</span><a name=""M0.0224""></a> <span class=""bld"">ဝိဒတ္ထိယော, သုဂတဝိဒတ္ထိယာ၊ တိရိယံ သတ္တန္တရာ။ ဘိက္ခူ အဘိနေတဗ္ဗာ ဝတ္ထုဒေသနာယ။ တေဟိ ဘိက္ခူဟိ ဝတ္ထု ဒေသေတဗ္ဗံ <a name=""T1.0338""></a> – အနာရမ္ဘံ <span class=""note"">[အနာရဗ္ဘံ (က။)]</span> သပရိက္ကမနံ။ သာရမ္ဘေ <span class=""note"">[သာရဗ္ဘေ (က။)]</span> စေ ဘိက္ခု ဝတ္ထုသ္မိံ အပရိက္ကမနေ သညာစိကာယ ကုဋိံ ကာရေယျ, ဘိက္ခူ ဝါ အနဘိနေယျ ဝတ္ထုဒေသနာယ, ပမာဏံ ဝါ အတိက္ကာမေယျ, သံဃာဒိသေသော’’</span>တိ။</p>
<p class=""bodytext""><a name=""para349""></a><a name=""para349_vin1""></a><span class=""paranum"">၃၄၉</span>။ <span class=""bld"">သညာစိကာ</span> နာမ သယံ ယာစိတွာ ပုရိသမ္ပိ ပုရိသတ္ထကရမ္ပိ ဂေါဏမ္ပိ သကဋမ္ပိ ဝါသိမ္ပိ ပရသုမ္ပိ ကုဌာရိမ္ပိ ကုဒါလမ္ပိ နိခါဒနမ္ပိ ဝလ္လိမ္ပိ ဝေဠုမ္ပိ မုဉ္ဇမ္ပိ ပဗ္ဗဇမ္ပိ တိဏမ္ပိ မတ္တိကမ္ပိ။</p>
<p class=""bodytext""><span class=""bld"">ကုဋိ</span> နာမ ဥလ္လိတ္တာ ဝါ ဟောတိ အဝလိတ္တာ ဝါ ဥလ္လိတ္တာဝလိတ္တာ ဝါ။</p>
<p class=""bodytext""><span class=""bld"">ကာရယမာနေနာ</span>တိ ကရောန္တော ဝါ ကာရာပေန္တော ဝါ။</p>
<p class=""bodytext""><span class=""bld"">အဿာမိက</span>န္တိ န အညော ကောစိ သာမိကော ဟောတိ, ဣတ္ထီ ဝါ ပုရိသော ဝါ ဂဟဋ္ဌော ဝါ ပဗ္ဗဇိတော ဝါ။</p>
<p class=""bodytext""><span class=""bld"">အတ္တုဒ္ဒေသ</span>န္တိ အတ္တနော အတ္ထာယ။</p>
<p class=""bodytext""><span class=""bld"">ပမာဏိကာ ကာရေတဗ္ဗာ။ တတြိဒံ ပမာဏံ – ဒီဃသော ဒွါဒသ ဝိဒတ္ထိယော, သုဂတဝိဒတ္ထိယာ</span>တိ ဗာဟိရိမေန မာနေန။</p>
<p class=""bodytext""><span class=""bld"">တိရိယံ သတ္တန္တရာ</span>တိ အဗ္ဘန္တရိမေန မာနေန။</p>
<p class=""bodytext""><span class=""bld"">ဘိက္ခူ အဘိနေတဗ္ဗာ ဝတ္ထုဒေသနာယာ</span>တိ တေန ကုဋိကာရကေန ဘိက္ခုနာ ကုဋိဝတ္ထုံ သောဓေတွာ သံဃံ ဥပသင်္ကမိတွာ ဧကံသံ ဥတ္တရာသင်္ဂံ ကရိတွာ ဝုဍ္ဎာနံ ဘိက္ခူနံ ပါဒေ ဝန္ဒိတွာ ဥက္ကုဋိကံ နိသီဒိတွာ <a name=""V0.0230""></a> အဉ္ဇလိံ ပဂ္ဂဟေတွာ ဧဝမဿ ဝစနီယော – ‘‘အဟံ, ဘန္တေ, သညာစိကာယ ကုဋိံ ကတ္တုကာမော အဿာမိကံ အတ္တုဒ္ဒေသံ။ သောဟံ, ဘန္တေ, သံဃံ ကုဋိဝတ္ထုဩလောကနံ ယာစာမီ’’တိ။ ဒုတိယမ္ပိ ယာစိတဗ္ဗာ။ တတိယမ္ပိ <a name=""P3.0150""></a> ယာစိတဗ္ဗာ။ သစေ <a name=""T1.0339""></a> သဗ္ဗော သံဃော ဥဿဟတိ ကုဋိဝတ္ထုံ ဩလောကေတုံ, သဗ္ဗေန သံဃေန ဩလောကေတဗ္ဗံ။ နော စေ သဗ္ဗော သံဃော ဥဿဟတိ ကုဋိဝတ္ထုံ ဩလောကေတုံ, ယေ တတ္ထ ဟောန္တိ ဘိက္ခူ ဗျတ္တာ ပဋိဗလာ သာရမ္ဘံ အနာရမ္ဘံ သပရိက္ကမနံ အပရိက္ကမနံ ဇာနိတုံ တေ ယာစိတွာ သမ္မန္နိတဗ္ဗာ။ ဧဝဉ္စ ပန, ဘိက္ခဝေ, သမ္မန္နိတဗ္ဗာ။ ဗျတ္တေန ဘိက္ခုနာ ပဋိဗလေန သံဃော ဉာပေတဗ္ဗော –</p>
",-348-349-
225,mula_vi_01,225,"<p class=""bodytext""><a name=""para350""></a><a name=""para350_vin1""></a><span class=""paranum"">၃၅၀</span>။ ‘‘သုဏာတု <a name=""M0.0225""></a> မေ, ဘန္တေ, သံဃော။ အယံ ဣတ္ထန္နာမော ဘိက္ခု သညာစိကာယ ကုဋိံ ကတ္တုကာမော အဿာမိကံ အတ္တုဒ္ဒေသံ။ သော သံဃံ ကုဋိဝတ္ထုဩလောကနံ ယာစတိ။ ယဒိ သံဃဿ ပတ္တကလ္လံ, သံဃော ဣတ္ထန္နာမဉ္စ ဣတ္ထန္နာမဉ္စ ဘိက္ခူ သမ္မန္နေယျ ဣတ္ထန္နာမဿ ဘိက္ခုနော ကုဋိဝတ္ထုံ ဩလောကေတုံ။ ဧသာ ဉတ္တိ။</p>
<p class=""bodytext"">‘‘သုဏာတု မေ, ဘန္တေ, သံဃော။ အယံ ဣတ္ထန္နာမော ဘိက္ခု သညာစိကာယ ကုဋိံ ကတ္တုကာမော အဿာမိကံ အတ္တုဒ္ဒေသံ။ သော သံဃံ ကုဋိဝတ္ထုဩလောကနံ ယာစတိ။ သံဃော ဣတ္ထန္နာမဉ္စ ဣတ္ထန္နာမဉ္စ ဘိက္ခူ သမ္မန္နတိ ဣတ္ထန္နာမဿ ဘိက္ခုနော ကုဋိဝတ္ထုံ ဩလောကေတုံ။ ယဿာယသ္မတော ခမတိ ဣတ္ထန္နာမဿ စ ဣတ္ထန္နာမဿ စ ဘိက္ခူနံ သမ္မုတိ <span class=""note"">[သမ္မတိ (သျာ။)]</span> ဣတ္ထန္နာမဿ ဘိက္ခုနော ကုဋိဝတ္ထုံ ဩလောကေတုံ, သော တုဏှဿ၊ ယဿ နက္ခမတိ, သော ဘာသေယျ။</p>
<p class=""bodytext"">‘‘သမ္မတာ သံဃေန ဣတ္ထန္နာမော စ ဣတ္ထန္နာမော စ ဘိက္ခူ ဣတ္ထန္နာမဿ ဘိက္ခုနော ကုဋိဝတ္ထုံ ဩလောကေတုံ။ ခမတိ သံဃဿ, တသ္မာ တုဏှီ, ဧဝမေတံ ဓာရယာမီ’’တိ။</p>
<p class=""bodytext""><a name=""para351""></a><a name=""para351_vin1""></a><span class=""paranum"">၃၅၁</span>။ တေဟိ သမ္မတေဟိ ဘိက္ခူဟိ တတ္ထ ဂန္တွာ ကုဋိဝတ္ထု ဩလောကေတဗ္ဗံ, သာရမ္ဘံ အနာရမ္ဘံ သပရိက္ကမနံ အပရိက္ကမနံ ဇာနိတဗ္ဗံ။ သစေ သာရမ္ဘံ ဟောတိ <a name=""T1.0340""></a> အပရိက္ကမနံ, ‘မာ ဣဓ ကရီ’တိ ဝတ္တဗ္ဗော။ သစေ အနာရမ္ဘံ ဟောတိ သပရိက္ကမနံ, သံဃဿ အာရောစေတဗ္ဗံ – ‘အနာရမ္ဘံ သပရိက္ကမန’န္တိ။ တေန ကုဋိကာရကေန ဘိက္ခုနာ သံဃံ ဥပသင်္ကမိတွာ ဧကံသံ ဥတ္တရာသင်္ဂံ ကရိတွာ ဝုဍ္ဎာနံ ဘိက္ခူနံ ပါဒေ ဝန္ဒိတွာ ဥက္ကုဋိကံ နိသီဒိတွာ အဉ္ဇလိံ ပဂ္ဂဟေတွာ ဧဝမဿ ဝစနီယော – ‘‘အဟံ, ဘန္တေ, သညာစိကာယ ကုဋိံ ကတ္တုကာမော အဿာမိကံ အတ္တုဒ္ဒေသံ<a name=""V0.0231""></a>။ သောဟံ, ဘန္တေ, သံဃံ ကုဋိဝတ္ထုဒေသနံ ယာစာမီ’’တိ။ ဒုတိယမ္ပိ ယာစိတဗ္ဗာ။ တတိယမ္ပိ ယာစိတဗ္ဗာ။ ဗျတ္တေန ဘိက္ခုနာ ပဋိဗလေန သံဃော ဉာပေတဗ္ဗော –</p>
<p class=""bodytext""><a name=""para352""></a><a name=""para352_vin1""></a><span class=""paranum"">၃၅၂</span>။ ‘‘သုဏာတု မေ, ဘန္တေ, သံဃော။ အယံ ဣတ္ထန္နာမော ဘိက္ခု သညာစိကာယ ကုဋိံ ကတ္တုကာမော အဿာမိကံ အတ္တုဒ္ဒေသံ။ သော သံဃံ ကုဋိဝတ္ထုဒေသနံ ယာစတိ။ ယဒိ သံဃဿ ပတ္တကလ္လံ, သံဃော ဣတ္ထန္နာမဿ ဘိက္ခုနော ကုဋိဝတ္ထုံ ဒေသေယျ။ ဧသာ ဉတ္တိ။</p>
",-350-351-352-
226,mula_vi_01,226,"<p class=""bodytext"">‘‘သုဏာတု <a name=""M0.0226""></a> မေ, ဘန္တေ, သံဃော။ အယံ ဣတ္ထန္နာမော ဘိက္ခု သညာစိကာယ ကုဋိံ ကတ္တုကာမော အဿာမိကံ အတ္တုဒ္ဒေသံ။ သော သံဃံ ကုဋိဝတ္ထုဒေသနံ ယာစတိ။ သံဃော <a name=""P3.0151""></a> ဣတ္ထန္နာမဿ ဘိက္ခုနော ကုဋိဝတ္ထုံ ဒေသေတိ။ ယဿာယသ္မတော ခမတိ ဣတ္ထန္နာမဿ ဘိက္ခုနော ကုဋိဝတ္ထုဿ ဒေသနာ, သော တုဏှဿ၊ ယဿ နက္ခမတိ, သော ဘာသေယျ။</p>
<p class=""bodytext"">‘‘ဒေသိတံ သံဃေန ဣတ္ထန္နာမဿ ဘိက္ခုနော ကုဋိဝတ္ထု။ ခမတိ သံဃဿ, တသ္မာ တုဏှီ, ဧဝမေတံ ဓာရယာမီ’’တိ။</p>
<p class=""bodytext""><a name=""para353""></a><a name=""para353_vin1""></a><span class=""paranum"">၃၅၃</span>။ <span class=""bld"">သာရမ္ဘံ</span> နာမ ကိပိလ္လိကာနံ ဝါ အာသယော ဟောတိ, ဥပစိကာနံ ဝါ အာသယော ဟောတိ, ဥန္ဒုရာနံ ဝါ အာသယော ဟောတိ, အဟီနံ ဝါ အာသယော ဟောတိ, ဝိစ္ဆိကာနံ ဝါ အာသယော ဟောတိ, သတပဒီနံ ဝါ အာသယော ဟောတိ, ဟတ္ထီနံ <a name=""T1.0341""></a> ဝါ အာသယော ဟောတိ, အဿာနံ ဝါ အာသယော ဟောတိ, သီဟာနံ ဝါ အာသယော ဟောတိ, ဗျဂ္ဃါနံ ဝါ အာသယော ဟောတိ, ဒီပီနံ ဝါ အာသယော ဟောတိ, အစ္ဆာနံ ဝါ အာသယော ဟောတိ, တရစ္ဆာနံ ဝါ အာသယော ဟောတိ, ယေသံ ကေသဉ္စိ တိရစ္ဆာနဂတာနံ ပါဏာနံ အာသယော ဟောတိ, ပုဗ္ဗဏ္ဏနိဿိတံ ဝါ ဟောတိ, အပရဏ္ဏနိဿိတံ ဝါ ဟောတိ, အဗ္ဘာဃာတနိဿိတံ ဝါ ဟောတိ, အာဃာတနနိဿိတံ ဝါ ဟောတိ, သုသာနနိဿိတံ ဝါ ဟောတိ, ဥယျာနနိဿိတံ ဝါ ဟောတိ, ရာဇဝတ္ထုနိဿိတံ ဝါ ဟောတိ, ဟတ္ထိသာလာနိဿိတံ ဝါ ဟောတိ, အဿသာလာနိဿိတံ ဝါ ဟောတိ, ဗန္ဓနာဂါရနိဿိတံ ဝါ ဟောတိ, ပါနာဂါရနိဿိတံ ဝါ ဟောတိ, သူနနိဿိတံ ဝါ ဟောတိ, ရစ္ဆာနိဿိတံ ဝါ ဟောတိ, စစ္စရနိဿိတံ ဝါ ဟောတိ, သဘာနိဿိတံ ဝါ ဟောတိ, သံသရဏနိဿိတံ ဝါ <span class=""note"">[သဉ္စရဏနိဿိတံ ဝါ (က။)]</span> ဟောတိ။ ဧတံ သာရမ္ဘံ နာမ။</p>
<p class=""bodytext""><span class=""bld"">အပရိက္ကမနံ</span> နာမ န သက္ကာ ဟောတိ ယထာယုတ္တေန သကဋေန အနုပရိဂန္တုံ သမန္တာ နိဿေဏိယာ အနုပရိဂန္တုံ။ ဧတံ အပရိက္ကမနံ နာမ။</p>
<p class=""bodytext""><span class=""bld"">အနာရမ္ဘံ</span> <a name=""V0.0232""></a> နာမ န ကိပိလ္လိကာနံ ဝါ အာသယော ဟောတိ, န ဥပစိကာနံ ဝါ အာသယော ဟောတိ, န ဥန္ဒုရာနံ ဝါ အာသယော ဟောတိ, န အဟီနံ ဝါ အာသယော ဟောတိ, န ဝိစ္ဆိကာနံ ဝါ အာသယော ဟောတိ, န သတပဒီနံ ဝါ အာသယော ဟောတိ…ပေ… န သံသရဏနိဿိတံ ဝါ ဟောတိ။ ဧတံ အနာရမ္ဘံ နာမ။</p>
",-353-
227,mula_vi_01,227,"<p class=""bodytext""><span class=""bld"">သပရိက္ကမနံ</span> <a name=""M0.0227""></a> နာမ သက္ကာ ဟောတိ ယထာယုတ္တေန သကဋေန အနုပရိဂန္တုံ, သမန္တာ နိဿေဏိယာ အနုပရိဂန္တုံ။ ဧတံ သပရိက္ကမနံ နာမ။</p>
<p class=""bodytext""><span class=""bld"">သညာစိကာ</span> နာမ သယံ ယာစိတွာ ပုရိသမ္ပိ ပုရိသတ္ထကရမ္ပိ…ပေ… မတ္တိကမ္ပိ<a name=""T1.0342""></a>။</p>
<p class=""bodytext""><span class=""bld"">ကုဋိ</span> နာမ ဥလ္လိတ္တာ ဝါ ဟောတိ ဝါ အဝလိတ္တာ ဝါ ဥလ္လိတ္တာဝလိတ္တာ ဝါ။</p>
<p class=""bodytext""><span class=""bld"">ကာရေယျာ</span>တိ ကရောတိ ဝါ ကာရာပေတိ ဝါ။</p>
<p class=""bodytext""><span class=""bld"">ဘိက္ခူ ဝါ အနဘိနေယျ, ဝတ္ထုဒေသနာယ ပမာဏံ ဝါ အတိက္ကာမေယျာ</span>တိ ဉတ္တိဒုတိယေန ကမ္မေန ကုဋိဝတ္ထုံ န ဒေသာပေတွာ, အာယာမတော ဝါ ဝိတ္ထာရတော ဝါ အန္တမသော ကေသဂ္ဂမတ္တမ္ပိ အတိက္ကာမေတွာ ကရောတိ ဝါ ကာရာပေတိ ဝါ, ပယောဂေ ပယောဂေ ဒုက္ကဋံ။ ဧကံ ပိဏ္ဍံ အနာဂတေ အာပတ္တိ ထုလ္လစ္စယဿ။ တသ္မိံ ပိဏ္ဍေ အာဂတေ အာပတ္တိ သံဃာဒိသေသဿ။</p>
<p class=""bodytext""><span class=""bld"">သံဃာဒိသေသော</span>တိ…ပေ… တေနပိ ဝုစ္စတိ သံဃာဒိသေသောတိ။</p>
<p class=""bodytext""><a name=""para354""></a><a name=""para354_vin1""></a><span class=""paranum"">၃၅၄</span>။ ဘိက္ခု <a name=""P3.0152""></a> ကုဋိံ ကရောတိ အဒေသိတဝတ္ထုကံ သာရမ္ဘံ အပရိက္ကမနံ, အာပတ္တိ သံဃာဒိသေသေန ဒွိန္နံ ဒုက္ကဋာနံ။ ဘိက္ခု ကုဋိံ ကရောတိ အဒေသိတဝတ္ထုကံ သာရမ္ဘံ သပရိက္ကမနံ, အာပတ္တိ သံဃာဒိသေသေန ဒုက္ကဋဿ။ ဘိက္ခု ကုဋိံ ကရောတိ အဒေသိတဝတ္ထုကံ အနာရမ္ဘံ အပရိက္ကမနံ, အာပတ္တိ သံဃာဒိသေသေန ဒုက္ကဋဿ။ ဘိက္ခု ကုဋိံ ကရောတိ အဒေသိတဝတ္ထုကံ အနာရမ္ဘံ သပရိက္ကမနံ, အာပတ္တိ သံဃာဒိသေသဿ။</p>
<p class=""bodytext""><a name=""para355""></a><a name=""para355_vin1""></a><span class=""paranum"">၃၅၅</span>။ ဘိက္ခု ကုဋိံ ကရောတိ ဒေသိတဝတ္ထုကံ သာရမ္ဘံ အပရိက္ကမနံ, အာပတ္တိ ဒွိန္နံ ဒုက္ကဋာနံ။ ဘိက္ခု ကုဋိံ ကရောတိ ဒေသိတဝတ္ထုကံ သာရမ္ဘံ သပရိက္ကမနံ, အာပတ္တိ ဒုက္ကဋဿ။ ဘိက္ခု <a name=""V0.0233""></a> ကုဋိံ ကရောတိ ဒေသိတဝတ္ထုကံ အနာရမ္ဘံ အပရိက္ကမနံ, အာပတ္တိ ဒုက္ကဋဿ။ ဘိက္ခု ကုဋိံ ကရောတိ ဒေသိတဝတ္ထုကံ အနာရမ္ဘံ သပရိက္ကမနံ, အနာပတ္တိ။</p>
<p class=""bodytext"">ဘိက္ခု <a name=""T1.0343""></a> ကုဋိံ ကရောတိ ပမာဏာတိက္ကန္တံ သာရမ္ဘံ အပရိက္ကမနံ, အာပတ္တိ သံဃာဒိသေသေန ဒွိန္နံ ဒုက္ကဋာနံ။ ဘိက္ခု ကုဋိံ ကရောတိ ပမာဏာတိက္ကန္တံ သာရမ္ဘံ သပရိက္ကမနံ, အာပတ္တိ သံဃာဒိသေသေန ဒုက္ကဋဿ။ ဘိက္ခု ကုဋိံ ကရောတိ ပမာဏာတိက္ကန္တံ အနာရမ္ဘံ အပရိက္ကမနံ, အာပတ္တိ သံဃာဒိသေသေန ဒုက္ကဋဿ။ ဘိက္ခု ကုဋိံ ကရောတိ ပမာဏာတိက္ကန္တံ အနာရမ္ဘံ သပရိက္ကမနံ, အာပတ္တိ သံဃာဒိသေသဿ။</p>
",-354-355-
228,mula_vi_01,228,"<p class=""bodytext"">ဘိက္ခု <a name=""M0.0228""></a> ကုဋိံ ကရောတိ ပမာဏိကံ သာရမ္ဘံ အပရိက္ကမနံ, အာပတ္တိ ဒွိန္နံ ဒုက္ကဋာနံ။ ဘိက္ခု ကုဋိံ ကရောတိ ပမာဏိကံ သာရမ္ဘံ သပရိက္ကမနံ, အာပတ္တိ ဒုက္ကဋဿ။ ဘိက္ခု ကုဋိံ ကရောတိ ပမာဏိကံ အနာရမ္ဘံ အပရိက္ကမနံ, အာပတ္တိ ဒုက္ကဋဿ။ ဘိက္ခု ကုဋိံ ကရောတိ ပမာဏိကံ အနာရမ္ဘံ သပရိက္ကမနံ, အနာပတ္တိ။</p>
<p class=""bodytext"">ဘိက္ခု ကုဋိံ ကရောတိ အဒေသိတဝတ္ထုကံ ပမာဏာတိက္ကန္တံ သာရမ္ဘံ အပရိက္ကမနံ, အာပတ္တိ ဒွိန္နံ သံဃာဒိသေသေန ဒွိန္နံ ဒုက္ကဋာနံ။ ဘိက္ခု ကုဋိံ ကရောတိ အဒေသိတဝတ္ထုကံ ပမာဏာတိက္ကန္တံ သာရမ္ဘံ သပရိက္ကမနံ, အာပတ္တိ ဒွိန္နံ သံဃာဒိသေသေန ဒုက္ကဋဿ။ ဘိက္ခု ကုဋိံ ကရောတိ အဒေသိတဝတ္ထုကံ ပမာဏာတိက္ကန္တံ အနာရမ္ဘံ အပရိက္ကမနံ, အာပတ္တိ ဒွိန္နံ သံဃာဒိသေသေန ဒုက္ကဋဿ။ ဘိက္ခု ကုဋိံ ကရောတိ အဒေသိတဝတ္ထုကံ ပမာဏာတိက္ကန္တံ အနာရမ္ဘံ သပရိက္ကမနံ, အာပတ္တိ ဒွိန္နံ သံဃာဒိသေသာနံ။</p>
<p class=""bodytext"">ဘိက္ခု <a name=""T1.0344""></a><a name=""P3.0153""></a> ကုဋိံ ကရောတိ ဒေသိတဝတ္ထုကံ ပမာဏိကံ သာရမ္ဘံ အပရိက္ကမနံ, အာပတ္တိ ဒွိန္နံ ဒုက္ကဋာနံ။ ဘိက္ခု ကုဋိံ ကရောတိ ဒေသိတဝတ္ထုကံ ပမာဏိကံ သာရမ္ဘံ သပရိက္ကမနံ, အာပတ္တိ ဒုက္ကဋဿ။ ဘိက္ခု ကုဋိံ ကရောတိ ဒေသိတဝတ္ထုကံ ပမာဏိကံ အနာရမ္ဘံ အပရိက္ကမနံ, အာပတ္တိ ဒုက္ကဋဿ။ ဘိက္ခု ကုဋိံ ကရောတိ ဒေသိတဝတ္ထုကံ ပမာဏိကံ အနာရမ္ဘံ သပရိက္ကမနံ, အနာပတ္တိ။</p>
<p class=""bodytext""><a name=""para356""></a><a name=""para356_vin1""></a><span class=""paranum"">၃၅၆</span>။ ဘိက္ခု သမာဒိသတိ – ‘‘ကုဋိံ မေ ကရောထာ’’တိ။ တဿ ကုဋိံ ကရောန္တိ အဒေသိတဝတ္ထုကံ သာရမ္ဘံ အပရိက္ကမနံ, အာပတ္တိ သံဃာဒိသေသေန ဒွိန္နံ ဒုက္ကဋာနံ…ပေ… သာရမ္ဘံ သပရိက္ကမနံ<a name=""V0.0234""></a>, အာပတ္တိ သံဃာဒိသေသေန ဒုက္ကဋဿ…ပေ… အနာရမ္ဘံ အပရိက္ကမနံ, အာပတ္တိ သံဃာဒိသေသေန ဒုက္ကဋဿ…ပေ… အနာရမ္ဘံ သပရိက္ကမနံ, အာပတ္တိ သံဃာဒိသေသဿ။</p>
<p class=""bodytext"">ဘိက္ခု သမာဒိသတိ – ‘‘ကုဋိံ မေ ကရောထာ’’တိ။ တဿ ကုဋိံ ကရောန္တိ ဒေသိတဝတ္ထုကံ သာရမ္ဘံ အပရိက္ကမနံ, အာပတ္တိ ဒွိန္နံ ဒုက္ကဋာနံ…ပေ… သာရမ္ဘံ သပရိက္ကမနံ, အာပတ္တိ ဒုက္ကဋဿ…ပေ… အနာရမ္ဘံ အပရိက္ကမနံ, အာပတ္တိ ဒုက္ကဋဿ…ပေ… အနာရမ္ဘံ သပရိက္ကမနံ, အနာပတ္တိ။</p>
<p class=""bodytext"">ဘိက္ခု သမာဒိသတိ – ‘‘ကုဋိံ မေ ကရောထာ’’တိ။ တဿ ကုဋိံ ကရောန္တိ ပမာဏာတိက္ကန္တံ သာရမ္ဘံ အပရိက္ကမနံ, အာပတ္တိ သံဃာဒိသေသေန ဒွိန္နံ ဒုက္ကဋာနံ…ပေ… သာရမ္ဘံ သပရိက္ကမနံ, အာပတ္တိ သံဃာဒိသေသေန ဒုက္ကဋဿ…ပေ…</p>
",-356-
229,mula_vi_01,229,"<p class=""noindentbodytext""> အနာရမ္ဘံ<a name=""M0.0229""></a> အပရိက္ကမနံ, အာပတ္တိ သံဃာဒိသေသေန ဒုက္ကဋဿ…ပေ… အနာရမ္ဘံ သပရိက္ကမနံ, အာပတ္တိ သံဃာဒိသေသဿ။</p>
<p class=""bodytext"">ဘိက္ခု <a name=""T1.0345""></a> သမာဒိသတိ – ‘‘ကုဋိံ မေ ကရောထာ’’တိ။ တဿ ကုဋိံ ကရောန္တိ ပမာဏိကံ သာရမ္ဘံ အပရိက္ကမနံ, အာပတ္တိ ဒွိန္နံ ဒုက္ကဋာနံ…ပေ… သာရမ္ဘံ သပရိက္ကမနံ, အာပတ္တိ ဒုက္ကဋဿ…ပေ… အနာရမ္ဘံ အပရိက္ကမနံ, အာပတ္တိ ဒုက္ကဋဿ…ပေ… အနာရမ္ဘံ သပရိက္ကမနံ, အနာပတ္တိ။</p>
<p class=""bodytext"">ဘိက္ခု သမာဒိသတိ – ‘‘ကုဋိံ မေ ကရောထာ’’တိ။ တဿ ကုဋိံ ကရောန္တိ အဒေသိတဝတ္ထုကံ ပမာဏာတိက္ကန္တံ သာရမ္ဘံ အပရိက္ကမနံ, အာပတ္တိ ဒွိန္နံ သံဃာဒိသေသေန ဒွိန္နံ ဒုက္ကဋာနံ…ပေ… သာရမ္ဘံ သပရိက္ကမနံ, အာပတ္တိ ဒွိန္နံ သံဃာဒိသေသေန ဒုက္ကဋဿ…ပေ… အနာရမ္ဘံ အပရိက္ကမနံ, အာပတ္တိ ဒွိန္နံ သံဃာဒိသေသေန ဒုက္ကဋဿ…ပေ… အနာရမ္ဘံ သပရိက္ကမနံ, အာပတ္တိ ဒွိန္နံ သံဃာဒိသေသာနံ။</p>
<p class=""bodytext"">ဘိက္ခု သမာဒိသတိ – ‘‘ကုဋိံ မေ ကရောထာ’’တိ။ တဿ ကုဋိံ ကရောန္တိ ဒေသိတဝတ္ထုကံ ပမာဏိကံ သာရမ္ဘံ အပရိက္ကမနံ, အာပတ္တိ ဒွိန္နံ ဒုက္ကဋာနံ…ပေ… သာရမ္ဘံ သပရိက္ကမနံ, အာပတ္တိ ဒုက္ကဋဿ…ပေ… အနာရမ္ဘံ အပရိက္ကမနံ, အာပတ္တိ ဒုက္ကဋဿ…ပေ… အနာရမ္ဘံ သပရိက္ကမနံ, အနာပတ္တိ။</p>
<p class=""bodytext""><a name=""para357""></a><a name=""para357_vin1""></a><span class=""paranum"">၃၅၇</span>။ ဘိက္ခု <a name=""V0.0235""></a> သမာဒိသိတွာ ပက္ကမတိ – ‘‘ကုဋိံ မေ ကရောထာ’’တိ။ န စ သမာဒိသတိ – ‘‘ဒေသိတဝတ္ထုကာ စ ဟောတု အနာရမ္ဘာ စ သပရိက္ကမနာ စာ’’တိ။ တဿ ကုဋိံ ကရောန္တိ အဒေသိတဝတ္ထုကံ သာရမ္ဘံ အပရိက္ကမနံ, အာပတ္တိ သံဃာဒိသေသေန ဒွိန္နံ ဒုက္ကဋာနံ…ပေ… သာရမ္ဘံ သပရိက္ကမနံ, အာပတ္တိ သံဃာဒိသေသေန ဒုက္ကဋဿ…ပေ… အနာရမ္ဘံ အပရိက္ကမနံ, အာပတ္တိ သံဃာဒိသေသေန ဒုက္ကဋဿ…ပေ… အနာရမ္ဘံ သပရိက္ကမနံ, အာပတ္တိ <a name=""T1.0346""></a> သံဃာဒိသေသဿ။</p>
<p class=""bodytext"">ဘိက္ခု သမာဒိသိတွာ ပက္ကမတိ – ‘‘ကုဋိံ မေ ကရောထာ’’တိ။ န စ သမာဒိသတိ – ‘‘ဒေသိတဝတ္ထုကာ စ ဟောတု အနာရမ္ဘာ စ သပရိက္ကမနာ စာ’’တိ။ တဿ ကုဋိံ ကရောန္တိ ဒေသိတဝတ္ထုကံ သာရမ္ဘံ အပရိက္ကမနံ, အာပတ္တိ ဒွိန္နံ ဒုက္ကဋာနံ…ပေ… သာရမ္ဘံ သပရိက္ကမနံ, အာပတ္တိ ဒုက္ကဋဿ…ပေ… အနာရမ္ဘံ အပရိက္ကမနံ, အာပတ္တိ ဒုက္ကဋဿ…ပေ… အနာရမ္ဘံ သပရိက္ကမနံ, အနာပတ္တိ။</p>
",-357-
230,mula_vi_01,230,"<p class=""bodytext"">ဘိက္ခု <a name=""M0.0230""></a> သမာဒိသိတွာ ပက္ကမတိ – ‘‘ကုဋိံ မေ ကရောထာ’’တိ။ န စ သမာဒိသတိ – ‘‘ပမာဏိကာ စ ဟောတု အနာရမ္ဘာ စ သပရိက္ကမနာ စာ’’တိ။ တဿ ကုဋိံ ကရောန္တိ ပမာဏာတိက္ကန္တံ သာရမ္ဘံ အပရိက္ကမနံ, အာပတ္တိ သံဃာဒိသေသေန ဒွိန္နံ ဒုက္ကဋာနံ…ပေ… သာရမ္ဘံ သပရိက္ကမနံ, အာပတ္တိ သံဃာဒိသေသေန ဒုက္ကဋဿ…ပေ… အနာရမ္ဘံ အပရိက္ကမနံ, အာပတ္တိ သံဃာဒိသေသေန ဒုက္ကဋဿ…ပေ… အနာရမ္ဘံ သပရိက္ကမနံ, အာပတ္တိ သံဃာဒိသေသဿ။</p>
<p class=""bodytext"">ဘိက္ခု သမာဒိသိတွာ ပက္ကမတိ – ‘‘ကုဋိံ မေ ကရောထာ’’တိ။ န စ သမာဒိသတိ – ‘‘ပမာဏိကာ စ ဟောတု အနာရမ္ဘာ စ သပရိက္ကမနာ စာ’’တိ။ တဿ ကုဋိံ ကရောန္တိ ပမာဏိကံ သာရမ္ဘံ အပရိက္ကမနံ, အာပတ္တိ ဒွိန္နံ ဒုက္ကဋာနံ…ပေ… သာရမ္ဘံ သပရိက္ကမနံ, အာပတ္တိ ဒုက္ကဋဿ…ပေ… အနာရမ္ဘံ အပရိက္ကမနံ, အာပတ္တိ ဒုက္ကဋဿ…ပေ… အနာရမ္ဘံ သပရိက္ကမနံ, အနာပတ္တိ။</p>
<p class=""bodytext"">ဘိက္ခု သမာဒိသိတွာ ပက္ကမတိ – ‘‘ကုဋိံ မေ ကရောထာ’’တိ။ န စ သမာဒိသတိ – ‘‘ဒေသိတဝတ္ထုကာ စ ဟောတု ပမာဏိကာ စ အနာရမ္ဘာ စ သပရိက္ကမနာ စာ’’တိ။ တဿ ကုဋိံ ကရောန္တိ အဒေသိတဝတ္ထုကံ ပမာဏာတိက္ကန္တံ သာရမ္ဘံ အပရိက္ကမနံ<a name=""T1.0347""></a>, အာပတ္တိ ဒွိန္နံ သံဃာဒိသေသေန ဒွိန္နံ ဒုက္ကဋာနံ…ပေ… သာရမ္ဘံ သပရိက္ကမနံ, အာပတ္တိ ဒွိန္နံ သံဃာဒိသေသေန ဒုက္ကဋဿ…ပေ… အနာရမ္ဘံ အပရိက္ကမနံ, အာပတ္တိ ဒွိန္နံ သံဃာဒိသေသေန ဒုက္ကဋဿ <a name=""V0.0236""></a> …ပေ… အနာရမ္ဘံ သပရိက္ကမနံ, အာပတ္တိ ဒွိန္နံ သံဃာဒိသေသာနံ။</p>
<p class=""bodytext"">ဘိက္ခု သမာဒိသိတွာ ပက္ကမတိ – ‘‘ကုဋိံ မေ ကရောထာ’’တိ။ န စ သမာဒိသတိ – ‘‘ဒေသိတဝတ္ထုကာ စ ဟောတု ပမာဏိကာ စ အနာရမ္ဘာ စ သပရိက္ကမနာ စာ’’တိ။ တဿ ကုဋိံ ကရောန္တိ ဒေသိတဝတ္ထုကံ ပမာဏိကံ သာရမ္ဘံ အပရိက္ကမနံ, အာပတ္တိ ဒွိန္နံ ဒုက္ကဋာနံ…ပေ… သာရမ္ဘံ သပရိက္ကမနံ, အာပတ္တိ ဒုက္ကဋဿ…ပေ… အနာရမ္ဘံ အပရိက္ကမနံ, အာပတ္တိ ဒုက္ကဋဿ…ပေ… အနာရမ္ဘံ သပရိက္ကမနံ, အနာပတ္တိ။</p>
<p class=""bodytext""><a name=""para358""></a><a name=""para358_vin1""></a><span class=""paranum"">၃၅၈</span>။ ဘိက္ခု သမာဒိသိတွာ ပက္ကမတိ – ‘‘ကုဋိံ မေ ကရောထာ’’တိ။ သမာဒိသတိ စ – ‘‘ဒေသိတဝတ္ထုကာ စ ဟောတု အနာရမ္ဘာ စ သပရိက္ကမနာ စာ’’တိ။ တဿ ကုဋိံ ကရောန္တိ အဒေသိတဝတ္ထုကံ သာရမ္ဘံ အပရိက္ကမနံ။ သော သုဏာတိ – ‘‘ကုဋိ ကိရ မေ ကယိရတိ အဒေသိတဝတ္ထုကာ သာရမ္ဘာ အပရိက္ကမနာ’’တိ။ တေန ဘိက္ခုနာ သာမံ ဝါ ဂန္တဗ္ဗံ ဒူတော ဝါ ပါဟေတဗ္ဗော – ‘‘ဒေသိတဝတ္ထုကာ စ ဟောတု <a name=""P3.0154""></a> အနာရမ္ဘာ စ သပရိက္ကမနာ စာ’’တိ။ နော စေ သာမံ ဝါ ဂစ္ဆေယျ ဒူတံ ဝါ ပဟိဏေယျ, အာပတ္တိ ဒုက္ကဋဿ။</p>
",-358-
231,mula_vi_01,231,"<p class=""bodytext"">ဘိက္ခု <a name=""M0.0231""></a> သမာဒိသိတွာ ပက္ကမတိ – ‘‘ကုဋိံ မေ ကရောထာ’’တိ။ သမာဒိသတိ စ – ‘‘ဒေသိတဝတ္ထုကာ စ ဟောတု အနာရမ္ဘာ စ သပရိက္ကမနာ စာ’’တိ။ တဿ ကုဋိံ ကရောန္တိ အဒေသိတဝတ္ထုကံ သာရမ္ဘံ သပရိက္ကမနံ။ သော သုဏာတိ – ‘‘ကုဋိ <a name=""T1.0348""></a> ကိရ မေ ကယိရတိ အဒေသိတဝတ္ထုကာ သာရမ္ဘာ သပရိက္ကမနာ’’တိ။ တေန ဘိက္ခုနာ သာမံ ဝါ ဂန္တဗ္ဗံ ဒူတော ဝါ ပါဟေတဗ္ဗော – ‘‘ဒေသိတဝတ္ထုကာ စ ဟောတု အနာရမ္ဘာ စာ’’တိ။ နော စေ သာမံ ဝါ ဂစ္ဆေယျ ဒူတံ ဝါ ပဟိဏေယျ, အာပတ္တိ ဒုက္ကဋဿ။</p>
<p class=""bodytext"">ဘိက္ခု သမာဒိသိတွာ ပက္ကမတိ – ‘‘ကုဋိံ မေ ကရောထာ’’တိ။ သမာဒိသတိ စ – ‘‘ဒေသိတဝတ္ထုကာ စ ဟောတု အနာရမ္ဘာ စ သပရိက္ကမနာ စာ’’တိ။ တဿ ကုဋိံ ကရောန္တိ အဒေသိတဝတ္ထုကံ အနာရမ္ဘံ အပရိက္ကမနံ။ သော သုဏာတိ – ‘‘ကုဋိ ကိရ မေ ကယိရတိ အဒေသိတဝတ္ထုကာ အနာရမ္ဘာ အပရိက္ကမနာ’’တိ။ တေန ဘိက္ခုနာ သာမံ ဝါ ဂန္တဗ္ဗံ ဒူတော ဝါ ပါဟေတဗ္ဗော – ‘‘ဒေသိတဝတ္ထုကာ စ ဟောတု သပရိက္ကမနာ စာ’’တိ။ နော စေ သာမံ ဝါ ဂစ္ဆေယျ ဒူတံ ဝါ ပဟိဏေယျ, အာပတ္တိ ဒုက္ကဋဿ။</p>
<p class=""bodytext"">ဘိက္ခု <a name=""V0.0237""></a> သမာဒိသိတွာ ပက္ကမတိ – ‘‘ကုဋိံ မေ ကရောထာ’’တိ။ သမာဒိသတိ စ – ‘‘ဒေသိတဝတ္ထုကာ စ ဟောတု အနာရမ္ဘာ စ သပရိက္ကမနာ စာ’’တိ။ တဿ ကုဋိံ ကရောန္တိ အဒေသိတဝတ္ထုကံ အနာရမ္ဘံ သပရိက္ကမနံ။ သော သုဏာတိ – ‘‘ကုဋိ ကိရ မေ ကယိရတိ အဒေသိတဝတ္ထုကာ အနာရမ္ဘာ သပရိက္ကမနာ’’တိ။ တေန ဘိက္ခုနာ သာမံ ဝါ ဂန္တဗ္ဗံ ဒူတော ဝါ ပါဟေတဗ္ဗော – ‘‘ဒေသိတဝတ္ထုကာ ဟောတူ’’တိ။ နော စေ သာမံ ဝါ ဂစ္ဆေယျ ဒူတံ ဝါ ပဟိဏေယျ, အာပတ္တိ ဒုက္ကဋဿ။</p>
<p class=""bodytext"">ဘိက္ခု သမာဒိသိတွာ ပက္ကမတိ – ‘‘ကုဋိံ မေ ကရောထာ’’တိ။ သမာဒိသတိ စ – ‘‘ဒေသိတဝတ္ထုကာ စ ဟောတု အနာရမ္ဘာ စ သပရိက္ကမနာ စာ’’တိ။ တဿ ကုဋိံ ကရောန္တိ ဒေသိတဝတ္ထုကံ သာရမ္ဘံ အပရိက္ကမနံ။ သော သုဏာတိ – ‘‘ကုဋိ ကိရ မေ ကယိရတိ ဒေသိတဝတ္ထုကာ <a name=""T1.0349""></a> သာရမ္ဘာ အပရိက္ကမနာ’’တိ။ တေန ဘိက္ခုနာ သာမံ ဝါ ဂန္တဗ္ဗံ ဒူတော ဝါ ပါဟေတဗ္ဗော – ‘‘အနာရမ္ဘာ စ ဟောတု သပရိက္ကမနာ စာ’’တိ။ နော စေ သာမံ ဝါ ဂစ္ဆေယျ ဒူတံ ဝါ ပဟိဏေယျ, အာပတ္တိ ဒုက္ကဋဿ။</p>
<p class=""bodytext"">ဘိက္ခု သမာဒိသိတွာ ပက္ကမတိ – ‘‘ကုဋိံ မေ ကရောထာ’’တိ။ သမာဒိသတိ စ – ‘‘ဒေသိတဝတ္ထုကာ စ ဟောတု အနာရမ္ဘာ စ သပရိက္ကမနာ စာ’’တိ။ တဿ ကုဋိံ ကရောန္တိ ဒေသိတဝတ္ထုကံ သာရမ္ဘံ သပရိက္ကမနံ။ သော သုဏာတိ –</p>
",
232,mula_vi_01,232,"<p class=""noindentbodytext""> ‘‘ကုဋိ<a name=""M0.0232""></a> ကိရ မေ ကယိရတိ ဒေသိတဝတ္ထုကာ သာရမ္ဘာ သပရိက္ကမနာ’’တိ။ တေန ဘိက္ခုနာ သာမံ ဝါ ဂန္တဗ္ဗံ ဒူတော ဝါ ပါဟေတဗ္ဗော – ‘‘အနာရမ္ဘာ ဟောတူ’’တိ။ နော စေ သာမံ ဝါ ဂစ္ဆေယျ ဒူတံ ဝါ ပဟိဏေယျ, အာပတ္တိ ဒုက္ကဋဿ။</p>
<p class=""bodytext"">ဘိက္ခု သမာဒိသိတွာ ပက္ကမတိ – ‘‘ကုဋိံ မေ ကရောထာ’’တိ။ သမာဒိသတိ စ – ‘‘ဒေသိတဝတ္ထုကာ စ ဟောတု အနာရမ္ဘာ စ သပရိက္ကမနာ စာ’’တိ။ တဿ ကုဋိံ ကရောန္တိ ဒေသိတဝတ္ထုကံ အနာရမ္ဘံ အပရိက္ကမနံ။ သော သုဏာတိ – ‘‘ကုဋိ ကိရ မေ ကယိရတိ ဒေသိတဝတ္ထုကာ အနာရမ္ဘာ အပရိက္ကမနာ’’တိ။ တေန ဘိက္ခုနာ သာမံ ဝါ ဂန္တဗ္ဗံ ဒူတော ဝါ ပါဟေတဗ္ဗော – ‘‘သပရိက္ကမနာ ဟောတူ’’တိ။ နော စေ သာမံ ဝါ ဂစ္ဆေယျ ဒူတံ ဝါ ပဟိဏေယျ, အာပတ္တိ ဒုက္ကဋဿ။</p>
<p class=""bodytext"">ဘိက္ခု သမာဒိသိတွာ ပက္ကမတိ – ‘‘ကုဋိံ မေ ကရောထာ’’တိ။ သမာဒိသတိ စ – ‘‘ဒေသိတဝတ္ထုကာ <a name=""V0.0238""></a> စ ဟောတု အနာရမ္ဘာ စ သပရိက္ကမနာ စာ’’တိ။ တဿ ကုဋိံ ကရောန္တိ ဒေသိတဝတ္ထုကံ အနာရမ္ဘံ သပရိက္ကမနံ, အနာပတ္တိ။</p>
<p class=""bodytext""><a name=""para359""></a><a name=""para359_vin1""></a><span class=""paranum"">၃၅၉</span>။ ဘိက္ခု သမာဒိသိတွာ ပက္ကမတိ – ‘‘ကုဋိံ မေ ကရောထာ’’တိ။ သမာဒိသတိ စ <a name=""T1.0350""></a> – ‘‘ပမာဏိကာ စ ဟောတု အနာရမ္ဘာ စ သပရိက္ကမနာ စာ’’တိ။ တဿ ကုဋိံ ကရောန္တိ ပမာဏာတိက္ကန္တံ သာရမ္ဘံ အပရိက္ကမနံ။ သော သုဏာတိ – ‘‘ကုဋိ ကိရ မေ ကယိရတိ ပမာဏာတိက္ကန္တာ သာရမ္ဘာ အပရိက္ကမနာ’’တိ။ တေန ဘိက္ခုနာ သာမံ ဝါ ဂန္တဗ္ဗံ ဒူတော ဝါ ပါဟေတဗ္ဗော – ‘‘ပမာဏိကာ စ ဟောတု အနာရမ္ဘာ စ သပရိက္ကမနာ စာ’’တိ…ပေ… ‘‘ပမာဏိကာ စ ဟောတု အနာရမ္ဘာ စာ’’တိ…ပေ… ‘‘ပမာဏိကာ စ ဟောတု သပရိက္ကမနာ စာ’’တိ…ပေ… ‘‘ပမာဏိကာ ဟောတူ’’တိ။ နော စေ သာမံ ဝါ ဂစ္ဆေယျ ဒူတံ ဝါ ပဟိဏေယျ, အာပတ္တိ ဒုက္ကဋဿ။</p>
<p class=""bodytext"">ဘိက္ခု သမာဒိသိတွာ ပက္ကမတိ – ‘‘ကုဋိံ မေ ကရောထာ’’တိ။ သမာဒိသတိ စ – ‘‘ပမာဏိကာ စ ဟောတု အနာရမ္ဘာ စ သပရိက္ကမနာ စာ’’တိ။ တဿ ကုဋိံ ကရောန္တိ ပမာဏိကံ သာရမ္ဘံ အပရိက္ကမနံ။ သော သုဏာတိ – ‘‘ကုဋိ ကိရ မေ ကယိရတိ ပမာဏိကာ သာရမ္ဘာ အပရိက္ကမနာ’’တိ။ တေန ဘိက္ခုနာ သာမံ ဝါ ဂန္တဗ္ဗံ ဒူတော ဝါ ပါဟေတဗ္ဗော – ‘‘အနာရမ္ဘာ စ ဟောတု သပရိက္ကမနာ <span class=""bld"">စာ’’တိ…ပေ… ‘‘အနာရမ္ဘာ ဟောတူ’’တိ…ပေ… ‘‘သပရိက္ကမနာ ဟောတူ’’တိ…ပေ…</span> အနာပတ္တိ။</p>
",-359-
233,mula_vi_01,233,"<p class=""bodytext""><a name=""para360""></a><a name=""para360_vin1""></a><span class=""paranum"">၃၆၀</span>။ ဘိက္ခု <a name=""M0.0233""></a> သမာဒိသိတွာ ပက္ကမတိ – ‘‘ကုဋိံ မေ ကရောထာ’’တိ။ သမာဒိသတိ စ – ‘‘ဒေသိတဝတ္ထုကာ စ ဟောတု ပမာဏိကာ စ အနာရမ္ဘာ စ သပရိက္ကမနာ စာ’’တိ။ တဿ ကုဋိံ ကရောန္တိ အဒေသိတဝတ္ထုကံ ပမာဏာတိက္ကန္တံ သာရမ္ဘံ အပရိက္ကမနံ။ သော သုဏာတိ – ‘‘ကုဋိ ကိရ မေ ကယိရတိ အဒေသိတဝတ္ထုကာ ပမာဏာတိက္ကန္တာ သာရမ္ဘာ အပရိက္ကမနာ’’တိ။ တေန ဘိက္ခုနာ သာမံ ဝါ ဂန္တဗ္ဗံ ဒူတော ဝါ ပါဟေတဗ္ဗော – ‘‘ဒေသိတဝတ္ထုကာ စ ဟောတု ပမာဏိကာ စ အနာရမ္ဘာ စ <a name=""T1.0351""></a> သပရိက္ကမနာ စာ’’တိ…ပေ… ‘‘ဒေသိတဝတ္ထုကာ စ ဟောတု ပမာဏိကာ စ အနာရမ္ဘာ စာ’’တိ…ပေ… ‘‘ဒေသိတဝတ္ထုကာ စ ဟောတု ပမာဏိကာ စ သပရိက္ကမနာ စာ’’တိ…ပေ… ‘‘ဒေသိတဝတ္ထုကာ စ ဟောတု ပမာဏိကာ စာ’’တိ။ နော စေ သာမံ ဝါ ဂစ္ဆေယျ ဒူတံ ဝါ ပဟိဏေယျ, အာပတ္တိ ဒုက္ကဋဿ။</p>
<p class=""bodytext"">ဘိက္ခု သမာဒိသိတွာ ပက္ကမတိ – ‘‘ကုဋိံ မေ ကရောထာ’’တိ။ သမာဒိသတိ စ – ‘‘ဒေသိတဝတ္ထုကာ <a name=""V0.0239""></a> စ ဟောတု ပမာဏိကာ စ အနာရမ္ဘာ စ သပရိက္ကမနာ စာ’’တိ။ တဿ ကုဋိံ ကရောန္တိ ဒေသိတဝတ္ထုကံ ပမာဏိကံ သာရမ္ဘံ အပရိက္ကမနံ။ သော သုဏာတိ – ‘‘ကုဋိ ကိရ မေ ကယိရတိ ဒေသိတဝတ္ထုကာ ပမာဏိကာ သာရမ္ဘာ အပရိက္ကမနာ’’တိ။ တေန ဘိက္ခုနာ သာမံ ဝါ ဂန္တဗ္ဗံ ဒူတော ဝါ ပါဟေတဗ္ဗော – ‘‘အနာရမ္ဘာ စ ဟောတု သပရိက္ကမနာ စာ’’တိ…ပေ… ‘‘အနာရမ္ဘာ ဟောတူ’’တိ…ပေ… ‘‘သပရိက္ကမနာ ဟောတူ’’တိ…ပေ… အနာပတ္တိ။</p>
<p class=""bodytext"">ဘိက္ခု သမာဒိသိတွာ ပက္ကမတိ – ‘‘ကုဋိံ မေ ကရောထာ’’တိ။ သမာဒိသတိ စ – ‘‘ဒေသိတဝတ္ထုကာ စ ဟောတု အနာရမ္ဘာ စ သပရိက္ကမနာ စာ’’တိ။ တဿ ကုဋိံ ကရောန္တိ အဒေသိတဝတ္ထုကံ သာရမ္ဘံ အပရိက္ကမနံ, အာပတ္တိ ကာရုကာနံ တိဏ္ဏံ ဒုက္ကဋာနံ…ပေ… သာရမ္ဘံ သပရိက္ကမနံ, အာပတ္တိ ကာရုကာနံ ဒွိန္နံ ဒုက္ကဋာနံ…ပေ… အနာရမ္ဘံ အပရိက္ကမနံ, အာပတ္တိ ကာရုကာနံ ဒွိန္နံ ဒုက္ကဋာနံ…ပေ… အနာရမ္ဘံ သပရိက္ကမနံ, အာပတ္တိ ကာရုကာနံ ဒုက္ကဋဿ။</p>
<p class=""bodytext"">ဘိက္ခု သမာဒိသိတွာ ပက္ကမတိ – ‘‘ကုဋိံ မေ ကရောထာ’’တိ။ သမာဒိသတိ စ – ‘‘ဒေသိတဝတ္ထုကာ စ ဟောတု အနာရမ္ဘာ စ သပရိက္ကမနာ <a name=""T1.0352""></a> စာ’’တိ။ တဿ ကုဋိံ ကရောန္တိ ဒေသိတဝတ္ထုကံ သာရမ္ဘံ အပရိက္ကမနံ, အာပတ္တိ ကာရုကာနံ ဒွိန္နံ ဒုက္ကာဋနံ…ပေ… သာရမ္ဘံ သပရိက္ကမနံ, အာပတ္တိ ကာရုကာနံ ဒုက္ကဋဿ…ပေ… အနာရမ္ဘံ အပရိက္ကမနံ, အာပတ္တိ ကာရုကာနံ ဒုက္ကဋဿ…ပေ… အနာရမ္ဘံ သပရိက္ကမနံ, အနာပတ္တိ။</p>
",-360-
234,mula_vi_01,234,"<p class=""bodytext"">ဘိက္ခု <a name=""M0.0234""></a> သမာဒိသိတွာ ပက္ကမတိ – ‘‘ကုဋိံ မေ ကရောထာ’’တိ။ သမာဒိသတိ စ – ‘‘ပမာဏိကာ စ ဟောတု အနာရမ္ဘာ စ သပရိက္ကမနာ စာ’’တိ။ တဿ ကုဋိံ ကရောန္တိ ပမာဏာတိက္ကန္တံ သာရမ္ဘံ အပရိက္ကမနံ, အာပတ္တိ ကာရုကာနံ တိဏ္ဏံ ဒုက္ကဋာနံ…ပေ… သာရမ္ဘံ သပရိက္ကမနံ, အာပတ္တိ ကာရုကာနံ ဒွိန္နံ ဒုက္ကဋာနံ…ပေ… အနာရမ္ဘံ အပရိက္ကမနံ, အာပတ္တိ ကာရုကာနံ ဒွိန္နံ ဒုက္ကဋာနံ…ပေ… အနာရမ္ဘံ သပရိက္ကမနံ အာပတ္တိ ကာရုကာနံ ဒုက္ကဋဿ။</p>
<p class=""bodytext"">ဘိက္ခု သမာဒိသိတွာ ပက္ကမတိ – ‘‘ကုဋိံ မေ ကရောထာ’’တိ။ သမာဒိသတိ စ – ‘‘ပမာဏိကာ စ ဟောတု အနာရမ္ဘာ စ သပရိက္ကမနာ စာ’’တိ။ တဿ ကုဋိံ ကရောန္တိ ပမာဏိကံ သာရမ္ဘံ အပရိက္ကမနံ, အာပတ္တိ ကာရုကာနံ ဒွိန္နံ ဒုက္ကဋာနံ…ပေ… သာရမ္ဘံ သပရိက္ကမနံ, အာပတ္တိ <a name=""V0.0240""></a> ကာရုကာနံ ဒုက္ကဋဿ…ပေ… အနာရမ္ဘံ အပရိက္ကမနံ, အာပတ္တိ ကာရုကာနံ ဒုက္ကဋဿ…ပေ… အနာရမ္ဘံ သပရိက္ကမနံ, အနာပတ္တိ။</p>
<p class=""bodytext"">ဘိက္ခု သမာဒိသိတွာ ပက္ကမတိ – ‘‘ကုဋိံ မေ ကရောထာ’’တိ။ သမာဒိသတိ စ – ‘‘ဒေသိတဝတ္ထုကာ စ ဟောတု ပမာဏိကာ စ အနာရမ္ဘာ စ သပရိက္ကမနာ စာ’’တိ။ တဿ ကုဋိံ ကရောန္တိ အဒေသိတဝတ္ထုကံ ပမာဏာတိက္ကန္တံ သာရမ္ဘံ အပရိက္ကမနံ, အာပတ္တိ ကာရုကာနံ စတုန္နံ <a name=""T1.0353""></a> ဒုက္ကဋာနံ…ပေ… သာရမ္ဘံ သပရိက္ကမနံ, အာပတ္တိ ကာရုကာနံ တိဏ္ဏံ ဒုက္ကဋာနံ…ပေ… အနာရမ္ဘံ အပရိက္ကမနံ, အာပတ္တိ ကာရုကာနံ တိဏ္ဏံ ဒုက္ကဋာနံ…ပေ… အနာရမ္ဘံ သပရိက္ကမနံ, အာပတ္တိ ကာရုကာနံ ဒွိန္နံ ဒုက္ကဋာနံ။</p>
<p class=""bodytext"">ဘိက္ခု သမာဒိသိတွာ ပက္ကမတိ – ‘‘ကုဋိံ မေ ကရောထာ’’တိ။ သမာဒိသတိ စ – ‘‘ဒေသိတဝတ္ထုကာ စ ဟောတု ပမာဏိကာ စ အနာရမ္ဘာ စ သပရိက္ကမနာ စာ’’တိ။ တဿ ကုဋိံ ကရောန္တိ ဒေသိတဝတ္ထုကံ ပမာဏိကံ သာရမ္ဘံ အပရိက္ကမနံ, အာပတ္တိ ကာရုကာနံ ဒွိန္နံ ဒုက္ကဋာနံ…ပေ… သာရမ္ဘံ သပရိက္ကမနံ, အာပတ္တိ ကာရုကာနံ ဒုက္ကဋဿ…ပေ… အနာရမ္ဘံ <a name=""P3.0155""></a> အပရိက္ကမနံ, အာပတ္တိ ကာရုကာနံ ဒုက္ကဋဿ…ပေ… အနာရမ္ဘံ သပရိက္ကမနံ, အနာပတ္တိ။</p>
<p class=""bodytext""><a name=""para361""></a><a name=""para361_vin1""></a><span class=""paranum"">၃၆၁</span>။ ဘိက္ခု သမာဒိသိတွာ ပက္ကမတိ – ‘‘ကုဋိံ မေ ကရောထာ’’တိ။ တဿ ကုဋိံ ကရောန္တိ အဒေသိတဝတ္ထုကံ သာရမ္ဘံ အပရိက္ကမနံ။ သော စေ ဝိပ္ပကတေ အာဂစ္ဆတိ, တေန ဘိက္ခုနာ သာ ကုဋိ အညဿ ဝါ ဒါတဗ္ဗာ ဘိန္ဒိတွာ ဝါ ပုန ကာတဗ္ဗာ။ နော စေ အညဿ ဝါ ဒဒေယျ ဘိန္ဒိတွာ ဝါ ပုန ကာရေယျ, အာပတ္တိ သံဃာဒိသေသေန ဒွိန္နံ ဒုက္ကဋာနံ။</p>
",-361-
235,mula_vi_01,235,"<p class=""bodytext"">ဘိက္ခု <a name=""M0.0235""></a> သမာဒိသိတွာ ပက္ကမတိ – ‘‘ကုဋိံ မေ ကရောထာ’’တိ။ တဿ ကုဋိံ ကရောန္တိ အဒေသိတဝတ္ထုကံ သာရမ္ဘံ သပရိက္ကမနံ။ သော စေ ဝိပ္ပကတေ အာဂစ္ဆတိ, တေန ဘိက္ခုနာ သာ ကုဋိ အညဿ ဝါ ဒါတဗ္ဗာ ဘိန္ဒိတွာ ဝါ ပုန ကာတဗ္ဗာ။ နော စေ အညဿ ဝါ ဒဒေယျ ဘိန္ဒိတွာ ဝါ ပုန ကာရေယျ, အာပတ္တိ သံဃာဒိသေသေန ဒုက္ကဋဿ…ပေ… အနာရမ္ဘံ <a name=""T1.0354""></a> အပရိက္ကမနံ…ပေ… အာပတ္တိ သံဃာဒိသေသေန ဒုက္ကဋဿ…ပေ… အနာရမ္ဘံ သပရိက္ကမနံ…ပေ… အာပတ္တိ သံဃာဒိသေသဿ။</p>
<p class=""bodytext"">ဘိက္ခု သမာဒိသိတွာ ပက္ကမတိ – ‘‘ကုဋိံ မေ ကရောထာ’’တိ။ တဿ ကုဋိံ ကရောန္တိ ဒေသိတဝတ္ထုကံ <a name=""V0.0241""></a> သာရမ္ဘံ အပရိက္ကမနံ။ သော စေ ဝိပ္ပကတေ အာဂစ္ဆတိ, တေန ဘိက္ခုနာ သာ ကုဋိ အညဿ ဝါ ဒါတဗ္ဗာ ဘိန္ဒိတွာ ဝါ ပုန ကာတဗ္ဗာ။ နော စေ အညဿ ဝါ ဒဒေယျ ဘိန္ဒိတွာ ဝါ ပုန ကာရေယျ, အာပတ္တိ ဒွိန္နံ ဒုက္ကဋာနံ…ပေ… သာရမ္ဘံ သပရိက္ကမနံ, အာပတ္တိ ဒုက္ကဋဿ…ပေ… အနာရမ္ဘံ အပရိက္ကမနံ, အာပတ္တိ ဒုက္ကဋဿ…ပေ… အနာရမ္ဘံ သပရိက္ကမနံ, အနာပတ္တိ။</p>
<p class=""bodytext""><a name=""para362""></a><a name=""para362_vin1""></a><span class=""paranum"">၃၆၂</span>။ ဘိက္ခု သမာဒိသိတွာ ပက္ကမတိ – ‘‘ကုဋိံ မေ ကရောထာ’’တိ။ တဿ ကုဋိံ ကရောန္တိ ပမာဏာတိက္ကန္တံ သာရမ္ဘံ အပရိက္ကမနံ။ သော စေ ဝိပ္ပကတေ အာဂစ္ဆတိ, တေန ဘိက္ခုနာ သာ ကုဋိ အညဿ ဝါ ဒါတဗ္ဗာ ဘိန္ဒိတွာ ဝါ ပုန ကာတဗ္ဗာ။ နော စေ အညဿ ဝါ ဒဒေယျ ဘိန္ဒိတွာ ဝါ ပုန ကာရေယျ, အာပတ္တိ သံဃာဒိသေသေန ဒွိန္နံ ဒုက္ကဋာနံ…ပေ… သာရမ္ဘံ သပရိက္ကမနံ, အာပတ္တိ သံဃာဒိသေသေန ဒုက္ကဋဿ…ပေ… အနာရမ္ဘံ အပရိက္ကမနံ, အာပတ္တိ သံဃာဒိသေသေန ဒုက္ကဋဿ…ပေ… အနာရမ္ဘံ သပရိက္ကမနံ, အာပတ္တိ သံဃာဒိသေသဿ။</p>
<p class=""bodytext"">ဘိက္ခု သမာဒိသိတွာ ပက္ကမတိ – ‘‘ကုဋိံ မေ ကရောထာ’’တိ။ တဿ ကုဋိံ ကရောန္တိ ပမာဏိကံ သာရမ္ဘံ အပရိက္ကမနံ။ သော စေ ဝိပ္ပကတေ အာဂစ္ဆတိ, တေန ဘိက္ခုနာ သာ ကုဋိ အညဿ ဝါ ဒါတဗ္ဗာ ဘိန္ဒိတွာ ဝါ ပုန ကာတဗ္ဗာ<a name=""T1.0355""></a>။ နော စေ အညဿ ဝါ ဒဒေယျ ဘိန္ဒိတွာ ဝါ ပုန ကာရေယျ, အာပတ္တိ ဒွိန္နံ ဒုက္ကဋာနံ…ပေ… သာရမ္ဘံ သပရိက္ကမနံ, အာပတ္တိ ဒုက္ကဋဿ…ပေ… အနာရမ္ဘံ အပရိက္ကမနံ, အာပတ္တိ ဒုက္ကဋဿ…ပေ… အနာရမ္ဘံ သပရိက္ကမနံ, အနာပတ္တိ။</p>
<p class=""bodytext"">ဘိက္ခု သမာဒိသိတွာ ပက္ကမတိ – ‘‘ကုဋိံ မေ ကရောထာ’’တိ။ တဿ ကုဋိံ ကရောန္တိ အဒေသိတဝတ္ထုကံ ပမာဏာတိက္ကန္တံ သာရမ္ဘံ အပရိက္ကမနံ။ သော</p>
",-362-
236,mula_vi_01,236,"<p class=""noindentbodytext""> စေ<a name=""M0.0236""></a> ဝိပ္ပကတေ အာဂစ္ဆတိ, တေန ဘိက္ခုနာ သာ ကုဋိ အညဿ ဝါ ဒါတဗ္ဗာ ဘိန္ဒိတွာ ဝါ ပုန ကာတဗ္ဗာ။ နော စေ အညဿ ဝါ ဒဒေယျ ဘိန္ဒိတွာ ဝါ ပုန ကာရေယျ, အာပတ္တိ ဒွိန္နံ သံဃာဒိသေသေန ဒွိန္နံ ဒုက္ကဋာနံ…ပေ… သာရမ္ဘံ သပရိက္ကမနံ, အာပတ္တိ ဒွိန္နံ သံဃာဒိသေသေန ဒုက္ကဋဿ…ပေ… အနာရမ္ဘံ အပရိက္ကမနံ, အာပတ္တိ ဒွိန္နံ သံဃာဒိသေသေန ဒုက္ကဋဿ…ပေ… အနာရမ္ဘံ သပရိက္ကမနံ, အာပတ္တိ ဒွိန္နံ သံဃာဒိသေသာနံ။</p>
<p class=""bodytext"">ဘိက္ခု သမာဒိသိတွာ ပက္ကမတိ – ‘‘ကုဋိံ မေ ကရောထာ’’တိ။ တဿ ကုဋိံ ကရောန္တိ ဒေသိတဝတ္ထုကံ <a name=""V0.0242""></a> ပမာဏိကံ သာရမ္ဘံ အပရိက္ကမနံ။ သော စေ ဝိပ္ပကတေ အာဂစ္ဆတိ, တေန ဘိက္ခုနာ သာ ကုဋိ အညဿ ဝါ ဒါတဗ္ဗာ ဘိန္ဒိတွာ ဝါ ပုန ကာတဗ္ဗာ။ နော စေ အညဿ ဝါ ဒဒေယျ ဘိန္ဒိတွာ ဝါ ပုန ကာရေယျ, အာပတ္တိ ဒွိန္နံ ဒုက္ကာဋာနံ…ပေ… သာရမ္ဘံ သပရိက္ကမနံ, အာပတ္တိ ဒုက္ကဋဿ…ပေ… အနာရမ္ဘံ အပရိက္ကမနံ, အာပတ္တိ ဒုက္ကဋဿ။</p>
<p class=""bodytext"">ဘိက္ခု သမာဒိသိတွာ ပက္ကမတိ – ‘‘ကုဋိံ မေ ကရောထာ’’တိ။ တဿ ကုဋိံ ကရောန္တိ ဒေသိတဝတ္ထုကံ ပမာဏိကံ အနာရမ္ဘံ သပရိက္ကမနံ, အနာပတ္တိ။</p>
<p class=""bodytext""><a name=""para363""></a><a name=""para363_vin1""></a><span class=""paranum"">၃၆၃</span>။ အတ္တနာ <a name=""T1.0356""></a> ဝိပ္ပကတံ အတ္တနာ ပရိယောသာပေတိ, အာပတ္တိ သံဃာဒိသေသဿ။</p>
<p class=""bodytext"">အတ္တနာ ဝိပ္ပကတံ ပရေဟိ ပရိယောသာပေတိ <span class=""note"">[ပရိယောသာဝါပေတိ (က။)]</span>, အာပတ္တိ သံဃာဒိသေသဿ။</p>
<p class=""bodytext"">ပရေဟိ ဝိပ္ပကတံ အတ္တနာ ပရိယောသာပေတိ, အာပတ္တိ သံဃာဒိသေသဿ။</p>
<p class=""bodytext"">ပရေဟိ ဝိပ္ပကတံ ပရေဟိ ပရိယောသာပေတိ <span class=""note"">[ပရိယောသာဝါပေတိ (က။)]</span>, အာပတ္တိ သံဃာဒိသေသဿ။</p>
<p class=""bodytext""><a name=""para364""></a><a name=""para364_vin1""></a><span class=""paranum"">၃၆၄</span>။ အနာပတ္တိ လေဏေ ဂုဟာယ တိဏကုဋိကာယ အညဿတ္ထာယ ဝါသာဂါရံ ဌပေတွာ သဗ္ဗတ္ထ, အနာပတ္တိ ဥမ္မတ္တကဿ အာဒိကမ္မိကဿာတိ။</p>
<p class=""centered"">ကုဋိကာရသိက္ခာပဒံ နိဋ္ဌိတံ ဆဋ္ဌံ။</p>
",-363-364-
237,mula_vi_01,237,"<p class=""title"">၇။ ဝိဟာရကာရသိက္ခာပဒံ</p>
<p class=""bodytext""><a name=""para365""></a><a name=""para365_vin1""></a><span class=""paranum"">၃၆၅</span>။ တေန <a name=""T1.0357""></a><a name=""M0.0237""></a> သမယေန ဗုဒ္ဓေါ ဘဂဝါ ကောသမ္ဗိယံ ဝိဟရတိ ဃောသိတာရာမေ။ တေန ခေါ ပန သမယေန အာယသ္မတော ဆန္နဿ ဥပဋ္ဌာကော ဂဟပတိ အာယသ္မန္တံ ဆန္နံ ဧတဒဝေါစ – ‘‘ဝိဟာရဝတ္ထုံ, ဘန္တေ, ဇာနာဟိ အယျဿ ဝိဟာရံ ကာရာပေဿာမီ’’တိ။ အထ ခေါ အာယသ္မာ ဆန္နော ဝိဟာရဝတ္ထုံ သောဓေန္တော အညတရံ စေတိယရုက္ခံ ဆေဒါပေသိ ဂါမပူဇိတံ နိဂမပူဇိတံ နဂရပူဇိတံ ဇနပဒပူဇိတံ ရဋ္ဌပူဇိတံ။ မနုဿာ ဥဇ္ဈာယန္တိ ခိယျန္တိ ဝိပါစေန္တိ – ‘‘ကထဉှိ နာမ သမဏာ သကျပုတ္တိယာ စေတိယရုက္ခံ <a name=""V0.0243""></a> ဆေဒါပေဿန္တိ ဂါမပူဇိတံ <a name=""P3.0156""></a> နိဂမပူဇိတံ နဂရပူဇိတံ ဇနပဒပူဇိတံ ရဋ္ဌပူဇိတံ! ဧကိန္ဒြိယံ သမဏာ သကျပုတ္တိယာ ဇီဝံ ဝိဟေဌေန္တီ’’ <span class=""note"">[ဝိဟေဌေဿန္တိ (ကတ္ထစိ)]</span> တိ။ အဿောသုံ ခေါ ဘိက္ခူ တေသံ မနုဿာနံ ဥဇ္ဈာယန္တာနံ ခိယျန္တာနံ ဝိပါစေန္တာနံ။ ယေ တေ ဘိက္ခူ အပ္ပိစ္ဆာ…ပေ… တေ ဥဇ္ဈာယန္တိ ခိယျန္တိ ဝိပါစေန္တိ – ‘‘ကထဉှိ နာမ အာယသ္မာ ဆန္နော စေတိယရုက္ခံ ဆေဒါပေဿတိ ဂါမပူဇိတံ…ပေ… ရဋ္ဌပူဇိတ’’န္တိ! အထ ခေါ တေ ဘိက္ခူ အာယသ္မန္တံ ဆန္နံ အနေကပရိယာယေန ဝိဂရဟိတွာ ဘဂဝတော ဧတမတ္ထံ အာရောစေသုံ…ပေ… ‘‘သစ္စံ ကိရ တွံ, ဆန္န, စေတိယရုက္ခံ ဆေဒါပေသိ ဂါမပူဇိတံ…ပေ… ရဋ္ဌပူဇိတ’’န္တိ? ‘‘သစ္စံ, ဘဂဝါ’’တိ။ ဝိဂရဟိ ဗုဒ္ဓေါ ဘဂဝါ…ပေ… ‘‘ကထဉှိ နာမ တွံ, မောဃပုရိသ, စေတိယရုက္ခံ ဆေဒါပေဿသိ ဂါမပူဇိတံ နိဂမပူဇိတံ နဂရပူဇိတံ ဇနပဒပူဇိတံ ရဋ္ဌပူဇိတံ! ဇီဝသညိနော ဟိ, မောဃပုရိသ, မနုဿာ ရုက္ခသ္မိံ။ နေတံ, မောဃပုရိသ<a name=""T1.0358""></a>, အပ္ပသန္နာနံ ဝါ ပသာဒါယ…ပေ… ဧဝဉ္စ ပန, ဘိက္ခဝေ, ဣမံ သိက္ခာပဒံ ဥဒ္ဒိသေယျာထ –</p>
<p class=""bodytext""><a name=""para366""></a><a name=""para366_vin1""></a><span class=""paranum"">၃၆၆</span>။ <span class=""bld"">‘‘မဟလ္လကံ ပန ဘိက္ခုနာ ဝိဟာရံ ကာရယမာနေန သဿာမိကံ အတ္တုဒ္ဒေသံ ဘိက္ခူ အဘိနေတဗ္ဗာ ဝတ္ထုဒေသနာယ။ တေဟိ ဘိက္ခူဟိ ဝတ္ထု ဒေသေတဗ္ဗံ အနာရမ္ဘံ သပရိက္ကမနံ။ သာရမ္ဘေ စေ ဘိက္ခု ဝတ္ထုသ္မိံ အပရိက္ကမနေ မဟလ္လကံ ဝိဟာရံ ကာရေယျ ဘိက္ခူ ဝါ အနဘိနေယျ ဝတ္ထုဒေသနာယ, သံဃာဒိသေသော’’</span>တိ။</p>
<p class=""bodytext""><a name=""para367""></a><a name=""para367_vin1""></a><span class=""paranum"">၃၆၇</span>။ <span class=""bld"">မဟလ္လကော</span> နာမ ဝိဟာရော သဿာမိကော ဝုစ္စတိ။</p>
<p class=""bodytext""><span class=""bld"">ဝိဟာရော</span> နာမ ဥလ္လိတ္တော ဝါ ဟောတိ အဝလိတ္တော ဝါ ဥလ္လိတ္တာဝလိတ္တော ဝါ။</p>
",-365-366-367-
238,mula_vi_01,238,"<p class=""bodytext""><span class=""bld"">ကာရယမာနေနာ</span>တိ <a name=""M0.0238""></a> ကရောန္တော ဝါ ကာရာပေန္တော ဝါ။</p>
<p class=""bodytext""><span class=""bld"">သဿာမိက</span>န္တိ အညော ကောစိ သာမိကော ဟောတိ ဣတ္ထီ ဝါ ပုရိသော ဝါ ဂဟဋ္ဌော ဝါ ပဗ္ဗဇိတော ဝါ။</p>
<p class=""bodytext""><span class=""bld"">အတ္တုဒ္ဒေသ</span>န္တိ အတ္တနော အတ္ထာယ။</p>
<p class=""bodytext""><span class=""bld"">ဘိက္ခူ အဘိနေတဗ္ဗာ ဝတ္ထုဒေသနာယာ</span>တိ တေန ဝိဟာရကာရကေန ဘိက္ခုနာ ဝိဟာရဝတ္ထုံ သောဓေတွာ သံဃံ <a name=""V0.0244""></a> ဥပသင်္ကမိတွာ ဧကံသံ ဥတ္တရာသင်္ဂံ ကရိတွာ ဝုဍ္ဎာနံ ဘိက္ခူနံ ပါဒေ ဝန္ဒိတွာ ဥက္ကုဋိကံ နိသီဒိတွာ အဉ္ဇလိံ ပဂ္ဂဟေတွာ ဧဝမဿ ဝစနီယော – ‘‘အဟံ, ဘန္တေ, မဟလ္လကံ ဝိဟာရံ ကတ္တုကာမော သဿာမိကံ အတ္တုဒ္ဒေသံ။ သောဟံ, ဘန္တေ, သံဃံ ဝိဟာရဝတ္ထုဩလောကနံ ယာစာမီ’’တိ။ ဒုတိယမ္ပိ ယာစိတဗ္ဗာ။ တတိယမ္ပိ ယာစိတဗ္ဗာ။ သစေ သဗ္ဗော သံဃော ဥဿဟတိ ဝိဟာရဝတ္ထုံ ဩလောကေတုံ သဗ္ဗေန သံဃေန ဩလောကေတဗ္ဗံ။ နော စေ သဗ္ဗော သံဃော ဥဿဟတိ ဝိဟာရဝတ္ထုံ ဩလောကေတုံ, ယေ တတ္ထ ဟောန္တိ ဘိက္ခူ ဗျတ္တာ ပဋိဗလာ သာရမ္ဘံ အနာရမ္ဘံ သပရိက္ကမနံ <a name=""T1.0359""></a> အပရိက္ကမနံ ဇာနိတုံ တေ ယာစိတွာ သမ္မန္နိတဗ္ဗာ။ ဧဝဉ္စ ပန, ဘိက္ခဝေ, သမ္မန္နိတဗ္ဗာ။ ဗျတ္တေန ဘိက္ခုနာ ပဋိဗလေန သံဃော ဉာပေတဗ္ဗော –</p>
<p class=""bodytext""><a name=""para368""></a><a name=""para368_vin1""></a><span class=""paranum"">၃၆၈</span>။ ‘‘သုဏာတု မေ, ဘန္တေ, သံဃော။ အယံ ဣတ္ထန္နာမော ဘိက္ခု မဟလ္လကံ ဝိဟာရံ ကတ္တုကာမော သဿာမိကံ အတ္တုဒ္ဒေသံ။ သော သံဃံ ဝိဟာရဝတ္ထုဩလောကနံ ယာစတိ။ ယဒိ သံဃဿ ပတ္တကလ္လံ, သံဃော ဣတ္ထန္နာမဉ္စ ဣတ္ထန္နာမဉ္စ ဘိက္ခု သမ္မန္နေယျ ဣတ္ထန္နာမဿ ဘိက္ခုနော ဝိဟာရဝတ္ထုံ ဩလောကေတုံ။ ဧသာ ဉတ္တိ။</p>
<p class=""bodytext"">‘‘သုဏာတု မေ, ဘန္တေ, သံဃော။ အယံ ဣတ္ထန္နာမော ဘိက္ခု မဟလ္လကံ ဝိဟာရံ ကတ္တုကာမော သဿာမိကံ အတ္တုဒ္ဒေသံ။ သော သံဃံ ဝိဟာရဝတ္ထုဩလောကနံ ယာစတိ။ သံဃော ဣတ္ထန္နာမဉ္စ ဣတ္ထန္နာမဉ္စ ဘိက္ခူ သမ္မန္နတိ ဣတ္ထန္နာမဿ ဘိက္ခုနော ဝိဟာရဝတ္ထုံ ဩလောကေတုံ။ ယဿာယသ္မတော ခမတိ ဣတ္ထန္နာမဿ စ ဣတ္ထန္နာမဿ စ ဘိက္ခူနံ သမ္မုတိ ဣတ္ထန္နာမဿ ဘိက္ခုနော ဝိဟာရဝတ္ထုံ ဩလောကေတုံ, သော တုဏှဿ၊ ယဿ နက္ခမတိ, သော ဘာသေယျ။</p>
<p class=""bodytext"">‘‘သမ္မတာ သံဃေန ဣတ္ထန္နာမော စ ဣတ္ထန္နာမော စ ဘိက္ခူ ဣတ္ထန္နာမဿ ဘိက္ခုနော ဝိဟာရဝတ္ထုံ ဩလောကေတုံ။ ခမတိ သံဃဿ, တသ္မာ တုဏှီ, ဧဝမေတံ ဓာရယာမီ’’တိ။</p>
",-368-
239,mula_vi_01,239,"<p class=""bodytext""><a name=""para369""></a><a name=""para369_vin1""></a><span class=""paranum"">၃၆၉</span>။ တေဟိ <a name=""M0.0239""></a> သမ္မတေဟိ ဘိက္ခူဟိ တတ္ထ ဂန္တွာ ဝိဟာရဝတ္ထု ဩလောကေတဗ္ဗံ၊ သာရမ္ဘံ အနာရမ္ဘံ သပရိက္ကမနံ အပရိက္ကမနံ ဇာနိတဗ္ဗံ။ သစေ သာရမ္ဘံ ဟောတိ အပရိက္ကမနံ, ‘မာယိဓ ကရီ’တိ ဝတ္တဗ္ဗော။ သစေ အနာရမ္ဘံ ဟောတိ သပရိက္ကမနံ, သံဃဿ အာရောစေတဗ္ဗံ – ‘အနာရမ္ဘံ သပရိက္ကမန’န္တိ<a name=""T1.0360""></a>။ တေန ဝိဟာရကာရကေန ဘိက္ခုနာ သံဃံ ဥပသင်္ကမိတွာ ဧကံသံ ဥတ္တရာသင်္ဂံ ကရိတွာ ဝုဍ္ဎာနံ ဘိက္ခူနံ ပါဒေ ဝန္ဒိတွာ ဥက္ကုဋိကံ နိသီဒိတွာ အဉ္ဇလိံ ပဂ္ဂဟေတွာ ဧဝမဿ ဝစနီယော – ‘‘အဟံ, ဘန္တေ, မဟလ္လကံ ဝိဟာရံ ကတ္တုကာမော သဿာမိကံ အတ္တုဒ္ဒေသံ<a name=""V0.0245""></a>။ သောဟံ, ဘန္တေ, သံဃံ ဝိဟာရဝတ္ထုဒေသနံ ယာစာမီ’’တိ။ ဒုတိယမ္ပိ ယာစိတဗ္ဗာ။ တတိယမ္ပိ ယာစိတဗ္ဗာ။ ဗျတ္တေန ဘိက္ခုနာ ပဋိဗလေန သံဃော ဉာပေတဗ္ဗော –</p>
<p class=""bodytext""><a name=""para370""></a><a name=""para370_vin1""></a><span class=""paranum"">၃၇၀</span>။ ‘‘သုဏာတု မေ, ဘန္တေ, သံဃော။ အယံ ဣတ္ထန္နာမော ဘိက္ခု မဟလ္လကံ ဝိဟာရံ ကတ္တုကာမော သဿာမိကံ အတ္တုဒ္ဒေသံ။ သော သံဃံ ဝိဟာရဝတ္ထုဒေသနံ ယာစတိ။ ယဒိ သံဃဿ ပတ္တကလ္လံ, သံဃော ဣတ္ထန္နာမဿ ဘိက္ခုနော ဝိဟာရဝတ္ထုံ ဒေသေယျ။ ဧသာ ဉတ္တိ။</p>
<p class=""bodytext"">‘‘သုဏာတု မေ, ဘန္တေ, သံဃော။ အယံ ဣတ္ထန္နာမော ဘိက္ခု မဟလ္လကံ ဝိဟာရံ ကတ္တုကာမော သဿာမိကံ အတ္တုဒ္ဒေသံ။ သော သံဃံ ဝိဟာရဝတ္ထုဒေသနံ ယာစတိ။ သံဃော ဣတ္ထန္နာမဿ ဘိက္ခုနော ဝိဟာရဝတ္ထုံ ဒေသေတိ။ ယဿာယသ္မတော ခမတိ ဣတ္ထန္နာမဿ ဘိက္ခုနော ဝိဟာရဝတ္ထုဿ ဒေသနာ, သော တုဏှဿ၊ ယဿ နက္ခမတိ, သော ဘာသေယျ။</p>
<p class=""bodytext"">‘‘ဒေသိတံ သံဃေန ဣတ္ထန္နာမဿ ဘိက္ခုနော ဝိဟာရဝတ္ထုံ။ ခမတိ သံဃဿ, တသ္မာ တုဏှီ, ဧဝမေတံ ဓာရယာမီ’’တိ။</p>
<p class=""bodytext""><a name=""para371""></a><a name=""para371_vin1""></a><span class=""paranum"">၃၇၁</span>။ <span class=""bld"">သာရမ္ဘံ</span> နာမ ကိပိလ္လိကာနံ ဝါ အာသယော ဟောတိ, ဥပစိကာနံ ဝါ အာသယော ဟောတိ, ဥန္ဒူရာနံ ဝါ…ပေ… အဟီနံ ဝါ ဝိစ္ဆိကာနံ ဝါ သတပဒီနံ ဝါ ဟတ္ထီနံ ဝါ အဿာနံ ဝါ သီဟာနံ ဝါ ဗျဂ္ဃါနံ ဝါ ဒီပီနံ <a name=""T1.0361""></a> ဝါ အစ္ဆာနံ ဝါ တရစ္ဆာနံ ဝါ အာသယော ဟောတိ, ယေသံ ကေသဉ္စိ တိရစ္ဆာနဂတာနံ ပါဏာနံ အာသယော ဟောတိ, ပုဗ္ဗဏ္ဏနိဿိတံ ဝါ ဟောတိ, အပရဏ္ဏနိဿိတံ ဝါ ဟောတိ, အဗ္ဘာဃာတနိဿိတံ ဝါ ဟောတိ, အာဃာတနနိဿိတံ ဝါ ဟောတိ, သုသာနနိဿိတံ ဝါ ဟောတိ, ဥယျာနနိဿိတံ ဝါ ဟောတိ, ရာဇဝတ္ထုနိဿိတံ ဝါ ဟောတိ, ဟတ္ထိသာလာနိဿိတံ ဝါ ဟောတိ, အဿသာလာနိဿိတံ ဝါ ဟောတိ, ဗန္ဓနာဂါရနိဿိတံ ဝါ ဟောတိ,</p>
",-369-370-371-
240,mula_vi_01,240,"<p class=""noindentbodytext""> ပါနာဂါရနိဿိတံ<a name=""M0.0240""></a> ဝါ ဟောတိ, သူနနိဿိတံ ဝါ ဟောတိ, ရစ္ဆာနိဿိတံ ဝါ ဟောတိ, စစ္စရနိဿိတံ ဝါ ဟောတိ, သဘာနိဿိတံ ဝါ ဟောတိ, သံသရဏနိဿိတံ ဝါ ဟောတိ။ ဧတံ သာရမ္ဘံ နာမ။</p>
<p class=""bodytext""><span class=""bld"">အပရိက္ကမနံ</span> နာမ န သက္ကာ ဟောတိ ယထာယုတ္တေန သကဋေန အနုပရိဂန္တုံ, သမန္တာ နိဿေဏိယာ အနုပရိဂန္တုံ။ ဧတံ အပရိက္ကမနံ နာမ။</p>
<p class=""bodytext""><span class=""bld"">အနာရမ္ဘံ</span> <a name=""V0.0246""></a> နာမ န ကိပိလ္လိကာနံ ဝါ အာသယော ဟောတိ…ပေ… န သံသရဏနိဿိတံ ဝါ ဟောတိ။ ဧတံ အနာရမ္ဘံ နာမ။</p>
<p class=""bodytext""><span class=""bld"">သပရိက္ကမနံ</span> နာမ သက္ကာ ဟောတိ ယထာယုတ္တေန သကဋေန အနုပရိဂန္တုံ, သမန္တာ နိဿေဏိယာ အနုပရိဂန္တုံ။ ဧတံ သပရိက္ကမနံ နာမ။</p>
<p class=""bodytext""><span class=""bld"">မဟလ္လကော</span> နာမ ဝိဟာရော သဿာမိကော ဝုစ္စတိ။</p>
<p class=""bodytext""><span class=""bld"">ဝိဟာရော</span> နာမ ဥလ္လိတ္တော ဝါ ဟောတိ အဝလိတ္တော ဝါ ဥလ္လိတ္တာဝလိတ္တော ဝါ။</p>
<p class=""bodytext""><span class=""bld"">ကာရေယျာ</span>တိ ကရောတိ ဝါ ကာရာပေတိ ဝါ။</p>
<p class=""bodytext""><span class=""bld"">ဘိက္ခူ ဝါ အနဘိနေယျ ဝတ္ထုဒေသနာယာ</span>တိ ဉတ္တိဒုတိယေန ကမ္မေန ဝိဟာရဝတ္ထုံ န ဒေသာပေတွာ ကရောတိ ဝါ ကာရာပေတိ ဝါ, ပယောဂေ <a name=""P3.0157""></a> ဒုက္ကဋံ။ ဧကံ ပိဏ္ဍံ အနာဂတေ, အာပတ္တိ ထုလ္လစ္စယဿ<a name=""T1.0362""></a>။ တသ္မိံ ပိဏ္ဍေ အာဂတေ, အာပတ္တိ သံဃာဒိသေသဿ။</p>
<p class=""bodytext""><span class=""bld"">သံဃာဒိသေသော</span>တိ…ပေ… တေနပိ ဝုစ္စတိ – ‘သံဃာဒိသေသော’တိ။</p>
<p class=""bodytext""><a name=""para372""></a><a name=""para372_vin1""></a><span class=""paranum"">၃၇၂</span>။ ဘိက္ခု ဝိဟာရံ ကရောတိ အဒေသိတဝတ္ထုကံ သာရမ္ဘံ အပရိက္ကမနံ, အာပတ္တိ သံဃာဒိသေသေန ဒွိန္နံ ဒုက္ကဋာနံ။ ဘိက္ခု ဝိဟာရံ ကရောတိ အဒေသိတဝတ္ထုကံ သာရမ္ဘံ သပရိက္ကမနံ, အာပတ္တိ သံဃာဒိသေသေန ဒုက္ကဋဿ။ ဘိက္ခု ဝိဟာရံ ကရောတိ အဒေသိတဝတ္ထုကံ အနာရမ္ဘံ အပရိက္ကမနံ, အာပတ္တိ သံဃာဒိသေသေန ဒုက္ကဋဿ။ ဘိက္ခု ဝိဟာရံ ကရောတိ အဒေသိတဝတ္ထုကံ အနာရမ္ဘံ သပရိက္ကမနံ, အာပတ္တိ သံဃာဒိသေသဿ။</p>
<p class=""bodytext"">ဘိက္ခု ဝိဟာရံ ကရောတိ ဒေသိတဝတ္ထုကံ သာရမ္ဘံ အပရိက္ကမနံ, အာပတ္တိ ဒွိန္နံ ဒုက္ကဋာနံ။ ဘိက္ခု ဝိဟာရံ ကရောတိ ဒေသိတဝတ္ထုကံ သာရမ္ဘံ သပရိက္ကမနံ, အာပတ္တိ ဒုက္ကဋဿ။ ဘိက္ခု ဝိဟာရံ ကရောတိ ဒေသိတဝတ္ထုကံ အနာရမ္ဘံ အပရိက္ကမနံ, အာပတ္တိ ဒုက္ကဋဿ။ ဘိက္ခု ဝိဟာရံ ကရောတိ ဒေသိတဝတ္ထုကံ အနာရမ္ဘံ သပရိက္ကမနံ, အနာပတ္တိ။</p>
",-372-
241,mula_vi_01,241,"<p class=""bodytext""><a name=""para373""></a><a name=""para373_vin1""></a><span class=""paranum"">၃၇၃</span>။ ဘိက္ခု <a name=""M0.0241""></a><a name=""V0.0247""></a> သမာဒိသတိ – ‘‘ဝိဟာရံ မေ ကရောထာ’’တိ။ တဿ ဝိဟာရံ ကရောန္တိ အဒေသိတဝတ္ထုကံ သာရမ္ဘံ အပရိက္ကမနံ, အာပတ္တိ သံဃာဒိသေသေန ဒွိန္နံ ဒုက္ကဋာနံ…ပေ… သာရမ္ဘံ သပရိက္ကမနံ, အာပတ္တိ သံဃာဒိသေသေန ဒုက္ကဋဿ…ပေ… အနာရမ္ဘံ အပရိက္ကမနံ, အာပတ္တိ သံဃာဒိသေသေန ဒုက္ကဋဿ…ပေ… အနာရမ္ဘံ သပရိက္ကမနံ, အာပတ္တိ သံဃာဒိသေသဿ။</p>
<p class=""bodytext"">ဘိက္ခု သမာဒိသတိ – ‘‘ဝိဟာရံ မေ ကရောထာ’’တိ။ တဿ ဝိဟာရံ ကရောန္တိ ဒေသိတဝတ္ထုကံ သာရမ္ဘံ အပရိက္ကမနံ, အာပတ္တိ ဒွိန္နံ ဒုက္ကဋာနံ…ပေ… သာရမ္ဘံ <a name=""T1.0363""></a> သပရိက္ကမနံ, အာပတ္တိ ဒုက္ကဋဿ…ပေ… အနာရမ္ဘံ အပရိက္ကမနံ, အာပတ္တိ ဒုက္ကဋဿ…ပေ… အနာရမ္ဘံ သပရိက္ကမနံ, အနာပတ္တိ။</p>
<p class=""bodytext""><a name=""para374""></a><a name=""para374_vin1""></a><span class=""paranum"">၃၇၄</span>။ ဘိက္ခု သမာဒိသိတွာ ပက္ကမတိ – ‘‘ဝိဟာရံ မေ ကရောထာ’’တိ။ န စ သမာဒိသတိ – ‘‘ဒေသိတဝတ္ထုကော စ ဟောတု အနာရမ္ဘော စ သပရိက္ကမနော စာ’’တိ။ တဿ ဝိဟာရံ ကရောန္တိ အဒေသိတဝတ္ထုကံ သာရမ္ဘံ အပရိက္ကမနံ, အာပတ္တိ သံဃာဒိသေသေန ဒွိန္နံ ဒုက္ကဋာနံ…ပေ… သာရမ္ဘံ သပရိက္ကမနံ, အာပတ္တိ သံဃာဒိသေသေန ဒုက္ကဋဿ…ပေ… အနာရမ္ဘံ အပရိက္ကမနံ, အာပတ္တိ သံဃာဒိသေသေန ဒုက္ကဋဿ…ပေ… အနာရမ္ဘံ သပရိက္ကမနံ, အာပတ္တိ သံဃာဒိသေသဿ။</p>
<p class=""bodytext"">ဘိက္ခု သမာဒိသိတွာ ပက္ကမတိ – ‘‘ဝိဟာရံ မေ ကရောထာ’’တိ။ န စ သမာဒိသတိ – ‘‘ဒေသိတဝတ္ထုကော စ ဟောတု အနာရမ္ဘော စ သပရိက္ကမနော စာ’’တိ။ တဿ ဝိဟာရံ ကရောန္တိ ဒေသိတဝတ္ထုကံ သာရမ္ဘံ အပရိက္ကမနံ, အာပတ္တိ ဒွိန္နံ ဒုက္ကဋာနံ…ပေ… သာရမ္ဘံ သပရိက္ကမနံ, အာပတ္တိ ဒုက္ကဋဿ…ပေ… အနာရမ္ဘံ အပရိက္ကမနံ, အာပတ္တိ ဒုက္ကဋဿ…ပေ… အနာရမ္ဘံ သပရိက္ကမနံ, အနာပတ္တိ။</p>
<p class=""bodytext""><a name=""para375""></a><a name=""para375_vin1""></a><span class=""paranum"">၃၇၅</span>။ ဘိက္ခု သမာဒိသိတွာ ပက္ကမတိ – ‘‘ဝိဟာရံ မေ ကရောထာ’’တိ။ သမာဒိသတိ စ – ‘‘ဒေသိတဝတ္ထုကော စ ဟောတု အနာရမ္ဘော စ သပရိက္ကမနော စာ’’တိ။ တဿ ဝိဟာရံ ကရောန္တိ အဒေသိတဝတ္ထုကံ သာရမ္ဘံ အပရိက္ကမနံ။ သော သုဏာတိ – ‘‘ဝိဟာရော ကိရ မေ ကယိရတိ အဒေသိတဝတ္ထုကော သာရမ္ဘော အပရိက္ကမနော’’တိ။ တေန ဘိက္ခုနာ သာမံ ဝါ ဂန္တဗ္ဗံ ဒူတော ဝါ ပါဟေတဗ္ဗော – ‘‘ဒေသိတဝတ္ထုကော စ ဟောတု အနာရမ္ဘော စ သပရိက္ကမနော စာ’’တိ <a name=""T1.0364""></a> …ပေ… ‘‘ဒေသိတဝတ္ထုကော စ ဟောတု အနာရမ္ဘော စာ’’တိ…ပေ… ‘‘ဒေသိတဝတ္ထုကော စ ဟောတု သပရိက္ကမနော</p>
",-373-374-375-
242,mula_vi_01,242,"<p class=""noindentbodytext""> စာ’’တိ<a name=""M0.0242""></a><a name=""V0.0248""></a> …ပေ… ‘‘ဒေသိတဝတ္ထုကော ဟောတူ’’တိ။ နော စေ သာမံ ဝါ ဂစ္ဆေယျ ဒူတံ ဝါ ပဟိဏေယျ, အာပတ္တိ ဒုက္ကဋဿ။</p>
<p class=""bodytext"">ဘိက္ခု သမာဒိသိတွာ ပက္ကမတိ – ‘‘ဝိဟာရံ မေ ကရောထာ’’တိ။ သမာဒိသတိ စ – ‘‘ဒေသိတဝတ္ထုကော စ ဟောတု အနာရမ္ဘော စ သပရိက္ကမနော စာ’’တိ။ တဿ ဝိဟာရံ ကရောန္တိ ဒေသိတဝတ္ထုကံ သာရမ္ဘံ အပရိက္ကမနံ။ သော သုဏာတိ – ‘‘ဝိဟာရော ကိရ မေ ကယိရတိ ဒေသိတဝတ္ထုကော သာရမ္ဘော အပရိက္ကမနော’’တိ။ တေန ဘိက္ခုနာ သာမံ ဝါ ဂန္တဗ္ဗံ ဒူတော ဝါ ပါဟေတဗ္ဗော – ‘‘အနာရမ္ဘော စ ဟောတု သပရိက္ကမနော စာ’’တိ…ပေ… ‘‘အနာရမ္ဘော ဟောတူ’’တိ ‘‘သပရိက္ကမနော ဟောတူ’’တိ, အနာပတ္တိ။</p>
<p class=""bodytext""><a name=""para376""></a><a name=""para376_vin1""></a><span class=""paranum"">၃၇၆</span>။ ဘိက္ခု သမာဒိသိတွာ ပက္ကမတိ – ‘‘ဝိဟာရံ မေ ကရောထာ’’တိ။ သမာဒိသတိ စ – ‘‘ဒေသိတဝတ္ထုကော စ ဟောတု အနာရမ္ဘော စ သပရိက္ကမနော စာ’’တိ။ တဿ ဝိဟာရံ ကရောန္တိ အဒေသိတဝတ္ထုကံ သာရမ္ဘံ အပရိက္ကမနံ, အာပတ္တိ ကာရုကာနံ တိဏ္ဏံ ဒုက္ကဋာနံ…ပေ… သာရမ္ဘံ သပရိက္ကမနံ, အာပတ္တိ ကာရုကာနံ ဒွိန္နံ ဒုက္ကဋာနံ…ပေ… အနာရမ္ဘံ အပရိက္ကမနံ, အာပတ္တိ ကာရုကာနံ ဒွိန္နံ ဒုက္ကဋာနံ…ပေ… အနာရမ္ဘံ သပရိက္ကမနံ, အာပတ္တိ ကာရုကာနံ ဒုက္ကဋဿ။</p>
<p class=""bodytext"">ဘိက္ခု သမာဒိသိတွာ ပက္ကမတိ – ‘‘ဝိဟာရံ မေ ကရောထာ’’တိ။ သမာဒိသတိ စ – ‘‘ဒေသိတဝတ္ထုကော စ ဟောတု အနာရမ္ဘော စ သပရိက္ကမနော စာ’’တိ။ တဿ ဝိဟာရံ ကရောန္တိ ဒေသိတဝတ္ထုကံ သာရမ္ဘံ အပရိက္ကမနံ<a name=""T1.0365""></a>, အာပတ္တိ ကာရုကာနံ ဒွိန္နံ ဒုက္ကဋာနံ…ပေ… သာရမ္ဘံ သပရိက္ကမနံ, အာပတ္တိ ကာရုကာနံ ဒုက္ကဋဿ…ပေ… အနာရမ္ဘံ အပရိက္ကမနံ, အာပတ္တိ ကာရုကာနံ ဒုက္ကဋဿ…ပေ… အနာရမ္ဘံ သပရိက္ကမနံ, အနာပတ္တိ။</p>
<p class=""bodytext""><a name=""para377""></a><a name=""para377_vin1""></a><span class=""paranum"">၃၇၇</span>။ ဘိက္ခု သမာဒိသိတွာ ပက္ကမတိ – ‘‘ဝိဟာရံ မေ ကရောထာ’’တိ။ တဿ ဝိဟာရံ ကရောန္တိ အဒေသိတဝတ္ထုကံ သာရမ္ဘံ အပရိက္ကမနံ။ သော စေ ဝိပ္ပကတေ အာဂစ္ဆတိ, တေန ဘိက္ခုနာ သော ဝိဟာရော အညဿ ဝါ ဒါတဗ္ဗော ဘိန္ဒိတွာ ဝါ ပုန ကာတဗ္ဗော။ နော စေ အညဿ ဝါ ဒဒေယျ ဘိန္ဒိတွာ ဝါ ပုန ကာရေယျ, အာပတ္တိ သံဃာဒိသေသေန ဒွိန္နံ ဒုက္ကဋာနံ…ပေ… သာရမ္ဘံ သပရိက္ကမနံ, အာပတ္တိ သံဃာဒိသေသေန ဒုက္ကဋဿ…ပေ… အနာရမ္ဘံ အပရိက္ကမနံ, အာပတ္တိ သံဃာဒိသေသေန ဒုက္ကဋဿ…ပေ… အနာရမ္ဘံ သပရိက္ကမနံ, အာပတ္တိ သံဃာဒိသေသဿ။</p>
",-376-377-
243,mula_vi_01,243,"<p class=""bodytext"">ဘိက္ခု <a name=""M0.0243""></a><a name=""V0.0249""></a> သမာဒိသိတွာ ပက္ကမတိ – ‘‘ဝိဟာရံ မေ ကရောထာ’’တိ။ တဿ ဝိဟာရံ ကရောန္တိ ဒေသိတဝတ္ထုကံ သာရမ္ဘံ အပရိက္ကမနံ။ သော စေ ဝိပ္ပကတေ အာဂစ္ဆတိ, တေန ဘိက္ခုနာ သော ဝိဟာရော အညဿ ဝါ ဒါတဗ္ဗော ဘိန္ဒိတွာ ဝါ ပုန ကာတဗ္ဗော။ နော စေ အညဿ ဝါ ဒဒေယျ ဘိန္ဒိတွာ ဝါ ပုန ကာရေယျ, အာပတ္တိ ဒွိန္နံ ဒုက္ကဋာနံ…ပေ… သာရမ္ဘံ သပရိက္ကမနံ, အာပတ္တိ ဒုက္ကဋဿ…ပေ… အနာရမ္ဘံ အပရိက္ကမနံ, အာပတ္တိ ဒုက္ကဋဿ…ပေ… အနာရမ္ဘံ သပရိက္ကမနံ, အနာပတ္တိ။</p>
<p class=""bodytext""><a name=""para378""></a><a name=""para378_vin1""></a><span class=""paranum"">၃၇၈</span>။ အတ္တနာ ဝိပ္ပကတံ အတ္တနာ ပရိယောသာပေတိ, အာပတ္တိ သံဃာဒိသေသဿ<a name=""T1.0366""></a>။</p>
<p class=""bodytext"">အတ္တနာ ဝိပ္ပကတံ ပရေဟိ ပရိယောသာပေတိ, အာပတ္တိ သံဃာဒိသေသဿ။</p>
<p class=""bodytext"">ပရေဟိ ဝိပ္ပကတံ အတ္တနာ ပရိယောသာပေတိ, အာပတ္တိ သံဃာဒိသေသဿ။</p>
<p class=""bodytext"">ပရေဟိ ဝိပ္ပကတံ ပရေဟိ ပရိယောသာပေတိ, အာပတ္တိ သံဃာဒိသေသဿ။</p>
<p class=""bodytext""><a name=""para379""></a><a name=""para379_vin1""></a><span class=""paranum"">၃၇၉</span>။ အနာပတ္တိ လေဏေ ဂုဟာယ တိဏကုဋိကာယ အညဿတ္ထာယ ဝါသာဂါရံ ဌပေတွာ သဗ္ဗတ္ထ။ အနာပတ္တိ ဥမ္မတ္တကဿ, အာဒိကမ္မိကဿာတိ။</p>
<p class=""centered"">ဝိဟာရကာရသိက္ခာပဒံ နိဋ္ဌိတံ သတ္တမံ။</p>
<p class=""title"">၈။ ဒုဋ္ဌဒေါသသိက္ခာပဒံ</p>
<p class=""bodytext""><a name=""para380""></a><a name=""para380_vin1""></a><span class=""paranum"">၃၈၀</span>။ <span class=""note"">[ဣဒံ ဝတ္ထု စူဠဝ။ ၁၈၉]</span> တေန <a name=""T1.0367""></a><a name=""P3.0158""></a> သမယေန ဗုဒ္ဓေါ ဘဂဝါ ရာဇဂဟေ ဝိဟရတိ ဝေဠုဝနေ ကလန္ဒကနိဝါပေ။ တေန ခေါ ပန သမယေန အာယသ္မတာ ဒဗ္ဗေန မလ္လပုတ္တေန ဇာတိယာ သတ္တဝဿေန အရဟတ္တံ သစ္ဆိကတံ ဟောတိ။ ယံ ကိဉ္စိ <span class=""note"">[ယဉ္စ ကိဉ္စိ (သီ။ က။)]</span> သာဝကေန ပတ္တဗ္ဗံ သဗ္ဗံ တေန အနုပ္ပတ္တံ ဟောတိ။ နတ္ထိ စဿ ကိဉ္စိ ဥတ္တရိ ကရဏီယံ, ကတဿ ဝါ ပတိစယော။ အထ ခေါ အာယသ္မတော ဒဗ္ဗဿ မလ္လပုတ္တဿ ရဟောဂတဿ ပဋိသလ္လီနဿ ဧဝံ စေတသော ပရိဝိတက္ကော ဥဒပါဒိ – ‘‘မယာ ခေါ ဇာတိယာ သတ္တဝဿေန အရဟတ္တံ သစ္ဆိကတံ။ ယံ ကိဉ္စိ သာဝကေန ပတ္တဗ္ဗံ သဗ္ဗံ မယာ အနုပ္ပတ္တံ။ နတ္ထိ စ မေ ကိဉ္စိ <a name=""V0.0250""></a> ဥတ္တရိ ကရဏီယံ, ကတဿ ဝါ ပတိစယော။ ကိန္နု ခေါ အဟံ သံဃဿ ဝေယျာဝစ္စံ ကရေယျ’’န္တိ?</p>
<p class=""bodytext"">အထ ခေါ အာယသ္မတော ဒဗ္ဗဿ မလ္လပုတ္တဿ ဧတဒဟောသိ – ‘‘ယံနူနာဟံ သံဃဿ သေနာသနဉ္စ ပညပေယျံ ဘတ္တာနိ စ ဥဒ္ဒိသေယျ’’န္တိ။ အထ ခေါ</p>
",-378-379-380-
244,mula_vi_01,244,"<p class=""noindentbodytext""> အာယသ္မာ<a name=""M0.0244""></a> ဒဗ္ဗော မလ္လပုတ္တော သာယနှသမယံ ပဋိသလ္လာနာ ဝုဋ္ဌိတော ယေန ဘဂဝါ တေနုပသင်္ကမိ၊ ဥပသင်္ကမိတွာ ဘဂဝန္တံ အဘိဝါဒေတွာ ဧကမန္တံ နိသီဒိ။ ဧကမန္တံ နိသိန္နော ခေါ အာယသ္မာ ဒဗ္ဗော မလ္လပုတ္တော ဘဂဝန္တံ ဧတဒဝေါစ – ‘‘ဣဓ မယှံ, ဘန္တေ, ရဟောဂတဿ ပဋိသလ္လီနဿ ဧဝံ စေတသော ပရိဝိတက္ကော ဥဒပါဒိ မယာ ခေါ ဇာတိယာ သတ္တဝဿေန အရဟတ္တံ သစ္ဆိကတံ, ယံ ကိဉ္စိ သာဝကေန ပတ္တဗ္ဗံ, သဗ္ဗံ မယာ အနုပတ္တံ, နတ္ထိ <a name=""T1.0368""></a> စ မေ ကိဉ္စိ ဥတ္တရိ ကရဏီယံ, ကတဿ ဝါ ပတိစယော, ကိံ နု ခေါ အဟံ သံဃဿ ဝေယျာဝစ္စံ ကရေယျ’’န္တိ။ တဿ မယှံ ဘန္တေ, ဧတဒဟောသိ ယံနူနာဟံ ‘‘သံဃဿ သေနာသနဉ္စ ပညပေယျံ ဘတ္တာနိ စ ဥဒ္ဒိသေယျန္တိ။ ဣစ္ဆာမဟံ, ဘန္တေ, သံဃဿ သေနာသနဉ္စ ပညပေတုံ ဘတ္တာနိ စ ဥဒ္ဒိသိတု’’န္တိ။ ‘‘သာဓု သာဓု, ဒဗ္ဗ။ တေန ဟိ တွံ, ဒဗ္ဗ, သံဃဿ သေနာသနဉ္စ ပညပေဟိ ဘတ္တာနိ စ ဥဒ္ဒိသာ’’တိ။ ‘‘ဧဝံ, ဘန္တေ’’တိ ခေါ အာယသ္မာ ဒဗ္ဗော မလ္လပုတ္တော ဘဂဝတော ပစ္စဿောသိ။ အထ ခေါ ဘဂဝါ ဧတသ္မိံ နိဒါနေ ဧတသ္မိံ ပကရဏေ ဓမ္မိံ ကထံ ကတွာ ဘိက္ခူ အာမန္တေသိ – ‘‘တေန ဟိ, ဘိက္ခဝေ, သံဃော ဒဗ္ဗံ မလ္လပုတ္တံ သေနာသနပညာပကဉ္စ ဘတ္တုဒ္ဒေသကဉ္စ သမ္မန္နတု။ ဧဝဉ္စ ပန, ဘိက္ခဝေ, သမ္မန္နိတဗ္ဗော။ ပဌမံ ဒဗ္ဗော မလ္လပုတ္တော ယာစိတဗ္ဗော။ ယာစိတွာ ဗျတ္တေန ဘိက္ခုနာ ပဋိဗလေန သံဃော ဉာပေတဗ္ဗော –</p>
<p class=""bodytext""><a name=""para381""></a><a name=""para381_vin1""></a><span class=""paranum"">၃၈၁</span>။ ‘‘သုဏာတု မေ, ဘန္တေ, သံဃော။ ယဒိ သံဃဿ ပတ္တကလ္လံ သံဃော အာယသ္မန္တံ ဒဗ္ဗံ မလ္လပုတ္တံ သေနာသနပညာပကဉ္စ ဘတ္တုဒ္ဒေသကဉ္စ <a name=""P3.0159""></a> သမ္မန္နေယျ။ ဧသာ ဉတ္တိ။</p>
<p class=""bodytext"">‘‘သုဏာတု မေ, ဘန္တေ, သံဃော။ သံဃော အာယသ္မန္တံ ဒဗ္ဗံ မလ္လပုတ္တံ သေနာသနပညာပကဉ္စ ဘတ္တုဒ္ဒေသကဉ္စ သမ္မန္နတိ။ ယဿာယသ္မတော ခမတိ အာယသ္မတော ဒဗ္ဗဿ မလ္လပုတ္တဿ သေနာသနပညာပကဿ စ ဘတ္တုဒ္ဒေသကဿ စ သမ္မုတိ, သော တုဏှဿ၊ ယဿ နက္ခမတိ, သော ဘာသေယျ။</p>
<p class=""bodytext"">‘‘သမ္မတော သံဃေန အာယသ္မာ ဒဗ္ဗော မလ္လပုတ္တော သေနာသနပညာပကော စ ဘတ္တုဒ္ဒေသကော စ။ ခမတိ သံဃဿ, တသ္မာ တုဏှီ<a name=""T1.0369""></a>, ဧဝမေတံ ဓာရယာမီ’’တိ။</p>
<p class=""bodytext""><a name=""para382""></a><a name=""para382_vin1""></a><span class=""paranum"">၃၈၂</span>။ သမ္မတော <a name=""V0.0251""></a> စ ပနာယသ္မာ ဒဗ္ဗော မလ္လပုတ္တော သဘာဂါနံ ဘိက္ခူနံ ဧကဇ္ဈံ သေနာသနံ ပညပေတိ။ ယေ တေ ဘိက္ခူ သုတ္တန္တိကာ တေသံ ဧကဇ္ဈံ</p>
",-381-382-
245,mula_vi_01,245,"<p class=""noindentbodytext""> သေနာသနံ<a name=""M0.0245""></a> ပညပေတိ – ‘‘တေ အညမညံ သုတ္တန္တံ သင်္ဂါယိဿန္တီ’’တိ။ ယေ တေ ဘိက္ခူ ဝိနယဓရာ တေသံ ဧကဇ္ဈံ သေနာသနံ ပညပေတိ – ‘‘တေ အညမညံ ဝိနယံ ဝိနိစ္ဆိနိဿန္တီ’’တိ <span class=""note"">[ဝိနိစ္ဆိဿန္တီတိ (က။)]</span>။ ယေ တေ ဘိက္ခူ ဓမ္မကထိကာ တေသံ ဧကဇ္ဈံ သေနာသနံ ပညပေတိ – ‘‘တေ အညမညံ ဓမ္မံ သာကစ္ဆိဿန္တီ’’တိ။ ယေ တေ ဘိက္ခူ ဈာယိနော တေသံ ဧကဇ္ဈံ သေနာသနံ ပညပေတိ – ‘‘တေ အညမညံ န ဗျာဗာဓိဿန္တီ’’တိ <span class=""note"">[န ဗျာဗာဟိဿန္တီတိ (က။)]</span>။ ယေ တေ ဘိက္ခူ တိရစ္ဆာနကထိကာ ကာယဒဠှိဗဟုလာ <span class=""note"">[ကာယဒဍ္ဎိဗဟုလာ (သီ။)]</span> ဝိဟရန္တိ တေသမ္ပိ ဧကဇ္ဈံ သေနာသနံ ပညပေတိ – ‘‘ဣမာယပိမေ အာယသ္မန္တော ရတိယာ အစ္ဆိဿန္တီ’’တိ။ ယေပိ တေ ဘိက္ခူ ဝိကာလေ အာဂစ္ဆန္တိ တေသမ္ပိ တေဇောဓာတုံ သမာပဇ္ဇိတွာ တေနေဝ အာလောကေန သေနာသနံ ပညပေတိ။ အပိသု ဘိက္ခူ သဉ္စိစ္စ ဝိကာလေ အာဂစ္ဆန္တိ – ‘‘မယံ အာယသ္မတော ဒဗ္ဗဿ မလ္လပုတ္တဿ ဣဒ္ဓိပါဋိဟာရိယံ ပဿိဿာမာ’’တိ။</p>
<p class=""bodytext"">တေ အာယသ္မန္တံ ဒဗ္ဗံ မလ္လပုတ္တံ ဥပသင်္ကမိတွာ ဧဝံ ဝဒန္တိ – ‘‘အမှာကံ, အာဝုသော ဒဗ္ဗ, သေနာသနံ ပညပေဟီ’’တိ။ တေ အာယသ္မာ ဒဗ္ဗော မလ္လပုတ္တော ဧဝံ ဝဒေတိ – ‘‘ကတ္ထာယသ္မန္တာ <a name=""T1.0370""></a> ဣစ္ဆန္တိ, ကတ္ထ ပညပေမီ’’တိ? တေ သဉ္စိစ္စ ဒူရေ အပဒိသန္တိ – ‘‘အမှာကံ, အာဝုသော ဒဗ္ဗ, ဂိဇ္ဈကူဋေ ပဗ္ဗတေ သေနာသနံ ပညပေဟိ။ အမှာကံ, အာဝုသော, စောရပပါတေ သေနာသနံ ပညပေဟိ။ အမှာကံ, အာဝုသော, ဣသိဂိလိပဿေ ကာဠသိလာယံ သေနာသနံ ပညပေဟိ။ အမှာကံ, အာဝုသော, ဝေဘာရပဿေ သတ္တပဏ္ဏိဂုဟာယံ သေနာသနံ ပညပေဟိ။ အမှာကံ, အာဝုသော, သီတဝနေ သပ္ပသောဏ္ဍိကပဗ္ဘာရေ သေနာသနံ ပညပေဟိ။ အမှာကံ, အာဝုသော, ဂေါတမကကန္ဒရာယံ သေနာသနံ ပညပေဟိ။ အမှာကံ, အာဝုသော, တိန္ဒုကကန္ဒရာယံ သေနာသနံ ပညပေဟိ။ အမှာကံ, အာဝုသော, တပေါဒကန္ဒရာယံ သေနာသနံ ပညပေဟိ။ အမှာကံ, အာဝုသော, တပေါဒါရာမေ သေနာသနံ ပညပေဟိ။ အမှာကံ, အာဝုသော, ဇီဝကမ္ဗဝနေ <a name=""P3.0160""></a> သေနာသနံ ပညပေဟိ။ အမှာကံ, အာဝုသော, မဒ္ဒကုစ္ဆိသ္မိံ မိဂဒါယေ သေနာသနံ ပညပေဟီ’’တိ။</p>
<p class=""bodytext"">တေသံ အာယသ္မာ ဒဗ္ဗော မလ္လပုတ္တော တေဇောဓာတုံ သမာပဇ္ဇိတွာ အင်္ဂုလိယာ ဇလမာနာယ ပုရတော ပုရတော ဂစ္ဆတိ။ တေပိ တေနေဝ အာလောကေန အာယသ္မတော ဒဗ္ဗဿ မလ္လပုတ္တဿ ပိဋ္ဌိတော ပိဋ္ဌိတော ဂစ္ဆန္တိ။ တေသံ အာယသ္မာ ဒဗ္ဗော မလ္လပုတ္တော ဧဝံ သေနာသနံ ပညပေတိ – ‘‘အယံ မဉ္စော, ဣဒံ ပီဌံ, အယံ ဘိသိ, ဣဒံ ဗိမ္ဗောဟနံ, ဣဒံ ဝစ္စဋ္ဌာနံ, ဣဒံ</p>
",
246,mula_vi_01,246,"<p class=""noindentbodytext""> ပဿာဝဋ္ဌာနံ<a name=""M0.0246""></a>, ဣဒံ ပါနီယံ, ဣဒံ ပရိဘောဇနီယံ, အယံ <a name=""T1.0371""></a> ကတ္တရဒဏ္ဍော, ဣဒံ သံဃဿ ကတိကသဏ္ဌာနံ, ဣမံ ကာလံ ပဝိသိတဗ္ဗံ, ဣမံ ကာလံ <a name=""V0.0252""></a> နိက္ခမိတဗ္ဗ’’န္တိ။ တေသံ အာယသ္မာ ဒဗ္ဗော မလ္လပုတ္တော ဧဝံ သေနာသနံ ပညပေတွာ ပုနဒေဝ ဝေဠုဝနံ ပစ္စာဂစ္ဆတိ။</p>
<p class=""bodytext""><a name=""para383""></a><a name=""para383_vin1""></a><span class=""paranum"">၃၈၃</span>။ တေန ခေါ ပန သမယေန မေတ္တိယဘူမဇကာ <span class=""note"">[ဘုမ္မဇကာ (သီ။ သျာ။)]</span> ဘိက္ခူ နဝကာ စေဝ ဟောန္တိ အပ္ပပုညာ စ။ ယာနိ သံဃဿ လာမကာနိ သေနာသနာနိ တာနိ တေသံ ပါပုဏန္တိ လာမကာနိ စ ဘတ္တာနိ။ တေန ခေါ ပန သမယေန ရာဇဂဟေ မနုဿာ ဣစ္ဆန္တိ ထေရာနံ ဘိက္ခူနံ အဘိသင်္ခါရိကံ ပိဏ္ဍပါတံ ဒါတုံ သပ္ပိမ္ပိ တေလမ္ပိ ဥတ္တရိဘင်္ဂမ္ပိ။ မေတ္တိယဘူမဇကာနံ ပန ဘိက္ခူနံ ပါကတိကံ ဒေန္တိ ယထာရန္ဓံ ကဏာဇကံ ဗိလင်္ဂဒုတိယံ။ တေ ပစ္ဆာဘတ္တံ ပိဏ္ဍပါတပ္ပဋိက္ကန္တာ ထေရေ ဘိက္ခူ ပုစ္ဆန္တိ – ‘‘တုမှာကံ, အာဝုသော, ဘတ္တဂ္ဂေ ကိံ အဟောသိ? တုမှာကံ, အာဝုသော, ဘတ္တဂ္ဂေ ကိံ အဟောသီ’’တိ? ဧကစ္စေ ထေရာ ဧဝံ ဝဒန္တိ – ‘‘အမှာကံ, အာဝုသော, သပ္ပိ အဟောသိ တေလံ အဟောသိ ဥတ္တရိဘင်္ဂံ အဟောသီ’’တိ။ မေတ္တိယဘူမဇကာ ပန ဘိက္ခူ ဧဝံ ဝဒန္တိ – ‘‘အမှာကံ, အာဝုသော, န ကိဉ္စိ အဟောသိ, ပါကတိကံ ယထာရန္ဓံ ကဏာဇကံ ဗိလင်္ဂဒုတိယ’’န္တိ။</p>
<p class=""bodytext"">တေန ခေါ ပန သမယေန ကလျာဏဘတ္တိကော ဂဟပတိ သံဃဿ စတုက္ကဘတ္တံ ဒေတိ နိစ္စဘတ္တံ။ သော ဘတ္တဂ္ဂေ သပုတ္တဒါရော ဥပတိဋ္ဌိတွာ ပရိဝိသတိ<a name=""T1.0372""></a>။ အညေ ဩဒနေန ပုစ္ဆန္တိ, အညေ သူပေန ပုစ္ဆန္တိ, အညေ တေလေန ပုစ္ဆန္တိ, အညေ ဥတ္တရိဘင်္ဂေန ပုစ္ဆန္တိ။ တေန ခေါ ပန သမယေန ကလျာဏဘတ္တိကဿ ဂဟပတိနော ဘတ္တံ သွာတနာယ မေတ္တိယဘူမဇကာနံ ဘိက္ခူနံ ဥဒ္ဒိဋ္ဌံ ဟောတိ။ အထ ခေါ ကလျာဏဘတ္တိကော ဂဟပတိ အာရာမံ အဂမာသိ ကေနစိဒေဝ ကရဏီယေန။ သော ယေနာယသ္မာ ဒဗ္ဗော မလ္လပုတ္တော တေနုပသင်္ကမိ၊ ဥပသင်္ကမိတွာ အာယသ္မန္တံ ဒဗ္ဗံ မလ္လပုတ္တံ အဘိဝါဒေတွာ ဧကမန္တံ နိသီဒိ။ ဧကမန္တံ နိသိန္နံ ခေါ ကလျာဏဘတ္တိကံ ဂဟပတိံ <a name=""P3.0161""></a> အာယသ္မာ ဒဗ္ဗော မလ္လပုတ္တော ဓမ္မိယာ ကထာယ သန္ဒဿေသိ သမာဒပေသိ သမုတ္တေဇေသိ သမ္ပဟံသေသိ။ အထ ခေါ ကလျာဏဘတ္တိကော ဂဟပတိ အာယသ္မတာ ဒဗ္ဗေန မလ္လပုတ္တေန ဓမ္မိယာ ကထာယ သန္ဒဿိတော သမာဒပိတော သမုတ္တေဇိတော သမ္ပဟံသိတော အာယသ္မန္တံ ဒဗ္ဗံ မလ္လပုတ္တံ ဧတဒဝေါစ – ‘‘ကဿ, ဘန္တေ, အမှာကံ ဃရေ သွာတနာယ ဘတ္တံ ဥဒ္ဒိဋ္ဌ’’န္တိ? ‘‘မေတ္တိယဘူမဇကာနံ ခေါ, ဂဟပတိ, ဘိက္ခူနံ</p>
",-383-
247,mula_vi_01,247,"<p class=""noindentbodytext""> တုမှာကံ<a name=""M0.0247""></a> ဃရေ သွာတနာယ ဘတ္တံ ဥဒ္ဒိဋ္ဌ’’န္တိ။ အထ ခေါ ကလျာဏဘတ္တိကော ဂဟပတိ အနတ္တမနော အဟောသိ – ‘‘ကထဉှိ နာမ ပါပဘိက္ခူ အမှာကံ ဃရေ ဘုဉ္ဇိဿန္တီ’’တိ! ဃရံ ဂန္တွာ ဒါသိံ အာဏာပေသိ – ‘‘ယေ, ဇေ, သွေ ဘတ္တိကာ အာဂစ္ဆန္တိ တေ ကောဋ္ဌကေ အာသနံ ပညပေတွာ ကဏာဇကေန ဗိလင်္ဂဒုတိယေန ပရိဝိသာ’’တိ။ ‘‘ဧဝံ အယျာ’’တိ ခေါ သာ ဒါသီ ကလျာဏဘတ္တိကဿ ဂဟပတိနော ပစ္စဿောသိ။</p>
<p class=""bodytext"">အထ <a name=""V0.0253""></a> ခေါ မေတ္တိယဘူမဇကာ ဘိက္ခူ – ‘‘ဟိယျော ခေါ, အာဝုသော, အမှာကံ ကလျာဏဘတ္တိကဿ ဂဟပတိနော ဃရေ <a name=""T1.0373""></a> ဘတ္တံ ဥဒ္ဒိဋ္ဌံ, သွေ အမှေ ကလျာဏဘတ္တိကော ဂဟပတိ သပုတ္တဒါရော ဥပတိဋ္ဌိတွာ ပရိဝိသိဿတိ၊ အညေ ဩဒနေန ပုစ္ဆိဿန္တိ, အညေ သူပေန ပုစ္ဆိဿန္တိ, အညေ တေလေန ပုစ္ဆိဿန္တိ, အညေ ဥတ္တရိဘင်္ဂေန ပုစ္ဆိဿန္တီ’’တိ။ တေ တေနေဝ သောမနဿေန န စိတ္တရူပံ ရတ္တိယာ သုပိံသု။ အထ ခေါ မေတ္တိယဘူမဇကာ ဘိက္ခူ ပုဗ္ဗဏှသမယံ နိဝါသေတွာ ပတ္တစီဝရံ အာဒါယ ယေန ကလျာဏဘတ္တိကဿ ဂဟပတိနော နိဝေသနံ တေနုပသင်္ကမိံသု။ အဒ္ဒသာ ခေါ သာ ဒါသီ မေတ္တိယဘူမဇကေ ဘိက္ခူ ဒူရတောဝ အာဂစ္ဆန္တေ။ ဒိသွာန ကောဋ္ဌကေ အာသနံ ပညပေတွာ မေတ္တိယဘူမဇကေ ဘိက္ခူ ဧတဒဝေါစ – ‘‘နိသီဒထ, ဘန္တေ’’တိ။ အထ ခေါ မေတ္တိယဘူမဇကာနံ ဘိက္ခူနံ ဧတဒဟောသိ – ‘‘နိဿံသယံ ခေါ န တာဝ ဘတ္တံ သိဒ္ဓံ ဘဝိဿတိ! ယထာ <span class=""note"">[ယာဝ (သီ။)]</span> မယံ ကောဋ္ဌကေ နိသီဒေယျာမာ’’တိ <span class=""note"">[နိသီဒါပီယေယျာမာတိ (သီ။), နိသီဒါပီယာမာတိ (သျာ။)]</span>။ အထ ခေါ သာ ဒါသီ ကဏာဇကေန ဗိလင်္ဂဒုတိယေန ဥပဂစ္ဆိ – ‘‘ဘုဉ္ဇထ, ဘန္တေ’’တိ။ ‘‘မယံ ခေါ, ဘဂိနိ, နိစ္စဘတ္တိကာ’’တိ။ ‘‘ဇာနာမိ အယျာ နိစ္စဘတ္တိကာတ္ထ။ အပိစာဟံ ဟိယျောဝ ဂဟပတိနာ အာဏတ္တာ – ‘ယေ, ဇေ, သွေ ဘတ္တိကာ အာဂစ္ဆန္တိ တေ ကောဋ္ဌကေ အာသနံ ပညပေတွာ ကဏာဇကေန ဗိလင်္ဂဒုတိယေန ပရိဝိသာ’တိ။ ဘုဉ္ဇထ, ဘန္တေ’’တိ။ အထ ခေါ မေတ္တိယဘူမဇကာ ဘိက္ခူ – ‘‘ဟိယျော ခေါ, အာဝုသော, ကလျာဏဘတ္တိကော ဂဟပတိ အာရာမံ အဂမာသိ ဒဗ္ဗဿ မလ္လပုတ္တဿ သန္တိကေ။ နိဿံသယံ ခေါ မယံ ဒဗ္ဗေန မလ္လပုတ္တေန ဂဟပတိနော အန္တရေ <span class=""note"">[သန္တိကေ (သျာ။ ကံ။ က။)]</span> ပရိဘိန္နာ’’တိ။ တေ တေနေဝ ဒေါမနဿေန <a name=""T1.0374""></a> န စိတ္တရူပံ ဘုဉ္ဇိံသု။ အထ ခေါ မေတ္တိယဘူမဇကာ ဘိက္ခူ ပစ္ဆာဘတ္တံ <a name=""P3.0162""></a> ပိဏ္ဍပါတပ္ပဋိက္ကန္တာ အာရာမံ ဂန္တွာ ပတ္တစီဝရံ ပဋိသာမေတွာ ဗဟာရာမကောဋ္ဌကေ သံဃာဋိပလ္လတ္ထိကာယ နိသီဒိံသု တုဏှီဘူတာ မင်္ကုဘူတာ ပတ္တက္ခန္ဓာ အဓောမုခါ ပဇ္ဈာယန္တာ အပ္ပဋိဘာနာ။</p>
",
248,mula_vi_01,248,"<p class=""bodytext"">အထ <a name=""M0.0248""></a> ခေါ မေတ္တိယာ ဘိက္ခုနီ ယေန မေတ္တိယဘူမဇကာ ဘိက္ခူ တေနုပသင်္ကမိ၊ ဥပသင်္ကမိတွာ မေတ္တိယဘူမဇကေ ဘိက္ခူ ဧတဒဝေါစ – ‘‘ဝန္ဒာမိ, အယျာ’’တိ။ ဧဝံ ဝုတ္တေ မေတ္တိယဘူမဇကာ ဘိက္ခူ နာလပိံသု။ ဒုတိယမ္ပိ ခေါ…ပေ… တတိယမ္ပိ ခေါ မေတ္တိယာ ဘိက္ခုနီ မေတ္တိယဘူမဇကေ ဘိက္ခူ ဧတဒဝေါစ – ‘‘ဝန္ဒာမိ, အယျာ’’တိ။ တတိယမ္ပိ ခေါ မေတ္တိယဘူမဇကာ ဘိက္ခူ နာလပိံသု။ ‘‘ကျာဟံ အယျာနံ အပရဇ္ဈာမိ? ကိဿ မံ အယျာ နာလပန္တီ’’တိ? ‘‘တထာ ဟိ ပန တွံ, ဘဂိနိ, အမှေ ဒဗ္ဗေန မလ္လပုတ္တေန ဝိဟေဌီယမာနေ အဇ္ဈုပေက္ခသီ’’တိ? ‘‘ကျာဟံ, အယျာ, ကရောမီ’’တိ? ‘‘သစေ ခေါ တွံ, ဘဂိနိ, ဣစ္ဆေယျာသိ အဇ္ဇေဝ ဘဂဝါ ဒဗ္ဗံ မလ္လပုတ္တံ နာသာပေယျာ’’တိ။ ‘‘ကျာဟံ, အယျာ, ကရောမိ, ကိံ မယာ သက္ကာ ကာတု’’န္တိ? ‘‘ဧဟိ တွံ, ဘဂိနိ, ယေန ဘဂဝါ တေနုပသင်္ကမ၊ ဥပသင်္ကမိတွာ ဘဂဝန္တံ ဧဝံ ဝဒေဟိ – ‘ဣဒံ, ဘန္တေ, နစ္ဆန္နံ နပ္ပတိရူပံ။ <a name=""V0.0254""></a> ယာယံ, ဘန္တေ, ဒိသာ အဘယာ အနီတိကာ အနုပဒ္ဒဝါ သာယံ ဒိသာ သဘယာ သဤတိကာ သဥပဒ္ဒဝါ။ ယတော နိဝါတံ တတော သဝါတံ <span class=""note"">[ပဝါတံ (သီ။ သျာ။)]</span>။ ဥဒကံ မညေ အာဒိတ္တံ။ အယျေနမှိ ဒဗ္ဗေန မလ္လပုတ္တေန ဒူသိတာ’’’တိ။ ‘‘ဧဝံ, အယျာ’’တိ ခေါ မေတ္တိယာ ဘိက္ခုနီ မေတ္တိယဘူမဇကာနံ ဘိက္ခူနံ ပဋိဿုတွာ ယေန ဘဂဝါ တေနုပသင်္ကမိ၊ ဥပသင်္ကမိတွာ ဘဂဝန္တံ အဘိဝါဒေတွာ <a name=""T1.0375""></a> ဧကမန္တံ အဋ္ဌာသိ။ ဧကမန္တံ ဌိတာ ခေါ မေတ္တိယာ ဘိက္ခုနီ ဘဂဝန္တံ ဧတဒဝေါစ – ‘‘ဣဒံ, ဘန္တေ, နစ္ဆန္နံ နပ္ပတိရူပံ။ ယာယံ, ဘန္တေ, ဒိသာ အဘယာ အနီတိကာ အနုပဒ္ဒဝါ သာယံ ဒိသာ သဘယာ သဤတိကာ သဥပဒ္ဒဝါ။ ယတော နိဝါတံ တတော သဝါတံ။ ဥဒကံ မညေ အာဒိတ္တံ! အယျေနမှိ ဒဗ္ဗေန မလ္လပုတ္တေန ဒူသိတာ’’တိ။</p>
<p class=""bodytext""><a name=""para384""></a><a name=""para384_vin1""></a><span class=""paranum"">၃၈၄</span>။ အထ ခေါ ဘဂဝါ ဧတသ္မိံ နိဒါနေ ဧတသ္မိံ ပကရဏေ ဘိက္ခုသံဃံ သန္နိပါတာပေတွာ အာယသ္မန္တံ ဒဗ္ဗံ မလ္လပုတ္တံ ပဋိပုစ္ဆိ – ‘‘သရသိ တွံ, ဒဗ္ဗ, ဧဝရူပံ ကတ္တာ ယထာယံ ဘိက္ခုနီ အာဟာ’’တိ? ‘‘ယထာ မံ, ဘန္တေ, ဘဂဝါ ဇာနာတီ’’တိ။ ဒုတိယမ္ပိ ခေါ ဘဂဝါ…ပေ… တတိယမ္ပိ ခေါ ဘဂဝါ အာယသ္မန္တံ ဒဗ္ဗံ မလ္လပုတ္တံ ဧတဒဝေါစ – ‘‘သရသိ တွံ, ဒဗ္ဗ, ဧဝရူပံ ကတ္တာ ယထာယံ ဘိက္ခုနီ အာဟာ’’တိ? ‘‘ယထာ မံ, ဘန္တေ, ဘဂဝါ ဇာနာတီ’’တိ။ ‘‘န ခေါ, ဒဗ္ဗ, ဒဗ္ဗာ ဧဝံ နိဗ္ဗေဌေန္တိ။ သစေ တယာ ကတံ ကတန္တိ ဝဒေဟိ, သစေ တယာ အကတံ အကတန္တိ ဝဒေဟီ’’တိ။ ‘‘ယတော အဟံ, ဘန္တေ, ဇာတော နာဘိဇာနာမိ သုပိနန္တေနပိ မေထုနံ ဓမ္မံ ပဋိသေဝိတာ, ပဂေဝ ဇာဂရော’’တိ!</p>
",-384-
249,mula_vi_01,249,"<p class=""noindentbodytext""> အထ<a name=""M0.0249""></a> ခေါ ဘဂဝါ ဘိက္ခူ အာမန္တေသိ – ‘‘တေန ဟိ, ဘိက္ခဝေ, မေတ္တိယံ ဘိက္ခုနိံ နာသေထ<a name=""P3.0163""></a>။ ဣမေ စ ဘိက္ခူ အနုယုဉ္ဇထာ’’တိ။ ဣဒံ ဝတွာ ဘဂဝါ ဥဋ္ဌာယာသနာ ဝိဟာရံ ပါဝိသိ။</p>
<p class=""bodytext"">အထ ခေါ တေ ဘိက္ခူ မေတ္တိယံ ဘိက္ခုနိံ နာသေသုံ။ အထ ခေါ မေတ္တိယဘူမဇကာ ဘိက္ခူ တေ ဘိက္ခူ ဧတဒဝေါစုံ – ‘‘မာဝုသော, မေတ္တိယံ ဘိက္ခုနိံ နာသေထ။ န သာ ကိဉ္စိ အပရဇ္ဈတိ။ အမှေဟိ သာ ဥဿာဟိတာ ကုပိတေဟိ အနတ္တမနေဟိ စာဝနာဓိပ္ပါယေဟီ’’တိ။ ‘‘ကိံ <a name=""T1.0376""></a> ပန တုမှေ, အာဝုသော, အာယသ္မန္တံ ဒဗ္ဗံ မလ္လပုတ္တံ အမူလကေန ပါရာဇိကေန ဓမ္မေန အနုဒ္ဓံသေထာ’’တိ? ‘‘ဧဝမာဝုသော’’တိ။ ယေ တေ ဘိက္ခူ အပ္ပိစ္ဆာ…ပေ… တေ ဥဇ္ဈာယန္တိ ခိယျန္တိ ဝိပါစေန္တိ – ‘‘ကထဉှိ နာမ မေတ္တိယဘူမဇကာ ဘိက္ခူ အာယသ္မန္တံ ဒဗ္ဗံ မလ္လပုတ္တံ အမူလကေန ပါရာဇိကေန ဓမ္မေန အနုဒ္ဓံသေဿန္တီ’’တိ! အထ ခေါ တေ ဘိက္ခူ မေတ္တိယဘူမဇကေ ဘိက္ခူ အနေကပရိယာယေန ဝိဂရဟိတွာ ဘဂဝတော ဧတမတ္ထံ အာရောစေသုံ…ပေ… ‘‘သစ္စံ ကိရ တုမှေ, ဘိက္ခဝေ, ဒဗ္ဗံ မလ္လပုတ္တံ အမူလကေန ပါရာဇိကေန ဓမ္မေန အနုဒ္ဓံသေထာ’’တိ? ‘‘သစ္စံ, ဘဂဝါ’’တိ။ ဝိဂရဟိ ဗုဒ္ဓေါ <a name=""V0.0255""></a> ဘဂဝါ…ပေ… ‘‘ကထဉှိ နာမ တုမှေ, မောဃပုရိသာ, ဒဗ္ဗံ မလ္လပုတ္တံ အမူလကေန ပါရာဇိကေန ဓမ္မေန အနုဒ္ဓံသေဿထ! နေတံ, မောဃပုရိသာ, အပ္ပသန္နာနံ ဝါ ပသာဒါယ…ပေ… ဧဝဉ္စ ပန, ဘိက္ခဝေ, ဣမံ သိက္ခာပဒံ ဥဒ္ဒိသေယျာထ –</p>
<p class=""bodytext""><a name=""para385""></a><a name=""para385_vin1""></a><span class=""paranum"">၃၈၅</span>။ <span class=""bld"">ယော ပန ဘိက္ခု ဘိက္ခုံ ဒုဋ္ဌော ဒေါသော အပ္ပတီတော အမူလကေန ပါရာဇိကေန ဓမ္မေန အနုဒ္ဓံသေယျ – ‘အပ္ပေဝ နာမ နံ ဣမမှာ ဗြဟ္မစရိယာ စာဝေယျ’န္တိ, တတော အပရေန သမယေန သမနုဂ္ဂါဟီယမာနော ဝါ အသမနုဂ္ဂါဟီယမာနော ဝါ အမူလကဉ္စေဝ တံ အဓိကရဏံ ဟောတိ ဘိက္ခု စ ဒေါသံ ပတိဋ္ဌာတိ, သံဃာဒိသေသော’’</span>တိ။</p>
<p class=""bodytext""><a name=""para386""></a><a name=""para386_vin1""></a><span class=""paranum"">၃၈၆</span>။ <span class=""bld"">ယော ပနာ</span>တိ ယော ယာဒိသော…ပေ… <span class=""bld"">ဘိက္ခူ</span>တိ…ပေ… အယံ ဣမသ္မိံ အတ္ထေ အဓိပ္ပေတော ဘိက္ခူတိ။</p>
<p class=""bodytext""><span class=""bld"">ဘိက္ခု</span>န္တိ အညံ ဘိက္ခုံ။</p>
<p class=""bodytext""><span class=""bld"">ဒုဋ္ဌော ဒေါသော</span>တိ ကုပိတော အနတ္တမနော အနဘိရဒ္ဓေါ အာဟတစိတ္တော ခိလဇာတော။</p>
<p class=""bodytext""><span class=""bld"">အပ္ပတီတော</span>တိ <a name=""T1.0377""></a> တေန စ ကောပေန တေန စ ဒေါသေန တာယ စ အနတ္တမနတာယ တာယ စ အနဘိရဒ္ဓိယာ အပ္ပတီတော ဟောတိ။</p>
",-385-386-
250,mula_vi_01,250,"<p class=""bodytext""><span class=""bld"">အမူလကံ</span> <a name=""M0.0250""></a> နာမ အဒိဋ္ဌံ အသုတံ အပရိသင်္ကိတံ။</p>
<p class=""bodytext""><span class=""bld"">ပါရာဇိကေန ဓမ္မေနာ</span>တိ စတုန္နံ အညတရေန။</p>
<p class=""bodytext""><span class=""bld"">အနုဒ္ဓံသေယျာ</span>တိ စောဒေတိ ဝါ စောဒါပေတိ ဝါ။</p>
<p class=""bodytext""><span class=""bld"">အပ္ပေဝ နာမ နံ ဣမမှာ ဗြဟ္မစရိယာ စာဝေယျ</span>န္တိ ဘိက္ခုဘာဝါ <a name=""P3.0164""></a> စာဝေယျံ, သမဏဓမ္မာ စာဝေယျံ, သီလက္ခန္ဓာ စာဝေယျံ, တပေါဂုဏာ စာဝေယျံ။</p>
<p class=""bodytext""><span class=""bld"">တတော</span> <a name=""V0.0256""></a> <span class=""bld"">အပရေန သမယေနာ</span>တိ ယသ္မိံ ခဏေ အနုဒ္ဓံသိတော ဟောတိ တံ ခဏံ တံ လယံ တံ မုဟုတ္တံ ဝီတိဝတ္တေ။</p>
<p class=""bodytext""><span class=""bld"">သမနုဂ္ဂါဟီယမာနော</span>တိ ယေန ဝတ္ထုနာ အနုဒ္ဓံသိတော ဟောတိ တသ္မိံ ဝတ္ထုသ္မိံ သမနုဂ္ဂါဟီယမာနော။</p>
<p class=""bodytext""><span class=""bld"">အသမနုဂ္ဂါဟီယမာနော</span>တိ န ကေနစိ ဝုစ္စမာနော။</p>
<p class=""bodytext""><span class=""bld"">အဓိကရဏံ</span> နာမ စတ္တာရိ အဓိကရဏာနိ – ဝိဝါဒါဓိကရဏံ, အနုဝါဒါဓိကရဏံ, အာပတ္တာဓိကရဏံ, ကိစ္စာဓိကရဏံ။</p>
<p class=""bodytext""><span class=""bld"">ဘိက္ခု စ ဒေါသံ ပတိဋ္ဌာတီ</span>တိ တုစ္ဆကံ မယာ ဘဏိတံ, မုသာ မယာ ဘဏိတံ, အဘူတံ မယာ ဘဏိတံ, အဇာနန္တေန မယာ ဘဏိတံ။</p>
<p class=""bodytext""><span class=""bld"">သံဃာဒိသေသော</span>တိ…ပေ… တေနပိ ဝုစ္စတိ သံဃာဒိသေသောတိ။</p>
<p class=""bodytext""><a name=""para387""></a><a name=""para387_vin1""></a><span class=""paranum"">၃၈၇</span>။ အဒိဋ္ဌဿ ဟောတိ ပါရာဇိကံ ဓမ္မံ အဇ္ဈာပဇ္ဇန္တော။ တဉ္စေ စောဒေတိ – ‘‘ဒိဋ္ဌော မယာ, ပါရာဇိကံ ဓမ္မံ အဇ္ဈာပန္နောသိ, အဿမဏောသိ, အသကျပုတ္တိယောသိ, နတ္ထိ တယာ သဒ္ဓိံ ဥပေါသထော ဝါ ပဝါရဏာ ဝါ သံဃကမ္မံ ဝါ’’တိ, အာပတ္တိ ဝါစာယ, ဝါစာယ သံဃာဒိသေသဿ။</p>
<p class=""bodytext"">အသုတဿ ဟောတိ – ‘‘ပါရာဇိကံ ဓမ္မံ အဇ္ဈာပန္နော’’တိ။ တဉ္စေ စောဒေတိ – ‘‘သုတော မယာ, ပါရာဇိကံ <a name=""T1.0378""></a> ဓမ္မံ အဇ္ဈာပန္နောသိ, အဿမဏောသိ, အသကျပုတ္တိယောသိ, နတ္ထိ တယာ သဒ္ဓိံ ဥပေါသထော ဝါ ပဝါရဏာ ဝါ သံဃကမ္မံ ဝါ’’တိ, အာပတ္တိ ဝါစာယ, ဝါစာယ သံဃာဒိသေသဿ။</p>
<p class=""bodytext"">အပရိသင်္ကိတဿ ဟောတိ – ‘‘ပါရာဇိကံ ဓမ္မံ အဇ္ဈာပန္နော’’တိ။ တဉ္စေ စောဒေတိ – ‘‘ပရိသင်္ကိတော မယာ, ပါရာဇိကံ ဓမ္မံ အဇ္ဈာပန္နောသိ, အဿမဏောသိ, အသကျပုတ္တိယောသိ, နတ္ထိ တယာ သဒ္ဓိံ ဥပေါသထော ဝါ ပဝါရဏာ ဝါ သံဃကမ္မံ ဝါ’’တိ, အာပတ္တိ ဝါစာယ, ဝါစာယ သံဃာဒိသေသဿ။</p>
",-387-
251,mula_vi_01,251,"<p class=""bodytext"">အဒိဋ္ဌဿ <a name=""M0.0251""></a><a name=""V0.0257""></a> ဟောတိ ပါရာဇိကံ ဓမ္မံ အဇ္ဈာပဇ္ဇန္တော။ တဉ္စေ စောဒေတိ – ‘‘ဒိဋ္ဌော မယာ သုတော စ, ပါရာဇိကံ ဓမ္မံ အဇ္ဈာပန္နောသိ, အဿမဏောသိ’’…ပေ… အာပတ္တိ ဝါစာယ, ဝါစာယ သံဃာဒိသေသဿ။</p>
<p class=""bodytext"">အဒိဋ္ဌဿ ဟောတိ ပါရာဇိကံ ဓမ္မံ အဇ္ဈာပဇ္ဇန္တော။ တဉ္စေ စောဒေတိ – ‘‘ဒိဋ္ဌော မယာ ပရိသင်္ကိတော စ, ပါရာဇိကံ ဓမ္မံ အဇ္ဈာပန္နောသိ, အဿမဏောသိ’’…ပေ… အာပတ္တိ ဝါစာယ, ဝါစာယ သံဃာဒိသေသဿ။</p>
<p class=""bodytext"">အဒိဋ္ဌဿ ဟောတိ ပါရာဇိကံ ဓမ္မံ အဇ္ဈာပဇ္ဇန္တော။ တဉ္စေ စောဒေတိ – ‘‘ဒိဋ္ဌော မယာ သုတော စ ပရိသင်္ကိတော စ, ပါရာဇိကံ ဓမ္မံ အဇ္ဈာပန္နောသိ, အဿမဏောသိ’’…ပေ… အာပတ္တိ ဝါစာယ, ဝါစာယ သံဃာဒိသေသဿ။</p>
<p class=""bodytext"">အသုတဿ ဟောတိ – ‘‘ပါရာဇိကံ ဓမ္မံ အဇ္ဈာပန္နော’’တိ။ တဉ္စေ စောဒေတိ – ‘‘သုတော မယာ ပရိသင်္ကိတော စ…ပေ… သုတော မယာ ဒိဋ္ဌော စ…ပေ… <a name=""T1.0379""></a> သုတော မယာ ပရိသင်္ကိတော စ ဒိဋ္ဌော စ, ပါရာဇိကံ ဓမ္မံ အဇ္ဈာပန္နောသိ, အဿမဏောသိ’’…ပေ… အာပတ္တိ ဝါစာယ, ဝါစာယ သံဃာဒိသေသဿ။</p>
<p class=""bodytext"">အပရိသင်္ကိတဿ ဟောတိ – ‘‘ပါရာဇိကံ ဓမ္မံ အဇ္ဈာပန္နော’’တိ။ တဉ္စေ စောဒေတိ – ‘‘ပရိသင်္ကိတော မယာ ဒိဋ္ဌော စ…ပေ… ပရိသင်္ကိတော မယာ သုတော စ…ပေ… ပရိသင်္ကိတော မယာ ဒိဋ္ဌော စ သုတော စ, ပါရာဇိကံ ဓမ္မံ အဇ္ဈာပန္နောသိ, အဿမဏောသိ’’…ပေ… အာပတ္တိ ဝါစာယ, ဝါစာယ သံဃာဒိသေသဿ။</p>
<p class=""bodytext"">ဒိဋ္ဌဿ <a name=""P3.0165""></a> ဟောတိ ပါရာဇိကံ ဓမ္မံ အဇ္ဈာပဇ္ဇန္တော။ တဉ္စေ စောဒေတိ – ‘‘သုတော မယာ ပါရာဇိကံ ဓမ္မံ အဇ္ဈာပန္နောသိ, အဿမဏောသိ’’…ပေ… အာပတ္တိ ဝါစာယ, ဝါစာယ သံဃာဒိသေသဿ။</p>
<p class=""bodytext"">ဒိဋ္ဌဿ ဟောတိ ပါရာဇိကံ ဓမ္မံ အဇ္ဈာပဇ္ဇန္တော။ တဉ္စေ စောဒေတိ – ‘‘ပရိသင်္ကိတော မယာ, ပါရာဇိကံ ဓမ္မံ အဇ္ဈာပန္နောသိ’’…ပေ… ‘‘သုတော မယာ ပရိသင်္ကိတော စ, ပါရာဇိကံ ဓမ္မံ အဇ္ဈာပန္နောသိ, အဿမဏောသိ’’…ပေ… အာပတ္တိ ဝါစာယ, ဝါစာယ သံဃာဒိသေသဿ။</p>
<p class=""bodytext"">သုတဿ <a name=""V0.0258""></a> ဟောတိ – ‘‘ပါရာဇိကံ ဓမ္မံ အဇ္ဈာပန္နော’’တိ။ တဉ္စေ စောဒေတိ – ‘‘ပရိသင်္ကိတော မယာ, ပါရာဇိကံ ဓမ္မံ အဇ္ဈာပန္နောသိ…ပေ… <a name=""T1.0380""></a> ဒိဋ္ဌော မယာ, ပါရာဇိကံ ဓမ္မံ အဇ္ဈာပန္နောသိ…ပေ… ပရိသင်္ကိတော မယာ ဒိဋ္ဌော စ, ပါရာဇိကံ ဓမ္မံ အဇ္ဈာပန္နောသိ, အဿမဏောသိ’’…ပေ… အာပတ္တိ ဝါစာယ, ဝါစာယ သံဃာဒိသေသဿ။</p>
",
252,mula_vi_01,252,"<p class=""bodytext"">ပရိသင်္ကိတဿ <a name=""M0.0252""></a> ဟောတိ – ‘‘ပါရာဇိကံ ဓမ္မံ အဇ္ဈာပန္နော’’တိ။ တဉ္စေ စောဒေတိ – ‘‘ဒိဋ္ဌော မယာ, ပါရာဇိကံ ဓမ္မံ အဇ္ဈာပန္နောသိ…ပေ… သုတော မယာ, ပါရာဇိကံ ဓမ္မံ အဇ္ဈာပန္နောသိ…ပေ… ဒိဋ္ဌော မယာ သုတော စ, ပါရာဇိကံ ဓမ္မံ အဇ္ဈာပန္နောသိ, အဿမဏောသိ, အသကျပုတ္တိယောသိ’’…ပေ… အာပတ္တိ ဝါစာယ, ဝါစာယ သံဃာဒိသေသဿ။</p>
<p class=""bodytext"">ဒိဋ္ဌဿ ဟောတိ ပါရာဇိကံ ဓမ္မံ အဇ္ဈာပဇ္ဇန္တော။ ဒိဋ္ဌေ ဝေမတိကော ဒိဋ္ဌံ နော ကပ္ပေတိ ဒိဋ္ဌံ နဿရတိ ဒိဋ္ဌံ ပမုဋ္ဌော ဟောတိ…ပေ… သုတေ ဝေမတိကော သုတံ နော ကပ္ပေတိ သုတံ နဿရတိ သုတံ ပမုဋ္ဌော ဟောတိ…ပေ… ပရိသင်္ကိတေ ဝေမတိကော ပရိသင်္ကိတံ နော <a name=""T1.0381""></a> ကပ္ပေတိ ပရိသင်္ကိတံ နဿရတိ ပရိသင်္ကိတံ ပမုဋ္ဌော ဟောတိ။ တဉ္စေ စောဒေတိ – ‘‘ပရိသင်္ကိတော မယာ ဒိဋ္ဌော စ…ပေ… ပရိသင်္ကိတော မယာ သုတော စ…ပေ… ပရိသင်္ကိတော မယာ ဒိဋ္ဌော စ သုတော စ, ပါရာဇိကံ ဓမ္မံ အဇ္ဈာပန္နောသိ, အဿမဏောသိ, အသကျပုတ္တိယောသိ, နတ္ထိ တယာ သဒ္ဓိံ ဥပေါသထော ဝါ ပဝါရဏာ ဝါ သံဃကမ္မံ ဝါ’’တိ, အာပတ္တိ ဝါစာယ, ဝါစာယ သံဃာဒိသေသဿ။</p>
<p class=""bodytext""><a name=""para388""></a><a name=""para388_vin1""></a><span class=""paranum"">၃၈၈</span>။ အဒိဋ္ဌဿ ဟောတိ ပါရာဇိကံ ဓမ္မံ အဇ္ဈာပဇ္ဇန္တော။ တဉ္စေ စောဒါပေတိ – ‘‘ဒိဋ္ဌောသိ, ပါရာဇိကံ ဓမ္မံ အဇ္ဈာပန္နောသိ, အဿမဏောသိ, အသကျပုတ္တိယောသိ, နတ္ထိ တယာ သဒ္ဓိံ ဥပေါသထော ဝါ ပဝါရဏာ ဝါ သံဃကမ္မံ ဝါ’’တိ, အာပတ္တိ ဝါစာယ, ဝါစာယ သံဃာဒိသေသဿ။</p>
<p class=""bodytext"">အသုတဿ ဟောတိ – ‘‘ပါရာဇိကံ ဓမ္မံ အဇ္ဈာပန္နော’’တိ…ပေ… အပရိသင်္ကိတဿ ဟောတိ – ‘‘ပါရာဇိကံ ဓမ္မံ အဇ္ဈာပန္နော’’တိ။ တဉ္စေ စောဒါပေတိ – ‘‘ပရိသင်္ကိတောသိ, ပါရာဇိကံ ဓမ္မံ အဇ္ဈာပန္နောသိ’’…ပေ… အာပတ္တိ ဝါစာယ, ဝါစာယ သံဃာဒိသေသဿ။</p>
<p class=""bodytext"">အဒိဋ္ဌဿ ဟောတိ ပါရာဇိကံ ဓမ္မံ အဇ္ဈာပဇ္ဇန္တော။ တဉ္စေ စောဒါပေတိ – ‘‘ဒိဋ္ဌောသိ သုတောသိ…ပေ… <a name=""T1.0382""></a> ဒိဋ္ဌောသိ ပရိသင်္ကိတောသိ…ပေ… ဒိဋ္ဌောသိ သုတောသိ ပရိသင်္ကိတောသိ, ပါရာဇိကံ ဓမ္မံ <a name=""V0.0259""></a> အဇ္ဈာပန္နောသိ’’…ပေ… အသုတဿ ဟောတိ – ‘‘ပါရာဇိကံ ဓမ္မံ အဇ္ဈာပန္နော’’တိ…ပေ… အပရိသင်္ကိတဿ ဟောတိ – ‘‘ပါရာဇိကံ ဓမ္မံ အဇ္ဈာပန္နော’’တိ။ တဉ္စေ စောဒါပေတိ – ‘‘ပရိသင်္ကိတောသိ, ဒိဋ္ဌောသိ…ပေ… ပရိသင်္ကိတောသိ, သုတောသိ…ပေ… ပရိသင်္ကိတောသိ, ဒိဋ္ဌောသိ, သုတောသိ, ပါရာဇိကံ ဓမ္မံ အဇ္ဈာပန္နောသိ, အဿမဏောသိ’’…ပေ… အာပတ္တိ ဝါစာယ, ဝါစာယ သံဃာဒိသေသဿ။</p>
",-388-
253,mula_vi_01,253,"<p class=""bodytext"">ဒိဋ္ဌဿ <a name=""M0.0253""></a> ဟောတိ ပါရာဇိကံ ဓမ္မံ အဇ္ဈာပဇ္ဇန္တော။ တဉ္စေ စောဒါပေတိ – ‘‘သုတောသိ’’…ပေ… တဉ္စေ စောဒါပေတိ – ‘‘ပရိသင်္ကိတောသိ’’…ပေ… တဉ္စေ စောဒါပေတိ – ‘‘သုတောသိ, ပရိသင်္ကိတောသိ, ပါရာဇိကံ ဓမ္မံ အဇ္ဈာပန္နောသိ, အဿမဏောသိ’’…ပေ… အာပတ္တိ ဝါစာယ, ဝါစာယ သံဃာဒိသေသဿ။</p>
<p class=""bodytext"">သုတဿ ဟောတိ – ‘‘ပါရာဇိကံ ဓမ္မံ အဇ္ဈာပန္နော’’တိ…ပေ… ပရိသင်္ကိတဿ ဟောတိ – ‘‘ပါရာဇိကံ ဓမ္မံ အဇ္ဈာပန္နော’’တိ။ တဉ္စေ ‘‘ဒိဋ္ဌောသိ’’…ပေ… တဉ္စေ စောဒါပေတိ – ‘‘သုတောသိ’’…ပေ… တဉ္စေ စောဒါပေတိ – ‘‘ဒိဋ္ဌောသိ, သုတောသိ, ပါရာဇိကံ ဓမ္မံ အဇ္ဈာပန္နောသိ, အဿမဏောသိ’’…ပေ… အာပတ္တိ ဝါစာယ, ဝါစာယ သံဃာဒိသေသဿ။</p>
<p class=""bodytext"">ဒိဋ္ဌဿ ဟောတိ ပါရာဇိကံ ဓမ္မံ အဇ္ဈာပဇ္ဇန္တော။ ဒိဋ္ဌေ ဝေမတိကော ဒိဋ္ဌံ နော ကပ္ပေတိ ဒိဋ္ဌံ နဿရတိ ဒိဋ္ဌံ ပမုဋ္ဌော ဟောတိ…ပေ… သုတေ <a name=""T1.0383""></a> ဝေမတိကော သုတံ နော ကပ္ပေတိ သုတံ နဿရတိ သုတံ ပမုဋ္ဌော ဟောတိ…ပေ… ပရိသင်္ကိတေ ဝေမတိကော ပရိသင်္ကိတံ နော ကပ္ပေတိ ပရိသင်္ကိတံ နဿရတိ ပရိသင်္ကိတံ ပမုဋ္ဌော ဟောတိ။ တဉ္စေ စောဒါပေတိ – ‘‘ပရိသင်္ကိတောသိ, ဒိဋ္ဌောသိ’’…ပေ… ပရိသင်္ကိတံ ပမုဋ္ဌော ဟောတိ, တဉ္စေ စောဒါပေတိ – ‘‘ပရိသင်္ကိတောသိ သုတောသိ’’…ပေ… ပရိသင်္ကိတံ ပမုဋ္ဌော ဟောတိ, တဉ္စေ စောဒါပေတိ – ‘‘ပရိသင်္ကိတောသိ, ဒိဋ္ဌောသိ, သုတောသိ, ပါရာဇိကံ ဓမ္မံ အဇ္ဈာပန္နောသိ, အဿမဏောသိ, အသကျပုတ္တိယောသိ, နတ္ထိ တယာ သဒ္ဓိံ ဥပေါသထော ဝါ ပဝါရဏာ ဝါ သံဃကမ္မံ ဝါ’’တိ, အာပတ္တိ ဝါစာယ, ဝါစာယ သံဃာဒိသေသဿ။</p>
<p class=""bodytext""><a name=""para389""></a><a name=""para389_vin1""></a><span class=""paranum"">၃၈၉</span>။ အသုဒ္ဓေ <a name=""P3.0166""></a> သုဒ္ဓဒိဋ္ဌိ, သုဒ္ဓေ အသုဒ္ဓဒိဋ္ဌိ, အသုဒ္ဓေ အသုဒ္ဓဒိဋ္ဌိ, သုဒ္ဓေ သုဒ္ဓဒိဋ္ဌိ။</p>
<p class=""bodytext"">အသုဒ္ဓေါ ဟောတိ ပုဂ္ဂလော အညတရံ ပါရာဇိကံ ဓမ္မံ အဇ္ဈာပန္နော။ တဉ္စေ သုဒ္ဓဒိဋ္ဌိ သမာနော အနောကာသံ ကာရာပေတွာ စာဝနာဓိပ္ပါယော ဝဒေတိ, အာပတ္တိ သံဃာဒိသေသေန ဒုက္ကဋဿ။</p>
<p class=""bodytext"">အသုဒ္ဓေါ <a name=""V0.0260""></a> ဟောတိ ပုဂ္ဂလော အညတရံ ပါရာဇိကံ ဓမ္မံ အဇ္ဈာပန္နော။ တဉ္စေ သုဒ္ဓဒိဋ္ဌိ သမာနော ဩကာသံ ကာရာပေတွာ စာဝနာဓိပ္ပါယော ဝဒေတိ, အာပတ္တိ သံဃာဒိသေသဿ။</p>
",-389-
254,mula_vi_01,254,"<p class=""bodytext"">အသုဒ္ဓေါ <a name=""M0.0254""></a> ဟောတိ ပုဂ္ဂလော အညတရံ ပါရာဇိကံ ဓမ္မံ အဇ္ဈာပန္နော။ တဉ္စေ သုဒ္ဓဒိဋ္ဌိ သမာနော အနောကာသံ ကာရာပေတွာ အက္ကောသာဓိပ္ပါယော ဝဒေတိ, အာပတ္တိ ဩမသဝါဒေန ဒုက္ကဋဿ။</p>
<p class=""bodytext"">အသုဒ္ဓေါ ဟောတိ ပုဂ္ဂလော အညတရံ ပါရာဇိကံ ဓမ္မံ အဇ္ဈာပန္နော။ တဉ္စေ သုဒ္ဓဒိဋ္ဌိ သမာနော ဩကာသံ ကာရာပေတွာ အက္ကောသာဓိပ္ပါယော ဝဒေတိ, အာပတ္တိ ဩမသဝါဒဿ။</p>
<p class=""bodytext"">သုဒ္ဓေါ <a name=""T1.0384""></a> ဟောတိ ပုဂ္ဂလော အညတရံ ပါရာဇိကံ ဓမ္မံ အနဇ္ဈာပန္နော။ တဉ္စေ အသုဒ္ဓဒိဋ္ဌိ သမာနော အနောကာသံ ကာရာပေတွာ စာဝနာဓိပ္ပါယော ဝဒေတိ, အာပတ္တိ ဒုက္ကဋဿ။</p>
<p class=""bodytext"">သုဒ္ဓေါ ဟောတိ ပုဂ္ဂလော အညတရံ ပါရာဇိကံ ဓမ္မံ အနဇ္ဈာပန္နော။ တဉ္စေ အသုဒ္ဓဒိဋ္ဌိ သမာနော ဩကာသံ ကာရာပေတွာ စာဝနာဓိပ္ပါယော ဝဒေတိ, အနာပတ္တိ။</p>
<p class=""bodytext"">သုဒ္ဓေါ ဟောတိ ပုဂ္ဂလော အညတရံ ပါရာဇိကံ ဓမ္မံ အနဇ္ဈာပန္နော။ တဉ္စေ အသုဒ္ဓဒိဋ္ဌိ သမာနော အနောကာသံ ကာရာပေတွာ အက္ကောသာဓိပ္ပါယော ဝဒေတိ, အာပတ္တိ ဩမသဝါဒေန ဒုက္ကဋဿ။</p>
<p class=""bodytext"">သုဒ္ဓေါ ဟောတိ ပုဂ္ဂလော အညတရံ ပါရာဇိကံ ဓမ္မံ အနဇ္ဈာပန္နော။ တဉ္စေ အသုဒ္ဓဒိဋ္ဌိ သမာနော ဩကာသံ ကာရာပေတွာ အက္ကောသာဓိပ္ပါယော ဝဒေတိ, အာပတ္တိ ဩမသဝါဒဿ။</p>
<p class=""bodytext"">အသုဒ္ဓေါ ဟောတိ ပုဂ္ဂလော အညတရံ ပါရာဇိကံ ဓမ္မံ အဇ္ဈာပန္နော။ တဉ္စေ အသုဒ္ဓဒိဋ္ဌိ သမာနော အနောကာသံ ကာရာပေတွာ စာဝနာဓိပ္ပါယော ဝဒေတိ, အာပတ္တိ ဒုက္ကဋဿ။</p>
<p class=""bodytext"">အသုဒ္ဓေါ ဟောတိ ပုဂ္ဂလော အညတရံ ပါရာဇိကံ ဓမ္မံ အဇ္ဈာပန္နော။ တဉ္စေ အသုဒ္ဓဒိဋ္ဌိ သမာနော ဩကာသံ ကာရာပေတွာ စာဝနာဓိပ္ပါယော ဝဒေတိ, အနာပတ္တိ။</p>
<p class=""bodytext"">အသုဒ္ဓေါ ဟောတိ ပုဂ္ဂလော အညတရံ ပါရာဇိကံ ဓမ္မံ အဇ္ဈာပန္နော။ တဉ္စေ အသုဒ္ဓဒိဋ္ဌိ သမာနော အနောကာသံ ကာရာပေတွာ အက္ကောသာဓိပ္ပါယော ဝဒေတိ, အာပတ္တိ ဩမသဝါဒေန ဒုက္ကဋဿ။</p>
<p class=""bodytext"">အသုဒ္ဓေါ <a name=""V0.0261""></a> ဟောတိ ပုဂ္ဂလော အညတရံ ပါရာဇိကံ ဓမ္မံ အဇ္ဈာပန္နော။ တဉ္စေ အသုဒ္ဓဒိဋ္ဌိ သမာနော ဩကာသံ ကာရာပေတွာ <a name=""T1.0385""></a> အက္ကောသာဓိပ္ပါယော ဝဒေတိ, အာပတ္တိ ဩမသဝါဒဿ။</p>
",
255,mula_vi_01,255,"<p class=""bodytext"">သုဒ္ဓေါ <a name=""M0.0255""></a> ဟောတိ ပုဂ္ဂလော အညတရံ ပါရာဇိကံ ဓမ္မံ အနဇ္ဈာပန္နော။ တဉ္စေ သုဒ္ဓဒိဋ္ဌိ သမာနော အနောကာသံ ကာရာပေတွာ စာဝနာဓိပ္ပါယော ဝဒေတိ, အာပတ္တိ သံဃာဒိသေသေန ဒုက္ကဋဿ။</p>
<p class=""bodytext"">သုဒ္ဓေါ ဟောတိ ပုဂ္ဂလော အညတရံ ပါရာဇိကံ ဓမ္မံ အနဇ္ဈာပန္နော။ တဉ္စေ သုဒ္ဓဒိဋ္ဌိ သမာနော ဩကာသံ ကာရာပေတွာ စာဝနာဓိပ္ပါယော ဝဒေတိ, အာပတ္တိ သံဃာဒိသေသဿ။</p>
<p class=""bodytext"">သုဒ္ဓေါ ဟောတိ ပုဂ္ဂလော အညတရံ ပါရာဇိကံ ဓမ္မံ အနဇ္ဈာပန္နော။ တဉ္စေ သုဒ္ဓဒိဋ္ဌိ သမာနော အနောကာသံ ကာရာပေတွာ အက္ကောသာဓိပ္ပါယော ဝဒေတိ, အာပတ္တိ ဩမသဝါဒေန ဒုက္ကဋဿ။</p>
<p class=""bodytext"">သုဒ္ဓေါ ဟောတိ ပုဂ္ဂလော အညတရံ ပါရာဇိကံ ဓမ္မံ အနဇ္ဈာပန္နော တဉ္စေ သုဒ္ဓဒိဋ္ဌိ သမာနော ဩကာသံ ကာရာပေတွာ အက္ကောသာဓိပ္ပါယော ဝဒေတိ, အာပတ္တိ ဩမသဝါဒဿ။</p>
<p class=""bodytext""><a name=""para390""></a><a name=""para390_vin1""></a><span class=""paranum"">၃၉၀</span>။ အနာပတ္တိ သုဒ္ဓေ အသုဒ္ဓဒိဋ္ဌိဿ, အသုဒ္ဓေ အသုဒ္ဓဒိဋ္ဌိဿ, ဥမ္မတ္တကဿ, အာဒိကမ္မိကဿာတိ။</p>
<p class=""centered"">ဒုဋ္ဌဒေါသသိက္ခာပဒံ နိဋ္ဌိတံ အဋ္ဌမံ။</p>
<p class=""title"">၉။ ဒုတိယဒုဋ္ဌဒေါသသိက္ခာပဒံ</p>
<p class=""bodytext""><a name=""para391""></a><a name=""para391_vin1""></a><span class=""paranum"">၃၉၁</span>။ တေန <a name=""T1.0386""></a> သမယေန ဗုဒ္ဓေါ ဘဂဝါ ရာဇဂဟေ ဝိဟရတိ ဝေဠုဝနေ ကလန္ဒကနိဝါပေ။ တေန ခေါ ပန သမယေန မေတ္တိယဘူမဇကာ ဘိက္ခူ ဂိဇ္ဈကူဋာ ပဗ္ဗတာ ဩရောဟန္တာ အဒ္ဒသံသု ဆဂလကံ <span class=""note"">[ဆကလကံ (သျာ။)]</span> အဇိကာယ ဝိပ္ပဋိပဇ္ဇန္တံ။ ဒိသွာန <a name=""P3.0167""></a> ဧဝမာဟံသု – ‘‘ဟန္ဒ မယံ, အာဝုသော, ဣမံ ဆဂလကံ ဒဗ္ဗံ မလ္လပုတ္တံ နာမ ကရောမ။ ဣမံ အဇိကံ မေတ္တိယံ နာမ ဘိက္ခုနိံ ကရောမ။ ဧဝံ မယံ ဝေါဟရိဿာမ။ ပုဗ္ဗေ မယံ, အာဝုသော, ဒဗ္ဗံ မလ္လပုတ္တံ သုတေန အဝေါစုမှာ။ ဣဒါနိ ပန အမှေဟိ သာမံ ဒိဋ္ဌော မေတ္တိယာယ ဘိက္ခုနိယာ ဝိပ္ပဋိပဇ္ဇန္တော’’တိ။ တေ တံ ဆဂလကံ ဒဗ္ဗံ မလ္လပုတ္တံ နာမ <a name=""V0.0262""></a> အကံသု။ တံ အဇိကံ မေတ္တိယံ နာမ ဘိက္ခုနိံ အကံသု။ တေ ဘိက္ခူနံ အာရောစေသုံ – ‘‘ပုဗ္ဗေ မယံ, အာဝုသော, ဒဗ္ဗံ မလ္လပုတ္တံ သုတေန အဝေါစုမှာ။ ဣဒါနိ ပန အမှေဟိ သာမံ ဒိဋ္ဌော မေတ္တိယာယ ဘိက္ခုနိယာ ဝိပ္ပဋိပဇ္ဇန္တော’’တိ။ ဘိက္ခူ ဧဝမာဟံသု – ‘‘မာဝုသော, ဧဝံ အဝစုတ္ထ။ နာယသ္မာ ဒဗ္ဗော မလ္လပုတ္တော ဧဝံ ကရိဿတီ’’တိ။</p>
",-390-391-
256,mula_vi_01,256,"<p class=""bodytext"">အထ <a name=""M0.0256""></a> ခေါ တေ ဘိက္ခူ ဘဂဝတော ဧတမတ္ထံ အာရောစေသုံ။ အထ ခေါ ဘဂဝါ ဧတသ္မိံ နိဒါနေ ဧတသ္မိံ ပကရဏေ ဘိက္ခုသံဃံ သန္နိပါတာပေတွာ အာယသ္မန္တံ ဒဗ္ဗံ မလ္လပုတ္တံ ပဋိပုစ္ဆိ – ‘‘သရသိ တွံ, ဒဗ္ဗ, ဧဝရူပံ ကတ္တာ ယထယိမေ ဘိက္ခူ အာဟံသူ’’တိ? ‘‘ယထာ မံ, ဘန္တေ, ဘဂဝါ ဇာနာတီ’’တိ။ ဒုတိယမ္ပိ ခေါ ဘဂဝါ…ပေ… တတိယမ္ပိ ခေါ ဘဂဝါ အာယသ္မန္တံ ဒဗ္ဗံ မလ္လပုတ္တံ <a name=""T1.0387""></a> ဧတဒဝေါစ – ‘‘သရသိ တွံ, ဒဗ္ဗ, ဧဝရူပံ ကတ္တာ ယထယိမေ ဘိက္ခူ အာဟံသူ’’တိ? ‘‘ယထာ မံ, ဘန္တေ, ဘဂဝါ ဇာနာတီ’’တိ။ ‘‘န ခေါ, ဒဗ္ဗ, ဒဗ္ဗာ ဧဝံ နိဗ္ဗေဌေန္တိ။ သစေ တယာ ကတံ ကတန္တိ ဝဒေဟိ, သစေ တယာ အကတံ အကတန္တိ ဝဒေဟီ’’တိ။ ‘‘ယတော အဟံ, ဘန္တေ, ဇာတော နာဘိဇာနာမိ သုပိနန္တေနပိ မေထုနဓမ္မံ ပဋိသေဝိတာ, ပဂေဝ ဇာဂရော’’တိ! အထ ခေါ ဘဂဝါ ဘိက္ခူ အာမန္တေသိ – ‘‘တေန ဟိ, ဘိက္ခုဝေ, ဣမေ ဘိက္ခူ အနုယုဉ္ဇထာ’’တိ။ ဣဒံ ဝတွာ ဘဂဝါ ဥဋ္ဌာယာသနာ ဝိဟာရံ ပါဝိသိ။</p>
<p class=""bodytext"">အထ ခေါ တေ ဘိက္ခူ မေတ္တိယဘူမဇကေ ဘိက္ခူ အနုယုဉ္ဇိံသု။ တေ ဘိက္ခူဟိ အနုယုဉ္ဇီယမာနာ ဘိက္ခူနံ ဧတမတ္ထံ အာရောစေသုံ – ‘‘ကိံ ပန တုမှေ, အာဝုသော, အာယသ္မန္တံ ဒဗ္ဗံ မလ္လပုတ္တံ အညဘာဂိယဿ အဓိကရဏဿ ကိဉ္စိဒေသံ လေသမတ္တံ ဥပါဒါယ ပါရာဇိကေန ဓမ္မေန အနုဒ္ဓံသေထာ’’တိ? ‘‘ဧဝမာဝုသော’’တိ။ ယေ တေ ဘိက္ခူ အပ္ပိစ္ဆာ…ပေ… တေ ဥဇ္ဈာယန္တိ ခိယျန္တိ ဝိပါစေန္တိ – ‘‘ကထဉှိ နာမ မေတ္တိယဘူမဇကာ ဘိက္ခူ အာယသ္မန္တံ ဒဗ္ဗံ မလ္လပုတ္တံ အညဘာဂိယဿ အဓိကရဏဿ ကိဉ္စိ ဒေသံ လေသမတ္တံ ဥပါဒါယ ပါရာဇိကေန ဓမ္မေန အနုဒ္ဓံသေဿန္တီ’’တိ! အထ ခေါ တေ ဘိက္ခူ မေတ္တိယဘူမဇကေ ဘိက္ခူ အနေကပရိယာယေန ဝိဂရဟိတွာ ဘဂဝတော ဧတမတ္ထံ အာရောစေသုံ…ပေ… ‘‘သစ္စံ ကိရ တုမှေ, ဘိက္ခဝေ, ဒဗ္ဗံ မလ္လပုတ္တံ အညဘာဂိယဿ အဓိကရဏဿ ကိဉ္စိ ဒေသံ လေသမတ္တံ ဥပါဒါယ ပါရာဇိကေန ဓမ္မေန အနုဒ္ဓံသေထာ’’တိ? ‘‘သစ္စံ, ဘဂဝါ’’တိ။ ဝိဂရဟိ ဗုဒ္ဓေါ ဘဂဝါ…ပေ… ‘‘ကထဉှိ နာမ တုမှေ, မောဃပုရိသာ, ဒဗ္ဗံ မလ္လပုတ္တံ အညဘာဂိယဿ အဓိကရဏဿ ကိဉ္စိ ဒေသံ <a name=""T1.0388""></a> လေသမတ္တံ ဥပါဒါယ ပါရာဇိကေန ဓမ္မေန အနုဒ္ဓံသေဿထ! နေတံ, မောဃပုရိသာ, အပ္ပသန္နာနံ ဝါ ပသာဒါယ…ပေ… ဧဝဉ္စ ပန, ဘိက္ခဝေ, ဣမံ သိက္ခာပဒံ ဥဒ္ဒိသေယျာထ –</p>
<p class=""bodytext""><a name=""para392""></a><a name=""para392_vin1""></a><span class=""paranum"">၃၉၂</span>။ <span class=""bld"">‘‘ယော</span> <a name=""V0.0263""></a> <span class=""bld"">ပန ဘိက္ခု ဘိက္ခုံ ဒုဋ္ဌော ဒေါသော အပ္ပတီတော အညဘာဂိယဿ အဓိကရဏဿ ကိဉ္စိဒေသံ လေသမတ္တံ ဥပါဒါယ ပါရာဇိကေန ဓမ္မေန အနုဒ္ဓံသေယျ – ‘အပ္ပေဝ နာမ နံ ဣမမှာ ဗြဟ္မစရိယာ စာဝေယျ’န္တိ။ </span> <a name=""P3.0168""></a> </p>
",-392-
257,mula_vi_01,257,"<p class=""noindentbodytext""><span class=""bld"">တတော</span><a name=""M0.0257""></a><span class=""bld""> အပရေန သမယေန သမနုဂ္ဂါဟီယမာနော ဝါ အသမနုဂ္ဂါဟီယမာနော ဝါ အညဘာဂိယဉ္စေဝ တံ အဓိကရဏံ ဟောတိ ကောစိဒေသော လေသမတ္တော ဥပါဒိန္နော, ဘိက္ခု စ ဒေါသံ ပတိဋ္ဌာတိ, သံဃာဒိသေသော’’</span>တိ။</p>
<p class=""bodytext""><a name=""para393""></a><a name=""para393_vin1""></a><span class=""paranum"">၃၉၃</span>။ <span class=""bld"">ယော ပနာ</span>တိ ယော ယာဒိသော…ပေ… <span class=""bld"">ဘိက္ခူ</span>တိ…ပေ… အယံ ဣမသ္မိံ အတ္ထေ အဓိပ္ပေတော ဘိက္ခူတိ။</p>
<p class=""bodytext""><span class=""bld"">ဘိက္ခု</span>န္တိ အညံ ဘိက္ခုံ။</p>
<p class=""bodytext""><span class=""bld"">ဒုဋ္ဌော ဒေါသော</span>တိ ကုပိတော အနတ္တမနော အနဘိရဒ္ဓေါ အာဟတစိတ္တော ခိလဇာတော။</p>
<p class=""bodytext""><span class=""bld"">အပ္ပတီတော</span>တိ တေန စ ကောပေန, တေန စ ဒေါသေန, တာယ စ အနတ္တမနတာယ, တာယ စ အနဘိရဒ္ဓိယာ အပ္ပတီတော ဟောတိ။</p>
<p class=""bodytext""><span class=""bld"">အညဘာဂိယဿ အဓိကရဏဿာ</span>တိ အာပတ္တညဘာဂိယံ ဝါ ဟောတိ အဓိကရဏညဘာဂိယံ ဝါ။ ကထံ အဓိကရဏံ အဓိကရဏဿ အညဘာဂိယံ? ဝိဝါဒါဓိကရဏံ အနုဝါဒါဓိကရဏဿ အာပတ္တာဓိကရဏဿ ကိစ္စာဓိကရဏဿ အညဘာဂိယံ။ အနုဝါဒါဓိကရဏံ အာပတ္တာဓိကရဏဿ ကိစ္စာဓိကရဏဿ ဝိဝါဒါဓိကရဏဿ အညဘာဂိယံ။ အာပတ္တာဓိကရဏံ ကိစ္စာဓိကရဏဿ ဝိဝါဒါဓိကရဏဿ အနုဝါဒါဓိကရဏဿ အညဘာဂိယံ။ ကိစ္စာဓိကရဏံ ဝိဝါဒါဓိကရဏဿ အနုဝါဒါဓိကရဏဿ <a name=""T1.0389""></a> အာပတ္တာဓိကရဏဿ အညဘာဂိယံ။ ဧဝံ အဓိကရဏံ အဓိကရဏဿ အညဘာဂိယံ။</p>
<p class=""bodytext"">ကထံ အဓိကရဏံ အဓိကရဏဿ တဗ္ဘာဂိယံ? ဝိဝါဒါဓိကရဏံ ဝိဝါဒါဓိကရဏဿ တဗ္ဘာဂိယံ။ အနုဝါဒါဓိကရဏံ အနုဝါဒါဓိကရဏဿ တဗ္ဘာဂိယံ။ အာပတ္တာဓိကရဏံ အာပတ္တာဓိကရဏဿ သိယာ တဗ္ဘာဂိယံ သိယာ အညဘာဂိယံ။</p>
<p class=""bodytext"">ကထံ အာပတ္တာဓိကရဏံ အာပတ္တာဓိကရဏဿ အညဘာဂိယံ? မေထုနဓမ္မပါရာဇိကာပတ္တိ အဒိန္နာဒါနပါရာဇိကာပတ္တိယာ <a name=""V0.0264""></a> မနုဿဝိဂ္ဂဟပါရာဇိကာပတ္တိယာ ဥတ္တရိမနုဿဓမ္မပါရာဇိကာပတ္တိယာ အညဘာဂိယာ။ အဒိန္နာဒါနပါရာဇိကာပတ္တိ မနုဿဝိဂ္ဂဟပါရာဇိကာပတ္တိယာ ဥတ္တရိမနုဿဓမ္မပါရာဇိကာပတ္တိယာ မေထုနဓမ္မပါရာဇိကာပတ္တိယာ အညဘာဂိယာ။ မနုဿဝိဂ္ဂဟပါရာဇိကာပတ္တိ ဥတ္တရိမနုဿဓမ္မပါရာဇိကာပတ္တိယာ မေထုနဓမ္မပါရာဇိကာပတ္တိယာ</p>
",-393-
258,mula_vi_01,258,"<p class=""noindentbodytext""> အဒိန္နာဒါနပါရာဇိကာပတ္တိယာ<a name=""M0.0258""></a> အညဘာဂိယာ။ ဥတ္တရိမနုဿဓမ္မပါရာဇိကာပတ္တိ မေထုနဓမ္မပါရာဇိကာပတ္တိယာ အဒိန္နာဒါနပါရာဇိကာပတ္တိယာ မနုဿဝိဂ္ဂဟပါရာဇိကာပတ္တိယာ အညဘာဂိယာ။ ဧဝံ အာပတ္တာဓိကရဏံ အာပတ္တာဓိကရဏဿ အညဘာဂိယံ။</p>
<p class=""bodytext"">ကထံ အာပတ္တာဓိကရဏံ အာပတ္တာဓိကရဏဿ တဗ္ဘာဂိယံ? မေထုနဓမ္မပါရာဇိကာပတ္တိ မေထုနဓမ္မပါရာဇိကာပတ္တိယာ တဗ္ဘာဂိယာ။ အဒိန္နာဒါနပါရာဇိကာပတ္တိ အဒိန္နာဒါနပါရာဇိကာပတ္တိယာ တဗ္ဘာဂိယာ။ မနုဿဝိဂ္ဂဟပါရာဇိကာပတ္တိ မနုဿဝိဂ္ဂဟပါရာဇိကာပတ္တိယာ တဗ္ဘာဂိယာ။ ဥတ္တရိမနုဿဓမ္မပါရာဇိကာပတ္တိ ဥတ္တရိမနုဿဓမ္မပါရာဇိကာပတ္တိယာ <a name=""T1.0390""></a> တဗ္ဘာဂိယာ။ ဧဝံ အာပတ္တာဓိကရဏံ အာပတ္တာဓိကရဏဿ တဗ္ဘာဂိယံ။</p>
<p class=""bodytext"">ကိစ္စာဓိကရဏံ ကိစ္စာဓိကရဏဿ တဗ္ဘာဂိယံ။ ဧဝံ အဓိကရဏံ အဓိကရဏဿ တဗ္ဘာဂိယံ။</p>
<p class=""bodytext""><a name=""para394""></a><a name=""para394_vin1""></a><span class=""paranum"">၃၉၄</span>။ <span class=""bld"">ကိဉ္စိ ဒေသံ လေသမတ္တံ ဥပါဒါယာ</span>တိ လေသော နာမ ဒသ လေသာ – ဇာတိလေသော<a name=""P3.0169""></a>, နာမလေသော, ဂေါတ္တလေသော, လိင်္ဂလေသော, အာပတ္တိလေသော, ပတ္တလေသော, စီဝရလေသော, ဥပဇ္ဈာယလေသော, အာစရိယလေသော, သေနာသနလေသော။</p>
<p class=""bodytext""><a name=""para395""></a><a name=""para395_vin1""></a><span class=""paranum"">၃၉၅</span>။ <span class=""bld"">ဇာတိလေသော</span> နာမ ခတ္တိယော ဒိဋ္ဌော ဟောတိ ပါရာဇိကံ ဓမ္မံ အဇ္ဈာပဇ္ဇန္တော။ အညံ ခတ္တိယံ ပဿိတွာ စောဒေတိ – ‘‘ခတ္တိယော မယာ ဒိဋ္ဌော <span class=""note"">[ဧတ္ထ ‘‘ပါရာဇိကံ ဓမ္မံ အဇ္ဈာပဇ္ဇန္တော’’တိ ပါဌော ဦနော မညေ, အဋ္ဌကထာယံ ဟိ ‘‘ခတ္တိယော မယာ ဒိဋ္ဌော ပါရာဇိကံ ဓမ္မံ အဇ္ဈာပဇ္ဇန္တော’’တိ ဒိဿတိ]</span>။ ပါရာဇိကံ ဓမ္မံ အဇ္ဈာပန္နောသိ, အဿမဏောသိ, အသကျပုတ္တိယောသိ, နတ္ထိ တယာ သဒ္ဓိံ ဥပေါသထော ဝါ ပဝါရဏာ ဝါ သံဃကမ္မံ ဝါ’’တိ, အာပတ္တိ ဝါစာယ, ဝါစာယ သံဃာဒိသေသဿ။</p>
<p class=""bodytext"">ဗြာဟ္မဏော ဒိဋ္ဌော ဟောတိ…ပေ… ဝေဿော ဒိဋ္ဌော ဟောတိ…ပေ… သုဒ္ဒေါ ဒိဋ္ဌော ဟောတိ ပါရာဇိကံ ဓမ္မံ အဇ္ဈာပဇ္ဇန္တော။ အညံ သုဒ္ဒံ ပဿိတွာ စောဒေတိ – ‘‘သုဒ္ဒေါ မယာ ဒိဋ္ဌော။ ပါရာဇိကံ ဓမ္မံ အဇ္ဈာပန္နောသိ<a name=""V0.0265""></a>, အဿမဏောသိ, အသကျပုတ္တိယောသိ’’…ပေ… အာပတ္တိ ဝါစာယ, ဝါစာယ သံဃာဒိသေသဿ။</p>
<p class=""bodytext""><a name=""para396""></a><a name=""para396_vin1""></a><span class=""paranum"">၃၉၆</span>။ <span class=""bld"">နာမလေသော</span> နာမ ဗုဒ္ဓရက္ခိတော ဒိဋ္ဌော ဟောတိ…ပေ… ဓမ္မရက္ခိတော ဒိဋ္ဌော ဟောတိ…ပေ… သံဃရက္ခိတော ဒိဋ္ဌော ဟောတိ ပါရာဇိကံ ဓမ္မံ</p>
",-394-395-396-
259,mula_vi_01,259,"<p class=""noindentbodytext""> အဇ္ဈာပဇ္ဇန္တော<a name=""M0.0259""></a>။ အညံ သံဃရက္ခိတံ ပဿိတွာ စောဒေတိ – ‘‘သံဃရက္ခိတော မယာ ဒိဋ္ဌော။ ပါရာဇိကံ ဓမ္မံ အဇ္ဈာပန္နောသိ, အဿမဏောသိ, အသကျပုတ္တိယောသိ’’…ပေ… အာပတ္တိ ဝါစာယ, ဝါစာယ သံဃာဒိသေသဿ။</p>
<p class=""bodytext""><a name=""para397""></a><a name=""para397_vin1""></a><span class=""paranum"">၃၉၇</span>။ <span class=""bld"">ဂေါတ္တလေသော</span> နာမ ဂေါတမော ဒိဋ္ဌော ဟောတိ…ပေ… မောဂ္ဂလ္လာနော ဒိဋ္ဌော ဟောတိ…ပေ… ကစ္စာယနော ဒိဋ္ဌော ဟောတိ…ပေ… ဝါသိဋ္ဌော ဒိဋ္ဌော ဟောတိ ပါရာဇိကံ ဓမ္မံ အဇ္ဈာပဇ္ဇန္တော။ အညံ ဝါသိဋ္ဌံ ပဿိတွာ စောဒေတိ – ‘‘ဝါသိဋ္ဌော မယာ ဒိဋ္ဌော။ ပါရာဇိကံ ဓမ္မံ အဇ္ဈာပန္နောသိ, အဿမဏောသိ, အသကျပုတ္တိယောသိ’’…ပေ… အာပတ္တိ <a name=""T1.0391""></a> ဝါစာယ, ဝါစာယ သံဃာဒိသေသဿ။</p>
<p class=""bodytext""><a name=""para398""></a><a name=""para398_vin1""></a><span class=""paranum"">၃၉၈</span>။ <span class=""bld"">လိင်္ဂလေသော</span> နာမ ဒီဃော ဒိဋ္ဌော ဟောတိ…ပေ… ရဿော ဒိဋ္ဌော ဟောတိ…ပေ… ကဏှော ဒိဋ္ဌော ဟောတိ…ပေ… ဩဒါတော ဒိဋ္ဌော ဟောတိ ပါရာဇိကံ ဓမ္မံ အဇ္ဈာပဇ္ဇန္တော။ အညံ ဩဒါတံ ပဿိတွာ စောဒေတိ – ‘‘ဩဒါတော မယာ ဒိဋ္ဌော။ ပါရာဇိကံ ဓမ္မံ အဇ္ဈာပန္နောသိ, အဿမဏောသိ, အသကျပုတ္တိယောသိ’’…ပေ… အာပတ္တိ ဝါစာယ, ဝါစာယ သံဃာဒိသေသဿ။</p>
<p class=""bodytext""><a name=""para399""></a><a name=""para399_vin1""></a><span class=""paranum"">၃၉၉</span>။ <span class=""bld"">အာပတ္တိလေသော</span> နာမ လဟုကံ အာပတ္တိံ အာပဇ္ဇန္တော ဒိဋ္ဌော ဟောတိ။ တဉ္စေ ပါရာဇိကေန စောဒေတိ – ‘‘အဿမဏောသိ, အသကျပုတ္တိယောသိ…ပေ… အာပတ္တိ ဝါစာယ, ဝါစာယ သံဃာဒိသေသဿ။</p>
<p class=""bodytext""><a name=""para400""></a><a name=""para400_vin1""></a><span class=""paranum"">၄၀၀</span>။ <span class=""bld"">ပတ္တလေသော</span> နာမ လောဟပတ္တဓရော ဒိဋ္ဌော ဟောတိ…ပေ… သာဋကပတ္တဓရော ဒိဋ္ဌော ဟောတိ…ပေ… သုမ္ဘကပတ္တဓရော <a name=""T1.0392""></a> ဒိဋ္ဌော ဟောတိ ပါရာဇိကံ ဓမ္မံ အဇ္ဈာပဇ္ဇန္တော။ အညံ သုမ္ဘကပတ္တဓရံ ပဿိတွာ စောဒေတိ – ‘‘သုမ္ဘကပတ္တဓရော မယာ ဒိဋ္ဌော။ ပါရာဇိကံ ဓမ္မံ အဇ္ဈာပန္နောသိ, အဿမဏောသိ, အသကျပုတ္တိယောသိ’’…ပေ… အာပတ္တိ ဝါစာယ, ဝါစာယ သံဃာဒိသေသဿ။</p>
<p class=""bodytext""><a name=""para401""></a><a name=""para401_vin1""></a><span class=""paranum"">၄၀၁</span>။ <span class=""bld"">စီဝရလေသော</span> နာမ ပံသုကူလိကော ဒိဋ္ဌော ဟောတိ…ပေ… ဂဟပတိစီဝရဓရော ဒိဋ္ဌော ဟောတိ <a name=""V0.0266""></a> ပါရာဇိကံ ဓမ္မံ အဇ္ဈာပဇ္ဇန္တော။ အညံ ဂဟပတိစီဝရဓရံ ပဿိတွာ စောဒေတိ – ‘‘ဂဟပတိစီဝရဓရော မယာ ဒိဋ္ဌော။ ပါရာဇိကံ ဓမ္မံ အဇ္ဈာပန္နောသိ, အဿမဏောသိ, အသကျပုတ္တိယောသိ’’…ပေ… အာပတ္တိ ဝါစာယ, ဝါစာယ သံဃာဒိသေသဿ။</p>
",-397-398-399-400-401-
260,mula_vi_01,260,"<p class=""bodytext""><a name=""para402""></a><a name=""para402_vin1""></a><span class=""paranum"">၄၀၂</span>။ <span class=""bld"">ဥပဇ္ဈာယလေသော</span> <a name=""M0.0260""></a> နာမ ဣတ္ထန္နာမဿ သဒ္ဓိဝိဟာရိကော ဒိဋ္ဌော ဟောတိ ပါရာဇိကံ ဓမ္မံ အဇ္ဈာပဇ္ဇန္တော။ အညံ ဣတ္ထန္နာမဿ သဒ္ဓိဝိဟာရိကံ ပဿိတွာ စောဒေတိ – ‘‘ဣတ္ထန္နာမဿ သဒ္ဓိဝိဟာရိကော မယာ ဒိဋ္ဌော။ ပါရာဇိကံ ဓမ္မံ အဇ္ဈာပန္နောသိ, အဿမဏောသိ, အသကျပုတ္တိယောသိ’’…ပေ… အာပတ္တိ ဝါစာယ, ဝါစာယ သံဃာဒိသေသဿ။</p>
<p class=""bodytext""><a name=""para403""></a><a name=""para403_vin1""></a><span class=""paranum"">၄၀၃</span>။ <span class=""bld"">အာစရိယလေသော</span> နာမ ဣတ္ထန္နာမဿ အန္တေဝါသိကော ဒိဋ္ဌော ဟောတိ ပါရာဇိကံ ဓမ္မံ အဇ္ဈာပဇ္ဇန္တော။ အညံ ဣတ္ထန္နာမဿ အန္တေဝါသိကံ ပဿိတွာ စောဒေတိ – ‘‘ဣတ္ထန္နာမဿ အန္တေဝါသိကော မယာ ဒိဋ္ဌော။ ပါရာဇိကံ ဓမ္မံ အဇ္ဈာပန္နောသိ, အဿမဏောသိ, အသကျပုတ္တိယောသိ’’…ပေ… အာပတ္တိ ဝါစာယ, ဝါစာယ သံဃာဒိသေသဿ။</p>
<p class=""bodytext""><a name=""para404""></a><a name=""para404_vin1""></a><span class=""paranum"">၄၀၄</span>။ <span class=""bld"">သေနာသနလေသော</span> နာမ ဣတ္ထန္နာမသေနာသနဝါသိကော ဒိဋ္ဌော ဟောတိ <a name=""T1.0393""></a> ပါရာဇိကံ <a name=""P3.0170""></a> ဓမ္မံ အဇ္ဈာပဇ္ဇန္တော။ အညံ ဣတ္ထန္နာမသေနာသနဝါသိကံ ပဿိတွာ စောဒေတိ – ‘‘ဣတ္ထန္နာမသေနာသနဝါသိကော မယာ ဒိဋ္ဌော။ ပါရာဇိကံ ဓမ္မံ အဇ္ဈာပန္နောသိ, အဿမဏောသိ, အသကျပုတ္တိယောသိ, နတ္ထိ တယာ သဒ္ဓိံ ဥပေါသထော ဝါ ပဝါရဏာ ဝါ သံဃကမ္မံ ဝါ’’တိ, အာပတ္တိ ဝါစာယ, ဝါစာယ သံဃာဒိသေသဿ။</p>
<p class=""bodytext""><a name=""para405""></a><a name=""para405_vin1""></a><span class=""paranum"">၄၀၅</span>။ <span class=""bld"">ပါရာဇိကေန ဓမ္မေနာ</span>တိ စတုန္နံ အညတရေန။</p>
<p class=""bodytext""><span class=""bld"">အနုဒ္ဓံသေယျာ</span>တိ စောဒေတိ ဝါ စောဒါပေတိ ဝါ။</p>
<p class=""bodytext""><span class=""bld"">အပ္ပေဝ နာမ နံ ဣမမှာ ဗြဟ္မစရိယာစာဝေယျ</span>န္တိ ဘိက္ခုဘာဝါ စာဝေယျံ, သမဏဓမ္မာ စာဝေယျံ, သီလက္ခန္ဓာ စာဝေယျံ, တပေါဂုဏာ စာဝေယျံ။</p>
<p class=""bodytext""><span class=""bld"">တတော အပရေန သမယေနာ</span>တိ ယသ္မိံ ခဏေ အနုဒ္ဓံသိတော ဟောတိ, တံ ခဏံ တံ လယံ တံ မုဟုတ္တံ ဝီတိဝတ္တေ။</p>
<p class=""bodytext""><span class=""bld"">သမနုဂ္ဂါဟီယမာနော</span>တိ <a name=""V0.0267""></a> ယေန ဝတ္ထုနာ အနုဒ္ဓံသိတော ဟောတိ တသ္မိံ ဝတ္ထုသ္မိံ သမနုဂ္ဂါဟီယမာနော။</p>
<p class=""bodytext""><span class=""bld"">အသမနုဂ္ဂါဟီယမာနော</span>တိ န ကေနစိ ဝုစ္စမာနော။</p>
<p class=""bodytext""><span class=""bld"">အဓိကရဏံ</span> နာမ စတ္တာရိ အဓိကရဏာနိ – ဝိဝါဒါဓိကရဏံ, အနုဝါဒါဓိကရဏံ, အာပတ္တာဓိကရဏံ, ကိစ္စာဓိကရဏံ။</p>
",-402-403-404-405-
261,mula_vi_01,261,"<p class=""bodytext""><span class=""bld"">ကောစိ</span> <a name=""M0.0261""></a> <span class=""bld"">ဒေသော လေသမတ္တော ဥပါဒိန္နော</span>တိ တေသံ ဒသန္နံ လေသာနံ အညတရော လေသော ဥပါဒိန္နော ဟောတိ။</p>
<p class=""bodytext""><span class=""bld"">ဘိက္ခု စ ဒေါသံ ပတိဋ္ဌာတီ</span>တိ တုစ္ဆကံ မယာ ဘဏိတံ, မုသာ မယာ ဘဏိတံ, အဘူတံ မယာ ဘဏိတံ, အဇာနန္တေန မယာ ဘဏိတံ။</p>
<p class=""bodytext""><span class=""bld"">သံဃာဒိသေသော</span>တိ <a name=""T1.0394""></a> …ပေ… တေနပိ ဝုစ္စတိ သံဃာဒိသေသောတိ။</p>
<p class=""bodytext""><a name=""para406""></a><a name=""para406_vin1""></a><span class=""paranum"">၄၀၆</span>။ ဘိက္ခု သံဃာဒိသေသံ အဇ္ဈာပဇ္ဇန္တော ဒိဋ္ဌော ဟောတိ, သံဃာဒိသေသေ သံဃာဒိသေသဒိဋ္ဌိ ဟောတိ။ တဉ္စေ ပါရာဇိကေန စောဒေတိ – ‘‘အဿမဏောသိ, အသကျပုတ္တိယောသိ, နတ္ထိ တယာ သဒ္ဓိံ ဥပေါသထော ဝါ ပဝါရဏာ ဝါ သံဃကမ္မံ ဝါ’’တိ, ဧဝမ္ပိ အာပတ္တညဘာဂိယံ ဟောတိ လေသော စ ဥပါဒိန္နော, အာပတ္တိ ဝါစာယ, ဝါစာယ သံဃာဒိသေသဿ။</p>
<p class=""bodytext"">ဘိက္ခု သံဃာဒိသေသံ အဇ္ဈာပဇ္ဇန္တော ဒိဋ္ဌော ဟောတိ, သံဃာဒိသေသေ ထုလ္လစ္စယဒိဋ္ဌိ ဟောတိ…ပေ… ပါစိတ္တိယဒိဋ္ဌိ ဟောတိ… ပါဋိဒေသနီယဒိဋ္ဌိ ဟောတိ… ဒုက္ကဋဒိဋ္ဌိ ဟောတိ… ဒုဗ္ဘာသိတဒိဋ္ဌိ ဟောတိ။ တဉ္စေ ပါရာဇိကေန စောဒေတိ – ‘‘အဿမဏောသိ’’…ပေ… ဧဝမ္ပိ အာပတ္တညဘာဂိယံ ဟောတိ လေသော စ ဥပါဒိန္နော, အာပတ္တိ ဝါစာယ, ဝါစာယ သံဃာဒိသေသဿ။</p>
<p class=""bodytext"">ဘိက္ခု ထုလ္လစ္စယံ အဇ္ဈာပဇ္ဇန္တော ဒိဋ္ဌော ဟောတိ ထုလ္လစ္စယေ ထုလ္လစ္စယဒိဋ္ဌိ ဟောတိ…ပေ… ထုလ္လစ္စယေ ပါစိတ္တိယဒိဋ္ဌိ ဟောတိ… ပါဋိဒေသနီယဒိဋ္ဌိ <a name=""T1.0395""></a> ဟောတိ… ဒုက္ကဋဒိဋ္ဌိ ဟောတိ… ဒုဗ္ဘာသိတဒိဋ္ဌိ ဟောတိ… သံဃာဒိသေသဒိဋ္ဌိ ဟောတိ။ တဉ္စေ ပါရာဇိကေန စောဒေတိ – ‘‘အဿမဏောသိ’’ <a name=""V0.0268""></a> …ပေ… ဧဝမ္ပိ အာပတ္တညဘာဂိယံ ဟောတိ လေသော စ ဥပါဒိန္နော, အာပတ္တိ ဝါစာယ, ဝါစာယ သံဃာဒိသေသဿ။</p>
<p class=""bodytext"">ဘိက္ခု ပါစိတ္တိယံ…ပေ… ပါဋိဒေသနီယံ… ဒုက္ကဋံ… ဒုဗ္ဘာသိတံ အဇ္ဈာပဇ္ဇန္တော ဒိဋ္ဌော ဟောတိ, ဒုဗ္ဘာသိတေ ဒုဗ္ဘာသိတဒိဋ္ဌိ ဟောတိ…ပေ… ဒုဗ္ဘာသိတေ သံဃာဒိသေသဒိဋ္ဌိ ဟောတိ… ထုလ္လစ္စယဒိဋ္ဌိ ဟောတိ… ပါစိတ္တိယဒိဋ္ဌိ ဟောတိ… ပါဋိဒေသနီယဒိဋ္ဌိ ဟောတိ… ဒုက္ကဋဒိဋ္ဌိ ဟောတိ။ တဉ္စေ ပါရာဇိကေန စောဒေတိ – ‘‘အဿမဏောသိ, အသကျပုတ္တိယောသိ, နတ္ထိ တယာ သဒ္ဓိံ ဥပေါသထော ဝါ ပဝါရဏာ ဝါ သံဃကမ္မံ ဝါ’’တိ, ဧဝမ္ပိ အာပတ္တညဘာဂိယံ ဟောတိ လေသော စ ဥပါဒိန္နော, အာပတ္တိ ဝါစာယ, ဝါစာယ သံဃာဒိသေသဿ။</p>
<p class=""bodytext"">ဧကေကံ မူလံ ကာတုန စက္ကံ ဗန္ဓိတဗ္ဗံ။</p>
",-406-
262,mula_vi_01,262,"<p class=""bodytext""><a name=""para407""></a><a name=""para407_vin1""></a><span class=""paranum"">၄၀၇</span>။ ဘိက္ခု <a name=""M0.0262""></a> သံဃာဒိသေသံ အဇ္ဈာပဇ္ဇန္တော ဒိဋ္ဌော ဟောတိ သံဃာဒိသေသေ သံဃာဒိသေသဒိဋ္ဌိ ဟောတိ။ တဉ္စေ ပါရာဇိကေန စောဒါပေတိ – ‘‘အဿမဏောသိ’’…ပေ… ဧဝမ္ပိ အာပတ္တညဘာဂိယံ ဟောတိ လေသော စ ဥပါဒိန္နော, အာပတ္တိ ဝါစာယ, ဝါစာယ သံဃာဒိသေသဿ။</p>
<p class=""bodytext"">ဘိက္ခု သံဃာဒိသေသံ အဇ္ဈာပဇ္ဇန္တော ဒိဋ္ဌော ဟောတိ, သံဃာဒိသေသေ ထုလ္လစ္စယဒိဋ္ဌိ <a name=""T1.0396""></a> ဟောတိ…ပေ… ပါစိတ္တိယဒိဋ္ဌိ ဟောတိ… ပါဋိဒေသနီယဒိဋ္ဌိ ဟောတိ… ဒုက္ကဋဒိဋ္ဌိ ဟောတိ… ဒုဗ္ဘာသိတဒိဋ္ဌိ ဟောတိ။ တဉ္စေ ပါရာဇိကေန စောဒါပေတိ – ‘‘အဿမဏောသိ’’…ပေ… ဧဝမ္ပိ အာပတ္တညဘာဂိယံ ဟောတိ လေသော စ ဥပါဒိန္နော, အာပတ္တိ ဝါစာယ, ဝါစာယ သံဃာဒိသေသဿ။</p>
<p class=""bodytext"">ဘိက္ခု ထုလ္လစ္စယံ အဇ္ဈာပဇ္ဇန္တော ဒိဋ္ဌော ဟောတိ ထုလ္လစ္စယေ ထုလ္လစ္စယဒိဋ္ဌိ ဟောတိ…ပေ… ထုလ္လစ္စယေ ပါစိတ္တိယဒိဋ္ဌိ ဟောတိ… ပါဋိဒေသနီယဒိဋ္ဌိ ဟောတိ… ဒုက္ကဋဒိဋ္ဌိ ဟောတိ… ဒုဗ္ဘာသိတဒိဋ္ဌိ ဟောတိ… သံဃာဒိသေသဒိဋ္ဌိ ဟောတိ။ တဉ္စေ ပါရာဇိကေန စောဒါပေတိ – ‘‘အဿမဏောသိ’’…ပေ… ဧဝမ္ပိ အာပတ္တညဘာဂိယံ ဟောတိ လေသော စ ဥပါဒိန္နော, အာပတ္တိ ဝါစာယ, ဝါစာယ သံဃာဒိသေသဿ။</p>
<p class=""bodytext"">ဘိက္ခု ပါစိတ္တိယံ…ပေ… ပါဋိဒေသနီယံ… ဒုက္ကဋံ… ဒုဗ္ဘာသိတံ အဇ္ဈာပဇ္ဇန္တော ဒိဋ္ဌော ဟောတိ ဒုဗ္ဘာသိတေ ဒုဗ္ဘာသိတဒိဋ္ဌိ ဟောတိ…ပေ… ဒုဗ္ဘာသိတေ သံဃာဒိသေသဒိဋ္ဌိ ဟောတိ… ထုလ္လစ္စယဒိဋ္ဌိ <a name=""V0.0269""></a> ဟောတိ… ပါစိတ္တိယဒိဋ္ဌိ ဟောတိ… ပါဋိဒေသနီယဒိဋ္ဌိ ဟောတိ… ဒုက္ကဋဒိဋ္ဌိ ဟောတိ။ တဉ္စေ ပါရာဇိကေန စောဒါပေတိ – ‘‘အဿမဏောသိ<a name=""T1.0397""></a>, အသကျပုတ္တိယောသိ, နတ္ထိ တယာ သဒ္ဓိံ ဥပေါသထော ဝါ ပဝါရဏာ ဝါ သံဃကမ္မံ ဝါ’’တိ, ဧဝမ္ပိ အာပတ္တညဘာဂိယံ ဟောတိ လေသော စ ဥပါဒိန္နော, အာပတ္တိ ဝါစာယ, ဝါစာယ သံဃာဒိသေသဿ။</p>
<p class=""bodytext""><a name=""para408""></a><a name=""para408_vin1""></a><span class=""paranum"">၄၀၈</span>။ အနာပတ္တိ တထာသညီ စောဒေတိ ဝါ စောဒါပေတိ ဝါ, ဥမ္မတ္တကဿ, အာဒိကမ္မိကဿာတိ။</p>
<p class=""centered"">ဒုတိယဒုဋ္ဌဒေါသသိက္ခာပဒံ နိဋ္ဌိတံ နဝမံ။</p>
",-407-408-
263,mula_vi_01,263,"<p class=""title"">၁၀။ သံဃဘေဒသိက္ခာပဒံ</p>
<p class=""bodytext""><a name=""para409""></a><a name=""para409_vin1""></a><span class=""paranum"">၄၀၉</span>။ <span class=""note"">[ဣဒံ ဝတ္ထု စူဠဝ။ ၃၄၃]</span> တေန <a name=""T1.0398""></a><a name=""P3.0171""></a><a name=""M0.0263""></a> သမယေန ဗုဒ္ဓေါ ဘဂဝါ ရာဇဂဟေ ဝိဟရတိ ဝေဠုဝနေ ကလန္ဒကနိဝါပေ။ အထ ခေါ ဒေဝဒတ္တော ယေန ကောကာလိကော ကဋမောဒကတိဿကော <span class=""note"">[ကဋမောရကတိဿကော (သီ။ သျာ။)]</span> ခဏ္ဍဒေဝိယာ ပုတ္တော သမုဒ္ဒဒတ္တော တေနုပသင်္ကမိ၊ ဥပသင်္ကမိတွာ ကောကာလိကံ ကဋမောဒကတိဿကံ ခဏ္ဍဒေဝိယာ ပုတ္တံ သမုဒ္ဒဒတ္တံ ဧတဒဝေါစ – ‘‘ဧထ မယံ, အာဝုသော, သမဏဿ ဂေါတမဿ သံဃဘေဒံ ကရိဿာမ စက္ကဘေဒ’’န္တိ။ ဧဝံ ဝုတ္တေ ကောကာလိကော ဒေဝဒတ္တံ ဧတဒဝေါစ – ‘‘သမဏော ခေါ, အာဝုသော, ဂေါတမော မဟိဒ္ဓိကော မဟာနုဘာဝေါ။ ကထံ မယံ သမဏဿ ဂေါတမဿ သံဃဘေဒံ ကရိဿာမ စက္ကဘေဒ’’န္တိ? ‘‘ဧထ မယံ, အာဝုသော, သမဏံ ဂေါတမံ ဥပသင်္ကမိတွာ ပဉ္စ ဝတ္ထူနိ ယာစိဿာမ – ‘ဘဂဝါ, ဘန္တေ, အနေကပရိယာယေန အပ္ပိစ္ဆဿ သန္တုဋ္ဌဿ သလ္လေခဿ ဓုတဿ ပါသာဒိကဿ အပစယဿ ဝီရိယာရမ္ဘဿ <span class=""note"">[ဝီရိယာရဗ္ဘဿ (က။)]</span> ဝဏ္ဏဝါဒီ။ ဣမာနိ, ဘန္တေ, ပဉ္စ ဝတ္ထူနိ အနေကပရိယာယေန အပ္ပိစ္ဆတာယ သန္တုဋ္ဌိယာ သလ္လေခါယ ဓုတတာယ ပါသာဒိကတာယ အပစယာယ ဝီရိယာရမ္ဘာယ သံဝတ္တန္တိ။ သာဓု, ဘန္တေ, ဘိက္ခူ ယာဝဇီဝံ အာရညိကာ အဿု၊ ယော ဂါမန္တံ ဩသရေယျ, ဝဇ္ဇံ နံ ဖုသေယျ။ ယာဝဇီဝံ ပိဏ္ဍပါတိကာ အဿု၊ ယော နိမန္တနံ သာဒိယေယျ, ဝဇ္ဇံ နံ ဖုသေယျ။ ယာဝဇီဝံ ပံသုကူလိကာ အဿု၊ ယော ဂဟပတိစီဝရံ သာဒိယေယျ, ဝဇ္ဇံ နံ ဖုသေယျ။ ယာဝဇီဝံ ရုက္ခမူလိကာ အဿု၊ ယော ဆန္နံ ဥပဂစ္ဆေယျ, ဝဇ္ဇံ နံ ဖုသေယျ။ ယာဝဇီဝံ မစ္ဆမံသံ <a name=""T1.0399""></a> န ခါဒေယျုံ၊ ယော မစ္ဆမံသံ ခါဒေယျ, ဝဇ္ဇံ နံ ဖုသေယျာ’တိ။ ဣမာနိ သမဏော ဂေါတမော နာနုဇာနိဿတိ။ တေ မယံ ဣမေဟိ ပဉ္စဟိ <a name=""V0.0270""></a> ဝတ္ထူဟိ ဇနံ သညာပေဿာမာတိ။ သက္ကာ ခေါ, အာဝုသော, ဣမေဟိ ပဉ္စဟိ ဝတ္ထူဟိ သမဏဿ ဂေါတမဿ သံဃဘေဒေါ ကာတုံ စက္ကဘေဒေါ။ လူခပသန္နာ ဟိ, အာဝုသော, မနုဿာ’’တိ။</p>
<p class=""bodytext"">အထ ခေါ ဒေဝဒတ္တော သပရိသော ယေန ဘဂဝါ တေနုပသင်္ကမိ၊ ဥပသင်္ကမိတွာ ဘဂဝန္တံ အဘိဝါဒေတွာ ဧကမန္တံ နိသီဒိ။ ဧကမန္တံ နိသိန္နော ခေါ ဒေဝဒတ္တော ဘဂဝန္တံ ဧတဒဝေါစ – ‘‘ဘဂဝါ, ဘန္တေ, အနေကပရိယာယေန အပ္ပိစ္ဆဿ…ပေ… ဝီရိယာရမ္ဘဿ ဝဏ္ဏဝါဒီ။ ဣမာနိ, ဘန္တေ, ပဉ္စ ဝတ္ထူနိ အနေကပရိယာယေန အပ္ပိစ္ဆတာယ…ပေ… ဝီရိယာရမ္ဘာယ သံဝတ္တန္တိ။ သာဓု, ဘန္တေ,</p>
",-409-
264,mula_vi_01,264,"<p class=""noindentbodytext""> ဘိက္ခူ<a name=""M0.0264""></a> ယာဝဇီဝံ အာရညိကာ အဿု၊ ယော ဂါမန္တံ ဩသရေယျ ဝဇ္ဇံ နံ ဖုသေယျ…ပေ… ယာဝဇီဝံ မစ္ဆမံသံ န ခါဒေယျုံ, ယော မစ္ဆမံသံ ခါဒေယျ ဝဇ္ဇံ နံ ဖုသေယျာ’’တိ။ ‘‘အလံ, ဒေဝဒတ္တ, ယော ဣစ္ဆတိ အာရညိကော ဟောတု, ယော ဣစ္ဆတိ ဂါမန္တေ ဝိဟရတု၊ ယော ဣစ္ဆတိ ပိဏ္ဍပါတိကော <a name=""P3.0172""></a> ဟောတု, ယော <a name=""T1.0400""></a> ဣစ္ဆတိ နိမန္တနံ သာဒိယတု၊ ယော ဣစ္ဆတိ ပံသုကူလိကော ဟောတု, ယော ဣစ္ဆတိ ဂဟပတိစီဝရံ သာဒိယတု။ အဋ္ဌမာသေ ခေါ မယာ, ဒေဝဒတ္တ, ရုက္ခမူလသေနာသနံ အနုညာတံ, တိကောဋိပရိသုဒ္ဓံ မစ္ဆမံသံ – အဒိဋ္ဌံ အသုတံ အပရိသင်္ကိတ’’န္တိ။ အထ ခေါ ဒေဝဒတ္တော – ‘‘န ဘဂဝါ ဣမာနိ ပဉ္စ ဝတ္ထူနိ အနုဇာနာတီ’’တိ ဟဋ္ဌော ဥဒဂ္ဂေါ သပရိသော ဥဋ္ဌာယာသနာ ဘဂဝန္တံ အဘိဝါဒေတွာ ပဒက္ခိဏံ ကတွာ ပက္ကာမိ။</p>
<p class=""bodytext""><a name=""para410""></a><a name=""para410_vin1""></a><span class=""paranum"">၄၁၀</span>။ အထ ခေါ ဒေဝဒတ္တော သပရိသော ရာဇဂဟံ ပဝိသိတွာ ပဉ္စဟိ ဝတ္ထူဟိ ဇနံ သညာပေသိ – ‘‘မယံ, အာဝုသော, သမဏံ ဂေါတမံ ဥပသင်္ကမိတွာ ပဉ္စ ဝတ္ထူနိ ယာစိမှာ – ‘ဘဂဝါ, ဘန္တေ, အနေကပရိယာယေန အပ္ပိစ္ဆဿ သန္တုဋ္ဌဿ သလ္လေခဿ ဓုတဿ ပါသာဒိကဿ အပစယဿ ဝီရိယာရမ္ဘဿ ဝဏ္ဏဝါဒီ။ ဣမာနိ, ဘန္တေ, ပဉ္စ ဝတ္ထူနိ အနေကပရိယာယေန အပ္ပိစ္ဆတာယ သန္တုဋ္ဌိယာ သလ္လေခါယ ဓုတတာယ ပါသာဒိကတာယ အပစယာယ ဝီရိယာရမ္ဘာယ သံဝတ္တန္တိ။ သာဓု, ဘန္တေ, ဘိက္ခူ ယာဝဇီဝံ အာရညိကာ အဿု၊ ယော ဂါမန္တံ ဩသရေယျ, ဝဇ္ဇံ နံ ဖုသေယျ။ ယာဝဇီဝံ ပိဏ္ဍပါတိကာ အဿု၊ ယော နိမန္တနံ သာဒိယေယျ, ဝဇ္ဇံ နံ ဖုသေယျ။ ယာဝဇီဝံ ပံသုကူလိကာ အဿု၊ ယော ဂဟပတိစီဝရံ သာဒိယေယျ, ဝဇ္ဇံ နံ ဖုသေယျ။ ယာဝဇီဝံ ရုက္ခမူလိကာ အဿု၊ ယော ဆန္နံ ဥပဂစ္ဆေယျ, ဝဇ္ဇံ နံ ဖုသေယျ။ ယာဝဇီဝံ မစ္ဆမံသံ န ခါဒေယျုံ၊ ယော မစ္ဆမံသံ ခါဒေယျ, ဝဇ္ဇံ နံ ဖုသေယျာ’တိ။ ဣမာနိ သမဏော ဂေါတမော နာနုဇာနာတိ<a name=""T1.0401""></a>။ တေ မယံ ဣမေဟိ ပဉ္စဟိ ဝတ္ထူဟိ သမာဒါယ ဝတ္တာမာ’’တိ။ တတ္ထ ယေ တေ မနုဿာ အဿဒ္ဓါ အပ္ပသန္နာ ဒုဗ္ဗုဒ္ဓိနော တေ ဧဝမာဟံသု – ‘‘ဣမေ ခေါ သမဏာ သကျပုတ္တိယာ ဓုတာ သလ္လေခဝုတ္တိနော, သမဏော ပန ဂေါတမော ဗာဟုလ္လိကော ဗာဟုလ္လာယ စေတေတီ’’တိ။ ယေ <a name=""V0.0271""></a> ပန တေ မနုဿာ သဒ္ဓါ ပသန္နာ ပဏ္ဍိတာ ဗျတ္တာ ဗုဒ္ဓိမန္တော တေ ဥဇ္ဈာယန္တိ ခိယျန္တိ ဝိပါစေန္တိ – ‘‘ကထဉှိ နာမ ဒေဝဒတ္တော ဘဂဝတော သံဃဘေဒါယ ပရက္ကမိဿတိ စက္ကဘေဒါယာ’’တိ! အဿောသုံ ခေါ ဘိက္ခူ တေသံ မနုဿာနံ ဥဇ္ဈာယန္တာနံ ခိယျန္တာနံ ဝိပါစေန္တာနံ။ ယေ တေ ဘိက္ခူ အပ္ပိစ္ဆာ…ပေ… တေ ဥဇ္ဈာယန္တိ ခိယျန္တိ</p>
",-410-
265,mula_vi_01,265,"<p class=""noindentbodytext""> ဝိပါစေန္တိ<a name=""M0.0265""></a> – ‘‘ကထဉှိ နာမ ဒေဝဒတ္တော သံဃဘေဒါယ ပရက္ကမိဿတိ စက္ကဘေဒါယာ’’တိ! အထ ခေါ တေ ဘိက္ခူ ဒေဝဒတ္တံ အနေကပရိယာယေန ဝိဂရဟိတွာ ဘဂဝတော ဧတမတ္ထံ အာရောစေသုံ…ပေ… ‘‘သစ္စံ ကိရ တွံ, ဒေဝဒတ္တ, သံဃဘေဒါယ ပရက္ကမသိ စက္ကဘေဒါယာ’’တိ? ‘‘သစ္စံ, ဘဂဝါ’’တိ။ ဝိဂရဟိ ဗုဒ္ဓေါ ဘဂဝါ…ပေ… ‘‘ကထဉှိ နာမ တွံ, မောဃပုရိသ, သံဃဘေဒါယ ပရက္ကမိဿသိ စက္ကဘေဒါယ! နေတံ, မောဃပုရိသ, အပ္ပသန္နာနံ ဝါ ပသာဒါယ…ပေ… ဧဝဉ္စ ပန, ဘိက္ခဝေ, ဣမံ သိက္ခာပဒံ ဥဒ္ဒိသေယျာထ –</p>
<p class=""bodytext""><a name=""para411""></a><a name=""para411_vin1""></a><span class=""paranum"">၄၁၁</span>။ <span class=""bld"">‘‘ယော ပန ဘိက္ခု သမဂ္ဂဿ သံဃဿ ဘေဒါယ ပရက္ကမေယျ, ဘေဒနသံဝတ္တနိကံ ဝါ အဓိကရဏံ သမာဒါယ ပဂ္ဂယှ တိဋ္ဌေယျ, သော ဘိက္ခု ဘိက္ခူဟိ ဧဝမဿ ဝစနီယော – ‘မာယသ္မာ သမဂ္ဂဿ သံဃဿ ဘေဒါယ ပရက္ကမိ, ဘေဒနသံဝတ္တနိကံ ဝါ <a name=""T1.0402""></a> အဓိကရဏံ သမာဒါယ ပဂ္ဂယှ အဋ္ဌာသိ။ သမေတာယသ္မာ သံဃေန။ သမဂ္ဂေါ ဟိ သံဃော သမ္မောဒမာနော အဝိဝဒမာနော ဧကုဒ္ဒေသော ဖာသု ဝိဟရတီ’တိ။ ဧဝဉ္စ သော ဘိက္ခု ဘိက္ခူဟိ ဝုစ္စမာနော တထေဝ ပဂ္ဂဏှေယျ</span> <a name=""P3.0173""></a><span class=""bld"">, သော ဘိက္ခု ဘိက္ခူဟိ ယာဝတတိယံ သမနုဘာသိတဗ္ဗော တဿ ပဋိနိဿဂ္ဂါယ။ ယာဝတတိယဉ္စေ သမနုဘာသိယမာနော တံ ပဋိနိဿဇ္ဇေယျ, ဣစ္စေတံ ကုသလံ၊ နော စေ ပဋိနိဿဇ္ဇေယျ, သံဃာဒိသေသော’’</span>တိ။</p>
<p class=""bodytext""><a name=""para412""></a><a name=""para412_vin1""></a><span class=""paranum"">၄၁၂</span>။ <span class=""bld"">ယော ပနာ</span>တိ ယော ယာဒိသော…ပေ… <span class=""bld"">ဘိက္ခူ</span>တိ…ပေ… အယံ ဣမသ္မိံ အတ္ထေ အဓိပ္ပေတော ဘိက္ခူတိ။</p>
<p class=""bodytext""><span class=""bld"">သမဂ္ဂေါ</span> နာမ <span class=""bld"">သံဃော</span> သမာနသံဝါသကော သမာနသီမာယံ ဌိတော။</p>
<p class=""bodytext""><span class=""bld"">ဘေဒါယ ပရက္ကမေယျာ</span>တိ – ‘‘ကထံ ဣမေ နာနာ အဿု, ဝိနာ အဿု, ဝဂ္ဂါ အဿူ’’တိ ပက္ခံ ပရိယေသတိ, ဂဏံ ဗန္ဓတိ။</p>
<p class=""bodytext""><span class=""bld"">ဘေဒနသံဝတ္တနိကံ ဝါ အဓိကရဏ</span>န္တိ အဋ္ဌာရသဘေဒကရဝတ္ထူနိ။</p>
<p class=""bodytext""><span class=""bld"">သမာဒါယာ</span>တိ <a name=""V0.0272""></a> အာဒါယ။</p>
<p class=""bodytext""><span class=""bld"">ပဂ္ဂယှာ</span>တိ ဒီပေယျ။</p>
<p class=""bodytext""><span class=""bld"">တိဋ္ဌေယျာ</span>တိ န ပဋိနိဿဇ္ဇေယျ။</p>
<p class=""bodytext""><span class=""bld"">သော ဘိက္ခူ</span>တိ ယော သော သံဃဘေဒကော ဘိက္ခု။</p>
<p class=""bodytext""><span class=""bld"">ဘိက္ခူဟီ</span>တိ အညေဟိ ဘိက္ခူဟိ။</p>
",-411-412-
266,mula_vi_01,266,"<p class=""bodytext"">ယေ <a name=""M0.0266""></a> ပဿန္တိ, ယေ သုဏန္တိ, တေဟိ ဝတ္တဗ္ဗော – ‘‘မာယသ္မာ သမဂ္ဂဿ သံဃဿ ဘေဒါယ ပရက္ကမိ, ဘေဒနသံဝတ္တနိကံ ဝါ အဓိကရဏံ သမာဒါယ ပဂ္ဂယှ အဋ္ဌာသိ။ သမေတာယသ္မာ သံဃေန။ သမဂ္ဂေါ ဟိ သံဃော သမ္မောဒမာနော အဝိဝဒမာနော ဧကုဒ္ဒေသော ဖာသု ဝိဟရတီ’’တိ။ ဒုတိယမ္ပိ ဝတ္တဗ္ဗော။ တတိယမ္ပိ ဝတ္တဗ္ဗော။ သစေ ပဋိနိဿဇ္ဇတိ, ဣစ္စေတံ ကုသလံ၊ နော စေ ပဋိနိဿဇ္ဇတိ, အာပတ္တိ ဒုက္ကဋဿ။ သုတွာ န ဝဒန္တိ<a name=""T1.0403""></a>, အာပတ္တိ ဒုက္ကဋဿ။ သော ဘိက္ခု သံဃမဇ္ဈမ္ပိ အာကဍ္ဎိတွာ ဝတ္တဗ္ဗော – ‘‘မာယသ္မာ သမဂ္ဂဿ သံဃဿ ဘေဒါယ ပရက္ကမိ, ဘေဒနသံဝတ္တနိကံ ဝါ အဓိကရဏံ သမာဒါယ ပဂ္ဂယှ အဋ္ဌာသိ။ သမေတာယသ္မာ သံဃေန။ သမဂ္ဂေါ ဟိ သံဃော သမ္မောဒမာနော အဝိဝဒမာနော ဧကုဒ္ဒေသော ဖာသု ဝိဟရတီ’’တိ။ ဒုတိယမ္ပိ ဝတ္တဗ္ဗော။ တတိယမ္ပိ ဝတ္တဗ္ဗော။ သစေ ပဋိနိဿဇ္ဇတိ, ဣစ္စေတံ ကုသလံ၊ နော စေ ပဋိနိဿဇ္ဇတိ, အာပတ္တိ ဒုက္ကဋဿ။ သော ဘိက္ခု သမနုဘာသိတဗ္ဗော – ‘‘ဧဝဉ္စ ပန, ဘိက္ခဝေ, သမနုဘာသိတဗ္ဗော။ ဗျတ္တေန ဘိက္ခုနာ ပဋိဗလေန သံဃော ဉာပေတဗ္ဗော –</p>
<p class=""bodytext""><a name=""para413""></a><a name=""para413_vin1""></a><span class=""paranum"">၄၁၃</span>။ ‘‘သုဏာတု မေ, ဘန္တေ, သံဃော။ အယံ ဣတ္ထန္နာမော ဘိက္ခု သမဂ္ဂဿ သံဃဿ ဘေဒါယ ပရက္ကမတိ။ သော တံ ဝတ္ထုံ န ပဋိနိဿဇ္ဇတိ။ ယဒိ သံဃဿ ပတ္တကလ္လံ, သံဃော ဣတ္ထန္နာမံ ဘိက္ခုံ သမနုဘာသေယျ တဿ ဝတ္ထုဿ ပဋိနိဿဂ္ဂါယ။ ဧသာ ဉတ္တိ။</p>
<p class=""bodytext"">‘‘သုဏာတု မေ, ဘန္တေ, သံဃော။ အယံ ဣတ္ထန္နာမော ဘိက္ခု သမဂ္ဂဿ သံဃဿ ဘေဒါယ ပရက္ကမတိ။ သော တံ ဝတ္ထုံ န ပဋိနိဿဇ္ဇတိ။ သံဃော ဣတ္ထန္နာမံ <a name=""P3.0174""></a> ဘိက္ခုံ သမနုဘာသတိ တဿ ဝတ္ထုဿ <a name=""V0.0273""></a> ပဋိနိဿဂ္ဂါယ။ ယဿာယသ္မတော ခမတိ ဣတ္ထန္နာမဿ ဘိက္ခုနော သမနုဘာသနာ တဿ ဝတ္ထုဿ ပဋိနိဿဂ္ဂါယ, သော တုဏှဿ၊ ယဿ နက္ခမတိ, သော ဘာသေယျ။</p>
<p class=""bodytext"">‘‘ဒုတိယမ္ပိ ဧတမတ္ထံ ဝဒါမိ…ပေ… တတိယမ္ပိ ဧတမတ္ထံ ဝဒါမိ – သုဏာတု မေ, ဘန္တေ, သံဃော။ အယံ ဣတ္ထန္နာမော ဘိက္ခု သမဂ္ဂဿ သံဃဿ ဘေဒါယ ပရက္ကမတိ။ သော တံ ဝတ္ထုံ န ပဋိနိဿဇ္ဇတိ။ သံဃော ဣတ္ထန္နာမံ ဘိက္ခုံ သမနုဘာသတိ တဿ ဝတ္ထုဿ ပဋိနိဿဂ္ဂါယ။ ယဿာယသ္မတော <a name=""T1.0404""></a> ခမတိ ဣတ္ထန္နာမဿ ဘိက္ခုနော သမနုဘာသနာ တဿ ဝတ္ထုဿ ပဋိနိဿဂ္ဂါယ, သော တုဏှဿ၊ ယဿ နက္ခမတိ, သော ဘာသေယျ။</p>
<p class=""bodytext"">‘‘သမနုဘဋ္ဌော သံဃေန ဣတ္ထန္နာမော ဘိက္ခု တဿ ဝတ္ထုဿ ပဋိနိဿဂ္ဂါယ။ ခမတိ သံဃဿ, တသ္မာ တုဏှီ, ဧဝမေတံ ဓာရယာမီ’’တိ။</p>
",-413-
267,mula_vi_01,267,"<p class=""bodytext""><a name=""para414""></a><a name=""para414_vin1""></a><span class=""paranum"">၄၁၄</span>။ ဉတ္တိယာ <a name=""M0.0267""></a> ဒုက္ကဋံ, ဒွီဟိ ကမ္မဝါစာဟိ ထုလ္လစ္စယာ, ကမ္မဝါစာပရိယောသာနေ အာပတ္တိ သံဃာဒိသေသဿ။ သံဃာဒိသေသံ အဇ္ဈာပဇ္ဇန္တဿ ဉတ္တိယာ ဒုက္ကဋံ, ဒွီဟိ ကမ္မဝါစာဟိ ထုလ္လစ္စယာ ပဋိပ္ပဿမ္ဘန္တိ။</p>
<p class=""bodytext""><span class=""bld"">သံဃာဒိသေသော</span>တိ…ပေ… တေနပိ ဝုစ္စတိ သံဃာဒိသေသောတိ။</p>
<p class=""bodytext""><a name=""para415""></a><a name=""para415_vin1""></a><span class=""paranum"">၄၁၅</span>။ ဓမ္မကမ္မေ ဓမ္မကမ္မသညီ န ပဋိနိဿဇ္ဇတိ, အာပတ္တိ သံဃာဒိသေသဿ။</p>
<p class=""bodytext"">ဓမ္မကမ္မေ ဝေမတိကော န ပဋိနိဿဇ္ဇတိ, အာပတ္တိ သံဃာဒိသေသဿ။</p>
<p class=""bodytext"">ဓမ္မကမ္မေ အဓမ္မကမ္မသညီ န ပဋိနိဿဇ္ဇတိ, အာပတ္တိ သံဃာဒိသေသဿ။</p>
<p class=""bodytext"">အဓမ္မကမ္မေ ဓမ္မကမ္မသညီ, အာပတ္တိ ဒုက္ကဋဿ။</p>
<p class=""bodytext"">အဓမ္မကမ္မေ ဝေမတိကော, အာပတ္တိ ဒုက္ကဋဿ။</p>
<p class=""bodytext"">အဓမ္မကမ္မေ အဓမ္မကမ္မသညီ, အာပတ္တိ ဒုက္ကဋဿ။</p>
<p class=""bodytext""><a name=""para416""></a><a name=""para416_vin1""></a><span class=""paranum"">၄၁၆</span>။ အနာပတ္တိ <a name=""V0.0274""></a> အသမနုဘာသန္တဿ, ပဋိနိဿဇ္ဇန္တဿ, ဥမ္မတ္တကဿ, ခိတ္တစိတ္တဿ, ဝေဒနာဋ္ဋဿ, အာဒိကမ္မိကဿာတိ။</p>
<p class=""centered"">သံဃဘေဒသိက္ခာပဒံ နိဋ္ဌိတံ ဒသမံ။</p>
<p class=""title"">၁၁။ ဘေဒါနုဝတ္တကသိက္ခာပဒံ</p>
<p class=""bodytext""><a name=""para417""></a><a name=""para417_vin1""></a><span class=""paranum"">၄၁၇</span>။ တေန <a name=""T1.0405""></a> သမယေန ဗုဒ္ဓေါ ဘဂဝါ ရာဇဂဟေ ဝိဟရတိ ဝေဠုဝနေ ကလန္ဒကနိဝါပေ။ တေန ခေါ ပန သမယေန ဒေဝဒတ္တော သံဃဘေဒါယ ပရက္ကမတိ စက္ကဘေဒါယ။ ဘိက္ခူ ဧဝမာဟံသု – ‘‘အဓမ္မဝါဒီ ဒေဝဒတ္တော, အဝိနယဝါဒီ ဒေဝဒတ္တော။ ကထဉှိ နာမ ဒေဝဒတ္တော သံဃဘေဒါယ ပရက္ကမိဿတိ စက္ကဘေဒါယာ’’တိ! ဧဝံ ဝုတ္တေ ကောကာလိကော ကဋမောဒကတိဿကော ခဏ္ဍဒေဝိယာ ပုတ္တော သမုဒ္ဒဒတ္တော တေ ဘိက္ခူ ဧတဒဝေါစုံ – ‘‘မာယသ္မန္တော ဧဝံ အဝစုတ္ထ။ ဓမ္မဝါဒီ <a name=""P3.0175""></a> ဒေဝဒတ္တော, ဝိနယဝါဒီ ဒေဝဒတ္တော။ အမှာကဉ္စ ဒေဝဒတ္တော ဆန္ဒဉ္စ ရုစိဉ္စ အာဒါယ ဝေါဟရတိ ဇာနာတိ နော ဘာသတိ အမှာကံပေတံ ခမတီ’’တိ။ ယေ တေ ဘိက္ခူ အပ္ပိစ္ဆာ…ပေ… တေ ဥဇ္ဈာယန္တိ ခိယျန္တိ ဝိပါစေန္တိ – ‘‘ကထဉှိ နာမ ဘိက္ခူ</p>
",-414-415-416-417-
268,mula_vi_01,268,"<p class=""noindentbodytext""> ဒေဝဒတ္တဿ<a name=""M0.0268""></a> သံဃဘေဒါယ ပရက္ကမန္တဿ အနုဝတ္တကာ ဘဝိဿန္တိ ဝဂ္ဂဝါဒကာ’’တိ! အထ ခေါ တေ ဘိက္ခူ တေ အနုဝတ္တကေ ဘိက္ခူ အနေကပရိယာယေန ဝိဂရဟိတွာ ဘဂဝတော ဧတမတ္ထံ အာရောစေသုံ…ပေ… ‘‘သစ္စံ ကိရ, ဘိက္ခဝေ, ဘိက္ခူ ဒေဝဒတ္တဿ သံဃဘေဒါယ ပရက္ကမန္တဿ အနုဝတ္တကာ ဟောန္တိ ဝဂ္ဂဝါဒကာ’’တိ? ‘‘သစ္စံ, ဘဂဝါ’’တိ။ ဝိဂရဟိ ဗုဒ္ဓေါ ဘဂဝါ…ပေ… ‘‘ကထဉှိ နာမ တေ, ဘိက္ခဝေ, မောဃပုရိသာ ဒေဝဒတ္တဿ သံဃဘေဒါယ ပရက္ကမန္တဿ အနုဝတ္တကာ ဘဝိဿန္တိ ဝဂ္ဂဝါဒကာ<a name=""T1.0406""></a>! နေတံ, ဘိက္ခဝေ, အပ္ပသန္နာနံ ဝါ ပသာဒါယ…ပေ… ဧဝဉ္စ ပန, ဘိက္ခဝေ, ဣမံ သိက္ခာပဒံ ဥဒ္ဒိသေယျာထ –</p>
<p class=""bodytext""><a name=""para418""></a><a name=""para418_vin1""></a><span class=""paranum"">၄၁၈</span>။ <span class=""bld"">‘‘တဿေဝ ခေါ ပန ဘိက္ခုဿ ဘိက္ခူ ဟောန္တိ အနုဝတ္တကာ ဝဂ္ဂဝါဒကာ ဧကော ဝါ ဒွေ ဝါ တယော ဝါ။ တေ ဧဝံ ဝဒေယျုံ – ‘မာယသ္မန္တော ဧတံ ဘိက္ခုံ ကိဉ္စိ အဝစုတ္ထ။ ဓမ္မဝါဒီ စေသော ဘိက္ခု, ဝိနယဝါဒီ စေသော ဘိက္ခု။ အမှာကဉ္စေသော ဘိက္ခု ဆန္ဒဉ္စ ရုစိဉ္စ အာဒါယ ဝေါဟရတိ ဇာနာတိ နော ဘာသတိ အမှာကမ္ပေတံ ခမတီ’တိ, တေ ဘိက္ခူ ဘိက္ခူဟိ ဧဝမဿု ဝစနီယာ – ‘မာယသ္မန္တော ဧဝံ အဝစုတ္ထ, န စေသော ဘိက္ခု ဓမ္မဝါဒီ, န စေသော ဘိက္ခု ဝိနယဝါဒီ, မာယသ္မန္တာနမ္ပိ သံဃဘေဒေါ ရုစ္စိတ္ထ, သမေတာယသ္မန္တာနံ သံဃေန, သမဂ္ဂေါ ဟိ သံဃော သမ္မောဒမာနော <a name=""V0.0275""></a> အဝိဝဒမာနော ဧကုဒ္ဒေသော ဖာသု ဝိဟရတီ’တိ။ ဧဝဉ္စ တေ ဘိက္ခူ ဘိက္ခူဟိ ဝုစ္စမာနာ တထေဝ ပဂ္ဂဏှေယျုံ, တေ ဘိက္ခူ ဘိက္ခူဟိ ယာဝတတိယံ သမနုဘာသိတဗ္ဗာ တဿ ပဋိနိဿဂ္ဂါယ။ ယာဝတတိယဉ္စေ သမနုဘာသိယမာနာ တံ ပဋိနိဿဇ္ဇေယျုံ, ဣစ္စေတံ ကုသလံ, နော စေ ပဋိနိဿဇ္ဇေယျုံ, သံဃာဒိသေသော’’</span>တိ။</p>
<p class=""bodytext""><a name=""para419""></a><a name=""para419_vin1""></a><span class=""paranum"">၄၁၉</span>။ <span class=""bld"">တဿေဝ ခေါ ပနာ</span>တိ တဿ သံဃဘေဒကဿ ဘိက္ခုနော။</p>
<p class=""bodytext""><span class=""bld"">ဘိက္ခူ ဟောန္တီ</span>တိ အညေ ဘိက္ခူ ဟောန္တိ။</p>
<p class=""bodytext""><span class=""bld"">အနုဝတ္တကာ</span>တိ ယံဒိဋ္ဌိကော သော ဟောတိ ယံခန္တိကော ယံရုစိကော တေပိ တံဒိဋ္ဌိကာ ဟောန္တိ တံခန္တိကာ တံရုစိကာ။</p>
<p class=""bodytext""><span class=""bld"">ဝဂ္ဂဝါဒကာ</span>တိ တဿ ဝဏ္ဏာယ ပက္ခာယ ဌိတာ ဟောန္တိ။</p>
<p class=""bodytext""><span class=""bld"">ဧကော ဝါ ဒွေ ဝါ တယော ဝါ</span>တိ ဧကော ဝါ ဟောတိ ဒွေ ဝါ တယော ဝါ။ တေ ဧဝံ ဝဒေယျုံ – ‘‘မာယသ္မန္တော ဧတံ ဘိက္ခုံ ကိဉ္စိ အဝစုတ္ထ, ဓမ္မဝါဒီ</p>
",-418-419-
269,mula_vi_01,269,"<p class=""noindentbodytext""> စေသော <a name=""T1.0407""></a><a name=""M0.0269""></a> ဘိက္ခု, ဝိနယဝါဒီ စေသော ဘိက္ခု, အမှာကဉ္စေသော ဘိက္ခု ဆန္ဒဉ္စ ရုစိဉ္စ အာဒါယ ဝေါဟရတိ <a name=""P3.0176""></a> ဇာနာတိ နော ဘာသတိ အမှာကံပေတံ ခမတီ’တိ။</p>
<p class=""bodytext""><span class=""bld"">တေ ဘိက္ခူ</span>တိ ယေ တေ အနုဝတ္တကာ ဘိက္ခူ။</p>
<p class=""bodytext""><span class=""bld"">ဘိက္ခူဟီ</span>တိ အညေဟိ ဘိက္ခူဟိ။</p>
<p class=""bodytext"">ယေ ပဿန္တိ ယေ သုဏန္တိ တေဟိ ဝတ္တဗ္ဗာ – ‘‘မာယသ္မန္တော ဧဝံ အဝစုတ္ထ။ န စေသော ဘိက္ခု ဓမ္မဝါဒီ, န စေသော ဘိက္ခု ဝိနယဝါဒီ။ မာယသ္မန္တာနမ္ပိ သံဃဘေဒေါ ရုစ္စိတ္ထ။ သမေတာယသ္မန္တာနံ သံဃေန။ သမဂ္ဂေါ ဟိ သံဃော သမ္မောဒမာနော အဝိဝဒမာနော ဧကုဒ္ဒေသော ဖာသု ဝိဟရတီ’’တိ။ ဒုတိယမ္ပိ ဝတ္တဗ္ဗာ။ တတိယမ္ပိ ဝတ္တဗ္ဗာ။ သစေ ပဋိနိဿဇ္ဇန္တိ, ဣစ္စေတံ ကုသလံ၊ နော စေ ပဋိနိဿဇ္ဇန္တိ, အာပတ္တိ ဒုက္ကဋဿ။ သုတွာ န ဝဒန္တိ, အာပတ္တိ ဒုက္ကဋဿ။ တေ ဘိက္ခူ သံဃမဇ္ဈမ္ပိ အာကဍ္ဎိတွာ ဝတ္တဗ္ဗာ – ‘‘မာယသ္မန္တော ဧဝံ အဝစုတ္ထ။ န စေသော <a name=""V0.0276""></a> ဘိက္ခု ဓမ္မဝါဒီ, န စေသော ဘိက္ခု ဝိနယဝါဒီ။ မာယသ္မန္တာနမ္ပိ သံဃဘေဒေါ ရုစ္စိတ္ထ။ သမေတာယသ္မန္တာနံ သံဃေန။ သမဂ္ဂေါ ဟိ သံဃော သမ္မောဒမာနော အဝိဝဒမာနော ဧကုဒ္ဒေသော ဖာသု ဝိဟရတီ’’တိ။ ဒုတိယမ္ပိ ဝတ္တဗ္ဗာ။ တတိယမ္ပိ ဝတ္တဗ္ဗာ။ သစေ ပဋိနိဿဇ္ဇန္တိ, ဣစ္စေတံ ကုသလံ၊ နော စေ ပဋိနိဿဇ္ဇန္တိ, အာပတ္တိ ဒုက္ကဋဿ။ တေ ဘိက္ခူ သမနုဘာသိတဗ္ဗာ။ ဧဝဉ္စ ပန, ဘိက္ခဝေ, သမနုဘာသိတဗ္ဗာ။ ဗျတ္တေန ဘိက္ခုနာ ပဋိဗလေန သံဃော ဉာပေတဗ္ဗော –</p>
<p class=""bodytext""><a name=""para420""></a><a name=""para420_vin1""></a><span class=""paranum"">၄၂၀</span>။ ‘‘သုဏာတု မေ, ဘန္တေ, သံဃော။ ဣတ္ထန္နာမော စ ဣတ္ထနာမော စ ဘိက္ခူ ဣတ္ထန္နာမဿ ဘိက္ခုနော သံဃဘေဒါယ ပရက္ကမန္တဿ အနုဝတ္တကာ ဝဂ္ဂဝါဒကာ<a name=""T1.0408""></a>။ တေ တံ ဝတ္ထုံ န ပဋိနိဿဇ္ဇန္တိ။ ယဒိ သံဃဿ ပတ္တကလ္လံ, သံဃော ဣတ္ထန္နာမဉ္စ ဣတ္ထန္နာမဉ္စ ဘိက္ခူ သမနုဘာသေယျ တဿ ဝတ္ထုဿ ပဋိနိဿဂ္ဂါယ။ ဧသာ ဉတ္တိ။</p>
<p class=""bodytext"">‘‘သုဏာတု မေ, ဘန္တေ, သံဃော။ ဣတ္ထန္နာမော စ ဣတ္ထန္နာမော စ ဘိက္ခူ ဣတ္ထန္နာမဿ ဘိက္ခုနော သံဃဘေဒါယ ပရက္ကမန္တဿ အနုဝတ္တကာ ဝဂ္ဂဝါဒကာ။ တေ တံ ဝတ္ထုံ န ပဋိနိဿဇ္ဇန္တိ။ သံဃော ဣတ္ထန္နာမဉ္စ ဣတ္ထန္နာမဉ္စ ဘိက္ခူ သမနုဘာသတိ တဿ ဝတ္ထုဿ ပဋိနိဿဂ္ဂါယ။ ယဿာယသ္မတော ခမတိ ဣတ္ထန္နာမဿ စ ဣတ္ထန္နာမဿ စ ဘိက္ခူနံ သမနုဘာသနာ တဿ</p>
",-420-
270,mula_vi_01,270,"<p class=""noindentbodytext""> ဝတ္ထုဿ<a name=""M0.0270""></a> ပဋိနိဿဂ္ဂါယ, သော တုဏှဿ၊ ယဿ နက္ခမတိ, သော ဘာသေယျ။</p>
<p class=""bodytext"">‘‘ဒုတိယမ္ပိ ဧတမတ္ထံ ဝဒါမိ…ပေ… တတိယမ္ပိ ဧတမတ္ထံ ဝဒါမိ – သုဏာတု မေ, ဘန္တေ, သံဃော။ ဣတ္ထန္နာမော စ ဣတ္ထန္နာမော စ ဘိက္ခူ ဣတ္ထန္နာမဿ ဘိက္ခုနော သံဃဘေဒါယ ပရက္ကမန္တဿ အနုဝတ္တကာ ဝဂ္ဂဝါဒကာ။ တေ တံ ဝတ္ထုံ န ပဋိနိဿဇ္ဇန္တိ။ သံဃော ဣတ္ထန္နာမဉ္စ ဣတ္ထန္နာမဉ္စ ဘိက္ခူ သမနုဘာသတိ တဿ ဝတ္ထုဿ ပဋိနိဿဂ္ဂါယ။ ယဿာယသ္မတော ခမတိ ဣတ္ထန္နာမဿ စ ဣတ္ထန္နာမဿ စ ဘိက္ခူနံ သမနုဘာသနာ တဿ ဝတ္ထုဿ ပဋိနိဿဂ္ဂါယ, သော တုဏှဿ၊ ယဿ နက္ခမတိ, သော ဘာသေယျ။</p>
<p class=""bodytext"">‘‘သမနုဘဋ္ဌာ သံဃေန ဣတ္ထန္နာမော စ ဣတ္ထန္နာမော စ ဘိက္ခူ တဿ ဝတ္ထုဿ ပဋိနိဿဂ္ဂါယ။ ခမတိ သံဃဿ, တသ္မာ တုဏှီ, ဧဝမေတံ ဓာရယာမီ’’တိ။</p>
<p class=""bodytext""><a name=""para421""></a><a name=""para421_vin1""></a><span class=""paranum"">၄၂၁</span>။ ဉတ္တိယာ ဒုက္ကဋံ, ဒွီဟိ ကမ္မဝါစာဟိ ထုလ္လစ္စယာ, ကမ္မဝါစာပရိယောသာနေ <a name=""T1.0409""></a> အာပတ္တိ သံဃာဒိသေသဿ။ သံဃာဒိသေသံ အဇ္ဈာပဇ္ဇန္တာနံ ဉတ္တိယာ ဒုက္ကဋံ, ဒွီဟိ ကမ္မဝါစာဟိ ထုလ္လစ္စယာ <a name=""V0.0277""></a> ပဋိပ္ပဿမ္ဘန္တိ။ ဒွေ တယော ဧကတော သမနုဘာသိတဗ္ဗာ, တဒုတ္တရိ န သမနုဘာသိတဗ္ဗာ။</p>
<p class=""bodytext""><span class=""bld"">သံဃာဒိသေသော</span>တိ…ပေ… တေနပိ ဝုစ္စတိ ‘‘သံဃာဒိသေသော’’တိ။</p>
<p class=""bodytext""><a name=""para422""></a><a name=""para422_vin1""></a><span class=""paranum"">၄၂၂</span>။ ဓမ္မကမ္မေ <a name=""P3.0177""></a> ဓမ္မကမ္မသညီ န ပဋိနိဿဇ္ဇန္တိ, အာပတ္တိ သံဃာဒိသေသဿ။</p>
<p class=""bodytext"">ဓမ္မကမ္မေ ဝေမတိကာ န ပဋိနိဿဇ္ဇန္တိ, အာပတ္တိ သံဃာဒိသေသဿ။</p>
<p class=""bodytext"">ဓမ္မကမ္မေ အဓမ္မကမ္မသညီ န ပဋိနိဿဇ္ဇန္တိ, အာပတ္တိ သံဃာဒိသေသဿ။</p>
<p class=""bodytext"">အဓမ္မကမ္မေ ဓမ္မကမ္မသညီ, အာပတ္တိ ဒုက္ကဋဿ။</p>
<p class=""bodytext"">အဓမ္မကမ္မေ ဝေမတိကာ, အာပတ္တိ ဒုက္ကဋဿ။</p>
<p class=""bodytext"">အဓမ္မကမ္မေ အဓမ္မကမ္မသညီ, အာပတ္တိ ဒုက္ကဋဿ။</p>
<p class=""bodytext""><a name=""para423""></a><a name=""para423_vin1""></a><span class=""paranum"">၄၂၃</span>။ အနာပတ္တိ အသမနုဘာသန္တာနံ, ပဋိနိဿဇ္ဇန္တာနံ, ဥမ္မတ္တကာနံ, ခိတ္တစိတ္တာနံ, ဝေဒနာဋ္ဋာနံ, အာဒိကမ္မိကာနန္တိ။</p>
<p class=""centered"">ဘေဒါနုဝတ္တကသိက္ခာပဒံ နိဋ္ဌိတံ ဧကာဒသမံ။</p>
",-421-422-423-
271,mula_vi_01,271,"<p class=""title"">၁၂။ ဒုဗ္ဗစသိက္ခာပဒံ</p>
<p class=""bodytext""><a name=""para424""></a><a name=""para424_vin1""></a><span class=""paranum"">၄၂၄</span>။ တေန <a name=""T1.0410""></a><a name=""M0.0271""></a> သမယေန ဗုဒ္ဓေါ ဘဂဝါ ကောသမ္ဗိယံ ဝိဟရတိ ဃောသိတာရာမေ။ တေန ခေါ ပန သမယေန အာယသ္မာ ဆန္နော အနာစရံ အာစရတိ။ ဘိက္ခူ ဧဝမာဟံသု – ‘‘မာဝုသော, ဆန္န, ဧဝရူပံ အကာသိ။ နေတံ ကပ္ပတီ’’တိ။ သော ဧဝံ ဝဒေတိ – ‘‘ကိံ နု ခေါ နာမ တုမှေ, အာဝုသော, မံ ဝတ္တဗ္ဗံ မညထ? အဟံ ခေါ နာမ တုမှေ ဝဒေယျံ။ အမှာကံ ဗုဒ္ဓေါ အမှာကံ ဓမ္မော အမှာကံ အယျပုတ္တေန <a name=""V0.0278""></a> ဓမ္မော အဘိသမိတော။ သေယျထာပိ နာမ မဟာဝါတော ဝါယန္တော တိဏကဋ္ဌပဏ္ဏသဋံ <span class=""note"">[တိဏကဋ္ဌပဏ္ဏကသဋံ (က။)]</span> ဧကတော ဥဿာရေယျ, သေယျထာ ဝါ ပန နဒီ ပဗ္ဗတေယျာ သင်္ခသေဝါလပဏကံ ဧကတော ဥဿာရေယျ, ဧဝမေဝ တုမှေ နာနာနာမာ နာနာဂေါတ္တာ နာနာဇစ္စာ နာနာကုလာ ပဗ္ဗဇိတာ ဧကတော ဥဿရိတာ။ ကိံ နု ခေါ နာမ တုမှေ, အာဝုသော, မံ ဝတ္တဗ္ဗံ မညထ? အဟံ ခေါ နာမ တုမှေ ဝဒေယျံ! အမှာကံ ဗုဒ္ဓေါ အမှာကံ ဓမ္မော အမှာကံ အယျပုတ္တေန ဓမ္မော အဘိသမိတော’’တိ။ ယေ တေ ဘိက္ခူ အပ္ပိစ္ဆာ…ပေ… တေ ဥဇ္ဈာယန္တိ ခိယျန္တိ ဝိပါစေန္တိ – ‘‘ကထဉှိ နာမ အာယသ္မာ ဆန္နော ဘိက္ခူဟိ သဟဓမ္မိကံ ဝုစ္စမာနော အတ္တာနံ အဝစနီယံ ကရိဿတီ’’တိ! အထ ခေါ တေ ဘိက္ခူ အာယသ္မန္တံ ဆန္နံ အနေကပရိယာယေန ဝိဂရဟိတွာ ဘဂဝတော ဧတမတ္ထံ အာရောစေသုံ…ပေ… <a name=""T1.0411""></a> ‘‘သစ္စံ ကိရ တွံ, ဆန္န, ဘိက္ခူဟိ သဟဓမ္မိကံ ဝုစ္စမာနော အတ္တာနံ အဝစနီယံ ကရောသီ’’တိ? ‘‘သစ္စံ ဘဂဝါ’’တိ။ ဝိဂရဟိ ဗုဒ္ဓေါ ဘဂဝါ…ပေ… ‘‘ကထဉှိ နာမ တွံ, မောဃပုရိသ, ဘိက္ခူဟိ သဟဓမ္မိကံ ဝုစ္စမာနော အတ္တာနံ အဝစနီယံ ကရိဿသိ! နေတံ, မောဃပုရိသ<a name=""P3.0178""></a>, အပ္ပသန္နာနံ ဝါ ပသာဒါယ…ပေ… ဧဝဉ္စ ပန, ဘိက္ခဝေ, ဣမံ သိက္ခာပဒံ ဥဒ္ဒိသေယျာထ –</p><p class=""bodytext""><a name=""para425""></a><a name=""para425_vin1""></a><span class=""paranum"">၄၂၅</span>။ <span class=""bld"">‘‘ဘိက္ခု ပနေဝ ဒုဗ္ဗစဇာတိကော ဟောတိ ဥဒ္ဒေသပရိယာပန္နေသု သိက္ခာပဒေသု ဘိက္ခူဟိ သဟဓမ္မိကံ ဝုစ္စမာနော အတ္တာနံ အဝစနီယံ ကရောတိ – ‘မာ မံ အာယသ္မန္တော ကိဉ္စိ အဝစုတ္ထ ကလျာဏံ ဝါ ပါပကံ ဝါ, အဟံပါယသ္မန္တေ န ကိဉ္စိ ဝက္ခာမိ ကလျာဏံ ဝါ ပါပကံ ဝါ, ဝိရမထာယသ္မန္တော မမ ဝစနာယာ’တိ, သော ဘိက္ခု ဘိက္ခူဟိ ဧဝမဿ ဝစနီယော – ‘မာယသ္မာ အတ္တာနံ အဝစနီယံ အကာသိ, ဝစနီယမေဝါယသ္မာ အတ္တာနံ ကရောတု, အာယသ္မာပိ ဘိက္ခူ ဝဒေတု သဟဓမ္မေန, ဘိက္ခူပိ အာယသ္မန္တံ ဝက္ခန္တိ သဟဓမ္မေန။ ဧဝံ သံဝဒ္ဓါ ဟိ တဿ ဘဂဝတော ပရိသာ ယဒိဒံ </span> </p>
",-424-425-
272,mula_vi_01,272,"<p class=""noindentbodytext""><span class=""bld"">အညမညဝစနေန</span> <span class=""bld"">အညမညဝုဋ္ဌာပနေနာတိ။ ဧဝဉ္စ သော ဘိက္ခုံ ဘိက္ခူဟိ ဝုစ္စမာနော တထေဝ ပဂ္ဂဏှေယျ, သော ဘိက္ခု ဘိက္ခူဟိ ယာဝတတိယံ သမနုဘာသိတဗ္ဗော တဿ ပဋိနိဿဂ္ဂါယ။ ယာဝတတိယဉ္စေ သမနုဘာသီယမာနော တံ ပဋိနိဿဇ္ဇေယျ, ဣစ္စေတံ ကုသလံ၊ နော စေ ပဋိနိဿဇ္ဇေယျ, သံဃာဒိသေသော’’</span>တိ။</p><p class=""bodytext""><a name=""para426""></a><a name=""para426_vin1""></a><span class=""paranum"">၄၂၆</span>။ <span class=""bld"">ဘိက္ခူ ပနေဝ ဒုဗ္ဗစဇာတိကော ဟောတီ</span>တိ ဒုဗ္ဗစော ဟောတိ ဒေါဝစဿကရဏေဟိ <a name=""T1.0412""></a> ဓမ္မေဟိ သမန္နာဂတော အက္ခမော အပ္ပဒက္ခိဏဂ္ဂါဟီ အနုသာသနိံ။</p>
<p class=""bodytext""><span class=""bld"">ဥဒ္ဒေသပရိယာပန္နေသု သိက္ခာပဒေသူ</span>တိ ပါတိမောက္ခပရိယာပန္နေသု သိက္ခာပဒေသု။</p>
<p class=""bodytext""><span class=""bld""><a name=""M0.0272""></a>ဘိက္ခူဟီ</span>တိ <a name=""V0.0279""></a> အညေဟိ ဘိက္ခူဟိ။</p>
<p class=""bodytext""><span class=""bld"">သဟဓမ္မိကံ</span> နာမ ယံ ဘဂဝတာ ပညတ္တံ သိက္ခာပဒံ, ဧတံ သဟဓမ္မိကံ နာမ။</p>
<p class=""bodytext"">တေန ဝုစ္စမာနော အတ္တာနံ အဝစနီယံ ကရောတိ – ‘‘မာ မံ အာယသ္မန္တော ကိဉ္စိ အဝစုတ္ထ ကလျာဏံ ဝါ ပါပကံ ဝါ, အဟံပါယသ္မန္တေ န ကိဉ္စိ ဝက္ခာမိ ကလျာဏံ ဝါ ပါပကံ ဝါ။ ဝိရမထာယသ္မန္တော မမ ဝစနာယာ’’တိ။</p>
<p class=""bodytext""><span class=""bld"">သော ဘိက္ခူ</span>တိ ယော သော ဒုဗ္ဗစဇာတိကော ဘိက္ခု။</p>
<p class=""bodytext""><span class=""bld"">ဘိက္ခူဟီ</span>တိ အညေဟိ ဘိက္ခူဟိ။ ယေ ပဿန္တိ ယေ သုဏန္တိ တေဟိ ဝတ္တဗ္ဗော – ‘‘မာယသ္မာ အတ္တာနံ အဝစနီယံ အကာသိ။ ဝစနီယမေဝ အာယသ္မာ အတ္တာနံ ကရောတု။ အာယသ္မာပိ ဘိက္ခူ ဝဒေတု သဟဓမ္မေန, ဘိက္ခူပိ အာယသ္မန္တံ ဝက္ခန္တိ သဟဓမ္မေန။ ဧဝံ သံဝဒ္ဓါ ဟိ တဿ ဘဂဝတော ပရိသာ ယဒိဒံ အညမညဝစနေန အညမညဝုဋ္ဌာပနေနာ’’တိ။ ဒုတိယမ္ပိ ဝတ္တဗ္ဗော။ တတိယမ္ပိ ဝတ္တဗ္ဗော။ သစေ ပဋိနိဿဇ္ဇတိ<a name=""P3.0179""></a>, ဣစ္စေတံ ကုသလံ၊ နော စေ ပဋိနိဿဇ္ဇတိ, အာပတ္တိ ဒုက္ကဋဿ။ သုတွာ န ဝဒန္တိ, အာပတ္တိ ဒုက္ကဋဿ။ သော ဘိက္ခု သံဃမဇ္ဈမ္ပိ အာကဍ္ဎိတွာ ဝတ္တဗ္ဗော – ‘‘မာယသ္မာ အတ္တာနံ အဝစနီယံ အကာသိ…ပေ… <a name=""T1.0413""></a> အညမညဝုဋ္ဌာပနေနာ’’တိ။ ဒုတိယမ္ပိ ဝတ္တဗ္ဗော။ တတိယမ္ပိ ဝတ္တဗ္ဗော။ သစေ ပဋိနိဿဇ္ဇတိ, ဣစ္စေတံ ကုသလံ၊ နော စေ ပဋိနိဿဇ္ဇတိ, အာပတ္တိ ဒုက္ကဋဿ။ သော ဘိက္ခု သမနုဘာသိတဗ္ဗော။ ဧဝဉ္စ ပန, ဘိက္ခဝေ, သမနုဘာသိတဗ္ဗော။ ဗျတ္တေန ဘိက္ခုနာ ပဋိဗလေန သံဃော ဉာပေတဗ္ဗော –</p>
",-426-
273,mula_vi_01,273,"<p class=""bodytext""><a name=""para427""></a><a name=""para427_vin1""></a><span class=""paranum"">၄၂၇</span>။ ‘‘သုဏာတု <a name=""M0.0273""></a> မေ, ဘန္တေ, သံဃော။ အယံ ဣတ္ထန္နာမော ဘိက္ခု ဘိက္ခူဟိ သဟဓမ္မိကံ ဝုစ္စမာနော အတ္တာနံ အဝစနီယံ ကရောတိ။ သော တံ ဝတ္ထုံ န ပဋိနိဿဇ္ဇတိ။ ယဒိ သံဃဿ ပတ္တကလ္လံ, သံဃော ဣတ္ထန္နာမံ ဘိက္ခုံ သမနုဘာသေယျ တဿ ဝတ္ထုဿ ပဋိနိဿဂ္ဂါယ။ ဧသာ ဉတ္တိ။</p>
<p class=""bodytext"">‘‘သုဏာတု မေ, ဘန္တေ, သံဃော။ အယံ ဣတ္ထန္နာမော ဘိက္ခု ဘိက္ခူဟိ သဟဓမ္မိကံ ဝုစ္စမာနော အတ္တာနံ အဝစနီယံ ကရောတိ။ သော တံ ဝတ္ထုံ န ပဋိနိဿဇ္ဇတိ။ သံဃော ဣတ္ထန္နာမံ ဘိက္ခုံ သမနုဘာသတိ <a name=""V0.0280""></a> တဿ ဝတ္ထုဿ ပဋိနိဿဂ္ဂါယ။ ယဿာယသ္မတော ခမတိ ဣတ္ထန္နာမဿ ဘိက္ခုနော သမနုဘာသနာ တဿ ဝတ္ထုဿ ပဋိနိဿဂ္ဂါယ, သော တုဏှဿ၊ ယဿ နက္ခမတိ, သော ဘာသေယျ။</p>
<p class=""bodytext"">‘‘ဒုတိယမ္ပိ ဧတမတ္ထံ ဝဒါမိ…ပေ… တတိယမ္ပိ ဧတမတ္ထံ ဝဒါမိ – ‘‘သုဏာတု မေ, ဘန္တေ, သံဃော။ အယံ ဣတ္ထန္နာမော ဘိက္ခု ဘိက္ခူဟိ သဟဓမ္မိကံ ဝုစ္စမာနော အတ္တာနံ အဝစနီယံ ကရောတိ။ သော တံ ဝတ္ထုံ န ပဋိနိဿဇ္ဇတိ။ သံဃော ဣတ္ထန္နာမံ ဘိက္ခုံ သမနုဘာသတိ တဿ ဝတ္ထုဿ ပဋိနိဿဂ္ဂါယ။ ယဿာယသ္မတော ခမတိ ဣတ္ထန္နာမဿ ဘိက္ခုနော သမနုဘာသနာ တဿ ဝတ္ထုဿ ပဋိနိဿဂ္ဂါယ, သော <a name=""T1.0414""></a> တုဏှဿ၊ ယဿ နက္ခမတိ, သော ဘာသေယျ။</p>
<p class=""bodytext"">‘‘သမနုဘဋ္ဌော သံဃေန ဣတ္ထန္နာမော ဘိက္ခု တဿ ဝတ္ထုဿ ပဋိနိဿဂ္ဂါယ။ ခမတိ သံဃဿ, တသ္မာ တုဏှီ, ဧဝမေတံ ဓာရယာမီ’’တိ။</p>
<p class=""bodytext""><a name=""para428""></a><a name=""para428_vin1""></a><span class=""paranum"">၄၂၈</span>။ ဉတ္တိယာ ဒုက္ကဋံ, ဒွီဟိ ကမ္မဝါစာဟိ ထုလ္လစ္စယာ, ကမ္မဝါစာပရိယောသာနေ အာပတ္တိ သံဃာဒိသေသဿ။ သံဃာဒိသေသံ အဇ္ဈာပဇ္ဇန္တဿ ဉတ္တိယာ ဒုက္ကဋံ, ဒွီဟိ ကမ္မဝါစာဟိ ထုလ္လစ္စယာ ပဋိပ္ပဿမ္ဘန္တိ။</p>
<p class=""bodytext""><span class=""bld"">သံဃာဒိသေသော</span>တိ…ပေ… တေနပိ ဝုစ္စတိ သံဃာဒိသေသောတိ။</p>
<p class=""bodytext""><a name=""para429""></a><a name=""para429_vin1""></a><span class=""paranum"">၄၂၉</span>။ ဓမ္မကမ္မေ ဓမ္မကမ္မသညီ န ပဋိနိဿဇ္ဇတိ, အာပတ္တိ သံဃာဒိသေသဿ။</p>
<p class=""bodytext"">ဓမ္မကမ္မေ ဝေမတိကော န ပဋိနိဿဇ္ဇတိ, အာပတ္တိ သံဃာဒိသေသဿ။</p>
<p class=""bodytext"">ဓမ္မကမ္မေ အဓမ္မကမ္မသညီ န ပဋိနိဿဇ္ဇတိ, အာပတ္တိ သံဃာဒိသေသဿ။</p>
<p class=""bodytext"">အဓမ္မကမ္မေ ဓမ္မကမ္မသညီ, အာပတ္တိ ဒုက္ကဋဿ။</p>
<p class=""bodytext"">အဓမ္မကမ္မေ ဝေမတိကော, အာပတ္တိ ဒုက္ကဋဿ။</p>
<p class=""bodytext"">အဓမ္မကမ္မေ အဓမ္မကမ္မသညီ, အာပတ္တိ ဒုက္ကဋဿ။</p>
",-427-428-429-
274,mula_vi_01,274,"<p class=""bodytext""><a name=""para430""></a><a name=""para430_vin1""></a><span class=""paranum"">၄၃၀</span>။ အနာပတ္တိ <a name=""M0.0274""></a><a name=""V0.0281""></a> အသမနုဘာသန္တဿ, ပဋိနိဿဇ္ဇန္တဿ, ဥမ္မတ္တကဿ, အာဒိကမ္မိကဿာတိ။</p>
<p class=""centered"">ဒုဗ္ဗစသိက္ခာပဒံ နိဋ္ဌိတံ ဒွါဒသမံ။</p>
<p class=""title"">၁၃။ ကုလဒူသကသိက္ခာပဒံ</p>
<p class=""bodytext""><a name=""para431""></a><a name=""para431_vin1""></a><span class=""paranum"">၄၃၁</span>။ <span class=""note"">[ဣဒံ ဝတ္ထု စူဠဝ။ ၂၁]</span> တေန <a name=""T1.0415""></a> သမယေန ဗုဒ္ဓေါ ဘဂဝါ သာဝတ္ထိယံ ဝိဟရတိ ဇေတဝနေ အနာထပိဏ္ဍိကဿ အာရာမေ။ တေန ခေါ ပန သမယေန အဿဇိပုနဗ္ဗသုကာ နာမ <span class=""note"">[နာမ ဘိက္ခူ (က။)]</span> ကီဋာဂိရိသ္မိံ အာဝါသိကာ ဟောန္တိ အလဇ္ဇိနော ပါပဘိက္ခူ။ တေ <span class=""note"">[စူဠဝ။ ၂၉၃]</span> ဧဝရူပံ အနာစာရံ အာစရန္တိ – မာလာဝစ္ဆံ ရောပေန္တိပိ ရောပါပေန္တိပိ, သိဉ္စန္တိပိ <a name=""P3.0180""></a> သိဉ္စာပေန္တိပိ, ဩစိနန္တိပိ ဩစိနာပေန္တိပိ, ဂန္ထေန္တိပိ ဂန္ထာပေန္တိပိ, ဧကတောဝဏ္ဋိကမာလံ ကရောန္တိပိ ကာရာပေန္တိပိ, ဥဘတောဝဏ္ဋိကမာလံ ကရောန္တိပိ ကာရာပေန္တိပိ, မဉ္ဇရိကံ ကရောန္တိပိ ကာရာပေန္တိပိ, ဝိဓူတိကံ ကရောန္တိပိ ကာရာပေန္တိပိ, ဝဋံသကံ ကရောန္တိပိ ကာရာပေန္တိပိ, အာဝေဠံ ကရောန္တိပိ ကာရာပေန္တိပိ, ဥရစ္ဆဒံ ကရောန္တိပိ ကာရာပေန္တိပိ။ တေ ကုလိတ္ထီနံ ကုလဓီတာနံ ကုလကုမာရီနံ ကုလသုဏှာနံ ကုလဒါသီနံ ဧကတောဝဏ္ဋိကမာလံ ဟရန္တိပိ ဟရာပေန္တိပိ, ဥဘတောဝဏ္ဋိကမာလံ ဟရန္တိပိ ဟရာပေန္တိပိ, မဉ္ဇရိကံ ဟရန္တိပိ ဟရာပေန္တိပိ, ဝိဓူတိကံ ဟရန္တိပိ ဟရာပေန္တိပိ, ဝဋံသကံ ဟရန္တိပိ ဟရာပေန္တိပိ, အာဝေဠံ ဟရန္တိပိ ဟရာပေန္တိပိ, ဥရစ္ဆဒံ ဟရန္တိပိ ဟရာပေန္တိပိ။ တေ ကုလိတ္ထီဟိ ကုလဓီတာဟိ ကုလကုမာရီဟိ ကုလသုဏှာဟိ ကုလဒါသီဟိ သဒ္ဓိံ ဧကဘာဇနေပိ ဘုဉ္ဇန္တိ, ဧကထာလကေပိ ပိဝန္တိ, ဧကာသနေပိ နိသီဒန္တိ, ဧကမဉ္စေပိ တုဝဋ္ဋေန္တိ, ဧကတ္ထရဏာပိ တုဝဋ္ဋေန္တိ, ဧကပါဝုရဏာပိ တုဝဋ္ဋေန္တိ, ဧကတ္ထရဏပါဝုရဏာပိ တုဝဋ္ဋေန္တိ, ဝိကာလေပိ ဘုဉ္ဇန္တိ, မဇ္ဇမ္ပိ ပိဝန္တိ, မာလာဂန္ဓဝိလေပနမ္ပိ ဓာရေန္တိ, နစ္စန္တိပိ ဂါယန္တိပိ ဝါဒေန္တိပိ <a name=""T1.0416""></a> လာသေန္တိပိ, နစ္စန္တိယာပိ နစ္စန္တိ, နစ္စန္တိယာပိ ဂါယန္တိ, နစ္စန္တိယာပိ ဝါဒေန္တိ, နစ္စန္တိယာပိ လာသေန္တိ, ဂါယန္တိယာပိ နစ္စန္တိ, ဂါယန္တိယာပိ ဂါယန္တိ, ဂါယန္တိယာပိ ဝါဒေန္တိ, ဂါယန္တိယာပိ လာသေန္တိ, ဝါဒေန္တိယာပိ နစ္စန္တိ, ဝါဒေန္တိယာပိ ဂါယန္တိ, ဝါဒေန္တိယာပိ ဝါဒေန္တိ, ဝါဒေန္တိယာပိ လာသေန္တိ, လာသေန္တိယာပိ နစ္စန္တိ, လာသေန္တိယာပိ ဂါယန္တိ, လာသေန္တိယာပိ ဝါဒေန္တိ,</p>
",-430-431-
275,mula_vi_01,275,"<p class=""noindentbodytext""> လာသေန္တိယာပိ<a name=""M0.0275""></a> လာသေန္တိ။ အဋ္ဌပဒေပိ ကီဠန္တိ, ဒသပဒေပိ ကီဠန္တိ, အာကာသေပိ ကီဠန္တိ, ပရိဟာရပထေပိ ကီဠန္တိ, သန္တိကာယပိ ကီဠန္တိ, ခလိကာယပိ ကီဠန္တိ, ဃဋိကာယပိ <a name=""V0.0282""></a> ကီဠန္တိ, သလာကဟတ္ထေနပိ ကီဠန္တိ, အက္ခေနပိ ကီဠန္တိ, ပင်္ဂစီရေနပိ ကီဠန္တိ, ဝင်္ကကေနပိ ကီဠန္တိ, မောက္ခစိကာယပိ ကီဠန္တိ, စိင်္ဂုလကေနပိ ကီဠန္တိ, ပတ္တာဠှကေနပိ ကီဠန္တိ, ရထကေနပိ ကီဠန္တိ, ဓနုကေနပိ ကီဠန္တိ, အက္ခရိကာယပိ ကီဠန္တိ, မနေသိကာယပိ ကီဠန္တိ, ယထာဝဇ္ဇေနပိ ကီဠန္တိ။ ဟတ္ထိသ္မိမ္ပိ သိက္ခန္တိ, အဿသ္မိမ္ပိ သိက္ခန္တိ, ရထသ္မိမ္ပိ သိက္ခန္တိ, ဓနုသ္မိမ္ပိ သိက္ခန္တိ, ထရုသ္မိမ္ပိ သိက္ခန္တိ, ဟတ္ထိဿပိ ပုရတော ဓာဝန္တိ, အဿဿပိ ပုရတော ဓာဝန္တိ, ရထဿပိ ပုရတော <span class=""note"">[ပုရတော ဓာဝန္တိ (သျာ။)]</span> ဓာဝန္တိပိ အာဓာဝန္တိပိ, ဥဿေဠေန္တိပိ, အပ္ဖေါဋေန္တိပိ, နိဗ္ဗုဇ္ဈန္တိပိ, မုဋ္ဌီဟိပိ ယုဇ္ဈန္တိ, ရင်္ဂမဇ္ဈေပိ သံဃာဋိံ ပတ္ထရိတွာ နစ္စကိံ <span class=""note"">[နစ္စန္တိံ (သီ။ သျာ။)]</span> ဧဝံ ဝဒန္တိ – ဣဓ, ဘဂိနိ, နစ္စဿူတိ, နလာဋိကမ္ပိ ဒေန္တိ, ဝိဝိဓမ္ပိ အနာစာရံ အာစရန္တိ။</p>
<p class=""bodytext""><a name=""para432""></a><a name=""para432_vin1""></a><span class=""paranum"">၄၃၂</span>။ တေန ခေါ ပန သမယေန အညတရော ဘိက္ခု ကာသီသု ဝဿံဝုဋ္ဌော သာဝတ္ထိံ <a name=""T1.0417""></a> ဂစ္ဆန္တော ဘဂဝန္တံ ဒဿနာယ, ယေန ကီဋာဂိရိ <a name=""P3.0181""></a> တဒဝသရိ။ အထ ခေါ သော ဘိက္ခု ပုဗ္ဗဏှသမယံ နိဝါသေတွာ ပတ္တစီဝရမာဒါယ ကီဋာဂိရိံ ပိဏ္ဍာယ ပါဝိသိ ပါသာဒိကေန အဘိက္ကန္တေန ပဋိက္ကန္တေန အာလောကိတေန ဝိလောကိတေန သမိဉ္ဇိတေန ပသာရိတေန ဩက္ခိတ္တစက္ခု ဣရိယာပထသမ္ပန္နော။ မနုဿာ တံ ဘိက္ခုံ ပဿိတွာ ဧဝမာဟံသု – ‘‘ကွာယံ အဗလဗလော ဝိယ မန္ဒမန္ဒော ဝိယ ဘာကုဋိကဘာကုဋိကော ဝိယ? ကော ဣမဿ ဥပဂတဿ ပိဏ္ဍကံ ဒဿတိ? အမှာကံ ပန အယျာ အဿဇိပုနဗ္ဗသုကာ သဏှာ သခိလာ သုခသမ္ဘာသာ မိဟိတပုဗ္ဗင်္ဂမာ ဧဟိသွာဂတဝါဒိနော အဗ္ဘာကုဋိကာ ဥတ္တာနမုခါ ပုဗ္ဗဘာသိနော။ တေသံ ခေါ နာမ ပိဏ္ဍော ဒါတဗ္ဗော’’တိ။</p>
<p class=""bodytext"">အဒ္ဒသာ ခေါ အညတရော ဥပါသကော တံ ဘိက္ခုံ ကီဋာဂိရိသ္မိံ ပိဏ္ဍာယ စရန္တံ။ ဒိသွာန ယေန သော ဘိက္ခု တေနုပသင်္ကမိ၊ ဥပသင်္ကမိတွာ တံ ဘိက္ခုံ အဘိဝါဒေတွာ ဧတဒဝေါစ – ‘‘အပိ, ဘန္တေ, ပိဏ္ဍော လဗ္ဘတီ’’တိ? ‘‘န ခေါ, အာဝုသော, ပိဏ္ဍော လဗ္ဘတီ’’တိ။ ‘‘ဧဟိ, ဘန္တေ, ဃရံ ဂမိဿာမာ’’တိ။ အထ ခေါ သော ဥပါသကော တံ ဘိက္ခုံ ဃရံ နေတွာ ဘောဇေတွာ ဧတဒဝေါစ – ‘‘ကဟံ, ဘန္တေ, အယျော ဂမိဿတီ’’တိ? ‘‘သာဝတ္ထိံ ခေါ အဟံ, အာဝုသော, ဂမိဿာမိ ဘဂဝန္တံ ဒဿနာယာ’’တိ။ ‘‘တေန ဟိ, ဘန္တေ, မမ ဝစနေန</p>
",-432-
276,mula_vi_01,276,"<p class=""noindentbodytext""> ဘဂဝတော<a name=""M0.0276""></a> ပါဒေ သိရသာ ဝန္ဒ, ဧဝဉ္စ ဝဒေဟိ – ‘ဒုဋ္ဌော, ဘန္တေ, ကီဋာဂိရိသ္မိံ အာဝါသော။ အဿဇိပုနဗ္ဗသုကာ နာမ ကီဋာဂိရိသ္မိံ အာဝါသိကာ အလဇ္ဇိနော ပါပဘိက္ခူ။ တေ ဧဝရူပံ အနာစာရံ အာစရန္တိ – မာလာဝစ္ဆံ ရောပေန္တိပိ ရောပါပေန္တိပိ, သိဉ္စန္တိပိ သိဉ္စာပေန္တိပိ…ပေ… <a name=""T1.0418""></a> ဝိဝိဓမ္ပိ အနာစာရံ အာစရန္တိ။ ယေပိ <a name=""V0.0283""></a> တေ, ဘန္တေ, မနုဿာ ပုဗ္ဗေ သဒ္ဓါ အဟေသုံ ပသန္နာ တေပိ ဧတရဟိ အဿဒ္ဓါ အပ္ပသန္နာ။ ယာနိပိ တာနိ သံဃဿ ပုဗ္ဗေ ဒါနပထာနိ တာနိပိ ဧတရဟိ ဥပစ္ဆိန္နာနိ။ ရိဉ္စန္တိ ပေသလာ ဘိက္ခူ, နိဝသန္တိ ပါပဘိက္ခူ။ သာဓု, ဘန္တေ, ဘဂဝါ ကီဋာဂိရိံ ဘိက္ခူ ပဟိဏေယျ ယထာယံ ကီဋာဂိရိသ္မိံ အာဝါသော သဏ္ဌဟေယျာ’’’တိ။</p>
<p class=""bodytext"">ဧဝမာဝုသောတိ ခေါ သော ဘိက္ခု တဿ ဥပါသကဿ ပဋိဿုတွာ ယေန သာဝတ္ထိ တေန ပက္ကာမိ။ အနုပုဗ္ဗေန ယေန သာဝတ္ထိ ဇေတဝနံ အနာထပိဏ္ဍိကဿ အာရာမော ယေန ဘဂဝါ တေနုပသင်္ကမိ၊ ဥပသင်္ကမိတွာ ဘဂဝန္တံ အဘိဝါဒေတွာ ဧကမန္တံ နိသီဒိ။ အာစိဏ္ဏံ ခေါ ပနေတံ ဗုဒ္ဓါနံ ဘဂဝန္တာနံ အာဂန္တုကေဟိ ဘိက္ခူဟိ သဒ္ဓိံ ပဋိသမ္မောဒိတုံ။ အထ ခေါ ဘဂဝါ တံ ဘိက္ခုံ ဧတဒဝေါစ – ‘‘ကစ္စိ, ဘိက္ခု, ခမနီယံ ကစ္စိ ယာပနီယံ, ကစ္စိသိ အပ္ပကိလမထေန အဒ္ဓါနံ အာဂတော, ကုတော စ တွံ ဘိက္ခု အာဂစ္ဆသီ’’တိ? ‘‘ခမနီယံ, ဘဂဝါ, ယာပနီယံ, ဘဂဝါ။ အပ္ပကိလမထေန စာဟံ, ဘန္တေ, အဒ္ဓါနံ <a name=""P3.0182""></a> အာဂတော။ ဣဓာဟံ, ဘန္တေ, ကာသီသု ဝဿံဝုဋ္ဌော သာဝတ္ထိံ အာဂစ္ဆန္တော ဘဂဝန္တံ ဒဿနာယ ယေန ကီဋာဂိရိ တဒဝသရိံ။ အထ ခွါဟံ, ဘန္တေ, ပုဗ္ဗဏှသမယံ နိဝါသေတွာ ပတ္တစီဝရမာဒါယ ကီဋာဂိရိံ ပိဏ္ဍာယ ပါဝိသိံ။ အဒ္ဒသာ ခေါ မံ, ဘန္တေ, အညတရော <a name=""T1.0419""></a> ဥပါသကော ကီဋာဂိရိသ္မိံ ပိဏ္ဍာယ စရန္တံ။ ဒိသွာန ယေနာဟံ တေနုပသင်္ကမိ၊ ဥပသင်္ကမိတွာ မံ အဘိဝါဒေတွာ ဧတဒဝေါစ – ‘အပိ, ဘန္တေ, ပိဏ္ဍော လဗ္ဘတီ’တိ? ‘န ခေါ, အာဝုသော, ပိဏ္ဍော လဗ္ဘတီ’တိ။ ‘ဧဟိ, ဘန္တေ, ဃရံ ဂမိဿာမာ’တိ။ အထ ခေါ, ဘန္တေ, သော ဥပါသကော မံ ဃရံ နေတွာ ဘောဇေတွာ ဧတဒဝေါစ – ‘ကဟံ, ဘန္တေ, အယျော ဂမိဿသီ’တိ? ‘သာဝတ္ထိံ ခေါ အဟံ, အာဝုသော, ဂမိဿာမိ ဘဂဝန္တံ ဒဿနာယာ’တိ။ တေန ဟိ, ဘန္တေ, မမ ဝစနေန ဘဂဝတော ပါဒေ သိရသာ ဝန္ဒ, ဧဝဉ္စ ဝဒေဟိ – ‘ဒုဋ္ဌော, ဘန္တေ, ကီဋာဂိရိသ္မိံ အာဝါသော, အဿဇိပုနဗ္ဗသုကာ နာမ ကီဋာဂိရိသ္မိံ အာဝါသိကာ အလဇ္ဇိနော ပါပဘိက္ခူ။ တေ ဧဝရူပံ အနာစာရံ အာစရန္တိ – မာလာဝစ္ဆံ ရောပေန္တိပိ ရောပါပေန္တိပိ, သိဉ္စန္တိပိ သိဉ္စာပေန္တိပိ…ပေ… ဝိဝိဓမ္ပိ အနာစာရံ အာစရန္တိ။ ယေပိ တေ, ဘန္တေ, မနုဿာ ပုဗ္ဗေ သဒ္ဓါ</p>
",
277,mula_vi_01,277,"<p class=""noindentbodytext""> အဟေသုံ<a name=""M0.0277""></a> ပသန္နာ တေပိ ဧတရဟိ အဿဒ္ဓါ အပ္ပသန္နာ, ယာနိပိ တာနိ သံဃဿ ပုဗ္ဗေ ဒါနပထာနိ တာနိပိ ဧတရဟိ ဥပစ္ဆိန္နာနိ, ရိဉ္စန္တိ ပေသလာ ဘိက္ခူ နိဝသန္တိ ပါပဘိက္ခူ။ သာဓု, ဘန္တေ, ဘဂဝါ ကီဋာဂိရိံ ဘိက္ခူ ပဟိဏေယျ ယထာယံ ကီဋာဂိရိသ္မိံ အာဝါသော သဏ္ဌဟေယျာ’တိ။ တတော အဟံ, ဘဂဝါ, အာဂစ္ဆာမီ’’တိ။</p>
<p class=""bodytext""><a name=""para433""></a><a name=""para433_vin1""></a><span class=""paranum"">၄၃၃</span>။ အထ ခေါ ဘဂဝါ ဧတသ္မိံ နိဒါနေ ဧတသ္မိံ ပကရဏေ ဘိက္ခုသံဃံ သန္နိပါတာပေတွာ ဘိက္ခူ <a name=""V0.0284""></a> ပဋိပုစ္ဆိ – ‘‘သစ္စံ ကိရ, ဘိက္ခဝေ, အဿဇိပုနဗ္ဗသုကာ နာမ ကီဋာဂိရိသ္မိံ အာဝါသိကာ အလဇ္ဇိနော ပါပဘိက္ခူ တေ ဧဝရူပံ အနာစာရံ အာစရန္တိ – မာလာဝစ္ဆံ ရောပေန္တိပိ ရောပါပေန္တိပိ, သိဉ္စန္တိပိ သိဉ္စာပေန္တိပိ <a name=""T1.0420""></a> …ပေ… ဝိဝိဓမ္ပိ အနာစာရံ အာစရန္တိ, ယေပိ တေ, ဘိက္ခဝေ, မနုဿာ ပုဗ္ဗေ သဒ္ဓါ အဟေသုံ ပသန္နာ တေပိ ဧတရဟိ အဿဒ္ဓါ အပ္ပသန္နာ၊ ယာနိပိ တာနိ သံဃဿ ပုဗ္ဗေ ဒါနပထာနိ တာနိပိ ဧတရဟိ ဥပစ္ဆိန္နာနိ၊ ရိဉ္စန္တိ ပေသလာ ဘိက္ခူ နိဝသန္တိ ပါပဘိက္ခူ’’တိ? ‘‘သစ္စံ, ဘဂဝါ’’တိ။ ဝိဂရဟိ ဗုဒ္ဓေါ ဘဂဝါ…ပေ… ‘‘ကထဉှိ နာမ တေ, ဘိက္ခဝေ, မောဃပုရိသာ ဧဝရူပံ အနာစာရံ အာစရိဿန္တိ – မာလာဝစ္ဆံ ရောပေဿန္တိပိ ရောပါပေဿန္တိပိ, သဉ္စိဿန္တိပိ သိဉ္စာပေဿန္တိပိ, ဩစိနိဿန္တိပိ ဩစိနာပေဿန္တိပိ, ဂန္ထိဿန္တိပိ ဂန္ထာပေဿန္တိပိ, ဧကတောဝဏ္ဋိကမာလံ ကရိဿန္တိပိ ကာရာပေဿန္တိပိ, ဥဘတောဝဏ္ဋိကမာလံ ကရိဿန္တိပိ ကာရာပေဿန္တိပိ, မဉ္ဇရိကံ ကရိဿန္တိပိ ကာရာပေဿန္တိပိ, ဝိဓူတိကံ ကရိဿန္တိပိ ကာရာပေဿန္တိပိ, ဝဋံသကံ ကရိဿန္တိပိ ကာရာပေဿန္တိပိ, အာဝေဠံ ကရိဿန္တိပိ ကာရာပေဿန္တိပိ, ဥရစ္ဆဒံ ကရိဿန္တိပိ ကာရာပေဿန္တိပိ။ တေ ကုလိတ္ထီနံ ကုလဓီတာနံ ကုလကုမာရီနံ ကုလသုဏှာနံ ကုလဒါသီနံ ဧကတောဝဏ္ဋိကမာလံ ဟရိဿန္တိပိ ဟာရာပေဿန္တိပိ, ဥဘတောဝဏ္ဋိကမာလံ ဟရိဿန္တိပိ ဟာရာပေဿန္တိပိ, မဉ္ဇရိကံ ဟရိဿန္တိပိ ဟာရာပေဿန္တိပိ<a name=""T1.0421""></a>, ဝိဓူတိကံ ဟရိဿန္တိပိ ဟာရာပေဿန္တိပိ, ဝဋံသကံ ဟရိဿန္တိပိ ဟာရာပေဿန္တိပိ, အာဝေဠံ ဟရိဿန္တိပိ ဟာရာပေဿန္တိပိ, ဥရစ္ဆဒံ ဟရိဿန္တိပိ ဟာရာပေဿန္တိပိ။ တေ ကုလိတ္ထီဟိ ကုလဓီတာဟိ ကုလကုမာရီဟိ ကုလသုဏှာဟိ ကုလဒါသီဟိ သဒ္ဓိံ ဧကဘာဇနေပိ ဘုဉ္ဇိဿန္တိ, ဧကထာလကေပိ ပိဝိဿန္တိ, ဧကာသနေပိ နိသီဒိဿန္တိ, ဧကမဉ္စေပိ တုဝဋ္ဋိဿန္တိ, ဧကတ္ထရဏာပိ တုဝဋ္ဋိဿန္တိ, ဧကပါဝုရဏာပိ တုဝဋ္ဋိဿန္တိ, ဧကတ္ထရဏပါဝုရဏာပိ တုဝဋ္ဋိဿန္တိ, ဝိကာလေပိ ဘုဉ္ဇိဿန္တိ, မဇ္ဇမ္ပိ ပိဝိဿန္တိ, မာလာဂန္ဓဝိလေပနမ္ပိ ဓာရိဿန္တိ, နစ္စိဿန္တိပိ</p>
",-433-
278,mula_vi_01,278,"<p class=""noindentbodytext""> ဂါယိဿန္တိပိ<a name=""M0.0278""></a> ဝါဒေဿန္တိပိ လာသေဿန္တိပိ, နစ္စန္တိယာပိ နစ္စိဿန္တိ နစ္စန္တိယာပိ ဂါယိဿန္တိ နစ္စန္တိယာပိ ဝါဒေဿန္တိ နစ္စန္တိယာပိ လာသေဿန္တိ, ဂါယန္တိယာပိ နစ္စိဿန္တိ ဂါယန္တိယာပိ ဂါယိဿန္တိ ဂါယန္တိယာပိ ဝါဒေဿန္တိ ဂါယန္တိယာပိ လာသေဿန္တိ, ဝါဒေန္တိယာပိ နစ္စိဿန္တိ ဝါဒေန္တိယာပိ ဂါယိဿန္တိ ဝါဒေန္တိယာပိ ဝါဒေဿန္တိ ဝါဒေန္တိယာပိ လာသေဿန္တိ, လာသေန္တိယာပိ နစ္စိဿန္တိ လာသေန္တိယာပိ ဂါယိဿန္တိ လာသေန္တိယာပိ ဝါဒေဿန္တိ လာသေန္တိယာပိ လာသေဿန္တိ, အဋ္ဌပဒေပိ ကီဠိဿန္တိ ဒသပဒေပိ ကီဠိဿန္တိ, အကာသေပိ ကီဠိဿန္တိ, ပရိဟာရပထေပိ ကီဠိဿန္တိ, သန္တိကာယပိ ကီဠိဿန္တိ, ခလိကာယပိ ကီဠိဿန္တိ, ဃဋိကာယပိ ကီဠိဿန္တိ, သလာကဟတ္ထေနပိ ကီဠိဿန္တိ, အက္ခေနပိ ကီဠိဿန္တိ, ပင်္ဂစီရေနပိ ကီဠိဿန္တိ, ဝင်္ကကေနပိ ကီဠိဿန္တိ, မောက္ခစိကာယပိ <a name=""V0.0285""></a> ကီဠိဿန္တိ, စိင်္ဂုလကေနပိ ကီဠိဿန္တိ, ပတ္တာဠှကေနပိ ကီဠိဿန္တိ, ရထကေနပိ ကီဠိဿန္တိ, ဓနုကေနပိ ကီဠိဿန္တိ, အက္ခရိကာယပိ ကီဠိဿန္တိ<a name=""T1.0422""></a>, မနေသိကာယပိ ကီဠိဿန္တိ, ယထာဝဇ္ဇေနပိ ကီဠိဿန္တိ, ဟတ္ထိသ္မိမ္ပိ သိက္ခိဿန္တိ, အဿသ္မိမ္ပိ သိက္ခိဿန္တိ, ရထသ္မိမ္ပိ သိက္ခိဿန္တိ, ဓနုသ္မိမ္ပိ သိက္ခိဿန္တိ, ထရုသ္မိမ္ပိ သိက္ခိဿန္တိ, ဟတ္ထိဿပိ ပုရတော ဓာဝိဿန္တိ, အဿဿပိ ပုရတော ဓာဝိဿန္တိ, ရထဿပိ ပုရတော <span class=""note"">[ပုရတော ဓာဝိဿန္တိ (သျာ။)]</span> ဓာဝိဿန္တိပိ အာဓာဝိဿန္တိပိ, ဥဿေဠေဿန္တိပိ, အပ္ဖေါဋေဿန္တိပိ, နိဗ္ဗုဇ္ဈိဿန္တိပိ, မုဋ္ဌီဟိပိ ယုဇ္ဈိဿန္တိ, ရင်္ဂမဇ္ဈေပိ သံဃာဋိံ ပတ္ထရိတွာ နစ္စကိံ ဧဝံ ဝက္ခန္တိ ‘‘ဣဓ ဘဂိနိ နစ္စဿူ’’တိ နလာဋိကမ္ပိ ဒဿန္တိ, ဝိဝိဓမ္ပိ အနာစာရံ အာစရိဿန္တိ! နေတံ, ဘိက္ခဝေ, အပ္ပသန္နာနံ ဝါ ပသာဒါယ…ပေ… ဝိဂရဟိတွာ ဓမ္မိံ ကထံ ကတွာ သာရိပုတ္တမောဂ္ဂလ္လာနေ အာမန္တေသိ – ‘‘ဂစ္ဆထ တုမှေ, သာရိပုတ္တာ, ကီဋာဂိရိံ ဂန္တွာ အဿဇိပုနဗ္ဗသုကာနံ ဘိက္ခူနံ ကီဋာဂိရိသ္မာ ပဗ္ဗာဇနီယကမ္မံ ကရောထ။ တုမှာကံ ဧတေ သဒ္ဓိဝိဟာရိကာ’’တိ။</p>
<p class=""bodytext"">‘‘ကထံ မယံ, ဘန္တေ, အဿဇိပုနဗ္ဗသုကာနံ ဘိက္ခူနံ <a name=""P3.0183""></a> ကီဋာဂိရိသ္မာ ပဗ္ဗာဇနီယကမ္မံ ကရောမ? စဏ္ဍာ တေ ဘိက္ခူ ဖရုသာ’’တိ။ ‘‘တေန ဟိ တုမှေ, သာရိပုတ္တာ, ဗဟုကေဟိ ဘိက္ခူဟိ သဒ္ဓိံ ဂစ္ဆထာ’’တိ။ ‘‘ဧဝံ, ဘန္တေ’’တိ ခေါ သာရိပုတ္တမောဂ္ဂလ္လာနာ ဘဂဝတော ပစ္စဿောသုံ။ ‘‘ဧဝဉ္စ ပန, ဘိက္ခဝေ, ကာတဗ္ဗံ။ ပဌမံ အဿဇိပုနဗ္ဗသုကာ ဘိက္ခူ စောဒေတဗ္ဗာ။ စောဒေတွာ သာရေတဗ္ဗာ။ သာရေတွာ အာပတ္တိံ ရောပေတဗ္ဗာ<a name=""T1.0423""></a>။ အာပတ္တိံ ရောပေတွာ ဗျတ္တေန ဘိက္ခုနာ ပဋိဗလေန သံဃော ဉာပေတဗ္ဗော –</p>
",
279,mula_vi_01,279,"<p class=""bodytext""><a name=""para434""></a><a name=""para434_vin1""></a><span class=""paranum"">၄၃၄</span>။ ‘‘သုဏာတု <a name=""M0.0279""></a> မေ, ဘန္တေ, သံဃော။ ဣမေ အဿဇိပုနဗ္ဗသုကာ ဘိက္ခူ ကုလဒူသကာ ပါပသမာစာရာ။ ဣမေသံ ပါပကာ သမာစာရာ ဒိဿန္တိ စေဝ သုယျန္တိ စ။ ကုလာနိ စ ဣမေဟိ ဒုဋ္ဌာနိ ဒိဿန္တိ စေဝ သုယျန္တိ စ။ ယဒိ သံဃဿ ပတ္တကလ္လံ, သံဃော အဿဇိပုနဗ္ဗသုကာနံ ဘိက္ခူနံ ကီဋာဂိရိသ္မာ ပဗ္ဗာဇနီယကမ္မံ ကရေယျ – ‘န အဿဇိပုနဗ္ဗသုကေဟိ ဘိက္ခူဟိ ကီဋာဂိရိသ္မိံ ဝတ္ထဗ္ဗ’န္တိ။ ဧသာ ဉတ္တိ။</p>
<p class=""bodytext"">‘‘သုဏာတု မေ, ဘန္တေ, သံဃော။ ဣမေ အဿဇိပုနဗ္ဗသုကာ ဘိက္ခူ ကုလဒူသကာ ပါပသမာစာရာ။ ဣမေသံ ပါပကာ သမာစာရာ ဒိဿန္တိ စေဝ သုယျန္တိ စ။ ကုလာနိ စ ဣမေဟိ ဒုဋ္ဌာနိ ဒိဿန္တိ စေဝ သုယျန္တိ စ။ သံဃော အဿဇိပုနဗ္ဗသုကာနံ ဘိက္ခူနံ ကီဋာဂိရိသ္မာ ပဗ္ဗာဇနီယကမ္မံ ကရောတိ – ‘န အဿဇိပုနဗ္ဗသုကေဟိ ဘိက္ခူဟိ ကီဋာဂိရိသ္မိံ ဝတ္ထဗ္ဗ’န္တိ။ ယဿာယသ္မတော <a name=""V0.0286""></a> ခမတိ အဿဇိပုနဗ္ဗသုကာနံ ဘိက္ခူနံ ကီဋာဂိရိသ္မာ ပဗ္ဗာဇနီယကမ္မဿ ကရဏံ – ‘န အဿဇိပုနဗ္ဗသုကေဟိ ဘိက္ခူဟိ ကီဋာဂိရိသ္မိံ ဝတ္ထဗ္ဗ’န္တိ, သော တုဏှဿ၊ ယဿ နက္ခမတိ, သော ဘာသေယျ။</p>
<p class=""bodytext"">‘‘ဒုတိယမ္ပိ ဧတမတ္ထံ ဝဒါမိ…ပေ… တတိယမ္ပိ ဧတမတ္ထံ ဝဒါမိ – သုဏာတု မေ, ဘန္တေ, သံဃော…ပေ… သော ဘာသေယျ။</p>
<p class=""bodytext"">‘‘ကတံ သံဃေန အဿဇိပုနဗ္ဗသုကာနံ ဘိက္ခူနံ ကီဋာဂိရိသ္မာ ပဗ္ဗာဇနီယကမ္မံ – ‘န အဿဇိပုနဗ္ဗသုကေဟိ ဘိက္ခူဟိ ကီဋာဂိရိသ္မိံ ဝတ္ထဗ္ဗ’န္တိ။ ခမတိ သံဃဿ, တသ္မာ တုဏှီ, ဧဝမေတံ ဓာရယာမီ’’တိ။</p>
<p class=""bodytext""><a name=""para435""></a><a name=""para435_vin1""></a><span class=""paranum"">၄၃၅</span>။ အထ <a name=""T1.0424""></a> ခေါ သာရိပုတ္တမောဂ္ဂလ္လာနပ္ပမုခေါ ဘိက္ခုသံဃော ကီဋာဂိရိံ ဂန္တွာ အဿဇိပုနဗ္ဗသုကာနံ ဘိက္ခူနံ ကီဋာဂိရိသ္မာ ပဗ္ဗာဇနီယကမ္မံ အကာသိ – ‘န အဿဇိပုနဗ္ဗသုကေဟိ ဘိက္ခူဟိ ကီဋာဂိရိသ္မိံ ဝတ္ထဗ္ဗ’န္တိ။ တေ သံဃေန ပဗ္ဗာဇနီယကမ္မကတာ န သမ္မာ ဝတ္တန္တိ, န လောမံ ပါတေန္တိ, န နေတ္ထာရံ ဝတ္တန္တိ, န ဘိက္ခူ ခမာပေန္တိ, အက္ကောသန္တိ ပရိဘာသန္တိ ဆန္ဒဂါမိတာ ဒေါသဂါမိတာ မောဟဂါမိတာ ဘယဂါမိတာ ပါပေန္တိ, ပက္ကမန္တိပိ, ဝိဗ္ဘမန္တိပိ။ ယေ တေ ဘိက္ခူ အပ္ပိစ္ဆာ…ပေ… တေ ဥဇ္ဈာယန္တိ ခိယျန္တိ ဝိပါစေန္တိ – ‘‘ကထဉှိ နာမ အဿဇိပုနဗ္ဗသုကာ ဘိက္ခူ သံဃေန ပဗ္ဗာဇနီယကမ္မကတာ န သမ္မာ ဝတ္တိဿန္တိ, န လောမံ ပါတေဿန္တိ, န နေတ္ထာရံ ဝတ္တိဿန္တိ, န ဘိက္ခူ ခမာပေဿန္တိ<a name=""P3.0184""></a>, အက္ကောသိဿန္တိ ပရိဘာသိဿန္တိ, ဆန္ဒဂါမိတာ ဒေါသဂါမိတာ မောဟဂါမိတာ ဘယဂါမိတာ ပါပေဿန္တိ ပက္ကမိဿန္တိပိ</p>
",-434-435-
280,mula_vi_01,280,"<p class=""noindentbodytext""> ဝိဗ္ဘမိဿန္တိပီ’’တိ<a name=""M0.0280""></a>! အထ ခေါ တေ ဘိက္ခူ အဿဇိပုနဗ္ဗသုကေ ဘိက္ခူ အနေကပရိယာယေန ဝိဂရဟိတွာ ဘဂဝတော ဧတမတ္ထံ အာရောစေသုံ…ပေ… ‘‘သစ္စံ ကိရ, ဘိက္ခဝေ, အဿဇိပုနဗ္ဗသုကာ ဘိက္ခူ သံဃေန ပဗ္ဗာဇနီယကမ္မကတာ န သမ္မာ ဝတ္တန္တိ…ပေ… ဝိဗ္ဘမန္တိပီ’’တိ? ‘‘သစ္စံ, ဘဂဝါ’’တိ။ ဝိဂရဟိ ဗုဒ္ဓေါ ဘဂဝါ…ပေ… ဧဝဉ္စ <a name=""T1.0425""></a> ပန, ဘိက္ခဝေ, ဣမံ သိက္ခာပဒံ ဥဒ္ဒိသေယျာထ –</p>
<p class=""bodytext""><a name=""para436""></a><a name=""para436_vin1""></a><span class=""paranum"">၄၃၆</span>။ <span class=""bld"">‘‘ဘိက္ခု ပနေဝ အညတရံ ဂါမံ ဝါ နိဂမံ ဝါ ဥပနိဿာယ ဝိဟရတိ ကုလဒူသကော ပါပသမာစာရော။ တဿ ခေါ ပါပကာ သမာစာရာ ဒိဿန္တိ စေဝ သုယျန္တိ စ, ကုလာနိ စ တေန ဒုဋ္ဌာနိ ဒိဿန္တိ စေဝ သုယျန္တိ စ။ သော ဘိက္ခု ဘိက္ခူဟိ ဧဝမဿ ဝစနီယော – ‘အာယသ္မာ ခေါ ကုလဒူသကော <a name=""V0.0287""></a> ပါပသမာစာရော, အာယသ္မတော ခေါ ပါပကာ သမာစာရာ ဒိဿန္တိ စေဝ သုယျန္တိ စ, ကုလာနိ စာယသ္မတာ ဒုဋ္ဌာနိ ဒိဿန္တိ စေဝ သုယျန္တိ စ။ ပက္ကမတာယသ္မာ ဣမမှာ အာဝါသာ။ အလံ တေ ဣဓ ဝါသေနာ’တိ။ ဧဝဉ္စ သော ဘိက္ခု ဘိက္ခူဟိ ဝုစ္စမာနော တေ ဘိက္ခူ ဧဝံ ဝဒေယျ – ‘ဆန္ဒဂါမိနော စ ဘိက္ခူ ဒေါသဂါမိနော စ ဘိက္ခူ မောဟဂါမိနော စ ဘိက္ခူ ဘယဂါမိနော စ ဘိက္ခူ တာဒိသိကာယ အာပတ္တိယာ ဧကစ္စံ ပဗ္ဗာဇေန္တိ ဧကစ္စံ န ပဗ္ဗာဇေန္တီ’တိ, သော ဘိက္ခု ဘိက္ခူဟိ ဧဝမဿ ဝစနီယော – ‘မာယသ္မာ ဧဝံ အဝစ။ န စ ဘိက္ခူ ဆန္ဒဂါမိနော။ န စ ဘိက္ခူ ဒေါသဂါမိနော။ န စ ဘိက္ခူ မောဟဂါမိနော။ န စ ဘိက္ခူ ဘယဂါမိနော။ အာယသ္မာ ခေါ ကုလဒူသကော ပါပသမာစာရော။ အာယသ္မတော ခေါ ပါပကာ သမာစာရာ ဒိဿန္တိ စေဝ သုယျန္တိ စ။ ကုလာနိ စာယသ္မတာ ဒုဋ္ဌာနိ ဒိဿန္တိ စေဝ သုယျန္တိ စ။ ပက္ကမတာယသ္မာ ဣမမှာ အာဝါသာ။ အလံ တေ ဣဓ ဝါသေနာ’တိ။ ဧဝဉ္စ သော ဘိက္ခု ဘိက္ခူဟိ ဝုစ္စမာနော တထေဝ ပဂ္ဂဏှေယျ, သော ဘိက္ခု ဘိက္ခူဟိ ယာဝတတိယံ သမနုဘာသိတဗ္ဗော တဿ ပဋိနိဿဂ္ဂါယ။ ယာဝတတိယဉ္စေ သမနုဘာသီယမာနော တံ ပဋိနိဿဇ္ဇေယျ<a name=""T1.0426""></a>, ဣစ္စေတံ ကုသလံ၊ နော စေ ပဋိနိဿဇ္ဇေယျ, သံဃာဒိသေသော’’</span>တိ။</p>
<p class=""bodytext""><a name=""para437""></a><a name=""para437_vin1""></a><span class=""paranum"">၄၃၇</span>။ <span class=""bld"">ဘိက္ခု ပနေဝ အညတရံ ဂါမံ ဝါ နိဂမံ ဝါ</span>တိ ဂါမောပိ နိဂမောပိ နဂရမ္ပိ ဂါမော စေဝ နိဂမော စ။</p>
<p class=""bodytext""><span class=""bld"">ဥပနိဿာယ ဝိဟရတီ</span>တိ တတ္ထ ပဋိဗဒ္ဓါ ဟောန္တိ စီဝရပိဏ္ဍပါတသေနာသနဂိလာနပ္ပစ္စယဘေသဇ္ဇပရိက္ခာရာ။</p>
",-436-437-
281,mula_vi_01,281,"<p class=""bodytext""><span class=""bld"">ကုလံ</span> <a name=""M0.0281""></a> နာမ စတ္တာရိ ကုလာနိ – ခတ္တိယကုလံ, ဗြာဟ္မဏကုလံ, <a name=""P3.0185""></a> ဝေဿကုလံ, သုဒ္ဒကုလံ။</p>
<p class=""bodytext""><span class=""bld"">ကုလဒူသကော</span>တိ ကုလာနိ ဒူသေတိ ပုပ္ဖေန ဝါ ဖလေန ဝါ စုဏ္ဏေန ဝါ မတ္တိကာယ ဝါ ဒန္တကဋ္ဌေန ဝါ ဝေဠုယာ ဝါ <span class=""note"">[ဝေဠုနာ ဝါ (သျာ။)]</span> ဝေဇ္ဇိကာယ ဝါ ဇင်္ဃပေသနိကေန ဝါ။</p>
<p class=""bodytext""><span class=""bld"">ပါပသမာစာရော</span>တိ မာလာဝစ္ဆံ ရောပေတိပိ ရောပါပေတိပိ, သိဉ္စတိပိ သိဉ္စာပေတိပိ, ဩစိနာတိပိ ဩစိနာပေတိပိ, ဂန္ထေတိပိ ဂန္ထာပေတိပိ။</p>
<p class=""bodytext""><span class=""bld"">ဒိဿန္တိ စေဝ သုယျန္တိ စာ</span>တိ ယေ သံမုခါ တေ ပဿန္တိ, ယေ တိရောက္ခာ တေ သုဏန္တိ။</p>
<p class=""bodytext""><span class=""bld"">ကုလာနိ</span> <a name=""V0.0288""></a> <span class=""bld"">စ တေန ဒုဋ္ဌာနီ</span>တိ ပုဗ္ဗေ သဒ္ဓါ ဟုတွာ တံ အာဂမ္မ အဿဒ္ဓါ ဟောန္တိ, ပသန္နာ ဟုတွာ အပ္ပသန္နာ ဟောန္တိ။</p>
<p class=""bodytext""><span class=""bld"">ဒိဿန္တိ စေဝ သုယျန္တိ စာ</span>တိ ယေ သံမုခါ တေ ပဿန္တိ, ယေ တိရောက္ခာ တေ သုဏန္တိ။</p>
<p class=""bodytext""><span class=""bld"">သော ဘိက္ခူ</span>တိ ယော သော ကုလဒူသကော ဘိက္ခု။</p>
<p class=""bodytext""><span class=""bld"">ဘိက္ခူဟီ</span>တိ အညေဟိ ဘိက္ခူဟိ။ ယေ ပဿန္တိ ယေ သုဏန္တိ။ တေဟိ ဝတ္တဗ္ဗော – ‘‘အာယသ္မာ ခေါ ကုလဒူသကော ပါပသမာစာရော။ အာယသ္မတော ခေါ ပါပကာ သမာစာရာ ဒိဿန္တိ စေဝ သုယျန္တိ စ။ ကုလာနိ စာယသ္မတာ ဒုဋ္ဌာနိ ဒိဿန္တိ <a name=""T1.0427""></a> စေဝ သုယျန္တိ စ။ ပက္ကမတာယသ္မာ ဣမမှာ အာဝါသာ။ အလံ တေ ဣဓ ဝါသေနာ’’တိ။</p>
<p class=""bodytext"">ဧဝဉ္စ သော ဘိက္ခု ဘိက္ခူဟိ ဝုစ္စမာနော တေ ဘိက္ခူ ဧဝံ ဝဒေယျ – ‘‘ဆန္ဒဂါမိနော စ ဘိက္ခူ, ဒေါသဂါမိနော စ ဘိက္ခူ, မောဟဂါမိနော စ ဘိက္ခူ, ဘယဂါမိနော စ ဘိက္ခူ။ တာဒိသိကာယ အာပတ္တိယာ ဧကစ္စံ ပဗ္ဗာဇေန္တိ ဧကစ္စံ န ပဗ္ဗာဇေန္တီ’’တိ။</p>
<p class=""bodytext""><span class=""bld"">သော ဘိက္ခူ</span>တိ ယော သော ကမ္မကတော ဘိက္ခု။</p>
<p class=""bodytext""><span class=""bld"">ဘိက္ခူဟီ</span>တိ အညေဟိ ဘိက္ခူဟိ။ ယေ ပဿန္တိ ယေ သုဏန္တိ တေဟိ ဝတ္တဗ္ဗော – ‘‘မာယသ္မာ ဧဝံ အဝစ။ န စ ဘိက္ခူ ဆန္ဒဂါမိနော, န စ ဘိက္ခူ ဒေါသဂါမိနော, န စ ဘိက္ခူ မောဟဂါမိနော, န စ ဘိက္ခူ ဘယဂါမိနော။</p>
",
282,mula_vi_01,282,"<p class=""noindentbodytext""> အာယသ္မာ<a name=""M0.0282""></a> ခေါ ကုလဒူသကော ပါပသမာစာရော။ အာယသ္မတော ခေါ ပါပကာ သမာစာရာ ဒိဿန္တိ စေဝ သုယျန္တိ စ။ ကုလာနိ စာယသ္မတာ ဒုဋ္ဌာနိ ဒိဿန္တိ စေဝ သုယျန္တိ စ။ ပက္ကမတာယသ္မာ ဣမမှာ အာဝါသာ။ အလံ တေ ဣဓ ဝါသေနာ’’တိ။ ဒုတိယမ္ပိ ဝတ္တဗ္ဗော။ တတိယမ္ပိ ဝတ္တဗ္ဗော။</p>
<p class=""bodytext"">သစေ ပဋိနိဿဇ္ဇတိ, ဣစ္စေတံ ကုသလံ။ နော စေ ပဋိနိဿဇ္ဇတိ, အာပတ္တိ ဒုက္ကဋဿ။ သုတွာ န ဝဒန္တိ, အာပတ္တိ ဒုက္ကဋဿ။ သော ဘိက္ခု သံဃမဇ္ဈမ္ပိ အာကဍ္ဎိတွာ ဝတ္တဗ္ဗော – ‘‘မာယသ္မာ ဧဝံ အဝစ။ န စ ဘိက္ခူ ဆန္ဒဂါမိနော, န စ ဘိက္ခူ ဒေါသဂါမိနော, န စ ဘိက္ခူ မောဟဂါမိနော, န စ ဘိက္ခူ ဘယဂါမိနော။ အာယသ္မာ ခေါ ကုလဒူသကော ပါပသမာစာရော။ အာယသ္မတော <a name=""V0.0289""></a> ခေါ ပါပကာ သမာစာရာ ဒိဿန္တိ စေဝ သုယျန္တိ စ။ ကုလာနိ စာယသ္မတာ ဒုဋ္ဌာနိ ဒိဿန္တိ စေဝ သုယျန္တိ စ။ ပက္ကမတာယသ္မာ <a name=""T1.0428""></a> ဣမမှာ အာဝါသာ။ အလံ တေ ဣဓ ဝါသေနာ’’တိ။ ဒုတိယမ္ပိ ဝတ္တဗ္ဗော။ တတိယမ္ပိ ဝတ္တဗ္ဗော။ သစေ ပဋိနိဿဇ္ဇတိ, ဣစ္စေတံ ကုသလံ။ နော စေ ပဋိနိဿဇ္ဇတိ, အာပတ္တိ ဒုက္ကဋဿ။ သော ဘိက္ခု သမနုဘာသိတဗ္ဗော။ ဧဝဉ္စ ပန, ဘိက္ခဝေ, သမနုဘာသိတဗ္ဗော။ ဗျတ္တေန ဘိက္ခုနာ ပဋိဗလေန သံဃော ဉာပေတဗ္ဗော –</p>
<p class=""bodytext""><a name=""para438""></a><a name=""para438_vin1""></a><span class=""paranum"">၄၃၈</span>။ ‘‘သုဏာတု မေ, ဘန္တေ, သံဃော။ အယံ ဣတ္ထန္နာမော ဘိက္ခု သံဃေန ပဗ္ဗာဇနီယကမ္မကတော ဘိက္ခူ ဆန္ဒဂါမိတာ ဒေါသဂါမိတာ မောဟဂါမိတာ ဘယဂါမိတာ ပါပေတိ။ သော တံ ဝတ္ထုံ န ပဋိနိဿဇ္ဇတိ။ ယဒိ သံဃဿ ပတ္တကလ္လံ, သံဃော ဣတ္ထန္နာမံ ဘိက္ခုံ သမနုဘာသေယျ တဿ ဝတ္ထုဿ ပဋိနိဿဂ္ဂါယ။ ဧသာ ဉတ္တိ။</p>
<p class=""bodytext"">‘‘သုဏာတု မေ, ဘန္တေ, သံဃော။ အယံ ဣတ္ထန္နာမော ဘိက္ခု သံဃေန ပဗ္ဗာဇနီယကမ္မကတော ဘိက္ခူ ဆန္ဒဂါမိတာ ဒေါသဂါမိတာ မောဟဂါမိတာ ဘယဂါမိတာ ပါပေတိ။ သော တံ ဝတ္ထုံ န ပဋိနိဿဇ္ဇတိ။ သံဃော ဣတ္ထန္နာမံ ဘိက္ခုံ သမနုဘာသတိ တဿ ဝတ္ထုဿ ပဋိနိဿဂ္ဂါယ။ ယဿာယသ္မတော ခမတိ ဣတ္ထန္နာမဿ ဘိက္ခုနော သမနုဘာသနာ တဿ ဝတ္ထုဿ ပဋိနိဿဂ္ဂါယ, သော တုဏှဿ၊ ယဿ နက္ခမတိ, သော ဘာသေယျ။</p>
<p class=""bodytext"">‘‘ဒုတိယမ္ပိ ဧတမတ္ထံ ဝဒါမိ…ပေ… တတိယမ္ပိ ဧတမတ္ထံ ဝဒါမိ…ပေ…။</p>
<p class=""bodytext"">‘‘သမနုဘဋ္ဌော သံဃေန ဣတ္ထန္နာမော ဘိက္ခု တဿ ဝတ္ထုဿ ပဋိနိဿဂ္ဂါယ။ ခမတိ သံဃဿ, တသ္မာ တုဏှီ, ဧဝမေတံ ဓာရယာမီ’’တိ။</p>
",-438-
283,mula_vi_01,283,"<p class=""bodytext""><a name=""para439""></a><a name=""para439_vin1""></a><span class=""paranum"">၄၃၉</span>။ ဉတ္တိယာ <a name=""M0.0283""></a> ဒုက္ကဋံ, ဒွီဟိ ကမ္မဝါစာဟိ ထုလ္လစ္စယာ, ကမ္မဝါစာပရိယောသာနေ <a name=""T1.0429""></a> အာပတ္တိ သံဃာဒိသေသဿ။ သံဃာဒိသေသံ အဇ္ဈာပဇ္ဇန္တဿ ဉတ္တိယာ ဒုက္ကဋံ, ဒွီဟိ ကမ္မဝါစာဟိ ထုလ္လစ္စယာ ပဋိပ္ပဿမ္ဘန္တိ။</p>
<p class=""bodytext""><span class=""bld"">သံဃာဒိသေသော</span>တိ သံဃောဝ တဿာ အာပတ္တိယာ ပရိဝါသံ ဒေတိ, မူလာယ ပဋိကဿတိ, မာနတ္တံ ဒေတိ, အဗ္ဘေတိ၊ န သမ္ဗဟုလာ, န ဧကပုဂ္ဂလော<a name=""P3.0186""></a>။ တေန ဝုစ္စတိ – ‘သံဃာဒိသေသော’တိ, တဿေဝ အာပတ္တိနိကာယဿ နာမကမ္မံ အဓိဝစနံ။ တေနပိ ဝုစ္စတိ သံဃာဒိသေသောတိ။</p>
<p class=""bodytext""><a name=""para440""></a><a name=""para440_vin1""></a><span class=""paranum"">၄၄၀</span>။ ဓမ္မကမ္မေ <a name=""V0.0290""></a> ဓမ္မကမ္မသညီ န ပဋိနိဿဇ္ဇတိ, အာပတ္တိ သံဃာဒိသေသဿ။</p>
<p class=""bodytext"">ဓမ္မကမ္မေ ဝေမတိကော န ပဋိနိဿဇ္ဇတိ, အာပတ္တိ သံဃာဒိသေသဿ။</p>
<p class=""bodytext"">ဓမ္မကမ္မေ အဓမ္မကမ္မသညီ န ပဋိနိဿဇ္ဇတိ, အာပတ္တိ သံဃာဒိသေသဿ။</p>
<p class=""bodytext"">အဓမ္မကမ္မေ ဓမ္မကမ္မသညီ, အာပတ္တိ ဒုက္ကဋဿ။</p>
<p class=""bodytext"">အဓမ္မကမ္မေ ဝေမတိကော, အာပတ္တိ ဒုက္ကဋဿ။</p>
<p class=""bodytext"">အဓမ္မကမ္မေ အဓမ္မကမ္မသညီ, အာပတ္တိ ဒုက္ကဋဿ။</p>
<p class=""bodytext""><a name=""para441""></a><a name=""para441_vin1""></a><span class=""paranum"">၄၄၁</span>။ အနာပတ္တိ အသမနုဘာသန္တဿ, ပဋိနိဿဇ္ဇန္တဿ, ဥမ္မတ္တကဿ, အာဒိကမ္မိကဿာတိ။</p>
<p class=""centered"">ကုလဒူသကသိက္ခာပဒံ နိဋ္ဌိတံ တေရသမံ။</p>
<p class=""bodytext""><a name=""para442""></a><a name=""para442_vin1""></a><span class=""paranum"">၄၄၂</span>။ ဥဒ္ဒိဋ္ဌာ ခေါ, အာယသ္မန္တော, တေရသ သံဃာဒိသေသာ ဓမ္မာ, နဝ ပဌမာပတ္တိကာ, စတ္တာရော ယာဝတတိယကာ။ ယေသံ ဘိက္ခု အညတရံ ဝါ အညတရံ ဝါ အာပဇ္ဇိတွာ ယာဝတီဟံ ဇာနံ ပဋိစ္ဆာဒေတိ တာဝတီဟံ တေန ဘိက္ခုနာ <a name=""T1.0430""></a> အကာမာ ပရိဝတ္ထဗ္ဗံ။ ပရိဝုတ္ထပရိဝါသေန ဘိက္ခုနာ ဥတ္တရိ ဆာရတ္တံ ဘိက္ခုမာနတ္တာယ ပဋိပဇ္ဇိတဗ္ဗံ။ စိဏ္ဏမာနတ္တော ဘိက္ခု ယတ္ထ သိယာ ဝီသတိဂဏော ဘိက္ခုသံဃော တတ္ထ သော ဘိက္ခု အဗ္ဘေတဗ္ဗော။ ဧကေနပိ စေ ဦနော ဝီသတိဂဏော ဘိက္ခုသံဃော တံ ဘိက္ခုံ အဗ္ဘေယျ, သော စ ဘိက္ခု အနဗ္ဘိတော, တေ စ ဘိက္ခူ ဂါရယှာ, အယံ တတ္ထ သာမီစိ။ တတ္ထာယသ္မန္တေ ပုစ္ဆာမိ – ‘ကစ္စိတ္ထ ပရိသုဒ္ဓါ’? ဒုတိယမ္ပိ ပုစ္ဆာမိ – ‘ကစ္စိတ္ထ ပရိသုဒ္ဓါ’? တတိယမ္ပိ ပုစ္ဆာမိ – ‘ကစ္စိတ္ထ ပရိသုဒ္ဓါ’? ပရိသုဒ္ဓေတ္ထာယသ္မန္တော။ တသ္မာ တုဏှီ, ဧဝမေတံ ဓာရယာမီတိ။</p>
<p class=""centered"">တေရသကံ နိဋ္ဌိတံ။</p>
<a name=""V0.0291""></a> –</p>
",-439-440-441-442-
284,mula_vi_01,284,"<p class=""centered"">တဿုဒ္ဒါနံ <p class=""gatha1"">ဝိဿဋ္ဌိ <a name=""M0.0284""></a> ကာယသံသဂ္ဂံ, ဒုဋ္ဌုလ္လံ အတ္တကာမဉ္စ၊</p>
<p class=""gathalast"">သဉ္စရိတ္တံ ကုဋီ စေဝ, ဝိဟာရော စ အမူလကံ။</p>
<p class=""gatha1"">ကိဉ္စိလေသဉ္စ ဘေဒေါ စ, တဿေဝ အနုဝတ္တကာ၊</p>
<p class=""gathalast"">ဒုဗ္ဗစံ ကုလဒူသဉ္စ, သံဃာဒိသေသာ တေရသာတိ။</p>
<p class=""centered"">သံဃာဒိသေသကဏ္ဍံ နိဋ္ဌိတံ။</p>
",
285,mula_vi_01,285,"<a name=""vin1_4""></a><p class=""chapter"">၃။ အနိယတကဏ္ဍံ</p>
<p class=""title"">၁။ ပဌမအနိယတသိက္ခာပဒံ</p>
<p class=""centered"">ဣမေ <a name=""T1.0431""></a><a name=""P3.0187""></a> ခေါ ပနာယသ္မန္တော ဒွေ အနိယတာ ဓမ္မာ</p>
<p class=""centered"">ဥဒ္ဒေသံ အာဂစ္ဆန္တိ။</p>
<p class=""bodytext""><a name=""para443""></a><a name=""para443_vin1""></a><span class=""paranum"">၄၄၃</span>။ တေန <a name=""M0.0285""></a><a name=""V0.0292""></a> သမယေန ဗုဒ္ဓေါ ဘဂဝါ သာဝတ္ထိယံ ဝိဟရတိ ဇေတဝနေ အနာထပိဏ္ဍိကဿ အာရာမေ။ တေန ခေါ ပန သမယေန အာယသ္မာ ဥဒါယီ သာဝတ္ထိယံ ကုလူပကော ဟောတိ, ဗဟုကာနိ ကုလာနိ ဥပသင်္ကမတိ။ တေန ခေါ ပန သမယေန အာယသ္မတော ဥဒါယိဿ ဥပဋ္ဌာကကုလဿ ကုမာရိကာ အညတရဿ ကုလဿ ကုမာရကဿ ဒိန္နာ ဟောတိ။ အထ ခေါ အာယသ္မာ ဥဒါယီ ပုဗ္ဗဏှသမယံ နိဝါသေတွာ ပတ္တစီဝရမာဒါယ ယေန တံ ကုလံ တေနုပသင်္ကမိ၊ ဥပသင်္ကမိတွာ မနုဿေ ပုစ္ဆိ – ‘‘ကဟံ ဣတ္ထန္နာမာ’’တိ? တေ ဧဝမာဟံသု – ‘‘ဒိန္နာ, ဘန္တေ, အမုကဿ ကုလဿ ကုမာရကဿာ’’တိ။ တမ္ပိ ခေါ ကုလံ အာယသ္မတော ဥဒါယိဿ ဥပဋ္ဌာကံ ဟောတိ။ အထ ခေါ အာယသ္မာ ဥဒါယီ ယေန တံ ကုလံ တေနုပသင်္ကမိ၊ ဥပသင်္ကမိတွာ မနုဿေ ပုစ္ဆိ – ‘‘ကဟံ ဣတ္ထန္နာမာ’’တိ? တေ ဧဝမာဟံသု – ‘‘ဧသာယျ, ဩဝရကေ နိသိန္နာ’’တိ။ အထ ခေါ အာယသ္မာ ဥဒါယီ ယေန သာ ကုမာရိကာ တေနုပသင်္ကမိ၊ ဥပသင်္ကမိတွာ တဿာ ကုမာရိကာယ သဒ္ဓိံ ဧကော ဧကာယ ရဟော ပဋိစ္ဆန္နေ အာသနေ အလံကမ္မနိယေ နိသဇ္ဇံ ကပ္ပေသိ ကာလယုတ္တံ သမုလ္လပန္တော ကာလယုတ္တံ ဓမ္မံ ဘဏန္တော။</p>
<p class=""bodytext"">တေန ခေါ ပန သမယေန ဝိသာခါ မိဂါရမာတာ ဗဟုပုတ္တာ ဟောတိ ဗဟုနတ္တာ အရောဂပုတ္တာ အရောဂနတ္တာ အဘိမင်္ဂလသမ္မတာ။ မနုဿာ <a name=""T1.0432""></a> ယညေသု ဆဏေသု ဥဿဝေသု ဝိသာခံ မိဂါရမာတရံ ပဌမံ <a name=""V0.0293""></a> ဘောဇေန္တိ။ အထ ခေါ ဝိသာခါ မိဂါရမာတာ နိမန္တိတာ တံ ကုလံ အဂမာသိ။ အဒ္ဒသာ ခေါ ဝိသာခါ မိဂါရမာတာ အာယသ္မန္တံ ဥဒါယိံ တဿာ ကုမာရိကာယ သဒ္ဓိံ ဧကံ ဧကာယ ရဟော ပဋိစ္ဆန္နေ အာသနေ အလံကမ္မနိယေ နိသိန္နံ။ ဒိသွာန အာယသ္မန္တံ ဥဒါယိံ ဧတဒဝေါစ – ‘‘ဣဒံ, ဘန္တေ, နစ္ဆန္နံ နပ္ပတိရူပံ ယံ အယျော မာတုဂါမေန သဒ္ဓိံ ဧကော ဧကာယ ရဟော ပဋိစ္ဆန္နေ</p>
",-443-
286,mula_vi_01,286,"<p class=""noindentbodytext""> အာသနေ<a name=""M0.0286""></a> အလံကမ္မနိယေ နိသဇ္ဇံ <a name=""P3.0188""></a> ကပ္ပေတိ။ ကိဉ္စာပိ, ဘန္တေ, အယျော အနတ္ထိကော တေန ဓမ္မေန, အပိစ ဒုဿဒ္ဓါပယာ အပ္ပသန္နာ မနုဿာ’’တိ။ ဧဝမ္ပိ ခေါ အာယသ္မာ ဥဒါယီ ဝိသာခါယ မိဂါရမာတုယာ ဝုစ္စမာနော နာဒိယိ။ အထ ခေါ ဝိသာခါ မိဂါရမာတာ နိက္ခမိတွာ ဘိက္ခူနံ ဧတမတ္ထံ အာရောစေသိ။ ယေ တေ ဘိက္ခူ အပ္ပိစ္ဆာ…ပေ… တေ ဥဇ္ဈာယန္တိ ခိယျန္တိ ဝိပါစေန္တိ – ‘‘ကထဉှိ နာမ အာယသ္မာ ဥဒါယီ မာတုဂါမေန သဒ္ဓိံ ဧကော ဧကာယ ရဟော ပဋိစ္ဆန္နေ အာသနေ အလံကမ္မနိယေ နိသဇ္ဇံ ကပ္ပေဿတီ’’တိ! အထ ခေါ တေ ဘိက္ခူ အာယသ္မန္တံ ဥဒါယိံ အနေကပရိယာယေန ဝိဂရဟိတွာ ဘဂဝတော ဧတမတ္ထံ အာရောစေသုံ…ပေ… ‘‘သစ္စံ ကိရ တွံ, ဥဒါယိ, မာတုဂါမေန သဒ္ဓိံ ဧကော ဧကာယ ရဟော ပဋိစ္ဆန္နေ အာသနေ အလံကမ္မနိယေ နိသဇ္ဇံ ကပ္ပေသီ’’တိ? ‘‘သစ္စံ, ဘဂဝါ’’တိ။ ဝိဂရဟိ ဗုဒ္ဓေါ ဘဂဝါ…ပေ… ကထဉှိ နာမ တွံ, မောဃပုရိသ, မာတုဂါမေန သဒ္ဓိံ ဧကော ဧကာယ ရဟော ပဋိစ္ဆန္နေ အာသနေ အလံကမ္မနိယေ နိသဇ္ဇံ ကပ္ပေဿသိ! နေတံ, မောဃပုရိသ, အပ္ပသန္နာနံ ဝါ ပသာဒါယ…ပေ… ဧဝဉ္စ ပန, ဘိက္ခဝေ<a name=""T1.0433""></a>, ဣမံ သိက္ခာပဒံ ဥဒ္ဒိသေယျာထ –</p>
<p class=""bodytext""><a name=""para444""></a><a name=""para444_vin1""></a><span class=""paranum"">၄၄၄</span>။ <span class=""bld"">‘‘ယော ပန ဘိက္ခု မာတုဂါမေန သဒ္ဓိံ ဧကော ဧကာယ ရဟော ပဋိစ္ဆန္နေ အာသနေ အလံကမ္မနိယေ နိသဇ္ဇံ ကပ္ပေယျ, တမေနံ သဒ္ဓေယျဝစသာ ဥပါသိကာ ဒိသွာ တိဏ္ဏံ ဓမ္မာနံ အညတရေန ဝဒေယျ – ပါရာဇိကေန ဝါ သံဃာဒိသေသေန ဝါ ပါစိတ္တိယေန ဝါ, နိသဇ္ဇံ ဘိက္ခု ပဋိဇာနမာနော တိဏ္ဏံ ဓမ္မာနံ အညတရေန ကာရေတဗ္ဗော – ပါရာဇိကေန ဝါ သံဃာဒိသေသေန ဝါ ပါစိတ္တိယေန ဝါ ယေန ဝါ သာ သဒ္ဓေယျဝစသာ ဥပါသိကာ ဝဒေယျ, တေန သော ဘိက္ခု ကာရေတဗ္ဗော။ အယံ ဓမ္မော အနိယတော’’</span>တိ။</p>
<p class=""bodytext""><a name=""para445""></a><a name=""para445_vin1""></a><span class=""paranum"">၄၄၅</span>။ <span class=""bld"">ယော ပနာ</span>တိ ယော ယာဒိသော…ပေ… <span class=""bld"">ဘိက္ခူ</span>တိ…ပေ… အယံ ဣမသ္မိံ အတ္ထေ အဓိပ္ပေတော ဘိက္ခူတိ။</p>
<p class=""bodytext""><span class=""bld"">မာတုဂါမော</span> နာမ မနုဿိတ္ထီ, န ယက္ခီ န ပေတီ န တိရစ္ဆာနဂတာ။ အန္တမသော တဒဟုဇာတာပိ ဒါရိကာ, ပဂေဝ မဟတ္တရီ။</p>
<p class=""bodytext""><span class=""bld"">သဒ္ဓိ</span>န္တိ <a name=""V0.0294""></a> ဧကတော။</p>
<p class=""bodytext""><span class=""bld"">ဧကော ဧကာယာ</span>တိ ဘိက္ခု စေဝ ဟောတိ မာတုဂါမော စ။</p>
",-444-445-
287,mula_vi_01,287,"<p class=""bodytext""><span class=""bld"">ရဟော</span> <a name=""M0.0287""></a> နာမ စက္ခုဿ ရဟော, သောတဿ ရဟော။ <span class=""bld"">စက္ခုဿ ရဟော</span>နာမ န သက္ကာ ဟောတိ အက္ခိံ ဝါ နိခဏီယမာနေ ဘမုကံ ဝါ ဥက္ခိပီယမာနေ သီသံ ဝါ ဥက္ခိပီယမာနေ ပဿိတုံ။ <span class=""bld"">သောတဿ ရဟော</span>နာမ န သက္ကာ ဟောတိ ပကတိကထာ သောတုံ။</p>
<p class=""bodytext""><span class=""bld"">ပဋိစ္ဆန္နံ</span> နာမ အာသနံ ကုဋ္ဋေန ဝါ <span class=""note"">[ကုဍ္ဍေန ဝါ (သီ။ သျာ။)]</span> ကဝါဋေန ဝါ ကိလဉ္ဇေန <a name=""P3.0189""></a> ဝါ သာဏိပါကာရေန ဝါ ရုက္ခေန ဝါ ထမ္ဘေန ဝါ ကောတ္ထဠိယာ ဝါ ယေန ကေနစိ ပဋိစ္ဆန္နံ ဟောတိ။</p>
<p class=""bodytext""><span class=""bld"">အလံကမ္မနိယေ</span>တိ သက္ကာ ဟောတိ မေထုနံ ဓမ္မံ ပဋိသေဝိတုံ။</p>
<p class=""bodytext""><span class=""bld"">နိသဇ္ဇံ</span> <a name=""T1.0434""></a> <span class=""bld"">ကပ္ပေယျာ</span>တိ မာတုဂါမေ နိသိန္နေ ဘိက္ခု ဥပနိသိန္နော ဝါ ဟောတိ ဥပနိပန္နော ဝါ။ ဘိက္ခု နိသိန္နေ မာတုဂါမော ဥပနိသိန္နော ဝါ ဟောတိ ဥပနိပန္နော ဝါ။ ဥဘော ဝါ နိသိန္နာ ဟောန္တိ ဥဘော ဝါ နိပန္နာ။</p>
<p class=""bodytext""><span class=""bld"">သဒ္ဓေယျဝစသာ</span> နာမ အာဂတဖလာ အဘိသမေတာဝိနီ ဝိညာတသာသနာ။</p>
<p class=""bodytext""><span class=""bld"">ဥပါသိကာ</span> နာမ ဗုဒ္ဓံ သရဏံ ဂတာ, ဓမ္မံ သရဏံ ဂတာ, သံဃံ သရဏံ ဂတာ။</p>
<p class=""bodytext""><span class=""bld"">ဒိသွာ</span>တိ ပဿိတွာ။</p>
<p class=""bodytext"">တိဏ္ဏံ ဓမ္မာနံ အညတရေန ဝဒေယျ – ပါရာဇိကေန ဝါ သံဃာဒိသေသေန ဝါ ပါစိတ္တိယေန ဝါ။ နိသဇ္ဇံ ဘိက္ခု ပဋိဇာနမာနော တိဏ္ဏံ ဓမ္မာနံ အညတရေန ကာရေတဗ္ဗော – ပါရာဇိကေန ဝါ သံဃာဒိသေသေန ဝါ ပါစိတ္တိယေန ဝါ။ ယေန ဝါ သာ သဒ္ဓေယျဝစသာ ဥပါသိကာ ဝဒေယျ တေန သော ဘိက္ခု ကာရေတဗ္ဗော။</p>
<p class=""bodytext""><a name=""para446""></a><a name=""para446_vin1""></a><span class=""paranum"">၄၄၆</span>။ သာ <a name=""V0.0295""></a> စေ ဧဝံ ဝဒေယျ – ‘‘အယျော မယာ ဒိဋ္ဌော နိသိန္နော မာတုဂါမဿ မေထုနံ ဓမ္မံ ပဋိသေဝန္တော’’တိ, သော စ တံ ပဋိဇာနာတိ, အာပတ္တိယာ ကာရေတဗ္ဗော။ သာ စေ ဧဝံ ဝဒေယျ – ‘‘အယျော မယာ ဒိဋ္ဌော နိသိန္နော မာတုဂါမဿ မေထုနံ ဓမ္မံ ပဋိသေဝန္တော’’တိ, သော စေ ဧဝံ ဝဒေယျ – ‘‘သစ္စာဟံ နိသိန္နော, နော စ ခေါ မေထုနံ ဓမ္မံ ပဋိသေဝိ’’န္တိ, နိသဇ္ဇာယ ကာရေတဗ္ဗော။ သာ စေ ဧဝံ ဝဒေယျ – ‘‘အယျော မယာ ဒိဋ္ဌော</p>
",-446-
288,mula_vi_01,288,"<p class=""noindentbodytext""> နိသိန္နော<a name=""M0.0288""></a> မာတုဂါမဿ မေထုနံ ဓမ္မံ ပဋိသေဝန္တော’’တိ, သော စေ ဧဝံ ဝဒေယျ – ‘‘နာဟံ နိသိန္နော, အပိစ ခေါ နိပန္နော’’တိ, နိပဇ္ဇာယ ကာရေတဗ္ဗော<a name=""T1.0435""></a>။ သာ စေ ဧဝံ ဝဒေယျ – ‘‘အယျော မယာ ဒိဋ္ဌော နိသိန္နော မာတုဂါမဿ မေထုနံ ဓမ္မံ ပဋိသေဝန္တော’’တိ, သော စေ ဧဝံ ဝဒေယျ – ‘‘နာဟံ နိသိန္နော အပိစ ခေါ ဌိတော’’တိ, န ကာရေတဗ္ဗော။</p>
<p class=""bodytext""><a name=""para447""></a><a name=""para447_vin1""></a><span class=""paranum"">၄၄၇</span>။ သာ စေ ဧဝံ ဝဒေယျ – ‘‘အယျော မယာ ဒိဋ္ဌော နိပန္နော မာတုဂါမဿ မေထုနံ ဓမ္မံ ပဋိသေဝန္တော’’တိ, သော စ တံ ပဋိဇာနာတိ, အာပတ္တိယာ ကာရေတဗ္ဗော။ သာ စေ ဧဝံ ဝဒေယျ – ‘‘အယျော မယာ ဒိဋ္ဌော နိပန္နော မာတုဂါမဿ မေထုနံ ဓမ္မံ ပဋိသေဝန္တော’’တိ, သော စေ ဧဝံ ဝဒေယျ – ‘‘သစ္စာဟံ နိပန္နော, နော စ ခေါ မေထုနံ ဓမ္မံ ပဋိသေဝိ’’န္တိ, နိပဇ္ဇာယ ကာရေတဗ္ဗော။ သာ စေ ဧဝံ ဝဒေယျ – ‘‘အယျော မယာ ဒိဋ္ဌော နိပန္နော မာတုဂါမဿ မေထုနံ ဓမ္မံ ပဋိသေဝန္တော’’တိ, သော စေ ဧဝံ ဝဒေယျ – ‘‘နာဟံ နိပန္နော, အပိစ ခေါ နိသိန္နော’’တိ, နိသဇ္ဇာယ ကာရေတဗ္ဗော။ သာ စေ ဧဝံ ဝဒေယျ – ‘‘အယျော မယာ ဒိဋ္ဌော နိပန္နော မာတုဂါမဿ မေထုနံ ဓမ္မံ ပဋိသေဝန္တော’’တိ<a name=""P3.0190""></a>, သော စေ ဧဝံ ဝဒေယျ – ‘‘နာဟံ နိပန္နော အပိစ ခေါ ဌိတော’’တိ, န ကာရေတဗ္ဗော။</p>
<p class=""bodytext""><a name=""para448""></a><a name=""para448_vin1""></a><span class=""paranum"">၄၄၈</span>။ သာ စေ ဧဝံ ဝဒေယျ – ‘‘အယျော မယာ ဒိဋ္ဌော နိသိန္နော မာတုဂါမေန သဒ္ဓိံ ကာယသံသဂ္ဂံ သမာပဇ္ဇန္တော’’တိ, သော စ တံ ပဋိဇာနာတိ, အာပတ္တိယာ ကာရေတဗ္ဗော…ပေ… သစ္စာဟံ နိသိန္နော နော စ ခေါ ကာယသံသဂ္ဂံ သမာပဇ္ဇိန္တိ, နိသဇ္ဇာယ ကာရေတဗ္ဗော…ပေ… နာဟံ နိသိန္နော အပိစ ခေါ နိပန္နောတိ, နိပဇ္ဇာယ <a name=""T1.0436""></a> ကာရေတဗ္ဗော…ပေ… နာဟံ နိသိန္နော အပိစ ခေါ ဌိတောတိ, န ကာရေတဗ္ဗော။</p>
<p class=""bodytext"">သာ စေ ဧဝံ ဝဒေယျ – ‘‘အယျော မယာ ဒိဋ္ဌော နိပန္နော မာတုဂါမေန သဒ္ဓိံ ကာယသံသဂ္ဂံ သမာပဇ္ဇန္တော’’တိ, သော စ တံ ပဋိဇာနာတိ, အာပတ္တိယာ ကာရေတဗ္ဗော…ပေ… သစ္စာဟံ နိပန္နော, နော စ ခေါ ကာယသံသဂ္ဂံ သမာပဇ္ဇိန္တိ, နိပဇ္ဇာယ ကာရေတဗ္ဗော…ပေ… နာဟံ နိပန္နော, အပိစ ခေါ <a name=""V0.0296""></a> နိသိန္နောတိ, နိသဇ္ဇာယ ကာရေတဗ္ဗော…ပေ… နာဟံ နိပန္နော, အပိစ ခေါ ဌိတောတိ, န ကာရေတဗ္ဗော။</p>
<p class=""bodytext""><a name=""para449""></a><a name=""para449_vin1""></a><span class=""paranum"">၄၄၉</span>။ သာ စေ ဧဝံ ဝဒေယျ – ‘‘အယျော မယာ ဒိဋ္ဌော မာတုဂါမေန သဒ္ဓိံ ဧကော ဧကာယ ရဟော ပဋိစ္ဆန္နေ အာသနေ အလံကမ္မနိယေ</p>
",-447-448-449-
289,mula_vi_01,289,"<p class=""noindentbodytext""> နိသိန္နော’’တိ<a name=""M0.0289""></a>, သော စ တံ ပဋိဇာနာတိ, နိသဇ္ဇာယ ကာရေတဗ္ဗော…ပေ… နာဟံ နိသိန္နော အပိစ ခေါ နိပန္နောတိ, နိပဇ္ဇာယ ကာရေတဗ္ဗော…ပေ… နာဟံ နိသိန္နော, အပိစ ခေါ ဌိတောတိ, န ကာရေတဗ္ဗော။</p>
<p class=""bodytext""><a name=""para450""></a><a name=""para450_vin1""></a><span class=""paranum"">၄၅၀</span>။ သာ စေ ဧဝံ ဝဒေယျ – ‘‘အယျော မယာ ဒိဋ္ဌော မာတုဂါမေန သဒ္ဓိံ ဧကော ဧကာယ ရဟော ပဋိစ္ဆန္နေ အာသနေ အလံကမ္မနိယေ နိပန္နော’’တိ, သော စ တံ ပဋိဇာနာတိ, နိပဇ္ဇာယ ကာရေတဗ္ဗော…ပေ… နာဟံ နိပန္နော, အပိစ ခေါ နိသိန္နောတိ, နိသဇ္ဇာယ ကာရေတဗ္ဗော…ပေ… နာဟံ နိပန္နော, အပိစ ခေါ ဌိတောတိ, န ကာရေတဗ္ဗော။</p>
<p class=""bodytext""><span class=""bld"">အနိယတော</span>တိ <a name=""T1.0437""></a> န နိယတော, ပါရာဇိကံ ဝါ သံဃာဒိသေသော ဝါ ပါစိတ္တိယံ ဝါ။</p>
<p class=""bodytext""><a name=""para451""></a><a name=""para451_vin1""></a><span class=""paranum"">၄၅၁</span>။ ဂမနံ ပဋိဇာနာတိ, နိသဇ္ဇံ ပဋိဇာနာတိ, အာပတ္တိံ ပဋိဇာနာတိ, အာပတ္တိယာ ကာရေတဗ္ဗော။ ဂမနံ ပဋိဇာနာတိ, နိသဇ္ဇံ န ပဋိဇာနာတိ, အာပတ္တိံ ပဋိဇာနာတိ, အာပတ္တိယာ ကာရေတဗ္ဗော။ ဂမနံ ပဋိဇာနာတိ, နိသဇ္ဇံ ပဋိဇာနာတိ, အာပတ္တိံ န ပဋိဇာနာတိ, နိသဇ္ဇာယ ကာရေတဗ္ဗော။ ဂမနံ ပဋိဇာနာတိ, နိသဇ္ဇံ န ပဋိဇာနာတိ, အာပတ္တိံ န ပဋိဇာနာတိ, န ကာရေတဗ္ဗော။</p>
<p class=""centered"">ဂမနံ န ပဋိဇာနာတိ, နိသဇ္ဇံ ပဋိဇာနာတိ, အာပတ္တိံ ပဋိဇာနာတိ, အာပတ္တိယာ</p>
<p class=""bodytext"">ကာရေတဗ္ဗော။ ဂမနံ န ပဋိဇာနာတိ, နိသဇ္ဇံ န ပဋိဇာနာတိ, အာပတ္တိံ <a name=""P3.0191""></a> ပဋိဇာနာတိ, အာပတ္တိယာ ကာရေတဗ္ဗော။ ဂမနံ န ပဋိဇာနာတိ, နိသဇ္ဇံ ပဋိဇာနာတိ, အာပတ္တိံ န ပဋိဇာနာတိ, နိသဇ္ဇာယ ကာရေတဗ္ဗော။ ဂမနံ န ပဋိဇာနာတိ, နိသဇ္ဇံ န ပဋိဇာနာတိ, အာပတ္တိံ န ပဋိဇာနာတိ, န ကာရေတဗ္ဗောတိ။</p>
<p class=""centered"">ပဌမော အနိယတော နိဋ္ဌိတော။</p>
<p class=""title"">၂။ ဒုတိယအနိယတသိက္ခာပဒံ</p>
<p class=""bodytext""><a name=""para452""></a><a name=""para452_vin1""></a><span class=""paranum"">၄၅၂</span>။ တေန <a name=""T1.0438""></a><a name=""V0.0297""></a> သမယေန ဗုဒ္ဓေါ ဘဂဝါ သာဝတ္ထိယံ ဝိဟရတိ ဇေတဝနေ အနာထပိဏ္ဍိကဿ အာရာမေ။ တေန ခေါ ပန သမယေန အာယသ္မာ ဥဒါယီ – ‘‘ဘဂဝတာ ပဋိက္ခိတ္တံ မာတုဂါမေန သဒ္ဓိံ ဧကော ဧကာယ ရဟော ပဋိစ္ဆန္နေ အာသနေ အလံကမ္မနိယေ နိသဇ္ဇံ ကပ္ပေတု’’န္တိ တဿာယေဝ</p>
",-450-451-452-
290,mula_vi_01,290,"<p class=""noindentbodytext""> ကုမာရိကာယ<a name=""M0.0290""></a> သဒ္ဓိံ ဧကော ဧကာယ ရဟော နိသဇ္ဇံ ကပ္ပေသိ ကာလယုတ္တံ သမုလ္လပန္တော ကာလယုတ္တံ ဓမ္မံ ဘဏန္တော။ ဒုတိယမ္ပိ ခေါ ဝိသာခါ မိဂါရမာတာ နိမန္တိတာ တံ ကုလံ အဂမာသိ။ အဒ္ဒသာ ခေါ ဝိသာခါ မိဂါရမာတာ အာယသ္မန္တံ ဥဒါယိံ တဿာယေဝ ကုမာရိကာယ သဒ္ဓိံ ဧကံ ဧကာယ ရဟော နိသိန္နံ။ ဒိသွာန အာယသ္မန္တံ ဥဒါယိံ ဧတဒဝေါစ – ‘‘ဣဒံ, ဘန္တေ, နစ္ဆန္နံ နပ္ပတိရူပံ ယံ အယျော မာတုဂါမေန သဒ္ဓိံ ဧကော ဧကာယ ရဟော နိသဇ္ဇံ ကပ္ပေတိ။ ကိဉ္စာပိ, ဘန္တေ, အယျော အနတ္ထိကော တေန ဓမ္မေန, အပိစ ဒုဿဒ္ဓါပယာ အပ္ပသန္နာ မနုဿာ’’တိ။ ဧဝမ္ပိ ခေါ အာယသ္မာ ဥဒါယီ ဝိသာခါယ မိဂါရမာတုယာ ဝုစ္စမာနော နာဒိယိ။ အထ ခေါ ဝိသာခါ မိဂါရမာတာ နိက္ခမိတွာ ဘိက္ခူနံ ဧတမတ္ထံ အာရောစေသိ။ ယေ တေ ဘိက္ခူ အပ္ပိစ္ဆာ…ပေ… တေ ဥဇ္ဈာယန္တိ ခိယျန္တိ ဝိပါစေန္တိ – ‘‘ကထဉှိ နာမ အာယသ္မာ ဥဒါယီ မာတုဂါမေန သဒ္ဓိံ ဧကော ဧကာယ ရဟော နိသဇ္ဇံ ကပ္ပေဿတီ’’တိ! အထ ခေါ တေ ဘိက္ခူ အာယသ္မန္တံ ဥဒါယိံ အနေကပရိယာယေန ဝိဂရဟိတွာ ဘဂဝတော ဧတမတ္ထံ အာရောစေသုံ <a name=""T1.0439""></a> …ပေ… ‘‘သစ္စံ ကိရ တွံ, ဥဒါယိ, မာတုဂါမေန သဒ္ဓိံ ဧကော ဧကာယ ရဟော နိသဇ္ဇံ ကပ္ပေသီ’’တိ? ‘‘သစ္စံ ဘဂဝါ’’တိ။ ဝိဂရဟိ ဗုဒ္ဓေါ ဘဂဝါ…ပေ… ကထဉှိ နာမ တွံ, မောဃပုရိသ, မာတုဂါမေန သဒ္ဓိံ ဧကော ဧကာယ ရဟော နိသဇ္ဇံ ကပ္ပေဿသိ! နေတံ, မောဃပုရိသ, အပ္ပသန္နာနံ ဝါ ပသာဒါယ…ပေ… ဧဝဉ္စ ပန, ဘိက္ခဝေ, ဣမံ သိက္ခာပဒံ ဥဒ္ဒိသေယျာထ –</p>
<p class=""bodytext""><a name=""para453""></a><a name=""para453_vin1""></a><span class=""paranum"">၄၅၃</span>။ <span class=""bld"">‘‘န ဟေဝ ခေါ ပန ပဋိစ္ဆန္နံ အာသနံ ဟောတိ နာလံ ကမ္မနိယံ, အလဉ္စ ခေါ ဟောတိ မာတုဂါမံ ဒုဋ္ဌုလ္လာဟိ ဝါစာဟိ ဩဘာသိတုံ။ ယော ပန ဘိက္ခု တထာရူပေ အာသနေ မာတုဂါမေန သဒ္ဓိံ ဧကော ဧကာယ ရဟော နိသဇ္ဇံ ကပ္ပေယျ, တမေနံ သဒ္ဓေယျဝစသာ ဥပါသိကာ ဒိသွာ ဒွိန္နံ ဓမ္မာနံ အညတရေန ဝဒေယျ – သံဃာဒိသေသေန ဝါ ပါစိတ္တိယေန ဝါ။ နိသဇ္ဇံ ဘိက္ခု ပဋိဇာနမာနော ဒွိန္နံ ဓမ္မာနံ အညတရေန ကာရေတဗ္ဗော – သံဃာဒိသေသေန ဝါ ပါစိတ္တိယေန ဝါ။ ယေန ဝါ သာ</span> <a name=""P3.0192""></a> <span class=""bld"">သဒ္ဓေယျဝစသာ ဥပါသိကာ ဝဒေယျ တေန သော ဘိက္ခု ကာရေတဗ္ဗော။ အယမ္ပိ ဓမ္မော အနိယတော’’</span>တိ။</p>
<p class=""bodytext""><a name=""para454""></a><a name=""para454_vin1""></a><span class=""paranum"">၄၅၄</span>။ <span class=""bld"">န ဟေဝ</span> <a name=""V0.0298""></a> <span class=""bld"">ခေါ ပန ပဋိစ္ဆန္နံ အာသနံ ဟောတီ</span>တိ အပ္ပဋိစ္ဆန္နံ ဟောတိ ကုဋ္ဋေန ဝါ ကဝါဋေန ဝါ ကိလဉ္ဇေန ဝါ သာဏိပါကာရေန ဝါ ရုက္ခေန ဝါ ထမ္ဘေန ဝါ ကောတ္ထဠိယာ ဝါ ယေန ကေနစိ အပ္ပဋိစ္ဆန္နံ ဟောတိ။</p>
",-453-454-
291,mula_vi_01,291,"<p class=""bodytext""><span class=""bld"">နာလံ</span> <a name=""M0.0291""></a> <span class=""bld"">ကမ္မနိယ</span>န္တိ န သက္ကာ ဟောတိ မေထုနံ ဓမ္မံ ပဋိသေဝိတုံ။</p>
<p class=""bodytext""><span class=""bld"">အလဉ္စ ခေါ ဟောတိ မာတုဂါမံ ဒုဋ္ဌုလ္လာဟိ ဝါစာဟိ ဩဘာသိတု</span>န္တိ သက္ကာ ဟောတိ မာတုဂါမံ ဒုဋ္ဌုလ္လာဟိ ဝါစာဟိ ဩဘာသိတုံ။</p>
<p class=""bodytext""><span class=""bld"">ယော</span> <a name=""T1.0440""></a> <span class=""bld"">ပနာ</span>တိ ယော ယာဒိသော…ပေ… <span class=""bld"">ဘိက္ခူ</span>တိ…ပေ… အယံ ဣမသ္မိံ အတ္ထေ အဓိပ္ပေတော ဘိက္ခူတိ။</p>
<p class=""bodytext""><span class=""bld"">တထာရူပေ အာသနေ</span>တိ ဧဝရူပေ အာသနေ။</p>
<p class=""bodytext""><span class=""bld"">မာတုဂါမော</span> နာမ မနုဿိတ္ထီ, န ယက္ခီ န ပေတီ န တိရစ္ဆာနဂတာ, ဝိညူ ပဋိဗလာ သုဘာသိတဒုဗ္ဘာသိတံ ဒုဋ္ဌုလ္လာဒုဋ္ဌုလ္လံ အာဇာနိတုံ။</p>
<p class=""bodytext""><span class=""bld"">သဒ္ဓိ</span>န္တိ ဧကတော။</p>
<p class=""bodytext""><span class=""bld"">ဧကော ဧကာယာ</span>တိ ဘိက္ခု စေဝ ဟောတိ မာတုဂါမော စ။</p>
<p class=""bodytext""><span class=""bld"">ရဟော</span> နာမ စက္ခုဿ ရဟော, သောတဿ ရဟော။ <span class=""bld"">စက္ခုဿ ရဟော</span> နာမ န သက္ကာ ဟောတိ အက္ခိံ ဝါ နိခဏီယမာနေ ဘမုကံ ဝါ ဥက္ခိပီယမာနေ သီသံ ဝါ ဥက္ခိပီယမာနေ ပဿိတုံ။ <span class=""bld"">သောတဿ ရဟော</span> နာမ န သက္ကာ ဟောတိ ပကတိကထာ သောတုံ။</p>
<p class=""bodytext""><span class=""bld"">နိသဇ္ဇံ ကပ္ပေယျာ</span>တိ မာတုဂါမေ နိသိန္နေ ဘိက္ခု ဥပနိသိန္နော ဝါ ဟောတိ ဥပနိပန္နော ဝါ။ ဘိက္ခု နိသိန္နေ မာတုဂါမော ဥပနိသိန္နော ဝါ ဟောတိ ဥပနိပန္နော ဝါ။ ဥဘော ဝါ နိသိန္နာ ဟောန္တိ ဥဘော ဝါ နိပန္နာ။</p>
<p class=""bodytext""><span class=""bld"">သဒ္ဓေယျဝစသာ</span> <a name=""V0.0299""></a> နာမ အာဂတဖလာ အဘိသမေတာဝိနီ ဝိညာတသာသနာ။</p>
<p class=""bodytext""><span class=""bld"">ဥပါသိကာ</span> နာမ ဗုဒ္ဓံ သရဏံ ဂတာ, ဓမ္မံ သရဏံ ဂတာ, သံဃံ သရဏံ ဂတာ။</p>
<p class=""bodytext""><span class=""bld"">ဒိသွာ</span>တိ ပဿိတွာ။</p>
<p class=""bodytext"">ဒွိန္နံ ဓမ္မာနံ အညတရေန ဝဒေယျ သံဃာဒိသေသေန ဝါ ပါစိတ္တိယေန ဝါ။ နိသဇ္ဇံ ဘိက္ခု ပဋိဇာနမာနော ဒွိန္နံ ဓမ္မာနံ အညတရေန ကာရေတဗ္ဗော – သံဃာဒိသေသေန ဝါ ပါစိတ္တိယေန ဝါ။ ယေန ဝါ သာ သဒ္ဓေယျဝစသာ ဥပါသိကာ ဝဒေယျ, တေန သော ဘိက္ခု ကာရေတဗ္ဗော။</p>
<p class=""bodytext""><a name=""para455""></a><a name=""para455_vin1""></a><span class=""paranum"">၄၅၅</span>။ သာ <a name=""T1.0441""></a> စေ ဧဝံ ဝဒေယျ – ‘‘အယျော မယာ ဒိဋ္ဌော နိသိန္နော မာတုဂါမေန သဒ္ဓိံ ကာယသံသဂ္ဂံ သမာပဇ္ဇန္တော’’တိ, သော စ တံ ပဋိဇာနာတိ, အာပတ္တိယာ ကာရေတဗ္ဗော။ သာ စေ ဧဝံ ဝဒေယျ – ‘‘အယျော</p>
",-455-
292,mula_vi_01,292,"<p class=""noindentbodytext""> မယာ<a name=""M0.0292""></a> ဒိဋ္ဌော နိသိန္နော မာတုဂါမေန သဒ္ဓိံ ကာယသံသဂ္ဂံ သမာပဇ္ဇန္တော’’တိ, သော စေ ဧဝံ ဝဒေယျ – ‘‘သစ္စာဟံ နိသိန္နော, နော စ ခေါ ကာယသံသဂ္ဂံ သမာပဇ္ဇိ’’န္တိ, နိသဇ္ဇာယ ကာရေတဗ္ဗော…ပေ… နာဟံ နိသိန္နော, အပိစ ခေါ နိပန္နောတိ, နိပဇ္ဇာယ ကာရေတဗ္ဗော…ပေ… နာဟံ နိသိန္နော, အပိစ ခေါ ဌိတောတိ, န ကာရေတဗ္ဗော။</p>
<p class=""bodytext"">သာ စေ ဧဝံ ဝဒေယျ – ‘‘အယျော မယာ ဒိဋ္ဌော နိပန္နော မာတုဂါမေန သဒ္ဓိံ ကာယသံသဂ္ဂံ သမာပဇ္ဇန္တော’’တိ, သော စ တံ ပဋိဇာနာတိ, အာပတ္တိယာ ကာရေတဗ္ဗော…ပေ… သစ္စာဟံ နိပန္နော, နော စ ခေါ ကာယသံသဂ္ဂံ သမာပဇ္ဇိန္တိ, နိပဇ္ဇာယ ကာရေတဗ္ဗော…ပေ… နာဟံ နိပန္နော, အပိစ ခေါ နိသိန္နောတိ, နိသဇ္ဇာယ ကာရေတဗ္ဗော <a name=""P3.0193""></a> …ပေ… နာဟံ နိပန္နော, အပိစ ခေါ ဌိတောတိ, န ကာရေတဗ္ဗော။</p>
<p class=""bodytext"">သာ <a name=""V0.0300""></a> စေ ဧဝံ ဝဒေယျ – ‘‘အယျဿ မယာ သုတံ နိသိန္နဿ မာတုဂါမံ ဒုဋ္ဌုလ္လာဟိ ဝါစာဟိ ဩဘာသန္တဿာ’’တိ, သော စ တံ ပဋိဇာနာတိ, အာပတ္တိယာ <a name=""T1.0442""></a> ကာရေတဗ္ဗော။ သာ စေ ဧဝံ ဝဒေယျ – ‘‘အယျဿ မယာ သုတံ နိသိန္နဿ မာတုဂါမံ ဒုဋ္ဌုလ္လာဟိ ဝါစာဟိ ဩဘာသန္တဿာ’’တိ, သော စေ ဧဝံ ဝဒေယျ – ‘‘သစ္စာဟံ နိသိန္နော, နော စ ခေါ ဒုဋ္ဌုလ္လာဟိ ဝါစာဟိ ဩဘာသိ’’န္တိ, နိသဇ္ဇာယ ကာရေတဗ္ဗော…ပေ… နာဟံ နိသိန္နော, အပိစ ခေါ နိပန္နောတိ, နိပဇ္ဇာယ ကာရေတဗ္ဗော…ပေ… နာဟံ နိသိန္နော, အပိစ ခေါ ဌိတောတိ, န ကာရေတဗ္ဗော။</p>
<p class=""bodytext"">သာ စေ ဧဝံ ဝဒေယျ – ‘‘အယျဿ မယာ သုတံ နိပန္နဿ မာတုဂါမံ ဒုဋ္ဌုလ္လာဟိ ဝါစာဟိ ဩဘာသန္တဿာ’’တိ, သော စ တံ ပဋိဇာနာတိ, အာပတ္တိယာ ကာရေတဗ္ဗော…ပေ… သစ္စာဟံ နိပန္နော နော စ ခေါ ဒုဋ္ဌုလ္လာဟိ ဝါစာဟိ ဩဘာသိန္တိ, နိပဇ္ဇာယ ကာရေတဗ္ဗော…ပေ… နာဟံ နိပန္နော, အပိစ ခေါ နိသိန္နောတိ, နိသဇ္ဇာယ ကာရေတဗ္ဗော…ပေ… နာဟံ နိပန္နော, အပိစ ခေါ ဌိတောတိ, န ကာရေတဗ္ဗော။</p>
<p class=""bodytext""><a name=""para456""></a><a name=""para456_vin1""></a><span class=""paranum"">၄၅၆</span>။ သာ စေ ဧဝံ ဝဒေယျ – ‘‘အယျော မယာ ဒိဋ္ဌော မာတုဂါမေန သဒ္ဓိံ ဧကော ဧကာယ ရဟော နိသိန္နော’’တိ, သော စ တံ ပဋိဇာနာတိ, နိသဇ္ဇာယ ကာရေတဗ္ဗော…ပေ… နာဟံ နိသိန္နော, အပိစ ခေါ နိပန္နောတိ, နိပဇ္ဇာယ ကာရေတဗ္ဗော…ပေ… နာဟံ နိသိန္နော, အပိစ ခေါ ဌိတောတိ, န ကာရေတဗ္ဗော။</p>
",-456-
293,mula_vi_01,293,"<p class=""bodytext"">သာ <a name=""M0.0293""></a> စေ ဧဝံ ဝဒေယျ – ‘‘အယျော မယာ ဒိဋ္ဌော မာတုဂါမေန သဒ္ဓိံ ဧကော ဧကာယ ရဟော နိပန္နော’’တိ, သော စ တံ ပဋိဇာနာတိ, နိပဇ္ဇာယ ကာရေတဗ္ဗော…ပေ… နာဟံ နိပန္နော, အပိစ ခေါ နိသိန္နောတိ, နိသဇ္ဇာယ <a name=""T1.0443""></a> ကာရေတဗ္ဗော…ပေ… နာဟံ နိပန္နော, အပိစ ခေါ ဌိတောတိ, န ကာရေတဗ္ဗော။</p>
<p class=""bodytext""><span class=""bld"">အယမ္ပီ</span>တိ ပုရိမံ ဥပါဒါယ ဝုစ္စတိ။</p>
<p class=""bodytext""><span class=""bld"">အနိယတော</span>တိ န နိယတော, သံဃာဒိသေသော ဝါ ပါစိတ္တိယံ ဝါ။</p>
<p class=""bodytext""><a name=""para457""></a><a name=""para457_vin1""></a><span class=""paranum"">၄၅၇</span>။ ဂမနံ ပဋိဇာနာတိ နိသဇ္ဇံ ပဋိဇာနာတိ အာပတ္တိံ ပဋိဇာနာတိ, အာပတ္တိယာ ကာရေတဗ္ဗော။ ဂမနံ ပဋိဇာနာတိ နိသဇ္ဇံ န ပဋိဇာနာတိ အာပတ္တိံ ပဋိဇာနာတိ, အာပတ္တိယာ ကာရေတဗ္ဗော။ ဂမနံ ပဋိဇာနာတိ နိသဇ္ဇံ ပဋိဇာနာတိ အာပတ္တိံ န ပဋိဇာနာတိ, နိသဇ္ဇာယ ကာရေတဗ္ဗော။ ဂမနံ ပဋိဇာနာတိ နိသဇ္ဇံ န ပဋိဇာနာတိ အာပတ္တိံ န ပဋိဇာနာတိ, န ကာရေတဗ္ဗော။</p>
<p class=""bodytext"">ဂမနံ န ပဋိဇာနာတိ နိသဇ္ဇံ ပဋိဇာနာတိ အာပတ္တိံ ပဋိဇာနာတိ, အာပတ္တိယာ ကာရေတဗ္ဗော။ ဂမနံ န ပဋိဇာနာတိ နိသဇ္ဇံ န ပဋိဇာနာတိ အာပတ္တိံ ပဋိဇာနာတိ, အာပတ္တိယာ ကာရေတဗ္ဗော။ ဂမနံ န ပဋိဇာနာတိ နိသဇ္ဇံ ပဋိဇာနာတိ အာပတ္တိံ န ပဋိဇာနာတိ<a name=""V0.0301""></a>, နိသဇ္ဇာယ ကာရေတဗ္ဗော။ ဂမနံ န ပဋိဇာနာတိ နိသဇ္ဇံ န ပဋိဇာနာတိ အာပတ္တိံ န ပဋိဇာနာတိ, န ကာရေတဗ္ဗောတိ။</p>
<p class=""centered"">ဒုတိယော အနိယတော နိဋ္ဌိတော။</p>
<p class=""bodytext""><a name=""para458""></a><a name=""para458_vin1""></a><span class=""paranum"">၄၅၈</span>။ ဥဒ္ဒိဋ္ဌာ <a name=""T1.0444""></a><a name=""P3.0194""></a> ခေါ အာယသ္မန္တော ဒွေ အနိယတာ ဓမ္မာ။ တတ္ထာယသ္မန္တေ ပုစ္ဆာမိ – ‘‘ကစ္စိတ္ထ ပရိသုဒ္ဓါ’’? ဒုတိယမ္ပိ ပုစ္ဆာမိ – ‘‘ကစ္စိတ္ထ ပရိသုဒ္ဓါ’’? တတိယမ္ပိ ပုစ္ဆာမိ – ‘‘ကစ္စိတ္ထ ပရိသုဒ္ဓါ’’? ပရိသုဒ္ဓေတ္ထာယသ္မန္တော၊ တသ္မာ တုဏှီ, ဧဝမေတံ ဓာရယာမီတိ။</p>
<p class=""centered"">တဿုဒ္ဒါနံ –</p>
<p class=""gatha1"">အလံ ကမ္မနိယဉ္စေဝ, တထေဝ စ နဟေဝ ခေါ၊</p>
<p class=""gathalast"">အနိယတာ သုပညတ္တာ, ဗုဒ္ဓသေဋ္ဌေန တာဒိနာတိ။</p>
<p class=""centered"">အနိယတကဏ္ဍံ နိဋ္ဌိတံ။</p>
",-457-458-
294,mula_vi_01,294,"<a name=""vin1_5""></a><p class=""chapter"">၄။ နိဿဂ္ဂိယကဏ္ဍံ</p>
<p class=""title"">၁။ စီဝရဝဂ္ဂေါ</p>
<p class=""title"">၁။ ပဌမကထိနသိက္ခာပဒံ</p>
<p class=""centered"">ဣမေ <a name=""T2.0001""></a><a name=""P3.0195""></a> ခေါ ပနာယသ္မန္တော တိံသ နိဿဂ္ဂိယာ ပါစိတ္တိယာ</p>
<p class=""centered"">ဓမ္မာ ဥဒ္ဒေသံ အာဂစ္ဆန္တိ။</p>
<p class=""bodytext""><a name=""para459""></a><a name=""para459_vin1""></a><span class=""paranum"">၄၅၉</span>။ တေနေ <a name=""M0.0294""></a><a name=""V0.0302""></a> သမယေန ဗုဒ္ဓေါ ဘဂဝါ ဝေသာလိယံ ဝိဟရတိ ဂေါတမကေ စေတိယေ။ တေန ခေါ ပန သမယေန ဘဂဝတာ ဘိက္ခူနံ တိစီဝရံ အနုညာတံ ဟောတိ။ ဆဗ္ဗဂ္ဂိယာ ဘိက္ခူ – ‘‘ဘဂဝတာ တိစီဝရံ အနုညာတ’’န္တိ အညေနေဝ တိစီဝရေန ဂါမံ ပဝိသန္တိ, အညေန တိစီဝရေန အာရာမေ အစ္ဆန္တိ, အညေန တိစီဝရေန နဟာနံ ဩတရန္တိ။ ယေ တေ ဘိက္ခူ အပ္ပိစ္ဆာ…ပေ… တေ ဥဇ္ဈာယန္တိ ခိယျန္တိ ဝိပါစေန္တိ – ‘‘ကထဉှိ နာမ ဆဗ္ဗဂ္ဂိယာ ဘိက္ခူ အတိရေကစီဝရံ ဓာရေဿန္တီ’’တိ! အထ ခေါ တေ ဘိက္ခူ ဆဗ္ဗဂ္ဂိယေ ဘိက္ခူ အနေကပရိယာယေန ဝိဂရဟိတွာ ဘဂဝတော ဧတမတ္ထံ အာရောစေသုံ…ပေ… ‘‘သစ္စံ ကိရ တုမှေ, ဘိက္ခဝေ, အတိရေကစီဝရံ ဓာရေထာ’’တိ<a name=""T2.0002""></a>? ‘‘သစ္စံ ဘဂဝါ’’တိ။ ဝိဂရဟိ ဗုဒ္ဓေါ ဘဂဝါ…ပေ… ကထဉှိ နာမ တုမှေ, မောဃပုရိသာ, အတိရေကစီဝရံ ဓာရေဿထ! နေတံ, မောဃပုရိသာ, အပ္ပသန္နာနံ ဝါ ပသာဒါယ…ပေ… ဧဝဉ္စ ပန, ဘိက္ခဝေ, ဣမံ သိက္ခာပဒံ ဥဒ္ဒိသေယျာထ –</p>
<p class=""bodytext""><a name=""para460""></a><a name=""para460_vin1""></a><span class=""paranum"">၄၆၀</span>။ <span class=""bld"">‘‘ယော ပန ဘိက္ခု အတိရေကစီဝရံ ဓာရေယျ, နိဿဂ္ဂိယံ ပါစိတ္တိယ’’</span>န္တိ။</p>
<p class=""bodytext"">ဧဝဉ္စိဒံ <a name=""V0.0303""></a> ဘဂဝတာ ဘိက္ခူနံ သိက္ခာပဒံ ပညတ္တံ ဟောတိ။</p>
<p class=""bodytext""><a name=""para461""></a><a name=""para461_vin1""></a><span class=""paranum"">၄၆၁</span>။ <span class=""note"">[မဟာဝ။ ၃၄၇]</span> တေန ခေါ ပန သမယေန အာယသ္မတော အာနန္ဒဿ အတိရေကစီဝရံ ဥပ္ပန္နံ ဟောတိ။ အာယသ္မာ စ အာနန္ဒော တံ စီဝရံ အာယသ္မတော သာရိပုတ္တဿ ဒါတုကာမော ဟောတိ။ အာယသ္မာ စ သာရိပုတ္တော သာကေတေ ဝိဟရတိ။ အထ ခေါ အာယသ္မတော အာနန္ဒဿ ဧတဒဟောသိ – ‘‘ဘဂဝတာ သိက္ခာပဒံ ပညတ္တံ – ‘န အတိရေကစီဝရံ ဓာရေတဗ္ဗ’န္တိ။ ဣဒဉ္စ မေ အတိရေကစီဝရံ ဥပ္ပန္နံ။ အဟဉ္စိမံ စီဝရံ အာယသ္မတော သာရိပုတ္တဿ ဒါတုကာမော။ အာယသ္မာ စ <a name=""P3.0196""></a> သာရိပုတ္တော သာကေတေ ဝိဟရတိ။ ကထံ နု ခေါ မယာ ပဋိပဇ္ဇိတဗ္ဗ’’န္တိ? အထ ခေါ အာယသ္မာ အာနန္ဒော ဘဂဝတော</p>
",-459-460-461-
295,mula_vi_01,295,"<p class=""noindentbodytext""> ဧတမတ္ထံ<a name=""M0.0295""></a> အာရောစေသိ။ ‘‘ကီဝစိရံ ပနာနန္ဒ, သာရိပုတ္တော အာဂစ္ဆိဿတီ’’တိ? ‘‘နဝမံ ဝါ, ဘဂဝါ, ဒိဝသံ ဒသမံ ဝါ’’တိ။ အထ ခေါ ဘဂဝါ ဧတသ္မိံ နိဒါနေ ဧတသ္မိံ ပကရဏေ ဓမ္မိံ ကထံ ကတွာ ဘိက္ခူ အာမန္တေသိ – ‘‘အနုဇာနာမိ, ဘိက္ခဝေ, ဒသာဟပရမံ အတိရေကစီဝရံ ဓာရေတုံ။ ဧဝဉ္စ ပန, ဘိက္ခဝေ, ဣမံ သိက္ခာပဒံ ဥဒ္ဒိသေယျာထ –</p>
<p class=""bodytext""><a name=""para462""></a><a name=""para462_vin1""></a><span class=""paranum"">၄၆၂</span>။ <span class=""bld"">‘‘နိဋ္ဌိတစီဝရသ္မိံ ဘိက္ခုနာ ဥဗ္ဘတသ္မိံ <a name=""T2.0003""></a> ကထိနေ ဒသာဟပရမံ အတိရေကစီဝရံ ဓာရေတဗ္ဗံ။ တံ အတိက္ကာမယတော နိဿဂ္ဂိယံ ပါစိတ္တိယ’’</span>န္တိ။</p>
<p class=""bodytext""><a name=""para463""></a><a name=""para463_vin1""></a><span class=""paranum"">၄၆၃</span>။ <span class=""bld"">နိဋ္ဌိတစီဝရသ္မိ</span>န္တိ ဘိက္ခုနော စီဝရံ ကတံ ဝါ ဟောတိ နဋ္ဌံ ဝါ ဝိနဋ္ဌံ ဝါ ဒဍ္ဎံ ဝါ စီဝရာသာ ဝါ ဥပစ္ဆိန္နာ။</p>
<p class=""bodytext""><span class=""bld"">ဥဗ္ဘတသ္မိံ ကထိနေ</span>တိ အဋ္ဌန္နံ မာတိကာနံ အညတရာယ မာတိကာယ ဥဗ္ဘတံ ဟောတိ, သံဃေန ဝါ အန္တရာ ဥဗ္ဘတံ ဟောတိ။</p>
<p class=""bodytext""><span class=""bld"">ဒသာဟပရမ</span>န္တိ ဒသာဟပရမတာ ဓာရေတဗ္ဗံ။</p>
<p class=""bodytext""><span class=""bld"">အတိရေကစီဝရံ</span> နာမ အနဓိဋ္ဌိတံ အဝိကပ္ပိတံ။</p>
<p class=""bodytext""><span class=""bld"">စီဝရံ</span> နာမ ဆန္နံ စီဝရာနံ အညတရံ စီဝရံ, ဝိကပ္ပနုပဂံ ပစ္ဆိမံ။</p>
<p class=""bodytext""><span class=""bld"">တံ အတိက္ကာမယတော နိဿဂ္ဂိယံ ဟောတီ</span> <span class=""note"">[ဟောတီတိ ဣဒံ ပဒံ သဗ္ဗပေါတ္ထကေသု အတ္ထိ, သိက္ခာပဒေ ပန နတ္ထိ, ဧဝမုပရိပိ]</span> တိ ဧကာဒသေ အရုဏုဂ္ဂမနေ နိဿဂ္ဂိယံ ဟောတိ။ နိဿဇ္ဇိတဗ္ဗံ <a name=""V0.0304""></a> သံဃဿ ဝါ ဂဏဿ ဝါ ပုဂ္ဂလဿ ဝါ။ ဧဝဉ္စ ပန, ဘိက္ခဝေ, နိဿဇ္ဇိတဗ္ဗံ။ တေန ဘိက္ခုနာ သံဃံ ဥပသင်္ကမိတွာ ဧကံသံ ဥတ္တရာသင်္ဂံ ကရိတွာ ဝုဍ္ဎာနံ ဘိက္ခူနံ ပါဒေ ဝန္ဒိတွာ ဥက္ကုဋိကံ နိသီဒိတွာ အဉ္ဇလိံ ပဂ္ဂဟေတွာ ဧဝမဿ ဝစနီယော – ‘‘ဣဒံ မေ, ဘန္တေ, စီဝရံ ဒသာဟာတိက္ကန္တံ နိဿဂ္ဂိယံ, ဣမာဟံ သံဃဿ နိဿဇ္ဇာမီ’’တိ။ နိဿဇ္ဇိတွာ အာပတ္တိ ဒေသေတဗ္ဗာ။ ဗျတ္တေန ဘိက္ခုနာ ပဋိဗလေန အာပတ္တိ <a name=""T2.0004""></a> ပဋိဂ္ဂဟေတဗ္ဗာ။ နိဿဋ္ဌစီဝရံ ဒါတဗ္ဗံ။</p>
<p class=""bodytext""><a name=""para464""></a><a name=""para464_vin1""></a><span class=""paranum"">၄၆၄</span>။ ‘‘သုဏာတု မေ, ဘန္တေ, သံဃော။ ဣဒံ စီဝရံ ဣတ္ထန္နာမဿ ဘိက္ခုနော နိဿဂ္ဂိယံ သံဃဿ နိဿဋ္ဌံ။ ယဒိ သံဃဿ ပတ္တကလ္လံ, သံဃော ဣမံ စီဝရံ ဣတ္ထန္နာမဿ ဘိက္ခုနော ဒဒေယျာ’’တိ။</p>
",-462-463-464-
296,mula_vi_01,296,"<p class=""bodytext""><a name=""para465""></a><a name=""para465_vin1""></a><span class=""paranum"">၄၆၅</span>။ တေန <a name=""M0.0296""></a> ဘိက္ခုနာ သမ္ဗဟုလေ ဘိက္ခူ ဥပသင်္ကမိတွာ ဧကံသံ ဥတ္တရာသင်္ဂံ ကရိတွာ ဝုဍ္ဎာနံ ဘိက္ခူနံ ပါဒေ ဝန္ဒိတွာ ဥက္ကုဋိကံ နိသီဒိတွာ အဉ္ဇလိံ ပဂ္ဂဟေတွာ ဧဝမဿု ဝစနီယာ – ‘‘ဣဒံ မေ, ဘန္တေ, စီဝရံ ဒသာဟာတိက္ကန္တံ <a name=""P3.0197""></a> နိဿဂ္ဂိယံ။ ဣမာဟံ အာယသ္မန္တာနံ နိဿဇ္ဇာမီ’’တိ။ နိဿဇ္ဇိတွာ အာပတ္တိ ဒေသေတဗ္ဗာ။ ဗျတ္တေန ဘိက္ခုနာ ပဋိဗလေန အာပတ္တိ ပဋိဂ္ဂဟေတဗ္ဗာ။ နိဿဋ္ဌစီဝရံ ဒါတဗ္ဗံ။</p>
<p class=""bodytext""><a name=""para466""></a><a name=""para466_vin1""></a><span class=""paranum"">၄၆၆</span>။ ‘‘သုဏန္တု မေ အာယသ္မန္တာ။ ဣဒံ စီဝရံ ဣတ္ထန္နာမဿ ဘိက္ခုနော နိဿဂ္ဂိယံ အာယသ္မန္တာနံ နိဿဋ္ဌံ။ ယဒါယသ္မန္တာနံ ပတ္တကလ္လံ, အာယသ္မန္တာ ဣမံ စီဝရံ ဣတ္ထန္နာမဿ ဘိက္ခုနော ဒဒေယျု’’န္တိ။</p>
<p class=""bodytext""><a name=""para467""></a><a name=""para467_vin1""></a><span class=""paranum"">၄၆၇</span>။ တေန ဘိက္ခုနာ ဧကံ ဘိက္ခုံ ဥပသင်္ကမိတွာ ဧကံသံ ဥတ္တရာသင်္ဂံ ကရိတွာ ဥက္ကုဋိကံ နိသီဒိတွာ အဉ္ဇလိံ ပဂ္ဂဟေတွာ ဧဝမဿ ဝစနီယော – ‘‘ဣဒံ မေ, အာဝုသော, စီဝရံ ဒသာဟာတိက္ကန္တံ နိဿဂ္ဂိယံ။ ဣမာဟံ အာယသ္မတော နိဿဇ္ဇာမီ’’တိ။ နိဿဇ္ဇိတွာ အာပတ္တိ ဒေသေတဗ္ဗာ။ တေန ဘိက္ခုနာ အာပတ္တိ ပဋိဂ္ဂဟေတဗ္ဗာ။ နိဿဋ္ဌစီဝရံ ဒါတဗ္ဗံ – ‘‘ဣမံ စီဝရံ အာယသ္မတော ဒမ္မီ’’တိ။</p>
<p class=""bodytext""><a name=""para468""></a><a name=""para468_vin1""></a><span class=""paranum"">၄၆၈</span>။ ဒသာဟာတိက္ကန္တေ အတိက္ကန္တသညီ, နိဿဂ္ဂိယံ ပါစိတ္တိယံ။ ဒသာဟာတိက္ကန္တေ <a name=""T2.0005""></a> ဝေမတိကော, နိဿဂ္ဂိယံ ပါစိတ္တိယံ။ ဒသာဟာတိက္ကန္တေ အနတိက္ကန္တသညီ, နိဿဂ္ဂိယံ ပါစိတ္တိယံ<a name=""V0.0305""></a>။ အနဓိဋ္ဌိတေ အဓိဋ္ဌိတသညီ, နိဿဂ္ဂိယံ ပါစိတ္တိယံ။ အဝိကပ္ပိတေ ဝိကပ္ပိတသညီ, နိဿဂ္ဂိယံ ပါစိတ္တိယံ။ အဝိဿဇ္ဇိတေ ဝိဿဇ္ဇိတသညီ, နိဿဂ္ဂိယံ ပါစိတ္တိယံ။ အနဋ္ဌေ နဋ္ဌသညီ, နိဿဂ္ဂိယံ ပါစိတ္တိယံ။ အဝိနဋ္ဌေ ဝိနဋ္ဌသညီ, နိဿဂ္ဂိယံ ပါစိတ္တိယံ။ အဒဍ္ဎေ ဒဍ္ဎသညီ, နိဿဂ္ဂိယံ ပါစိတ္တိယံ။ အဝိလုတ္တေ ဝိလုတ္တသညီ, နိဿဂ္ဂိယံ ပါစိတ္တိယံ။</p>
<p class=""bodytext"">နိဿဂ္ဂိယံ စီဝရံ အနိဿဇ္ဇိတွာ ပရိဘုဉ္ဇတိ, အာပတ္တိ ဒုက္ကဋဿ။ ဒသာဟာနတိက္ကန္တေ အတိက္ကန္တသညီ, အာပတ္တိ ဒုက္ကဋဿ။ ဒသာဟာနတိက္ကန္တေ ဝေမတိကော, အာပတ္တိ ဒုက္ကဋဿ။ ဒသာဟာနတိက္ကန္တေ အနတိက္ကန္တသညီ, အနာပတ္တိ။</p>
<p class=""bodytext""><a name=""para469""></a><a name=""para469_vin1""></a><span class=""paranum"">၄၆၉</span>။ အနာပတ္တိ အန္တောဒသာဟံ အဓိဋ္ဌေတိ, ဝိကပ္ပေတိ, ဝိဿဇ္ဇေတိ, နဿတိ, ဝိနဿတိ, ဍယှတိ, အစ္ဆိန္ဒိတွာ ဂဏှန္တိ, ဝိဿာသံ ဂဏှန္တိ, ဥမ္မတ္တကဿ, အာဒိကမ္မိကဿာတိ။</p>
",-465-466-467-468-469-
297,mula_vi_01,297,"<p class=""bodytext""><a name=""para470""></a><a name=""para470_vin1""></a><span class=""paranum"">၄၇၀</span>။ တေန <a name=""M0.0297""></a> ခေါ ပန သမယေန ဆဗ္ဗဂ္ဂိယာ ဘိက္ခူ နိဿဋ္ဌစီဝရံ န ဒေန္တိ။ ဘဂဝတော ဧတမတ္ထံ အာရောစေသုံ။ ‘‘န<a name=""T2.0006""></a>, ဘိက္ခဝေ, နိဿဋ္ဌစီဝရံ န ဒါတဗ္ဗံ။ ယော န ဒဒေယျ, အာပတ္တိ ဒုက္ကဋဿာ’’တိ။</p>
<p class=""centered"">ကထိနသိက္ခာပဒံ နိဋ္ဌိတံ ပဌမံ။</p>
<p class=""title"">၂။ ဥဒေါသိတသိက္ခာပဒံ</p>
<p class=""bodytext""><a name=""para471""></a><a name=""para471_vin1""></a><span class=""paranum"">၄၇၁</span>။ တေန <a name=""T2.0007""></a><a name=""P3.0198""></a> သမယေန ဗုဒ္ဓေါ ဘဂဝါ သာဝတ္ထိယံ ဝိဟရတိ ဇေတဝနေ အနာထပိဏ္ဍိကဿ အာရာမေ။ တေန ခေါ ပန သမယေန ဘိက္ခူ ဘိက္ခူနံ ဟတ္ထေ စီဝရံ နိက္ခိပိတွာ သန္တရုတ္တရေန ဇနပဒစာရိကံ ပက္ကမန္တိ။ တာနိ စီဝရာနိ စိရံ နိက္ခိတ္တာနိ ကဏ္ဏကိတာနိ ဟောန္တိ။ တာနိ ဘိက္ခူ ဩတာပေန္တိ။ အဒ္ဒသာ ခေါ အာယသ္မာ အာနန္ဒော သေနာသနစာရိကံ အာဟိဏ္ဍန္တော တေ ဘိက္ခူ တာနိ စီဝရာနိ ဩတာပေန္တေ။ ဒိသွာန ယေန တေ ဘိက္ခူ တေနုပသင်္ကမိ၊ ဥပသင်္ကမိတွာ တေ ဘိက္ခူ ဧတဒဝေါစ – ‘‘ကဿိမာနိ, အာဝုသော, စီဝရာနိ ကဏ္ဏကိတာနီ’’တိ? အထ ခေါ တေ ဘိက္ခူ အာယသ္မတော <a name=""V0.0306""></a> အာနန္ဒဿ ဧတမတ္ထံ အာရောစေသုံ။ အာယသ္မာ အာနန္ဒော ဥဇ္ဈာယတိ ခိယျတိ ဝိပါစေတိ – ‘‘ကထဉှိ နာမ ဘိက္ခူ ဘိက္ခူနံ ဟတ္ထေ စီဝရံ နိက္ခိပိတွာ သန္တရုတ္တရေန ဇနပဒစာရိကံ ပက္ကမိဿန္တီ’’တိ! အထ ခေါ အာယသ္မာ အာနန္ဒော တေ ဘိက္ခူ အနေကပရိယာယေန ဝိဂရဟိတွာ ဘဂဝတော ဧတမတ္ထံ အာရောစေသိ…ပေ… ‘‘သစ္စံ ကိရ, ဘိက္ခဝေ, ဘိက္ခူ ဘိက္ခူနံ ဟတ္ထေ စီဝရံ နိက္ခိပိတွာ သန္တရုတ္တရေန ဇနပဒစာရိကံ ပက္ကမန္တီ’’တိ? ‘‘သစ္စံ, ဘဂဝါ’’တိ။ ဝိဂရဟိ ဗုဒ္ဓေါ ဘဂဝါ…ပေ… ကထဉှိ နာမ တေ, ဘိက္ခဝေ, မောဃပုရိသာ ဘိက္ခူနံ ဟတ္ထေ စီဝရံ နိက္ခိပိတွာ သန္တရုတ္တရေန ဇနပဒစာရိကံ ပက္ကမိဿန္တိ<a name=""T2.0008""></a>! နေတံ, ဘိက္ခဝေ, အပ္ပသန္နာနံ ဝါ ပသာဒါယ…ပေ… ဧဝဉ္စ ပန, ဘိက္ခဝေ, ဣမံ သိက္ခာပဒံ ဥဒ္ဒိသေယျာထ –</p>
<p class=""bodytext""><a name=""para472""></a><a name=""para472_vin1""></a><span class=""paranum"">၄၇၂</span>။ <span class=""bld"">‘‘နိဋ္ဌိတစီဝရသ္မိံ ဘိက္ခုနာ ဥဗ္ဘတသ္မိံ ကထိနေ ဧကရတ္တမ္ပိ စေ ဘိက္ခု တိစီဝရေန ဝိပ္ပဝသေယျ, နိဿဂ္ဂိယံ ပါစိတ္တိယ’’</span>န္တိ။</p>
<p class=""bodytext"">ဧဝဉ္စိဒံ ဘဂဝတာ ဘိက္ခူနံ သိက္ခာပဒံ ပညတ္တံ ဟောတိ။</p>
<p class=""bodytext""><a name=""para473""></a><a name=""para473_vin1""></a><span class=""paranum"">၄၇၃</span>။ တေန ခေါ ပန သမယေန အညတရော ဘိက္ခု ကောသမ္ဗိယံ ဂိလာနော ဟောတိ။ ဉာတကာ တဿ ဘိက္ခုနော သန္တိကေ ဒူတံ ပါဟေသုံ – ‘‘အာဂစ္ဆတု ဘဒန္တော, မယံ, ဥပဋ္ဌဟိဿာမာ’’တိ။ ဘိက္ခူပိ ဧဝမာဟံသု –</p>
",-470-471-472-473-
298,mula_vi_01,298,"<p class=""noindentbodytext""> ‘‘ဂစ္ဆာဝုသော<a name=""M0.0298""></a>, ဉာတကာ တံ ဥပဋ္ဌဟိဿန္တီ’’တိ။ သော ဧဝမာဟ – ‘‘ဘဂဝတာဝုသော, သိက္ခာပဒံ ပညတ္တံ – ‘န တိစီဝရေန ဝိပ္ပဝသိတဗ္ဗ’န္တိ။ အဟဉ္စမှိ ဂိလာနော။ န သက္ကောမိ တိစီဝရံ အာဒါယ ပက္ကမိတုံ။ နာဟံ ဂမိဿာမီ’’တိ<a name=""P3.0199""></a>။ ဘဂဝတော ဧတမတ္ထံ အာရောစေသုံ။ အထ ခေါ ဘဂဝါ ဧတသ္မိံ နိဒါနေ ဧတသ္မိံ ပကရဏေ ဓမ္မိံ ကထံ ကတွာ ဘိက္ခူ အာမန္တေသိ – ‘‘အနုဇာနာမိ, ဘိက္ခဝေ, ဂိလာနဿ ဘိက္ခုနော တိစီဝရေန အဝိပ္ပဝါသသမ္မုတိံ ဒါတုံ။ ဧဝဉ္စ ပန, ဘိက္ခဝေ, ဒါတဗ္ဗာ။ တေန ဂိလာနေန ဘိက္ခုနာ သံဃံ ဥပသင်္ကမိတွာ ဧကံသံ ဥတ္တရာသင်္ဂံ ကရိတွာ ဝုဍ္ဎာနံ ဘိက္ခူနံ ပါဒေ ဝန္ဒိတွာ ဥက္ကုဋိကံ နိသီဒိတွာ အဉ္ဇလိံ ပဂ္ဂဟေတွာ ဧဝမဿ ဝစနီယော – ‘အဟံ, ဘန္တေ, ဂိလာနော။ န သက္ကောမိ တိစီဝရံ အာဒါယ ပက္ကမိတုံ။ သောဟံ, ဘန္တေ, သံဃံ တိစီဝရေန အဝိပ္ပဝါသသမ္မုတိံ ယာစာမီ’တိ။ ဒုတိယမ္ပိ ယာစိတဗ္ဗာ။ တတိယမ္ပိ ယာစိတဗ္ဗာ။ ဗျတ္တေန ဘိက္ခုနာ ပဋိဗလေန သံဃော <a name=""T2.0009""></a> ဉာပေတဗ္ဗော –</p>
<p class=""bodytext""><a name=""para474""></a><a name=""para474_vin1""></a><span class=""paranum"">၄၇၄</span>။ ‘‘သုဏာတု မေ, ဘန္တေ, သံဃော။ အယံ ဣတ္ထန္နာမော ဘိက္ခု ဂိလာနော။ န သက္ကောတိ တိစီဝရံ <a name=""V0.0307""></a> အာဒါယ ပက္ကမိတုံ။ သော သံဃံ တိစီဝရေန အဝိပ္ပဝါသသမ္မုတိံ ယာစတိ။ ယဒိ သံဃဿ ပတ္တကလ္လံ, သံဃော ဣတ္ထန္နာမဿ ဘိက္ခုနော တိစီဝရေန အဝိပ္ပဝါသသမ္မုတိံ ဒဒေယျ။ ဧသာ ဉတ္တိ။</p>
<p class=""bodytext"">‘‘သုဏာတု မေ, ဘန္တေ, သံဃော။ အယံ ဣတ္ထန္နာမော ဘိက္ခု ဂိလာနော။ န သက္ကောတိ တိစီဝရံ အာဒါယ ပက္ကမိတုံ။ သော သံဃံ တိစီဝရေန အဝိပ္ပဝါသသမ္မုတိံ ယာစတိ။ သံဃော ဣတ္ထန္နာမဿ ဘိက္ခုနော တိစီဝရေန အဝိပ္ပဝါသသမ္မုတိံ ဒေတိ။ ယဿာယသ္မတော ခမတိ ဣတ္ထန္နာမဿ ဘိက္ခုနော တိစီဝရေန အဝိပ္ပဝါသသမ္မုတိယာ ဒါနံ, သော တုဏှဿ၊ ယဿ နက္ခမတိ, သော ဘာသေယျ။</p>
<p class=""bodytext"">‘‘ဒိန္နာ သံဃေန ဣတ္ထန္နာမဿ ဘိက္ခုနော တိစီဝရေန အဝိပ္ပဝါသသမ္မုတိ။ ခမတိ သံဃဿ, တသ္မာ တုဏှီ, ဧဝမေတံ ဓာရယာမီ’’တိ။</p>
<p class=""bodytext"">ဧဝဉ္စ ပန, ဘိက္ခဝေ, ဣမံ သိက္ခာပဒံ ဥဒ္ဒိသေယျာထ –</p>
<p class=""bodytext""><a name=""para475""></a><a name=""para475_vin1""></a><span class=""paranum"">၄၇၅</span>။ <span class=""bld"">‘‘နိဋ္ဌိတစီဝရသ္မိံ ဘိက္ခုနာ ဥဗ္ဘတသ္မိံ ကထိနေ ဧကရတ္တမ္ပိ စေ ဘိက္ခု တိစီဝရေန ဝိပ္ပဝသေယျ, အညတြ ဘိက္ခုသမ္မုတိယာ, နိဿဂ္ဂိယံ ပါစိတ္တိယ’’</span>န္တိ။</p>
<p class=""bodytext""><a name=""para476""></a><a name=""para476_vin1""></a><span class=""paranum"">၄၇၆</span>။ <span class=""bld"">‘‘နိဋ္ဌိတစီဝရသ္မိ</span>န္တိ ဘိက္ခုနော စီဝရံ ကတံ ဝါ ဟောတိ နဋ္ဌံ ဝါ ဝိနဋ္ဌံ ဝါ ဒဍ္ဎံ ဝါ စီဝရာသာ ဝါ ဥပစ္ဆိန္နာ။</p>
",-474-475-476-
299,mula_vi_01,299,"<p class=""bodytext""><span class=""bld"">ဥဗ္ဘတသ္မိံ</span> <a name=""M0.0299""></a> <span class=""bld"">ကထိနေ</span>တိ အဋ္ဌန္နံ မာတိကာနံ အညတရာယ မာတိကာယ ဥဗ္ဘတံ ဟောတိ, သံဃေန ဝါ အန္တရာ ဥဗ္ဘတံ ဟောတိ။</p>
<p class=""bodytext""><span class=""bld"">ဧကရတ္တမ္ပိ စေ ဘိက္ခု တိစီဝရေန ဝိပ္ပဝသေယျာ</span>တိ သံဃာဋိယာ ဝါ ဥတ္တရာသင်္ဂေန ဝါ အန္တရဝါသကေန <a name=""T2.0010""></a> ဝါ။</p>
<p class=""bodytext""><span class=""bld"">အညတြ ဘိက္ခုသမ္မုတိယာ</span>တိ ဌပေတွာ ဘိက္ခုသမ္မုတိံ။</p>
<p class=""bodytext""><span class=""bld"">နိဿဂ္ဂိယံ ဟောတီ</span>တိ သဟ အရုဏုဂ္ဂမနာ <span class=""note"">[အရုဏုဂ္ဂမနေန (သီ။ သျာ။)]</span> နိဿဂ္ဂိယံ ဟောတိ။ နိဿဇ္ဇိတဗ္ဗံ သံဃဿ ဝါ ဂဏဿ <a name=""V0.0308""></a> ဝါ ပုဂ္ဂလဿ ဝါ။ ဧဝဉ္စ ပန, ဘိက္ခဝေ, နိဿဇ္ဇိတဗ္ဗံ…ပေ… ဣဒံ မေ, ဘန္တေ<a name=""P3.0200""></a>, စီဝရံ ရတ္တိဝိပ္ပဝုတ္ထံ <span class=""note"">[ရတ္တိံ ဝိပ္ပဝုတ္ထံ (သီ။)]</span> အညတြ ဘိက္ခုသမ္မုတိယာ နိဿဂ္ဂိယံ, ဣမာဟံ သံဃဿ နိဿဇ္ဇာမီတိ…ပေ… ဒဒေယျာတိ…ပေ… ဒဒေယျုန္တိ…ပေ… အာယသ္မတော ဒမ္မီတိ။</p>
<p class=""bodytext""><a name=""para477""></a><a name=""para477_vin1""></a><span class=""paranum"">၄၇၇</span>။ ဂါမော ဧကူပစာရော နာနူပစာရော။ နိဝေသနံ ဧကူပစာရံ နာနူပစာရံ။ ဥဒေါသိတော ဧကူပစာရော နာနူပစာရော။ အဋ္ဋော ဧကူပစာရော နာနူပစာရော။ မာဠော ဧကူပစာရော နာနူပစာရော။ ပါသာဒေါ ဧကူပစာရော နာနူပစာရော။ ဟမ္မိယံ ဧကူပစာရံ နာနူပစာရံ။ နာဝါ ဧကူပစာရာ နာနူပစာရာ။ သတ္ထော ဧကူပစာရော နာနူပစာရော။ ခေတ္တံ ဧကူပစာရံ နာနူပစာရံ။ ဓညကရဏံ ဧကူပစာရံ နာနူပစာရံ။ အာရာမော ဧကူပစာရော နာနူပစာရော။ ဝိဟာရော ဧကူပစာရော နာနူပစာရော။ ရုက္ခမူလံ ဧကူပစာရံ နာနူပစာရံ။ အဇ္ဈောကာသော ဧကူပစာရော နာနူပစာရော။</p>
<p class=""bodytext""><a name=""para478""></a><a name=""para478_vin1""></a><span class=""paranum"">၄၇၈</span>။ <span class=""bld"">ဂါမော ဧကူပစာရော</span> နာမ ဧကကုလဿ ဂါမော ဟောတိ ပရိက္ခိတ္တော စ<a name=""T2.0011""></a>။ အန္တောဂါမေ စီဝရံ နိက္ခိပိတွာ အန္တောဂါမေ ဝတ္ထဗ္ဗံ။ အပရိက္ခိတ္တော ဟောတိ, ယသ္မိံ ဃရေ စီဝရံ နိက္ခိတ္တံ ဟောတိ တသ္မိံ ဃရေ ဝတ္ထဗ္ဗံ, ဟတ္ထပါသာ ဝါ န ဝိဇဟိတဗ္ဗံ။</p>
<p class=""bodytext""><a name=""para479""></a><a name=""para479_vin1""></a><span class=""paranum"">၄၇၉</span>။ နာနာကုလဿ ဂါမော ဟောတိ ပရိက္ခိတ္တော စ။ ယသ္မိံ ဃရေ စီဝရံ နိက္ခိတ္တံ ဟောတိ တသ္မိံ ဃရေ ဝတ္ထဗ္ဗံ သဘာယေ ဝါ ဒွါရမူလေ ဝါ, ဟတ္ထပါသာ ဝါ န ဝိဇဟိတဗ္ဗံ။ သဘာယံ ဂစ္ဆန္တေန ဟတ္ထပါသေ စီဝရံ နိက္ခိပိတွာ သဘာယေ ဝါ ဝတ္ထဗ္ဗံ ဒွါရမူလေ ဝါ, ဟတ္ထပါသာ ဝါ န ဝိဇဟိတဗ္ဗံ။ သဘာယေ စီဝရံ နိက္ခိပိတွာ သဘာယေ ဝါ ဝတ္ထဗ္ဗံ ဒွါရမူလေ ဝါ, ဟတ္ထပါသာ ဝါ န ဝိဇဟိတဗ္ဗံ။ အပရိက္ခိတ္တော ဟောတိ, ယသ္မိံ ဃရေ စီဝရံ နိက္ခိတ္တံ ဟောတိ တသ္မိံ ဃရေ ဝတ္ထဗ္ဗံ, ဟတ္ထပါသာ ဝါ န ဝိဇဟိတဗ္ဗံ။</p>
",-477-478-479-
300,mula_vi_01,300,"<p class=""bodytext""><a name=""para480""></a><a name=""para480_vin1""></a><span class=""paranum"">၄၈၀</span>။ ဧကကုလဿ <a name=""M0.0300""></a> နိဝေသနံ ဟောတိ ပရိက္ခိတ္တဉ္စ, နာနာဂဗ္ဘာ နာနာဩဝရကာ။ အန္တောနိဝေသနေ စီဝရံ နိက္ခိပိတွာ အန္တောနိဝေသနေ ဝတ္ထဗ္ဗံ။ အပရိက္ခိတ္တံ ဟောတိ, ယသ္မိံ ဂဗ္ဘေ စီဝရံ နိက္ခိတ္တံ ဟောတိ တသ္မိံ ဂဗ္ဘေ ဝတ္ထဗ္ဗံ, ဟတ္ထပါသာ ဝါ န ဝိဇဟိတဗ္ဗံ။</p>
<p class=""bodytext""><a name=""para481""></a><a name=""para481_vin1""></a><span class=""paranum"">၄၈၁</span>။ နာနာကုလဿ နိဝေသနံ ဟောတိ ပရိက္ခိတ္တဉ္စ, နာနာဂဗ္ဘာ နာနာဩဝရကာ။ ယသ္မိံ ဂဗ္ဘေ စီဝရံ နိက္ခိတ္တံ ဟောတိ တသ္မိံ ဂဗ္ဘေ ဝတ္ထဗ္ဗံ ဒွါရမူလေ ဝါ, ဟတ္ထပါသာ ဝါ န ဝိဇဟိတဗ္ဗံ<a name=""V0.0309""></a>။ အပရိက္ခိတ္တံ ဟောတိ, ယသ္မိံ ဂဗ္ဘေ စီဝရံ နိက္ခိတ္တံ ဟောတိ တသ္မိံ ဂဗ္ဘေ ဝတ္ထဗ္ဗံ, ဟတ္ထပါသာ ဝါ <a name=""T2.0012""></a> န ဝိဇဟိတဗ္ဗံ။</p>
<p class=""bodytext""><a name=""para482""></a><a name=""para482_vin1""></a><span class=""paranum"">၄၈၂</span>။ ဧကကုလဿ ဥဒေါသိတော ဟောတိ ပရိက္ခိတ္တော စ, နာနာဂဗ္ဘာ နာနာဩဝရကာ<a name=""P3.0201""></a>။ အန္တောဥဒေါသိတေ စီဝရံ နိက္ခိပိတွာ အန္တောဥဒေါသိတေ ဝတ္ထဗ္ဗံ။ အပရိက္ခိတ္တော ဟောတိ, ယသ္မိံ ဂဗ္ဘေ စီဝရံ နိက္ခိတ္တံ ဟောတိ တသ္မိံ ဂဗ္ဘေ ဝတ္ထဗ္ဗံ, ဟတ္ထပါသာ ဝါ န ဝိဇဟိတဗ္ဗံ။</p>
<p class=""bodytext""><a name=""para483""></a><a name=""para483_vin1""></a><span class=""paranum"">၄၈၃</span>။ နာနာကုလဿ ဥဒေါသိတော ဟောတိ ပရိက္ခိတ္တော စ, နာနာဂဗ္ဘာ နာနာဩဝရကာ။ ယသ္မိံ ဂဗ္ဘေ စီဝရံ နိက္ခိတ္တံ ဟောတိ တသ္မိံ ဂဗ္ဘေ ဝတ္ထဗ္ဗံ ဒွါရမူလေ ဝါ, ဟတ္ထပါသာ ဝါ န ဝိဇဟိတဗ္ဗံ။ အပရိက္ခိတ္တော ဟောတိ, ယသ္မိံ ဂဗ္ဘေ စီဝရံ နိက္ခိတ္တံ ဟောတိ တသ္မိံ ဂဗ္ဘေ ဝတ္ထဗ္ဗံ, ဟတ္ထပါသာ ဝါ န ဝိဇဟိတဗ္ဗံ။</p>
<p class=""bodytext""><a name=""para484""></a><a name=""para484_vin1""></a><span class=""paranum"">၄၈၄</span>။ ဧကကုလဿ အဋ္ဋော ဟောတိ, အန္တောအဋ္ဋေ စီဝရံ နိက္ခိပိတွာ အန္တောအဋ္ဋေ ဝတ္ထဗ္ဗံ။ နာနာကုလဿ အဋ္ဋော ဟောတိ, နာနာဂဗ္ဘာ နာနာဩဝရကာ။ ယသ္မိံ ဂဗ္ဘေ စီဝရံ နိက္ခိတ္တံ ဟောတိ တသ္မိံ ဂဗ္ဘေ ဝတ္ထဗ္ဗံ ဒွါရမူလေ ဝါ, ဟတ္ထပါသာ ဝါ န ဝိဇဟိတဗ္ဗံ။</p>
<p class=""bodytext""><a name=""para485""></a><a name=""para485_vin1""></a><span class=""paranum"">၄၈၅</span>။ ဧကကုလဿ မာဠော ဟောတိ, အန္တောမာဠေ စီဝရံ နိက္ခိပိတွာ အန္တောမာဠေ ဝတ္ထဗ္ဗံ။ နာနာကုလဿ မာဠော ဟောတိ နာနာဂဗ္ဘာ နာနာဩဝရကာ, ယသ္မိံ ဂဗ္ဘေ စီဝရံ နိက္ခိတ္တံ ဟောတိ တသ္မိံ ဂဗ္ဘေ ဝတ္ထဗ္ဗံ ဒွါရမူလေ ဝါ, ဟတ္ထပါသာ ဝါ န ဝိဇဟိတဗ္ဗံ။</p>
<p class=""bodytext""><a name=""para486""></a><a name=""para486_vin1""></a><span class=""paranum"">၄၈၆</span>။ ဧကကုလဿ ပါသာဒေါ ဟောတိ, အန္တောပါသာဒေ စီဝရံ နိက္ခိပိတွာ အန္တောပါသာဒေ ဝတ္ထဗ္ဗံ။ နာနာကုလဿ ပါသာဒေါ ဟောတိ,</p>
",-480-481-482-483-484-485-486-
301,mula_vi_01,301,"<p class=""noindentbodytext""> နာနာဂဗ္ဘာ <a name=""T2.0013""></a><a name=""M0.0301""></a> နာနာဩဝရကာ။ ယသ္မိံ ဂဗ္ဘေ စီဝရံ နိက္ခိတ္တံ ဟောတိ တသ္မိံ ဂဗ္ဘေ ဝတ္ထဗ္ဗံ ဒွါရမူလေ ဝါ, ဟတ္ထပါသာ ဝါ န ဝိဇဟိတဗ္ဗံ။</p>
<p class=""bodytext""><a name=""para487""></a><a name=""para487_vin1""></a><span class=""paranum"">၄၈၇</span>။ ဧကကုလဿ ဟမ္မိယံ ဟောတိ။ အန္တောဟမ္မိယေ စီဝရံ နိက္ခိပိတွာ အန္တောဟမ္မိယေ ဝတ္ထဗ္ဗံ။ နာနာကုလဿ ဟမ္မိယံ ဟောတိ, နာနာဂဗ္ဘာ နာနာဩဝရကာ။ ယသ္မိံ ဂဗ္ဘေ စီဝရံ နိက္ခိတ္တံ ဟောတိ တသ္မိံ ဂဗ္ဘေ ဝတ္ထဗ္ဗံ ဒွါရမူလေ ဝါ, ဟတ္ထပါသာ ဝါ န ဝိဇဟိတဗ္ဗံ။</p>
<p class=""bodytext""><a name=""para488""></a><a name=""para488_vin1""></a><span class=""paranum"">၄၈၈</span>။ ဧကကုလဿ နာဝါ ဟောတိ။ အန္တောနာဝါယ စီဝရံ နိက္ခိပိတွာ အန္တောနာဝါယ ဝတ္ထဗ္ဗံ<a name=""V0.0310""></a>။ နာနာကုလဿ နာဝါ ဟောတိ နာနာဂဗ္ဘာ နာနာဩဝရကာ။ ယသ္မိံ ဩဝရကေ စီဝရံ နိက္ခိတ္တံ ဟောတိ တသ္မိံ ဩဝရကေ ဝတ္ထဗ္ဗံ, ဟတ္ထပါသာ ဝါ န ဝိဇဟိတဗ္ဗံ။</p>
<p class=""bodytext""><a name=""para489""></a><a name=""para489_vin1""></a><span class=""paranum"">၄၈၉</span>။ ဧကကုလဿ သတ္ထော ဟောတိ။ သတ္ထေ စီဝရံ နိက္ခိပိတွာ ပုရတော ဝါ ပစ္ဆတော ဝါ သတ္တဗ္ဘန္တရာ န ဝိဇဟိတဗ္ဗာ, ပဿတော အဗ္ဘန္တရံ န ဝိဇဟိတဗ္ဗံ။ နာနာကုလဿ သတ္ထော ဟောတိ, သတ္ထေ စီဝရံ နိက္ခိပိတွာ ဟတ္ထပါသာ န ဝိဇဟိတဗ္ဗံ။</p>
<p class=""bodytext""><a name=""para490""></a><a name=""para490_vin1""></a><span class=""paranum"">၄၉၀</span>။ ဧကကုလဿ ခေတ္တံ ဟောတိ ပရိက္ခိတ္တဉ္စ။ အန္တောခေတ္တေ စီဝရံ နိက္ခိပိတွာ အန္တောခေတ္တေ ဝတ္ထဗ္ဗံ။ အပရိက္ခိတ္တံ ဟောတိ, ဟတ္ထပါသာ န ဝိဇဟိတဗ္ဗံ။ နာနာကုလဿ ခေတ္တံ ဟောတိ ပရိက္ခိတ္တဉ္စ။ အန္တောခေတ္တေ စီဝရံ နိက္ခိပိတွာ ဒွါရမူလေ ဝါ ဝတ္ထဗ္ဗံ, ဟတ္ထပါသာ <a name=""T2.0014""></a> ဝါ န ဝိဇဟိတဗ္ဗံ။ အပရိက္ခိတ္တံ ဟောတိ, ဟတ္ထပါသာ န ဝိဇဟိတဗ္ဗံ။</p>
<p class=""bodytext""><a name=""para491""></a><a name=""para491_vin1""></a><span class=""paranum"">၄၉၁</span>။ ဧကကုလဿ ဓညကရဏံ ဟောတိ ပရိက္ခိတ္တဉ္စ။ အန္တောဓညကရဏေ စီဝရံ နိက္ခိပိတွာ အန္တောဓညကရဏေ ဝတ္ထဗ္ဗံ။ အပရိက္ခိတ္တံ ဟောတိ, ဟတ္ထပါသာ န ဝိဇဟိတဗ္ဗံ။ နာနာကုလဿ ဓညကရဏံ ဟောတိ ပရိက္ခိတ္တဉ္စ။ အန္တောဓညကရဏေ စီဝရံ နိက္ခိပိတွာ ဒွါရမူလေ ဝါ ဝတ္ထဗ္ဗံ, ဟတ္ထပါသာ ဝါ န ဝိဇဟိတဗ္ဗံ။ အပရိက္ခိတ္တံ ဟောတိ, ဟတ္ထပါသာ န ဝိဇဟိတဗ္ဗံ။</p>
<p class=""bodytext""><a name=""para492""></a><a name=""para492_vin1""></a><span class=""paranum"">၄၉၂</span>။ ဧကကုလဿ အာရာမော ဟောတိ ပရိက္ခိတ္တော စ။ အန္တောအာရာမေ စီဝရံ နိက္ခိပိတွာ အန္တောအာရာမေ ဝတ္ထဗ္ဗံ။ အပရိက္ခိတ္တော ဟောတိ, ဟတ္ထပါသာ န ဝိဇဟိတဗ္ဗံ။ နာနာကုလဿ အာရာမော ဟောတိ ပရိက္ခိတ္တော စ။ အန္တောအာရာမေ စီဝရံ နိက္ခိပိတွာ ဒွါရမူလေ ဝါ ဝတ္ထဗ္ဗံ, ဟတ္ထပါသာ ဝါ န ဝိဇဟိတဗ္ဗံ။ အပရိက္ခိတ္တော ဟောတိ, ဟတ္ထပါသာ န ဝိဇဟိတဗ္ဗံ။</p>
",-487-488-489-490-491-492-
302,mula_vi_01,302,"<p class=""bodytext""><a name=""para493""></a><a name=""para493_vin1""></a><span class=""paranum"">၄၉၃</span>။ ဧကကုလဿ <a name=""P3.0202""></a><a name=""M0.0302""></a> ဝိဟာရော ဟောတိ ပရိက္ခိတ္တော စ။ အန္တောဝိဟာရေ စီဝရံ နိက္ခိပိတွာ အန္တောဝိဟာရေ ဝတ္ထဗ္ဗံ။ အပရိက္ခိတ္တော ဟောတိ, ယသ္မိံ ဝိဟာရေ စီဝရံ နိက္ခိတ္တံ ဟောတိ တသ္မိံ ဝိဟာရေ ဝတ္ထဗ္ဗံ, ဟတ္ထပါသာ ဝါ န ဝိဇဟိတဗ္ဗံ။ နာနာကုလဿ ဝိဟာရော ဟောတိ ပရိက္ခိတ္တော စ။ ယသ္မိံ ဝိဟာရေ စီဝရံ နိက္ခိတ္တံ ဟောတိ တသ္မိံ ဝိဟာရေ ဝတ္ထဗ္ဗံ ဒွါရမူလေ ဝါ, ဟတ္ထပါသာ ဝါ န ဝိဇဟိတဗ္ဗံ။ အပရိက္ခိတ္တော ဟောတိ<a name=""T2.0015""></a>, ယသ္မိံ ဝိဟာရေ စီဝရံ နိက္ခိတ္တံ ဟောတိ တသ္မိံ ဝိဟာရေ ဝတ္ထဗ္ဗံ, ဟတ္ထပါသာ ဝါ န ဝိဇဟိတဗ္ဗံ။</p>
<p class=""bodytext""><a name=""para494""></a><a name=""para494_vin1""></a><span class=""paranum"">၄၉၄</span>။ ဧကကုလဿ <a name=""V0.0311""></a> ရုက္ခမူလံ ဟောတိ, ယံ မဇ္ဈနှိကေ ကာလေ သမန္တာ ဆာယာ ဖရတိ, အန္တောဆာယာယ စီဝရံ နိက္ခိပိတွာ အန္တောဆာယာယ ဝတ္ထဗ္ဗံ။ နာနာကုလဿ ရုက္ခမူလံ ဟောတိ, ဟတ္ထပါသာ န ဝိဇဟိတဗ္ဗံ။</p>
<p class=""bodytext"">အဇ္ဈောကာသော ဧကူပစာရော နာမ အဂါမကေ အရညေ သမန္တာ သတ္တဗ္ဘန္တရာ ဧကူပစာရော, တတော ပရံ နာနူပစာရော။</p>
<p class=""bodytext""><a name=""para495""></a><a name=""para495_vin1""></a><span class=""paranum"">၄၉၅</span>။ ဝိပ္ပဝုတ္ထေ ဝိပ္ပဝုတ္ထသညီ အညတြ ဘိက္ခုသမ္မုတိယာ, နိဿဂ္ဂိယံ ပါစိတ္တိယံ။ ဝိပ္ပဝုတ္ထေ ဝေမတိကော, အညတြ ဘိက္ခုသမ္မုတိယာ, နိဿဂ္ဂိယံ ပါစိတ္တိယံ။ ဝိပ္ပဝုတ္ထေ အဝိပ္ပဝုတ္ထသညီ, အညတြ ဘိက္ခုသမ္မုတိယာ, နိဿဂ္ဂိယံ ပါစိတ္တိယံ။ အပ္ပစ္စုဒ္ဓဋေ ပစ္စုဒ္ဓဋသညီ…ပေ… အဝိဿဇ္ဇိတေ ဝိဿဇ္ဇိတသညီ… အနဋ္ဌေ နဋ္ဌသညီ… အဝိနဋ္ဌေ ဝိနဋ္ဌသညီ… အဒဍ္ဎေ ဒဍ္ဎသညီ…ပေ… အဝိလုတ္တေ ဝိလုတ္တသညီ, အညတြ ဘိက္ခုသမ္မုတိယာ, နိဿဂ္ဂိယံ ပါစိတ္တိယံ။</p>
<p class=""bodytext"">နိဿဂ္ဂိယံ စီဝရံ အနိဿဇ္ဇိတွာ ပရိဘုဉ္ဇတိ, အာပတ္တိ ဒုက္ကဋဿ<a name=""T2.0016""></a>။ အဝိပ္ပဝုတ္ထေ ဝိပ္ပဝုတ္ထသညီ, အာပတ္တိ ဒုက္ကဋဿ။ အဝိပ္ပဝုတ္ထေ ဝေမတိကော, အာပတ္တိ ဒုက္ကဋဿ။ အဝိပ္ပဝုတ္ထေ အဝိပ္ပဝုတ္ထသညီ, အနာပတ္တိ။</p>
<p class=""bodytext""><a name=""para496""></a><a name=""para496_vin1""></a><span class=""paranum"">၄၉၆</span>။ အနာပတ္တိ အန္တောအရုဏေ ပစ္စုဒ္ဓရတိ, ဝိဿဇ္ဇေတိ, နဿတိ, ဝိနဿတိ, ဍယှတိ, အစ္ဆိန္ဒိတွာ ဂဏှန္တိ, ဝိဿာသံ ဂဏှန္တိ, ဘိက္ခုသမ္မုတိယာ, ဥမ္မတ္တကဿ, အာဒိကမ္မိကဿာတိ။</p>
<p class=""centered"">ဥဒေါသိတသိက္ခာပဒံ နိဋ္ဌိတံ ဒုတိယံ။</p>
",-493-494-495-496-
303,mula_vi_01,303,"<p class=""title"">၃။ တတိယကထိနသိက္ခာပဒံ</p>
<p class=""bodytext""><a name=""para497""></a><a name=""para497_vin1""></a><span class=""paranum"">၄၉၇</span>။ တေန <a name=""T2.0017""></a><a name=""M0.0303""></a> သမယေန ဗုဒ္ဓေါ ဘဂဝါ သာဝတ္ထိယံ ဝိဟရတိ ဇေတဝနေ အနာထပိဏ္ဍိကဿ အာရာမေ။ တေန ခေါ ပန သမယေန အညတရဿ ဘိက္ခုနော အကာလစီဝရံ ဥပ္ပန္နံ ဟောတိ။ တဿ တံ <a name=""V0.0312""></a> စီဝရံ ကယိရမာနံ နပ္ပဟောတိ။ အထ ခေါ <a name=""P3.0203""></a> သော ဘိက္ခု တံ စီဝရံ ဥဿာပေတွာ ပုနပ္ပုနံ ဝိမဇ္ဇတိ။ အဒ္ဒသာ ခေါ ဘဂဝါ သေနာသနစာရိကံ အာဟိဏ္ဍန္တော တံ ဘိက္ခုံ တံ စီဝရံ ဥဿာပေတွာ ပုနပ္ပုနံ ဝိမဇ္ဇန္တံ။ ဒိသွာန ယေန သော ဘိက္ခု တေနုပသင်္ကမိ၊ ဥပသင်္ကမိတွာ တံ ဘိက္ခုံ ဧတဒဝေါစ – ‘‘ကိဿ တွံ, ဘိက္ခု, ဣမံ စီဝရံ ဥဿာပေတွာ ပုနပ္ပုနံ ဝိမဇ္ဇသီ’’တိ? ‘‘ဣဒံ မေ, ဘန္တေ, အကာလစီဝရံ ဥပ္ပန္နံ။ ကယိရမာနံ နပ္ပဟောတိ။ တေနာဟံ ဣမံ စီဝရံ ဥဿာပေတွာ ပုနပ္ပုနံ ဝိမဇ္ဇာမီ’’တိ။ ‘‘အတ္ထိ ပန တေ, ဘိက္ခု, စီဝရပစ္စာသာ’’တိ? ‘‘အတ္ထိ, ဘဂဝါ’’တိ။ အထ ခေါ ဘဂဝါ ဧတသ္မိံ နိဒါနေ ဧတသ္မိံ ပကရဏေ ဓမ္မိံ ကထံ ကတွာ, ဘိက္ခူ အာမန္တေသိ – ‘‘အနုဇာနာမိ, ဘိက္ခဝေ, အကာလစီဝရံ ပဋိဂ္ဂဟေတွာ စီဝရပစ္စာသာ နိက္ခိပိတု’’န္တိ။</p>
<p class=""bodytext""><a name=""para498""></a><a name=""para498_vin1""></a><span class=""paranum"">၄၉၈</span>။ တေန ခေါ ပန သမယေန ဘိက္ခူ – ‘‘ဘဂဝတာ အနုညာတံ အကာလစီဝရံ ပဋိဂ္ဂဟေတွာ စီဝရပစ္စာသာ နိက္ခိပိတု’’န္တိ အကာလစီဝရာနိ ပဋိဂ္ဂဟေတွာ <a name=""T2.0018""></a> အတိရေကမာသံ နိက္ခိပန္တိ။ တာနိ စီဝရာနိ စီဝရဝံသေ ဘဏ္ဍိကာဗဒ္ဓါနိ တိဋ္ဌန္တိ။ အဒ္ဒသာ ခေါ အာယသ္မာ အာနန္ဒော သေနာသနစာရိကံ အာဟိဏ္ဍန္တော တာနိ စီဝရာနိ စီဝရဝံသေ ဘဏ္ဍိကာဗဒ္ဓါနိ တိဋ္ဌန္တေ။ ဒိသွာန ဘိက္ခူ အာမန္တေသိ – ‘‘ကဿိမာနိ, အာဝုသော, စီဝရာနိ စီဝရဝံသေ ဘဏ္ဍိကာဗဒ္ဓါနိ တိဋ္ဌန္တီ’’တိ? ‘‘အမှာကံ, အာဝုသော, အကာလစီဝရာနိ စီဝရပစ္စာသာ နိက္ခိတ္တာနီ’’တိ။ ‘‘ကီဝစိရံ ပနာဝုသော, ဣမာနိ စီဝရာနိ နိက္ခိတ္တာနီ’’တိ? ‘‘အတိရေကမာသံ, အာဝုသော’’တိ။ အာယသ္မာ အာနန္ဒော ဥဇ္ဈာယတိ ခိယျတိ ဝိပါစေတိ – ‘‘ကထဉှိ နာမ ဘိက္ခူ အကာလစီဝရံ ပဋိဂ္ဂဟေတွာ အတိရေကမာသံ နိက္ခိပိဿန္တီ’’တိ! အထ ခေါ အာယသ္မာ အာနန္ဒော တေ ဘိက္ခူ အနေကပရိယာယေန ဝိဂရဟိတွာ ဘဂဝတော ဧတမတ္ထံ အာရောစေသိ…ပေ… ‘‘သစ္စံ ကိရ, ဘိက္ခဝေ, ဘိက္ခူ အကာလစီဝရံ ပဋိဂ္ဂဟေတွာ အတိရေကမာသံ နိက္ခိပန္တီ’’တိ? ‘‘သစ္စံ, ဘဂဝါ’’တိ။ ဝိဂရဟိ ဗုဒ္ဓေါ ဘဂဝါ…ပေ… ကထဉှိ နာမ တေ, ဘိက္ခဝေ, မောဃပုရိသာ အကာလစီဝရံ ပဋိဂ္ဂဟေတွာ အတိရေကမာသံ နိက္ခိပိဿန္တိ! နေတံ, ဘိက္ခဝေ, အပ္ပသန္နာနံ ဝါ ပသာဒါယ…ပေ… ဧဝဉ္စ ပန, ဘိက္ခဝေ, ဣမံ သိက္ခာပဒံ ဥဒ္ဒိသေယျာထ –</p>
",-497-498-
304,mula_vi_01,304,"<p class=""bodytext""><a name=""para499""></a><a name=""para499_vin1""></a><span class=""paranum"">၄၉၉</span>။ <span class=""bld"">‘‘နိဋ္ဌိတစီဝရသ္မိံ</span> <a name=""M0.0304""></a> <span class=""bld"">ဘိက္ခုနာ ဥဗ္ဘတသ္မိံ ကထိနေ ဘိက္ခုနော ပနေဝ အကာလစီဝရံ ဥပ္ပဇ္ဇေယျ, အာကင်္ခမာနေန ဘိက္ခုနာ ပဋိဂ္ဂဟေတဗ္ဗံ။ ပဋိဂ္ဂဟေတွာ ခိပ္ပမေဝ ကာရေတဗ္ဗံ။ နောစဿ ပါရိပူရိ, မာသပရမံ တေန ဘိက္ခုနာ <a name=""T2.0019""></a> တံ စီဝရံ နိက္ခိပိတဗ္ဗံ ဦနဿ ပါရိပူရိယာ သတိယာ ပစ္စာသာယ။ တတော စေ ဥတ္တရိ <span class=""note"">[ဥတ္တရိံ (သီ။ သျာ။)]</span> နိက္ခိပေယျ, သတိယာပိ ပစ္စာသာယ, နိဿဂ္ဂိယံ ပါစိတ္တိယ’’</span>န္တိ။</p>
<p class=""bodytext""><a name=""para500""></a><a name=""para500_vin1""></a><span class=""paranum"">၅၀၀</span>။ <span class=""bld"">နိဋ္ဌိတစီဝရသ္မိ</span>န္တိ <a name=""P3.0204""></a><a name=""V0.0313""></a> ဘိက္ခုနော စီဝရံ ကတံ ဝါ ဟောတိ နဋ္ဌံ ဝါ ဝိနဋ္ဌံ ဝါ ဒဍ္ဎံ ဝါ စီဝရာသာ ဝါ ဥပစ္ဆိန္နာ။</p>
<p class=""bodytext""><span class=""bld"">ဥဗ္ဘတသ္မိံ ကထိနေ</span>တိ အဋ္ဌန္နံ မာတိကာနံ အညတရာယ မာတိကာယ ဥဗ္ဘတံ ဟောတိ, သံဃေန ဝါ အန္တရာ ဥဗ္ဘတံ ဟောတိ။</p>
<p class=""bodytext""><span class=""bld"">အကာလစီဝရံ</span> နာမ အနတ္ထတေ ကထိနေ ဧကာဒသမာသေ ဥပ္ပန္နံ, အတ္ထတေ ကထိနေ သတ္တမာသေ ဥပ္ပန္နံ, ကာလေပိ အာဒိဿ ဒိန္နံ, ဧတံ အကာလစီဝရံ နာမ။</p>
<p class=""bodytext""><span class=""bld"">ဥပ္ပဇ္ဇေယျာ</span>တိ ဥပ္ပဇ္ဇေယျ သံဃတော ဝါ ဂဏတော ဝါ ဉာတိတော ဝါ မိတ္တတော ဝါ ပံသုကူလံ ဝါ အတ္တနော ဝါ ဓနေန။</p>
<p class=""bodytext""><span class=""bld"">အာကင်္ခမာနေနာ</span>တိ ဣစ္ဆမာနေန ပဋိဂ္ဂဟေတဗ္ဗံ။</p>
<p class=""bodytext""><span class=""bld"">ပဋိဂ္ဂဟေတွာ ခိပ္ပမေဝ ကာရေတဗ္ဗ</span>န္တိ ဒသာဟာ ကာရေတဗ္ဗံ။</p>
<p class=""bodytext""><span class=""bld"">နော စဿ ပါရိပူရီ</span>တိ ကယိရမာနံ နပ္ပဟောတိ။</p>
<p class=""bodytext""><span class=""bld"">မာသပရမံ တေန ဘိက္ခုနာ တံ စီဝရံ နိက္ခိပိတဗ္ဗ</span>န္တိ မာသပရမတာ နိက္ခိပိတဗ္ဗံ။</p>
<p class=""bodytext""><span class=""bld"">ဦနဿ ပါရိပူရိယာ</span>တိ ဦနဿ ပါရိပူရတ္ထာယ။</p>
<p class=""bodytext""><span class=""bld"">သတိယာ ပစ္စာသာယာ</span>တိ ပစ္စာသာ ဟောတိ သံဃတော ဝါ ဂဏတော ဝါ ဉာတိတော ဝါ မိတ္တတော ဝါ ပံသုကူလံ ဝါ အတ္တနော ဝါ ဓနေန။</p>
<p class=""bodytext""><span class=""bld"">တတော စေ ဥတ္တရိ နိက္ခိပေယျ သတိယာပိ ပစ္စာသာယာ</span>တိ တဒဟုပ္ပန္နေ <a name=""T2.0020""></a> မူလစီဝရေ ပစ္စာသာစီဝရံ ဥပ္ပဇ္ဇတိ, ဒသာဟာ ကာရေတဗ္ဗံ။ ဒွီဟုပ္ပန္နေ မူလစီဝရေ ပစ္စာသာစီဝရံ ဥပ္ပဇ္ဇတိ, ဒသာဟာ ကာရေတဗ္ဗံ။ တီဟုပ္ပန္နေ မူလစီဝရေ…ပေ… စတူဟုပ္ပန္နေ… ပဉ္စာဟုပ္ပန္နေ… ဆာဟုပ္ပန္နေ… သတ္တာဟုပ္ပန္နေ…</p>
",-499-500-
305,mula_vi_01,305,"<p class=""noindentbodytext""> အဋ္ဌာဟုပ္ပန္နေ<a name=""M0.0305""></a>… နဝါဟုပ္ပန္နေ… ဒသာဟုပ္ပန္နေ မူလစီဝရေ ပစ္စာသာစီဝရံ ဥပ္ပဇ္ဇတိ, ဒသာဟာ ကာရေတဗ္ဗံ<a name=""V0.0314""></a>။ ဧကာဒသေ ဥပ္ပန္နေ…ပေ… ဒွါဒသေ ဥပ္ပန္နေ… တေရသေ ဥပ္ပန္နေ… စုဒ္ဒသေ ဥပ္ပန္နေ… ပန္နရသေ ဥပ္ပန္နေ… သောဠသေ ဥပ္ပန္နေ… သတ္တရသေ ဥပ္ပန္နေ… အဋ္ဌာရသေ ဥပ္ပန္နေ… ဧကူနဝီသေ ဥပ္ပန္နေ… ဝီသေ ဥပ္ပန္နေ မူလစီဝရေ ပစ္စာသာစီဝရံ ဥပ္ပဇ္ဇတိ, ဒသာဟာ ကာရေတဗ္ဗံ။ ဧကဝီသေ ဥပ္ပန္နေ မူလစီဝရေ ပစ္စာသာစီဝရံ ဥပ္ပဇ္ဇတိ, နဝါဟာ ကာရေတဗ္ဗံ။ ဒွါဝီသေ ဥပ္ပန္နေ…ပေ… တေဝီသေ ဥပ္ပန္နေ… စတုဝီသေ ဥပ္ပန္နေ… ပဉ္စဝီသေ ဥပ္ပန္နေ… ဆဗ္ဗီသေ ဥပ္ပန္နေ… သတ္တဝီသေ ဥပ္ပန္နေ… အဋ္ဌဝီသေ ဥပ္ပန္နေ… ဧကူနတိံသေ ဥပ္ပန္နေ မူလစီဝရေ ပစ္စာသာစီဝရံ ဥပ္ပဇ္ဇတိ, ဧကာဟံ ကာရေတဗ္ဗံ… တိံသေ ဥပ္ပန္နေ မူလစီဝရေ ပစ္စာသာစီဝရံ ဥပ္ပဇ္ဇတိ<a name=""T2.0021""></a>, တဒဟေဝ အဓိဋ္ဌာတဗ္ဗံ ဝိကပ္ပေတဗ္ဗံ ဝိဿဇ္ဇေတဗ္ဗံ။ နော စေ အဓိဋ္ဌေယျ ဝါ ဝိကပ္ပေယျ ဝါ ဝိဿဇ္ဇေယျ ဝါ, ဧကတိံသေ အရုဏုဂ္ဂမနေ နိဿဂ္ဂိယံ ဟောတိ။ နိဿဇ္ဇိတဗ္ဗံ <a name=""P3.0205""></a> သံဃဿ ဝါ ဂဏဿ ဝါ ပုဂ္ဂလဿ ဝါ။ ဧဝဉ္စ ပန, ဘိက္ခဝေ, နိဿဇ္ဇိတဗ္ဗံ…ပေ… ဣဒံ မေ, ဘန္တေ, အကာလစီဝရံ မာသာတိက္ကန္တံ နိဿဂ္ဂိယံ, ဣမာဟံ သံဃဿ နိဿဇ္ဇာမီတိ…ပေ… ဒဒေယျာတိ…ပေ… ဒဒေယျုန္တိ…ပေ… အာယသ္မတော ဒမ္မီတိ။</p>
<p class=""bodytext"">ဝိသဘာဂေ ဥပ္ပန္နေ မူလစီဝရေ ပစ္စာသာစီဝရံ ဥပ္ပဇ္ဇတိ, ရတ္တိယော စ သေသာ ဟောန္တိ, န အကာမာ ကာရေတဗ္ဗံ။</p>
<p class=""bodytext""><a name=""para501""></a><a name=""para501_vin1""></a><span class=""paranum"">၅၀၁</span>။ မာသာတိက္ကန္တေ အတိက္ကန္တသညီ, နိဿဂ္ဂိယံ ပါစိတ္တိယံ။ မာသာတိက္ကန္တေ ဝေမတိကော နိဿဂ္ဂိယံ ပါစိတ္တိယံ။ မာသာတိက္ကန္တေ အနတိက္ကန္တသညီ နိဿဂ္ဂိယံ ပါစိတ္တိယံ။ အနဓိဋ္ဌိတေ အဓိဋ္ဌိတသညီ…ပေ… အဝိကပ္ပိတေ ဝိကပ္ပိတသညီ… အဝိဿဇ္ဇိတေ ဝိဿဇ္ဇိတသညီ… အနဋ္ဌေ နဋ္ဌသညီ… အဝိနဋ္ဌေ ဝိနဋ္ဌသညီ… အဒဍ္ဎေ ဒဍ္ဎသညီ… အဝိလုတ္တေ ဝိလုတ္တသညီ, နိဿဂ္ဂိယံ ပါစိတ္တိယံ။</p>
<p class=""bodytext"">နိဿဂ္ဂိယံ စီဝရံ အနိဿဇ္ဇိတွာ ပရိဘုဉ္ဇတိ, အာပတ္တိ ဒုက္ကဋဿ။ မာသာနတိက္ကန္တေ အတိက္ကန္တသညီ, အာပတ္တိ ဒုက္ကဋဿ။ မာသာနတိက္ကန္တေ ဝေမတိကော, အာပတ္တိ ဒုက္ကဋဿ။ မာသာနတိက္ကန္တေ အနတိက္ကန္တသညီ, အနာပတ္တိ။</p>
<p class=""bodytext""><a name=""para502""></a><a name=""para502_vin1""></a><span class=""paranum"">၅၀၂</span>။ အနာပတ္တိ အန္တောမာသေ အဓိဋ္ဌေတိ, ဝိကပ္ပေတိ, ဝိဿဇ္ဇေတိ, နဿတိ<a name=""T2.0022""></a>, ဝိနဿတိ, ဍယှတိ, အစ္ဆိန္ဒိတွာ ဂဏှန္တိ, ဝိဿာသံ ဂဏှန္တိ, ဥမ္မတ္တကဿ, အာဒိကမ္မိကဿာတိ။</p>
<p class=""centered"">တတိယကထိနသိက္ခာပဒံ နိဋ္ဌိတံ။</p>
",-501-502-
306,mula_vi_01,306,"<p class=""title"">၄။ ပုရာဏစီဝရသိက္ခာပဒံ</p>
<p class=""bodytext""><a name=""para503""></a><a name=""para503_vin1""></a><span class=""paranum"">၅၀၃</span>။ တေန <a name=""T2.0023""></a><a name=""M0.0306""></a><a name=""V0.0315""></a> သမယေန ဗုဒ္ဓေါ ဘဂဝါ သာဝတ္ထိယံ ဝိဟရတိ ဇေတဝနေ အနာထပိဏ္ဍိကဿ အာရာမေ။ တေန ခေါ ပန သမယေန အာယသ္မတော ဥဒါယိဿ ပုရာဏဒုတိယိကာ ဘိက္ခုနီသု ပဗ္ဗဇိတာ ဟောတိ။ သာ အာယသ္မတော ဥဒါယိဿ သန္တိကေ အဘိက္ခဏံ အာဂစ္ဆတိ။ အာယသ္မာပိ ဥဒါယီ တဿာ ဘိက္ခုနိယာ သန္တိကေ အဘိက္ခဏံ ဂစ္ဆတိ။ တေန ခေါ ပန သမယေန အာယသ္မာ ဥဒါယီ တဿာ ဘိက္ခုနိယာ သန္တိကေ ဘတ္တဝိဿဂ္ဂံ ကရောတိ။ အထ ခေါ အာယသ္မာ ဥဒါယီ ပုဗ္ဗဏှသမယံ နိဝါသေတွာ ပတ္တစီဝရမာဒါယ ယေန သာ ဘိက္ခုနီ တေနုပသင်္ကမိ၊ ဥပသင်္ကမိတွာ တဿာ ဘိက္ခုနိယာ ပုရတော အင်္ဂဇာတံ ဝိဝရိတွာ အာသနေ နိသီဒိ။ သာပိ ခေါ ဘိက္ခုနီ အာယသ္မတော ဥဒါယိဿ ပုရတော အင်္ဂဇာတံ ဝိဝရိတွာ အာသနေ နိသီဒိ။ အထ ခေါ အာယသ္မာ ဥဒါယီ သာရတ္တော တဿာ ဘိက္ခုနိယာ အင်္ဂဇာတံ ဥပနိဇ္ဈာယိ။ တဿ အသုစိ မုစ္စိ။ အထ ခေါ အာယသ္မာ ဥဒါယီ တံ ဘိက္ခုနိံ ဧတဒဝေါစ – ‘‘ဂစ္ဆ, ဘဂိနိ, ဥဒကံ အာဟရ, အန္တရဝါသကံ ဓောဝိဿာမီ’’တိ။ ‘‘အာဟရယျ<a name=""P3.0206""></a>, အဟမေဝ ဓောဝိဿာမီ’’တိ တံ အသုစိံ ဧကဒေသံ မုခေန အဂ္ဂဟေသိ ဧကဒေသံ အင်္ဂဇာတေ ပက္ခိပိ။ သာ တေန ဂဗ္ဘံ ဂဏှိ။ ဘိက္ခုနိယော <a name=""T2.0024""></a> ဧဝမာဟံသု – ‘‘အဗြဟ္မစာရိနီ အယံ ဘိက္ခုနီ, ဂဗ္ဘိနီ’’တိ။ ‘‘နာဟံ, အယျေ, အဗြဟ္မစာရိနီ’’တိ ဘိက္ခုနီနံ ဧတမတ္ထံ အာရောစေသိ။ ဘိက္ခုနိယော ဥဇ္ဈာယန္တိ ခိယျန္တိ ဝိပါစေန္တိ – ‘‘ကထဉှိ နာမ အယျော ဥဒါယီ ဘိက္ခုနိယာ ပုရာဏစီဝရံ ဓောဝါပေဿတီ’’တိ! အထ ခေါ တာ ဘိက္ခုနိယော ဘိက္ခူနံ ဧတမတ္ထံ အာရောစေသုံ။ ယေ တေ ဘိက္ခူ အပ္ပိစ္ဆာ…ပေ… တေ ဥဇ္ဈာယန္တိ ခိယျန္တိ ဝိပါစေန္တိ – ‘‘ကထဉှိ နာမ အာယသ္မာ ဥဒါယီ ဘိက္ခုနိယာ ပုရာဏစီဝရံ ဓောဝါပေဿတီ’’တိ! အထ ခေါ တေ ဘိက္ခူ အာယသ္မန္တံ ဥဒါယိံ အနေကပရိယာယေန ဝိဂရဟိတွာ ဘဂဝတော ဧတမတ္ထံ အာရောစေသုံ…ပေ… ‘‘သစ္စံ ကိရ တွံ, ဥဒါယိ, ဘိက္ခုနိယာ ပုရာဏစီဝရံ ဓောဝါပေသီ’’တိ? ‘‘သစ္စံ, ဘဂဝါ’’တိ။ ‘‘ဉာတိကာ တေ, ဥဒါယိ, အညာတိကာ’’တိ? ‘‘အညာတိကာ, ဘဂဝါ’’တိ။ ‘‘အညာတကော, မောဃပုရိသ, အညာတိကာယ န ဇာနာတိ ပတိရူပံ ဝါ အပ္ပတိရူပံ ဝါ ပါသာဒိကံ ဝါ အပါသာဒိကံ ဝါ။ တတ္ထ နာမ တွံ, မောဃပုရိသ, အညာတိကာယ ဘိက္ခုနိယာ ပုရာဏစီဝရံ ဓောဝါပေဿသိ! နေတံ, မောဃပုရိသ, အပ္ပသန္နာနံ ဝါ ပသာဒါယ…ပေ… ဧဝဉ္စ ပန, ဘိက္ခဝေ, ဣမံ သိက္ခာပဒံ ဥဒ္ဒိသေယျာထ –</p>
",-503-
307,mula_vi_01,307,"<p class=""bodytext""><a name=""para504""></a><a name=""para504_vin1""></a><span class=""paranum"">၅၀၄</span>။ <span class=""bld"">‘‘ယော</span> <a name=""M0.0307""></a><a name=""V0.0316""></a> <span class=""bld"">ပန ဘိက္ခု အညာတိကာယ ဘိက္ခုနိယာ ပုရာဏစီဝရံ ဓောဝါပေယျ ဝါ ရဇာပေယျ ဝါ အာကောဋာပေယျ ဝါ, နိဿဂ္ဂိယံ ပါစိတ္တိယ’’</span>န္တိ။</p>
<p class=""bodytext""><a name=""para505""></a><a name=""para505_vin1""></a><span class=""paranum"">၅၀၅</span>။ <span class=""bld"">ယော</span> <a name=""T2.0025""></a> <span class=""bld"">ပနာ</span>တိ ယော ယာဒိသော…ပေ… <span class=""bld"">ဘိက္ခူ</span>တိ…ပေ… အယံ ဣမသ္မိံ အတ္ထေ အဓိပ္ပေတော ဘိက္ခူတိ။</p>
<p class=""bodytext""><span class=""bld"">အညာတိကာ</span> နာမ မာတိတော ဝါ ပိတိတော ဝါ ယာဝ သတ္တမာ ပိတာမဟယုဂါ အသမ္ဗဒ္ဓါ။</p>
<p class=""bodytext""><span class=""bld"">ဘိက္ခုနီ</span> နာမ ဥဘတောသံဃေ ဥပသမ္ပန္နာ။</p>
<p class=""bodytext""><span class=""bld"">ပုရာဏစီဝရံ</span> နာမ သကိံ နိဝတ္ထမ္ပိ သကိံ ပါရုတမ္ပိ။</p>
<p class=""bodytext"">ဓောဝါတိ အာဏာပေတိ, အာပတ္တိ ဒုက္ကဋဿ။ ဓောတံ နိဿဂ္ဂိယံ ဟောတိ။ ရဇာတိ အာဏာပေတိ, အာပတ္တိ ဒုက္ကဋဿ။ ရတ္တံ နိဿဂ္ဂိယံ ဟောတိ။ အာကောဋေဟီတိ အာဏာပေတိ, အာပတ္တိ ဒုက္ကဋဿ။ သကိံ ပါဏိပ္ပဟာရံ ဝါ မုဂ္ဂရပ္ပဟာရံ ဝါ ဒိန္နေ နိဿဂ္ဂိယံ ဟောတိ။ နိဿဇ္ဇိတဗ္ဗံ သံဃဿ ဝါ ဂဏဿ ဝါ ပုဂ္ဂလဿ ဝါ။ ဧဝဉ္စ ပန, ဘိက္ခဝေ, နိဿဇ္ဇိတဗ္ဗံ…ပေ… ဣဒံ မေ, ဘန္တေ, ပုရာဏစီဝရံ အညာတိကာယ ဘိက္ခုနိယာ ဓောဝါပိတံ နိဿဂ္ဂိယံ။ ဣမာဟံ သံဃဿ နိဿဇ္ဇာမီတိ…ပေ… ဒဒေယျာတိ…ပေ… ဒဒေယျုန္တိ…ပေ… အာယသ္မတော ဒမ္မီတိ။</p>
<p class=""bodytext""><a name=""para506""></a><a name=""para506_vin1""></a><span class=""paranum"">၅၀၆</span>။ အညာတိကာယ <a name=""P3.0207""></a> အညာတိကသညီ ပုရာဏစီဝရံ ဓောဝါပေတိ, နိဿဂ္ဂိယံ ပါစိတ္တိယံ။ အညာတိကာယ အညာတိကသညီ ပုရာဏစီဝရံ ဓောဝါပေတိ ရဇာပေတိ, နိဿဂ္ဂိယေန အာပတ္တိ ဒုက္ကဋဿ။ အညာတိကာယ <a name=""T2.0026""></a> အညာတိကသညီ ပုရာဏစီဝရံ ဓောဝါပေတိ အာကောဋာပေတိ, နိဿဂ္ဂိယေန အာပတ္တိ ဒုက္ကဋဿ။ အညာတိကာယ အညာတိကသညီ ပုရာဏစီဝရံ ဓောဝါပေတိ ရဇာပေတိ အာကောဋာပေတိ, နိဿဂ္ဂိယေန အာပတ္တိ ဒွိန္နံ ဒုက္ကဋာနံ။</p>
<p class=""bodytext"">အညာတိကာယ အညာတိကသညီ ပုရာဏစီဝရံ ရဇာပေတိ, နိဿဂ္ဂိယံ ပါစိတ္တိယံ။ အညာတိကာယ အညာတိကသညီ ပုရာဏစီဝရံ ရဇာပေတိ အာကောဋာပေတိ, နိဿဂ္ဂိယေန အာပတ္တိ ဒုက္ကဋဿ။ အညာတိကာယ အညာတိကသညီ ပုရာဏစီဝရံ ရဇာပေတိ ဓောဝါပေတိ, နိဿဂ္ဂိယေန အာပတ္တိ <a name=""V0.0317""></a> ဒုက္ကဋဿ။ အညာတိကာယ အညာတိကသညီ ပုရာဏစီဝရံ ရဇာပေတိ အာကောဋာပေတိ ဓောဝါပေတိ, နိဿဂ္ဂိယေန အာပတ္တိ ဒွိန္နံ ဒုက္ကဋာနံ။</p>
",-504-505-506-
308,mula_vi_01,308,"<p class=""bodytext"">အညာတိကာယ <a name=""M0.0308""></a> အညာတိကသညီ ပုရာဏစီဝရံ အာကောဋာပေတိ, နိဿဂ္ဂိယံ ပါစိတ္တိယံ။ အညာတိကာယ အညာတိကသညီ ပုရာဏစီဝရံ အာကောဋာပေတိ ဓောဝါပေတိ, နိဿဂ္ဂိယေန အာပတ္တိ ဒုက္ကဋဿ။ အညာတိကာယ အညာတိကသညီ ပုရာဏစီဝရံ အာကောဋာပေတိ ရဇာပေတိ, နိဿဂ္ဂိယေန အာပတ္တိ ဒုက္ကဋဿ။ အညာတိကာယ အညာတိကသညီ ပုရာဏစီဝရံ အာကောဋာပေတိ ဓောဝါပေတိ ရဇာပေတိ, နိဿဂ္ဂိယေန အာပတ္တိ ဒွိန္နံ ဒုက္ကဋာနံ။</p>
<p class=""bodytext"">အညာတိကာယ ဝေမတိကော…ပေ… အညာတိကာယ ဉာတိကသညီ…ပေ… အညဿ ပုရာဏစီဝရံ ဓောဝါပေတိ, အာပတ္တိ ဒုက္ကဋဿ။ နိသီဒနပစ္စတ္ထရဏံ ဓောဝါပေတိ, အာပတ္တိ ဒုက္ကဋဿ။ ဧကတောဥပသမ္ပန္နာယ ဓောဝါပေတိ, အာပတ္တိ ဒုက္ကဋဿ။ ဉာတိကာယ အညာတိကသညီ, အာပတ္တိ ဒုက္ကဋဿ<a name=""T2.0027""></a>။ ဉာတိကာယ ဝေမတိကော, အာပတ္တိ ဒုက္ကဋဿ။ ဉာတိကာယ ဉာတိကသညီ, အနာပတ္တိ။</p>
<p class=""bodytext""><a name=""para507""></a><a name=""para507_vin1""></a><span class=""paranum"">၅၀၇</span>။ အနာပတ္တိ ဉာတိကာယ ဓောဝန္တိယာ အညာတိကာ ဒုတိယာ ဟောတိ, အဝုတ္တာ ဓောဝတိ, အပရိဘုတ္တံ ဓောဝါပေတိ, စီဝရံ ဌပေတွာ အညံ ပရိက္ခာရံ ဓောဝါပေတိ, သိက္ခမာနာယ, သာမဏေရိယာ, ဥမ္မတ္တကဿ, အာဒိကမ္မိကဿာတိ။</p>
<p class=""centered"">ပုရာဏစီဝရသိက္ခာပဒံ နိဋ္ဌိတံ စတုတ္ထံ။</p>
<p class=""title"">၅။ စီဝရပဋိဂ္ဂဟဏသိက္ခာပဒံ</p>
<p class=""bodytext""><a name=""para508""></a><a name=""para508_vin1""></a><span class=""paranum"">၅၀၈</span>။ တေန <a name=""T2.0028""></a> သမယေန ဗုဒ္ဓေါ ဘဂဝါ ရာဇဂဟေ ဝိဟရတိ ဝေဠုဝနေ ကလန္ဒကနိဝါပေ။ တေန ခေါ ပန သမယေန ဥပ္ပလဝဏ္ဏာ ဘိက္ခုနီ သာဝတ္ထိယံ ဝိဟရတိ။ အထ ခေါ ဥပ္ပလဝဏ္ဏာ ဘိက္ခုနီ ပုဗ္ဗဏှသမယံ နိဝါသေတွာ ပတ္တစီဝရမာဒါယ <a name=""P3.0208""></a> သာဝတ္ထိံ ပိဏ္ဍာယ ပါဝိသိ။ သာဝတ္ထိယံ ပိဏ္ဍာယ စရိတွာ ပစ္ဆာဘတ္တံ ပိဏ္ဍပါတပ္ပဋိက္ကန္တာ ယေန အန္ဓဝနံ တေနုပသင်္ကမိ ဒိဝါဝိဟာရာယ။ အန္ဓဝနံ အဇ္ဈောဂါဟေတွာ အညတရသ္မိံ ရုက္ခမူလေ ဒိဝါဝိဟာရံ နိသီဒိ။ တေန ခေါ ပန သမယေန စောရာ <a name=""V0.0318""></a> ကတကမ္မာ ဂါဝိံ ဝဓိတွာ မံသံ ဂဟေတွာ အန္ဓဝနံ ပဝိသိံသု။ အဒ္ဒသာ ခေါ စောရဂါမဏိကော ဥပ္ပလဝဏ္ဏံ ဘိက္ခုနိံ အညတရသ္မိံ ရုက္ခမူလေ</p>
",-507-508-
309,mula_vi_01,309,"<p class=""noindentbodytext""> ဒိဝါဝိဟာရံ<a name=""M0.0309""></a> နိသိန္နံ။ ဒိသွာနဿ ဧတဒဟောသိ – ‘‘သစေ မေ ပုတ္တဘာတုကာ ပဿိဿန္တိ ဝိဟေဌိဿန္တိ ဣမံ ဘိက္ခုနိ’’န္တိ အညေန မဂ္ဂေန အဂမာသိ။ အထ ခေါ သော စောရဂါမဏိကော မံသေ ပက္ကေ ဝရမံသာနိ ဂဟေတွာ ပဏ္ဏပုဋံ <span class=""note"">[ပဏ္ဏေန ပုဋံ (သျာ။)]</span> ဗန္ဓိတွာ ဥပ္ပလဝဏ္ဏာယ ဘိက္ခုနိယာ အဝိဒူရေ ရုက္ခေ အာလဂ္ဂေတွာ – ‘‘ယော ပဿတိ သမဏော ဝါ ဗြာဟ္မဏော ဝါ ဒိန္နံယေဝ ဟရတူ’’တိ, ဝတွာ ပက္ကာမိ။ အဿောသိ ခေါ ဥပ္ပလဝဏ္ဏာ ဘိက္ခုနီ သမာဓိမှာ ဝုဋ္ဌဟိတွာ တဿ စောရဂါမဏိကဿ ဣမံ ဝါစံ ဘာသမာနဿ။ အထ ခေါ ဥပ္ပလဝဏ္ဏာ <a name=""T2.0029""></a> ဘိက္ခုနီ တံ မံသံ ဂဟေတွာ ဥပဿယံ အဂမာသိ။ အထ ခေါ ဥပ္ပလဝဏ္ဏာ ဘိက္ခုနီ တဿာ ရတ္တိယာ အစ္စယေန တံ မံသံ သမ္ပာဒေတွာ ဥတ္တရာသင်္ဂေန ဘဏ္ဍိကံ ဗန္ဓိတွာ ဝေဟာသံ အဗ္ဘုဂ္ဂန္တွာ ဝေဠုဝနေ ပစ္စုဋ္ဌာသိ <span class=""note"">[ပစ္စုပဋ္ဌာသိ (?)]</span>။</p>
<p class=""bodytext"">တေန ခေါ ပန သမယေန ဘဂဝါ ဂါမံ ပိဏ္ဍာယ ပဝိဋ္ဌော ဟောတိ။ အာယသ္မာ ဥဒါယီ ဩဟိယျကော ဟောတိ ဝိဟာရပါလော။ အထ ခေါ ဥပ္ပလဝဏ္ဏာ ဘိက္ခုနီ ယေနာယသ္မာ ဥဒါယီ တေနုပသင်္ကမိ၊ ဥပသင်္ကမိတွာ အာယသ္မန္တံ ဥဒါယိံ ဧတဒဝေါစ – ‘‘ကဟံ, ဘန္တေ, ဘဂဝါ’’တိ? ‘‘ပဝိဋ္ဌော, ဘဂိနိ, ဘဂဝါ ဂါမံ ပိဏ္ဍာယာ’’တိ။ ‘‘ဣမံ, ဘန္တေ, မံသံ ဘဂဝတော ဒေဟီ’’တိ။ ‘‘သန္တပ္ပိတော တယာ, ဘဂိနိ, ဘဂဝါ မံသေန။ သစေ မေ တွံ အန္တရဝါသကံ ဒဒေယျာသိ, ဧဝံ အဟမ္ပိ သန္တပ္ပိတော ဘဝေယျံ အန္တရဝါသကေနာ’’တိ။ ‘‘မယံ ခေါ, ဘန္တေ, မာတုဂါမာ နာမ ကိစ္ဆလာဘာ။ ဣဒဉ္စ မေ အန္တိမံ ပဉ္စမံ စီဝရံ။ နာဟံ ဒဿာမီ’’တိ။ ‘‘သေယျထာပိ, ဘဂိနိ, ပုရိသော ဟတ္ထိံ ဒတွာ ကစ္ဆေ သဇ္ဇေယျ <span class=""note"">[ဝိဿဇ္ဇေယျ (သျာ။)]</span> ဧဝမေဝ ခေါ တွံ ဘဂိနိ ဘဂဝတော မံသံ ဒတွာ မယိ အန္တရဝါသကေ သဇ္ဇသီ’’တိ <span class=""note"">[အန္တရဝါသကံ န သဇ္ဇသီတိ (က။), မယှံ အန္တရဝါသကံ ဝိဿဇ္ဇေဟီတိ (သျာ။)]</span>။ အထ ခေါ ဥပ္ပလဝဏ္ဏာ ဘိက္ခုနီ အာယသ္မတာ ဥဒါယိနာ နိပ္ပီဠိယမာနာ အန္တရဝါသကံ ဒတွာ ဥပဿယံ အဂမာသိ။ ဘိက္ခုနိယော ဥပ္ပလဝဏ္ဏာယ ဘိက္ခုနိယာ ပတ္တစီဝရံ <a name=""T2.0030""></a> ပဋိဂ္ဂဏှန္တိယော ဥပ္ပလဝဏ္ဏံ ဘိက္ခုနိံ ဧတဒဝေါစုံ – ‘‘ကဟံ တေ, အယျေ, အန္တရဝါသကော’’တိ? ဥပ္ပလဝဏ္ဏာ ဘိက္ခုနီ ဘိက္ခုနီနံ ဧတမတ္ထံ အာရောစေသိ။ ဘိက္ခုနိယော ဥဇ္ဈာယန္တိ ခိယျန္တိ <a name=""P3.0209""></a> ဝိပါစေန္တိ – ‘‘ကထဉှိ နာမ အယျော ဥဒါယီ ဘိက္ခုနိယာ စီဝရံ ပဋိဂ္ဂဟေဿတိ ကိစ္ဆလာဘော မာတုဂါမော’’တိ။ အထ ခေါ တာ ဘိက္ခုနိယော ဘိက္ခူနံ ဧတမတ္ထံ အာရောစေသုံ။ ယေ တေ ဘိက္ခူ အပ္ပိစ္ဆာ…ပေ… တေ ဥဇ္ဈာယန္တိ ခိယျန္တိ ဝိပါစေန္တိ – ‘‘ကထဉှိ နာမ အာယသ္မာ ဥဒါယီ ဘိက္ခုနိယာ စီဝရံ ပဋိဂ္ဂဟေဿတီ’’တိ!</p>
",
310,mula_vi_01,310,"<p class=""noindentbodytext""> အထ<a name=""M0.0310""></a> ခေါ တေ ဘိက္ခူ အာယသ္မန္တံ ဥဒါယိံ အနေကပရိယာယေန ဝိဂရဟိတွာ ဘဂဝတော ဧတမတ္ထံ အာရောစေသုံ …ပေ… ‘‘သစ္စံ ကိရ တွံ, ဥဒါယိ, ဘိက္ခုနိယာ စီဝရံ ပဋိဂ္ဂဟေသီ’’တိ? ‘‘သစ္စံ<a name=""V0.0319""></a>, ဘဂဝါ’’တိ။ ‘‘ဉာတိကာ တေ, ဥဒါယိ, အညာတိကာ’’တိ? ‘‘အညာတိကာ, ဘဂဝါ’’တိ။ ‘‘အညာတကော, မောဃပုရိသ, အညာတိကာယ န ဇာနာတိ ပတိရူပံ ဝါ အပ္ပတိရူပံ ဝါ သန္တံ ဝါ အသန္တံ ဝါ။ တတ္ထ နာမ တွံ, မောဃပုရိသ, အညာတိကာယ ဘိက္ခုနိယာ ဟတ္ထတော စီဝရံ ပဋိဂ္ဂဟေဿသိ! နေတံ မောဃပုရိသ, အပ္ပသန္နာနံ ဝါ ပသာဒါယ…ပေ… ဧဝဉ္စ ပန, ဘိက္ခဝေ, ဣမံ သိက္ခာပဒံ ဥဒ္ဒိသေယျာထ –</p>
<p class=""bodytext""><a name=""para509""></a><a name=""para509_vin1""></a><span class=""paranum"">၅၀၉</span>။ <span class=""bld"">‘‘ယော ပန ဘိက္ခု အညာတိကာယ ဘိက္ခုနိယာ ဟတ္ထတော စီဝရံ ပဋိဂ္ဂဏှေယျ, နိဿဂ္ဂိယံ ပါစိတ္တိယ’’</span>န္တိ။</p>
<p class=""bodytext"">ဧဝဉ္စိဒံ ဘဂဝတာ ဘိက္ခူနံ သိက္ခာပဒံ ပညတ္တံ ဟောတိ။</p>
<p class=""bodytext""><a name=""para510""></a><a name=""para510_vin1""></a><span class=""paranum"">၅၁၀</span>။ တေန ခေါ ပန သမယေန ဘိက္ခူ ကုက္ကုစ္စာယန္တာ ဘိက္ခုနီနံ ပါရိဝတ္တကစီဝရံ <a name=""T2.0031""></a> န ပဋိဂ္ဂဏှန္တိ။ ဘိက္ခုနိယော ဥဇ္ဈာယန္တိ ခိယျန္တိ ဝိပါစေန္တိ – ‘‘ကထဉှိ နာမ အယျာ အမှာကံ ပါရိဝတ္တကစီဝရံ န ပဋိဂ္ဂဟေဿန္တီ’’တိ! အဿောသုံ ခေါ ဘိက္ခူ တာသံ ဘိက္ခုနီနံ ဥဇ္ဈာယန္တီနံ ခိယျန္တီနံ ဝိပါစေန္တီနံ။ အထ ခေါ တေ ဘိက္ခူ ဘဂဝတော ဧတမတ္ထံ အာရောစေသုံ။ အထ ခေါ ဘဂဝါ ဧတသ္မိံ နိဒါနေ ဧတသ္မိံ ပကရဏေ ဓမ္မိံ ကထံ ကတွာ ဘိက္ခူ အာမန္တေသိ – ‘‘အနုဇာနာမိ, ဘိက္ခဝေ, ပဉ္စန္နံ ပါရိဝတ္တကံ ပဋိဂ္ဂဟေတုံ – ဘိက္ခုဿ, ဘိက္ခုနိယာ, သိက္ခမာနာယ, သာမဏေရဿ, သာမဏေရိယာ။ အနုဇာနာမိ, ဘိက္ခဝေ, ဣမေသံ ပဉ္စန္နံ ပါရိဝတ္တကံ ပဋိဂ္ဂဟေတုံ။ ဧဝဉ္စ ပန, ဘိက္ခဝေ, ဣမံ သိက္ခာပဒံ ဥဒ္ဒိသေယျာထ။</p>
<p class=""bodytext""><a name=""para511""></a><a name=""para511_vin1""></a><span class=""paranum"">၅၁၁</span>။ <span class=""bld"">‘‘ယော ပန ဘိက္ခု အညာတိကာယ ဘိက္ခုနိယာ ဟတ္ထတော စီဝရံ ပဋိဂ္ဂဏှေယျ, အညတြ ပါရိဝတ္တကာ, နိဿဂ္ဂိယံ ပါစိတ္တိယ’’</span>န္တိ။</p>
<p class=""bodytext""><a name=""para512""></a><a name=""para512_vin1""></a><span class=""paranum"">၅၁၂</span>။ <span class=""bld"">ယော ပနာ</span>တိ ယော ယာဒိသော…ပေ… <span class=""bld"">ဘိက္ခူ</span>တိ…ပေ… အယံ ဣမသ္မိံ အတ္ထေ အဓိပ္ပေတော ဘိက္ခူတိ။</p>
<p class=""bodytext""><span class=""bld"">အညာတိကာ</span> နာမ မာတိတော ဝါ ပိတိတော ဝါ ယာဝ သတ္တမာ ပိတာမဟယုဂါ အသမ္ဗဒ္ဓါ။</p>
<p class=""bodytext""><span class=""bld"">ဘိက္ခုနီ</span> နာမ ဥဘတောသံဃေ ဥပသမ္ပန္နာ။</p>
",-509-510-511-512-
311,mula_vi_01,311,"<p class=""bodytext""><span class=""bld"">စီဝရံ</span> <a name=""P3.0210""></a><a name=""M0.0311""></a><a name=""V0.0320""></a> နာမ ဆန္နံ စီဝရာနံ အညတရံ <a name=""T2.0032""></a> စီဝရံ ဝိကပ္ပနုပဂံ ပစ္ဆိမံ။</p>
<p class=""bodytext""><span class=""bld"">အညတြ ပါရိဝတ္တကာ</span>တိ ဌပေတွာ ပါရိဝတ္တကံ။</p>
<p class=""bodytext"">ပဋိဂ္ဂဏှာတိ, ပယောဂေ ဒုက္ကဋံ။ ပဋိလာဘေန နိဿဂ္ဂိယံ ဟောတိ။ နိဿဇ္ဇိတဗ္ဗံ သံဃဿ ဝါ ဂဏဿ ဝါ ပုဂ္ဂလဿ ဝါ။ ဧဝဉ္စ ပန, ဘိက္ခဝေ, နိဿဇ္ဇိတဗ္ဗံ…ပေ… ဣဒံ မေ, ဘန္တေ, စီဝရံ အညာတိကာယ ဘိက္ခုနိယာ ဟတ္ထတော ပဋိဂ္ဂဟိတံ, အညတြ ပါရိဝတ္တကာ, နိဿဂ္ဂိယံ။ ဣမာဟံ သံဃဿ နိဿဇ္ဇာမီတိ…ပေ… ဒဒေယျာတိ…ပေ… ဒဒေယျုန္တိ…ပေ… အာယသ္မတော ဒမ္မီတိ။</p>
<p class=""bodytext""><a name=""para513""></a><a name=""para513_vin1""></a><span class=""paranum"">၅၁၃</span>။ အညာတိကာယ အညာတိကသညီ စီဝရံ ပဋိဂ္ဂဏှာတိ, အညတြ ပါရိဝတ္တကာ, နိဿဂ္ဂိယံ ပါစိတ္တိယံ။ အညာတိကာယ ဝေမတိကော စီဝရံ ပဋိဂ္ဂဏှာတိ, အညတြ ပါရိဝတ္တကာ, နိဿဂ္ဂိယံ ပါစိတ္တိယံ။ အညာတိကာယ ဉာတိကသညီ စီဝရံ ပဋိဂ္ဂဏှာတိ, အညတြ ပါရိဝတ္တကာ, နိဿဂ္ဂိယံ ပါစိတ္တိယံ။</p>
<p class=""bodytext"">ဧကတောဥပသမ္ပန္နာယ ဟတ္ထတော စီဝရံ ပဋိဂ္ဂဏှာတိ, အညတြ ပါရိဝတ္တကာ, အာပတ္တိ ဒုက္ကဋဿ။ ဉာတိကာယ အညာတိကသညီ, အာပတ္တိ ဒုက္ကဋဿ။ ဉာတိကာယ ဝေမတိကော, အာပတ္တိ ဒုက္ကဋဿ။ ဉာတိကာယ ဉာတိကသညီ, အနာပတ္တိ။</p>
<p class=""bodytext""><a name=""para514""></a><a name=""para514_vin1""></a><span class=""paranum"">၅၁၄</span>။ အနာပတ္တိ ဉာတိကာယ, ပါရိဝတ္တကံ ပရိတ္တေန ဝါ ဝိပုလံ, ဝိပုလေန ဝါ ပရိတ္တံ, ဘိက္ခု ဝိဿာသံ ဂဏှာတိ, တာဝကာလိကံ ဂဏှာတိ<a name=""T2.0033""></a>, စီဝရံ ဌပေတွာ အညံ ပရိက္ခာရံ ဂဏှာတိ, သိက္ခမာနာယ, သာမဏေရိယာ, ဥမ္မတ္တကဿ, အာဒိကမ္မိကဿာတိ။</p>
<p class=""centered"">စီဝရပဋိဂ္ဂဟဏသိက္ခာပဒံ နိဋ္ဌိတံ ပဉ္စမံ။</p>
<p class=""title"">၆။ အညာတကဝိညတ္တိသိက္ခာပဒံ</p>
<p class=""bodytext""><a name=""para515""></a><a name=""para515_vin1""></a><span class=""paranum"">၅၁၅</span>။ တေန <a name=""T2.0034""></a> သမယေန ဗုဒ္ဓေါ ဘဂဝါ သာဝတ္ထိယံ ဝိဟရတိ ဇေတဝနေ အနာထပိဏ္ဍိကဿ အာရာမေ<a name=""V0.0321""></a>။ တေန ခေါ ပန သမယေန အာယသ္မာ ဥပနန္ဒော သကျပုတ္တော ပဋ္ဋော <span class=""note"">[ပဋ္ဌော (သျာ။ က။)]</span> ဟောတိ ဓမ္မိံ ကထံ ကာတုံ။ အထ ခေါ အညတရော သေဋ္ဌိပုတ္တော ယေနာယသ္မာ ဥပနန္ဒော သကျပုတ္တော</p>
",-513-514-515-
312,mula_vi_01,312,"<p class=""noindentbodytext""> တေနုပသင်္ကမိ<a name=""M0.0312""></a>၊ ဥပသင်္ကမိတွာ အာယသ္မန္တံ ဥပနန္ဒံ သကျပုတ္တံ အဘိဝါဒေတွာ ဧကမန္တံ နိသီဒိ။ ဧကမန္တံ နိသိန္နံ ခေါ တံ သေဋ္ဌိပုတ္တံ အာယသ္မာ ဥပနန္ဒော သကျပုတ္တော ဓမ္မိယာ ကထာယ သန္ဒဿေသိ သမာဒပေသိ သမုတ္တေဇေသိ သမ္ပဟံသေသိ။ အထ ခေါ သော သေဋ္ဌိပုတ္တော အာယသ္မတာ ဥပနန္ဒေန သကျပုတ္တေန ဓမ္မိယာ ကထာယ သန္ဒဿိတော သမာဒပိတော သမုတ္တေဇိတော သမ္ပဟံသိတော အာယသ္မန္တံ ဥပနန္ဒံ သကျပုတ္တံ ဧတဒဝေါစ – ‘‘ဝဒေယျာထ, ဘန္တေ, ယေန အတ္ထော။ ပဋိဗလာ မယံ အယျဿ <a name=""P3.0211""></a> ဒါတုံ ယဒိဒံ စီဝရပိဏ္ဍပါတသေနာသနဂိလာနပ္ပစ္စယဘေသဇ္ဇပရိက္ခာရ’’န္တိ။ ‘‘သစေ မေ တွံ, အာဝုသော, ဒါတုကာမောသိ, ဣတော ဧကံ သာဋကံ ဒေဟီ’’တိ။ ‘‘အမှာကံ ခေါ, ဘန္တေ, ကုလပုတ္တာနံ ကိသ္မိံ ဝိယ ဧကသာဋကံ ဂန္တုံ။ အာဂမေဟိ, ဘန္တေ, ယာဝ ဃရံ ဂစ္ဆာမိ။ ဃရံ ဂတော ဣတော ဝါ ဧကံ သာဋကံ ပဟိဏိဿာမိ <a name=""T2.0035""></a> ဣတော ဝါ သုန္ဒရတရ’’န္တိ။ ဒုတိယမ္ပိ ခေါ အာယသ္မာ ဥပနန္ဒော သကျပုတ္တော တံ သေဋ္ဌိပုတ္တံ ဧတဒဝေါစ ‘‘သစေ မေ တွံ အာဝုသော ဒါတုကာမောသိ ဣတော ဧကံ သာဋကံ ဒေဟီ’’တိ။ အမှာကံ ခေါ ဘန္တေ ကုလပုတ္တာနံ ကိသ္မိံ ဝိယ ဧကသာဋကံ ဂန္တုံ, အာဂမေဟိ ဘန္တေ ယာဝ ဃရံ ဂစ္ဆာမိ, ဃရံ ဂတော ဣတော ဝါ ဧကံ သာဋကံ ပဟိဏိဿာမိ ဣတော ဝါ သုန္ဒရတရန္တိ။ တတိယမ္ပိ ခေါ အာယသ္မာ ဥပနန္ဒော သကျပုတ္တော တံ သေဋ္ဌိပုတ္တံ ဧတဒဝေါစ ‘‘သစေ မေ တွံ အာဝုသော ဒါတုကာမောသိ, ဣတော ဧကံ သာဋကံ ဒေဟီ’’တိ။ အမှာကံ ခေါ ဘန္တေ ကုလပုတ္တာနံ ကိသ္မိံ ဝိယ ဧကသာဋကံ ဂန္တုံ, အာဂမေဟိ ဘန္တေ ယာဝ ဃရံ ဂစ္ဆာမိ, ဃရံ ဂတော ဣတော ဝါ ဧကံ သာဋကံ ပဟိဏိဿာမိ ဣတော ဝါ သုန္ဒရတရန္တိ။ ‘‘ကိံ ပန တယာ, အာဝုသော, အဒါတုကာမေန ပဝါရိတေန ယံ တွံ ပဝါရေတွာ န ဒေသီ’’တိ။</p>
<p class=""bodytext"">အထ ခေါ သော သေဋ္ဌိပုတ္တော အာယသ္မတာ ဥပနန္ဒေန သကျပုတ္တေန နိပ္ပီဠိယမာနော ဧကံ သာဋကံ ဒတွာ အဂမာသိ။ မနုဿာ တံ သေဋ္ဌိပုတ္တံ ဧတဒဝေါစုံ – ‘‘ကိဿ တွံ အယျော ဧကသာဋကော အာဂစ္ဆသီ’’တိ? အထ ခေါ သော သေဋ္ဌိပုတ္တော တေသံ မနုဿာနံ ဧတမတ္ထံ အာရောစေသိ။ မနုဿာ ဥဇ္ဈာယန္တိ ခိယျန္တိ ဝိပါစေန္တိ – ‘‘မဟိစ္ဆာ ဣမေ သမဏာ သကျပုတ္တိယာ အသန္တုဋ္ဌာ။ နယိမေသံ သုကရာ ဓမ္မနိမန္တနာပိ ကာတုံ <span class=""note"">[နယိမေ သုကရာ ဓမ္မနိမန္တနာယပိ ကာတုံ (သျာ။)]</span>။ ကထဉှိ နာမ သေဋ္ဌိပုတ္တေန ဓမ္မနိမန္တနာယ ကယိရမာနာယ <a name=""T2.0036""></a> သာဋကံ ဂဟေဿန္တီ’’တိ!</p>
",
313,mula_vi_01,313,"<p class=""noindentbodytext""> အဿောသုံ<a name=""M0.0313""></a> ခေါ ဘိက္ခူ တေသံ မနုဿာနံ ဥဇ္ဈာယန္တာနံ ခိယျန္တာနံ ဝိပါစေန္တာနံ။ ယေ တေ ဘိက္ခူ အပ္ပိစ္ဆာ…ပေ… တေ ဥဇ္ဈာယန္တိ ခိယျန္တိ ဝိပါစေန္တိ – ‘‘ကထဉှိ နာမ အာယသ္မာ ဥပနန္ဒော သကျပုတ္တော သေဋ္ဌိပုတ္တံ စီဝရံ ဝိညာပေဿတီ’’တိ! အထ ခေါ တေ ဘိက္ခူ အာယသ္မန္တံ ဥပနန္ဒံ သကျပုတ္တံ အနေကပရိယာယေန ဝိဂရဟိတွာ <a name=""V0.0322""></a> ဘဂဝတော ဧတမတ္ထံ အာရောစေသုံ…ပေ… ‘‘သစ္စံ ကိရ တွံ, ဥပနန္ဒ, သေဋ္ဌိပုတ္တံ စီဝရံ ဝိညာပေသီ’’တိ? ‘‘သစ္စံ, ဘဂဝါ’’တိ။ ‘‘ဉာတကော တေ, ဥပနန္ဒ, အညာတကော’’တိ? ‘‘အညာတကော, ဘဂဝါ’’တိ။ ‘‘အညာတကော, မောဃပုရိသ, အညာတကဿ န ဇာနာတိ ပတိရူပံ ဝါ အပ္ပတိရူပံ ဝါ သန္တံ ဝါ အသန္တံ ဝါ။ တတ္ထ နာမ တွံ, မောဃပုရိသ, အညာတကံ သေဋ္ဌိပုတ္တံ စီဝရံ ဝိညာပေဿသိ! နေတံ, မောဃပုရိသ, အပ္ပသန္နာနံ ဝါ ပသာဒါယ…ပေ… ဧဝဉ္စ ပန, ဘိက္ခဝေ, ဣမံ သိက္ခာပဒံ ဥဒ္ဒိသေယျာထ –</p>
<p class=""bodytext""><a name=""para516""></a><a name=""para516_vin1""></a><span class=""paranum"">၅၁၆</span>။ <span class=""bld"">‘‘ယော ပန ဘိက္ခု အညာတကံ ဂဟပတိံ ဝါ ဂဟပတာနိံ ဝါ စီဝရံ ဝိညာပေယျ, နိဿဂ္ဂိယံ ပါစိတ္တိယ’’</span>န္တိ။</p>
<p class=""bodytext"">ဧဝဉ္စိဒံ ဘဂဝတာ ဘိက္ခူနံ သိက္ခာပဒံ ပညတ္တံ ဟောတိ။</p>
<p class=""bodytext""><a name=""para517""></a><a name=""para517_vin1""></a><span class=""paranum"">၅၁၇</span>။ တေန ခေါ ပန သမယေန သမ္ဗဟုလာ ဘိက္ခူ သာကေတာ သာဝတ္ထိံ <a name=""P3.0212""></a>၂ အဒ္ဓါနမဂ္ဂပ္ပဋိပန္နာ ဟောန္တိ။ အန္တရာမဂ္ဂေ စောရာ နိက္ခမိတွာ တေ ဘိက္ခူ အစ္ဆိန္ဒိံသု။ အထ ခေါ တေ ဘိက္ခူ – ‘‘ဘဂဝတာ ပဋိက္ခိတ္တံ အညာတကံ ဂဟပတိံ ဝါ ဂဟပတာနိံ ဝါ စီဝရံ ဝိညာပေတု’’န္တိ, ကုက္ကုစ္စာယန္တာ <a name=""T2.0037""></a> န ဝိညာပေသုံ။ ယထာနဂ္ဂါဝ သာဝတ္ထိံ ဂန္တွာ ဘိက္ခူ အဘိဝါဒေန္တိ။ ဘိက္ခူ ဧဝမာဟံသု – ‘‘သုန္ဒရာ ခေါ ဣမေ, အာဝုသော, အာဇီဝကာ ယေ ဣမေ ဘိက္ခူသု အဘိဝါဒေန္တီ’’တိ။ တေ ဧဝမာဟံသု – ‘‘န မယံ, အာဝုသော, အာဇီဝကာ, ဘိက္ခူ မယ’’န္တိ။ ဘိက္ခူ အာယသ္မန္တံ ဥပါလိံ ဧတဒဝေါစုံ – ‘‘ဣင်္ဃာဝုသော ဥပါလိ, ဣမေ အနုယုဉ္ဇာဟီ’’တိ။ အထ ခေါ အာယသ္မတာ ဥပါလိနာ အနုယုဉ္ဇိယမာနာ တေ ဘိက္ခူ ဧတမတ္ထံ အာရောစေသုံ။ အထ ခေါ အာယသ္မာ ဥပါလိ တေ ဘိက္ခူ အနုယုဉ္ဇိတွာ ဘိက္ခူ ဧတဒဝေါစ – ‘‘ဘိက္ခူ ဣမေ, အာဝုသော။ ဒေထ နေသံ စီဝရာနီ’’တိ။ ယေ တေ ဘိက္ခူ အပ္ပိစ္ဆာ…ပေ… တေ ဥဇ္ဈာယန္တိ ခိယျန္တိ ဝိပါစေန္တိ – ‘‘ကထဉှိ နာမ ဘိက္ခူ နဂ္ဂါ အာဂစ္ဆိဿန္တိ! နနု နာမ တိဏေန ဝါ ပဏ္ဏေန ဝါ ပဋိစ္ဆာဒေတွာ အာဂန္တဗ္ဗ’’န္တိ။ အထ ခေါ တေ ဘိက္ခူ တေ အနေကပရိယာယေန ဝိဂရဟိတွာ ဘဂဝတော ဧတမတ္ထံ အာရောစေသုံ။ အထ ခေါ ဘဂဝါ ဧတသ္မိံ နိဒါနေ ဧတသ္မိံ ပကရဏေ ဓမ္မိံ ကထံ ကတွာ</p>
",-516-517-
314,mula_vi_01,314,"<p class=""noindentbodytext""> ဘိက္ခူ<a name=""M0.0314""></a> အာမန္တေသိ – ‘‘အနုဇာနာမိ, ဘိက္ခဝေ, အစ္ဆိန္နစီဝရဿ ဝါ နဋ္ဌစီဝရဿ ဝါ အညာတကံ ဂဟပတိံ ဝါ ဂဟပတာနိံ ဝါ စီဝရံ ဝိညာပေတုံ။ ယံ အာဝါသံ ပဌမံ ဥပဂစ္ဆတိ, သစေ တတ္ထ ဟောတိ သံဃဿ ဝိဟာရစီဝရံ ဝါ ဥတ္တရတ္ထရဏံ ဝါ ဘူမတ္ထရဏံ ဝါ ဘိသိစ္ဆဝိ ဝါ, တံ ဂဟေတွာ ပါရုပိတုံ လဘိတွာ ဩဒဟိဿာမီ’’တိ<a name=""V0.0323""></a>။ နော စေ ဟောတိ သံဃဿ ဝိဟာရစီဝရံ ဝါ ဥတ္တရတ္ထရဏံ ဝါ ဘုမတ္ထရဏံ ဝါ <a name=""T2.0038""></a> ဘိသိစ္ဆဝိ ဝါ တိဏေန ဝါ ပဏ္ဏေန ဝါ ပဋိစ္ဆာဒေတွာ အာဂန္တဗ္ဗံ၊ န တွေဝ နဂ္ဂေန အာဂန္တဗ္ဗံ။ ယော အာဂစ္ဆေယျ, အာပတ္တိ ဒုက္ကဋဿ။ ဧဝဉ္စ ပန, ဘိက္ခဝေ, ဣမံ သိက္ခာပဒံ ဥဒ္ဒိသေယျာထ –</p>
<p class=""bodytext""><a name=""para518""></a><a name=""para518_vin1""></a><span class=""paranum"">၅၁၈</span>။ <span class=""bld"">‘‘ယော ပန ဘိက္ခု အညာတကံ ဂဟပတိံ ဝါ ဂဟပတာနိံ ဝါ စီဝရံ ဝိညာပေယျ, အညတြ သမယာ, နိဿဂ္ဂိယံ ပါစိတ္တိယံ။ တတ္ထာယံ သမယော – အစ္ဆိန္နစီဝရော ဝါ ဟောတိ ဘိက္ခု နဋ္ဌစီဝရော ဝါ။ အယံ တတ္ထ သမယော’’</span>တိ။</p>
<p class=""bodytext""><a name=""para519""></a><a name=""para519_vin1""></a><span class=""paranum"">၅၁၉</span>။ <span class=""bld"">ယော ပနာ</span>တိ ယော ယာဒိသော…ပေ… <span class=""bld"">ဘိက္ခူ</span>တိ…ပေ… အယံ ဣမသ္မိံ အတ္ထေ အဓိပ္ပေတော ဘိက္ခူတိ။</p>
<p class=""bodytext""><span class=""bld"">အညာတကော</span> နာမ မာတိတော ဝါ ပိတိတော ဝါ ယာဝ သတ္တမာ ပိတာမဟယုဂါ အသမ္ဗဒ္ဓေါ။</p>
<p class=""bodytext""><span class=""bld"">ဂဟပတိ</span> နာမ ယော ကောစိ အဂါရံ အဇ္ဈာဝသတိ။</p>
<p class=""bodytext""><span class=""bld"">ဂဟပတာနီ</span> နာမ ယာ ကာစိ အဂါရံ အဇ္ဈာဝသတိ။</p>
<p class=""bodytext""><span class=""bld"">စီဝရံ</span> <a name=""P3.0213""></a> နာမ ဆန္နံ စီဝရာနံ အညတရံ စီဝရံ ဝိကပ္ပနုပဂံ ပစ္ဆိမံ။</p>
<p class=""bodytext""><span class=""bld"">အညတြ သမယာ</span>တိ ဌပေတွာ သမယံ။</p>
<p class=""bodytext""><span class=""bld"">အစ္ဆိန္နစီဝရော</span> နာမ ဘိက္ခုဿ စီဝရံ အစ္ဆိန္နံ ဟောတိ ရာဇူဟိ ဝါ စောရေဟိ ဝါ ဓုတ္တေဟိ ဝါ, ယေဟိ ကေဟိစိ ဝါ အစ္ဆိန္နံ ဟောတိ။</p>
<p class=""bodytext""><span class=""bld"">နဋ္ဌစီဝရော</span> နာမ ဘိက္ခုဿ စီဝရံ အဂ္ဂိနာ ဝါ ဒဍ္ဎံ ဟောတိ, ဥဒကေန ဝါ ဝုဠှံ ဟောတိ, ဥန္ဒူရေဟိ ဝါ ဥပစိကာဟိ ဝါ ခါယိတံ ဟောတိ, ပရိဘောဂဇိဏ္ဏံ ဝါ ဟောတိ။</p>
<p class=""bodytext"">အညတြ သမယာ ဝိညာပေတိ, ပယောဂေ ဒုက္ကဋံ။ ပဋိလာဘေန နိဿဂ္ဂိယံ ဟောတိ။ နိဿဇ္ဇိတဗ္ဗံ <a name=""V0.0324""></a> သံဃဿ ဝါ ဂဏဿ ဝါ <a name=""T2.0039""></a> ပုဂ္ဂလဿ ဝါ။ ဧဝဉ္စ ပန,</p>
",-518-519-
315,mula_vi_01,315,"<p class=""noindentbodytext""> ဘိက္ခဝေ<a name=""M0.0315""></a>, နိဿဇ္ဇိတဗ္ဗံ…ပေ… ဣဒံ မေ, ဘန္တေ, စီဝရံ အညာတကံ ဂဟပတိကံ, အညတြ သမယာ ဝိညာပိတံ, နိဿဂ္ဂိယံ။ ဣမာဟံ သံဃဿ နိဿဇ္ဇာမီတိ…ပေ… ဒဒေယျာတိ…ပေ… ဒဒေယျုန္တိ…ပေ… အာယသ္မတော ဒမ္မီတိ။</p>
<p class=""bodytext""><a name=""para520""></a><a name=""para520_vin1""></a><span class=""paranum"">၅၂၀</span>။ အညာတကေ အညာတကသညီ, အညတြ သမယာ, စီဝရံ ဝိညာပေတိ, နိဿဂ္ဂိယံ ပါစိတ္တိယံ။ အညာတကေ ဝေမတိကော, အညတြ သမယာ, စီဝရံ ဝိညာပေတိ, နိဿဂ္ဂိယံ ပါစိတ္တိယံ။ အညာတကေ ဉာတကသညီ, အညတြ သမယာ, စီဝရံ ဝိညာပေတိ, နိဿဂ္ဂိယံ ပါစိတ္တိယံ။</p>
<p class=""bodytext"">ဉာတကေ အညာတကသညီ, အာပတ္တိ ဒုက္ကဋဿ။ ဉာတကေ ဝေမတိကော, အာပတ္တိ ဒုက္ကဋဿ။ ဉာတကေ ဉာတကသညီ, အနာပတ္တိ။</p>
<p class=""bodytext""><a name=""para521""></a><a name=""para521_vin1""></a><span class=""paranum"">၅၂၁</span>။ အနာပတ္တိ သမယေ, ဉာတကာနံ, ပဝါရိတာနံ, အညဿတ္ထာယ, အတ္တနော ဓနေန, ဥမ္မတ္တကဿ, အာဒိကမ္မိကဿာတိ။</p>
<p class=""centered"">အညာတကဝိညတ္တိသိက္ခာပဒံ နိဋ္ဌိတံ ဆဋ္ဌံ။</p>
<p class=""title"">၇။ တတုတ္တရိသိက္ခာပဒံ</p>
<p class=""bodytext""><a name=""para522""></a><a name=""para522_vin1""></a><span class=""paranum"">၅၂၂</span>။ တေန <a name=""T2.0040""></a> သမယေန ဗုဒ္ဓေါ ဘဂဝါ သာဝတ္ထိယံ ဝိဟရတိ ဇေတဝနေ အနာထပိဏ္ဍိကဿ အာရာမေ။ တေန ခေါ ပန သမယေန ဆဗ္ဗဂ္ဂိယာ ဘိက္ခူ အစ္ဆိန္နစီဝရကေ ဘိက္ခူ ဥပသင်္ကမိတွာ ဧဝံ ဝဒန္တိ – ‘‘ဘဂဝတာ, အာဝုသော, အနုညာတံ – ‘အစ္ဆိန္နစီဝရဿ ဝါ နဋ္ဌစီဝရဿ ဝါ အညာတကံ ဂဟပတိံ ဝါ ဂဟပတာနိံ ဝါ စီဝရံ ဝိညာပေတုံ’၊ ဝိညာပေထ, အာဝုသော, စီဝရ’’န္တိ။ ‘‘အလံ, အာဝုသော, လဒ္ဓံ အမှေဟိ စီဝရ’’န္တိ။ ‘‘မယံ အာယသ္မန္တာနံ ဝိညာပေမာ’’တိ။ ‘‘ဝိညာပေထ, အာဝုသော’’တိ။ အထ ခေါ ဆဗ္ဗဂ္ဂိယာ ဘိက္ခူ ဂဟပတိကေ ဥပသင်္ကမိတွာ ဧတဒဝေါစုံ – ‘‘အစ္ဆိန္နစီဝရကာ, အာဝုသော, ဘိက္ခူ အာဂတာ။ ဒေထ နေသံ စီဝရာနီ’’တိ, ဗဟုံ စီဝရံ ဝိညာပေသုံ။</p>
<p class=""bodytext"">တေန <a name=""V0.0325""></a> ခေါ ပန <a name=""P3.0214""></a> သမယေန အညတရော ပုရိသော သဘာယံ နိသိန္နော အညတရံ ပုရိသံ ဧတဒဝေါစ – ‘‘အစ္ဆိန္နစီဝရကာ အယျော ဘိက္ခူ အာဂတာ။ တေသံ မယာ စီဝရံ ဒိန္န’’န္တိ။ သောပိ ဧဝမာဟ – ‘‘မယာပိ ဒိန္န’’န္တိ။ အပရောပိ ဧဝမာဟ – ‘‘မယာပိ ဒိန္န’’န္တိ။ တေ ဥဇ္ဈာယန္တိ <a name=""T2.0041""></a> ခိယျန္တိ ဝိပါစေန္တိ – ‘‘ကထဉှိ နာမ သမဏာ သကျပုတ္တိယာ န မတ္တံ ဇာနိတွာ ဗဟုံ စီဝရံ ဝိညာပေဿန္တိ,</p>
",-520-521-522-
316,mula_vi_01,316,"<p class=""noindentbodytext""> ဒုဿဝါဏိဇ္ဇံ<a name=""M0.0316""></a> ဝါ သမဏာ သကျပုတ္တိယာ ကရိဿန္တိ, ပဂ္ဂါဟိကသာလံ <span class=""note"">[ပဋဂ္ဂါဟိကသာလံ (?)]</span> ဝါ ပသာရေဿန္တီ’’တိ! အဿောသုံ ခေါ ဘိက္ခူ တေသံ မနုဿာနံ ဥဇ္ဈာယန္တာနံ ခိယျန္တာနံ ဝိပါစေန္တာနံ။ ယေ တေ ဘိက္ခူ အပ္ပိစ္ဆာ…ပေ… တေ ဥဇ္ဈာယန္တိ ခိယျန္တိ ဝိပါစေန္တိ – ‘‘ကထဉှိ နာမ ဆဗ္ဗဂ္ဂိယာ ဘိက္ခူ န မတ္တံ ဇာနိတွာ ဗဟုံ စီဝရံ ဝိညာပေဿန္တီ’’တိ! အထ ခေါ တေ ဘိက္ခူ ဆဗ္ဗဂ္ဂိယေ ဘိက္ခူ အနေကပရိယာယေန ဝိဂရဟိတွာ ဘဂဝတော ဧတမတ္ထံ အာရောစေသုံ…ပေ… ‘‘သစ္စံ ကိရ တုမှေ, ဘိက္ခဝေ, န မတ္တံ ဇာနိတွာ ဗဟုံ စီဝရံ ဝိညာပေထာ’’တိ? ‘‘သစ္စံ, ဘဂဝါ’’တိ။ ဝိဂရဟိ ဗုဒ္ဓေါ ဘဂဝါ…ပေ… ကထဉှိ နာမ တုမှေ, မောဃပုရိသာ, န မတ္တံ ဇာနိတွာ ဗဟုံ စီဝရံ ဝိညာပေဿထ! နေတံ, မောဃပုရိသာ, အပ္ပသန္နာနံ ဝါ ပသာဒါယ…ပေ… ဧဝဉ္စ ပန, ဘိက္ခဝေ, ဣမံ သိက္ခာပဒံ ဥဒ္ဒိသေယျာထ –</p>
<p class=""bodytext""><a name=""para523""></a><a name=""para523_vin1""></a><span class=""paranum"">၅၂၃</span>။ <span class=""bld"">‘‘တဉ္စေ အညာတကော ဂဟပတိ ဝါ ဂဟပတာနီ ဝါ ဗဟူဟိ စီဝရေဟိ အဘိဟဋ္ဌုံ ပဝါရေယျ သန္တရုတ္တရပရမံ တေန ဘိက္ခုနာ တတော စီဝရံ သာဒိတဗ္ဗံ။ တတော စေ ဥတ္တရိ သာဒိယေယျ, နိဿဂ္ဂိယံ ပါစိတ္တိယ’’</span>န္တိ။</p>
<p class=""bodytext""><a name=""para524""></a><a name=""para524_vin1""></a><span class=""paranum"">၅၂၄</span>။ <span class=""bld"">တဉ္စေ</span>တိ အစ္ဆိန္နစီဝရကံ ဘိက္ခုံ။</p>
<p class=""bodytext""><span class=""bld"">အညာတကော</span> နာမ မာတိတော ဝါ ပိတိတော ဝါ ယာဝ သတ္တမာ ပိတာမဟယုဂါ အသမ္ဗဒ္ဓေါ။</p>
<p class=""bodytext""><span class=""bld"">ဂဟပတိ</span> နာမ ယော ကောစိ အဂါရံ အဇ္ဈာဝသတိ။</p>
<p class=""bodytext""><span class=""bld"">ဂဟပတာနီ</span> နာမ ယာ ကာစိ အဂါရံ အဇ္ဈာဝသတိ။</p>
<p class=""bodytext""><span class=""bld"">ဗဟူဟိ စီဝရေဟီ</span>တိ ဗဟုကေဟိ စီဝရေဟိ။</p>
<p class=""bodytext""><span class=""bld"">အဘိဟဋ္ဌုံ ပဝါရေယျာ</span>တိ <a name=""T2.0042""></a> ယာဝတကံ ဣစ္ဆသိ တာဝတကံ ဂဏှာဟီတိ။</p>
<p class=""bodytext""><span class=""bld"">သန္တရုတ္တရပရမံ</span> <a name=""V0.0326""></a> <span class=""bld"">တေန ဘိက္ခုနာ တတော စီဝရံ သာဒိတဗ္ဗ</span>န္တိ သစေ တီဏိ နဋ္ဌာနိ ဟောန္တိ ဒွေ သာဒိတဗ္ဗာနိ, ဒွေ နဋ္ဌာနိ ဧကံ သာဒိတဗ္ဗံ, ဧကံ နဋ္ဌံ န ကိဉ္စိ သာဒိတဗ္ဗံ။</p>
<p class=""bodytext""><span class=""bld"">တတော စေ ဥတ္တရိ သာဒိယေယျာ</span>တိ တတုတ္တရိ ဝိညာပေတိ, ပယောဂေ ဒုက္ကဋံ။ ပဋိလာဘေန နိဿဂ္ဂိယံ ဟောတိ။ နိဿဇ္ဇိတဗ္ဗံ သံဃဿ ဝါ ဂဏဿ ဝါ ပုဂ္ဂလဿ ဝါ။ ဧဝဉ္စ ပန, ဘိက္ခဝေ, နိဿဇ္ဇိတဗ္ဗံ…ပေ… ဣဒံ မေ, ဘန္တေ, စီဝရံ</p>
",-523-524-
317,mula_vi_01,317,"<p class=""noindentbodytext""> အညာတကံ<a name=""M0.0317""></a> ဂဟပတိကံ ဥပသင်္ကမိတွာ တတုတ္တရိ ဝိညာပိတံ <a name=""P3.0215""></a> နိဿဂ္ဂိယံ။ ဣမာဟံ သံဃဿ နိဿဇ္ဇာမီတိ…ပေ… ဒဒေယျာတိ…ပေ… ဒဒေယျုန္တိ…ပေ… အာယသ္မတော ဒမ္မီတိ။</p>
<p class=""bodytext""><a name=""para525""></a><a name=""para525_vin1""></a><span class=""paranum"">၅၂၅</span>။ အညာတကေ အညာတကသညီ တတုတ္တရိ စီဝရံ ဝိညာပေတိ, နိဿဂ္ဂိယံ ပါစိတ္တိယံ။ အညာတကေ ဝေမတိကော တတုတ္တရိ စီဝရံ ဝိညာပေတိ, နိဿဂ္ဂိယံ ပါစိတ္တိယံ။ အညာတကေ ဉာတကသညီ တတုတ္တရိ စီဝရံ ဝိညာပေတိ, နိဿဂ္ဂိယံ ပါစိတ္တိယံ။</p>
<p class=""bodytext"">ဉာတကေ အညာတကသညီ, အာပတ္တိ ဒုက္ကဋဿ။ ဉာတကေ ဝေမတိကော, အာပတ္တိ ဒုက္ကဋဿ။ ဉာတကေ ဉာတကသညီ, အနာပတ္တိ။</p>
<p class=""bodytext""><a name=""para526""></a><a name=""para526_vin1""></a><span class=""paranum"">၅၂၆</span>။ အနာပတ္တိ – ‘‘သေသကံ အာဟရိဿာမီ’’တိ ဟရန္တော ဂစ္ဆတိ, ‘‘သေသကံ တုယှေဝ ဟောတူ’’တိ ဒေန္တိ, န အစ္ဆိန္နကာရဏာ ဒေန္တိ, န နဋ္ဌကာရဏာ <a name=""T2.0043""></a> ဒေန္တိ, ဉာတကာနံ, ပဝါရိတာနံ, အတ္တနော ဓနေန, ဥမ္မတ္တကဿ, အာဒိကမ္မိကဿာတိ။</p>
<p class=""centered"">တတုတ္တရိသိက္ခာပဒံ နိဋ္ဌိတံ သတ္တမံ။</p>
<p class=""title"">၈။ ဥပက္ခဋသိက္ခာပဒံ</p>
<p class=""bodytext""><a name=""para527""></a><a name=""para527_vin1""></a><span class=""paranum"">၅၂၇</span>။ တေန <a name=""T2.0044""></a> သမယေန ဗုဒ္ဓေါ ဘဂဝါ သာဝတ္ထိယံ ဝိဟရတိ ဇေတဝနေ အနာထပိဏ္ဍိကဿ အာရာမေ။ တေန ခေါ ပန သမယေန အညတရော ပုရိသော ပဇာပတိံ ဧတဒဝေါစ – ‘‘အယျံ ဥပနန္ဒံ စီဝရေန အစ္ဆာဒေဿာမီ’’တိ။ အဿောသိ ခေါ အညတရော ပိဏ္ဍစာရိကော ဘိက္ခု တဿ ပုရိသဿ ဣမံ ဝါစံ ဘာသမာနဿ။ အထ ခေါ သော ဘိက္ခု ယေနာယသ္မာ ဥပနန္ဒော သကျပုတ္တော တေနုပသင်္ကမိ၊ ဥပသင်္ကမိတွာ <a name=""V0.0327""></a> အာယသ္မန္တံ ဥပနန္ဒံ သကျပုတ္တံ ဧတဒဝေါစ – ‘‘မဟာပုညောသိ တွံ, အာဝုသော ဥပနန္ဒ, အမုကသ္မိံ ဩကာသေ အညတရော ပုရိသော ပဇာပတိံ ဧတဒဝေါစ – ‘‘အယျံ ဥပနန္ဒံ စီဝရေန အစ္ဆာဒေဿာမီ’’’တိ။ ‘‘အတ္ထာဝုသော, မံ သော ဥပဋ္ဌာကော’’တိ။ အထ ခေါ အာယသ္မာ ဥပနန္ဒော သကျပုတ္တော ယေန သော ပုရိသော တေနုပသင်္ကမိ၊ ဥပသင်္ကမိတွာ တံ ပုရိသံ ဧတဒဝေါစ – ‘‘သစ္စံ ကိရ မံ တွံ, အာဝုသော, စီဝရေန အစ္ဆာဒေတုကာမောသီ’’တိ? ‘‘အပိ မေယျ, ဧဝံ ဟောတိ – ‘အယျံ ဥပနန္ဒံ စီဝရေန အစ္ဆာဒေဿာမီ’’’တိ။ ‘‘သစေ ခေါ မံ တွံ, အာဝုသော, စီဝရေန အစ္ဆာဒေတုကာမောသိ, ဧဝရူပေန စီဝရေန အစ္ဆာဒေဟိ။ ကျာဟံ တေန အစ္ဆန္နောပိ ကရိဿာမိ ယာဟံ န ပရိဘုဉ္ဇိဿာမီ’’တိ။</p>
",-525-526-527-
318,mula_vi_01,318,"<p class=""bodytext"">အထ <a name=""M0.0318""></a> ခေါ သော ပုရိသော ဥဇ္ဈာယတိ ခိယျတိ ဝိပါစေတိ – ‘‘မဟိစ္ဆာ ဣမေ သမဏာ သကျပုတ္တိယာ အသန္တုဋ္ဌာ။ နယိမေ သုကရာ စီဝရေန အစ္ဆာဒေတုံ။ ကထဉှိ <a name=""T2.0045""></a> နာမ အယျော ဥပနန္ဒော မယာ ပုဗ္ဗေ အပ္ပဝါရိတော မံ ဥပသင်္ကမိတွာ စီဝရေ ဝိကပ္ပံ အာပဇ္ဇိဿတီ’’တိ! အဿောသုံ ခေါ ဘိက္ခူ တဿ ပုရိသဿ ဥဇ္ဈာယန္တဿ ခိယျန္တဿ ဝိပါစေန္တဿ။ ယေ တေ ဘိက္ခူ အပ္ပိစ္ဆာ…ပေ… တေ ဥဇ္ဈာယျန္တိ ခိယျန္တိ ဝိပါစေန္တိ – ‘‘ကထဉှိ နာမ အာယသ္မာ ဥပနန္ဒော သကျပုတ္တော ပုဗ္ဗေ အပ္ပဝါရိတော ဂဟပတိကံ ဥပသင်္ကမိတွာ စီဝရေ ဝိကပ္ပံ အာပဇ္ဇိဿတီ’’တိ! အထ ခေါ တေ ဘိက္ခူ အာယသ္မန္တံ ဥပနန္ဒံ သကျပုတ္တံ အနေကပရိယာယေန ဝိဂရဟိတွာ ဘဂဝတော ဧတမတ္ထံ အာရောစေသုံ <a name=""P3.0216""></a>…ပေ… ‘‘သစ္စံ ကိရ တွံ, ဥပနန္ဒ, ပုဗ္ဗေ အပ္ပဝါရိတော ဂဟပတိကံ ဥပသင်္ကမိတွာ စီဝရေ ဝိကပ္ပံ အာပဇ္ဇသီ’’တိ? ‘‘သစ္စံ, ဘဂဝါ’’တိ။ ‘‘ဉာတကော တေ, ဥပနန္ဒ, အညာတကော’’တိ? ‘‘အညာတကော, ဘဂဝါ’’တိ။ ‘‘အညာတကော, မောဃပုရိသ, အညာတကဿ န ဇာနာတိ ပတိရူပံ ဝါ အပ္ပတိရူပံ ဝါ သန္တံ ဝါ အသန္တံ ဝါ။ တတ္ထ နာမ တွံ, မောဃပုရိသ, ပုဗ္ဗေ အပ္ပဝါရိတော အညာတကံ ဂဟပတိကံ ဥပသင်္ကမိတွာ စီဝရေ ဝိကပ္ပံ အာပဇ္ဇိဿသိ! နေတံ, မောဃပုရိသ, အပ္ပသန္နာနံ ဝါ ပသာဒါယ…ပေ… ဧဝဉ္စ ပန, ဘိက္ခဝေ, ဣမံ သိက္ခာပဒံ ဥဒ္ဒိသေယျာထ –</p>
<p class=""bodytext""><a name=""para528""></a><a name=""para528_vin1""></a><span class=""paranum"">၅၂၈</span>။ <span class=""bld"">‘‘ဘိက္ခုံ ပနေဝ ဥဒ္ဒိဿ အညာတကဿ ဂဟပတိဿ ဝါ ဂဟပတာနိယာ ဝါ စီဝရစေတာပန္နံ <span class=""note"">[စီဝရစေတာပနံ (သျာ။)]</span> ဥပက္ခဋံ ဟောတိ – ‘ဣမိနာ <a name=""T2.0046""></a> စီဝရစေတာပန္နေန စီဝရံ စေတာပေတွာ ဣတ္ထန္နာမံ ဘိက္ခုံ စီဝရေန အစ္ဆာဒေဿာမီ’တိ၊ တတြ စေ သော ဘိက္ခု ပုဗ္ဗေ အပ္ပဝါရိတော ဥပသင်္ကမိတွာ စီဝရေ ဝိကပ္ပံ အာပဇ္ဇေယျ – ‘သာဓု ဝတ မံ အာယသ္မာ ဣမိနာ စီဝရစေတာပန္နေန ဧဝရူပံ ဝါ ဧဝရူပံ ဝါ စီဝရံ စေတာပေတွာ အစ္ဆာဒေဟီ’တိ, ကလျာဏကမျတံ ဥပါဒါယ, နိဿဂ္ဂိယံ ပါစိတ္တိယ’’</span>န္တိ။</p>
<p class=""bodytext""><a name=""para529""></a><a name=""para529_vin1""></a><span class=""paranum"">၅၂၉</span>။ <span class=""bld"">ဘိက္ခုံ</span> <a name=""V0.0328""></a> <span class=""bld"">ပနေဝ ဥဒ္ဒိဿာ</span>တိ ဘိက္ခုဿတ္ထာယ, ဘိက္ခုံ အာရမ္မဏံ ကရိတွာ, ဘိက္ခုံ အစ္ဆာဒေတုကာမော။</p>
<p class=""bodytext""><span class=""bld"">အညာတကော</span> နာမ မာတိတော ဝါ ပိတိတော ဝါ ယာဝ သတ္တမာ ပိတာမဟယုဂါ အသမ္ဗဒ္ဓေါ။</p>
",-528-529-
319,mula_vi_01,319,"<p class=""bodytext""><span class=""bld"">ဂဟပတိ</span> <a name=""M0.0319""></a> နာမ ယော ကောစိ အဂါရံ အဇ္ဈာဝသတိ။</p>
<p class=""bodytext""><span class=""bld"">ဂဟပတာနီ</span> နာမ ယာ ကာစိ အဂါရံ အဇ္ဈာဝသတိ။</p>
<p class=""bodytext""><span class=""bld"">စီဝရစေတာပန္နံ</span> နာမ ဟိရညံ ဝါ သုဝဏ္ဏံ ဝါ မုတ္တာ ဝါ မဏိ ဝါ ပဝါဠော ဝါ ဖလိကော ဝါ ပဋကော ဝါ သုတ္တံ ဝါ ကပ္ပါသော ဝါ။</p>
<p class=""bodytext""><span class=""bld"">ဣမိနာ စီဝရစေတာပန္နေနာ</span>တိ ပစ္စုပဋ္ဌိတေန။</p>
<p class=""bodytext""><span class=""bld"">စေတာပေတွာ</span>တိ ပရိဝတ္တေတွာ။</p>
<p class=""bodytext""><span class=""bld"">အစ္ဆာဒေဿာမီ</span>တိ ဒဿာမိ။</p>
<p class=""bodytext""><span class=""bld"">တတြ စေ သော ဘိက္ခူ</span>တိ ယံ ဘိက္ခုံ ဥဒ္ဒိဿ စီဝရစေတာပန္နံ ဥပက္ခဋံ ဟောတိ သော ဘိက္ခု။</p>
<p class=""bodytext""><span class=""bld"">ပုဗ္ဗေ အပ္ပဝါရိတော</span>တိ ပုဗ္ဗေ အဝုတ္တော ဟောတိ – ‘‘ကီဒိသေန တေ, ဘန္တေ, စီဝရေန အတ္ထော, ကီဒိသံ တေ စီဝရံ စေတာပေမီ’’တိ?</p>
<p class=""bodytext""><span class=""bld"">ဥပသင်္ကမိတွာ</span>တိ ဃရံ ဂန္တွာ ယတ္ထ ကတ္ထစိ ဥပသင်္ကမိတွာ <a name=""T2.0047""></a>။</p>
<p class=""bodytext""><span class=""bld"">စီဝရေ ဝိကပ္ပံ အာပဇ္ဇေယျာ</span>တိ အာယတံ ဝါ ဟောတု ဝိတ္ထတံ ဝါ အပ္ပိတံ ဝါ သဏှံ ဝါ။</p>
<p class=""bodytext""><span class=""bld"">ဣမိနာ</span> <a name=""P3.0217""></a> <span class=""bld"">စီဝရစေတာပန္နေနာ</span>တိ ပစ္စုပဋ္ဌိတေန။</p>
<p class=""bodytext""><span class=""bld"">ဧဝရူပံ</span> <a name=""V0.0329""></a> <span class=""bld"">ဝါ ဧဝရူပံ ဝါ</span>တိ။ အာယတံ ဝါ ဝိတ္ထတံ ဝါ အပ္ပိတံ ဝါ သဏှံ ဝါ။</p>
<p class=""bodytext""><span class=""bld"">စေတာပေတွာ</span>တိ ပရိဝတ္တေတွာ။</p>
<p class=""bodytext""><span class=""bld"">အစ္ဆာဒေဟီ</span>တိ ဒဇ္ဇေဟိ။</p>
<p class=""bodytext""><span class=""bld"">ကလျာဏကမျတံ ဥပါဒါယာ</span>တိ သာဓတ္ထိကော <span class=""note"">[သာဓုတ္ထိကော (သျာ။)]</span> မဟဂ္ဃတ္ထိကော။ တဿ ဝစနေန အာယတံ ဝါ ဝိတ္ထတံ ဝါ အပ္ပိတံ ဝါ သဏှံ ဝါ စေတာပေတိ, ပယောဂေ ဒုက္ကဋံ။ ပဋိလာဘေန နိဿဂ္ဂိယံ ဟောတိ။ နိဿဇ္ဇိတဗ္ဗံ သံဃဿ ဝါ ဂဏဿ ဝါ ပုဂ္ဂလဿ ဝါ။ ဧဝဉ္စ ပန, ဘိက္ခဝေ, နိဿဇ္ဇိတဗ္ဗံ…ပေ… ဣဒံ မေ, ဘန္တေ, စီဝရံ ပုဗ္ဗေ အပ္ပဝါရိတော အညာတကံ ဂဟပတိကံ ဥပသင်္ကမိတွာ စီဝရေ ဝိကပ္ပံ အာပန္နံ နိဿဂ္ဂိယံ, ဣမာဟံ သံဃဿ နိဿဇ္ဇာမီတိ…ပေ… ဒဒေယျာတိ…ပေ… ဒဒေယျုန္တိ…ပေ… အာယသ္မတော ဒမ္မီတိ။</p>
",
320,mula_vi_01,320,"<p class=""bodytext""><a name=""para530""></a><a name=""para530_vin1""></a><span class=""paranum"">၅၃၀</span>။ အညာတကေ <a name=""M0.0320""></a> အညာတကသညီ ပုဗ္ဗေ အပ္ပဝါရိတော ဂဟပတိကံ ဥပသင်္ကမိတွာ စီဝရေ ဝိကပ္ပံ အာပဇ္ဇတိ, နိဿဂ္ဂိယံ ပါစိတ္တိယံ။ အညာတကေ ဝေမတိကော ပုဗ္ဗေ အပ္ပဝါရိတော ဂဟပတိကံ ဥပသင်္ကမိတွာ စီဝရေ ဝိကပ္ပံ အာပဇ္ဇတိ, နိဿဂ္ဂိယံ ပါစိတ္တိယံ။ အညာတကေ ဉာတကသညီ ပုဗ္ဗေ အပ္ပဝါရိတော ဂဟပတိကံ ဥပသင်္ကမိတွာ စီဝရေ ဝိကပ္ပံ အာပဇ္ဇတိ, နိဿဂ္ဂိယံ ပါစိတ္တိယံ။</p>
<p class=""bodytext"">ဉာတကေ အညာတကသညီ, အာပတ္တိ ဒုက္ကဋဿ။ ဉာတကေ ဝေမတိကော, အာပတ္တိ ဒုက္ကဋဿ။ ဉာတကေ ဉာတကသညီ, အနာပတ္တိ။</p>
<p class=""bodytext""><a name=""para531""></a><a name=""para531_vin1""></a><span class=""paranum"">၅၃၁</span>။ အနာပတ္တိ <a name=""T2.0048""></a> ဉာတကာနံ, ပဝါရိတာနံ, အညဿတ္ထာယ, အတ္တနော ဓနေန, မဟဂ္ဃံ စေတာပေတုကာမဿ အပ္ပဂ္ဃံ စေတာပေတိ, ဥမ္မတ္တကဿ, အာဒိကမ္မိကဿာတိ။</p>
<p class=""centered"">ဥပက္ခဋသိက္ခာပဒံ နိဋ္ဌိတံ အဋ္ဌမံ။</p>
<p class=""title"">၉။ ဒုတိယဥပက္ခဋသိက္ခာပဒံ</p>
<p class=""bodytext""><a name=""para532""></a><a name=""para532_vin1""></a><span class=""paranum"">၅၃၂</span>။ တေန <a name=""T2.0049""></a><a name=""V0.0330""></a> သမယေန ဗုဒ္ဓေါ ဘဂဝါ သာဝတ္ထိယံ ဝိဟရတိ ဇေတဝနေ အနာထပိဏ္ဍိကဿ အာရာမေ။ တေန ခေါ ပန သမယေန အညတရော ပုရိသော အညတရံ ပုရိသံ ဧတဒဝေါစ – ‘‘အယျံ ဥပနန္ဒံ စီဝရေန အစ္ဆာဒေဿာမီ’’တိ။ သောပိ ဧဝမာဟ – ‘‘အဟမ္ပိ အယျံ ဥပနန္ဒံ စီဝရေန အစ္ဆာဒေဿာမီ’’တိ။ အဿောသိ ခေါ အညတရော ပိဏ္ဍစာရိကော ဘိက္ခု တေသံ ပုရိသာနံ ဣမံ ကထာသလ္လာပံ။ အထ ခေါ သော ဘိက္ခု ယေနာယသ္မာ ဥပနန္ဒော သကျပုတ္တော တေနုပသင်္ကမိ၊ ဥပသင်္ကမိတွာ အာယသ္မန္တံ ဥပနန္ဒံ သကျပုတ္တံ ဧတဒဝေါစ – ‘‘မဟာပုညောသိ တွံ, အာဝုသော ဥပနန္ဒ။ အမုကသ္မိံ ဩကာသေ <a name=""P3.0218""></a> အညတရော ပုရိသော အညတရံ ပုရိသံ ဧတဒဝေါစ – ‘အယျံ ဥပနန္ဒံ စီဝရေန အစ္ဆာဒေဿာမီ’တိ။ သောပိ ဧဝမာဟ – ‘အဟမ္ပိ အယျံ ဥပနန္ဒံ စီဝရေန အစ္ဆာဒေဿာမီ’’’တိ။ ‘‘အတ္ထာဝုသော, မံ တေ ဥပဋ္ဌာကာ’’တိ။</p>
<p class=""bodytext"">အထ ခေါ အာယသ္မာ ဥပနန္ဒော သကျပုတ္တော ယေန တေ ပုရိသာ တေနုပသင်္ကမိ၊ ဥပသင်္ကမိတွာ တေ ပုရိသေ ဧတဒဝေါစ – ‘‘သစ္စံ ကိရ မံ တုမှေ, အာဝုသော, စီဝရေဟိ အစ္ဆာဒေတုကာမာတ္ထာ’’တိ? ‘‘အပိ နယျ, ဧဝံ ဟောတိ – ‘အယျံ ဥပနန္ဒံ စီဝရေဟိ အစ္ဆာဒေဿာမာ’’’တိ။ ‘‘သစေ ခေါ မံ</p>
",-530-531-532-
321,mula_vi_01,321,"<p class=""noindentbodytext""> တုမှေ<a name=""M0.0321""></a>, အာဝုသော, စီဝရေဟိ အစ္ဆာဒေတုကာမာတ္ထ, ဧဝရူပေန စီဝရေန အစ္ဆာဒေထ, ကျာဟံ တေဟိ အစ္ဆန္နောပိ ကရိဿာမိ, ယာနာဟံ န ပရိဘုဉ္ဇိဿာမီ’’တိ<a name=""T2.0050""></a>။ အထ ခေါ တေ ပုရိသာ ဥဇ္ဈာယန္တိ ခိယျန္တိ ဝိပါစေန္တိ – ‘‘မဟိစ္ဆာ ဣမေ သမဏာ သကျပုတ္တိယာ အသန္တုဋ္ဌာ။ နယိမေ သုကရာ စီဝရေဟိ အစ္ဆာဒေတုံ။ ကထဉှိ နာမ အယျော ဥပနန္ဒော အမှေဟိ ပုဗ္ဗေ အပ္ပဝါရိတော ဥပသင်္ကမိတွာ စီဝရေ ဝိကပ္ပံ အာပဇ္ဇိဿတီ’’တိ!</p>
<p class=""bodytext"">အဿောသုံ ခေါ ဘိက္ခူ တေသံ ပုရိသာနံ ဥဇ္ဈာယန္တာနံ ခိယျန္တာနံ ဝိပါစေန္တာနံ။ ယေ တေ ဘိက္ခူ အပ္ပိစ္ဆာ…ပေ… တေ ဥဇ္ဈာယန္တိ ခိယျန္တိ ဝိပါစေန္တိ – ‘‘ကထဉှိ နာမ အာယသ္မာ ဥပနန္ဒော သကျပုတ္တော ပုဗ္ဗေ အပ္ပဝါရိတော ဂဟပတိကေ ဥပသင်္ကမိတွာ စီဝရေ ဝိကပ္ပံ အာပဇ္ဇိဿတီ’’တိ! အထ ခေါ တေ ဘိက္ခူ အာယသ္မန္တံ ဥပနန္ဒံ သကျပုတ္တံ အနေကပရိယာယေန ဝိဂရဟိတွာ ဘဂဝတော ဧတမတ္ထံ အာရောစေသုံ…ပေ… ‘‘သစ္စံ ကိရ တွံ, ဥပနန္ဒ, ပုဗ္ဗေ အပ္ပဝါရိတော ဂဟပတိကေ ဥပသင်္ကမိတွာ စီဝရေ ဝိကပ္ပံ အာပဇ္ဇသီ’’တိ? ‘‘သစ္စံ, ဘဂဝါ’’တိ။ ‘‘ဉာတကာ <a name=""V0.0331""></a> တေ, ဥပနန္ဒ, အညာတကာ’’တိ? ‘‘အညာတကာ, ဘဂဝါ’’တိ။ ‘‘အညာတကော, မောဃပုရိသ, အညာတကာနံ န ဇာနာတိ ပတိရူပံ ဝါ အပ္ပတိရူပံ ဝါ သန္တံ ဝါ အသန္တံ ဝါ။ တတ္ထ နာမ တွံ, မောဃပုရိသ, ပုဗ္ဗေ အပ္ပဝါရိတော အညာတကေ ဂဟပတိကေ ဥပသင်္ကမိတွာ စီဝရေ ဝိကပ္ပံ အာပဇ္ဇိဿသိ! နေတံ, မောဃပုရိသ, အပ္ပသန္နာနံ ဝါ ပသာဒါယ…ပေ… ဧဝဉ္စ ပန, ဘိက္ခဝေ, ဣမံ သိက္ခာပဒံ ဥဒ္ဒိသေယျာထ –</p>
<p class=""bodytext""><a name=""para533""></a><a name=""para533_vin1""></a><span class=""paranum"">၅၃၃</span>။ <span class=""bld"">‘‘ဘိက္ခုံ ပနေဝ ဥဒ္ဒိဿ ဥဘိန္နံ အညာတကာနံ ဂဟပတီနံ ဝါ ဂဟပတာနီနံ ဝါ ပစ္စေကစီဝရစေတာပန္နာနိ ဥပက္ခဋာနိ ဟောန္တိ – ‘ဣမေဟိ မယံ ပစ္စေကစီဝရစေတာပန္နေဟိ ပစ္စေကစီဝရာနိ စေတာပေတွာ ဣတ္ထန္နာမံ ဘိက္ခုံ စီဝရေဟိ အစ္ဆာဒေဿာမာ’တိ<a name=""T2.0051""></a>၊ တတြ စေ သော ဘိက္ခု ပုဗ္ဗေ အပ္ပဝါရိတော ဥပသင်္ကမိတွာ စီဝရေ ဝိကပ္ပံ အာပဇ္ဇေယျ – ‘သာဓု ဝတ မံ အာယသ္မန္တော ဣမေဟိ ပစ္စေကစီဝရစေတာပန္နေဟိ ဧဝရူပံ ဝါ ဧဝရူပံ ဝါ စီဝရံ စေတာပေတွာ အစ္ဆာဒေထ, ဥဘောဝ သန္တာ ဧကေနာ’တိ, ကလျာဏကမျတံ ဥပါဒါယ, နိဿဂ္ဂိယံ ပါစိတ္တိယ’’</span>န္တိ။</p>
<p class=""bodytext""><a name=""para534""></a><a name=""para534_vin1""></a><span class=""paranum"">၅၃၄</span>။ <span class=""bld"">ဘိက္ခုံ</span> <a name=""P3.0219""></a> <span class=""bld"">ပနေဝ ဥဒ္ဒိဿာ</span>တိ ဘိက္ခုဿတ္ထာယ, ဘိက္ခုံ အာရမ္မဏံ ကရိတွာ, ဘိက္ခုံ အစ္ဆာဒေတုကာမာ။</p>
",-533-534-
322,mula_vi_01,322,"<p class=""bodytext""><span class=""bld"">ဥဘိန္န</span>န္တိ <a name=""M0.0322""></a> ဒွိန္နံ။</p>
<p class=""bodytext""><span class=""bld"">အညာတကာ</span> နာမ မာတိတော ဝါ ပိတိတော ဝါ ယာဝ သတ္တမာ ပိတာမဟယုဂါ အသမ္ဗဒ္ဓါ။</p>
<p class=""bodytext""><span class=""bld"">ဂဟပတီ</span> နာမ ယေ ကေစိ အဂါရ အဇ္ဈာဝသန္တိ။</p>
<p class=""bodytext""><span class=""bld"">ဂဟပတာနိယော</span> နာမ ယာ ကာစိ အဂါရံ အဇ္ဈာဝသန္တိ။</p>
<p class=""bodytext""><span class=""bld"">စီဝရစေတာပန္နာနိ</span> နာမ ဟိရညာ ဝါ သုဝဏ္ဏာ ဝါ မုတ္တာ ဝါ မဏီ ဝါ ပဝါဠာ ဝါ ဖလိကာ ဝါ ပဋကာ ဝါ သုတ္တာ ဝါ ကပ္ပါသာ ဝါ။</p>
<p class=""bodytext""><span class=""bld"">ဣမေဟိ ပစ္စေကစီဝရစေတာပန္နေဟိ</span>တိ ပစ္စုပဋ္ဌိတေဟိ။</p>
<p class=""bodytext""><span class=""bld"">စေတာပေတွာ</span>တိ <a name=""V0.0332""></a> ပရိဝတ္တေတွာ။</p>
<p class=""bodytext""><span class=""bld"">အစ္ဆာဒေဿာမာ</span>တိ ဒဿာမ။</p>
<p class=""bodytext""><span class=""bld"">တတြ စေ သော ဘိက္ခူ</span>တိ ယံ ဘိက္ခုံ ဥဒ္ဒိဿ စီဝရစေတာပန္နာနိ ဥပက္ခဋာနိ ဟောန္တိ သော ဘိက္ခု။</p>
<p class=""bodytext""><span class=""bld"">ပုဗ္ဗေ အပ္ပဝါရိတော</span>တိ ပုဗ္ဗေ အဝုတ္တော ဟောတိ – ‘‘ကီဒိသေန တေ, ဘန္တေ, စီဝရေန အတ္ထော, ကီဒိသံ တေ <a name=""T2.0052""></a> စီဝရံ စေတာပေမာ’’တိ။</p>
<p class=""bodytext""><span class=""bld"">ဥပသင်္ကမိတွာ</span>တိ ဃရံ ဂန္တွာ ယတ္ထ ကတ္ထစိ ဥပသင်္ကမိတွာ။</p>
<p class=""bodytext""><span class=""bld"">စီဝရေ ဝိကပ္ပံ အာပဇ္ဇေယျာ</span>တိ အာယတံ ဝါ ဟောတု ဝိတ္ထတံ ဝါ အပ္ပိတံ ဝါ သဏှံ ဝါ။</p>
<p class=""bodytext""><span class=""bld"">ဣမေဟိ ပစ္စေကစီဝရစေတာပန္နေဟီ</span>တိ ပစ္စုပဋ္ဌိတေဟိ။</p>
<p class=""bodytext""><span class=""bld"">ဧဝရူပံ ဝါ ဧဝရူပံ ဝါ</span>တိ အာယတံ ဝါ ဝိတ္ထတံ ဝါ အပ္ပိတံ ဝါ သဏှံ ဝါ။</p>
<p class=""bodytext""><span class=""bld"">စေတာပေတွာ</span>တိ ပရိဝတ္တေတွာ။</p>
<p class=""bodytext""><span class=""bld"">အစ္ဆာဒေထာ</span>တိ ဒဇ္ဇေထ။</p>
<p class=""bodytext""><span class=""bld"">ဥဘောဝ သန္တာ ဧကေနာ</span>တိ ဒွေပိ ဇနာ ဧကေန။</p>
<p class=""bodytext""><span class=""bld"">ကလျာဏကမျတံ ဥပါဒါယာ</span>တိ သာဓတ္ထိကော မဟဂ္ဃတ္ထိကော။</p>
<p class=""bodytext"">တဿ ဝစနေန အာယတံ ဝါ ဝိတ္ထတံ ဝါ အပ္ပိတံ ဝါ သဏှံ ဝါ စေတာပေန္တိ, ပယောဂေ ဒုက္ကဋံ။ ပဋိလာဘေန နိဿဂ္ဂိယံ ဟောတိ။ နိဿဇ္ဇိတဗ္ဗံ သံဃဿ ဝါ ဂဏဿ ဝါ ပုဂ္ဂလဿ ဝါ။ ဧဝဉ္စ ပန, ဘိက္ခဝေ, နိဿဇ္ဇိတဗ္ဗံ…ပေ… ဣဒံ မေ, ဘန္တေ, စီဝရံ ပုဗ္ဗေ အပ္ပဝါရိတော <a name=""V0.0333""></a> အညာတကေ ဂဟပတိကေ ဥပသင်္ကမိတွာ စီဝရေ ဝိကပ္ပံ အာပန္နံ နိဿဂ္ဂိယံ။ ဣမာဟံ</p>
",
323,mula_vi_01,323,"<p class=""noindentbodytext""> သံဃဿ<a name=""M0.0323""></a> နိဿဇ္ဇာမီတိ…ပေ… ဒဒေယျာတိ…ပေ… ဒဒေယျုန္တိ…ပေ… အာယသ္မတော ဒမ္မီတိ။</p>
<p class=""bodytext""><a name=""para535""></a><a name=""para535_vin1""></a><span class=""paranum"">၅၃၅</span>။ အညာတကေ အညာတကသညီ ပုဗ္ဗေ အပ္ပဝါရိတော ဂဟပတိကေ ဥပသင်္ကမိတွာ စီဝရေ ဝိကပ္ပံ အာပဇ္ဇတိ, နိဿဂ္ဂိယံ ပါစိတ္တိယံ။ အညာတကေ ဝေမတိကော ပုဗ္ဗေ အပ္ပဝါရိတော ဂဟပတိကေ ဥပသင်္ကမိတွာ စီဝရေ ဝိကပ္ပံ အာပဇ္ဇတိ, နိဿဂ္ဂိယံ ပါစိတ္တိယံ။ အညာတကေ ဉာတကသညီ ပုဗ္ဗေ အပ္ပဝါရိတော ဂဟပတိကေ ဥပသင်္ကမိတွာ စီဝရေ ဝိကပ္ပံ <a name=""T2.0053""></a> အာပဇ္ဇတိ, နိဿဂ္ဂိယံ ပါစိတ္တိယံ။</p>
<p class=""bodytext"">ဉာတကေ အညာတကသညီ, အာပတ္တိ ဒုက္ကဋဿ။ ဉာတကေ ဝေမတိကော, အာပတ္တိ ဒုက္ကဋဿ။ ဉာတကေ ဉာတကသညီ, အနာပတ္တိ။</p>
<p class=""bodytext""><a name=""para536""></a><a name=""para536_vin1""></a><span class=""paranum"">၅၃၆</span>။ အနာပတ္တိ – ဉာတကာနံ, ပဝါရိတာနံ, အညဿတ္ထာယ, အတ္တနော ဓနေန, မဟဂ္ဃံ စေတာပေတုကာမာနံ အပ္ပဂ္ဃံ စေတာပေတိ, ဥမ္မတ္တကဿ, အာဒိကမ္မိကဿာတိ။</p>
<p class=""centered"">ဒုတိယဥပက္ခဋသိက္ခာပဒံ နိဋ္ဌိတံ နဝမံ။</p>
<p class=""title"">၁၀။ ရာဇသိက္ခာပဒံ</p>
<p class=""bodytext""><a name=""para537""></a><a name=""para537_vin1""></a><span class=""paranum"">၅၃၇</span>။ တေန <a name=""T2.0054""></a> သမယေန ဗုဒ္ဓေါ ဘဂဝါ သာဝတ္ထိယံ ဝိဟရတိ ဇေတဝနေ အနာထပိဏ္ဍိကဿ အာရာမေ။ တေန ခေါ ပန သမယေန အာယသ္မတော ဥပနန္ဒဿ သကျပုတ္တဿ ဥပဋ္ဌာကော မဟာမတ္တော အာယသ္မတော ဥပနန္ဒဿ သကျပုတ္တဿ ဒူတေန စီဝရစေတာပန္နံ ပါဟေသိ – ‘‘ဣမိနာ စီဝရစေတာပန္နေန စီဝရံ စေတာပေတွာ အယျံ ဥပနန္ဒံ စီဝရေန အစ္ဆာဒေဟီ’’တိ။ အထ ခေါ သော ဒူတော ယေနာယသ္မာ ဥပနန္ဒော သကျပုတ္တော တေနုပသင်္ကမိ၊ ဥပသင်္ကမိတွာ အာယသ္မန္တံ ဥပနန္ဒံ သကျပုတ္တံ ဧတဒဝေါစ – ‘‘ဣဒံ ခေါ, ဘန္တေ, အာယသ္မန္တံ ဥဒ္ဒိဿ စီဝရစေတာပန္နံ အာဘတံ။ ပဋိဂ္ဂဏှာတု အာယသ္မာ စီဝရစေတာပန္န’’န္တိ။ ဧဝံ ဝုတ္တေ <a name=""P3.0220""></a> အာယသ္မာ ဥပနန္ဒော သကျပုတ္တော တံ ဒူတံ ဧတဒဝေါစ – ‘‘န ခေါ မယံ, အာဝုသော, စီဝရစေတာပန္နံ ပဋိဂ္ဂဏှာမ, စီဝရဉ္စ ခေါ မယံ ပဋိဂ္ဂဏှာမ ကာလေန ကပ္ပိယ’’န္တိ။ ဧဝံ ဝုတ္တေ သော ဒူတော အာယသ္မန္တံ ဥပနန္ဒံ သကျပုတ္တံ ဧတဒဝေါစ – ‘‘အတ္ထိ ပနာယသ္မတော <a name=""V0.0334""></a> ကောစိ</p>
",-535-536-537-
324,mula_vi_01,324,"<p class=""noindentbodytext""> ဝေယျာဝစ္စကရော’’တိ<a name=""M0.0324""></a>? တေန ခေါ ပန သမယေန အညတရော ဥပါသကော အာရာမံ အဂမာသိ ကေနစိဒေဝ ကရဏီယေန။ အထ ခေါ အာယသ္မာ ဥပနန္ဒော သကျပုတ္တော တံ ဒူတံ ဧတဒဝေါစ – ‘‘ဧသော ခေါ, အာဝုသော, ဥပါသကော ဘိက္ခူနံ ဝေယျာဝစ္စကရော’’တိ။ အထ ခေါ သော ဒူတော တံ ဥပါသကံ သညာပေတွာ ယေနာယသ္မာ ဥပနန္ဒော သကျပုတ္တော တေနုပသင်္ကမိ<a name=""T2.0055""></a>၊ ဥပသင်္ကမိတွာ အာယသ္မန္တံ ဥပနန္ဒံ သကျပုတ္တံ ဧတဒဝေါစ – ‘‘ယံ ခေါ, ဘန္တေ, အာယသ္မာ ဝေယျာဝစ္စကရံ နိဒ္ဒိသိ သညတ္တော သော မယာ။ ဥပသင်္ကမတု အာယသ္မာ ကာလေန, စီဝရေန တံ အစ္ဆာဒေဿတီ’’တိ။</p>
<p class=""bodytext"">တေန ခေါ ပန သမယေန သော မဟာမတ္တော အာယသ္မတော ဥပနန္ဒဿ သကျပုတ္တဿ သန္တိကေ ဒူတံ ပါဟေသိ – ‘‘ပရိဘုဉ္ဇတု အယျော တံ စီဝရံ, ဣစ္ဆာမ မယံ အယျေန တံ စီဝရံ ပရိဘုတ္တ’’န္တိ။ အထ ခေါ အာယသ္မာ ဥပနန္ဒော သကျပုတ္တော တံ ဥပါသကံ န ကိဉ္စိ အဝစာသိ။ ဒုတိယမ္ပိ ခေါ သော မဟာမတ္တော အာယသ္မတော ဥပနန္ဒဿ သကျပုတ္တဿ သန္တိကေ ဒူတံ ပါဟေသိ – ‘‘ပရိဘုဉ္ဇတု အယျော တံ စီဝရံ, ဣစ္ဆာမ မယံ အယျေန တံ စီဝရံ ပရိဘုတ္တ’’န္တိ။ ဒုတိယမ္ပိ ခေါ အာယသ္မာ ဥပနန္ဒော သကျပုတ္တော တံ ဥပါသကံ န ကိဉ္စိ အဝစာသိ။ တတိယမ္ပိ ခေါ သော မဟာမတ္တော အာယသ္မတော ဥပနန္ဒဿ သကျပုတ္တဿ သန္တိကေ ဒူတံ ပါဟေသိ – ‘‘ပရိဘုဉ္ဇတု အယျော တံ စီဝရံ, ဣစ္ဆာမ မယံ အယျေန တံ စီဝရံ ပရိဘုတ္တ’’န္တိ။</p>
<p class=""bodytext"">တေန ခေါ ပန သမယေန နေဂမဿ သမယော ဟောတိ။ နေဂမေန စ ကတိကာ ကတာ ဟောတိ – ‘‘ယော ပစ္ဆာ အာဂစ္ဆတိ ပညာသံ ဗဒ္ဓေါ’’တိ။ အထ ခေါ အာယသ္မာ ဥပနန္ဒော သကျပုတ္တော ယေန သော ဥပါသကော တေနုပသင်္ကမိ၊ ဥပသင်္ကမိတွာ တံ ဥပါသကံ ဧတဒဝေါစ – ‘‘အတ္ထော မေ, အာဝုသော, စီဝရေနာ’’တိ။ ‘‘အဇ္ဇဏှော, ဘန္တေ<a name=""T2.0056""></a>, အာဂမေဟိ, အဇ္ဇ နေဂမဿ သမယော။ နေဂမေန စ ကတိကာ ကတာ ဟောတိ – ‘ယော ပစ္ဆာ အာဂစ္ဆတိ ပညာသံ ဗဒ္ဓေါ’’’တိ။ ‘‘အဇ္ဇေဝ မေ, အာဝုသော, စီဝရံ ဒေဟီ’’တိ ဩဝဋ္ဋိကာယ ပရာမသိ။ အထ ခေါ သော ဥပါသကော အာယသ္မတာ ဥပနန္ဒေန သကျပုတ္တေန နိပ္ပီဠိယမာနော အာယသ္မတော ဥပနန္ဒဿ သကျပုတ္တဿ စီဝရံ စေတာပေတွာ ပစ္ဆာ အဂမာသိ။ မနုဿာ တံ ဥပါသကံ ဧတဒဝေါစုံ – ‘‘ကိဿ တွံ, အယျော, ပစ္ဆာ အာဂတော, ပညာသံ ဇီနောသီ’’တိ။</p>
<p class=""bodytext"">အထ ခေါ သော ဥပါသကော တေသံ မနုဿာနံ ဧတမတ္ထံ အာရောစေသိ။ မနုဿာ ဥဇ္ဈာယန္တိ ခိယျန္တိ ဝိပါစေန္တိ – ‘‘မဟိစ္ဆာ ဣမေ သမဏာ သကျပုတ္တိယာ</p>
",
325,mula_vi_01,325,"<p class=""noindentbodytext""> အသန္တုဋ္ဌာ<a name=""M0.0325""></a>။ နယိမေသံ <a name=""P3.0221""></a> သုကရံ ဝေယျာဝစ္စမ္ပိ ကာတုံ။ ကထဉှိ နာမ အာယသ္မာ ဥပနန္ဒော ဥပါသကေန – ‘အဇ္ဇဏှော, ဘန္တေ, အာဂမေဟီ’တိ <a name=""V0.0335""></a> ဝုစ္စမာနော နာဂမေဿတီ’’တိ! အဿောသုံ ခေါ ဘိက္ခူ တေသံ မနုဿာနံ ဥဇ္ဈာယန္တာနံ ခိယျန္တာနံ ဝိပါစေန္တာနံ။ ယေ တေ ဘိက္ခူ အပ္ပိစ္ဆာ… တေ ဥဇ္ဈာယန္တိ ခိယျန္တိ ဝိပါစေန္တိ – ‘‘ကထဉှိ နာမ အာယသ္မာ ဥပနန္ဒော သကျပုတ္တော ဥပါသကေန – ‘အဇ္ဇဏှော, ဘန္တေ, အာဂမေဟီ’တိ ဝုစ္စမာနော နာဂမေဿတီ’’တိ! အထ ခေါ တေ ဘိက္ခူ အာယသ္မန္တံ ဥပနန္ဒံ သကျပုတ္တံ အနေကပရိယာယေန ဝိဂရဟိတွာ ဘဂဝတော ဧတမတ္ထံ အာရောစေသုံ…ပေ… ‘‘သစ္စံ ကိရ တွံ, ဥပနန္ဒ, ဥပါသကေန – ‘အဇ္ဇဏှော, ဘန္တေ, အာဂမေဟီ’တိ ဝုစ္စမာနော နာဂမေသီ’’တိ<a name=""T2.0057""></a>? ‘‘သစ္စံ, ဘဂဝါ’’တိ။ ဝိဂရဟိ ဗုဒ္ဓေါ ဘဂဝါ…ပေ… ကထဉှိ နာမ တွံ, မောဃပုရိသ, ဥပါသကေန – ‘အဇ္ဇဏှော, ဘန္တေ, အာဂမေဟီ’တိ ဝုစ္စမာနော နာဂမေဿသိ! နေတံ, မောဃပုရိသ, အပ္ပသန္နာနံ ဝါ ပသာဒါယ…ပေ… ဧဝဉ္စ ပန, ဘိက္ခဝေ, ဣမံ သိက္ခာပဒံ ဥဒ္ဒိသေယျာထ –</p>
<p class=""bodytext""><a name=""para538""></a><a name=""para538_vin1""></a><span class=""paranum"">၅၃၈</span>။ <span class=""bld"">‘‘ဘိက္ခုံ ပနေဝ ဥဒ္ဒိဿ ရာဇာ ဝါ ရာဇဘောဂ္ဂေါ ဝါ ဗြာဟ္မဏော ဝါ ဂဟပတိကော ဝါ ဒူတေန စီဝရစေတာပန္နံ ပဟိဏေယျ – ‘ဣမိနာ စီဝရစေတာပန္နေန စီဝရံ စေတာပေတွာ ဣတ္ထန္နာမံ ဘိက္ခုံ စီဝရေန အစ္ဆာဒေဟီ’တိ။ သော စေ ဒူတော တံ ဘိက္ခုံ ဥပသင်္ကမိတွာ ဧဝံ ဝဒေယျ – ‘ဣဒံ ခေါ, ဘန္တေ, အာယသ္မန္တံ ဥဒ္ဒိဿ စီဝရစေတာပန္နံ အာဘတံ, ပဋိဂ္ဂဏှာတု အာယသ္မာ စီဝရစေတာပန္န’န္တိ, တေန ဘိက္ခုနာ သော ဒူတော ဧဝမဿ ဝစနီယော – ‘န ခေါ မယံ, အာဝုသော, စီဝရစေတာပန္နံ ပဋိဂ္ဂဏှာမ။ စီဝရဉ္စ ခေါ မယံ ပဋိဂ္ဂဏှာမ, ကာလေန ကပ္ပိယ’န္တိ။ သော စေ ဒူတော တံ ဘိက္ခုံ ဧဝံ ဝဒေယျ – ‘အတ္ထိ ပနာယသ္မတော ကောစိ ဝေယျာဝစ္စကရော’တိ, စီဝရတ္ထိကေန, ဘိက္ခဝေ, ဘိက္ခုနာ ဝေယျာဝစ္စကရော နိဒ္ဒိသိတဗ္ဗော အာရာမိကော ဝါ ဥပါသကော ဝါ – ‘ဧသော ခေါ, အာဝုသော, ဘိက္ခူနံ ဝေယျာဝစ္စကရော’တိ။ သော စေ ဒူတော တံ ဝေယျာဝစ္စကရံ သညာပေတွာ တံ ဘိက္ခုံ ဥပသင်္ကမိတွာ ဧဝံ ဝဒေယျ – ‘ယံ ခေါ, ဘန္တေ, အာယသ္မာ ဝေယျာဝစ္စကရံ နိဒ္ဒိသိ သညတ္တော သော မယာ, ဥပသင်္ကမတု အာယသ္မာ ကာလေန, စီဝရေန တံ အစ္ဆာဒေဿတီ’တိ, စီဝရတ္ထိကေန, ဘိက္ခဝေ, ဘိက္ခုနာ ဝေယျာဝစ္စကရော ဥပသင်္ကမိတွာ ဒွတ္တိက္ခတ္တုံ စောဒေတဗ္ဗော သာရေတဗ္ဗော – ‘အတ္ထော မေ, အာဝုသော, စီဝရေနာ’တိ။ ဒွတ္တိက္ခတ္တုံ စောဒယမာနော သာရယမာနော တံ စီဝရံ အဘိနိပ္ဖါဒေယျ, ဣစ္စေတံ ကုသလံ၊ နော စေ အဘိနိပ္ဖါဒေယျ, <a name=""T2.0058""></p>
",-538-
326,mula_vi_01,326,"<p class=""noindentbodytext""></a>
</span><a name=""M0.0326""></a>
<span class=""bld"">စတုက္ခတ္တုံ ပဉ္စက္ခတ္တုံ ဆက္ခတ္တုပရမံ တုဏှီဘူတေန ဥဒ္ဒိဿ ဌာတဗ္ဗံ။ စတုက္ခတ္တုံ ပဉ္စက္ခတ္တုံ ဆက္ခတ္တုပရမံ တုဏှီဘူတော ဥဒ္ဒိဿ တိဋ္ဌမာနော</span> <a name=""P3.0222""></a><span class=""bld""> တံ စီဝရံ အဘိနိပ္ဖါဒေယျ, ဣစ္စေတံ ကုသလံ၊ တတော စေ ဥတ္တရိ</span> <span class=""bld"">ဝါယမမာနော တံ စီဝရ အဘိနိပ္ဖါဒေယျ, နိဿဂ္ဂိယံ ပါစိတ္တိယံ။ နော စေ အဘိနိပ္ဖါဒေယျ, ယတဿ စီဝရစေတာပန္နံ အာဘတံ, တတ္ထ သာမံ ဝါ ဂန္တဗ္ဗံ ဒူတော ဝါ ပါဟေတဗ္ဗော – ‘ယံ ခေါ တုမှေ အာယသ္မန္တော ဘိက္ခုံ <a name=""V0.0336""></a> ဥဒ္ဒိဿ စီဝရစေတာပန္နံ ပဟိဏိတ္ထ, န တံ တဿ ဘိက္ခုနော ကိဉ္စိ အတ္ထံ အနုဘောတိ, ယုဉ္ဇန္တာယသ္မန္တော သကံ, မာ ဝေါ သကံ ဝိနဿာ’တိ, အယံ တတ္ထ သာမီစီ’’</span>တိ။</p>
<p class=""bodytext""><a name=""para539""></a><a name=""para539_vin1""></a><span class=""paranum"">၅၃၉</span>။ <span class=""bld"">ဘိက္ခုံ ပနေဝ ဥဒ္ဒိဿာ</span>တိ ဘိက္ခုဿတ္ထာယ, ဘိက္ခုံ အာရမ္မဏံ ကရိတွာ<a name=""T2.0059""></a>, ဘိက္ခုံ အစ္ဆာဒေတုကာမော။</p>
<p class=""bodytext""><span class=""bld"">ရာဇာ</span> နာမ ယော ကောစိ ရဇ္ဇံ ကာရေတိ။</p>
<p class=""bodytext""><span class=""bld"">ရာဇဘောဂ္ဂေါ</span> နာမ ယော ကောစိ ရညော ဘတ္တဝေတနာဟာရော။</p>
<p class=""bodytext""><span class=""bld"">ဗြာဟ္မဏော</span> နာမ ဇာတိယာ ဗြာဟ္မဏော။</p>
<p class=""bodytext""><span class=""bld"">ဂဟပတိကော</span> နာမ ဌပေတွာ ရာဇံ ရာဇဘောဂ္ဂံ ဗြာဟ္မဏံ အဝသေသော ဂဟပတိကော နာမ။</p>
<p class=""bodytext""><span class=""bld"">စီဝရစေတာပန္နံ</span> နာမ ဟိရညံ ဝါ သုဝဏ္ဏံ ဝါ မုတ္တာ ဝါ မဏိ ဝါ။</p>
<p class=""bodytext""><span class=""bld"">ဣမိနာ စီဝရစေတာပန္နေနာ</span>တိ ပစ္စုပဋ္ဌိတေန။</p>
<p class=""bodytext""><span class=""bld"">စေတာပေတွာ</span>တိ ပရိဝတ္တေတွာ။</p>
<p class=""bodytext""><span class=""bld"">အစ္ဆာဒေဟီ</span>တိ ဒဇ္ဇေဟိ။</p>
<p class=""bodytext"">သော စေ ဒူတော တံ ဘိက္ခုံ ဥပသင်္ကမိတွာ ဧဝံ ဝဒေယျ – ‘‘ဣဒံ ခေါ, ဘန္တေ, အာယသ္မန္တံ ဥဒ္ဒိဿ စီဝရစေတာပန္နံ အာဘတံ။ ပဋိဂ္ဂဏှာတု အာယသ္မာ စီဝရစေတာပန္န’’န္တိ, တေန ဘိက္ခုနာ သော ဒူတော ဧဝမဿ ဝစနီယော – ‘‘န ခေါ မယံ, အာဝုသော, စီဝရစေတာပန္နံ ပဋိဂ္ဂဏှာမ။ စီဝရဉ္စ ခေါ မယံ ပဋိဂ္ဂဏှာမ, ကာလေန ကပ္ပိယ’’န္တိ။ သော စေ ဒူတော တံ ဘိက္ခုံ ဧဝံ ဝဒေယျ – ‘‘အတ္ထိ ပနာယသ္မတော ကောစိ ဝေယျာဝစ္စကရော’’တိ? စီဝရတ္ထိကေန, ဘိက္ခဝေ, ဘိက္ခုနာ ဝေယျာဝစ္စကရော နိဒ္ဒိသိတဗ္ဗော အာရာမိကော ဝါ ဥပါသကော ဝါ – ‘‘ဧသော ခေါ, အာဝုသော<a name=""V0.0337""></a>, ဘိက္ခူနံ ဝေယျာဝစ္စကရော’’တိ။ န ဝတ္တဗ္ဗော – ‘‘တဿ ဒေဟီတိ ဝါ, သော ဝါ နိက္ခိပိဿတိ, သော ဝါ ပရိဝတ္တေဿတိ, သော ဝါ စေတာပေဿတီ’’တိ။</p>
",-539-
327,mula_vi_01,327,"<p class=""bodytext"">သော <a name=""M0.0327""></a> စေ ဒူတော တံ ဝေယျာဝစ္စကရံ <a name=""T2.0060""></a> သညာပေတွာ တံ ဘိက္ခုံ ဥပသင်္ကမိတွာ ဧဝံ ဝဒေယျ – ‘‘ယံ ခေါ, ဘန္တေ, အာယသ္မာ ဝေယျာဝစ္စကရံ နိဒ္ဒိသိ သညတ္တော သော မယာ။ ဥပသင်္ကမတု အာယသ္မာ ကာလေန, စီဝရေန တံ အစ္ဆာဒေဿတီ’’တိ, စီဝရတ္ထိကေန, ဘိက္ခဝေ, ဘိက္ခုနာ ဝေယျာဝစ္စကရော ဥပသင်္ကမိတွာ ဒွတ္တိက္ခတ္တုံ စောဒေတဗ္ဗော သာရေတဗ္ဗော – ‘‘အတ္ထော မေ, အာဝုသော, စီဝရေနာ’’တိ။ န ဝတ္တဗ္ဗော – ‘‘ဒေဟိ မေ စီဝရံ, အာဟရ မေ စီဝရံ, ပရိဝတ္တေဟိ မေ စီဝရံ, စေတာပေဟိ မေ စီဝရ’’န္တိ။ ဒုတိယမ္ပိ ဝတ္တဗ္ဗော။ တတိယမ္ပိ ဝတ္တဗ္ဗော။ သစေ အဘိနိပ္ဖါဒေတိ, ဣစ္စေတံ ကုသလံ၊ နော စေ အဘိနိပ္ဖါဒေတိ, တတ္ထ ဂန္တွာ တုဏှီဘူတေန ဥဒ္ဒိဿ ဌာတဗ္ဗံ။ န အာသနေ နိသီဒိတဗ္ဗံ။ န အာမိသံ ပဋိဂ္ဂဟေတဗ္ဗံ။ န ဓမ္မော ဘာသိတဗ္ဗော။ ‘‘ကိံ ကာရဏာ အာဂတောသီ’’တိ ပုစ္ဆိယမာနော ‘‘ဇာနာဟိ, အာဝုသော’’တိ ဝတ္တဗ္ဗော။ သစေ အာသနေ ဝါ နိသီဒတိ<a name=""P3.0223""></a>, အာမိသံ ဝါ ပဋိဂ္ဂဏှာတိ, ဓမ္မံ ဝါ ဘာသတိ, ဌာနံ ဘဉ္ဇတိ။ ဒုတိယမ္ပိ ဌာတဗ္ဗံ။ တတိယမ္ပိ ဌာတဗ္ဗံ။ စတုက္ခတ္တုံ စောဒေတွာ စတုက္ခတ္တုံ ဌာတဗ္ဗံ။ ပဉ္စက္ခတုံ စောဒေတွာ ဒွိက္ခတ္တုံ ဌာတဗ္ဗံ။ ဆက္ခတ္တုံ စောဒေတွာ န ဌာတဗ္ဗံ။ တတော စေ ဥတ္တရိ ဝါယမမာနော တံ စီဝရံ အဘိနိပ္ဖါဒေတိ, ပယောဂေ ဒုက္ကဋံ။ ပဋိလာဘေန နိဿဂ္ဂိယံ ဟောတိ။ နိဿဇ္ဇိတဗ္ဗံ သံဃဿ ဝါ ဂဏဿ ဝါ ပုဂ္ဂလဿ ဝါ။ ဧဝဉ္စ ပန, ဘိက္ခဝေ, နိဿဇ္ဇိတဗ္ဗံ…ပေ… ဣဒံ မေ<a name=""T2.0061""></a>, ဘန္တေ, စီဝရံ အတိရေကတိက္ခတ္တုံ စောဒနာယ အတိရေကဆက္ခတ္တုံ ဌာနေန အဘိနိပ္ဖါဒိတံ နိဿဂ္ဂိယံ။ ဣမာဟံ သံဃဿ နိဿဇ္ဇာမီတိ…ပေ… ဒဒေယျာတိ…ပေ… ဒဒေယျုန္တိ…ပေ… အာယသ္မတော ဒမ္မီတိ။</p>
<p class=""bodytext"">နော စေ အဘိနိပ္ဖါဒေယျ, ယတဿ စီဝရစေတာပန္နံ အာဘတံ တတ္ထ သာမံ ဝါ ဂန္တဗ္ဗံ ဒူတော ဝါ ပါဟေတဗ္ဗော – ‘‘ယံ ခေါ တုမှေ အာယသ္မန္တော ဘိက္ခုံ ဥဒ္ဒိဿ စီဝရစေတာပန္နံ ပဟိဏိတ္ထ န တံ တဿ ဘိက္ခုနော ကိဉ္စိ အတ္ထံ အနုဘောတိ။ ယုဉ္ဇန္တာယသ္မန္တော သကံ, မာ ဝေါ သကံ ဝိနဿာ’’တိ။</p>
<p class=""bodytext""><span class=""bld"">အယံ တတ္ထ သာမီစီ</span>တိ အယံ တတ္ထ အနုဓမ္မတာ။</p>
<p class=""bodytext""><a name=""para540""></a><a name=""para540_vin1""></a><span class=""paranum"">၅၄၀</span>။ အတိရေကတိက္ခတ္တုံ စောဒနာယ အတိရေကဆက္ခတ္တုံ ဌာနေန အတိရေကသညီ အဘိနိပ္ဖါဒေတိ, နိဿဂ္ဂိယံ ပါစိတ္တိယံ။ အတိရေကတိက္ခတ္တုံ စောဒနာယ အတိရေကဆက္ခတ္တုံ ဌာနေန ဝေမတိကော <a name=""V0.0338""></a> အဘိနိပ္ဖါဒေတိ, နိဿဂ္ဂိယံ ပါစိတ္တိယံ။ အတိရေကတိက္ခတ္တုံ စောဒနာယ အတိရေကဆက္ခတ္တုံ ဌာနေန ဦနကသညီ အဘိနိပ္ဖါဒေတိ, နိဿဂ္ဂိယံ ပါစိတ္တိယံ။</p>
",-540-
328,mula_vi_01,328,"<p class=""bodytext"">ဦနကတိက္ခတ္တုံ <a name=""M0.0328""></a> စောဒနာယ ဦနကဆက္ခတ္တုံ ဌာနေန အတိရေကသညီ, အာပတ္တိ ဒုက္ကဋဿ။ ဦနကတိက္ခတ္တုံ စောဒနာယ ဦနကဆက္ခတ္တုံ ဌာနေန ဝေမတိကော, အာပတ္တိ ဒုက္ကဋဿ။ ဦနကတိက္ခတ္တုံ စောဒနာယ ဦနကဆက္ခတ္တုံ ဌာနေန ဦနကသညီ အနာပတ္တိ။</p>
<p class=""bodytext""><a name=""para541""></a><a name=""para541_vin1""></a><span class=""paranum"">၅၄၁</span>။ အနာပတ္တိ – တိက္ခတ္တုံ စောဒနာယ, ဆက္ခတ္တုံ ဌာနေန, ဦနကတိက္ခတ္တုံ စောဒနာယ, ဦနကဆက္ခတ္တုံ ဌာနေန, အစောဒိယမာနော ဒေတိ, သာမိကာ <a name=""T2.0062""></a> စောဒေတွာ ဒေန္တိ, ဥမ္မတ္တကဿ, အာဒိကမ္မိကဿာတိ။</p>
<p class=""centered"">ရာဇသိက္ခာပဒံ နိဋ္ဌိတံ ဒသမံ။</p>
<p class=""centered"">ကထိနဝဂ္ဂေါ ပဌမော။</p>
<p class=""centered"">တဿုဒ္ဒါနံ –</p>
<p class=""gatha1"">ဥဗ္ဘတံ ကထိနံ တီဏိ, ဓောဝနဉ္စ ပဋိဂ္ဂဟော၊</p>
<p class=""gathalast"">အညာတကာနိ တီဏေဝ, ဥဘိန္နံ ဒူတကေန စာတိ။</p>
<p class=""title"">၂။ ကောသိယဝဂ္ဂေါ</p>စ?
<p class=""title"">၁။ ကောသိယသိက္ခာပဒံ</p>စ?
<p class=""bodytext""><a name=""para542""></a><a name=""para542_vin1""></a><span class=""paranum"">၅၄၂</span>။ တေန <a name=""T2.0063""></a><a name=""P3.0224""></a><a name=""V0.0339""></a> သမယေန ဗုဒ္ဓေါ ဘဂဝါ အာဠဝိယံ ဝိဟရတိ အဂ္ဂါဠဝေ စေတိယေ။ တေန ခေါ ပန သမယေန ဆဗ္ဗဂ္ဂိယာ ဘိက္ခူ ကောသိယကာရကေ ဥပသင်္ကမိတွာ ဧဝံ ဝဒန္တိ – ‘‘ဗဟူ, အာဝုသော, ကောသကာရကေ ပစထ, အမှာကမ္ပိ ဒဿထ, မယမ္ပိ ဣစ္ဆာမ ကောသိယမိဿကံ သန္ထတံ ကာတု’’န္တိ။ တေ ဥဇ္ဈာယန္တိ ခိယျန္တိ ဝိပါစေန္တိ – ‘‘ကထဉှိ နာမ သမဏာ သကျပုတ္တိယာ အမှေ ဥပသင်္ကမိတွာ ဧဝံ ဝက္ခန္တိ – ‘ဗဟူ, အာဝုသော, ကောသကာရကေ ပစထ, အမှာကမ္ပိ ဒဿထ, မယမ္ပိ ဣစ္ဆာမ ကောသိယမိဿကံ သန္ထတံ ကာတု’န္တိ! အမှာကမ္ပိ အလာဘာ, အမှာကမ္ပိ ဒုလ္လဒ္ဓံ, ယေ မယံ အာဇီဝဿ ဟေတု ပုတ္တဒါရဿ ကာရဏာ ဗဟူ ခုဒ္ဒကေ ပါဏေ သံဃာတံ အာပါဒေမာ’’တိ။ အဿောသုံ ခေါ ဘိက္ခူ တေသံ မနုဿာနံ ဥဇ္ဈာယန္တာနံ ခိယျန္တာနံ ဝိပါစေန္တာနံ။ ယေ တေ ဘိက္ခူ အပ္ပိစ္ဆာ…ပေ… တေ ဥဇ္ဈာယန္တိ ခိယျန္တိ ဝိပါစေန္တိ – ‘‘ကထဉှိ နာမ ဆဗ္ဗဂ္ဂိယာ ဘိက္ခူ ကောသိယကာရကေ ဥပသင်္ကမိတွာ ဧဝံ ဝက္ခန္တိ – ‘ဗဟူ, အာဝုသော, ကောသကာရကေ ပစထ, အမှာကမ္ပိ ဒဿထ, မယမ္ပိ ဣစ္ဆာမ ကောသိယ-</p>
",-541-542-
329,mula_vi_01,329,"<p class=""noindentbodytext""> မိဿကံ<a name=""M0.0329""></a> သန္ထတံ ကာတု’’’န္တိ! အထ ခေါ တေ ဘိက္ခူ ဆဗ္ဗဂ္ဂိယေ ဘိက္ခူ အနေကပရိယာယေန ဝိဂရဟိတွာ ဘဂဝတော ဧတမတ္ထံ အာရောစေသုံ…ပေ… ‘‘သစ္စံ ကိရ တုမှေ, ဘိက္ခဝေ, ကောသိယကာရကေ ဥပသင်္ကမိတွာ ဧဝံ ဝဒေထ – ‘ဗဟူ, အာဝုသော, ကောသကာရကေ ပစထ, အမှာကမ္ပိ ဒဿထ, မယမ္ပိ ဣစ္ဆာမ ကောသိယမိဿကံ သန္ထတံ <a name=""T2.0064""></a> ကာတု’’’န္တိ? ‘‘သစ္စံ, ဘဂဝါ’’တိ။ ဝိဂရဟိ ဗုဒ္ဓေါ ဘဂဝါ…ပေ… ကထဉှိ နာမ တုမှေ, မောဃပုရိသာ, ကောသိယကာရကေ ဥပသင်္ကမိတွာ ဧဝံ ဝက္ခထ – ဗဟူ, အာဝုသော, ကောသကာရကေ ပစထ, အမှာကမ္ပိ ဒဿထ, မယမ္ပိ ဣစ္ဆာမ ကောသိယမိဿကံ သန္ထတံ ကာတုန္တိ။ နေတံ<a name=""V0.0340""></a>, မောဃပုရိသာ, အပ္ပသန္နာနံ ဝါ ပသာဒါယ…ပေ… ဧဝဉ္စ ပန, ဘိက္ခဝေ, ဣမံ သိက္ခာပဒံ ဥဒ္ဒိသေယျာထ –</p>
<p class=""bodytext""><a name=""para543""></a><a name=""para543_vin1""></a><span class=""paranum"">၅၄၃</span>။ <span class=""bld"">‘‘ယော ပန ဘိက္ခု ကောသိယမိဿကံ သန္ထတံ ကာရာပေယျ, နိဿဂ္ဂိယံ ပါစိတ္တိယ’’</span>န္တိ။</p>
<p class=""bodytext""><a name=""para544""></a><a name=""para544_vin1""></a><span class=""paranum"">၅၄၄</span>။ <span class=""bld"">ယော ပနာ</span>တိ ယော ယာဒိသော…ပေ… <span class=""bld"">ဘိက္ခူ</span>တိ…ပေ… အယံ ဣမသ္မိံ အတ္ထေ အဓိပ္ပေတော ဘိက္ခူတိ။</p>
<p class=""bodytext""><span class=""bld"">သန္ထတံ</span> နာမ သန္ထရိတွာ ကတံ ဟောတိ အဝါယိမံ။</p>
<p class=""bodytext""><span class=""bld"">ကာရာပေယျာ</span>တိ ဧကေနပိ ကောသိယံသုနာ မိဿိတွာ ကရောတိ ဝါ ကာရာပေတိ ဝါ, ပယောဂေ ဒုက္ကဋံ။ ပဋိလာဘေန နိဿဂ္ဂိယံ ဟောတိ။ နိဿဇ္ဇိတဗ္ဗံ သံဃဿ ဝါ ဂဏဿ ဝါ ပုဂ္ဂလဿ ဝါ။ ဧဝဉ္စ ပန, ဘိက္ခဝေ, နိဿဇ္ဇိတဗ္ဗ…ပေ… ဣဒံ မေ, ဘန္တေ, ကောသိယမိဿကံ သန္ထတံ ကာရာပိတံ နိဿဂ္ဂိယံ။ ဣမာဟံ သံဃဿ နိဿဇ္ဇာမီတိ…ပေ… ဒဒေယျာတိ…ပေ… ဒဒေယျုန္တိ…ပေ… အာယသ္မတော ဒမ္မီတိ။</p>
<p class=""bodytext""><a name=""para545""></a><a name=""para545_vin1""></a><span class=""paranum"">၅၄၅</span>။ အတ္တနာ <a name=""P3.0225""></a> ဝိပ္ပကတံ အတ္တနာ ပရိယောသာပေတိ, နိဿဂ္ဂိယံ ပါစိတ္တိယံ။ အတ္တနာ ဝိပ္ပကတံ ပရေဟိ ပရိယောသာပေတိ, နိဿဂ္ဂိယံ ပါစိတ္တိယံ။ ပရေဟိ ဝိပ္ပကတံ အတ္တနာ ပရိယောသာပေတိ, နိဿဂ္ဂိယံ ပါစိတ္တိယံ။ ပရေဟိ ဝိပ္ပကတံ ပရေဟိ ပရိယောသာပေတိ, နိဿဂ္ဂိယံ ပါစိတ္တိယံ။</p>
<p class=""bodytext"">အညဿတ္ထာယ ကရောတိ ဝါ ကာရာပေတိ ဝါ, အာပတ္တိ ဒုက္ကဋဿ<a name=""T2.0065""></a>။ အညေန ကတံ ပဋိလဘိတွာ ပရိဘုဉ္ဇတိ, အာပတ္တိ ဒုက္ကဋဿ။</p>
",-543-544-545-
330,mula_vi_01,330,"<p class=""bodytext""><a name=""para546""></a><a name=""para546_vin1""></a><span class=""paranum"">၅၄၆</span>။ အနာပတ္တိ <a name=""M0.0330""></a> ဝိတာနံ ဝါ ဘူမတ္ထရဏံ ဝါ သာဏိပါကာရံ ဝါ ဘိသိံ ဝါ ဗိဗ္ဗောဟနံ ဝါ ကရောတိ, ဥမ္မတ္တကဿ, အာဒိကမ္မိကဿာတိ။</p>
<p class=""centered"">ကောသိယသိက္ခာပဒံ နိဋ္ဌိတံ ပဌမံ။</p>
<p class=""title"">၂။ သုဒ္ဓကာဠကသိက္ခာပဒံ</p>
<p class=""bodytext""><a name=""para547""></a><a name=""para547_vin1""></a><span class=""paranum"">၅၄၇</span>။ တေန <a name=""T2.0066""></a><a name=""V0.0341""></a> သမယေန ဗုဒ္ဓေါ ဘဂဝါ ဝေသာလိယံ ဝိဟရတိ မဟာဝနေ ကူဋာဂါရသာလာယံ။ တေန ခေါ ပန သမယေန ဆဗ္ဗဂ္ဂိယာ ဘိက္ခူ သုဒ္ဓကာဠကာနံ ဧဠကလောမာနံ သန္ထတံ ကာရာပေန္တိ။ မနုဿာ ဝိဟာရစာရိကံ အာဟိဏ္ဍန္တာ ပဿိတွာ ဥဇ္ဈာယန္တိ ခိယျန္တိ ဝိပါစေန္တိ – ‘‘ကထဉှိ နာမ သမဏာ သကျပုတ္တိယာ သုဒ္ဓကာဠကာနံ ဧဠကလောမာနံ သန္ထတံ ကာရာပေဿန္တိ, သေယျထာပိ ဂိဟီ ကာမဘောဂိနော’’တိ! အဿောသုံ ခေါ ဘိက္ခူ တေသံ မနုဿာနံ ဥဇ္ဈာယန္တာနံ ခိယျန္တာနံ ဝိပါစေန္တာနံ။ ယေ တေ ဘိက္ခူ အပ္ပိစ္ဆာ…ပေ… တေ ဥဇ္ဈာယန္တိ ခိယျန္တိ ဝိပါစေန္တိ – ‘‘ကထဉှိ နာမ ဆဗ္ဗဂ္ဂိယာ ဘိက္ခူ သုဒ္ဓကာဠကာနံ ဧဠကလောမာနံ သန္ထတံ ကာရာပေဿန္တီ’’တိ! အထ ခေါ တေ ဘိက္ခူ ဆဗ္ဗဂ္ဂိယေ ဘိက္ခူ အနေကပရိယာယေန ဝိဂရဟိတွာ ဘဂဝတော ဧတမတ္ထံ အာရောစေသုံ…ပေ… ‘‘သစ္စံ ကိရ တုမှေ, ဘိက္ခဝေ, သုဒ္ဓကာဠကာနံ ဧဠကလောမာနံ သန္ထတံ ကာရာပေထာ’’တိ? ‘‘သစ္စံ, ဘဂဝါ’’တိ။ ဝိဂရဟိ ဗုဒ္ဓေါ ဘဂဝါ…ပေ… ကထဉှိ နာမ တုမှေ, မောဃပုရိသာ, သုဒ္ဓကာဠကာနံ ဧဠကလောမာနံ သန္ထတံ ကာရာပေဿထ! နေတံ, မောဃပုရိသာ, အပ္ပသန္နာနံ ဝါ ပသာဒါယ…ပေ… ဧဝဉ္စ ပန, ဘိက္ခဝေ, ဣမံ သိက္ခာပဒံ ဥဒ္ဒိသေယျာထ –</p>
<p class=""bodytext""><a name=""para548""></a><a name=""para548_vin1""></a><span class=""paranum"">၅၄၈</span>။ <span class=""bld"">‘‘ယော ပန ဘိက္ခု သုဒ္ဓကာဠကာနံ ဧဠကလောမာနံ သန္ထတံ ကာရာပေယျ, နိဿဂ္ဂိယံ ပါစိတ္တိယ’’</span>န္တိ။</p>
<p class=""bodytext""><a name=""para549""></a><a name=""para549_vin1""></a><span class=""paranum"">၅၄၉</span>။ <span class=""bld"">ယော ပနာ</span>တိ ယော ယာဒိသော…ပေ… <span class=""bld"">ဘိက္ခူ</span>တိ…ပေ… အယံ ဣမသ္မိံ <a name=""T2.0067""></a> အတ္ထေ အဓိပ္ပေတော ဘိက္ခူတိ။</p>
<p class=""bodytext""><span class=""bld"">ကာဠကံ</span> နာမ ဒွေ ကာဠကာနိ – ဇာတိယာ ကာဠကံ ဝါ ရဇနကာဠကံ ဝါ။</p>
<p class=""bodytext""><span class=""bld"">သန္ထတံ</span> နာမ သန္ထရိတွာ ကတံ ဟောတိ အဝါယိမံ။</p>
<p class=""bodytext""><span class=""bld"">ကာရာပေယျာ</span>တိ <a name=""P3.0226""></a> ကရောတိ ဝါ ကာရာပေတိ ဝါ, ပယောဂေ ဒုက္ကဋံ။ ပဋိလာဘေန နိဿဂ္ဂိယံ ဟောတိ။ နိဿဇ္ဇိတဗ္ဗံ သံဃဿ ဝါ ဂဏဿ ဝါ</p>
",-546-547-548-549-
331,mula_vi_01,331,"<p class=""noindentbodytext""> ပုဂ္ဂလဿ<a name=""M0.0331""></a> ဝါ။ ဧဝဉ္စ ပန, ဘိက္ခဝေ, နိဿဇ္ဇိတဗ္ဗံ <a name=""V0.0342""></a> …ပေ… ဣဒံ မေ, ဘန္တေ, သုဒ္ဓကာဠကာနံ ဧဠကလောမာနံ သန္ထတံ ကာရာပိတံ နိဿဂ္ဂိယံ။ ဣမာဟံ သံဃဿ နိဿဇ္ဇာမီတိ…ပေ… ဒဒေယျာတိ…ပေ… ဒဒေယျုန္တိ…ပေ… အာယသ္မတော ဒမ္မီတိ။</p>
<p class=""bodytext""><a name=""para550""></a><a name=""para550_vin1""></a><span class=""paranum"">၅၅၀</span>။ အတ္တနာ ဝိပ္ပကတံ အတ္တနာ ပရိယောသာပေတိ, နိဿဂ္ဂိယံ ပါစိတ္တိယံ။ အတ္တနာ ဝိပ္ပကတံ ပရေဟိ ပရိယောသာပေတိ, နိဿဂ္ဂိယံ ပါစိတ္တိယံ။ ပရေဟိ ဝိပ္ပကတံ အတ္တနာ ပရိယောသာပေတိ, နိဿဂ္ဂိယံ ပါစိတ္တိယံ။ ပရေဟိ ဝိပ္ပကတံ ပရေဟိ ပရိယောသာပေတိ, နိဿဂ္ဂိယံ ပါစိတ္တိယံ။</p>
<p class=""bodytext"">အညဿတ္ထာယ ကရောတိ ဝါ ကာရာပေတိ ဝါ, အာပတ္တိ ဒုက္ကဋဿ။ အညေန ကတံ ပဋိလဘိတွာ ပရိဘုဉ္ဇတိ, အာပတ္တိ ဒုက္ကဋဿ။</p>
<p class=""bodytext""><a name=""para551""></a><a name=""para551_vin1""></a><span class=""paranum"">၅၅၁</span>။ အနာပတ္တိ ဝိတာနံ ဝါ ဘူမတ္ထရဏံ ဝါ သာဏိပါကာရံ ဝါ ဘိသိံ ဝါ ဗိဗ္ဗောဟနံ ဝါ ကရောတိ, ဥမ္မတ္တကဿ, အာဒိကမ္မိကဿာတိ။</p>
<p class=""centered"">သုဒ္ဓကာဠကသိက္ခာပဒံ နိဋ္ဌိတံ ဒုတိယံ။</p>
<p class=""title"">၃။ ဒွေဘာဂသိက္ခာပဒံ</p>
<p class=""bodytext""><a name=""para552""></a><a name=""para552_vin1""></a><span class=""paranum"">၅၅၂</span>။ တေန <a name=""T2.0068""></a> သမယေန ဗုဒ္ဓေါ ဘဂဝါ သာဝတ္ထိယံ ဝိဟရတိ ဇေတဝနေ အနာထပိဏ္ဍိကဿ အာရာမေ။ တေန ခေါ ပန သမယေန ဆဗ္ဗဂ္ဂိယာ ဘိက္ခူ – ‘‘ဘဂဝတာ ပဋိက္ခိတ္တံ သုဒ္ဓကာဠကာနံ ဧဠကလောမာနံ သန္ထတံ ကာရာပေတု’’န္တိ, တေ ထောကံယေဝ ဩဒါတံ အန္တေ အာဒိယိတွာ တထေဝ သုဒ္ဓကာဠကာနံ ဧဠကလောမာနံ သန္ထတံ ကာရာပေန္တိ။ ယေ တေ ဘိက္ခူ အပ္ပိစ္ဆာ… တေ ဥဇ္ဈာယန္တိ ခိယျန္တိ ဝိပါစေန္တိ – ‘‘ကထဉှိ နာမ ဆဗ္ဗဂ္ဂိယာ ဘိက္ခူ ထောကံယေဝ ဩဒါတံ အန္တေ အာဒိယိတွာ တထေဝ သုဒ္ဓကာဠကာနံ ဧဠကလောမာနံ သန္ထတံ ကာရာပေဿန္တီ’’တိ! အထ ခေါ တေ ဘိက္ခူ ဆဗ္ဗဂ္ဂိယေ ဘိက္ခူ အနေကပရိယာယေန ဝိဂရဟိတွာ ဘဂဝတော ဧတမတ္ထံ အာရောစေသုံ…ပေ… ‘‘သစ္စံ ကိရ တုမှေ, ဘိက္ခဝေ, ထောကံယေဝ ဩဒါတံ အန္တေ အာဒိယိတွာ တထေဝ သုဒ္ဓကာဠကာနံ ဧဠကလောမာနံ သန္ထတံ ကာရာပေထာ’’တိ? ‘‘သစ္စံ, ဘဂဝါ’’တိ။ ဝိဂရဟိ ဗုဒ္ဓေါ ဘဂဝါ…ပေ… ကထဉှိ <a name=""V0.0343""></a> နာမ တုမှေ, မောဃပုရိသာ,</p>
",-550-551-552-
332,mula_vi_01,332,"<p class=""noindentbodytext""> ထောကံယေဝ<a name=""M0.0332""></a> ဩဒါတံ အန္တေ အာဒိယိတွာ တထေဝ သုဒ္ဓကာဠကာနံ ဧဠကလောမာနံ သန္ထတံ ကာရာပေဿထ! နေတံ, မောဃပုရိသာ, အပ္ပသန္နာနံ ဝါ ပသာဒါယ…ပေ… ဧဝဉ္စ ပန, ဘိက္ခဝေ, ဣမံ သိက္ခာပဒံ ဥဒ္ဒိသေယျာထ –</p>
<p class=""bodytext""><a name=""para553""></a><a name=""para553_vin1""></a><span class=""paranum"">၅၅၃</span>။ <span class=""bld"">‘‘နဝံ ပန ဘိက္ခုနာ သန္ထတံ ကာရယမာနေန ဒွေ ဘာဂါ သုဒ္ဓကာဠကာနံ ဧဠကလောမာနံ အာဒါတဗ္ဗာ တတိယံ ဩဒါတာနံ စတုတ္ထံ ဂေါစရိယာနံ<a name=""T2.0069""></a>။ အနာဒါ စေ ဘိက္ခု ဒွေ ဘာဂေ သုဒ္ဓကာဠကာနံ ဧဠကလောမာနံ တတိယံ ဩဒါတာနံ စတုတ္ထံ ဂေါစရိယာနံ နဝံ သန္ထတံ ကာရာပေယျ, နိဿဂ္ဂိယံ ပါစိတ္တိယ’’</span>န္တိ။</p>
<p class=""bodytext""><a name=""para554""></a><a name=""para554_vin1""></a><span class=""paranum"">၅၅၄</span>။ <span class=""bld"">နဝံ</span> နာမ ကရဏံ ဥပါဒါယ ဝုစ္စတိ။</p>
<p class=""bodytext""><span class=""bld"">သန္ထတံ</span> နာမ သန္ထရိတွာ ကတံ ဟောတိ အဝါယိမံ။</p>
<p class=""bodytext""><span class=""bld"">ကာရယမာနေနာ</span>တိ ကရောန္တော ဝါ ကာရာပေန္တော ဝါ။</p>
<p class=""bodytext""><span class=""bld"">ဒွေ ဘာဂါ သုဒ္ဓကာဠကာနံ ဧဠကလောမာနံ အာဒါတဗ္ဗာ</span>တိ ဓာရယိတွာ ဒွေ တုလာ အာဒါတဗ္ဗာ။</p>
<p class=""bodytext""><span class=""bld"">တတိယံ ဩဒါတာန</span>န္တိ တုလံ ဩဒါတာနံ။</p>
<p class=""bodytext""><span class=""bld"">စတုတ္ထံ ဂေါစရိယာန</span>န္တိ တုလံ ဂေါစရိယာနံ။</p>
<p class=""bodytext""><span class=""bld"">အနာဒါ</span> <a name=""P3.0227""></a> <span class=""bld"">စေ ဘိက္ခု ဒွေ ဘာဂေ သုဒ္ဓကာဠကာနံ ဧဠကလောမာနံ တတိယံ ဩဒါတာနံ စတုတ္ထံ ဂေါစရိယာန</span>န္တိ။ အနာဒိယိတွာ ဒွေ တုလေ သုဒ္ဓကာဠကာနံ ဧဠကလောမာနံ တုလံ ဩဒါတာနံ တုလံ ဂေါစရိယာနံ နဝံ သန္ထတံ ကရောတိ ဝါ ကာရာပေတိ ဝါ ပယောဂေ ဒုက္ကဋံ, ပဋိလာဘေန နိဿဂ္ဂိယံ ဟောတိ။ နိဿဇ္ဇိတဗ္ဗံ သံဃဿ ဝါ ဂဏဿ ဝါ ပုဂ္ဂလဿ ဝါ။ ဧဝဉ္စ ပန, ဘိက္ခဝေ, နိဿဇ္ဇိတဗ္ဗံ…ပေ… ဣဒံ မေ, ဘန္တေ, သန္ထတံ အနာဒိယိတွာ ဒွေ တုလေ သုဒ္ဓကာဠကာနံ ဧဠကလောမာနံ တုလံ ဩဒါတာနံ တုလံ ဂေါစရိယာနံ ကာရာပိတံ နိဿဂ္ဂိယံ။ ဣမာဟံ သံဃဿ နိဿဇ္ဇာမီတိ…ပေ… ဒဒေယျာတိ…ပေ… ဒဒေယျုန္တိ…ပေ… အာယသ္မတော ဒမ္မီတိ။</p>
<p class=""bodytext""><a name=""para555""></a><a name=""para555_vin1""></a><span class=""paranum"">၅၅၅</span>။ အတ္တနာ <a name=""V0.0344""></a> ဝိပ္ပကတံ အတ္တနာ ပရိယောသာပေတိ, နိဿဂ္ဂိယံ ပါစိတ္တိယံ။ အတ္တနာ ဝိပ္ပကတံ ပရေဟိ ပရိယောသာပေတိ, နိဿဂ္ဂိယံ ပါစိတ္တိယံ။ ပရေဟိ ဝိပ္ပကတံ အတ္တနာ ပရိယောသာပေတိ, နိဿဂ္ဂိယံ ပါစိတ္တိယံ<a name=""T2.0070""></a>။ ပရေဟိ ဝိပ္ပကတံ ပရေဟိ ပရိယောသာပေတိ, နိဿဂ္ဂိယံ ပါစိတ္တိယံ။</p>
",-553-554-555-
333,mula_vi_01,333,"<p class=""bodytext"">အညဿတ္ထာယ <a name=""M0.0333""></a> ကရောတိ ဝါ ကာရာပေတိ ဝါ, အာပတ္တိ ဒုက္ကဋဿ။ အညေန ကတံ ပဋိလဘိတွာ ပရိဘုဉ္ဇတိ, အာပတ္တိ ဒုက္ကဋဿ။</p>
<p class=""bodytext""><a name=""para556""></a><a name=""para556_vin1""></a><span class=""paranum"">၅၅၆</span>။ အနာပတ္တိ တုလံ ဩဒါတာနံ တုလံ ဂေါစရိယာနံ အာဒိယိတွာ ကရောတိ, ဗဟုတရံ ဩဒါတာနံ ဗဟုတရံ ဂေါစရိယာနံ အာဒိယိတွာ ကရောတိ, သုဒ္ဓံ ဩဒါတာနံ သုဒ္ဓံ ဂေါစရိယာနံ အာဒိယိတွာ ကရောတိ, ဝိတာနံ ဝါ ဘူမတ္ထရဏံ ဝါ သာဏိပါကာရံ ဝါ ဘိသိံ ဝါ ဗိဗ္ဗောဟနံ ဝါ ကရောတိ, ဥမ္မတ္တကဿ, အာဒိကမ္မိကဿာတိ။</p>
<p class=""centered"">ဒွေဘာဂသိက္ခာပဒံ နိဋ္ဌိတံ တတိယံ။</p>
<p class=""title"">၄။ ဆဗ္ဗဿသိက္ခာပဒံ</p>
<p class=""bodytext""><a name=""para557""></a><a name=""para557_vin1""></a><span class=""paranum"">၅၅၇</span>။ တေန <a name=""T2.0071""></a> သမယေန ဗုဒ္ဓေါ ဘဂဝါ သာဝတ္ထိယံ ဝိဟရတိ ဇေတဝနေ အနာထပိဏ္ဍိကဿ အာရာမေ။ တေန ခေါ ပန သမယေန ဘိက္ခူ အနုဝဿံ သန္ထတံ ကာရာပေန္တိ။ တေ ယာစနဗဟုလာ ဝိညတ္တိဗဟုလာ ဝိဟရန္တိ – ‘‘ဧဠကလောမာနိ ဒေထ။ ဧဠကလောမေဟိ အတ္ထော’’တိ။ မနုဿာ ဥဇ္ဈာယန္တိ ခိယျန္တိ ဝိပါစေန္တိ – ‘‘ကထဉှိ နာမ သမဏာ သကျပုတ္တိယာ အနုဝဿံ သန္ထတံ ကာရာပေဿန္တိ, ယာစနဗဟုလာ ဝိညတ္တိဗဟုလာ ဝိဟရိဿန္တိ – ‘ဧဠကလောမာနိ ဒေထ, ဧဠကလောမေဟိ အတ္ထော’’’တိ! အမှာကံ ပန သကိံ ကတာနိ သန္ထတာနိ ပဉ္စပိ ဆပိ ဝဿာနိ ဟောန္တိ, ယေသံ နော ဒါရကာ ဥဟဒန္တိပိ ဥမ္မိဟန္တိပိ ဥန္ဒူရေဟိပိ ခဇ္ဇန္တိ။ ဣမေ ပန သမဏာ သကျပုတ္တိယာ အနုဝဿံ သန္ထတံ ကာရာပေန္တိ, ယာစနဗဟုလာ ဝိညတ္တိဗဟုလာ ဝိဟရန္တိ – ‘‘ဧဠကလောမာနိ ဒေထ, ဧဠကလောမေဟိ အတ္ထော’’တိ!</p>
<p class=""bodytext"">အဿောသုံ ခေါ ဘိက္ခူ တေသံ မနုဿာနံ ဥဇ္ဈာယန္တာနံ ခိယျန္တာနံ ဝိပါစေန္တာနံ။ ယေ တေ ဘိက္ခူ <a name=""V0.0345""></a> အပ္ပိစ္ဆာ…ပေ… တေ ဥဇ္ဈာယန္တိ ခိယျန္တိ ဝိပါစေန္တိ – ‘‘ကထဉှိ နာမ ဘိက္ခူ အနုဝဿံ သန္ထတံ ကာရာပေဿန္တိ, ယာစနဗဟုလာ ဝိညတ္တိဗဟုလာ ဝိဟရိဿန္တိ – ‘ဧဠကလောမာနိ ဒေထ, ဧဠကလောမေဟိ အတ္ထော’’’တိ! အထ ခေါ တေ ဘိက္ခူ တေ အနေကပရိယာယေန ဝိဂရဟိတွာ ဘဂဝတော ဧတမတ္ထံ အာရောစေသုံ…ပေ… သစ္စံ <a name=""P3.0228""></a> ကိရ, ဘိက္ခဝေ, ဘိက္ခူ အနုဝဿံ သန္ထတံ ကာရာပေန္တိ, ယာစနဗဟုလာ ဝိညတ္တိဗဟုလာ ဝိဟရန္တိ – ‘ဧဠကလောမာနိ ဒေထ, ဧဠကလောမေဟိ <a name=""T2.0072""></a> အတ္ထော’တိ? ‘‘သစ္စံ, ဘဂဝါ’’တိ။ ဝိဂရဟိ</p>
",-556-557-
334,mula_vi_01,334,"<p class=""noindentbodytext""> ဗုဒ္ဓေါ<a name=""M0.0334""></a> ဘဂဝါ…ပေ… ကထဉှိ နာမ တေ, ဘိက္ခဝေ, မောဃပုရိသာ အနုဝဿံ သန္ထတံ ကာရာပေဿန္တိ, ယာစနဗဟုလာ ဝိညတ္တိဗဟုလာ ဝိဟရိဿန္တိ – ‘ဧဠကလောမာနိ ဒေထ, ဧဠကလောမေဟိ အတ္ထော’တိ! နေတံ, ဘိက္ခဝေ, အပ္ပသန္နာနံ ဝါ ပသာဒါယ…ပေ… ဧဝဉ္စ ပန, ဘိက္ခဝေ, ဣမံ သိက္ခာပဒံ ဥဒ္ဒိသေယျာထ –</p>
<p class=""bodytext""><a name=""para558""></a><a name=""para558_vin1""></a><span class=""paranum"">၅၅၈</span>။ <span class=""bld"">‘‘နဝံ ပန ဘိက္ခုနာ သန္ထတံ ကာရာပေတွာ ဆဗ္ဗဿာနိ ဓာရေတဗ္ဗံ။ ဩရေန စေ ဆန္နံ ဝဿာနံ တံ သန္ထတံ ဝိဿဇ္ဇေတွာ ဝါ အဝိဿဇ္ဇေတွာ ဝါ အညံ နဝံ သန္ထတံ ကာရာပေယျ, နိဿဂ္ဂိယံ ပါစိတ္တိယ’’</span>န္တိ။</p>
<p class=""bodytext"">ဧဝဉ္စိဒံ ဘဂဝတာ ဘိက္ခူနံ သိက္ခာပဒံ ပညတ္တံ ဟောတိ။</p>
<p class=""bodytext""><a name=""para559""></a><a name=""para559_vin1""></a><span class=""paranum"">၅၅၉</span>။ တေန ခေါ ပန သမယေန အညတရော ဘိက္ခု ကောသမ္ဗိယံ ဂိလာနော ဟောတိ။ ဉာတကာ တဿ ဘိက္ခုနော သန္တိကေ ဒူတံ ပါဟေသုံ – ‘‘အာဂစ္ဆတု, ဘဒန္တော မယံ ဥပဋ္ဌဟိဿာမာ’’တိ။ ဘိက္ခူပိ ဧဝမာဟံသု – ‘‘ဂစ္ဆာဝုသော, ဉာတကာ တံ ဥပဋ္ဌဟိဿန္တီ’’တိ။ သော ဧဝမာဟ – ‘‘ဘဂဝတာ, အာဝုသော, သိက္ခာပဒံ ပညတ္တံ – ‘နဝံ ပန ဘိက္ခုနာ သန္ထတံ ကာရာပေတွာ ဆဗ္ဗဿာနိ ဓာရေတဗ္ဗ’န္တိ။ အဟဉ္စမှိ ဂိလာနော, န သက္ကောမိ သန္ထတံ အာဒါယ ပက္ကမိတုံ။ မယှဉ္စ ဝိနာ သန္ထတာ န ဖာသု ဟောတိ။ နာဟံ ဂမိဿာမီ’’တိ။ ဘဂဝတော ဧတမတ္ထံ အာရောစေသုံ။ အထ ခေါ ဘဂဝါ ဧတသ္မိံ နိဒါနေ ဧတသ္မိံ ပကရဏေ ဓမ္မိံ ကထံ ကတွာ ဘိက္ခူ အာမန္တေသိ – ‘‘အနုဇာနာမိ, ဘိက္ခဝေ, ဂိလာနဿ ဘိက္ခုနော သန္ထတသမ္မုတိံ ဒါတုံ။ ဧဝဉ္စ ပန<a name=""T2.0073""></a>, ဘိက္ခဝေ, ဒါတဗ္ဗာ။ တေန ဂိလာနေန ဘိက္ခုနာ သံဃံ ဥပသင်္ကမိတွာ ဧကံသံ ဥတ္တရာသင်္ဂံ ကရိတွာ ဝုဍ္ဎာနံ ဘိက္ခူနံ ပါဒေ ဝန္ဒိတွာ ဥက္ကုဋိကံ နိသီဒိတွာ အဉ္ဇလိံ ပဂ္ဂဟေတွာ ဧဝမဿ ဝစနီယော – ‘အဟံ, ဘန္တေ, ဂိလာနော။ န သက္ကောမိ သန္ထတံ အာဒါယ ပက္ကမိတုံ။ သောဟံ, ဘန္တေ, သံဃံ သန္ထတသမ္မုတိံ ယာစာမီ’တိ။ ဒုတိယမ္ပိ ယာစိတဗ္ဗာ။ တတိယမ္ပိ ယာစိတဗ္ဗာ။ ဗျတ္တေန ဘိက္ခုနာ ပဋိဗလေန သံဃော ဉာပေတဗ္ဗော –</p>
<p class=""bodytext""><a name=""para560""></a><a name=""para560_vin1""></a><span class=""paranum"">၅၆၀</span>။ ‘‘သုဏာတု <a name=""V0.0346""></a> မေ, ဘန္တေ, သံဃော။ အယံ ဣတ္ထန္နာမော ဘိက္ခု ဂိလာနော။ န သက္ကောတိ သန္ထတံ အာဒါယ ပက္ကမိတုံ။ သော သံဃံ သန္ထတသမ္မုတိံ ယာစတိ။ ယဒိ သံဃဿ ပတ္တကလ္လံ, သံဃော ဣတ္ထန္နာမဿ ဘိက္ခုနော သန္ထတသမ္မုတိံ ဒဒေယျ။ ဧသာ ဉတ္တိ။</p>
",-558-559-560-
335,mula_vi_01,335,"<p class=""bodytext"">‘‘သုဏာတု <a name=""M0.0335""></a> မေ, ဘန္တေ, သံဃော<a name=""P3.0229""></a>။ အယံ ဣတ္ထန္နာမော ဘိက္ခု ဂိလာနော။ န သက္ကောတိ သန္ထတံ အာဒါယ ပက္ကမိတုံ။ သော သံဃံ သန္ထတသမ္မုတိံ ယာစတိ။ သံဃော ဣတ္ထန္နာမဿ ဘိက္ခုနော သန္ထတသမ္မုတိံ ဒေတိ။ ယဿာယသ္မတော ခမတိ ဣတ္ထန္နာမဿ ဘိက္ခုနော သန္ထတသမ္မုတိယာ ဒါနံ, သော တုဏှဿ၊ ယဿ နက္ခမတိ, သော ဘာသေယျ။</p>
<p class=""bodytext"">‘‘ဒိန္နာ သံဃေန ဣတ္ထန္နာမဿ ဘိက္ခုနော သန္ထတသမ္မုတိ။ ခမတိ သံဃဿ, တသ္မာ တုဏှီ, ဧဝမေတံ ဓာရယာမီ’’တိ။</p>
<p class=""bodytext"">ဧဝဉ္စ ပန, ဘိက္ခဝေ, ဣမံ သိက္ခာပဒံ ဥဒ္ဒိသေယျာထ –</p>
<p class=""bodytext""><a name=""para561""></a><a name=""para561_vin1""></a><span class=""paranum"">၅၆၁</span>။ <span class=""bld"">‘‘နဝံ ပန ဘိက္ခုနာ သန္ထတံ ကာရာပေတွာ ဆဗ္ဗဿာနိ ဓာရေတဗ္ဗံ။ ဩရေန စေ ဆန္နံ ဝဿာနံ တံ သန္ထတံ ဝိဿဇ္ဇေတွာ ဝါ အဝိဿဇ္ဇေတွာ ဝါ အညံ နဝံ သန္ထတံ ကာရာပေယျ, အညတြ ဘိက္ခုသမ္မုတိယာ<a name=""T2.0074""></a>, နိဿဂ္ဂိယံ ပါစိတ္တိယ’’</span>န္တိ။</p>
<p class=""bodytext""><a name=""para562""></a><a name=""para562_vin1""></a><span class=""paranum"">၅၆၂</span>။ <span class=""bld"">နဝံ</span> နာမ ကရဏံ ဥပါဒါယ ဝုစ္စတိ။</p>
<p class=""bodytext""><span class=""bld"">သန္ထတံ</span> နာမ သန္ထရိတွာ ကတံ ဟောတိ အဝါယိမံ။</p>
<p class=""bodytext""><span class=""bld"">ကာရာပေတွာ</span>တိ ကရိတွာ ဝါ ကာရာပေတွာ ဝါ။</p>
<p class=""bodytext""><span class=""bld"">ဆဗ္ဗဿာနိ ဓာရေတဗ္ဗ</span>န္တိ ဆဗ္ဗဿပရမတာ ဓာရေတဗ္ဗံ။</p>
<p class=""bodytext""><span class=""bld"">ဩရေန စေ ဆန္နံ ဝဿာန</span>န္တိ ဦနကဆဗ္ဗဿာနိ။</p>
<p class=""bodytext""><span class=""bld"">တံ သန္ထတံ ဝိဿဇ္ဇေတွာ</span>တိ အညေသံ ဒတွာ။</p>
<p class=""bodytext""><span class=""bld"">အဝိဿဇ္ဇေတွာ</span>တိ <a name=""V0.0347""></a> န ကဿစိ ဒတွာ။</p>
<p class=""bodytext""><span class=""bld"">အညတြ ဘိက္ခုသမ္မုတိယာ</span>တိ ဌပေတွာ ဘိက္ခုသမ္မုတိံ အညံ နဝံ သန္ထတံ ကရောတိ ဝါ ကာရာပေတိ ဝါ, ပယောဂေ ဒုက္ကဋံ။ ပဋိလာဘေန နိဿဂ္ဂိယံ ဟောတိ။ နိဿဇ္ဇိတဗ္ဗံ သံဃဿ ဝါ ဂဏဿ ဝါ ပုဂ္ဂလဿ ဝါ။ ဧဝဉ္စ ပန, ဘိက္ခဝေ, နိဿဇ္ဇိတဗ္ဗံ…ပေ… ဣဒံ မေ, ဘန္တေ, သန္ထတံ ဦနကဆဗ္ဗဿာနိ ကာရာပိတံ, အညတြ ဘိက္ခုသမ္မုတိယာ, နိဿဂ္ဂိယံ။ ဣမာဟံ သံဃဿ နိဿဇ္ဇာမီတိ…ပေ… ဒဒေယျာတိ…ပေ… ဒဒေယျုန္တိ…ပေ… အာယသ္မတော ဒမ္မီတိ။</p>
<p class=""bodytext""><a name=""para563""></a><a name=""para563_vin1""></a><span class=""paranum"">၅၆၃</span>။ အတ္တနာ ဝိပ္ပကတံ အတ္တနာ ပရိယောသာပေတိ, နိဿဂ္ဂိယံ ပါစိတ္တိယံ။ အတ္တနာ ဝိပ္ပကတံ ပရေဟိ ပရိယောသာပေတိ, နိဿဂ္ဂိယံ</p>
",-561-562-563-
336,mula_vi_01,336,"<p class=""noindentbodytext""> ပါစိတ္တိယံ<a name=""M0.0336""></a>။ ပရေဟိ ဝိပ္ပကတံ အတ္တနာ ပရိယောသာပေတိ, နိဿဂ္ဂိယံ ပါစိတ္တိယံ။ ပရေဟိ ဝိပ္ပကတံ ပရေဟိ ပရိယောသာပေတိ, နိဿဂ္ဂိယံ ပါစိတ္တိယံ။</p>
<p class=""bodytext""><a name=""para564""></a><a name=""para564_vin1""></a><span class=""paranum"">၅၆၄</span>။ အနာပတ္တိ ဆဗ္ဗဿာနိ ကရောတိ, အတိရေကဆဗ္ဗဿာနိ ကရောတိ, အညဿတ္ထာယ ကရောတိ ဝါ ကာရာပေတိ ဝါ, အညေန ကတံ ပဋိလဘိတွာ ပရိဘုဉ္ဇတိ<a name=""T2.0075""></a>, ဝိတာနံ ဝါ ဘူမတ္ထရဏံ ဝါ သာဏိပါကာရံ ဝါ ဘိသိံ ဝါ ဗိဗ္ဗောဟနံ ဝါ ကရောတိ, ဘိက္ခုသမ္မုတိယာ, ဥမ္မတ္တကဿ, အာဒိကမ္မိကဿာတိ။</p>
<p class=""centered"">ဆဗ္ဗဿသိက္ခာပဒံ နိဋ္ဌိတံ စတုတ္ထံ။</p>
<p class=""title"">၅။ နိသီဒနသန္ထတသိက္ခာပဒံ</p>
<p class=""bodytext""><a name=""para565""></a><a name=""para565_vin1""></a><span class=""paranum"">၅၆၅</span>။ တေန <a name=""T2.0076""></a><a name=""P3.0230""></a> သမယေန ဗုဒ္ဓေါ ဘဂဝါ သာဝတ္ထိယံ ဝိဟရတိ ဇေတဝနေ အနာထပိဏ္ဍိကဿ အာရာမေ။ အထ ခေါ ဘဂဝါ ဘိက္ခူ အာမန္တေသိ – ‘‘ဣစ္ဆာမဟံ, ဘိက္ခဝေ, တေမာသံ ပဋိသလ္လီယိတုံ။ နမှိ ကေနစိ ဥပသင်္ကမိတဗ္ဗော, အညတြ ဧကေန ပိဏ္ဍပါတနီဟာရကေနာ’’တိ။ ‘‘ဧဝံ, ဘန္တေ,’’တိ ခေါ တေ ဘိက္ခူ ဘဂဝတော ပဋိဿုဏိတွာ နာဿုဓ ကောစိ ဘဂဝန္တံ ဥပသင်္ကမတိ, အညတြ ဧကေန ပိဏ္ဍပါတနီဟာရကေန။ တေန ခေါ ပန သမယေန သာဝတ္ထိယာ သံဃေန ကတိကာ ကတာ ဟောတိ – ‘‘ဣစ္ဆတာဝုသော, ဘဂဝါ တေမာသံ ပဋိသလ္လီယိတုံ။ န ဘဂဝါ ကေနစိ ဥပသင်္ကမိတဗ္ဗော<a name=""V0.0348""></a>, အညတြ ဧကေန ပိဏ္ဍပါတနီဟာရကေန။ ယော ဘဂဝန္တံ ဥပသင်္ကမတိ သော ပါစိတ္တိယံ ဒေသာပေတဗ္ဗော’’တိ။ အထ ခေါ အာယသ္မာ ဥပသေနော ဝင်္ဂန္တပုတ္တော, သပရိသော ယေန ဘဂဝါ တေနုပသင်္ကမိ၊ ဥပသင်္ကမိတွာ ဘဂဝန္တံ အဘိဝါဒေတွာ ဧကမန္တံ နိသီဒိ။ အာစိဏ္ဏံ ခေါ ပနေတံ ဗုဒ္ဓါနံ ဘဂဝန္တာနံ အာဂန္တုကေဟိ ဘိက္ခူဟိ သဒ္ဓိံ ပဋိသမ္မောဒိတုံ။ အထ ခေါ ဘဂဝါ အာယသ္မန္တံ ဥပသေနံ ဝင်္ဂန္တပုတ္တံ ဧတဒဝေါစ – ‘‘ကစ္စိ ဝေါ, ဥပသေန, ခမနီယံ ကစ္စိ ယာပနီယံ, ကစ္စိတ္ထ အပ္ပကိလမထေန အဒ္ဓါနံ အာဂတာ’’တိ? ‘‘ခမနီယံ<a name=""T2.0077""></a>, ဘဂဝါ, ယာပနီယံ, ဘဂဝါ။ အပ္ပကိလမထေန စ မယံ, ဘန္တေ, အဒ္ဓါနံ အာဂတာ’’တိ။</p>
<p class=""bodytext"">တေန ခေါ ပန သမယေန အာယသ္မတော ဥပသေနဿ ဝင်္ဂန္တပုတ္တဿ သဒ္ဓိဝိဟာရိကော ဘိက္ခု ဘဂဝတော အဝိဒူရေ နိသိန္နော ဟောတိ။ အထ ခေါ</p>
",-564-565-
337,mula_vi_01,337,"<p class=""noindentbodytext""> ဘဂဝါ<a name=""M0.0337""></a> တံ ဘိက္ခုံ ဧတဒဝေါစ – ‘‘မနာပါနိ တေ, ဘိက္ခု, ပံသုကူလာနီ’’တိ? ‘‘န ခေါ မေ, ဘန္တေ, မနာပါနိ ပံသုကူလာနီ’’တိ။ ‘‘ကိဿ ပန တွံ, ဘိက္ခု, ပံသုကူလိကော’’တိ? ‘‘ဥပဇ္ဈာယော မေ, ဘန္တေ, ပံသုကူလိကော။ ဧဝံ အဟမ္ပိ ပံသုကူလိကော’’တိ။ အထ ခေါ ဘဂဝါ အာယသ္မန္တံ ဥပသေနံ ဝင်္ဂန္တပုတ္တံ ဧတဒဝေါစ – ‘‘ပါသာဒိကာ ခေါ တျာယံ, ဥပသေန, ပရိသာ။ ကထံ တွံ, ဥပသေန, ပရိသံ ဝိနေသီ’’တိ? ‘‘ယော မံ, ဘန္တေ, ဥပသမ္ပဒံ ယာစတိ တမဟံ <span class=""note"">[တာဟံ (က။)]</span> ဧဝံ ဝဒါမိ – ‘အဟံ ခေါ, အာဝုသော, အာရညိကော ပိဏ္ဍပါတိကော ပံသုကူလိကော။ သစေ တွမ္ပိ အာရညိကော ဘဝိဿသိ ပိဏ္ဍပါတိကော ပံသုကူလိကော, ဧဝါဟံ တံ ဥပသမ္ပာဒေဿာမီ’တိ။ သစေ မေ ပဋိဿုဏာတိ ဥပသမ္ပာဒေမိ, နော စေ မေ ပဋိဿုဏာတိ န ဥပသမ္ပာဒေမိ။ ယော <a name=""P3.0231""></a> မံ နိဿယံ ယာစတိ တမဟံ <span class=""note"">[တာဟံ (က။)]</span> ဧဝံ ဝဒါမိ – ‘အဟံ ခေါ, အာဝုသော, အာရညိကော ပိဏ္ဍပါတိကော ပံသုကူလိကော။ သစေ တွမ္ပိ အာရညိကော ဘဝိဿသိ ပိဏ္ဍပါတိကော ပံသုကူလိကော, ဧဝါဟံ တေ နိဿယံ ဒဿာမီ’တိ။ သစေ မေ ပဋိဿုဏာတိ နိဿယံ ဒေမိ, နော စေ မေ ပဋိဿုဏာတိ န နိဿယံ ဒေမိ။ ဧဝံ ခေါ အဟံ, ဘန္တေ, ပရိသံ ဝိနေမီ’’တိ။</p>
<p class=""bodytext"">‘‘သာဓု သာဓု, ဥပသေန။ သာဓု ခေါ တွံ, ဥပသေန, ပရိသံ ဝိနေသိ<a name=""T2.0078""></a>။ ဇာနာသိ ပန တွံ, ဥပသေန, သာဝတ္ထိယာ သံဃဿ ကတိက’’န္တိ? ‘‘န ခေါ အဟံ, ဘန္တေ, ဇာနာမိ သာဝတ္ထိယာ သံဃဿ ကတိက’’န္တိ။ ‘‘သာဝတ္ထိယာ ခေါ, ဥပသေန, သံဃေန ကတိကာ ကတာ – ‘ဣစ္ဆတာဝုသော, ဘဂဝါ တေမာသံ ပဋိသလ္လီယိတုံ။ န ဘဂဝါ ကေနစိ ဥပသင်္ကမိတဗ္ဗော, အညတြ ဧကေန ပိဏ္ဍပါတနီဟာရကေန။ ယော ဘဂဝန္တံ ဥပသင်္ကမတိ သော ပါစိတ္တိယံ ဒေသာပေတဗ္ဗော’တိ။ ‘‘ပညာယိဿတိ, ဘန္တေ, သာဝတ္ထိယာ သံဃော သကာယ ကတိကာယ, န မယံ အပညတ္တံ ပညပေဿာမ ပညတ္တံ ဝါ န သမုစ္ဆိန္ဒိဿာမ, ယထာပညတ္တေသု သိက္ခာပဒေသု သမာဒါယ ဝတ္တိဿာမာ’’တိ။ ‘‘သာဓု <a name=""V0.0349""></a> သာဓု, ဥပသေန, အပညတ္တံ န ပညပေတဗ္ဗံ, ပညတ္တံ ဝါ န သမုစ္ဆိန္ဒိတဗ္ဗံ, ယထာပညတ္တေသု သိက္ခာပဒေသု သမာဒါယ ဝတ္တိတဗ္ဗံ။ အနုဇာနာမိ, ဥပသေန, ယေ တေ ဘိက္ခူ အာရညိကာ ပိဏ္ဍပါတိကာ ပံသုကူလိကာ ယထာသုခံ မံ ဒဿနာယ ဥပသင်္ကမန္တူ’’တိ။</p>
<p class=""bodytext""><a name=""para566""></a><a name=""para566_vin1""></a><span class=""paranum"">၅၆၆</span>။ တေန ခေါ ပန သမယေန သမ္ဗဟုလာ ဘိက္ခူ ဗဟိဒွါရကောဋ္ဌကေ ဌိတာ ဟောန္တိ – ‘‘မယံ အာယသ္မန္တံ ဥပသေနံ ဝင်္ဂန္တပုတ္တံ ပါစိတ္တိယံ</p>
",-566-
338,mula_vi_01,338,"<p class=""noindentbodytext""> ဒေသာပေဿာမာ’’တိ<a name=""M0.0338""></a>။ အထ ခေါ အာယသ္မာ ဥပသေနော ဝင်္ဂန္တပုတ္တော သပရိသော ဥဋ္ဌာယာသနာ ဘဂဝန္တံ အဘိဝါဒေတွာ ပဒက္ခိဏံ ကတွာ ပက္ကာမိ။ အထ ခေါ တေ ဘိက္ခူ အာယသ္မန္တံ ဥပသေနံ ဝင်္ဂန္တပုတ္တံ ဧတဒဝေါစုံ – ‘‘ဇာနာသိ တွံ, အာဝုသော ဥပသေန, သာဝတ္ထိယာ သံဃဿ ကတိက’’န္တိ။ ‘‘ဘဂဝါပိ မံ, အာဝုသော, ဧဝမာဟ – ‘ဇာနာသိ ပန တွံ, ဥပသေန, သာဝတ္ထိယာ သံဃဿ <a name=""T2.0079""></a> ကတိက’န္တိ? န ခေါ အဟံ, ဘန္တေ, ဇာနာမိ သာဝတ္ထိယာ သံဃဿ ကတိက’’န္တိ။ ‘‘သာဝတ္ထိယာ ခေါ, ဥပသေန, သံဃေန ကတိကာ ကတာ – ဣစ္ဆတာဝုသော, ဘဂဝါ တေမာသံ ပဋိသလ္လီယိတုံ။ န ဘဂဝါ ကေနစိ ဥပသင်္ကမိတဗ္ဗော, အညတြ ဧကေန ပိဏ္ဍပါတနီဟာရကေန။ ယော ဘဂဝန္တံ ဥပသင်္ကမတိ သော ပါစိတ္တိယံ ဒေသာပေတဗ္ဗော’’တိ။ ‘‘ပညာယိဿတိ, ဘန္တေ, သာဝတ္ထိယာ သံဃော သကာယ ကတိကာယ, န မယံ အပညတ္တံ ပညပေဿာမ ပညတ္တံ ဝါ န သမုစ္ဆိန္ဒိဿာမ, ယထာပညတ္တေသု သိက္ခာပဒေသု သမာဒါယ ဝတ္တိဿာမာတိ။ အနုညာတာဝုသော, ဘဂဝတာ – ‘ယေ တေ ဘိက္ခူ အာရညိကာ ပိဏ္ဍပါတိကာ ပံသုကူလိကာ ယထာသုခံ မံ ဒဿနာယ ဥပသင်္ကမန္တူ’’’တိ။</p>
<p class=""bodytext"">အထ ခေါ တေ ဘိက္ခူ – ‘‘သစ္စံ ခေါ အာယသ္မာ ဥပသေနော အာဟ – ‘န အပညတ္တံ ပညပေတဗ္ဗံ, ပညတ္တံ ဝါ န သမုစ္ဆိန္ဒိတဗ္ဗံ, ယထာပညတ္တေသု သိက္ခာပဒေသု သမာဒါယ ဝတ္တိတဗ္ဗ’’’န္တိ။ အဿောသုံ ခေါ ဘိက္ခူ – ‘‘အနုညာတာ ကိရ ဘဂဝတာ – ‘ယေ တေ ဘိက္ခူ အာရညိကာ ပိဏ္ဍပါတိကာ ပံသုကူလိကာ ယထာသုခံ မံ ဒဿနာယ ဥပသင်္ကမန္တူ’’’တိ။ တေ ဘဂဝန္တံ ဒဿနံ ပိဟေန္တာ <span class=""note"">[ဒဿနာယ ပိဟယမာနာ (သျာ။)]</span> သန္ထတာနိ ဥဇ္ဈိတွာ အာရညိကင်္ဂံ ပိဏ္ဍပါတိကင်္ဂံ <a name=""P3.0232""></a> ပံသုကူလိကင်္ဂံ သမာဒိယိံသု။ အထ ခေါ ဘဂဝါ သမ္ဗဟုလေဟိ ဘိက္ခူဟိ သဒ္ဓိံ သေနာသနစာရိကံ အာဟိဏ္ဍန္တော အဒ္ဒသ သန္ထတာနိ တဟံ တဟံ ဥဇ္ဈိတာနိ။ ပဿိတွာ ဘိက္ခူ <a name=""T2.0080""></a> အာမန္တေသိ – ‘‘ကဿိမာနိ, ဘိက္ခဝေ, သန္ထတာနိ တဟံ တဟံ ဥဇ္ဈိတာနီ’’တိ? အထ ခေါ တေ ဘိက္ခူ ဘဂဝတော ဧတမတ္ထံ အာရောစေသုံ။ အထ ခေါ ဘဂဝါ ဧတသ္မိံ နိဒါနေ ဧတသ္မိံ ပကရဏေ ဓမ္မိံ ကထံ ကတွာ ဘိက္ခူ အာမန္တေသိ – ‘‘တေန ဟိ, ဘိက္ခဝေ, ဘိက္ခူနံ သိက္ခာပဒံ ပညပေဿာမိ ဒသ အတ္ထဝသေ ပဋိစ္စ <a name=""V0.0350""></a> – သံဃသုဋ္ဌုတာယ, သံဃဖာသုတာယ,…ပေ… ဧဝဉ္စ ပန, ဘိက္ခဝေ, ဣမံ သိက္ခာပဒံ ဥဒ္ဒိသေယျာထ –</p>
",
339,mula_vi_01,339,"<p class=""bodytext""><a name=""para567""></a><a name=""para567_vin1""></a><span class=""paranum"">၅၆၇</span>။ <span class=""bld"">‘‘နိသီဒနသန္ထတံ</span> <a name=""M0.0339""></a> <span class=""bld"">ပန ဘိက္ခုနာ ကာရယမာနေန ပုရာဏသန္ထတဿ သာမန္တာ သုဂတဝိဒတ္ထိ အာဒါတဗ္ဗာ ဒုဗ္ဗဏ္ဏကရဏာယ, အနာဒါ စေ ဘိက္ခု ပုရာဏသန္ထတဿ သာမန္တာ သုဂတဝိဒတ္ထိံ နဝံ နိသီဒနသန္ထတံ ကာရာပေယျ, နိဿဂ္ဂိယံ ပါစိတ္တိယ’’</span>န္တိ။</p>
<p class=""bodytext""><a name=""para568""></a><a name=""para568_vin1""></a><span class=""paranum"">၅၆၈</span>။ <span class=""bld"">နိသီဒနံ</span> နာမ သဒသံ ဝုစ္စတိ။</p>
<p class=""bodytext""><span class=""bld"">သန္ထတံ</span> နာမ သန္ထရိတွာ ကတံ ဟောတိ အဝါယိမံ။</p>
<p class=""bodytext""><span class=""bld"">ကာရယမာနေနာ</span>တိ ကရောန္တော ဝါ ကာရာပေန္တော ဝါ။</p>
<p class=""bodytext""><span class=""bld"">ပုရာဏသန္ထတံ</span> နာမ သကိံ နိဝတ္ထမ္ပိ သကိံ ပါရုတမ္ပိ။</p>
<p class=""bodytext""><span class=""bld"">သာမန္တာ သုဂတဝိဒတ္ထိ အာဒါတဗ္ဗာ ဒုဗ္ဗဏ္ဏကရဏာယာ</span>တိ ထိရဘာဝါယ ဝဋ္ဋံ ဝါ စတုရဿံ ဝါ ဆိန္ဒိတွာ ဧကဒေသေ ဝါ သန္ထရိတဗ္ဗံ ဝိဇဋေတွာ ဝါ သန္ထရိတဗ္ဗံ။</p>
<p class=""bodytext""><span class=""bld"">အနာဒါ စေ ဘိက္ခု ပုရာဏသန္ထတဿ သာမန္တာ သုဂတဝိဒတ္ထိ</span>န္တိ အနာဒိယိတွာ ပုရာဏသန္ထတဿ သာမန္တာ သုဂတဝိဒတ္ထိံ နဝံ <a name=""T2.0081""></a> နိသီဒနသန္ထတံ ကရောတိ ဝါ ကာရာပေတိ ဝါ, ပယောဂေ ဒုက္ကဋံ, ပဋိလာဘေန နိဿဂ္ဂိယံ ဟောတိ။ နိဿဇ္ဇိတဗ္ဗံ သံဃဿ ဝါ ဂဏဿ ဝါ ပုဂ္ဂလဿ ဝါ။ ဧဝဉ္စ ပန, ဘိက္ခဝေ, နိဿဇ္ဇိတဗ္ဗံ…ပေ… ဣဒံ မေ, ဘန္တေ, နိသီဒနသန္ထတံ အနာဒိယိတွာ ပုရာဏသန္ထတဿ သာမန္တာ သုဂတဝိဒတ္ထိံ ကာရာပိတံ နိဿဂ္ဂိယံ။ ဣမာဟံ သံဃဿ နိဿဇ္ဇာမီတိ…ပေ… ဒဒေယျာတိ…ပေ… အာယသ္မတော ဒမ္မီတိ။</p>
<p class=""bodytext""><a name=""para569""></a><a name=""para569_vin1""></a><span class=""paranum"">၅၆၉</span>။ အတ္တနာ ဝိပ္ပကတံ အတ္တနာ ပရိယောသာပေတိ, နိဿဂ္ဂိယံ ပါစိတ္တိယံ။ အတ္တနာ ဝိပ္ပကတံ ပရေဟိ ပရိယောသာပေတိ, နိဿဂ္ဂိယံ ပါစိတ္တိယံ။ ပရေဟိ ဝိပ္ပကတံ အတ္တနာ ပရိယောသာပေတိ, နိဿဂ္ဂိယံ ပါစိတ္တိယံ။ ပရေဟိ ဝိပ္ပကတံ ပရေဟိ ပရိယောသာပေတိ, နိဿဂ္ဂိယံ ပါစိတ္တိယံ။</p>
<p class=""bodytext"">အညဿတ္ထာယ <a name=""V0.0351""></a> ကရောတိ ဝါ ကာရာပေတိ ဝါ, အာပတ္တိ ဒုက္ကဋဿ။</p>
<p class=""bodytext""><a name=""para570""></a><a name=""para570_vin1""></a><span class=""paranum"">၅၇၀</span>။ အနာပတ္တိ – ပုရာဏသန္ထတဿ သာမန္တာ သုဂတဝိဒတ္ထိံ အာဒိယိတွာ <a name=""P3.0233""></a> ကရောတိ, အလဘန္တော ထောကတရံ အာဒိယိတွာ ကရောတိ, အလဘန္တော အနာဒိယိတွာ ကရောတိ, အညေန ကတံ ပဋိလဘိတွာ ပရိဘုဉ္ဇတိ, ဝိတာနံ ဝါ ဘူမတ္ထရဏံ ဝါ သာဏိပါကာရံ ဝါ ဘိသိံ ဝါ ဗိဗ္ဗောဟနံ ဝါ ကရောတိ, ဥမ္မတ္တကဿ အာဒိကမ္မိကဿာတိ။</p>
<p class=""centered"">နိသီဒနသန္ထတသိက္ခာပဒံ နိဋ္ဌိတံ ပဉ္စမံ။</p>
",-567-568-569-570-
340,mula_vi_01,340,"<p class=""title"">၆။ ဧဠကလောမသိက္ခာပဒံ</p>
<p class=""bodytext""><a name=""para571""></a><a name=""para571_vin1""></a><span class=""paranum"">၅၇၁</span>။ တေန <a name=""T2.0082""></a><a name=""M0.0340""></a> သမယေန ဗုဒ္ဓေါ ဘဂဝါ သာဝတ္ထိယံ ဝိဟရတိ ဇေတဝနေ အနာထပိဏ္ဍိကဿ အာရာမေ။ တေန ခေါ ပန သမယေန အညတရဿ ဘိက္ခုနော ကောသလေသု ဇနပဒေ သာဝတ္ထိံ ဂစ္ဆန္တဿ အန္တရာမဂ္ဂေ ဧဠကလောမာနိ ဥပ္ပဇ္ဇိံသု။ အထ ခေါ သော ဘိက္ခု တာနိ ဧဠကလောမာနိ ဥတ္တရာသင်္ဂေန ဘဏ္ဍိကံ ဗန္ဓိတွာ အဂမာသိ။ မနုဿာ တံ ဘိက္ခုံ ပဿိတွာ ဥပ္ပဏ္ဍေသုံ – ‘‘ကိတ္တကေန တေ, ဘန္တေ, ကီတာနိ? ကိတ္တကော ဥဒယော ဘဝိဿတီ’’တိ? သော ဘိက္ခု တေဟိ မနုဿေဟိ ဥပ္ပဏ္ဍိယမာနော မင်္ကု အဟောသိ။ အထ ခေါ သော ဘိက္ခု သာဝတ္ထိံ ဂန္တွာ တာနိ ဧဠကလောမာနိ ဌိတကောဝ အာသုမ္ဘိ။ ဘိက္ခူ တံ ဘိက္ခုံ ဧတဒဝေါစုံ – ‘‘ကိဿ တွံ, အာဝုသော, ဣမာနိ ဧဠကလောမာနိ ဌိတကောဝ အာသုမ္ဘသီ’’တိ? ‘‘တထာ ဟိ ပနာဟံ, အာဝုသော, ဣမေသံ ဧဠကလောမာနံ ကာရဏာ မနုဿေဟိ ဥပ္ပဏ္ဍိတော’’တိ။ ‘‘ကီဝ ဒူရတော ပန တွံ, အာဝုသော, ဣမာနိ ဧဠကလောမာနိ အာဟရီ’’တိ? ‘‘အတိရေကတိယောဇနံ, အာဝုသော’’တိ။ ယေ တေ ဘိက္ခူ အပ္ပိစ္ဆာ…ပေ… တေ ဥဇ္ဈာယန္တိ ခိယျန္တိ ဝိပါစေန္တိ – ‘‘ကထဉှိ နာမ ဘိက္ခု အတိရေကတိယောဇနံ ဧဠကလောမာနိ အာဟရိဿတီ’’တိ! အထ ခေါ တေ ဘိက္ခူ တံ ဘိက္ခုံ အနေကပရိယာယေန ဝိဂရဟိတွာ ဘဂဝတော ဧတမတ္ထံ အာရောစေသုံ…ပေ… သစ္စံ ကိရ တွံ, ဘိက္ခု, အတိရေကတိယောဇနံ ဧဠကလောမာနိ အာဟရီတိ? ‘‘သစ္စံ, ဘဂဝါ’’တိ။ ဝိဂရဟိ ဗုဒ္ဓေါ ဘဂဝါ…ပေ… ကထဉှိ နာမ <a name=""T2.0083""></a> တွံ, မောဃပုရိသ, အတိရေကတိယောဇနံ ဧဠကလောမာနိ အာဟရိဿသိ! နေတံ မောဃပုရိသ, အပ္ပသန္နာနံ ဝါ ပသာဒါယ…ပေ… ဧဝဉ္စ ပန, ဘိက္ခဝေ, ဣမံ သိက္ခာပဒံ ဥဒ္ဒိသေယျာထ –</p>
<p class=""bodytext""><a name=""para572""></a><a name=""para572_vin1""></a><span class=""paranum"">၅၇၂</span>။ <span class=""bld"">‘‘ဘိက္ခုနော</span> <a name=""V0.0352""></a> <span class=""bld"">ပနေဝ အဒ္ဓါနမဂ္ဂပ္ပဋိပန္နဿ ဧဠကလောမာနိ ဥပ္ပဇ္ဇယျုံ။ အာကင်္ခမာနေန ဘိက္ခုနာ ပဋိဂ္ဂဟေတဗ္ဗာနိ။ ပဋိဂ္ဂဟေတွာ တိယောဇနပရမံ သဟတ္ထာ ဟရိတဗ္ဗာနိ <span class=""note"">[ဟာရေတဗ္ဗာနိ (သီ။ သျာ။ က။)]</span>, အသန္တေ ဟာရကေ။ တတော စေ ဥတ္တရိ ဟရေယျ, အသန္တေပိ ဟာရကေ, နိဿဂ္ဂိယံ ပါစိတ္တိယ’’</span>န္တိ။</p>
<p class=""bodytext""><a name=""para573""></a><a name=""para573_vin1""></a><span class=""paranum"">၅၇၃</span>။ <span class=""bld"">ဘိက္ခုနော</span> <a name=""P3.0234""></a> <span class=""bld"">ပနေဝ အဒ္ဓါနမဂ္ဂပ္ပဋိပန္နဿာ</span>တိ ပန္ထံ ဂစ္ဆန္တဿ။</p>
<p class=""bodytext""><span class=""bld"">ဧဠကလောမာနိ ဥပ္ပဇ္ဇေယျု</span>န္တိ ဥပ္ပဇ္ဇေယျုံ သံဃတော ဝါ ဂဏတော ဝါ ဉာတိတော ဝါ မိတ္တတော ဝါ ပံသုကူလံ ဝါ အတ္တနော ဝါ ဓနေန။</p>
",-571-572-573-
341,mula_vi_01,341,"<p class=""bodytext""><span class=""bld"">အာကင်္ခမာနေနာ</span>တိ <a name=""M0.0341""></a> ဣစ္ဆမာနေန ပဋိဂ္ဂဟေတဗ္ဗာနိ။</p>
<p class=""bodytext""><span class=""bld"">ပဋိဂ္ဂဟေတွာ တိယောဇနပရမံ သဟတ္ထာ ဟရိတဗ္ဗာနီ</span>တိ တိယောဇနပရမတာ သဟတ္ထာ ဟရိတဗ္ဗာနိ။</p>
<p class=""bodytext""><span class=""bld"">အသန္တေ ဟာရကေ</span>တိ နာညော ကောစိ ဟာရကော ဟောတိ ဣတ္ထီ ဝါ ပုရိသော ဝါ ဂဟဋ္ဌော ဝါ ပဗ္ဗဇိတော ဝါ။</p>
<p class=""bodytext""><span class=""bld"">တတော စေ ဥတ္တရိ ဟရေယျ, အသန္တေပိ ဟာရကေ</span>တိ ပဌမံ ပါဒံ တိယောဇနံ အတိက္ကာမေတိ, အာပတ္တိ ဒုက္ကဋဿ။ ဒုတိယံ ပါဒံ အတိက္ကာမေတိ, နိဿဂ္ဂိယံ ပါစိတ္တိယံ <span class=""note"">[နိဿဂ္ဂိယာနိ ဟောန္တိ (သျာ။)]</span>။ အန္တောတိယောဇနေ ဌိတော ဗဟိတိယောဇနံ ပါတေတိ, နိဿဂ္ဂိယံ ပါစိတ္တိယံ <span class=""note"">[နိဿဂ္ဂိယာနိ ဟောန္တိ (သျာ။)]</span>။ အညဿ ယာနေ ဝါ ဘဏ္ဍေ ဝါ အဇာနန္တဿ ပက္ခိပိတွာ တိယောဇနံ အတိက္ကာမေတိ, နိဿဂ္ဂိယာနိ ဟောန္တိ။ နိဿဇ္ဇိတဗ္ဗာနိ သံဃဿ ဝါ ဂဏဿ <a name=""T2.0084""></a> ဝါ ပုဂ္ဂလဿ ဝါ။ ဧဝဉ္စ ပန, ဘိက္ခဝေ, နိဿဇ္ဇိတဗ္ဗာနိ…ပေ… ဣမာနိ မေ, ဘန္တေ, ဧဠကလောမာနိ တိယောဇနံ အတိက္ကာမိတာနိ နိဿဂ္ဂိယာနိ။ ဣမာနာဟံ သံဃဿ နိဿဇ္ဇာမီတိ…ပေ… ဒဒေယျာတိ…ပေ… ဒဒေယျုန္တိ…ပေ… အာယသ္မတော ဒမ္မီတိ။</p>
<p class=""bodytext""><a name=""para574""></a><a name=""para574_vin1""></a><span class=""paranum"">၅၇၄</span>။ အတိရေကတိယောဇနေ အတိရေကသညီ အတိက္ကာမေတိ <span class=""note"">[တိယောဇနံ အတိက္ကာမေတိ (သျာ။)]</span>, နိဿဂ္ဂိယံ ပါစိတ္တိယံ။ အတိရေကတိယောဇနေ ဝေမတိကော အတိက္ကာမေတိ <span class=""note"">[တိယောဇနံ အတိက္ကာမေတိ (သျာ။)]</span>, နိဿဂ္ဂိယံ ပါစိတ္တိယံ။ အတိရေကတိယောဇနေ ဦနကသညီ အတိက္ကာမေတိ <span class=""note"">[တိယောဇနံ အတိက္ကာမေတိ (သျာ။)]</span>, နိဿဂ္ဂိယံ ပါစိတ္တိယံ။</p>
<p class=""bodytext"">ဦနကတိယောဇနေ <a name=""V0.0353""></a> အတိရေကသညီ, အာပတ္တိ ဒုက္ကဋဿ။ ဦနကတိယောဇနေ ဝေမတိကော, အာပတ္တိ ဒုက္ကဋဿ။ ဦနကတိယောဇနေ ဦနကသညီ, အနာပတ္တိ။</p>
<p class=""bodytext""><a name=""para575""></a><a name=""para575_vin1""></a><span class=""paranum"">၅၇၅</span>။ အနာပတ္တိ တိယောဇနံ ဟရတိ, ဦနကတိယောဇနံ ဟရတိ, တိယောဇနံ ဟရတိပိ, ပစ္စာဟရတိပိ, တိယောဇနံ ဝါသာဓိပ္ပါယော ဂန္တွာ တတော ပရံ ဟရတိ, အစ္ဆိန္နံ ပဋိလဘိတွာ ဟရတိ, နိဿဋ္ဌံ ပဋိလဘိတွာ ဟရတိ, အညံ ဟရာပေတိ ကတဘဏ္ဍံ, ဥမ္မတ္တကဿ, အာဒိကမ္မိကဿာတိ။</p>
<p class=""centered"">ဧဠကလောမသိက္ခာပဒံ နိဋ္ဌိတံ ဆဋ္ဌံ။</p>
",-574-575-
342,mula_vi_01,342,"<p class=""title"">၇။ ဧဠကလောမဓောဝါပနသိက္ခာပဒံ</p>
<p class=""bodytext""><a name=""para576""></a><a name=""para576_vin1""></a><span class=""paranum"">၅၇၆</span>။ တေန <a name=""T2.0085""></a><a name=""M0.0342""></a> သမယေန ဗုဒ္ဓေါ ဘဂဝါ သက္ကေသု ဝိဟရတိ ကပိလဝတ္ထုသ္မိံ နိဂြောဓာရာမေ။ တေန ခေါ ပန သမယေန ဆဗ္ဗဂ္ဂိယာ ဘိက္ခူ ဘိက္ခုနီဟိ ဧဠကလောမာနိ ဓောဝါပေန္တိပိ <a name=""P3.0235""></a> ရဇာပေန္တိပိ ဝိဇဋာပေန္တိပိ။ ဘိက္ခုနိယော ဧဠကလောမာနိ ဓောဝန္တိယော ရဇန္တိယော ဝိဇဋေန္တိယော ရိဉ္စန္တိ ဥဒ္ဒေသံ ပရိပုစ္ဆံ အဓိသီလံ အဓိစိတ္တံ အဓိပညံ။ အထ ခေါ မဟာပဇာပတိ ဂေါတမီ ယေန ဘဂဝါ တေနုပသင်္ကမိ၊ ဥပသင်္ကမိတွာ ဘဂဝန္တံ အဘိဝါဒေတွာ ဧကမန္တံ အဋ္ဌာသိ။ ဧကမန္တံ ဌိတံ ခေါ မဟာပဇာပတိံ ဂေါတမိံ ဘဂဝါ ဧတဒဝေါစ – ‘‘ကစ္စိ, ဂေါတမိ, ဘိက္ခုနိယော အပ္ပမတ္တာ အာတာပိနိယော ပဟိတတ္တာ ဝိဟရန္တီ’’တိ? ‘‘ကုတော, ဘန္တေ, ဘိက္ခုနီနံ အပ္ပမာဒေါ! အယျာ ဆဗ္ဗဂ္ဂိယာ ဘိက္ခုနီဟိ ဧဠကလောမာနိ ဓောဝါပေန္တိပိ ရဇာပေန္တိပိ ဝိဇဋာပေန္တိပိ။ ဘိက္ခုနိယော ဧဠကလောမာနိ ဓောဝန္တိယော ရဇန္တိယော ဝိဇဋေန္တိယော ရိဉ္စန္တိ ဥဒ္ဒေသံ ပရိပုစ္ဆံ အဓိသီလံ အဓိစိတ္တံ အဓိပည’’န္တိ။</p>
<p class=""bodytext"">အထ ခေါ ဘဂဝါ မဟာပဇာပတိံ ဂေါတမိံ ဓမ္မိယာ ကထာယ သန္ဒဿေသိ သမာဒပေသိ သမုတ္တေဇေသိ သမ္ပဟံသေသိ။ အထ ခေါ မဟာပဇာပတိ ဂေါတမီ ဘဂဝတာ ဓမ္မိယာ ကထာယ သန္ဒဿိတာ သမာဒပိတာ သမုတ္တေဇိတာ သမ္ပဟံသိတာ ဘဂဝန္တံ အဘိဝါဒေတွာ ပဒက္ခိဏံ ကတွာ ပက္ကာမိ။ အထ ခေါ ဘဂဝါ ဧတသ္မိံ <a name=""T2.0086""></a> နိဒါနေ ဧတသ္မိံ ပကရဏေ ဘိက္ခုသံဃံ သန္နိပါတာပေတွာ ဆဗ္ဗဂ္ဂိယေ ဘိက္ခူ ပဋိပုစ္ဆိ – ‘‘သစ္စံ ကိရ တုမှေ, ဘိက္ခဝေ, ဘိက္ခုနီဟိ ဧဠကလောမာနိ ဓောဝါပေထပိ ရဇာပေထပိ ဝိဇဋာပေထပီ’’တိ<a name=""V0.0354""></a>? ‘‘သစ္စံ, ဘဂဝါ’’တိ။ ‘‘ဉာတိကာယော တုမှာကံ, ဘိက္ခဝေ, အညာတိကာယော’’တိ? ‘‘အညာတိကာယော, ဘဂဝါ’’တိ။ ‘‘အညာတကာ, မောဃပုရိသာ, အညာတိကာနံ န ဇာနန္တိ ပတိရူပံ ဝါ အပ္ပတိရူပံ ဝါ ပါသာဒိကံ ဝါ အပါသာဒိကံ။ တတ္ထ နာမ တုမှေ, မောဃပုရိသာ, အညာတိကာဟိ ဘိက္ခုနီဟိ ဧဠကလောမာနိ ဓောဝါပေဿထပိ ရဇာပေဿထပိ ဝိဇဋာပေဿထပိ! နေတံ, မောဃပုရိသာ, အပ္ပသန္နာနံ ဝါ ပသာဒါယ…ပေ… ဧဝဉ္စ ပန, ဘိက္ခဝေ, ဣမံ သိက္ခာပဒံ ဥဒ္ဒိသေယျာထ –</p>
<p class=""bodytext""><a name=""para577""></a><a name=""para577_vin1""></a><span class=""paranum"">၅၇၇</span>။ <span class=""bld"">‘‘ယော ပန ဘိက္ခု အညာတိကာယ ဘိက္ခုနိယာ ဧဠကလောမာနိ ဓောဝါပေယျ ဝါ ရဇာပေယျ ဝါ ဝိဇဋာပေယျ ဝါ, နိဿဂ္ဂိယံ ပါစိတ္တိယ’’</span>န္တိ။</p>
",-576-577-
343,mula_vi_01,343,"<p class=""bodytext""><a name=""para578""></a><a name=""para578_vin1""></a><span class=""paranum"">၅၇၈</span>။ <span class=""bld"">ယော</span> <a name=""M0.0343""></a> <span class=""bld"">ပနာ</span>တိ ယော ယာဒိသော…ပေ… <span class=""bld"">ဘိက္ခူ</span>တိ…ပေ… အယံ ဣမသ္မိံ အတ္ထေ အဓိပ္ပေတော ဘိက္ခူတိ။</p>
<p class=""bodytext""><span class=""bld"">အညာတိကာ</span> နာမ မာတိတော ဝါ ပိတိတော ဝါ ယာဝ သတ္တမာ ပိတာမဟယုဂါ အသမ္ဗဒ္ဓါ။</p>
<p class=""bodytext""><span class=""bld"">ဘိက္ခုနီ</span> နာမ ဥဘတောသံဃေ ဥပသမ္ပန္နာ။</p>
<p class=""bodytext"">ဓောဝါတိ အာဏာပေတိ, အာပတ္တိ ဒုက္ကဋဿ။ ဓောတာနိ နိဿဂ္ဂိယာနိ ဟောန္တိ။ ရဇာတိ အာဏာပေတိ, အာပတ္တိ ဒုက္ကဋဿ။ ရတ္တာနိ နိဿဂ္ဂိယာနိ ဟောန္တိ။ ဝိဇဋေဟီတိ အာဏာပေတိ, အာပတ္တိ ဒုက္ကဋဿ။ ဝိဇဋိတာနိ နိဿဂ္ဂိယာနိ <a name=""P3.0236""></a> ဟောန္တိ။ နိဿဇ္ဇိတဗ္ဗာနိ သံဃဿ ဝါ ဂဏဿ ဝါ ပုဂ္ဂလဿ ဝါ။ ဧဝဉ္စ <a name=""T2.0087""></a> ပန, ဘိက္ခဝေ, နိဿဇ္ဇိတဗ္ဗာနိ…ပေ… ဣမာနိ မေ, ဘန္တေ, ဧဠကလောမာနိ အညာတိကာယ ဘိက္ခုနိယာ ဓောဝါပိတာနိ နိဿဂ္ဂိယာနိ။ ဣမာနာဟံ သံဃဿ နိဿဇ္ဇာမီတိ…ပေ… ဒဒေယျာတိ…ပေ… ဒဒေယျုန္တိ…ပေ… အာယသ္မတော ဒမ္မီတိ။</p>
<p class=""bodytext""><a name=""para579""></a><a name=""para579_vin1""></a><span class=""paranum"">၅၇၉</span>။ အညာတိကာယ အညာတိကသညီ ဧဠကလောမာနိ ဓောဝါပေတိ, နိဿဂ္ဂိယံ ပါစိတ္တိယံ။ အညာတိကာယ အညာတိကသညီ ဧဠကလောမာနိ ဓောဝါပေတိ ရဇာပေတိ, နိဿဂ္ဂိယေန အာပတ္တိ ဒုက္ကဋဿ။ အညာတိကာယ အညာတိကသညီ ဧဠကလောမာနိ ဓောဝါပေတိ ဝိဇဋာပေတိ, နိဿဂ္ဂိယေန အာပတ္တိ ဒုက္ကဋဿ။ အညာတိကာယ အညာတိကသညီ ဧဠကလောမာနိ ဓောဝါပေတိ ရဇာပေတိ ဝိဇဋာပေတိ, နိဿဂ္ဂိယေန အာပတ္တိ ဒွိန္နံ ဒုက္ကဋာနံ။</p>
<p class=""bodytext"">အညာတိကာယ <a name=""V0.0355""></a> အညာတိကသညီ ဧဠကလောမာနိ ရဇာပေတိ, နိဿဂ္ဂိယံ ပါစိတ္တိယံ။ အညာတိကာယ အညာတိကသညီ ဧဠကလောမာနိ ရဇာပေတိ ဝိဇဋာပေတိ, နိဿဂ္ဂိယေန အာပတ္တိ ဒုက္ကဋဿ။ အညာတိကာယ အညာတိကသညီ ဧဠကလောမာနိ ရဇာပေတိ ဓောဝါပေတိ, နိဿဂ္ဂိယေန အာပတ္တိ ဒုက္ကဋဿ။ အညာတိကာယ အညာတိကသညီ ဧဠကလောမာနိ ရဇာပေတိ ဝိဇဋာပေတိ ဓောဝါပေတိ, နိဿဂ္ဂိယေန အာပတ္တိ ဒွိန္နံ ဒုက္ကဋာနံ။</p>
<p class=""bodytext"">အညာတိကာယ အညာတိကသညီ ဧဠကလောမာနိ ဝိဇဋာပေတိ, နိဿဂ္ဂိယံ ပါစိတ္တိယံ။ အညာတိကာယ အညာတိကသညီ ဧဠကလောမာနိ ဝိဇဋာပေတိ ဓောဝါပေတိ, နိဿဂ္ဂိယေန အာပတ္တိ ဒုက္ကဋဿ။ အညာတိကာယ အညာတိကသညီ ဧဠကလောမာနိ ဝိဇဋာပေတိ ရဇာပေတိ, နိဿဂ္ဂိယေန အာပတ္တိ <a name=""T2.0088""></a></p>
",-578-579-
344,mula_vi_01,344,"<p class=""noindentbodytext""> ဒုက္ကဋဿ<a name=""M0.0344""></a>။ အညာတိကာယ အညာတိကသညီ ဧဠကလောမာနိ ဝိဇဋာပေတိ ဓောဝါပေတိ ရဇာပေတိ, နိဿဂ္ဂိယေန အာပတ္တိ ဒွိန္နံ ဒုက္ကဋာနံ။</p>
<p class=""bodytext""><a name=""para580""></a><a name=""para580_vin1""></a><span class=""paranum"">၅၈၀</span>။ အညာတိကာယ ဝေမတိကော…ပေ… အညာတိကာယ ဉာတိကသညီ…ပေ… အညဿ ဧဠကလောမာနိ ဓောဝါပေတိ, အာပတ္တိ ဒုက္ကဋဿ။ ဧကတော ဥပသမ္ပန္နာယ ဓောဝါပေတိ, အာပတ္တိ ဒုက္ကဋဿ။ ဉာတိကာယ အညာတိကသညီ, အာပတ္တိ ဒုက္ကဋဿ။ ဉာတိကာယ ဝေမတိကော, အာပတ္တိ ဒုက္ကဋဿ။ ဉာတိကာယ ဉာတိကသညီ, အနာပတ္တိ။</p>
<p class=""bodytext""><a name=""para581""></a><a name=""para581_vin1""></a><span class=""paranum"">၅၈၁</span>။ အနာပတ္တိ ဉာတိကာယ ဓာဝန္တိယာ အညာတိကာ ဒုတိယာ ဟောတိ, အဝုတ္တာ ဓောဝတိ, အပရိဘုတ္တံ ကတဘဏ္ဍံ ဓောဝါပေတိ, သိက္ခမာနာယ သာမဏေရိယာ ဥမ္မတ္တကဿ အာဒိကမ္မိကဿာတိ။</p>
<p class=""centered"">ဧဠကလောမဓောဝါပနသိက္ခာပဒံ နိဋ္ဌိတံ သတ္တမံ။</p>
<p class=""title"">၈။ ရူပိယသိက္ခာပဒံ</p>
<p class=""bodytext""><a name=""para582""></a><a name=""para582_vin1""></a><span class=""paranum"">၅၈၂</span>။ တေန <a name=""T2.0089""></a> သမယေန ဗုဒ္ဓေါ ဘဂဝါ ရာဇဂဟေ ဝိဟရတိ ဝေဠုဝနေ ကလန္ဒကနိဝါပေ။ တေန ခေါ ပန သမယေန အာယသ္မာ <a name=""P3.0237""></a> ဥပနန္ဒော သကျပုတ္တော အညတရဿ ကုလဿ ကုလူပကော ဟောတိ နိစ္စဘတ္တိကော။ ယံ တသ္မိံ ကုလေ ဥပ္ပဇ္ဇတိ ခါဒနီယံ ဝါ ဘောဇနီယံ ဝါ တတော အာယသ္မတော ဥပနန္ဒဿ သကျပုတ္တဿ ပဋိဝိသော ဌပိယျတိ။ တေန ခေါ ပန သမယေန သာယံ တသ္မိံ ကုလေ မံသံ <a name=""V0.0356""></a> ဥပ္ပန္နံ ဟောတိ။ တတော အာယသ္မတော ဥပနန္ဒဿ သကျပုတ္တဿ ပဋိဝိသော ဌပိတော ဟောတိ။ တဿ ကုလဿ ဒါရကော ရတ္တိယာ ပစ္စူသသမယံ ပစ္စုဋ္ဌာယ ရောဒတိ – ‘‘မံသံ မေ ဒေထာ’’တိ။ အထ ခေါ သော ပုရိသော ပဇာပတိံ ဧတဒဝေါစ – ‘‘အယျဿ ပဋိဝိသံ ဒါရကဿ ဒေဟိ။ အညံ စေတာပေတွာ အယျဿ ဒဿာမာ’’တိ။</p>
<p class=""bodytext"">အထ ခေါ အာယသ္မာ ဥပနန္ဒော သကျပုတ္တော ပုဗ္ဗဏှသမယံ နိဝါသေတွာ ပတ္တစီဝရံ အာဒါယ ယေန တံ ကုလံ တေနုပသင်္ကမိ၊ ဥပသင်္ကမိတွာ ပညတ္တေ အာသနေ နိသီဒိ။ အထ ခေါ သော ပုရိသော ယေနာယသ္မာ ဥပနန္ဒော သကျပုတ္တော တေနုပသင်္ကမိ၊ ဥပသင်္ကမိတွာ အာယသ္မန္တံ ဥပနန္ဒံ သကျပုတ္တံ အဘိဝါဒေတွာ ဧကမန္တံ နိသီဒိ။ ဧကမန္တံ နိသိန္နော ခေါ သော ပုရိသော</p>
",-580-581-582-
345,mula_vi_01,345,"<p class=""noindentbodytext""> အာယသ္မန္တံ<a name=""M0.0345""></a> ဥပနန္ဒံ သကျပုတ္တံ ဧတဒဝေါစ – ‘‘ဟိယျော ခေါ, ဘန္တေ, သာယံ မံသံ ဥပ္ပန္နံ အဟောသိ။ တတော အယျဿ ပဋိဝိသော ဌပိတော။ အယံ<a name=""T2.0090""></a>, ဘန္တေ, ဒါရကော ရတ္တိယာ ပစ္စူသသမယံ ပစ္စုဋ္ဌာယ ရောဒတိ – ‘မံသံ မေ ဒေထာ’တိ။ အယျဿ ပဋိဝိသော ဒါရကဿ ဒိန္နော။ ကဟာပဏေန, ဘန္တေ, ကိံ အာဟရိယျတူ’’တိ? ‘‘ပရိစ္စတ္တော မေ, အာဝုသော, ကဟာပဏော’’တိ? ‘‘အာမ, ဘန္တေ, ပရိစ္စတ္တော’’တိ။ ‘‘တညေဝ မေ, အာဝုသော, ကဟာပဏံ ဒေဟီ’’တိ။</p>
<p class=""bodytext"">အထ ခေါ သော ပုရိသော အာယသ္မတော ဥပနန္ဒဿ သကျပုတ္တဿ ကဟာပဏံ ဒတွာ ဥဇ္ဈာယတိ ခိယျတိ ဝိပါစေတိ – ‘‘တထေဝ မယံ ရူပိယံ ပဋိဂ္ဂဏှာမ ဧဝမေဝိမေ သမဏာ သကျပုတ္တိယာ ရူပိယံ ပဋိဂ္ဂဏှန္တီ’’တိ။ အဿောသုံ ခေါ ဘိက္ခူ တဿ ပုရိသဿ ဥဇ္ဈာယန္တဿ ခိယျန္တဿ ဝိပါစေန္တဿ။ ယေ တေ ဘိက္ခူ အပ္ပိစ္ဆာ…ပေ… တေ ဥဇ္ဈာယန္တိ ခိယျန္တိ ဝိပါစေန္တိ – ‘‘ကထဉှိ နာမ အာယသ္မာ ဥပနန္ဒော သကျပုတ္တော ရူပိယံ ပဋိဂ္ဂဟေဿတီ’’တိ! အထ ခေါ တေ ဘိက္ခူ အာယသ္မန္တံ ဥပနန္ဒံ သကျပုတ္တံ အနေကပရိယာယေန ဝိဂရဟိတွာ ဘဂဝတော ဧတမတ္ထံ အာရောစေသုံ…ပေ… ‘‘သစ္စံ ကိရ တွံ, ဥပနန္ဒ, ရူပိယံ ပဋိဂ္ဂဟေသီ’’တိ <span class=""note"">[ပဋိဂ္ဂဏှာသီတိ (သျာ။)]</span>? ‘‘သစ္စံ, ဘဂဝါ’’တိ။ ဝိဂရဟိ ဗုဒ္ဓေါ ဘဂဝါ…ပေ… ကထဉှိ နာမ တွံ, မောဃပုရိသ, ရူပိယံ ပဋိဂ္ဂဟေဿသိ! နေတံ, မောဃပုရိသ, အပ္ပသန္နာနံ ဝါ ပသာဒါယ…ပေ… ဧဝဉ္စ ပန, ဘိက္ခဝေ, ဣမံ သိက္ခာပဒံ ဥဒ္ဒိသေယျာထ –</p>
<p class=""bodytext""><a name=""para583""></a><a name=""para583_vin1""></a><span class=""paranum"">၅၈၃</span>။ <span class=""bld"">‘‘ယော ပန ဘိက္ခု ဇာတရူပရဇတံ ဥဂ္ဂဏှေယျ ဝါ ဥဂ္ဂဏှာပေယျ ဝါ ဥပနိက္ခိတ္တံ ဝါ သာဒိယေယျ, နိဿဂ္ဂိယံ ပါစိတ္တိယ’’</span>န္တိ။</p>
<p class=""bodytext""><a name=""para584""></a><a name=""para584_vin1""></a><span class=""paranum"">၅၈၄</span>။ <span class=""bld"">ယော</span> <a name=""P3.0238""></a><a name=""V0.0357""></a> <span class=""bld"">ပနာ</span>တိ ယော ယာဒိသော…ပေ… <span class=""bld"">ဘိက္ခူ</span>တိ…ပေ… အယံ ဣမသ္မိံ အတ္ထေ အဓိပ္ပေတော ဘိက္ခူတိ။</p>
<p class=""bodytext""><span class=""bld"">ဇာတရူပံ</span> နာမ သတ္ထုဝဏ္ဏော ဝုစ္စတိ<a name=""T2.0091""></a>။</p>
<p class=""bodytext""><span class=""bld"">ရဇတံ</span> နာမ ကဟာပဏော လောဟမာသကော ဒါရုမာသကော ဇတုမာသကော ယေ ဝေါဟာရံ ဂစ္ဆန္တိ။</p>
<p class=""bodytext""><span class=""bld"">ဥဂ္ဂဏှေယျာ</span>တိ သယံ ဂဏှာတိ နိဿဂ္ဂိယံ ပါစိတ္တိယံ <span class=""note"">[နိဿဂ္ဂိယံ ဟောတိ (သျာ။)]</span>။</p>
<p class=""bodytext""><span class=""bld"">ဥဂ္ဂဏှာပေယျာ</span>တိ အညံ ဂါဟာပေတိ နိဿဂ္ဂိယံ ပါစိတ္တိယံ <span class=""note"">[နိဿဂ္ဂိယံ ဟောတိ (သျာ။)]</span>။</p>
",-583-584-
346,mula_vi_01,346,"<p class=""bodytext""><span class=""bld"">ဥပနိက္ခိတ္တံ</span> <a name=""M0.0346""></a> <span class=""bld"">ဝါ သာဒိယေယျာ</span>တိ ဣဒံ အယျဿ ဟောတူတိ ဥပနိက္ခိတ္တံ သာဒိယတိ, နိဿဂ္ဂိယံ ဟောတိ။ သံဃမဇ္ဈေ နိဿဇ္ဇိတဗ္ဗံ။ ဧဝဉ္စ ပန, ဘိက္ခဝေ, နိဿဇ္ဇိတဗ္ဗံ – တေန ဘိက္ခုနာ သံဃံ ဥပသင်္ကမိတွာ ဧကံသံ ဥတ္တရာသင်္ဂံ ကရိတွာ ဝုဍ္ဎာနံ ဘိက္ခူနံ ပါဒေ ဝန္ဒိတွာ ဥက္ကုဋိကံ နိသီဒိတွာ အဉ္ဇလိံ ပဂ္ဂဟေတွာ ဧဝမဿ ဝစနီယော – ‘‘အဟံ, ဘန္တေ, ရူပိယံ ပဋိဂ္ဂဟေသိံ။ ဣဒံ မေ နိဿဂ္ဂိယံ။ ဣမာဟံ သံဃဿ နိဿဇ္ဇာမီ’’တိ။ နိဿဇ္ဇိတွာ အာပတ္တိ ဒေသေတဗ္ဗာ။ ဗျတ္တေန ဘိက္ခုနာ ပဋိဗလေန အာပတ္တိ ပဋိဂ္ဂဟေတဗ္ဗာ။ သစေ တတ္ထ အာဂစ္ဆတိ အာရာမိကော ဝါ ဥပါသကော ဝါ သော ဝတ္တဗ္ဗော – ‘‘အာဝုသော, ဣမံ ဇာနာဟီ’’တိ။ သစေ သော ဘဏတိ – ‘‘ဣမိနာ ကိံ အာဟရိယျတူ’’တိ, န ဝတ္တဗ္ဗော – ‘‘ဣမံ ဝါ ဣမံ ဝါ အာဟရာ’’တိ။ ကပ္ပိယံ အာစိက္ခိတဗ္ဗံ – သပ္ပိ ဝါ တေလံ ဝါ မဓု ဝါ ဖာဏိတံ ဝါ။ သစေ သော တေန ပရိဝတ္တေတွာ ကပ္ပိယံ အာဟရတိ ရူပိယပ္ပဋိဂ္ဂါဟကံ ဌပေတွာ သဗ္ဗေဟေဝ ပရိဘုဉ္ဇိတဗ္ဗံ။ ဧဝဉ္စေတံ လဘေထ, ဣစ္စေတံ ကုသလံ၊ နော စေ လဘေထ, သော ဝတ္တဗ္ဗော – ‘‘အာဝုသော, ဣမံ ဆဍ္ဍေဟီ’’တိ။ သစေ သော ဆဍ္ဍေတိ, ဣစ္စေတံ ကုသလံ၊ နော စေ ဆဍ္ဍေတိ, ပဉ္စဟင်္ဂေဟိ သမန္နာဂတော ဘိက္ခု <a name=""T2.0092""></a> ရူပိယဆဍ္ဍကော သမ္မန္နိတဗ္ဗော – ယော န ဆန္ဒာဂတိံ ဂစ္ဆေယျ, န ဒေါသာဂတိံ ဂစ္ဆေယျ, န မောဟာဂတိံ ဂစ္ဆေယျ, န ဘယာဂတိံ ဂစ္ဆေယျ, ဆဍ္ဍိတာဆဍ္ဍိတဉ္စ ဇာနေယျ။ ဧဝဉ္စ ပန, ဘိက္ခဝေ, သမ္မန္နိတဗ္ဗော။ ပဌမံ ဘိက္ခု ယာစိတဗ္ဗော။ ယာစိတွာ ဗျတ္တေန ဘိက္ခုနာ ပဋိဗလေန သံဃော ဉာပေတဗ္ဗော –</p>
<p class=""bodytext""><a name=""para585""></a><a name=""para585_vin1""></a><span class=""paranum"">၅၈၅</span>။ ‘‘သုဏာတု မေ, ဘန္တေ, သံဃော။ ယဒိ သံဃဿ ပတ္တကလ္လံ, သံဃော ဣတ္ထန္နာမံ ဘိက္ခုံ ရူပိယဆဍ္ဍကံ သမ္မန္နေယျ။ ဧသာ ဉတ္တိ။</p>
<p class=""bodytext"">‘‘သုဏာတု <a name=""V0.0358""></a> မေ, ဘန္တေ, သံဃော။ သံဃော ဣတ္ထန္နာမံ ဘိက္ခုံ ရူပိယဆဍ္ဍကံ သမ္မန္နတိ။ ယဿာယသ္မတော ခမတိ ဣတ္ထန္နာမဿ ဘိက္ခုနော ရူပိယဆဍ္ဍကဿ သမ္မုတိ, သော တုဏှဿ၊ ယဿ နက္ခမတိ, သော ဘာသေယျ။</p>
<p class=""bodytext"">‘‘သမ္မတော သံဃေန ဣတ္ထန္နာမော ဘိက္ခု ရူပိယဆဍ္ဍကော။ ခမတိ သံဃဿ, တသ္မာ တုဏှီ, ဧဝမေတံ ဓာရယာမီ’’တိ။</p>
<p class=""bodytext"">တေန သမ္မတေန ဘိက္ခုနာ အနိမိတ္တံ ကတွာ ပါတေတဗ္ဗံ။ သစေ နိမိတ္တံ ကတွာ ပါတေတိ, အာပတ္တိ ဒုက္ကဋဿ။</p>
<p class=""bodytext""><a name=""para586""></a><a name=""para586_vin1""></a><span class=""paranum"">၅၈၆</span>။ ရူပိယေ <a name=""P3.0239""></a> ရူပိယသညီ ရူပိယံ ပဋိဂ္ဂဏှာတိ, နိဿဂ္ဂိယံ ပါစိတ္တိယံ။ ရူပိယေ ဝေမတိကော ရူပိယံ ပဋိဂ္ဂဏှာတိ, နိဿဂ္ဂိယံ ပါစိတ္တိယံ။ ရူပိယေ အရူပိယသညီ ရူပိယံ ပဋိဂ္ဂဏှာတိ, နိဿဂ္ဂိယံ ပါစိတ္တိယံ။</p>
",-585-586-
347,mula_vi_01,347,"<p class=""bodytext"">အရူပိယေ <a name=""M0.0347""></a> ရူပိယသညီ, အာပတ္တိ ဒုက္ကဋဿ။ အရူပိယေ ဝေမတိကော, အာပတ္တိ ဒုက္ကဋဿ။ အရူပိယေ အရူပိယသညီ, အနာပတ္တိ။</p>
<p class=""bodytext"">အနာပတ္တိ အဇ္ဈာရာမေ ဝါ အဇ္ဈာဝသထေ ဝါ ဥဂ္ဂဟေတွာ ဝါ <a name=""T2.0093""></a> ဥဂ္ဂဟာပေတွာ ဝါ နိက္ခိပတိ – ယဿ ဘဝိဿတိ သော ဟရိဿတီတိ, ဥမ္မတ္တကဿ, အာဒိကမ္မိကဿာတိ။</p>
<p class=""centered"">ရူပိယသိက္ခာပဒံ နိဋ္ဌိတံ အဋ္ဌမံ။</p>
<p class=""title"">၉။ ရူပိယသံဝေါဟာရသိက္ခာပဒံ</p>
<p class=""bodytext""><a name=""para587""></a><a name=""para587_vin1""></a><span class=""paranum"">၅၈၇</span>။ တေန <a name=""T2.0094""></a> သမယေန ဗုဒ္ဓေါ ဘဂဝါ သာဝတ္ထိယံ ဝိဟရတိ ဇေတဝနေ အနာထပိဏ္ဍိကဿ အာရာမေ။ တေန ခေါ ပန သမယေန ဆဗ္ဗဂ္ဂိယာ ဘိက္ခူ နာနပ္ပကာရကံ ရူပိယသံဝေါဟာရံ သမာပဇ္ဇန္တိ။ မနုဿာ ဥဇ္ဈာယန္တိ ခိယျန္တိ ဝိပါစေန္တိ – ‘‘ကထဉှိ နာမ သမဏာ သကျပုတ္တိယာ နာနပ္ပကာရကံ ရူပိယသံဝေါဟာရံ သမာပဇ္ဇိဿန္တိ, သေယျထာပိ ဂိဟီ ကာမဘောဂိနော’’တိ<a name=""V0.0359""></a>! အဿောသုံ ခေါ ဘိက္ခူ တေသံ မနုဿာနံ ဥဇ္ဈာယန္တာနံ ခိယျန္တာနံ ဝိပါစေန္တာနံ။ ယေ တေ ဘိက္ခူ အပ္ပိစ္ဆာ…ပေ… တေ ဥဇ္ဈာယန္တိ ခိယျန္တိ ဝိပါစေန္တိ – ‘‘ကထဉှိ နာမ ဆဗ္ဗဂ္ဂိယာ ဘိက္ခူ နာနပ္ပကာရကံ ရူပိယသံဝေါဟာရံ သမာပဇ္ဇိဿန္တီ’’တိ! အထ ခေါ တေ ဘိက္ခူ ဆဗ္ဗဂ္ဂိယေ ဘိက္ခူ အနေကပရိယာယေန ဝိဂရဟိတွာ ဘဂဝတော ဧတမတ္ထံ အာရောစေသုံ…ပေ… ‘‘သစ္စံ ကိရ တုမှေ, ဘိက္ခဝေ, နာနပ္ပကာရကံ ရူပိယသံဝေါဟာရံ သမာပဇ္ဇထာ’’တိ? ‘‘သစ္စံ, ဘဂဝါ’’တိ။ ဝိဂရဟိ ဗုဒ္ဓေါ ဘဂဝါ…ပေ… ကထဉှိ နာမ တုမှေ, မောဃပုရိသာ, နာနပ္ပကာရကံ ရူပိယသံဝေါဟာရံ သမာပဇ္ဇိဿထ! နေတံ, မောဃပုရိသာ, အပ္ပသန္နာနံ ဝါ ပသာဒါယ…ပေ… ဧဝဉ္စ ပန, ဘိက္ခဝေ, ဣမံ သိက္ခာပဒံ ဥဒ္ဒိသေယျာထ –</p>
<p class=""bodytext""><a name=""para588""></a><a name=""para588_vin1""></a><span class=""paranum"">၅၈၈</span>။ <span class=""bld"">‘‘ယော ပန ဘိက္ခု နာနပ္ပကာရကံ ရူပိယသံဝေါဟာရံ သမာပဇ္ဇေယျ, နိဿဂ္ဂိယံ ပါစိတ္တိယ’’</span>န္တိ။</p>
<p class=""bodytext""><a name=""para589""></a><a name=""para589_vin1""></a><span class=""paranum"">၅၈၉</span>။ <span class=""bld"">ယော ပနာ</span>တိ ယော ယာဒိသော…ပေ… <span class=""bld"">ဘိက္ခူ</span>တိ…ပေ… အယံ ဣမသ္မိံ အတ္ထေ အဓိပ္ပေတော ဘိက္ခူတိ။</p>
",-587-588-589-
348,mula_vi_01,348,"<p class=""bodytext""><span class=""bld"">နာနပ္ပကာရကံ</span> <a name=""M0.0348""></a> နာမ ကတမ္ပိ <a name=""T2.0095""></a> အကတမ္ပိ ကတာကတမ္ပိ။ <span class=""bld"">ကတံ</span> နာမ သီသူပဂံ ဂီဝူပဂံ ဟတ္ထူပဂံ ပါဒူပဂံ ကဋူပဂံ။ <span class=""bld"">အကတံ</span> နာမ ဃနကတံ ဝုစ္စတိ။ <span class=""bld"">ကတာကတံ</span> နာမ တဒုဘယံ။</p>
<p class=""bodytext""><span class=""bld"">ရူပိယံ</span> <a name=""P3.0240""></a> နာမ သတ္ထုဝဏ္ဏော ကဟာပဏော, လောဟမာသကော, ဒါရုမာသကော, ဇတုမာသကော ယေ ဝေါဟာရံ ဂစ္ဆန္တိ။</p>
<p class=""bodytext""><span class=""bld"">သမာပဇ္ဇေယျာ</span>တိ ကတေန ကတံ စေတာပေတိ, နိဿဂ္ဂိယံ ပါစိတ္တိယံ <span class=""note"">[နိဿဂ္ဂိယံ ဟောတိ (သျာ။)]</span>။ ကတေန အကတံ စေတာပေတိ, နိဿဂ္ဂိယံ ပါစိတ္တိယံ။ ကတေန ကတာကတံ စေတာပေတိ, နိဿဂ္ဂိယံ ပါစိတ္တိယံ။ အကတေန ကတံ စေတာပေတိ, နိဿဂ္ဂိယံ ပါစိတ္တိယံ။ အကတေန အကတံ စေတာပေတိ, နိဿဂ္ဂိယံ ပါစိတ္တိယံ။ အကတေန ကတာကတံ စေတာပေတိ, နိဿဂ္ဂိယံ ပါစိတ္တိယံ။ ကတာကတေန ကတံ စေတာပေတိ, နိဿဂ္ဂိယံ ပါစိတ္တိယံ။ ကတာကတေန အကတံ စေတာပေတိ, နိဿဂ္ဂိယံ ပါစိတ္တိယံ။ ကတာကတေန ကတာကတံ စေတာပေတိ, နိဿဂ္ဂိယံ ပါစိတ္တိယံ။ သံဃမဇ္ဈေ နိဿဇ္ဇိတဗ္ဗံ။ ဧဝဉ္စ ပန, ဘိက္ခဝေ, နိဿဇ္ဇိတဗ္ဗံ။ တေန ဘိက္ခုနာ သံဃံ ဥပသင်္ကမိတွာ ဧကံသံ ဥတ္တရာသင်္ဂံ ကရိတွာ ဝုဍ္ဎာနံ ဘိက္ခူနံ ပါဒေ ဝန္ဒိတွာ ဥက္ကုဋိကံ နိသီဒိတွာ အဉ္ဇလိံ ပဂ္ဂဟေတွာ ဧဝမဿ ဝစနီယော <a name=""V0.0360""></a> – ‘‘အဟံ, ဘန္တေ, နာနပ္ပကာရကံ ရူပိယသံဝေါဟာရံ သမာပဇ္ဇိံ။ ဣဒံ မေ နိဿဂ္ဂိယံ။ ဣမာဟံ သံဃဿ နိဿဇ္ဇာမီ’’တိ။ နိဿဇ္ဇိတွာ အာပတ္တိ ဒေသေတဗ္ဗာ။ ဗျတ္တေန ဘိက္ခုနာ ပဋိဗလေန အာပတ္တိ ပဋိဂ္ဂဟေတဗ္ဗာ။ သစေ တတ္ထ အာဂစ္ဆတိ အာရာမိကော ဝါ ဥပါသကော ဝါ သော ဝတ္တဗ္ဗော – ‘‘အာဝုသော, ဣမံ ဇာနာဟီ’’တိ။ သစေ သော ဘဏတိ – ‘‘ဣမိနာ ကိံ အာဟရိယျတူ’’တိ, န ဝတ္တဗ္ဗော – ‘‘ဣမံ <a name=""T2.0096""></a> ဝါ ဣမံ ဝါ အာဟရာ’’တိ။ ကပ္ပိယံ အာစိက္ခိတဗ္ဗံ – သပ္ပိ ဝါ တေလံ ဝါ မဓု ဝါ ဖာဏိတံ ဝါ။ သစေ သော တေန ပရိဝတ္တေတွာ ကပ္ပိယံ အာဟရတိ, ရူပိယစေတာပကံ ဌပေတွာ, သဗ္ဗေဟေဝ ပရိဘုဉ္ဇိတဗ္ဗံ။ ဧဝဉ္စေတံ လဘေထ, ဣစ္စေတံ ကုသလံ၊ နော စေ လဘေထ, သော ဝတ္တဗ္ဗော – ‘‘အာဝုသော, ဣမံ ဆဍ္ဍေဟီ’’တိ။ သစေ သော ဆဍ္ဍေတိ, ဣစ္စေတံ ကုသလံ၊ နော စေ ဆဍ္ဍေတိ, ပဉ္စဟင်္ဂေဟိ သမန္နာဂတော ဘိက္ခု ရူပိယဆဍ္ဍကော သမ္မန္နိတဗ္ဗော – ယော န ဆန္ဒာဂတိံ ဂစ္ဆေယျ, န ဒေါသာဂတိံ ဂစ္ဆေယျ, န မောဟာဂတိံ ဂစ္ဆေယျ, န ဘယာဂတိံ ဂစ္ဆေယျ, ဆဍ္ဍိတာဆဍ္ဍိတဉ္စ ဇာနေယျ။ ဧဝဉ္စ ပန, ဘိက္ခဝေ, သမ္မန္နိတဗ္ဗော။ ပဌမံ ဘိက္ခု ယာစိတဗ္ဗော။ ယာစိတွာ ဗျတ္တေန ဘိက္ခုနာ ပဋိဗလေန သံဃော ဉာပေတဗ္ဗော –</p>
",
349,mula_vi_01,349,"<p class=""bodytext""><a name=""para590""></a><a name=""para590_vin1""></a><span class=""paranum"">၅၉၀</span>။ ‘‘သုဏာတု <a name=""M0.0349""></a> မေ, ဘန္တေ, သံဃော။ ယဒိ သံဃဿ ပတ္တကလ္လံ, သံဃော ဣတ္ထန္နာမံ ဘိက္ခုံ ရူပိယဆဍ္ဍကံ သမ္မန္နေယျ။ ဧသာ ဉတ္တိ။</p>
<p class=""bodytext"">‘‘သုဏာတု မေ, ဘန္တေ, သံဃော။ သံဃော ဣတ္ထန္နာမံ ဘိက္ခုံ ရူပိယဆဍ္ဍကံ သမ္မန္နတိ။ ယဿာယသ္မတော ခမတိ ဣတ္ထန္နာမဿ ဘိက္ခုနော ရူပိယဆဍ္ဍကဿ သမ္မုတိ, သော တုဏှဿ၊ ယဿ နက္ခမတိ, သော ဘာသေယျ။</p>
<p class=""bodytext"">‘‘သမ္မတော သံဃေန ဣတ္ထန္နာမော ဘိက္ခု ရူပိယဆဍ္ဍကော။ ခမတိ သံဃဿ, တသ္မာ တုဏှီ, ဧဝမေတံ ဓာရယာမီ’’တိ။</p>
<p class=""bodytext"">တေန သမ္မတေန ဘိက္ခုနာ အနိမိတ္တံ ကတွာ ပါတေတဗ္ဗံ။ သစေ နိမိတ္တံ ကတွာ ပါတေတိ, အာပတ္တိ ဒုက္ကဋဿ။</p>
<p class=""bodytext""><a name=""para591""></a><a name=""para591_vin1""></a><span class=""paranum"">၅၉၁</span>။ ရူပိယေ ရူပိယသညီ ရူပိယံ စေတာပေတိ, နိဿဂ္ဂိယံ ပါစိတ္တိယံ။ ရူပိယေ <a name=""T2.0097""></a> ဝေမတိကော ရူပိယံ စေတာပေတိ, နိဿဂ္ဂိယံ ပါစိတ္တိယံ။ ရူပိယေ အရူပိယသညီ ရူပိယံ စေတာပေတိ, နိဿဂ္ဂိယံ ပါစိတ္တိယံ။ အရူပိယေ ရူပိယသညီ ရူပိယံ စေတာပေတိ, နိဿဂ္ဂိယံ ပါစိတ္တိယံ<a name=""V0.0361""></a>။ အရူပိယေ ဝေမတိကော ရူပိယံ စေတာပေတိ, နိဿဂ္ဂိယံ ပါစိတ္တိယံ။ အရူပိယေ အရူပိယသညီ ရူပိယံ စေတာပေတိ, နိဿဂ္ဂိယံ ပါစိတ္တိယံ။</p>
<p class=""bodytext"">အရူပိယေ ရူပိယသညီ, အာပတ္တိ ဒုက္ကဋဿ။ အရူပိယေ ဝေမတိကော, အာပတ္တိ ဒုက္ကဋဿ။ အရူပိယေ အရူပိယသညီ, အနာပတ္တိ။</p>
<p class=""bodytext""><a name=""para592""></a><a name=""para592_vin1""></a><span class=""paranum"">၅၉၂</span>။ အနာပတ္တိ ဥမ္မတ္တကဿ, အာဒိကမ္မိကဿာတိ။</p>
<p class=""centered"">ရူပိယသံဝေါဟာရသိက္ခာပဒံ နိဋ္ဌိတံ နဝမံ။</p>
<p class=""title"">၁၀။ ကယဝိက္ကယသိက္ခာပဒံ</p>
<p class=""bodytext""><a name=""para593""></a><a name=""para593_vin1""></a><span class=""paranum"">၅၉၃</span>။ တေန <a name=""T2.0098""></a> သမယေန ဗုဒ္ဓေါ ဘဂဝါ သာဝတ္ထိယံ ဝိဟရတိ ဇေတဝနေ အနာထပိဏ္ဍိကဿ အာရာမေ။ တေန ခေါ ပန သမယေန အာယသ္မာ ဥပနန္ဒော သကျပုတ္တော ပဋ္ဋော ဟောတိ စီဝရကမ္မံ ကာတုံ။ သော ပဋပိလောတိကာနံ သံဃာဋိံ ကရိတွာ သုရတ္တံ သုပရိကမ္မကတံ ကတွာ ပါရုပိ။ အထ ခေါ အညတရော ပရိဗ္ဗာဇကော မဟဂ္ဃံ ပဋံ ပါရုပိတွာ ယေနာယသ္မာ ဥပနန္ဒော သကျပုတ္တော တေနုပသင်္ကမိ၊ ဥပသင်္ကမိတွာ အာယသ္မန္တံ ဥပနန္ဒံ</p>
",-590-591-592-593-
350,mula_vi_01,350,"<p class=""noindentbodytext""> သကျပုတ္တံ<a name=""M0.0350""></a> ဧတဒဝေါစ – ‘‘သုန္ဒရာ <a name=""P3.0241""></a> ခေါ တျာယံ, အာဝုသော, သံဃာဋိ၊ ဒေဟိ မေ ပဋေနာ’’တိ။ ‘‘ဇာနာဟိ, အာဝုသော’’တိ။ ‘‘အာမာဝုသော, ဇာနာမီ’’တိ။ ‘‘ဟန္ဒာဝုသော’’တိ, အဒါသိ။ အထ ခေါ သော ပရိဗ္ဗာဇကော တံ သံဃာဋိံ ပါရုပိတွာ ပရိဗ္ဗာဇကာရာမံ အဂမာသိ။ ပရိဗ္ဗာဇကာ တံ ပရိဗ္ဗာဇကံ ဧတဒဝေါစုံ – ‘‘သုန္ဒရာ ခေါ တျာယံ, အာဝုသော, သံဃာဋိ၊ ကုတော တယာ လဒ္ဓါ’’တိ? ‘‘တေန မေ, အာဝုသော, ပဋေန ပရိဝတ္တိတာ’’တိ။ ‘‘ကတိဟိပိ တျာယံ, အာဝုသော, သံဃာဋိ ဘဝိဿတိ, သောယေဝ တေ ပဋော ဝရော’’တိ။</p>
<p class=""bodytext"">အထ ခေါ သော ပရိဗ္ဗာဇကော – ‘‘သစ္စံ ခေါ ပရိဗ္ဗာဇကာ အာဟံသု – ‘ကတိဟိပိ မျာယံ သံဃာဋိ ဘဝိဿတိ! သောယေဝ မေ ပဋော ဝရော’’’တိ ယေနာယသ္မာ ဥပနန္ဒော သကျပုတ္တော တေနုပသင်္ကမိ၊ ဥပသင်္ကမိတွာ အာယသ္မန္တံ ဥပနန္ဒံ သကျပုတ္တံ ဧတဒဝေါစ – ‘‘ဟန္ဒ တေ, အာဝုသော, သံဃာဋိ <span class=""note"">[သံဃာဋိံ (သျာ။ က။)]</span>၊ ဒေဟိ မေ ပဋ’’န္တိ။ ‘‘နနု တွံ, အာဝုသော, မယာ ဝုတ္တော – ‘ဇာနာဟိ, အာဝုသော’တိ<a name=""T2.0099""></a>! နာဟ ဒဿာမီ’’တိ။ အထ ခေါ သော ပရိဗ္ဗာဇကော ဥဇ္ဈာယတိ ခိယျတိ ဝိပါစေတိ – ‘‘ဂိဟီပိ နံ ဂိဟိဿ <a name=""V0.0362""></a> ဝိပ္ပဋိသာရိဿ ဒေန္တိ, ကိံ ပန ပဗ္ဗဇိတော ပဗ္ဗဇိတဿ န ဒဿတီ’’တိ! အဿောသုံ ခေါ ဘိက္ခူ တဿ ပရိဗ္ဗာဇကဿ ဥဇ္ဈာယန္တဿ ခိယျန္တဿ ဝိပါစေန္တဿ။ ယေ တေ ဘိက္ခူ အပ္ပိစ္ဆာ…ပေ… တေ ဥဇ္ဈာယန္တိ ခိယျန္တိ ဝိပါစေန္တိ – ‘‘ကထဉှိ နာမ အာယသ္မာ ဥပနန္ဒော သကျပုတ္တော ပရိဗ္ဗာဇကေန သဒ္ဓိံ ကယဝိက္ကယံ သမာပဇ္ဇိဿတီ’’တိ! အထ ခေါ တေ ဘိက္ခူ အာယသ္မန္တံ ဥပနန္ဒံ သကျပုတ္တံ အနေကပရိယာယေန ဝိဂရဟိတွာ ဘဂဝတော ဧတမတ္ထံ အာရောစေသုံ…ပေ… ‘‘သစ္စံ ကိရ တွံ, ဥပနန္ဒ, ပရိဗ္ဗာဇကေန သဒ္ဓိံ ကယဝိက္ကယံ သမာပဇ္ဇသီ’’တိ? ‘‘သစ္စံ, ဘဂဝါ’’တိ။ ဝိဂရဟိ ဗုဒ္ဓေါ ဘဂဝါ…ပေ… ကထဉှိ နာမ တွံ, မောဃပုရိသ, ပရိဗ္ဗာဇကေန သဒ္ဓိံ ကယဝိက္ကယံ သမာပဇ္ဇိဿသိ! နေတံ, မောဃပုရိသ, အပ္ပသန္နာနံ ဝါ ပသာဒါယ…ပေ… ဧဝဉ္စ ပန, ဘိက္ခဝေ, ဣမံ သိက္ခာပဒံ ဥဒ္ဒိသေယျာထ –</p>
<p class=""bodytext""><a name=""para594""></a><a name=""para594_vin1""></a><span class=""paranum"">၅၉၄</span>။ <span class=""bld"">‘‘ယော ပန ဘိက္ခု နာနပ္ပကာရကံ ကယဝိက္ကယံ သမာပဇ္ဇေယျ, နိဿဂ္ဂိယံ ပါစိတ္တိယ’’</span>န္တိ။</p>
<p class=""bodytext""><a name=""para595""></a><a name=""para595_vin1""></a><span class=""paranum"">၅၉၅</span>။ <span class=""bld"">ယော ပနာ</span>တိ ယော ယာဒိသော…ပေ… <span class=""bld"">ဘိက္ခူ</span>တိ…ပေ… အယံ ဣမသ္မိံ အတ္ထေ အဓိပ္ပေတော ‘‘ဘိက္ခူ’’တိ။</p>
",-594-595-
351,mula_vi_01,351,"<p class=""bodytext""><span class=""bld"">နာနပ္ပကာရကံ</span> <a name=""M0.0351""></a> နာမ စီဝရပိဏ္ဍပါတသေနာသနဂိလာနပ္ပစ္စယဘေသဇ္ဇပရိက္ခာရာ, အန္တမသော စုဏ္ဏပိဏ္ဍောပိ ဒန္တကဋ္ဌမ္ပိ ဒသိကသုတ္တမ္ပိ။</p>
<p class=""bodytext""><span class=""bld"">ကယဝိက္ကယံ သမာပဇ္ဇေယျာ</span>တိ ဣမိနာ <a name=""T2.0100""></a> ဣမံ ဒေဟိ, ဣမိနာ ဣမံ အာဟရ, ဣမိနာ ဣမံ ပရိဝတ္တေဟိ, ဣမိနာ ဣမံ စေတာပေဟီတိ။ အဇ္ဈာစရတိ, အာပတ္တိ ဒုက္ကဋဿ။ ယတော ကယိတဉ္စ ဟောတိ ဝိက္ကယိတဉ္စ အတ္တနော ဘဏ္ဍံ ပရဟတ္ထဂတံ ပရဘဏ္ဍံ အတ္တနော ဟတ္ထဂတံ, နိဿဂ္ဂိယံ ဟောတိ။ နိဿဇ္ဇိတဗ္ဗံ သံဃဿ ဝါ ဂဏဿ ဝါ ပုဂ္ဂလဿ <a name=""P3.0242""></a> ဝါ။ ဧဝဉ္စ ပန, ဘိက္ခဝေ, နိဿဇ္ဇိတဗ္ဗံ…ပေ… အဟံ, ဘန္တေ, နာနပ္ပကာရကံ ကယဝိက္ကယံ သမာပဇ္ဇိံ။ ဣဒံ မေ နိဿဂ္ဂိယံ။ ဣမာဟံ သံဃဿ နိဿဇ္ဇာမီတိ…ပေ… ဒဒေယျာတိ…ပေ… ဒဒေယျုန္တိ…ပေ… အာယသ္မတော ဒမ္မီတိ။</p>
<p class=""bodytext""><a name=""para596""></a><a name=""para596_vin1""></a><span class=""paranum"">၅၉၆</span>။ ကယဝိက္ကယေ ကယဝိက္ကယသညီ, နိဿဂ္ဂိယံ ပါစိတ္တိယံ။ ကယဝိက္ကယေ ဝေမတိကော<a name=""V0.0363""></a>, နိဿဂ္ဂိယံ ပါစိတ္တိယံ။ ကယဝိက္ကယေ နကယဝိက္ကယသညီ, နိဿဂ္ဂိယံ ပါစိတ္တိယံ။</p>
<p class=""bodytext"">နကယဝိက္ကယေ ကယဝိက္ကယသညီ, အာပတ္တိ ဒုက္ကဋဿ။ နကယဝိက္ကယေ ဝေမတိကော, အာပတ္တိ ဒုက္ကဋဿ။ နကယဝိက္ကယေ နကယဝိက္ကယသညီ, အနာပတ္တိ။</p>
<p class=""bodytext""><a name=""para597""></a><a name=""para597_vin1""></a><span class=""paranum"">၅၉၇</span>။ အနာပတ္တိ – အဂ္ဃံ ပုစ္ဆတိ, ကပ္ပိယကာရကဿ အာစိက္ခတိ, ‘‘ဣဒံ အမှာကံ အတ္ထိ, အမှာကဉ္စ ဣမိနာ စ ဣမိနာ စ အတ္ထော’’တိ ဘဏတိ, ဥမ္မတ္တကဿ, အာဒိကမ္မိကဿာတိ။</p>
<p class=""centered"">ကယဝိက္ကယသိက္ခာပဒံ နိဋ္ဌိတံ ဒသမံ။</p>
<p class=""centered"">ကောသိယဝဂ္ဂေါ ဒုတိယော။</p>
<p class=""centered"">တဿုဒ္ဒါနံ –</p>
<p class=""gatha1"">ကောသိယာ <a name=""T2.0101""></a> သုဒ္ဓဒွေဘာဂါ, ဆဗ္ဗဿာနိ နိသီဒနံ၊</p>
<p class=""gathalast"">ဒွေ စ လောမာနိ ဥဂ္ဂဏှေ, ဥဘော နာနပ္ပကာရကာတိ။</p>
",-596-597-
352,mula_vi_01,352,"<p class=""title"">၃။ ပတ္တဝဂ္ဂေါ</p><p class=""title"">၁။ ပတ္တသိက္ခာပဒံ</p>
<p class=""bodytext""><a name=""para598""></a><a name=""para598_vin1""></a><span class=""paranum"">၅၉၈</span>။ တေန <a name=""T2.0102""></a><a name=""M0.0352""></a><a name=""V0.0364""></a> သမယေန ဗုဒ္ဓေါ ဘဂဝါ သာဝတ္ထိယံ ဝိဟရတိ ဇေတဝနေ အနာထပိဏ္ဍိကဿ အာရာမေ။ တေန ခေါ ပန သမယေန ဆဗ္ဗဂ္ဂိယာ ဘိက္ခူ ဗဟူ ပတ္တေ သန္နိစယံ ကရောန္တိ။ မနုဿာ ဝိဟာရစာရိကံ အာဟိဏ္ဍန္တာ ပဿိတွာ ဥဇ္ဈာယန္တိ ခိယျန္တိ ဝိပါစေန္တိ – ‘‘ကထဉှိ နာမ သမဏာ သကျပုတ္တိယာ ဗဟူ ပတ္တေ သန္နိစယံ ကရိဿန္တိ, ပတ္တဝါဏိဇ္ဇံ ဝါ သမဏာ သကျပုတ္တိယာ ကရိဿန္တိ အာမတ္တိကာပဏံ ဝါ ပသာရေဿန္တီ’’တိ! အဿောသုံ ခေါ ဘိက္ခူ တေသံ မနုဿာနံ ဥဇ္ဈာယန္တာနံ ခိယျန္တာနံ ဝိပါစေန္တာနံ။ ယေ တေ ဘိက္ခူ အပ္ပိစ္ဆာ…ပေ… တေ ဥဇ္ဈာယန္တိ ခိယျန္တိ ဝိပါစေန္တိ – ‘‘ကထဉှိ နာမ ဆဗ္ဗဂ္ဂိယာ ဘိက္ခူ အတိရေကပတ္တံ ဓာရေဿန္တီ’’တိ! အထ ခေါ တေ ဘိက္ခူ ဆဗ္ဗဂ္ဂိယေ ဘိက္ခူ အနေကပရိယာယေန ဝိဂရဟိတွာ ဘဂဝတော ဧတမတ္ထံ အာရောစေသုံ…ပေ… ‘‘သစ္စံ ကိရ တုမှေ, ဘိက္ခဝေ, အတိရေကပတ္တံ ဓာရေထာ’’တိ? ‘‘သစ္စံ, ဘဂဝါ’’တိ။ ဝိဂရဟိ ဗုဒ္ဓေါ ဘဂဝါ…ပေ… ကထဉှိ နာမ တုမှေ, မောဃပုရိသာ, အတိရေကပတ္တံ ဓာရေဿထ! နေတံ, မောဃပုရိသာ, အပ္ပသန္နာနံ ဝါ ပသာဒါယ <a name=""P3.0243""></a>…ပေ… ဧဝဉ္စ ပန, ဘိက္ခဝေ, ဣမံ သိက္ခာပဒံ ဥဒ္ဒိသေယျာထ –</p>
<p class=""bodytext""><a name=""para599""></a><a name=""para599_vin1""></a><span class=""paranum"">၅၉၉</span>။ <span class=""bld"">‘‘ယော ပန ဘိက္ခု အတိရေကပတ္တံ ဓာရေယျ, နိဿဂ္ဂိယံ ပါစိတ္တိယ’’</span>န္တိ။</p>
<p class=""bodytext"">ဧဝဉ္စိဒံ ဘဂဝတာ ဘိက္ခူနံ သိက္ခာပဒံ ပညတ္တံ ဟောတိ။</p>
<p class=""bodytext""><a name=""para600""></a><a name=""para600_vin1""></a><span class=""paranum"">၆၀၀</span>။ တေန ခေါ ပန သမယေန အာယသ္မတော အာနန္ဒဿ အတိရေကပတ္တော ဥပ္ပန္နော <a name=""T2.0103""></a> ဟောတိ။ အာယသ္မာ <a name=""V0.0365""></a> စ အာနန္ဒော တံ ပတ္တံ အာယသ္မတော သာရိပုတ္တဿ ဒါတုကာမော ဟောတိ။ အာယသ္မာ စ သာရိပုတ္တော သာကေတေ ဝိဟရတိ။ အထ ခေါ အာယသ္မတော အာနန္ဒဿ ဧတဒဟောသိ – ‘‘ဘဂဝတာ သိက္ခာပဒံ ပညတ္တံ – ‘န အတိရေကပတ္တော ဓာရေတဗ္ဗော’တိ။ အယဉ္စ မေ အတိရေကပတ္တော ဥပ္ပန္နော။ အဟဉ္စိမံ ပတ္တံ အာယသ္မတော သာရိပုတ္တဿ ဒါတုကာမော။ အာယသ္မာ စ သာရိပုတ္တော သာကေတေ ဝိဟရတိ။ ကထံ နု ခေါ မယာ ပဋိပဇ္ဇိတဗ္ဗ’’န္တိ? ဘဂဝတော ဧတမတ္ထံ အာရောစေသိ။ ‘‘ကီဝစိရံ ပနာနန္ဒ, သာရိပုတ္တော အာဂစ္ဆိဿတီ’’တိ? ‘‘နဝမံ ဝါ, ဘဂဝါ, ဒိဝသံ ဒသမံ ဝါ’’တိ။ အထ ခေါ ဘဂဝါ ဧတသ္မိံ နိဒါနေ ဧတသ္မိံ ပကရဏေ ဓမ္မိံ ကထံ ကတွာ ဘိက္ခူ အာမန္တေသိ – ‘‘အနုဇာနာမိ,</p>
",-598-599-600-
353,mula_vi_01,353,"<p class=""noindentbodytext""> ဘိက္ခဝေ<a name=""M0.0353""></a>, ဒသာဟပရမံ အတိရေကပတ္တံ ဓာရေတုံ။ ဧဝဉ္စ ပန, ဘိက္ခဝေ, ဣမံ သိက္ခာပဒံ ဥဒ္ဒိသေယျာထ –</p>
<p class=""bodytext""><a name=""para601""></a><a name=""para601_vin1""></a><span class=""paranum"">၆၀၁</span>။ <span class=""bld"">‘‘ဒသာဟပရမံ အတိရေကပတ္တော ဓာရေတဗ္ဗော။ တံ အတိက္ကာမယတော နိဿဂ္ဂိယံ ပါစိတ္တိယ’’</span>န္တိ။</p>
<p class=""bodytext""><a name=""para602""></a><a name=""para602_vin1""></a><span class=""paranum"">၆၀၂</span>။ <span class=""bld"">ဒသာဟပရမ</span>န္တိ ဒသာဟပရမတာ ဓာရေတဗ္ဗော။</p>
<p class=""bodytext""><span class=""bld"">အတိရေကပတ္တော</span> နာမ အနဓိဋ္ဌိတော အဝိကပ္ပိတော။</p>
<p class=""bodytext""><span class=""bld"">ပတ္တော</span> နာမ ဒွေ ပတ္တာ အယောပတ္တော မတ္တိကာပတ္တောတိ။</p>
<p class=""bodytext"">တယော ပတ္တဿ ဝဏ္ဏာ ဥက္ကဋ္ဌော ပတ္တော မဇ္ဈိမော ပတ္တော ဩမကော ပတ္တော။ <span class=""bld"">ဥက္ကဋ္ဌော</span> နာမ <span class=""bld"">ပတ္တော</span> အဍ္ဎာဠှကောဒနံ ဂဏှာတိ စတုဘာဂံ ခါဒနံ တဒုပိယံ ဗျဉ္ဇနံ။ <span class=""bld"">မဇ္ဈိမော</span> နာမ <span class=""bld"">ပတ္တော</span> နာဠိကောဒနံ ဂဏှာတိ စတုဘာဂံ ခါဒနံ တဒုပိယံ <a name=""T2.0104""></a> ဗျဉ္ဇနံ။ <span class=""bld"">ဩမကော</span> နာမ <span class=""bld"">ပတ္တော</span> ပတ္ထောဒနံ ဂဏှာတိ စတုဘာဂံ ခါဒနံ တဒုပိယံ ဗျဉ္ဇနံ။ တတော ဥက္ကဋ္ဌော အပတ္တော, ဩမကော အပတ္တော။</p>
<p class=""bodytext""><span class=""bld"">တံ အတိက္ကာမယတော နိဿဂ္ဂိယော ဟောတီ</span>တိ ဧကာဒသေ အရုဏုဂ္ဂမနေ နိဿဂ္ဂိယော ဟောတိ။ နိဿဇ္ဇိတဗ္ဗော သံဃဿ ဝါ ဂဏဿ ဝါ ပုဂ္ဂလဿ ဝါ။ ဧဝဉ္စ ပန, ဘိက္ခဝေ, နိဿဇ္ဇိတဗ္ဗော။ တေန ဘိက္ခုနာ သံဃံ ဥပသင်္ကမိတွာ ဧကံသံ ဥတ္တရာသင်္ဂံ ကရိတွာ ဝုဍ္ဎာနံ ဘိက္ခူနံ ပါဒေ ဝန္ဒိတွာ ဥက္ကုဋိကံ နိသီဒိတွာ အဉ္ဇလိံ ပဂ္ဂဟေတွာ ဧဝမဿ ဝစနီယော – ‘‘အယံ မေ, ဘန္တေ, ပတ္တော ဒသာဟာတိက္ကန္တော <a name=""P3.0244""></a> နိဿဂ္ဂိယော။ ဣမာဟံ သံဃဿ နိဿဇ္ဇာမီ’’တိ။ နိဿဇ္ဇိတွာ <a name=""V0.0366""></a> အာပတ္တိ ဒေသေတဗ္ဗာ။ ဗျတ္တေန ဘိက္ခုနာ ပဋိဗလေန အာပတ္တိ ပဋိဂ္ဂဟေတဗ္ဗာ, နိဿဋ္ဌပတ္တော ဒါတဗ္ဗော။</p>
<p class=""bodytext""><a name=""para603""></a><a name=""para603_vin1""></a><span class=""paranum"">၆၀၃</span>။ ‘‘သုဏာတု မေ, ဘန္တေ, သံဃော။ အယံ ပတ္တော ဣတ္ထန္နာမဿ ဘိက္ခုနော နိဿဂ္ဂိယော သံဃဿ နိဿဋ္ဌော။ ယဒိ သံဃဿ ပတ္တကလ္လံ, သံဃော ဣမံ ပတ္တံ ဣတ္ထန္နာမဿ ဘိက္ခုနော ဒဒေယျာ’’တိ။</p>
<p class=""bodytext""><a name=""para604""></a><a name=""para604_vin1""></a><span class=""paranum"">၆၀၄</span>။ တေန ဘိက္ခုနာ သမ္ဗဟုလေ ဘိက္ခူ ဥပသင်္ကမိတွာ ဧကံသံ ဥတ္တရာသင်္ဂံ ကရိတွာ ဝုဍ္ဎာနံ ဘိက္ခူနံ ပါဒေ ဝန္ဒိတွာ ဥက္ကုဋိကံ နိသီဒိတွာ <a name=""T2.0105""></a> အဉ္ဇလိံ ပဂ္ဂဟေတွာ ဧဝမဿု ဝစနီယာ – ‘‘အယံ မေ, ဘန္တေ, ပတ္တော ဒသာဟာတိက္ကန္တော နိဿဂ္ဂိယော။ ဣမာဟံ အာယသ္မန္တာနံ နိဿဇ္ဇာမီ’’တိ။</p>
",-601-602-603-604-
354,mula_vi_01,354,"<p class=""noindentbodytext""> နိဿဇ္ဇိတွာ<a name=""M0.0354""></a> အာပတ္တိ ဒေသေတဗ္ဗာ။ ဗျတ္တေန ဘိက္ခုနာ ပဋိဗလေန အာပတ္တိ ပဋိဂ္ဂဟေတဗ္ဗာ, နိဿဋ္ဌပတ္တော ဒါတဗ္ဗော။</p>
<p class=""bodytext""><a name=""para605""></a><a name=""para605_vin1""></a><span class=""paranum"">၆၀၅</span>။ ‘‘သုဏန္တု မေ အာယသ္မန္တာ။ အယံ ပတ္တော ဣတ္ထန္နာမဿ ဘိက္ခုနော နိဿဂ္ဂိယော အာယသ္မန္တာနံ နိဿဋ္ဌော။ ယဒါယသ္မန္တာနံ ပတ္တကလ္လံ, အာယသ္မန္တာ ဣမံ ပတ္တံ ဣတ္ထန္နာမဿ ဘိက္ခုနော ဒဒေယျု’’န္တိ။</p>
<p class=""bodytext""><a name=""para606""></a><a name=""para606_vin1""></a><span class=""paranum"">၆၀၆</span>။ တေန ဘိက္ခုနာ ဧကံ ဘိက္ခုံ ဥပသင်္ကမိတွာ ဧကံသံ ဥတ္တရာသင်္ဂံ ကရိတွာ ဥက္ကုဋိကံ နိသီဒိတွာ အဉ္ဇလိံ ပဂ္ဂဟေတွာ ဧဝမဿ ဝစနီယော – ‘‘အယံ မေ, အာဝုသော, ပတ္တော ဒသာဟာတိက္ကန္တော နိဿဂ္ဂိယော။ ဣမာဟံ အာယသ္မတော နိဿဇ္ဇာမီ’’တိ။ နိဿဇ္ဇိတွာ အာပတ္တိ ဒေသေတဗ္ဗာ။ တေန ဘိက္ခုနာ အာပတ္တိ ပဋိဂ္ဂဟေတဗ္ဗာ, နိဿဋ္ဌပတ္တော ဒါတဗ္ဗော – ‘‘ဣမံ ပတ္တံ အာယသ္မတော ဒမ္မီ’’တိ။</p>
<p class=""bodytext""><a name=""para607""></a><a name=""para607_vin1""></a><span class=""paranum"">၆၀၇</span>။ ဒသာဟာတိက္ကန္တေ အတိက္ကန္တသညီ, နိဿဂ္ဂိယံ ပါစိတ္တိယံ။ ဒသာဟာတိက္ကန္တေ ဝေမတိကော, နိဿဂ္ဂိယံ ပါစိတ္တိယံ။ ဒသာဟာတိက္ကန္တေ အနတိက္ကန္တသညီ, နိဿဂ္ဂိယံ ပါစိတ္တိယံ။ အနဓိဋ္ဌိတေ အဓိဋ္ဌိတသညီ, နိဿဂ္ဂိယံ ပါစိတ္တိယံ။ အဝိကပ္ပိတေ ဝိကပ္ပိတသညီ, နိဿဂ္ဂိယံ ပါစိတ္တိယံ။ အဝိဿဇ္ဇိတေ ဝိဿဇ္ဇိတသညီ, နိဿဂ္ဂိယံ ပါစိတ္တိယံ။ အနဋ္ဌေ နဋ္ဌသညီ နိဿဂ္ဂိယံ ပါစိတ္တိယံ။ အဝိနဋ္ဌေ ဝိနဋ္ဌသညီ, နိဿဂ္ဂိယံ <a name=""T2.0106""></a> ပါစိတ္တိယံ<a name=""V0.0367""></a>။ အဘိန္နေ ဘိန္နသညီ, နိဿဂ္ဂိယံ ပါစိတ္တိယံ။ အဝိလုတ္တေ ဝိလုတ္တသညီ, နိဿဂ္ဂိယံ ပါစိတ္တိယံ။</p>
<p class=""bodytext"">နိဿဂ္ဂိယံ ပတ္တံ အနိဿဇ္ဇိတွာ ပရိဘုဉ္ဇတိ, အာပတ္တိ ဒုက္ကဋဿ။ ဒသာဟာနတိက္ကန္တေ အတိက္ကန္တသညီ, အာပတ္တိ ဒုက္ကဋဿ။ ဒသာဟာနတိက္ကန္တေ ဝေမတိကော, အာပတ္တိ ဒုက္ကဋဿ။ ဒသာဟာနတိက္ကန္တေ အနတိက္ကန္တသညီ, အနာပတ္တိ။</p>
<p class=""bodytext""><a name=""para608""></a><a name=""para608_vin1""></a><span class=""paranum"">၆၀၈</span>။ အနာပတ္တိ အန္တောဒသာဟံ အဓိဋ္ဌေတိ, ဝိကပ္ပေတိ, ဝိဿဇ္ဇေတိ, နဿတိ, ဝိနဿတိ, ဘိဇ္ဇတိ, အစ္ဆိန္ဒိတွာ ဂဏှန္တိ, ဝိဿာသံ ဂဏှန္တိ, ဥမ္မတ္တကဿ, အာဒိကမ္မိကဿာတိ။</p>
<p class=""bodytext"">တေန ခေါ ပန သမယေန ဆဗ္ဗဂ္ဂိယာ ဘိက္ခူ နိဿဋ္ဌပတ္တံ န ဒေန္တိ။ ဘဂဝတော ဧတမတ္ထံ အာရောစေသုံ။ ‘‘န, ဘိက္ခဝေ, နိဿဋ္ဌပတ္တော န ဒါတဗ္ဗော။ ယော န ဒဒေယျ, အာပတ္တိ ဒုက္ကဋဿာ’’တိ။</p>
<p class=""centered"">ပတ္တသိက္ခာပဒံ နိဋ္ဌိတံ ပဌမံ။</p>
",-605-606-607-608-
355,mula_vi_01,355,"<p class=""title"">၂။ ဦနပဉ္စဗန္ဓနသိက္ခာပဒံ</p>
<p class=""bodytext""><a name=""para609""></a><a name=""para609_vin1""></a><span class=""paranum"">၆၀၉</span>။ တေန <a name=""T2.0107""></a><a name=""M0.0355""></a> သမယေန ဗုဒ္ဓေါ ဘဂဝါ သက္ကေသု ဝိဟရတိ ကပိလဝတ္ထုသ္မိံ နိဂြောဓာရာမေ။ တေန ခေါ ပန သမယေန အညတရေန ကုမ္ဘကာရေန ဘိက္ခူ ပဝါရိတာ ဟောန္တိ – ‘‘ယေသံ အယျာနံ ပတ္တေန အတ္ထော အဟံ ပတ္တေနာ’’တိ။ တေန ခေါ ပန သမယေန ဘိက္ခူ န မတ္တံ ဇာနိတွာ ဗဟူ ပတ္တေ ဝိညာပေန္တိ။ ယေသံ ခုဒ္ဒကာ ပတ္တာ တေ မဟန္တေ ပတ္တေ ဝိညာပေန္တိ။ ယေသံ မဟန္တာ ပတ္တာ တေ ခုဒ္ဒကေ ပတ္တေ ဝိညာပေန္တိ။ အထ ခေါ သော ကုမ္ဘကာရော ဘိက္ခူနံ ဗဟူ ပတ္တေ ကရောန္တော န သက္ကောတိ အညံ ဝိက္ကာယိကံ ဘဏ္ဍံ ကာတုံ, အတ္တနာပိ န ယာပေတိ, ပုတ္တဒါရာပိဿ ကိလမန္တိ။ မနုဿာ ဥဇ္ဈာယန္တိ ခိယျန္တိ ဝိပါစေန္တိ – ‘‘ကထဉှိ နာမ သမဏာ သကျပုတ္တိယာ န မတ္တံ ဇာနိတွာ ဗဟူ ပတ္တေ ဝိညာပေဿန္တိ! အယံ ဣမေသံ ဗဟူ ပတ္တေ ကရောန္တော န <a name=""P3.0245""></a> သက္ကောတိ အညံ ဝိက္ကာယိကံ ဘဏ္ဍံ ကာတုံ, အတ္တနာပိ န ယာပေတိ, ပုတ္တဒါရာပိဿ ကိလမန္တီ’’တိ။</p>
<p class=""bodytext"">အဿောသုံ <a name=""V0.0368""></a> ခေါ ဘိက္ခူ တေသံ မနုဿာနံ ဥဇ္ဈာယန္တာနံ ခိယျန္တာနံ ဝိပါစေန္တာနံ။ ယေ တေ ဘိက္ခူ အပ္ပိစ္ဆာ…ပေ… တေ ဥဇ္ဈာယန္တိ ခိယျန္တိ ဝိပါစေန္တိ – ‘‘ကထဉှိ နာမ ဘိက္ခူ န မတ္တံ ဇာနိတွာ ဗဟူ ပတ္တေ ဝိညာပေဿန္တီ’’တိ! အထ ခေါ တေ ဘိက္ခူ တေ အနေကပရိယာယေန ဝိဂရဟိတွာ ဘဂဝတော ဧတမတ္ထံ အာရောစေသုံ…ပေ… သစ္စံ ကိရ, ဘိက္ခဝေ, ဘိက္ခူ န မတ္တံ ဇာနိတွာ ဗဟူ <a name=""T2.0108""></a> ပတ္တေ ဝိညာပေန္တီတိ? ‘‘သစ္စံ, ဘဂဝါ’’တိ။ ဝိဂရဟိ ဗုဒ္ဓေါ ဘဂဝါ…ပေ… ကထဉှိ နာမ တေ, ဘိက္ခဝေ, မောဃပုရိသာ န မတ္တံ ဇာနိတွာ ဗဟူ ပတ္တေ ဝိညာပေဿန္တိ! နေတံ, ဘိက္ခဝေ, အပ္ပသန္နာနံ ဝါ ပသာဒါယ…ပေ… ဝိဂရဟိတွာ ဓမ္မိံ ကထံ ကတွာ ဘိက္ခူ အာမန္တေသိ – ‘‘န, ဘိက္ခဝေ, ပတ္တော ဝိညာပေတဗ္ဗော။ ယော ဝိညာပေယျ, အာပတ္တိ ဒုက္ကဋဿာ’’တိ။</p>
<p class=""bodytext""><a name=""para610""></a><a name=""para610_vin1""></a><span class=""paranum"">၆၁၀</span>။ တေန ခေါ ပန သမယေန အညတရဿ ဘိက္ခုနော ပတ္တော ဘိန္နော ဟောတိ။ အထ ခေါ သော ဘိက္ခု – ‘‘ဘဂဝတာ ပဋိက္ခိတ္တံ ပတ္တံ ဝိညာပေတု’’န္တိ ကုက္ကုစ္စာယန္တော န ဝိညာပေတိ။ ဟတ္ထေသု ပိဏ္ဍာယ စရတိ။ မနုဿာ ဥဇ္ဈာယန္တိ ခိယျန္တိ ဝိပါစေန္တိ – ‘‘ကထဉှိ နာမ သမဏာ သကျပုတ္တိယာ ဟတ္ထေသု ပိဏ္ဍာယ စရိဿန္တိ, သေယျထာပိ တိတ္ထိယာ’’တိ! အဿောသုံ ခေါ ဘိက္ခူ တေသံ မနုဿာနံ ဥဇ္ဈာယန္တာနံ ခိယျန္တာနံ ဝိပါစေန္တာနံ။ အထ ခေါ တေ ဘိက္ခူ ဘဂဝတော ဧတမတ္ထံ အာရောစေသုံ။ အထ ခေါ ဘဂဝါ ဧတသ္မိံ</p>
",-609-610-
356,mula_vi_01,356,"<p class=""noindentbodytext""> နိဒါနေ<a name=""M0.0356""></a> ဧတသ္မိံ ပကရဏေ ဓမ္မိံ ကထံ ကတွာ ဘိက္ခူ အာမန္တေသိ – ‘‘အနုဇာနာမိ, ဘိက္ခဝေ, နဋ္ဌပတ္တဿ ဝါ ဘိန္နပတ္တဿ ဝါ ပတ္တံ ဝိညာပေတု’’န္တိ။</p>
<p class=""bodytext""><a name=""para611""></a><a name=""para611_vin1""></a><span class=""paranum"">၆၁၁</span>။ တေန ခေါ ပန သမယေန ဆဗ္ဗဂ္ဂိယာ ဘိက္ခူ – ‘‘ဘဂဝတာ အနုညာတံ နဋ္ဌပတ္တဿ ဝါ ဘိန္နပတ္တဿ ဝါ ပတ္တံ ဝိညာပေတု’’န္တိ အပ္ပမတ္တကေနပိ ဘိန္နေန အပ္ပမတ္တကေနပိ ခဏ္ဍေန ဝိလိခိတမတ္တေနပိ ဗဟူ ပတ္တေ ဝိညာပေန္တိ<a name=""T2.0109""></a>။ အထ ခေါ သော ကုမ္ဘကာရော ဘိက္ခူနံ တထေဝ ဗဟူ ပတ္တေ ကရောန္တော န သက္ကောတိ အညံ ဝိက္ကာယိကံ ဘဏ္ဍံ ကာတုံ, အတ္တနာပိ န ယာပေတိ, ပုတ္တဒါရာပိဿ ကိလမန္တိ။ မနုဿာ တထေဝ ဥဇ္ဈာယန္တိ ခိယျန္တိ ဝိပါစေန္တိ – ‘‘ကထဉှိ နာမ သမဏာ သကျပုတ္တိယာ န မတ္တံ ဇာနိတွာ ဗဟူ ပတ္တေ ဝိညာပေဿန္တိ! အယံ ဣမေသံ ဗဟူ ပတ္တေ ကရောန္တော န သက္ကောတိ အညံ ဝိက္ကာယိကံ ဘဏ္ဍံ ကာတုံ, အတ္တနာပိ န ယာပေတိ, ပုတ္တဒါရာပိဿ ကိလမန္တီ’’တိ။</p>
<p class=""bodytext"">အဿောသုံ ခေါ ဘိက္ခူ တေသံ မနုဿာနံ ဥဇ္ဈာယန္တာနံ ခိယျန္တာနံ ဝိပါစေန္တာနံ။ ယေ တေ ဘိက္ခူ <a name=""V0.0369""></a> အပ္ပိစ္ဆာ…ပေ… တေ ဥဇ္ဈာယန္တိ ခိယျန္တိ ဝိပါစေန္တိ – ‘‘ကထဉှိ နာမ ဆဗ္ဗဂ္ဂိယာ ဘိက္ခူ အပ္ပမတ္တကေနပိ ဘိန္နေန <a name=""P3.0246""></a> အပ္ပမတ္တကေနပိ ခဏ္ဍေန ဝိလိခိတမတ္တေနပိ ဗဟူ ပတ္တေ ဝိညာပေဿန္တီ’’တိ! အထ ခေါ တေ ဘိက္ခူ ဆဗ္ဗဂ္ဂိယေ ဘိက္ခူ အနေကပရိယာယေန ဝိဂရဟိတွာ ဘဂဝတော ဧတမတ္ထံ အာရောစေသုံ…ပေ… ‘‘သစ္စံ ကိရ တုမှေ, ဘိက္ခဝေ, အပ္ပမတ္တကေနပိ ဘိန္နေန အပ္ပမတ္တကေနပိ ခဏ္ဍေန ဝိလိခိတမတ္တေနပိ ဗဟူ ပတ္တေ ဝိညာပေထာ’’တိ? ‘‘သစ္စံ, ဘဂဝါ’’တိ။ ဝိဂရဟိ ဗုဒ္ဓေါ ဘဂဝါ…ပေ… ကထဉှိ နာမ တုမှေ, မောဃပုရိသာ, အပ္ပမတ္တကေနပိ ဘိန္နေန အပ္ပမတ္တကေနပိ ခဏ္ဍေန ဝိလိခိတမတ္တေနပိ ဗဟူ <a name=""T2.0110""></a> ပတ္တေ ဝိညာပေဿထ! နေတံ, မောဃပုရိသာ, အပ္ပသန္နာနံ ဝါ ပသာဒါယ…ပေ… ဧဝဉ္စ ပန, ဘိက္ခဝေ, ဣမံ သိက္ခာပဒံ ဥဒ္ဒိသေယျာထ –</p>
<p class=""bodytext""><a name=""para612""></a><a name=""para612_vin1""></a><span class=""paranum"">၆၁၂</span>။ <span class=""bld"">‘‘ယော ပန ဘိက္ခု ဦနပဉ္စဗန္ဓနေန ပတ္တေန အညံ နဝံ ပတ္တံ စေတာပေယျ, နိဿဂ္ဂိယံ ပါစိတ္တိယံ။ တေန ဘိက္ခုနာ သော ပတ္တော ဘိက္ခုပရိသာယ နိဿဇ္ဇိတဗ္ဗော။ ယော စ တဿာ ဘိက္ခုပရိသာယ ပတ္တပရိယန္တော သော တဿ ဘိက္ခုနော ပဒါတဗ္ဗော – ‘အယံ တေ, ဘိက္ခု, ပတ္တော ယာဝ ဘေဒနာယ ဓာရေတဗ္ဗော’တိ။ အယံ တတ္ထ သာမီစီ’’</span>တိ။</p>
<p class=""bodytext""><a name=""para613""></a><a name=""para613_vin1""></a><span class=""paranum"">၆၁၃</span>။ <span class=""bld"">ယော ပနာ</span>တိ ယော ယာဒိသော…ပေ… <span class=""bld"">ဘိက္ခူ</span>တိ…ပေ… အယံ ဣမသ္မိံ အတ္ထေ အဓိပ္ပေတော ဘိက္ခူတိ။</p>
",-611-612-613-
357,mula_vi_01,357,"<p class=""bodytext""><span class=""bld"">ဦနပဉ္စဗန္ဓနော</span> <a name=""M0.0357""></a> နာမ ပတ္တော အဗန္ဓနော ဝါ ဧကဗန္ဓနော ဝါ ဒွိဗန္ဓနော ဝါ တိဗန္ဓနော ဝါ စတုဗန္ဓနော ဝါ။ အဗန္ဓနောကာသော နာမ ပတ္တော ယဿ ဒွင်္ဂုလာ ရာဇိ န ဟောတိ။ ဗန္ဓနောကာသော နာမ ပတ္တော ယဿ ဒွင်္ဂုလာ ရာဇိ ဟောတိ။ <span class=""bld"">နဝေါ</span> နာမ ပတ္တော ဝိညတ္တိံ ဥပါဒါယ ဝုစ္စတိ။</p>
<p class=""bodytext""><span class=""bld"">စေတာပေယျာ</span>တိ ဝိညာပေတိ, ပယောဂေ ဒုက္ကဋံ။ ပဋိလာဘေန နိဿဂ္ဂိယော ဟောတိ။ သံဃမဇ္ဈေ နိဿဇ္ဇိတဗ္ဗော။ သဗ္ဗေဟေဝ အဓိဋ္ဌိတပတ္တံ ဂဟေတွာ သန္နိပတိတဗ္ဗံ။ န လာမကော ပတ္တော အဓိဋ္ဌာတဗ္ဗော – ‘‘မဟဂ္ဃံ ပတ္တံ ဂဟေဿာမီ’’တိ။ သစေ လာမကံ ပတ္တံ အဓိဋ္ဌေတိ – ‘‘မဟဂ္ဃံ ပတ္တံ ဂဟေဿာမီ’’တိ, အာပတ္တိ ဒုက္ကဋဿ။ ဧဝဉ္စ ပန, ဘိက္ခဝေ, နိဿဇ္ဇိတဗ္ဗော။ တေန <a name=""T2.0111""></a> ဘိက္ခုနာ သံဃံ ဥပသင်္ကမိတွာ ဧကံသံ ဥတ္တရာသင်္ဂံ ကရိတွာ ဝုဍ္ဎာနံ ဘိက္ခူနံ ပါဒေ ဝန္ဒိတွာ ဥက္ကုဋိကံ နိသီဒိတွာ အဉ္ဇလိံ ပဂ္ဂဟေတွာ ဧဝမဿ ဝစနီယော – ‘‘အယံ မေ, ဘန္တေ, ပတ္တော ဦနပဉ္စဗန္ဓနေန ပတ္တေန စေတာပိတော နိဿဂ္ဂိယော။ ဣမာဟံ သံဃဿ နိဿဇ္ဇာမီ’’တိ။ နိဿဇ္ဇိတွာ <a name=""V0.0370""></a> အာပတ္တိ ဒေသေတဗ္ဗာ။ ဗျတ္တေန ဘိက္ခုနာ ပဋိဗလေန အာပတ္တိ ပဋိဂ္ဂဟေတဗ္ဗာ။ ပဉ္စဟင်္ဂေဟိ သမန္နာဂတော ဘိက္ခု ပတ္တဂ္ဂါဟာပကော သမ္မန္နိတဗ္ဗော – ယော န ဆန္ဒာဂတိံ ဂစ္ဆေယျ, န ဒေါသာဂတိံ ဂစ္ဆေယျ, န မောဟာဂတိံ ဂစ္ဆေယျ, န ဘယာဂတိံ ဂစ္ဆေယျ, ဂါဟိတာဂါဟိတဉ္စ ဇာနေယျ<a name=""P3.0247""></a>။ ဧဝဉ္စ ပန, ဘိက္ခဝေ, သမ္မန္နိတဗ္ဗော။ ပဌမံ ဘိက္ခု ယာစိတဗ္ဗော။ ယာစိတွာ ဗျတ္တေန ဘိက္ခုနာ ပဋိဗလေန သံဃော ဉာပေတဗ္ဗော –</p>
<p class=""bodytext""><a name=""para614""></a><a name=""para614_vin1""></a><span class=""paranum"">၆၁၄</span>။ ‘‘သုဏာတု မေ, ဘန္တေ, သံဃော။ ယဒိ သံဃဿ ပတ္တကလ္လံ, သံဃော ဣတ္ထန္နာမံ ဘိက္ခုံ ပတ္တဂ္ဂါဟာပကံ သမ္မန္နေယျ။ ဧသာ ဉတ္တိ။</p>
<p class=""bodytext"">‘‘သုဏာတု မေ, ဘန္တေ, သံဃော။ သံဃော ဣတ္ထန္နာမံ ဘိက္ခုံ ပတ္တဂ္ဂါဟာပကံ သမ္မန္နတိ။ ယဿာယသ္မတော ခမတိ ဣတ္ထန္နာမဿ ဘိက္ခုနော ပတ္တဂ္ဂါဟာပကဿ သမ္မုတိ, သော တုဏှဿ၊ ယဿ နက္ခမတိ, သော ဘာသေယျ။</p>
<p class=""bodytext"">‘‘သမ္မတော သံဃေန ဣတ္ထန္နာမော ဘိက္ခု ပတ္တဂ္ဂါဟာပကော။ ခမတိ သံဃဿ, တသ္မာ တုဏှီ, ဧဝမေတံ ဓာရယာမီ’’တိ။</p>
<p class=""bodytext""><a name=""para615""></a><a name=""para615_vin1""></a><span class=""paranum"">၆၁၅</span>။ တေန သမ္မတေန ဘိက္ခုနာ ပတ္တော ဂါဟေတဗ္ဗော။ ထေရော ဝတ္တဗ္ဗော – ‘‘ဂဏှာတု, ဘန္တေ, ထေရော ပတ္တ’’န္တိ။ သစေ ထေရော ဂဏှာတိ,</p>
",-614-615-
358,mula_vi_01,358,"<p class=""noindentbodytext""> ထေရဿ<a name=""M0.0358""></a> ပတ္တော ဒုတိယဿ ဂါဟေတဗ္ဗော။ န စ တဿ အနုဒ္ဒယတာယ န <a name=""T2.0112""></a> ဂဟေတဗ္ဗော။ ယော န ဂဏှေယျ, အာပတ္တိ ဒုက္ကဋဿ။ အပတ္တကဿ န ဂါဟေတဗ္ဗော။ ဧတေနေဝ ဥပါယေန ယာဝ သံဃနဝကာ ဂါဟေတဗ္ဗာ။ ယော စ တဿာ ဘိက္ခုပရိသာယ ပတ္တပရိယန္တော, သော တဿ ဘိက္ခုနော ပဒါတဗ္ဗော – ‘‘အယံ တေ, ဘိက္ခု, ပတ္တော ယာဝ ဘေဒနာယ ဓာရေတဗ္ဗော’’တိ။</p>
<p class=""bodytext"">တေန ဘိက္ခုနာ သော ပတ္တော န အဒေသေ နိက္ခိပိတဗ္ဗော, န အဘောဂေန ဘုဉ္ဇိတဗ္ဗော, န ဝိဿဇ္ဇေတဗ္ဗော – ‘‘ကထာယံ ပတ္တော နဿေယျ ဝါ ဝိနဿေယျ ဝါ ဘိဇ္ဇေယျ ဝါ’’တိ? သစေ အဒေသေ ဝါ နိက္ခိပတိ အဘောဂေန ဝါ ဘုဉ္ဇတိ ဝိဿဇ္ဇေတိ ဝါ, အာပတ္တိ ဒုက္ကဋဿ။</p>
<p class=""bodytext""><span class=""bld"">အယံ တတ္ထ သာမီစီ</span>တိ အယံ တတ္ထ အနုဓမ္မတာ။</p>
<p class=""bodytext""><a name=""para616""></a><a name=""para616_vin1""></a><span class=""paranum"">၆၁၆</span>။ အဗန္ဓနေန <a name=""V0.0371""></a> ပတ္တေန အဗန္ဓနံ ပတ္တံ စေတာပေတိ, နိဿဂ္ဂိယံ ပါစိတ္တိယံ။ အဗန္ဓနေန ပတ္တေန ဧကဗန္ဓနံ ပတ္တံ စေတာပေတိ, နိဿဂ္ဂိယံ ပါစိတ္တိယံ။ အဗန္ဓနေန ပတ္တေန ဒွိဗန္ဓနံ ပတ္တံ စေတာပေတိ, နိဿဂ္ဂိယံ ပါစိတ္တိယံ။ အဗန္ဓနေန ပတ္တေန တိဗန္ဓနံ ပတ္တံ စေတာပေတိ, နိဿဂ္ဂိယံ ပါစိတ္တိယံ။ အဗန္ဓနေန ပတ္တေန စတုဗန္ဓနံ ပတ္တံ စေတာပေတိ, နိဿဂ္ဂိယံ ပါစိတ္တိယံ။</p>
<p class=""bodytext"">ဧကဗန္ဓနေန ပတ္တေန အဗန္ဓနံ ပတ္တံ စေတာပေတိ, နိဿဂ္ဂိယံ ပါစိတ္တိယံ။ ဧကဗန္ဓနေန ပတ္တေန ဧကဗန္ဓနံ ပတ္တံ စေတာပေတိ, နိဿဂ္ဂိယံ ပါစိတ္တိယံ။ ဧကဗန္ဓနေန ပတ္တေန ဒွိဗန္ဓနံ ပတ္တံ စေတာပေတိ, နိဿဂ္ဂိယံ ပါစိတ္တိယံ။ ဧကဗန္ဓနေန ပတ္တေန တိဗန္ဓနံ ပတ္တံ စေတာပေတိ, နိဿဂ္ဂိယံ ပါစိတ္တိယံ။ ဧကဗန္ဓနေန ပတ္တေန စတုဗန္ဓနံ ပတ္တံ <a name=""T2.0113""></a> စေတာပေတိ, နိဿဂ္ဂိယံ ပါစိတ္တိယံ။</p>
<p class=""bodytext"">ဒွိဗန္ဓနေန ပတ္တေန အဗန္ဓနံ ပတ္တံ စေတာပေတိ, နိဿဂ္ဂိယံ ပါစိတ္တိယံ။ ဒွိဗန္ဓနေန ပတ္တေန ဧကဗန္ဓနံ ပတ္တံ…ပေ… ဒွိဗန္ဓနံ ပတ္တံ… တိဗန္ဓနံ ပတ္တံ… စတုဗန္ဓနံ ပတ္တံ စေတာပေတိ, နိဿဂ္ဂိယံ ပါစိတ္တိယံ။</p>
<p class=""bodytext"">တိဗန္ဓနေန ပတ္တေန အဗန္ဓနံ ပတ္တံ…ပေ… ဧကဗန္ဓနံ ပတ္တံ…ပေ… ဒွိဗန္ဓနံ ပတ္တံ… တိဗန္ဓနံ ပတ္တံ… စတုဗန္ဓနံ ပတ္တံ စေတာပေတိ, နိဿဂ္ဂိယံ ပါစိတ္တိယံ။</p>
<p class=""bodytext"">စတုဗန္ဓနေန ပတ္တေန အဗန္ဓနံ ပတ္တံ…ပေ… ဧကဗန္ဓနံ ပတ္တံ… ဒွိဗန္ဓနံ ပတ္တံ… တိဗန္ဓနံ ပတ္တံ… စတုဗန္ဓနံ ပတ္တံ စေတာပေတိ, နိဿဂ္ဂိယံ ပါစိတ္တိယံ။</p>
<p class=""bodytext"">အဗန္ဓနေန ပတ္တေန အဗန္ဓနောကာသံ ပတ္တံ စေတာပေတိ, နိဿဂ္ဂိယံ ပါစိတ္တိယံ။ အဗန္ဓနေန ပတ္တေန ဧကဗန္ဓနောကာသံ ပတ္တံ…ပေ… ဒွိဗန္ဓနောကာသံ</p>
",-616-
359,mula_vi_01,359,"<p class=""noindentbodytext""> ပတ္တံ<a name=""M0.0359""></a>… တိဗန္ဓနောကာသံ ပတ္တံ… စတုဗန္ဓနောကာသံ <a name=""T2.0114""></a> ပတ္တံ စေတာပေတိ, နိဿဂ္ဂိယံ ပါစိတ္တိယံ။</p>
<p class=""bodytext"">ဧကဗန္ဓနေန ပတ္တေန အဗန္ဓနောကာသံ ပတ္တံ…ပေ… ဧကဗန္ဓနောကာသံ ပတ္တံ… ဒွိဗန္ဓနောကာသံ ပတ္တံ… တိဗန္ဓနောကာသံ ပတ္တံ… စတုဗန္ဓနောကာသံ ပတ္တံ စေတာပေတိ, နိဿဂ္ဂိယံ ပါစိတ္တိယံ။</p>
<p class=""bodytext"">ဒွိဗန္ဓနေန ပတ္တေန အဗန္ဓနောကာသံ ပတ္တံ…ပေ… စတုဗန္ဓနောကာသံ ပတ္တံ စေတာပေတိ, နိဿဂ္ဂိယံ ပါစိတ္တိယံ။</p>
<p class=""bodytext"">တိဗန္ဓနေန <a name=""V0.0372""></a> ပတ္တေန အဗန္ဓနောကာသံ ပတ္တံ…ပေ… စတုဗန္ဓနောကာသံ ပတ္တံ စေတာပေတိ, နိဿဂ္ဂိယံ ပါစိတ္တိယံ။</p>
<p class=""bodytext"">စတုဗန္ဓနေန ပတ္တေန အဗန္ဓနောကာသံ ပတ္တံ…ပေ… ဧကဗန္ဓနောကာသံ ပတ္တံ… ဒွိဗန္ဓနောကာသံ ပတ္တံ… တိဗန္ဓနောကာသံ ပတ္တံ… စတုဗန္ဓနောကာသံ ပတ္တံ စေတာပေတိ, နိဿဂ္ဂိယံ ပါစိတ္တိယံ။</p>
<p class=""bodytext"">အဗန္ဓနောကာသေန <a name=""P3.0248""></a> ပတ္တေန အဗန္ဓနံ ပတ္တံ စေတာပေတိ, နိဿဂ္ဂိယံ ပါစိတ္တိယံ။ အဗန္ဓနောကာသေန ပတ္တေန ဧကဗန္ဓနံ ပတ္တံ…ပေ… ဒွိဗန္ဓနံ ပတ္တံ… တိဗန္ဓနံ ပတ္တံ… စတုဗန္ဓနံ ပတ္တံ စေတာပေတိ, နိဿဂ္ဂိယံ ပါစိတ္တိယံ။</p>
<p class=""bodytext"">စတုဗန္ဓနောကာသေန ပတ္တေန အဗန္ဓနံ ပတ္တံ စေတာပေတိ, နိဿဂ္ဂိယံ ပါစိတ္တိယံ။ စတုဗန္ဓနောကာသေန ပတ္တေန ဧကဗန္ဓနံ <a name=""T2.0115""></a> ပတ္တံ…ပေ… ဒွိဗန္ဓနံ ပတ္တံ… တိဗန္ဓနံ ပတ္တံ… စတုဗန္ဓနံ ပတ္တံ စေတာပေတိ, နိဿဂ္ဂိယံ ပါစိတ္တိယံ။</p>
<p class=""bodytext"">အဗန္ဓနောကာသေန ပတ္တေန အဗန္ဓနောကာသံ ပတ္တံ…ပေ… ဧကဗန္ဓနောကာသံ ပတ္တံ… ဒွိဗန္ဓနောကာသံ ပတ္တံ… တိဗန္ဓနောကာသံ ပတ္တံ… စတုဗန္ဓနောကာသံ ပတ္တံ စေတာပေတိ, နိဿဂ္ဂိယံ ပါစိတ္တိယံ။</p>
<p class=""bodytext"">စတုဗန္ဓနောကာသေန ပတ္တေန အဗန္ဓနောကာသံ ပတ္တံ…ပေ… ဧကဗန္ဓနောကာသံ ပတ္တံ… ဒွိဗန္ဓနောကာသံ ပတ္တံ… တိဗန္ဓနောကာသံ ပတ္တံ… စတုဗန္ဓနောကာသံ ပတ္တံ စေတာပေတိ, နိဿဂ္ဂိယံ ပါစိတ္တိယံ။</p>
<p class=""bodytext""><a name=""para617""></a><a name=""para617_vin1""></a><span class=""paranum"">၆၁၇</span>။ အနာပတ္တိ <a name=""T2.0116""></a> နဋ္ဌပတ္တဿ, ဘိန္နပတ္တဿ, ဉာတကာနံ ပဝါရိတာနံ, အညဿတ္ထာယ, အတ္တနော ဓနေန, ဥမ္မတ္တကဿ, အာဒိကမ္မိကဿာတိ။</p>
<p class=""centered"">ဦနပဉ္စဗန္ဓနသိက္ခာပဒံ နိဋ္ဌိတံ ဒုတိယံ။</p>
",-617-
360,mula_vi_01,360,"<p class=""title"">၃။ ဘေသဇ္ဇသိက္ခာပဒံ</p>
<p class=""bodytext""><a name=""para618""></a><a name=""para618_vin1""></a><span class=""paranum"">၆၁၈</span>။ <span class=""note"">[ဣဒံ ဝတ္ထု မဟာဝ။ ၂၇၀]</span>
 တေန <a name=""T2.0117""></a><a name=""M0.0360""></a><a name=""V0.0373""></a> သမယေန ဗုဒ္ဓေါ ဘဂဝါ သာဝတ္ထိယံ ဝိဟရတိ ဇေတဝနေ အနာထပိဏ္ဍိကဿ အာရာမေ။ တေန ခေါ ပန သမယေန အာယသ္မာ ပိလိန္ဒဝစ္ဆော ရာဇဂဟေ ပဗ္ဘာရံ သောဓာပေတိ လေဏံ ကတ္တုကာမော။ အထ ခေါ ရာဇာ မာဂဓော သေနိယော ဗိမ္ဗိသာရော ယေနာယသ္မာ ပိလိန္ဒဝစ္ဆော တေနုပသင်္ကမိ၊ ဥပသင်္ကမိတွာ အာယသ္မန္တံ ပိလိန္ဒဝစ္ဆံ အဘိဝါဒေတွာ ဧကမန္တံ နိသီဒိ။ ဧကမန္တံ နိသိန္နော ခေါ ရာဇာ မာဂဓော သေနိယော ဗိမ္ဗိသာရော အာယသ္မန္တံ ပိလိန္ဒဝစ္ဆံ ဧတဒဝေါစ – ‘‘ကိံ, ဘန္တေ, ထေရော ကာရာပေတီ’’တိ? ‘‘ပဗ္ဘာရံ မဟာရာဇ, သောဓာပေမိ လေဏံ ကတ္တုကာမော’’တိ။ ‘‘အတ္ထော, ဘန္တေ, အယျဿ အာရာမိကေနာ’’တိ? ‘‘န ခေါ, မဟာရာဇ, ဘဂဝတာ အာရာမိကော အနုညာတော’’တိ။ ‘‘တေန ဟိ, ဘန္တေ, ဘဂဝန္တံ ပဋိပုစ္ဆိတွာ မမ အာရောစေယျာထာ’’တိ။ ‘‘ဧဝံ မဟာရာဇာ’’တိ ခေါ အာယသ္မာ ပိလိန္ဒဝစ္ဆော ရညော မာဂဓဿ သေနိယဿ ဗိမ္ဗိသာရဿ ပစ္စဿောသိ။ အထ ခေါ အာယသ္မာ ပိလိန္ဒဝစ္ဆော ရာဇာနံ မာဂဓံ သေနိယံ ဗိမ္ဗိသာရံ ဓမ္မိယာ ကထာယ သန္ဒဿေသိ သမာဒပေသိ သမုတ္တေဇေသိ သမ္ပဟံသေသိ။ အထ ခေါ ရာဇာ မာဂဓော သေနိယော ဗိမ္ဗိသာရော အာယသ္မတာ ပိလိန္ဒဝစ္ဆေန ဓမ္မိယာ ကထာယ သန္ဒဿိတော သမာဒပိတော သမုတ္တေဇိတော သမ္ပဟံသိတော ဥဋ္ဌာယာသနာ အာယသ္မန္တံ ပိလိန္ဒဝစ္ဆံ အဘိဝါဒေတွာ ပဒက္ခိဏံ ကတွာ ပက္ကာမိ။</p>
<p class=""bodytext""><a name=""para619""></a><a name=""para619_vin1""></a><span class=""paranum"">၆၁၉</span>။ အထ ခေါ အာယသ္မာ ပိလိန္ဒဝစ္ဆော ဘဂဝတော သန္တိကေ ဒူတံ ပါဟေသိ – ‘‘ရာဇာ, ဘန္တေ<a name=""T2.0118""></a>, မာဂဓော သေနိယော ဗိမ္ဗိသာရော အာရာမိကံ ဒါတုကာမော။ ကထံ နု ခေါ, ဘန္တေ, မယာ ပဋိပဇ္ဇိတဗ္ဗ’’န္တိ? အထ ခေါ ဘဂဝါ ဧတသ္မိံ နိဒါနေ ဧတသ္မိံ ပကရဏေ ဓမ္မိံ ကထံ ကတွာ ဘိက္ခူ အာမန္တေသိ – ‘‘အနုဇာနာမိ, ဘိက္ခဝေ, အာရာမိက’’န္တိ။ ဒုတိယမ္ပိ ခေါ ရာဇာ မာဂဓော သေနိယော <a name=""P3.0249""></a> ဗိမ္ဗိသာရော ယေနာယသ္မာ ပိလိန္ဒိဝစ္ဆော တေနုပသင်္ကမိ၊ ဥပသင်္ကမိတွာ အာယသ္မန္တံ ပိလိန္ဒဝစ္ဆံ အဘိဝါဒေတွာ ဧကမန္တံ နိသီဒိ။ ဧကမန္တံ နိသိန္နော ခေါ ရာဇာ မာဂဓော သေနိယော ဗိမ္ဗိသာရော အာယသ္မန္တံ ပိလိန္ဒဝစ္ဆံ ဧတဒဝေါစ – ‘‘အနုညာတော, ဘန္တေ, ဘဂဝတာ အာရာမိကော’’တိ? ‘‘ဧဝံ, မဟာရာဇာ’’တိ။ ‘‘တေန ဟိ, ဘန္တေ, အယျဿ အာရာမိကံ ဒမ္မီ’’တိ။ အထ ခေါ ရာဇာ မာဂဓော သေနိယော ဗိမ္ဗိသာရော အာယသ္မတော ပိလိန္ဒဝစ္ဆဿ</p>
",-618-619-
361,mula_vi_01,361,"<p class=""noindentbodytext""> အာရာမိကံ<a name=""M0.0361""></a> ပဋိဿုဏိတွာ ဝိဿရိတွာ စိရေန သတိံ ပဋိလဘိတွာ အညတရံ သဗ္ဗတ္ထကံ မဟာမတ္တံ အာမန္တေသိ <a name=""V0.0374""></a> – ‘‘ယော မယာ, ဘဏေ, အယျဿ အာရာမိကော ပဋိဿုတော, ဒိန္နော သော အာရာမိကော’’တိ? ‘‘န ခေါ, ဒေဝ, အယျဿ အာရာမိကော ဒိန္နော’’တိ။ ‘‘ကီဝစိရံ နု ခေါ, ဘဏေ, ဣတော ဟိ တံ ဟောတီ’’တိ? အထ ခေါ သော မဟာမတ္တော ရတ္တိယော ဂဏေတွာ <span class=""note"">[ဝိဂဏေတွာ (က။)]</span> ရာဇာနံ မာဂဓံ သေနိယံ ဗိမ္ဗိသာရံ ဧတဒဝေါစ – ‘‘ပဉ္စ, ဒေဝ, ရတ္တိသတာနီ’’တိ။ ‘‘တေန ဟိ, ဘဏေ, အယျဿ ပဉ္စ အာရာမိကသတာနိ ဒေဟီ’’တိ။ ‘‘ဧဝံ, ဒေဝါ’’တိ ခေါ သော မဟာမတ္တော ရညော မာဂဓဿ သေနိယဿ ဗိမ္ဗိသာရဿ ပဋိဿုဏိတွာ အာယသ္မတော ပိလိန္ဒဝစ္ဆဿ ပဉ္စ အာရာမိကသတာနိ <a name=""T2.0119""></a> ပါဒါသိ <span class=""note"">[အဒါသိ (သျာ။)]</span>, ပါဋိယေက္ကော ဂါမော နိဝိသိ။ အာရာမိကဂါမကောတိပိ နံ အာဟံသု, ပိလိန္ဒဂါမကောတိပိ နံ အာဟံသု။</p>
<p class=""bodytext""><a name=""para620""></a><a name=""para620_vin1""></a><span class=""paranum"">၆၂၀</span>။ တေန ခေါ ပန သမယေန အာယသ္မာ ပိလိန္ဒဝစ္ဆော တသ္မိံ ဂါမကေ ကုလူပကော ဟောတိ။ အထ ခေါ အာယသ္မာ ပိလိန္ဒဝစ္ဆော ပုဗ္ဗဏှသမယံ နိဝါသေတွာ ပတ္တစီဝရံ အာဒါယ ပိလိန္ဒဂါမကံ ပိဏ္ဍာယ ပါဝိသိ။ တေန ခေါ ပန သမယေန တသ္မိံ ဂါမကေ ဥဿဝေါ ဟောတိ။ ဒါရကာ အလင်္ကတာ မာလာကိတာ ကီဠန္တိ။ အထ ခေါ အာယသ္မာ ပိလိန္ဒဝစ္ဆော ပိလိန္ဒဂါမကေ သပဒါနံ ပိဏ္ဍာယ စရမာနော ယေန အညတရဿ အာရာမိကဿ နိဝေသနံ တေနုပသင်္ကမိ၊ ဥပသင်္ကမိတွာ ပညတ္တေ အာသနေ နိသီဒိ။ တေန ခေါ ပန သမယေန တဿာ အာရာမိကိနိယာ ဓီတာ အညေ ဒါရကေ အလင်္ကတေ မာလာကိတေ ပဿိတွာ ရောဒတိ – ‘‘မာလံ မေ ဒေထ, အလင်္ကာရံ မေ ဒေထာ’’တိ။ အထ ခေါ အာယသ္မာ ပိလိန္ဒဝစ္ဆော တံ အာရာမိကိနိံ ဧတဒဝေါစ – ‘‘ကိဿာယံ ဒါရိကာ ရောဒတီ’’တိ? ‘‘အယံ, ဘန္တေ, ဒါရိကာ အညေ ဒါရကေ အလင်္ကတေ မာလာကိတေ ပဿိတွာ ရောဒတိ – ‘မာလံ မေ ဒေထ, အလင်္ကာရံ မေ ဒေထာ’တိ။ ကုတော အမှာကံ ဒုဂ္ဂတာနံ မာလာ ကုတော, အလင်္ကာရော’’တိ? အထ ခေါ အာယသ္မာ ပိလိန္ဒဝစ္ဆော အညတရံ တိဏဏ္ဍုပကံ ဂဟေတွာ တံ အာရာမိကိနိံ ဧတဒဝေါစ – ‘‘ဟန္ဒိမံ တိဏဏ္ဍုပကံ တဿာ ဒါရိကာယ သီသေ ပဋိမုဉ္စာ’’တိ။ အထ ခေါ သာ <a name=""T2.0120""></a> အာရာမိကိနီ တံ တိဏဏ္ဍုပကံ ဂဟေတွာ တဿာ ဒါရိကာယ သီသေ ပဋိမုဉ္စိ။ သာ အဟောသိ သုဝဏ္ဏမာလာ အဘိရူပါ ဒဿနီယာ <a name=""P3.0250""></a> ပါသာဒိကာ။ နတ္ထိ တာဒိသာ ရညောပိ အန္တေပုရေ သုဝဏ္ဏမာလာ။ မနုဿာ ရညော မာဂဓဿ သေနိယဿ ဗိမ္ဗိသာရဿ</p>
",-620-
362,mula_vi_01,362,"<p class=""noindentbodytext""> အာရောစေသုံ<a name=""M0.0362""></a> – ‘‘အမုကဿ, ဒေဝ, အာရာမိကဿ ဃရေ သုဝဏ္ဏမာလာ အဘိရူပါ ဒဿနီယာ ပါသာဒိကာ။ နတ္ထိ တာဒိသာ ဒေဝဿာပိ အန္တေပုရေ သုဝဏ္ဏမာလာ။ ကုတော တဿ ဒုဂ္ဂတဿ! နိဿံသယံ စောရိကာယ အာဘတာ’’တိ!! အထ ခေါ ရာဇာ မာဂဓော သေနိယော ဗိမ္ဗိသာရော တံ အာရာမိကကုလံ ဗန္ဓာပေသိ။ ဒုတိယမ္ပိ ခေါ အာယသ္မာ ပိလိန္ဒဝစ္ဆော ပုဗ္ဗဏှသမယံ နိဝါသေတွာ ပတ္တစီဝရံ အာဒါယ ပိလိန္ဒဂါမကံ ပိဏ္ဍာယ ပါဝိသိ။ ပိလိန္ဒဂါမကေ သပဒါနံ ပိဏ္ဍာယ စရမာနော ယေန တဿ အာရာမိကဿ <a name=""V0.0375""></a> နိဝေသနံ တေနုပသင်္ကမိ၊ ဥပသင်္ကမိတွာ ပဋိဝိဿကေ ပုစ္ဆိ – ‘‘ကဟံ ဣမံ အာရာမိကကုလံ ဂတ’’န္တိ? ‘‘ဧတိဿာ, ဘန္တေ, သုဝဏ္ဏမာလာယ ကာရဏာ ရညာ ဗန္ဓာပိတ’’န္တိ။</p>
<p class=""bodytext""><a name=""para621""></a><a name=""para621_vin1""></a><span class=""paranum"">၆၂၁</span>။ အထ ခေါ အာယသ္မာ ပိလိန္ဒဝစ္ဆော ယေန ရညော မာဂဓဿ သေနိယဿ ဗိမ္ဗိသာရဿ နိဝေသနံ တေနုပသင်္ကမိ၊ ဥပသင်္ကမိတွာ ပညတ္တေ အာသနေ နိသီဒိ။ အထ ခေါ ရာဇာ မာဂဓော သေနိယော ဗိမ္ဗိသာရော ယေနာယသ္မာ ပိလိန္ဒဝစ္ဆော တေနုပသင်္ကမိ၊ ဥပသင်္ကမိတွာ အာယသ္မန္တံ ပိလိန္ဒဝစ္ဆံ အဘိဝါဒေတွာ ဧကမန္တံ နိသီဒိ။ ဧကမန္တံ နိသိန္နံ ခေါ ရာဇာနံ မာဂဓံ သေနိယံ ဗိမ္ဗိသာရံ အာယသ္မာ ပိလိန္ဒဝစ္ဆော ဧတဒဝေါစ – ‘‘ကိဿ, မဟာရာဇ, အာရာမိကကုလံ <a name=""T2.0121""></a> ဗန္ဓာပိတ’’န္တိ? ‘‘တဿ, ဘန္တေ, အာရာမိကဿ ဃရေ သုဝဏ္ဏမာလာ အဘိရူပါ ဒဿနီယာ ပါသာဒိကာ။ နတ္ထိ တာဒိသာ အမှာကမ္ပိ အန္တေပုရေ သုဝဏ္ဏမာလာ။ ကုတော တဿ ဒုဂ္ဂတဿ! နိဿံသယံ စောရိကာယ အာဘတာ’’တိ!! အထ ခေါ အာယသ္မာ ပိလိန္ဒဝစ္ဆော ရညော မာဂဓဿ သေနိယဿ ဗိမ္ဗိသာရဿ ပါသာဒံ သုဝဏ္ဏန္တိ အဓိမုစ္စိ။ သော အဟောသိ သဗ္ဗသောဝဏ္ဏမယော။ ‘‘ဣဒံ ပန တေ, မဟာရာဇ, တာဝ ဗဟုံ သုဝဏ္ဏံ ကုတော’’တိ? ‘‘အညာတံ, ဘန္တေ, အယျဿေဝေသော ဣဒ္ဓါနုဘာဝေါ’’တိ။ တံ အာရာမိကကုလံ မုဉ္စာပေသိ။ မနုဿာ – ‘‘အယျေန ကိရ ပိလိန္ဒဝစ္ဆေန သရာဇိကာယ ပရိသာယ ဥတ္တရိမနုဿဓမ္မံ ဣဒ္ဓိပါဋိဟာရိယံ ဒဿိတ’’န္တိ, အတ္တမနာ အဘိပ္ပသန္နာ အာယသ္မတော ပိလိန္ဒဝစ္ဆဿ ပဉ္စ ဘေသဇ္ဇာနိ အဘိဟရိံသု, သေယျထိဒံ – သပ္ပိ နဝနီတံ တေလံ မဓု ဖာဏိတံ။ ပကတိယာပိ စ အာယသ္မာ ပိလိန္ဒဝစ္ဆော လာဘီ ဟောတိ ပဉ္စန္နံ ဘေသဇ္ဇာနံ။ လဒ္ဓံ လဒ္ဓံ ပရိသာယ ဝိဿဇ္ဇေတိ။ ပရိသာ စဿ ဟောတိ ဗာဟုလ္လိကာ။ လဒ္ဓံ လဒ္ဓံ ကောလမ္ဗေပိ ဃဋေပိ ပူရေတွာ ပဋိသာမေတိ, ပရိဿာဝနာနိပိ ထဝိကာယောပိ ပူရေတွာ ဝါတပါနေသု လဂ္ဂေတိ။ တာနိ ဩလီနဝိလီနာနိ တိဋ္ဌန္တိ။</p>
",-621-
363,mula_vi_01,363,"<p class=""noindentbodytext""> ဥန္ဒူရေဟိပိ<a name=""M0.0363""></a> ဝိဟာရာ ဩကိဏ္ဏဝိကိဏ္ဏာ <a name=""P3.0251""></a> ဟောန္တိ။ မနုဿာ ဝိဟာရစာရိကံ အာဟိဏ္ဍန္တာ ပဿိတွာ ဥဇ္ဈာယန္တိ ခိယျန္တိ ဝိပါစေန္တိ – ‘‘အန္တောကောဋ္ဌာဂါရိကာ ဣမေ သမဏာ သကျပုတ္တိယာ, သေယျထာပိ ရာဇာ မာဂဓော သေနိယော ဗိမ္ဗိသာရော’’တိ<a name=""T2.0122""></a>! အဿောသုံ ခေါ ဘိက္ခူ တေသံ မနုဿာနံ ဥဇ္ဈာယန္တာနံ ခိယျန္တာနံ ဝိပါစေန္တာနံ။ ယေ တေ ဘိက္ခူ အပ္ပိစ္ဆာ…ပေ… တေ ဥဇ္ဈာယန္တိ ခိယျန္တိ ဝိပါစေန္တိ – ‘‘ကထဉှိ နာမ ဘိက္ခူ ဧဝရူပါယ ဗာဟုလ္လာယ စေတေဿန္တီ’’တိ! အထ ခေါ တေ ဘိက္ခူ တေ အနေကပရိယာယေန ဝိဂရဟိတွာ ဘဂဝတော ဧတမတ္ထံ အာရောစေသုံ…ပေ… ‘‘သစ္စံ ကိရ, ဘိက္ခဝေ, ဘိက္ခူ ဧဝရူပါယ ဗာဟုလ္လာယ စေတေန္တီ’’တိ? ‘‘သစ္စံ, ဘဂဝါ’’တိ။ ဝိဂရဟိ ဗုဒ္ဓေါ ဘဂဝါ…ပေ… ကထဉှိ နာမ တေ, ဘိက္ခဝေ, မောဃပုရိသာ ဧဝရူပါယ ဗာဟုလ္လာယ စေတေဿန္တိ! နေတံ, ဘိက္ခဝေ, အပ္ပသန္နာနံ ဝါ ပသာဒါယ…ပေ… ဧဝဉ္စ ပန, ဘိက္ခဝေ, ဣမံ သိက္ခာပဒံ ဥဒ္ဒိသေယျာထ –</p>
<p class=""bodytext""><a name=""para622""></a><a name=""para622_vin1""></a><span class=""paranum"">၆၂၂</span>။ <span class=""bld"">‘‘ယာနိ</span> <a name=""V0.0376""></a> <span class=""bld"">ခေါ ပန တာနိ ဂိလာနာနံ ဘိက္ခူနံ ပဋိသာယနီယာနိ ဘေသဇ္ဇာနိ, သေယျထိဒံ – သပ္ပိ နဝနီတံ တေလံ မဓု ဖာဏိတံ, တာနိ ပဋိဂ္ဂဟေတွာ သတ္တာဟပရမံ သန္နိဓိကာရကံ ပရိဘုဉ္ဇိတဗ္ဗာနိ။ တံ အတိက္ကာမယတော နိဿဂ္ဂိယံ ပါစိတ္တိယ’’</span>န္တိ။</p>
<p class=""bodytext""><a name=""para623""></a><a name=""para623_vin1""></a><span class=""paranum"">၆၂၃</span>။ <span class=""bld"">ယာနိ ခေါ ပန တာနိ ဂိလာနာနံ ဘိက္ခူနံ ပဋိသာယနီယာနိ ဘေဿဇ္ဇာနီ</span>တိ <span class=""bld"">သပ္ပိ</span> နာမ ဂေါသပ္ပိ ဝါ အဇိကာသပ္ပိ ဝါ မဟိံသသပ္ပိ <span class=""note"">[မဟိသသပ္ပိ (သီ။ သျာ။)]</span> ဝါ ယေသံ မံသံ ကပ္ပတိ တေသံ သပ္ပိ။ <span class=""bld"">နဝနီတံ</span> နာမ တေသံ ယေဝ နဝနီတံ။ <span class=""bld"">တေလံ</span> နာမ တိလတေလံ သာသပတေလံ မဓုကတေလံ ဧရဏ္ဍတေလံ ဝသာတေလံ။ <span class=""bld"">မဓု</span> နာမ မက္ခိကာမဓု။ <span class=""bld"">ဖာဏိတံ</span> နာမ ဥစ္ဆုမှာ နိဗ္ဗတ္တံ။</p>
<p class=""bodytext""><span class=""bld"">တာနိ ပဋိဂ္ဂဟေတွာ သတ္တာဟပရမံ သန္နိဓိကာရကံ ပရိဘုဉ္ဇိတဗ္ဗာနီ</span>တိ သတ္တာဟပရမတာ ပရိဘုဉ္ဇိတဗ္ဗာနိ။</p>
<p class=""bodytext""><span class=""bld"">တံ အတိက္ကာမယတော နိဿဂ္ဂိယံ</span> <a name=""T2.0123""></a> <span class=""bld"">ဟောတီ</span>တိ အဋ္ဌမေ အရုဏုဂ္ဂမနေ နိဿဂ္ဂိယံ ဟောတိ။ နိဿဇ္ဇိတဗ္ဗံ သံဃဿ ဝါ ဂဏဿ ဝါ ပုဂ္ဂလဿ ဝါ။ ဧဝဉ္စ ပန, ဘိက္ခဝေ, နိဿဇ္ဇိတဗ္ဗံ…ပေ… ဣဒံ မေ, ဘန္တေ, ဘေသဇ္ဇံ သတ္တာဟာတိက္ကန္တံ နိဿဂ္ဂိယံ, ဣမာဟံ သံဃဿ နိဿဇ္ဇာမီတိ…ပေ… ဒဒေယျာတိ…ပေ… ဒဒေယျုန္တိ…ပေ… အာယသ္မတော ဒမ္မီတိ။</p>
",-622-623-
364,mula_vi_01,364,"<p class=""bodytext""><a name=""para624""></a><a name=""para624_vin1""></a><span class=""paranum"">၆၂၄</span>။ သတ္တာဟာတိက္ကန္တေ <a name=""M0.0364""></a> အတိက္ကန္တသညီ, နိဿဂ္ဂိယံ ပါစိတ္တိယံ။ သတ္တာဟာတိက္ကန္တေ ဝေမတိကော, နိဿဂ္ဂိယံ ပါစိတ္တိယံ။ သတ္တာဟာတိက္ကန္တေ အနတိက္ကန္တသညီ, နိဿဂ္ဂိယံ ပါစိတ္တိယံ။ အနဓိဋ္ဌိတေ အဓိဋ္ဌိတသညီ, နိဿဂ္ဂိယံ ပါစိတ္တိယံ။ အဝိဿဇ္ဇိတေ ဝိဿဇ္ဇိတသညီ, နိဿဂ္ဂိယံ ပါစိတ္တိယံ။ အနဋ္ဌေ နဋ္ဌသညီ, နိဿဂ္ဂိယံ ပါစိတ္တိယံ။ အဝိနဋ္ဌေ ဝိနဋ္ဌသညီ, နိဿဂ္ဂိယံ <a name=""P3.0252""></a> ပါစိတ္တိယံ။ အဒဍ္ဎေ ဒဍ္ဎသညီ, နိဿဂ္ဂိယံ ပါစိတ္တိယံ။ အဝိလုတ္တေ ဝိလုတ္တသညီ, နိဿဂ္ဂိယံ ပါစိတ္တိယံ။</p>
<p class=""bodytext"">နိဿဋ္ဌံ ပဋိလဘိတွာ န ကာယိကေန ပရိဘောဂေန ပရိဘုဉ္ဇိတဗ္ဗံ, န အဇ္ဈောဟရိတဗ္ဗံ, ပဒီပေ ဝါ ကာဠဝဏ္ဏေ ဝါ ဥပနေတဗ္ဗံ, အညေန ဘိက္ခုနာ ကာယိကေန ပရိဘောဂေန ပရိဘုဉ္ဇိတဗ္ဗံ, န အဇ္ဈောဟရိတဗ္ဗံ။</p>
<p class=""bodytext"">သတ္တာဟာနတိက္ကန္တေ <a name=""V0.0377""></a> အတိက္ကန္တသညီ, အာပတ္တိ ဒုက္ကဋဿ။ သတ္တာဟာနတိက္ကန္တေ ဝေမတိကော, အာပတ္တိ ဒုက္ကဋဿ။ သတ္တာဟာနတိက္ကန္တေ အနတိက္ကန္တသညီ, အနာပတ္တိ။</p>
<p class=""bodytext""><a name=""para625""></a><a name=""para625_vin1""></a><span class=""paranum"">၆၂၅</span>။ အနာပတ္တိ <a name=""T2.0124""></a> အန္တောသတ္တာဟံ အဓိဋ္ဌေတိ, ဝိဿဇ္ဇေတိ, နဿတိ, ဝိနဿတိ, ဍယှတိ, အစ္ဆိန္ဒိတွာ ဂဏှန္တိ, ဝိဿာသံ ဂဏှန္တိ, အနုပသမ္ပန္နဿ စတ္တေန ဝန္တေန မုတ္တေန အနပေက္ခော ဒတွာ ပဋိလဘိတွာ ပရိဘုဉ္ဇတိ, ဥမ္မတ္တကဿ, အာဒိကမ္မိကဿာတိ။</p>
<p class=""centered"">ဘေသဇ္ဇသိက္ခာပဒံ နိဋ္ဌိတံ တတိယံ။</p>
<p class=""title"">၄။ ဝဿိကသာဋိကသိက္ခာပဒံ</p>
<p class=""bodytext""><a name=""para626""></a><a name=""para626_vin1""></a><span class=""paranum"">၆၂၆</span>။ တေန <a name=""T2.0125""></a> သမယေန ဗုဒ္ဓေါ ဘဂဝါ သာဝတ္ထိယံ ဝိဟရတိ ဇေတဝနေ အနာထပိဏ္ဍိကဿ အာရာမေ။ တေန ခေါ ပန သမယေန ဘဂဝတာ ဘိက္ခူနံ ဝဿိကသာဋိကာ အနုညာတာ ဟောတိ။ ဆဗ္ဗဂ္ဂိယာ ဘိက္ခူ – ‘‘ဘဂဝတာ ဝဿိကသာဋိကာ အနုညာတာ’’တိ, ပဋိကစ္စေဝ <span class=""note"">[ပဋိဂစ္စေဝ (သီ။)]</span> ဝဿိကသာဋိကစီဝရံ ပရိယေသန္တိ, ပဋိကစ္စေဝ ကတွာ နိဝါသေန္တိ, ဇိဏ္ဏာယ ဝဿိကသာဋိကာယ နဂ္ဂါ ကာယံ ဩဝဿာပေန္တိ။ ယေ တေ ဘိက္ခူ အပ္ပိစ္ဆာ… တေ ဥဇ္ဈာယန္တိ ခိယျန္တိ ဝိပါစေန္တိ – ‘‘ကထဉှိ နာမ ဆဗ္ဗဂ္ဂိယာ ဘိက္ခူ ပဋိကစ္စေဝ ဝဿိကသာဋိကစီဝရံ ပရိယေသိဿန္တိ, ပဋိကစ္စေဝ ကတွာ နိဝါသေဿန္တိ,</p>
",-624-625-626-
365,mula_vi_01,365,"<p class=""noindentbodytext""> ဇိဏ္ဏာယ<a name=""M0.0365""></a> ဝဿိကသာဋိကာယ နဂ္ဂါ ကာယံ ဩဝဿာပေဿန္တီ’’တိ! အထ ခေါ တေ ဘိက္ခူ ဆဗ္ဗဂ္ဂိယေ ဘိက္ခူ အနေကပရိယာယေန ဝိဂရဟိတွာ ဘဂဝတော ဧတမတ္ထံ အာရောစေသုံ…ပေ… ‘‘သစ္စံ ကိရ တုမှေ, ဘိက္ခဝေ, ပဋိကစ္စေဝ ဝဿိကသာဋိကစီဝရံ ပရိယေသထ? ပဋိကစ္စေဝ ကတွာ နိဝါသေထ? ဇိဏ္ဏာယ ဝဿိကသာဋိကာယ နဂ္ဂါ ကာယံ ဩဝဿာပေထာ’’တိ? ‘‘သစ္စံ, ဘဂဝါ’’တိ။ ဝိဂရဟိ ဗုဒ္ဓေါ ဘဂဝါ…ပေ… ကထဉှိ နာမ တုမှေ မောဃပုရိသာ, ပဋိကစ္စေဝ ဝဿိကသာဋိကစီဝရံ ပရိယေသိဿထ, ပဋိကစ္စေဝ ကတွာ နိဝါသေဿထ, ဇိဏ္ဏာယ ဝဿိကသာဋိကာယ နဂ္ဂါ ကာယံ ဩဝဿာပေဿထ! နေတံ, မောဃပုရိသာ, အပ္ပသန္နာနံ ဝါ ပသာဒါယ…ပေ… ဧဝဉ္စ ပန, ဘိက္ခဝေ, ဣမံ သိက္ခာပဒံ ဥဒ္ဒိသေယျာထ –</p>
<p class=""bodytext""><a name=""para627""></a><a name=""para627_vin1""></a><span class=""paranum"">၆၂၇</span>။ <span class=""bld"">‘‘မာသော သေသော ဂိမှာန’န္တိ ဘိက္ခုနာ ဝဿိကသာဋိကစီဝရံ ပရိယေသိတဗ္ဗံ</span><a name=""T2.0126""></a>၊ <span class=""bld"">‘အဒ္ဓမာသော</span> <a name=""V0.0378""></a> <span class=""bld"">သေသော ဂိမှာန’န္တိ ကတွာ နိဝါသေတဗ္ဗံ</span><a name=""P3.0253""></a>။ <span class=""bld"">‘ဩရေန စေ မာသော သေသော ဂိမှာန’န္တိ ဝဿိကသာဋိကစီဝရံ ပရိယေသေယျ, ‘ဩရေနဒ္ဓမာသော သေသော ဂိမှာန’န္တိ ကတွာ နိဝါသေယျ, နိဿဂ္ဂိယံ ပါစိတ္တိယ’’</span>န္တိ။</p>
<p class=""bodytext""><a name=""para628""></a><a name=""para628_vin1""></a><span class=""paranum"">၆၂၈</span>။ <span class=""bld"">‘မာသော သေသော ဂိမှာန’န္တိ ဘိက္ခုနာ ဝဿိကသာဋိကစီဝရံ ပရိယေသိတဗ္ဗ</span>န္တိ။ ယေ မနုဿာ ပုဗ္ဗေပိ ဝဿိကသာဋိကစီဝရံ ဒေန္တိ တေ ဥပသင်္ကမိတွာ ဧဝမဿု ဝစနီယာ – ‘‘ကာလော ဝဿိကသာဋိကာယ, သမယော ဝဿိကသာဋိကာယ, အညေပိ မနုဿာ ဝဿိကသာဋိကစီဝရံ ဒေန္တီ’’တိ။ န ဝတ္တဗ္ဗာ – ‘‘ဒေထ မေ ဝဿိကသာဋိကစီဝရံ, အာဟရထ မေ ဝဿိကသာဋိကစီဝရံ, ပရိဝတ္တေထ မေ ဝဿိကသာဋိကစီဝရံ, စေတာပေထ မေ ဝဿိကသာဋိကစီဝရ’’န္တိ။</p>
<p class=""bodytext""><span class=""bld"">‘အဒ္ဓမာသော သေသော ဂိမှာန’န္တိ ကတွာ နိဝါသေတဗ္ဗ</span>န္တိ။ အဒ္ဓမာသေ သေသေ ဂိမှာနေ ကတွာ နိဝါသေတဗ္ဗံ။</p>
<p class=""bodytext""><span class=""bld"">‘ဩရေန စေ မာသော သေသော ဂိမှာန’</span>န္တိ အတိရေကမာသေ သေသ ဂိမှာနေ ဝဿိကသာဋိကစီဝရံ ပရိယေသတိ, နိဿဂ္ဂိယံ ပါစိတ္တိယံ။</p>
<p class=""bodytext""><span class=""bld"">‘ဩရေနဒ္ဓမာသော သေသော ဂိမှာန’</span>န္တိ အတိရေကဒ္ဓမာသေ သေသေ ဂိမှာနေ ကတွာ နိဝါသေတိ, နိဿဂ္ဂိယံ ဟောတိ။ နိဿဇ္ဇိတဗ္ဗံ သံဃဿ ဝါ ဂဏဿ ဝါ ပုဂ္ဂလဿ ဝါ။ ဧဝဉ္စ ပန, ဘိက္ခဝေ, နိဿဇ္ဇိတဗ္ဗံ…ပေ… ဣဒံ မေ,</p>
",-627-628-
366,mula_vi_01,366,"<p class=""noindentbodytext""> ဘန္တေ<a name=""M0.0366""></a>, ဝဿိကသာဋိကစီဝရံ အတိရေကမာသေ သေသေ ဂိမှာနေ ပရိယိဋ္ဌံ အတိရေကဒ္ဓမာသေ <a name=""T2.0127""></a> သေသေ ဂိမှာနေ ကတွာ ပရိဒဟိတံ နိဿဂ္ဂိယံ။ ဣမာဟံ သံဃဿ နိဿဇ္ဇာမီတိ။…ပေ… ဒဒေယျာတိ…ပေ… ဒဒေယျုန္တိ…ပေ… အာယသ္မတော ဒမ္မီတိ။</p>
<p class=""bodytext""><a name=""para629""></a><a name=""para629_vin1""></a><span class=""paranum"">၆၂၉</span>။ အတိရေကမာသေ သေသေ ဂိမှာနေ အတိရေကသညီ ဝဿိကသာဋိကစီဝရံ ပရိယေသတိ, နိဿဂ္ဂိယံ ပါစိတ္တိယံ။ အတိရေကမာသေ သေသေ ဂိမှာနေ ဝေမတိကော ဝဿိကသာဋိကစီဝရံ ပရိယေသတိ, နိဿဂ္ဂိယံ ပါစိတ္တိယံ။ အတိရေကမာသေ သေသေ ဂိမှာနေ ဦနကသညီ ဝဿိကသာဋိကစီဝရံ ပရိယေသတိ, နိဿဂ္ဂိယံ ပါစိတ္တိယံ။</p>
<p class=""bodytext"">အတိရေကဒ္ဓမာသေ သေသေ ဂိမှာနေ အတိရေကသညီ ကတွာ နိဝါသေတိ, နိဿဂ္ဂိယံ ပါစိတ္တိယံ။ အတိရေကဒ္ဓမာသေ သေသေ ဂိမှာနေ ဝေမတိကော ကတွာ နိဝါသေတိ, နိဿဂ္ဂိယံ ပါစိတ္တိယံ<a name=""V0.0379""></a>။ အတိရေကဒ္ဓမာသေ သေသေ ဂိမှာနေ ဦနကသညီ ကတွာ နိဝါသေတိ, နိဿဂ္ဂိယံ ပါစိတ္တိယံ။</p>
<p class=""bodytext"">သတိယာ ဝဿိကသာဋိကာယ နဂ္ဂေါ ကာယံ ဩဝဿာပေတိ, အာပတ္တိ ဒုက္ကဋဿ။ ဦနကမာသေ သေသေ ဂိမှာနေ အတိရေကသညီ, အာပတ္တိ ဒုက္ကဋဿ။ ဦနကမာသေ သေသေ ဂိမှာနေ ဝေမတိကော, အာပတ္တိ ဒုက္ကဋဿ။ ဦနကမာသေ သေသေ ဂိမှာနေ ဦနကသညီ, အနာပတ္တိ။</p>
<p class=""bodytext"">ဦနကဒ္ဓမာသေ သေသေ ဂိမှာနေ အတိရေကသညီ, အာပတ္တိ ဒုက္ကဋဿ။ ဦနကဒ္ဓမာသေ သေသေ ဂိမှာနေ ဝေမတိကော<a name=""P3.0254""></a>, အာပတ္တိ ဒုက္ကဋဿ။ ဦနကဒ္ဓမာသေ သေသေ ဂိမှာနေ ဦနကသညီ, အနာပတ္တိ။</p>
<p class=""bodytext""><a name=""para630""></a><a name=""para630_vin1""></a><span class=""paranum"">၆၃၀</span>။ အနာပတ္တိ ‘မာသော သေသော ဂိမှာန’န္တိ ဝဿိကသာဋိကစီဝရံ ပရိယေသတိ<a name=""T2.0128""></a>, ‘အဒ္ဓမာသော သေသော ဂိမှာန’န္တိ ကတွာ နိဝါသေတိ, ‘ဦနကမာသော သေသော ဂိမှာန’န္တိ ဝဿိကသာဋိကစီဝရံ ပရိယေသတိ, ‘ဦနကဒ္ဓမာသော သေသော ဂိမှာန’န္တိ ကတွာ နိဝါသေတိ, ပရိယိဋ္ဌာယ ဝဿိကသာဋိကာယ ဝဿံ ဥက္ကဍ္ဎိယျတိ, နိဝတ္ထာယ ဝဿိကသာဋိကာယ ဝဿံ ဥက္ကဍ္ဎိယျတိ, ဓောဝိတွာ နိက္ခိပိတဗ္ဗံ၊ သမယေ နိဝါသေတဗ္ဗံ, အစ္ဆိန္နစီဝရဿ, နဋ္ဌစီဝရဿ, အာပဒါသု, ဥမ္မတ္တကဿ, အာဒိကမ္မိကဿာတိ။</p>
<p class=""centered"">ဝဿိကသာဋိကသိက္ခာပဒံ နိဋ္ဌိတံ စတုတ္ထံ။</p>
",-629-630-
367,mula_vi_01,367,"<p class=""title"">၅။ စီဝရအစ္ဆိန္ဒနသိက္ခာပဒံ</p>
<p class=""bodytext""><a name=""para631""></a><a name=""para631_vin1""></a><span class=""paranum"">၆၃၁</span>။ တေန <a name=""T2.0129""></a><a name=""M0.0367""></a> သမယေန ဗုဒ္ဓေါ ဘဂဝါ သာဝတ္ထိယံ ဝိဟရတိ ဇေတဝနေ အနာထပိဏ္ဍိကဿ အာရာမေ။ တေန ခေါ ပန သမယေန အာယသ္မာ ဥပနန္ဒော သကျပုတ္တော ဘာတုနော သဒ္ဓိဝိဟာရိကံ ဘိက္ခုံ ဧတဒဝေါစ – ‘‘ဧဟာဝုသော, ဇနပဒစာရိကံ ပက္ကမိဿာမာ’’တိ။ ‘‘နာဟံ, ဘန္တေ, ဂမိဿာမိ၊ ဒုဗ္ဗလစီဝရောမှီ’’တိ။ ‘‘ဧဟာဝုသော, အဟံ တေ စီဝရံ ဒဿာမီ’’တိ တဿ စီဝရံ အဒါသိ။ အဿောသိ ခေါ သော ဘိက္ခု – ‘‘ဘဂဝါ ကိရ ဇနပဒစာရိကံ ပက္ကမိဿတီ’’တိ။ အထ ခေါ တဿ ဘိက္ခုနော ဧတဒဟောသိ – ‘‘န ဒါနာဟံ အာယသ္မတာ ဥပနန္ဒေန သကျပုတ္တေန သဒ္ဓိံ ဇနပဒစာရိကံ <a name=""V0.0380""></a> ပက္ကမိဿာမိ, ဘဂဝတာ သဒ္ဓိံ ဇနပဒစာရိကံ ပက္ကမိဿာမီ’’တိ။ အထ ခေါ အာယသ္မာ ဥပနန္ဒော သကျပုတ္တော တံ ဘိက္ခုံ ဧတဒဝေါစ – ‘‘ဧဟိ ဒါနိ, အာဝုသော, ဇနပဒစာရိကံ ပက္ကမိဿာမာ’’တိ။ ‘‘နာဟံ, ဘန္တေ, တယာ သဒ္ဓိံ ဇနပဒစာရိကံ ပက္ကမိဿာမိ, ဘဂဝတာ သဒ္ဓိံ ဇနပဒစာရိကံ ပက္ကမိဿာမီ’’တိ။ ‘‘ယမ္ပိ တျာဟံ, အာဝုသော, စီဝရံ အဒါသိံ, မယာ သဒ္ဓိံ ဇနပဒစာရိကံ ပက္ကမိဿတီ’’တိ, ကုပိတော အနတ္တမနော အစ္ဆိန္ဒိ။</p>
<p class=""bodytext"">အထ ခေါ သော ဘိက္ခု ဘိက္ခူနံ ဧတမတ္ထံ အာရောစေသိ။ ယေ တေ ဘိက္ခူ အပ္ပိစ္ဆာ…ပေ… တေ ဥဇ္ဈာယန္တိ ခိယျန္တိ ဝိပါစေန္တိ – ‘‘ကထဉှိ နာမ အာယသ္မာ ဥပနန္ဒော သကျပုတ္တော ဘိက္ခုဿ သာမံ စီဝရံ ဒတွာ ကုပိတော အနတ္တမနော အစ္ဆိန္ဒိဿတီ’’တိ! အထ ခေါ တေ ဘိက္ခူ အာယသ္မန္တံ ဥပနန္ဒံ သကျပုတ္တံ အနေကပရိယာယေန ဝိဂရဟိတွာ ဘဂဝတော ဧတမတ္ထံ အာရောစေသုံ…ပေ… ‘‘သစ္စံ <a name=""T2.0130""></a> ကိရ တွံ, ဥပနန္ဒ, ဘိက္ခုဿ သာမံ စီဝရံ ဒတွာ ကုပိတော အနတ္တမနော အစ္ဆိန္ဒီ’’တိ? ‘‘သစ္စံ, ဘဂဝါ’’တိ။ ဝိဂရဟိ ဗုဒ္ဓေါ ဘဂဝါ…ပေ… ကထဉှိ နာမ တွံ, မောဃပုရိသ<a name=""P3.0255""></a>, ဘိက္ခုဿ သာမံ စီဝရံ ဒတွာ ကုပိတော အနတ္တမနော အစ္ဆိန္ဒိဿသိ! နေတံ, မောဃပုရိသ, အပ္ပသန္နာနံ ဝါ ပသာဒါယ…ပေ… ဧဝဉ္စ ပန, ဘိက္ခဝေ, ဣမံ သိက္ခာပဒံ ဥဒ္ဒိသေယျာထ –</p>
<p class=""bodytext""><a name=""para632""></a><a name=""para632_vin1""></a><span class=""paranum"">၆၃၂</span>။ <span class=""bld"">‘‘ယော ပန ဘိက္ခု ဘိက္ခုဿ သာမံ စီဝရံ ဒတွာ ကုပိတော အနတ္တမနော အစ္ဆိန္ဒေယျ ဝါ အစ္ဆိန္ဒာပေယျ ဝါ, နိဿဂ္ဂိယံ ပါစိတ္တိယ’’</span>န္တိ။</p>
<p class=""bodytext""><a name=""para633""></a><a name=""para633_vin1""></a><span class=""paranum"">၆၃၃</span>။ <span class=""bld"">ယော ပနာ</span>တိ ယော ယာဒိသော…ပေ… <span class=""bld"">ဘိက္ခူ</span>တိ…ပေ… အယံ ဣမသ္မိံ အတ္ထေ အဓိပ္ပေတော ဘိက္ခူတိ။</p>
",-631-632-633-
368,mula_vi_01,368,"<p class=""bodytext""><span class=""bld"">ဘိက္ခုဿာ</span>တိ <a name=""M0.0368""></a> အညဿ ဘိက္ခုဿ။</p>
<p class=""bodytext""><span class=""bld"">သာမ</span>န္တိ သယံ ဒတွာ။</p>
<p class=""bodytext""><span class=""bld"">စီဝရံ</span> နာမ ဆန္နံ စီဝရာနံ အညတရံ စီဝရံ, ဝိကပ္ပနုပဂံ ပစ္ဆိမံ။</p>
<p class=""bodytext""><span class=""bld"">ကုပိတော</span> <a name=""V0.0381""></a> <span class=""bld"">အနတ္တမနော</span>တိ အနဘိရဒ္ဓေါ အာဟတစိတ္တော ခိလဇာတော။</p>
<p class=""bodytext""><span class=""bld"">အစ္ဆိန္ဒေယျာ</span>တိ သယံ အစ္ဆိန္ဒတိ, နိဿဂ္ဂိယံ ပါစိတ္တိယံ <span class=""note"">[နိဿဂ္ဂိယံ ဟောတိ (သျာ။)]</span>။</p>
<p class=""bodytext""><span class=""bld"">အစ္ဆိန္ဒာပေယျာ</span>တိ အညံ အာဏာပေတိ, အာပတ္တိ ဒုက္ကဋဿ။ သကိံ အာဏတ္တော ဗဟုကမ္ပိ အစ္ဆိန္ဒတိ, နိဿဂ္ဂိယံ ဟောတိ။ နိဿဇ္ဇိတဗ္ဗံ သံဃဿ ဝါ ဂဏဿ ဝါ ပုဂ္ဂလဿ ဝါ။ ဧဝဉ္စ ပန, ဘိက္ခဝေ, နိဿဇ္ဇိတဗ္ဗံ…ပေ… ဣဒံ မေ, ဘန္တေ, စီဝရံ ဘိက္ခုဿ သာမံ ဒတွာ အစ္ဆိန္နံ နိဿဂ္ဂိယံ ဣမာဟံ သံဃဿ နိဿဇ္ဇာမီတိ…ပေ… ဒဒေယျာတိ <a name=""T2.0131""></a> …ပေ… ဒဒေယျုန္တိ…ပေ… အာယသ္မတော ဒမ္မီတိ။</p>
<p class=""bodytext""><a name=""para634""></a><a name=""para634_vin1""></a><span class=""paranum"">၆၃၄</span>။ ဥပသမ္ပန္နေ ဥပသမ္ပန္နသညီ စီဝရံ ဒတွာ ကုပိတော အနတ္တမနော အစ္ဆိန္ဒတိ ဝါ အစ္ဆိန္ဒာပေတိ ဝါ, နိဿဂ္ဂိယံ ပါစိတ္တိယံ။ ဥပသမ္ပန္နေ ဝေမတိကော စီဝရံ ဒတွာ ကုပိတော အနတ္တမနော အစ္ဆိန္ဒတိ ဝါ အစ္ဆိန္ဒာပေတိ ဝါ, နိဿဂ္ဂိယံ ပါစိတ္တိယံ။ ဥပသမ္ပန္နေ အနုပသမ္ပန္နသညီ စီဝရံ ဒတွာ ကုပိတော အနတ္တမနော အစ္ဆိန္ဒတိ ဝါ အစ္ဆိန္ဒာပေတိ ဝါ, နိဿဂ္ဂိယံ ပါစိတ္တိယံ။</p>
<p class=""bodytext"">အညံ ပရိက္ခာရံ ဒတွာ ကုပိတော အနတ္တမနော အစ္ဆိန္ဒတိ ဝါ အစ္ဆိန္ဒာပေတိ ဝါ, အာပတ္တိ ဒုက္ကဋဿ။ အနုပသမ္ပန္နဿ စီဝရံ ဝါ အညံ ဝါ ပရိက္ခာရံ ဒတွာ ကုပိတော အနတ္တမနော အစ္ဆိန္ဒတိ ဝါ အစ္ဆိန္ဒာပေတိ ဝါ, အာပတ္တိ ဒုက္ကဋဿ။ အနုပသမ္ပန္နေ ဥပသမ္ပန္နသညီ, အာပတ္တိ ဒုက္ကဋဿ။ အနုပသမ္ပန္နေ ဝေမတိကော, အာပတ္တိ ဒုက္ကဋဿ။ အနုပသမ္ပန္နေ အနုပသမ္ပန္နသညီ, အာပတ္တိ ဒုက္ကဋဿ။</p>
<p class=""bodytext""><a name=""para635""></a><a name=""para635_vin1""></a><span class=""paranum"">၆၃၅</span>။ အနာပတ္တိ – သော ဝါ ဒေတိ, တဿ ဝါ ဝိဿသန္တော ဂဏှာတိ, ဥမ္မတ္တကဿ အာဒိကမ္မိကဿာတိ။</p>
<p class=""centered"">စီဝရအစ္ဆိန္ဒနသိက္ခာပဒံ နိဋ္ဌိတံ ပဉ္စမံ။</p>
<p class=""title"">၆။ သုတ္တဝိညတ္တိသိက္ခာပဒံ</p>
<p class=""bodytext""><a name=""para636""></a><a name=""para636_vin1""></a><span class=""paranum"">၆၃၆</span>။ တေန <a name=""T2.0132""></a><a name=""P3.0256""></a><a name=""V0.0382""></a> သမယေန ဗုဒ္ဓေါ ဘဂဝါ ရာဇဂဟေ ဝိဟရတိ ဝေဠုဝနေ ကလန္ဒကနိဝါပေ။ တေန ခေါ ပန သမယေန ဆဗ္ဗဂ္ဂိယာ ဘိက္ခူ စီဝရကာရ-</p>
",-634-635-636-
369,mula_vi_01,369,"<p class=""noindentbodytext""> သမယေ<a name=""M0.0369""></a> ဗဟုံ သုတ္တံ ဝိညာပေသုံ။ ကတေပိ စီဝရေ ဗဟုံ သုတ္တံ အဝသိဋ္ဌံ ဟောတိ။ အထ ခေါ ဆဗ္ဗဂ္ဂိယာနံ ဘိက္ခူနံ ဧတဒဟောသိ – ‘‘ဟန္ဒ မယံ, အာဝုသော, အညမ္ပိ သုတ္တံ ဝိညာပေတွာ တန္တဝါယေဟိ စီဝရံ ဝါယာပေမာ’’တိ။ အထ ခေါ ဆဗ္ဗဂ္ဂိယာ ဘိက္ခူ အညမ္ပိ သုတ္တံ ဝိညာပေတွာ တန္တဝါယေဟိ စီဝရံ ဝါယာပေသုံ။ ဝီတေပိ စီဝရေ ဗဟုံ သုတ္တံ အဝသိဋ္ဌံ ဟောတိ။ ဒုတိယမ္ပိ ခေါ ဆဗ္ဗဂ္ဂိယာ ဘိက္ခူ အညမ္ပိ သုတ္တံ ဝိညာပေတွာ တန္တဝါယေဟိ စီဝရံ ဝါယာပေသုံ။ ဝီတေပိ စီဝရေ ဗဟုံ သုတ္တံ အဝသိဋ္ဌံ ဟောတိ။ တတိယမ္ပိ ခေါ ဆဗ္ဗဂ္ဂိယာ ဘိက္ခူ အညမ္ပိ သုတ္တံ ဝိညာပေတွာ တန္တဝါယေဟိ စီဝရံ ဝါယာပေသုံ။ မနုဿာ ဥဇ္ဈာယန္တိ ခိယျန္တိ ဝိပါစေန္တိ – ‘‘ကထဉှိ နာမ သမဏာ သကျပုတ္တိယာ သာမံ သုတ္တံ ဝိညာပေတွာ တန္တဝါယေဟိ စီဝရံ ဝါယာပေဿန္တီ’’တိ!</p>
<p class=""bodytext"">အဿောသုံ ခေါ ဘိက္ခူ တေသံ မနုဿာနံ ဥဇ္ဈာယန္တာနံ ခိယျန္တာနံ ဝိပါစေန္တာနံ။ ယေ တေ ဘိက္ခူ အပ္ပိစ္ဆာ… တေ ဥဇ္ဈာယန္တိ ခိယျန္တိ ဝိပါစေန္တိ – ‘‘ကထဉှိ နာမ ဆဗ္ဗဂ္ဂိယာ ဘိက္ခူ သာမံ သုတ္တံ ဝိညာပေတွာ တန္တဝါယေဟိ စီဝရံ ဝါယာပေဿန္တီ’’တိ! အထ ခေါ တေ ဘိက္ခူ ဆဗ္ဗဂ္ဂိယေ ဘိက္ခူ အနေကပရိယာယေန ဝိဂရဟိတွာ ဘဂဝတော ဧတမတ္ထံ အာရောစေသုံ…ပေ… ‘‘သစ္စံ ကိရ တုမှေ, ဘိက္ခဝေ<a name=""T2.0133""></a>, သာမံ သုတ္တံ ဝိညာပေတွာ တန္တဝါယေဟိ စီဝရံ ဝါယာပေထာ’’တိ? ‘‘သစ္စံ, ဘဂဝါ’’တိ။ ဝိဂရဟိ ဗုဒ္ဓေါ ဘဂဝါ…ပေ… ကထဉှိ နာမ တုမှေ, မောဃပုရိသာ, သာမံ သုတ္တံ ဝိညာပေတွာ တန္တဝါယေဟိ စီဝရံ ဝါယာပေဿထ! နေတံ, မောဃပုရိသာ, အပ္ပသန္နာနံ ဝါ ပသာဒါယ…ပေ… ဧဝဉ္စ ပန, ဘိက္ခဝေ, ဣမံ သိက္ခာပဒံ ဥဒ္ဒိသေယျာထ –</p>
<p class=""bodytext""><a name=""para637""></a><a name=""para637_vin1""></a><span class=""paranum"">၆၃၇</span>။ <span class=""bld"">‘‘ယော ပန ဘိက္ခု သာမံ သုတ္တံ ဝိညာပေတွာ တန္တဝါယေဟိ စီဝရံ ဝါယာပေယျ, နိဿဂ္ဂိယံ ပါစိတ္တိယ’’</span>န္တိ။</p>
<p class=""bodytext""><a name=""para638""></a><a name=""para638_vin1""></a><span class=""paranum"">၆၃၈</span>။ <span class=""bld"">ယော ပနာ</span>တိ ယော ယာဒိသော…ပေ… <span class=""bld"">ဘိက္ခူ</span>တိ…ပေ… အယံ ဣမသ္မိံ အတ္ထေ အဓိပ္ပေတော ဘိက္ခူတိ။</p>
<p class=""bodytext""><span class=""bld"">သာမ</span>န္တိ <a name=""V0.0383""></a> သယံ ဝိညာပေတွာ။</p>
<p class=""bodytext""><span class=""bld"">သုတ္တံ</span> နာမ ဆ သုတ္တာနိ – ခေါမံ ကပ္ပါသိကံ ကောသေယျံ ကမ္ဗလံ သာဏံ ဘင်္ဂံ။</p>
",-637-638-
370,mula_vi_01,370,"<p class=""bodytext""><span class=""bld"">တန္တဝါယေဟီ</span>တိ <a name=""M0.0370""></a> ပေသကာရေဟိ ဝါယာပေတိ, ပယောဂေ ပယောဂေ ဒုက္ကဋံ <span class=""note"">[ဝါယာပေတိ, ပယောဂေ ဒုက္ကဋံ (သျာ။)]</span>။ ပဋိလာဘေန နိဿဂ္ဂိယံ ဟောတိ။ နိဿဇ္ဇိတဗ္ဗံ သံဃဿ ဝါ ဂဏဿ ဝါ ပုဂ္ဂလဿ ဝါ။ ဧဝဉ္စ <a name=""P3.0257""></a> ပန, ဘိက္ခဝေ, နိဿဇ္ဇိတဗ္ဗံ…ပေ… ဣဒံ မေ, ဘန္တေ, စီဝရံ သာမံ သုတ္တံ ဝိညာပေတွာ တန္တဝါယေဟိ ဝါယာပိတံ နိဿဂ္ဂိယံ။ ဣမာဟံ သံဃဿ နိဿဇ္ဇာမီတိ…ပေ… ဒဒေယျာတိ…ပေ… ဒဒေယျုန္တိ…ပေ… အာယသ္မတော ဒမ္မီတိ။</p>
<p class=""bodytext""><a name=""para639""></a><a name=""para639_vin1""></a><span class=""paranum"">၆၃၉</span>။ ဝါယာပိတေ ဝါယာပိတသညီ, နိဿဂ္ဂိယံ ပါစိတ္တိယံ။ ဝါယာပိတေ ဝေမတိကော, နိဿဂ္ဂိယံ ပါစိတ္တိယံ။ ဝါယာပိတေ အဝါယာပိတသညီ, နိဿဂ္ဂိယံ ပါစိတ္တိယံ။</p>
<p class=""bodytext"">အဝါယာပိတေ ဝါယာပိတသညီ, အာပတ္တိ ဒုက္ကဋဿ။ အဝါယာပိတေ ဝေမတိကော, အာပတ္တိ ဒုက္ကဋဿ။ အဝါယာပိတေ <a name=""T2.0134""></a> အဝါယာပိတသညီ, အနာပတ္တိ။</p>
<p class=""bodytext""><a name=""para640""></a><a name=""para640_vin1""></a><span class=""paranum"">၆၄၀</span>။ အနာပတ္တိ – စီဝရံ သိဗ္ဗေတုံ, အာယောဂေ, ကာယဗန္ဓနေ, အံသဗန္ဓကေ <span class=""note"">[အံသဝဋ္ဋကေ (သီ။)]</span>, ပတ္တတ္ထဝိကာယ, ပရိဿာဝနေ, ဉာတကာနံ, ပဝါရိတာနံ, အညဿတ္ထာယ, အတ္တနော ဓနေန, ဥမ္မတ္တကဿ, အာဒိကမ္မိကဿာတိ။</p>
<p class=""centered"">သုတ္တဝိညတ္တိသိက္ခာပဒံ နိဋ္ဌိတံ ဆဋ္ဌံ။</p>
<p class=""title"">၇။ မဟာပေသကာရသိက္ခာပဒံ</p>
<p class=""bodytext""><a name=""para641""></a><a name=""para641_vin1""></a><span class=""paranum"">၆၄၁</span>။ တေန <a name=""T2.0135""></a> သမယေန ဗုဒ္ဓေါ ဘဂဝါ သာဝတ္ထိယံ ဝိဟရတိ ဇေတဝနေ အနာထပိဏ္ဍိကဿ အာရာမေ။ တေန ခေါ ပန သမယေန အညတရော ပုရိသော ပဝါသံ ဂစ္ဆန္တော ပဇာပတိံ ဧတဒဝေါစ – ‘‘သုတ္တံ ဓာရယိတွာ အမုကဿ တန္တဝါယဿ ဒေဟိ, စီဝရံ ဝါယာပေတွာ နိက္ခိပ, အာဂတော အယျံ ဥပနန္ဒံ စီဝရေန အစ္ဆာဒေဿာမီ’’တိ။ အဿောသိ ခေါ အညတရော ပိဏ္ဍစာရိကော ဘိက္ခု တဿ ပုရိသဿ <a name=""V0.0384""></a> ဣမံ ဝါစံ ဘာသမာနဿ။ အထ ခေါ သော ဘိက္ခု ယေနာယသ္မာ ဥပနန္ဒော သကျပုတ္တော တေနုပသင်္ကမိ၊ ဥပသင်္ကမိတွာ အာယသ္မန္တံ ဥပနန္ဒံ သကျပုတ္တံ ဧတဒဝေါစ – ‘‘မဟာပုညောသိ တွံ, အာဝုသော ဥပနန္ဒ, အမုကသ္မိံ ဩကာသေ အညတရော ပုရိသော ပဝါသံ</p>
",-639-640-641-
371,mula_vi_01,371,"<p class=""noindentbodytext""> ဂစ္ဆန္တော<a name=""M0.0371""></a> ပဇာပတိံ ဧတဒဝေါစ – ‘‘သုတ္တံ ဓာရယိတွာ အမုကဿ တန္တဝါယဿ ဒေဟိ, စီဝရံ ဝါယာပေတွာ နိက္ခိပ, အာဂတော အယျံ ဥပနန္ဒံ စီဝရေန အစ္ဆာဒေဿာမီ’’တိ။ ‘‘အတ္ထာဝုသော, မံ သော ဥပဋ္ဌာကော’’တိ။ သောပိ ခေါ တန္တဝါယော အာယသ္မတော ဥပနန္ဒဿ သကျပုတ္တဿ ဥပဋ္ဌာကော ဟောတိ။ အထ ခေါ အာယသ္မာ ဥပနန္ဒော သကျပုတ္တော ယေန သော တန္တဝါယော တေနုပသင်္ကမိ၊ ဥပသင်္ကမိတွာ တံ တန္တဝါယံ ဧတဒဝေါစ – ‘‘ဣဒံ ခေါ, အာဝုသော, စီဝရံ မံ ဥဒ္ဒိဿ ဝိယျတိ၊ အာယတဉ္စ ကရောဟိ ဝိတ္ထတဉ္စ။ အပ္ပိတဉ္စ သုဝီတဉ္စ သုပ္ပဝါယိတဉ္စ သုဝိလေခိတဉ္စ <a name=""T2.0136""></a> သုဝိတစ္ဆိတဉ္စ ကရောဟီ’’တိ။ ‘‘ဧတေ ခေါ မေ, ဘန္တေ, သုတ္တံ ဓာရယိတွာ အဒံသု၊ ဣမိနာ သုတ္တေန စီဝရံ ဝိနာဟီ’’တိ။ ‘‘န, ဘန္တေ, သက္ကာ အာယတံ ဝါ ဝိတ္ထတံ ဝါ အပ္ပိတံ ဝါ ကာတုံ။ သက္ကာ <a name=""P3.0258""></a> စ ခေါ, ဘန္တေ, သုဝီတဉ္စ သုပ္ပဝါယိတဉ္စ သုဝိလေခိတဉ္စ သုဝိတစ္ဆိတဉ္စ ကာတု’’န္တိ။ ‘‘ဣင်္ဃ တွံ, အာဝုသော, အာယတဉ္စ ကရောဟိ ဝိတ္ထတဉ္စ အပ္ပိတဉ္စ။ န တေန သုတ္တေန ပဋိဗဒ္ဓံ ဘဝိဿတီ’’တိ။</p>
<p class=""bodytext"">အထ ခေါ သော တန္တဝါယော ယထာဘတံ သုတ္တံ တန္တေ ဥပနေတွာ ယေန သာ ဣတ္ထီ တေနုပသင်္ကမိ၊ ဥပသင်္ကမိတွာ တံ ဣတ္ထိံ ဧတဒဝေါစ – ‘‘သုတ္တေန, အယျေ, အတ္ထော’’တိ။ ‘‘နနု တွံ အယျော <span class=""note"">[အယျ (သျာ။)]</span> မယာ ဝုတ္တော – ‘ဣမိနာ သုတ္တေန စီဝရံ ဝိနာဟီ’’’တိ။ ‘‘သစ္စာဟံ, အယျေ, တယာ ဝုတ္တော – ‘ဣမိနာ သုတ္တေန စီဝရံ ဝိနာဟီ’တိ။ အပိစ, မံ အယျော ဥပနန္ဒော ဧဝမာဟ – ‘ဣင်္ဃ တွံ, အာဝုသော, အာယတဉ္စ ကရောဟိ ဝိတ္ထတဉ္စ အပ္ပိတဉ္စ, န တေန သုတ္တေန ပဋိဗဒ္ဓံ ဘဝိဿတီ’’’တိ။ အထ ခေါ သာ ဣတ္ထီ ယတ္တကံယေဝ သုတ္တံ ပဌမံ အဒါသိ တတ္တကံ ပစ္ဆာ အဒါသိ။ အဿောသိ ခေါ အာယသ္မာ ဥပနန္ဒော သကျပုတ္တော – ‘‘သော ကိရ ပုရိသော ပဝါသတော အာဂတော’’တိ။ အထ ခေါ အာယသ္မာ ဥပနန္ဒော သကျပုတ္တော ယေန တဿ ပုရိသဿ နိဝေသနံ တေနုပသင်္ကမိ၊ ဥပသင်္ကမိတွာ ပညတ္တေ အာသနေ နိသီဒိ။ အထ ခေါ သော ပုရိသော ယေနာယသ္မာ ဥပနန္ဒော သကျပုတ္တော တေနုပသင်္ကမိ၊ ဥပသင်္ကမိတွာ အာယသ္မန္တံ ဥပနန္ဒံ သကျပုတ္တံ အဘိဝါဒေတွာ ဧကမန္တံ နိသီဒိ။ ဧကမန္တံ နိသိန္နော <a name=""T2.0137""></a> ခေါ သော ပုရိသော ပဇာပတိံ ဧတဒဝေါစ – ‘‘ဝီတံ တံ စီဝရ’’န္တိ? ‘‘အာမာယျ, ဝီတံ တံ စီဝရ’’န္တိ။ ‘‘အာဟရ, အယျံ ဥပနန္ဒံ စီဝရေန အစ္ဆာဒေဿာမီ’’တိ။ အထ ခေါ သာ ဣတ္ထီ တံ စီဝရံ နီဟရိတွာ သာမိကဿ ဒတွာ ဧတမတ္ထံ အာရောစေသိ။ အထ ခေါ သော ပုရိသော အာယသ္မတော ဥပနန္ဒဿ</p>
",
372,mula_vi_01,372,"<p class=""noindentbodytext""> သကျပုတ္တဿ<a name=""M0.0372""></a> စီဝရံ ဒတွာ ဥဇ္ဈာယတိ ခိယျတိ ဝိပါစေတိ – ‘‘မဟိစ္ဆာ ဣမေ သမဏာ <a name=""V0.0385""></a> သကျပုတ္တိယာ အသန္တုဋ္ဌာ။ နယိမေ သုကရာ စီဝရေန အစ္ဆာဒေတုံ။ ကထဉှိ နာမ အယျော ဥပနန္ဒော မယာ ပုဗ္ဗေ အပ္ပဝါရိတော တန္တဝါယေ <span class=""note"">[ဂဟပတိကဿ တန္တဝါယေ (က။)]</span> ဥပသင်္ကမိတွာ စီဝရေ ဝိကပ္ပံ အာပဇ္ဇိဿတီ’’တိ။</p>
<p class=""bodytext"">အဿောသုံ ခေါ ဘိက္ခူ တဿ ပုရိသဿ ဥဇ္ဈာယန္တဿ ခိယျန္တဿ ဝိပါစေန္တဿ။ ယေ တေ ဘိက္ခူ အပ္ပိစ္ဆာ…ပေ… တေ ဥဇ္ဈာယန္တိ ခိယျန္တိ ဝိပါစေန္တိ – ‘‘ကထဉှိ နာမ အာယသ္မာ ဥပနန္ဒော သကျပုတ္တော ပုဗ္ဗေ အပ္ပဝါရိတော ဂဟပတိကဿ တန္တဝါယေ ဥပသင်္ကမိတွာ စီဝရေ ဝိကပ္ပံ အာပဇ္ဇိဿတီ’’တိ! အထ ခေါ တေ ဘိက္ခူ အာယသ္မန္တံ ဥပနန္ဒံ သကျပုတ္တံ အနေကပရိယာယေန ဝိဂရဟိတွာ ဘဂဝတော ဧတမတ္ထံ အာရောစေသုံ…ပေ… ‘‘သစ္စံ ကိရ တွံ, ဥပနန္ဒ, ပုဗ္ဗေ အပ္ပဝါရိတော ဂဟပတိကဿ တန္တဝါယေ ဥပသင်္ကမိတွာ စီဝရေ ဝိကပ္ပံ အာပဇ္ဇီ’’တိ? ‘‘သစ္စံ, ဘဂဝါ’’တိ။ ‘‘ဉာတကော တေ, ဥပနန္ဒ, အညာတကော’’တိ? ‘‘အညာတကော, ဘဂဝါ’’တိ။ ‘‘အညာတကော, မောဃပုရိသ, အညာတကဿ န ဇာနာတိ ပတိရူပံ ဝါ အပ္ပတိရူပံ ဝါ သန္တံ ဝါ အသန္တံ ဝါ။ တတ္ထ နာမ တွံ, မောဃပုရိသ, ပုဗ္ဗေ အပ္ပဝါရိတော <a name=""T2.0138""></a> အညာတကဿ ဂဟပတိကဿ <a name=""P3.0259""></a> တန္တဝါယေ ဥပသင်္ကမိတွာ စီဝရေ ဝိကပ္ပံ အာပဇ္ဇိဿသိ! နေတံ, မောဃပုရိသ, အပ္ပသန္နာနံ ဝါ ပသာဒါယ…ပေ… ဧဝဉ္စ ပန, ဘိက္ခဝေ, ဣမံ သိက္ခာပဒံ ဥဒ္ဒိသေယျာထ –</p>
<p class=""bodytext""><a name=""para642""></a><a name=""para642_vin1""></a><span class=""paranum"">၆၄၂</span>။ <span class=""bld"">‘‘ဘိက္ခုံ ပနေဝ ဥဒ္ဒိဿ အညာတကော ဂဟပတိ ဝါ ဂဟပတာနီ ဝါ တန္တဝါယေဟိ စီဝရံ ဝါယာပေယျ, တတြ စေ သော ဘိက္ခု ပုဗ္ဗေ အပ္ပဝါရိတော တန္တဝါယေ ဥပသင်္ကမိတွာ စီဝရေ ဝိကပ္ပံ အာပဇ္ဇေယျ – ‘ဣဒံ ခေါ, အာဝုသော, စီဝရံ မံ ဥဒ္ဒိဿ ဝိယျတိ။ အာယတဉ္စ ကရောထ ဝိတ္ထတဉ္စ။ အပ္ပိတဉ္စ သုဝီတဉ္စ သုပ္ပဝါယိတဉ္စ သုဝိလေခိတဉ္စ သုဝိတစ္ဆိတဉ္စ ကရောထ။ အပ္ပေဝ နာမ မယမ္ပိ အာယသ္မန္တာနံ ကိဉ္စိမတ္တံ အနုပဒဇ္ဇေယျာမာ’တိ။ ဧဝဉ္စ သော ဘိက္ခု ဝတွာ ကိဉ္စိမတ္တံ အနုပဒဇ္ဇေယျ အန္တမသော ပိဏ္ဍပါတမတ္တမ္ပိ, နိဿဂ္ဂိယံ ပါစိတ္တိယ’’</span>န္တိ။</p>
<p class=""bodytext""><a name=""para643""></a><a name=""para643_vin1""></a><span class=""paranum"">၆၄၃</span>။ <span class=""bld"">ဘိက္ခုံ ပနေဝ ဥဒ္ဒိဿာ</span>တိ ဘိက္ခုဿတ္ထာယ ဘိက္ခုံ အာရမ္မဏံ ကရိတွာ ဘိက္ခုံ အစ္ဆာဒေတုကာမော။</p>
<p class=""bodytext""><span class=""bld"">အညာတကော</span> နာမ မာတိတော ဝါ ပိတိတော ဝါ ယာဝ သတ္တမာ ပိတာမဟယုဂါ အသမ္ဗဒ္ဓေါ။</p>
",-642-643-
373,mula_vi_01,373,"<p class=""bodytext""><span class=""bld"">ဂဟပတိ</span> <a name=""M0.0373""></a><a name=""V0.0386""></a> နာမ ယော ကောစိ အဂါရံ အဇ္ဈာဝသတိ။</p>
<p class=""bodytext""><span class=""bld"">ဂဟပတာနီ</span> နာမ ယာ ကာစိ အဂါရံ အဇ္ဈာဝသတိ။</p>
<p class=""bodytext""><span class=""bld"">တန္တဝါယေဟီ</span>တိ ပေသကာရေဟိ။</p>
<p class=""bodytext""><span class=""bld"">စီဝရံ</span> နာမ ဆန္နံ စီဝရာနံ အညတရံ စီဝရံ ဝိကပ္ပနုပဂံ ပစ္ဆိမံ။</p>
<p class=""bodytext""><span class=""bld"">ဝါယာပေယျာ</span>တိ ဝိနာပေတိ။</p>
<p class=""bodytext""><span class=""bld"">တတြ စေ သော ဘိက္ခူ</span>တိ ယံ ဘိက္ခုံ ဥဒ္ဒိဿ စီဝရံ ဝိယျတိ သော <a name=""T2.0139""></a> ဘိက္ခု။</p>
<p class=""bodytext""><span class=""bld"">ပုဗ္ဗေ အပ္ပဝါရိတော</span>တိ ပုဗ္ဗေ အဝုတ္တော ဟောတိ – ‘‘ကီဒိသေန တေ, ဘန္တေ, စီဝရေန အတ္ထော, ကီဒိသံ တေ စီဝရံ ဝါယာပေမီ’’တိ?</p>
<p class=""bodytext""><span class=""bld"">တန္တဝါယေ ဥပသင်္ကမိတွာ</span>တိ ဃရံ ဂန္တွာ ယတ္ထ ကတ္ထစိ ဥပသင်္ကမိတွာ။</p>
<p class=""bodytext""><span class=""bld"">စီဝရေ ဝိကပ္ပံ အာပဇ္ဇေယျာ</span>တိ – ‘‘ဣဒံ ခေါ, အာဝုသော, စီဝရံ မံ ဥဒ္ဒိဿ ဝိယျတိ, အာယတဉ္စ ကရောထ ဝိတ္ထတဉ္စ။ အပ္ပိတဉ္စ သုဝီတဉ္စ သုပ္ပဝါယိတဉ္စ သုဝိလေခိတဉ္စ သုဝိတစ္ဆိတဉ္စ ကရောထ။ အပ္ပေဝ နာမ မယမ္ပိ အာယသ္မန္တာနံ ကိဉ္စိမတ္တံ အနုပဒဇ္ဇေယျာမာ’’တိ။</p>
<p class=""bodytext""><span class=""bld"">ဧဝဉ္စ သော ဘိက္ခု ဝတွာ ကိဉ္စိမတ္တံ အနုပဒဇ္ဇေယျ အန္တမသော ပိဏ္ဍပါတမတ္တမ္ပီ</span>တိ။ <span class=""bld"">ပိဏ္ဍပါတော</span> နာမ ယာဂုပိ ဘတ္တမ္ပိ ခါဒနီယမ္ပိ <a name=""P3.0260""></a> စုဏ္ဏပိဏ္ဍောပိ ဒန္တကဋ္ဌမ္ပိ ဒသိကသုတ္တမ္ပိ, အန္တမသော ဓမ္မမ္ပိ ဘဏတိ။</p>
<p class=""bodytext"">တဿ ဝစနေန အာယတံ ဝါ ဝိတ္ထတံ ဝါ အပ္ပိတံ ဝါ ကရောတိ, ပယောဂေ ဒုက္ကဋံ။ ပဋိလာဘေန နိဿဂ္ဂိယံ ဟောတိ။ နိဿဇ္ဇိတဗ္ဗံ သံဃဿ ဝါ ဂဏဿ ဝါ ပုဂ္ဂလဿ ဝါ။ ဧဝဉ္စ ပန, ဘိက္ခဝေ, နိဿဇ္ဇိတဗ္ဗံ…ပေ… ဣဒံ မေ, ဘန္တေ, စီဝရံ ပုဗ္ဗေ အပ္ပဝါရိတော အညာတကဿ <a name=""V0.0387""></a> ဂဟပတိကဿ တန္တဝါယေ ဥပသင်္ကမိတွာ စီဝရေ ဝိကပ္ပံ အာပန္နံ နိဿဂ္ဂိယံ။ ဣမာဟံ သံဃဿ နိဿဇ္ဇာမီတိ…ပေ… ဒဒေယျာတိ…ပေ… ဒဒေယျုန္တိ…ပေ… အာယသ္မတော ဒမ္မီတိ။</p>
<p class=""bodytext""><a name=""para644""></a><a name=""para644_vin1""></a><span class=""paranum"">၆၄၄</span>။ အညာတကေ အညာတကသညီ ပုဗ္ဗေ အပ္ပဝါရိတော ဂဟပတိကဿ တန္တဝါယေ ဥပသင်္ကမိတွာ စီဝရေ ဝိကပ္ပံ အာပဇ္ဇတိ, နိဿဂ္ဂိယံ ပါစိတ္တိယံ။ အညာတကေ ဝေမတိကော ပုဗ္ဗေ အပ္ပဝါရိတော ဂဟပတိကဿ တန္တဝါယေ <a name=""T2.0140""></a> ဥပသင်္ကမိတွာ စီဝရေ ဝိကပ္ပံ အာပဇ္ဇတိ, နိဿဂ္ဂိယံ ပါစိတ္တိယံ။ အညာတကေ ဉာတကသညီ ပုဗ္ဗေ အပ္ပဝါရိတော ဂဟပတိကဿ တန္တဝါယေ ဥပသင်္ကမိတွာ စီဝရေ ဝိကပ္ပံ အာပဇ္ဇတိ, နိဿဂ္ဂိယံ ပါစိတ္တိယံ။</p>
",-644-
374,mula_vi_01,374,"<p class=""bodytext"">ဉာတကေ <a name=""M0.0374""></a> အဉာတကသညီ, အာပတ္တိ ဒုက္ကဋဿ။ ဉာတကေ ဝေမတိကော, အာပတ္တိ ဒုက္ကဋဿ။ ဉာတကေ ဉာတကသညီ, အနာပတ္တိ။</p>
<p class=""bodytext""><a name=""para645""></a><a name=""para645_vin1""></a><span class=""paranum"">၆၄၅</span>။ အနာပတ္တိ – ဉာတကာနံ, ပဝါရိတာနံ, အညဿတ္ထာယ, အတ္တနော ဓနေန, မဟဂ္ဃံ ဝါယာပေတုကာမဿ အပ္ပဂ္ဃံ ဝါယာပေတိ, ဥမ္မတ္တကဿ, အာဒိကမ္မိကဿာတိ။</p>
<p class=""centered"">မဟာပေသကာရသိက္ခာပဒံ နိဋ္ဌိတံ သတ္တမံ။</p>
<p class=""title"">၈။ အစ္စေကစီဝရသိက္ခာပဒံ</p>
<p class=""bodytext""><a name=""para646""></a><a name=""para646_vin1""></a><span class=""paranum"">၆၄၆</span>။ တေန <a name=""T2.0141""></a> သမယေန ဗုဒ္ဓေါ ဘဂဝါ သာဝတ္ထိယံ ဝိဟရတိ ဇေတဝနေ အနာထပိဏ္ဍိကဿ အာရာမေ။ တေန ခေါ ပန သမယေန အညတရော မဟာမတ္တော ပဝါသံ ဂစ္ဆန္တော ဘိက္ခူနံ သန္တိကေ ဒူတံ ပါဟေသိ – ‘‘အာဂစ္ဆန္တု ဘဒန္တာ ဝဿာဝါသိကံ ဒဿာမီ’’တိ။ ဘိက္ခူ – ‘ဝဿံဝုဋ္ဌာနံ ဘဂဝတာ ဝဿာဝါသိကံ အနုညာတ’န္တိ, ကုက္ကုစ္စာယန္တာ နာဂမံသု။ အထ ခေါ သော မဟာမတ္တော ဥဇ္ဈာယတိ ခိယျတိ ဝိပါစေတိ – ‘‘ကထဉှိ နာမ ဘဒန္တာ မယာ ဒူတေ ပဟိတေ နာဂစ္ဆိဿန္တိ! အဟဉှိ သေနာယ ဂစ္ဆာမိ။ ဒုဇ္ဇာနံ ဇီဝိတံ ဒုဇ္ဇာနံ မရဏ’’န္တိ။ အဿောသုံ ခေါ ဘိက္ခူ တဿ မဟာမတ္တဿ ဥဇ္ဈာယန္တဿ ခိယျန္တဿ ဝိပါစေန္တဿ။ အထ ခေါ တေ ဘိက္ခူ ဘဂဝတော ဧတမတ္ထံ <a name=""V0.0388""></a> အာရောစေသုံ။ အထ ခေါ ဘဂဝါ ဧတသ္မိံ နိဒါနေ ဧတသ္မိံ ပကရဏေ ဓမ္မိံ ကထံ ကတွာ ဘိက္ခူ အာမန္တေသိ – ‘‘အနုဇာနာမိ, ဘိက္ခဝေ, အစ္စေကစီဝရံ ပဋိဂ္ဂဟေတွာ နိက္ခိပိတု’’န္တိ။</p>
<p class=""bodytext""><a name=""para647""></a><a name=""para647_vin1""></a><span class=""paranum"">၆၄၇</span>။ တေန ခေါ ပန သမယေန ဘိက္ခူ – ‘‘ဘဂဝတာ အနုညာတံ အစ္စေကစီဝရံ ပဋိဂ္ဂဟေတွာ နိက္ခိပိတု’’န္တိ<a name=""P3.0261""></a>, အစ္စေကစီဝရာနိ ပဋိဂ္ဂဟေတွာ စီဝရကာလသမယံ အတိက္ကာမေန္တိ။ တာနိ စီဝရာနိ စီဝရဝံသေ ဘဏ္ဍိကာဗဒ္ဓါနိ တိဋ္ဌန္တိ။ အဒ္ဒသ ခေါ အာယသ္မာ အာနန္ဒော သေနာသနစာရိကံ အာဟိဏ္ဍန္တော တာနိ စီဝရာနိ စီဝရဝံသေ ဘဏ္ဍိကာဗဒ္ဓါနိ။ တိဋ္ဌန္တေ ဒိသွာ ဘိက္ခူ ဧတဒဝေါစ <a name=""T2.0142""></a> – ‘‘ကဿိမာနိ, အာဝုသော, စီဝရာနိ စီဝရဝံသေ ဘဏ္ဍိကာဗဒ္ဓါနိ တိဋ္ဌန္တီ’’တိ? ‘‘အမှာကံ, အာဝုသော, အစ္စေကစီဝရာနီ’’တိ။ ‘‘ကီဝစိရံ ပနာဝုသော, ဣမာနိ စီဝရာနိ နိက္ခိတ္တာနီ’’တိ? အထ ခေါ တေ ဘိက္ခူ</p>
",-645-646-647-
375,mula_vi_01,375,"<p class=""noindentbodytext""> အာယသ္မတော<a name=""M0.0375""></a> အာနန္ဒဿ ယထာနိက္ခိတ္တံ အာရောစေသုံ။ အာယသ္မာ အာနန္ဒော ဥဇ္ဈာယတိ ခိယျတိ ဝိပါစေတိ – ‘‘ကထဉှိ နာမ ဘိက္ခူ အစ္စေကစီဝရံ ပဋိဂ္ဂဟေတွာ စီဝရကာလသမယံ အတိက္ကာမေဿန္တီ’’တိ! အထ ခေါ အာယသ္မာ အာနန္ဒော တေ ဘိက္ခူ အနေကပရိယာယေန ဝိဂရဟိတွာ ဘဂဝတော ဧတမတ္ထံ အာရောစေသိ…ပေ… – ‘‘သစ္စံ ကိရ, ဘိက္ခဝေ, ဘိက္ခူ အစ္စေကစီဝရံ ပဋိဂ္ဂဟေတွာ စီဝရကာလသမယံ အတိက္ကာမေန္တီ’’တိ? ‘‘သစ္စံ, ဘဂဝါ’’တိ။ ဝိဂရဟိ ဗုဒ္ဓေါ ဘဂဝါ…ပေ… ကထဉှိ နာမ တေ, ဘိက္ခဝေ, မောဃပုရိသာ အစ္စေကစီဝရံ ပဋိဂ္ဂဟေတွာ စီဝရကာလသမယံ အတိက္ကာမေဿန္တိ! နေတံ, ဘိက္ခဝေ, အပ္ပသန္နာနံ ဝါ ပသာဒါယ…ပေ… ဧဝဉ္စ ပန, ဘိက္ခဝေ, ဣမံ သိက္ခာပဒံ ဥဒ္ဒိသေယျာထ –</p>
<p class=""bodytext""><a name=""para648""></a><a name=""para648_vin1""></a><span class=""paranum"">၆၄၈</span>။ <span class=""bld"">‘‘ဒသာဟာနာဂတံ ကတ္တိကတေမာသိကပုဏ္ဏမံ ဘိက္ခုနော ပနေဝ အစ္စေကစီဝရံ ဥပ္ပဇ္ဇေယျ, အစ္စေကံ မညမာနေန ဘိက္ခုနာ ပဋိဂ္ဂဟေတဗ္ဗံ, ပဋိဂ္ဂဟေတွာ ယာဝ စီဝရကာလသမယံ နိက္ခိပိတဗ္ဗံ။ တတော စေ ဥတ္တရိ နိက္ခိပေယျ, နိဿဂ္ဂိယံ ပါစိတ္တိယ’’</span>န္တိ။</p>
<p class=""bodytext""><a name=""para649""></a><a name=""para649_vin1""></a><span class=""paranum"">၆၄၉</span>။ <span class=""bld"">ဒသာဟာနာဂတ</span>န္တိ ဒသာဟာနာဂတာယ ပဝါရဏာယ။</p>
<p class=""bodytext""><span class=""bld"">ကတ္တိကတေမာသိကပုဏ္ဏမ</span>န္တိ ပဝါရဏာ ကတ္တိကာ ဝုစ္စတိ။</p>
<p class=""bodytext""><span class=""bld"">အစ္စေကစီဝရံ</span> နာမ သေနာယ ဝါ ဂန္တုကာမော ဟောတိ, ပဝါသံ ဝါ ဂန္တုကာမော ဟောတိ, ဂိလာနော <a name=""T2.0143""></a> ဝါ ဟောတိ, ဂဗ္ဘိနီ ဝါ ဟောတိ, အဿဒ္ဓဿ ဝါ သဒ္ဓါ ဥပ္ပန္နာ ဟောတိ, အပ္ပသန္နဿ ဝါ <a name=""V0.0389""></a> ပသာဒေါ ဥပ္ပန္နော ဟောတိ, သော စေ ဘိက္ခူနံ သန္တိကေ ဒူတံ ပဟိဏေယျ – ‘‘အာဂစ္ဆန္တု ဘဒန္တာ ဝဿာဝါသိကံ ဒဿာမီ’’တိ, ဧတံ အစ္စေကစီဝရံ နာမ။</p>
<p class=""bodytext""><span class=""bld"">အစ္စေကံ မညမာနေန ဘိက္ခုနာ ပဋိဂ္ဂဟေတဗ္ဗံ ပဋိဂ္ဂဟေတွာ ယာဝ စီဝရကာလသမယံ နိက္ခိပိတဗ္ဗ</span>န္တိ သညာဏံ ကတွာ နိက္ခိပိတဗ္ဗံ – ‘‘ဣဒံ အစ္စေကစီဝရ’’န္တိ။</p>
<p class=""bodytext""><span class=""bld"">စီဝရကာလသမယော</span> နာမ အနတ္ထတေ ကထိနေ ဝဿာနဿ ပစ္ဆိမော မာသော, အတ္ထတေ ကထိနေ ပဉ္စမာသာ။</p>
<p class=""bodytext""><span class=""bld"">တတော</span> <a name=""P3.0262""></a> <span class=""bld"">စေ ဥတ္တရိ နိက္ခိပေယျာ</span>တိ အနတ္ထတေ ကထိနေ ဝဿာနဿ ပစ္ဆိမံ ဒိဝသံ အတိက္ကာမေတိ, နိဿဂ္ဂိယံ ပါစိတ္တိယံ <span class=""note"">[နိဿဂ္ဂိယံ ဟောတိ (သျာ။)]</span>။ အတ္ထတေ ကထိနေ</p>
",-648-649-
376,mula_vi_01,376,"<p class=""noindentbodytext""> ကထိနုဒ္ဓါရဒိဝသံ<a name=""M0.0376""></a> အတိက္ကာမေတိ, နိဿဂ္ဂိယံ ဟောတိ။ နိဿဇ္ဇိတဗ္ဗံ သံဃဿ ဝါ ဂဏဿ ဝါ ပုဂ္ဂလဿ ဝါ။ ဧဝဉ္စ ပန, ဘိက္ခဝေ, နိဿဇ္ဇိတဗ္ဗံ…ပေ… ဣဒံ မေ, ဘန္တေ, အစ္စေကစီဝရံ စီဝရကာလသမယံ အတိက္ကာမိတံ နိဿဂ္ဂိယံ။ ဣမာဟံ သံဃဿ နိဿဇ္ဇာမီတိ…ပေ… ဒဒေယျာတိ…ပေ… ဒဒေယျုန္တိ…ပေ… အာယသ္မတော ဒမ္မီတိ။</p>
<p class=""bodytext""><a name=""para650""></a><a name=""para650_vin1""></a><span class=""paranum"">၆၅၀</span>။ အစ္စေကစီဝရေ အစ္စေကစီဝရသညီ စီဝရကာလသမယံ အတိက္ကာမေတိ, နိဿဂ္ဂိယံ ပါစိတ္တိယံ။ အစ္စေကစီဝရေ ဝေမတိကော စီဝရကာလသမယံ အတိက္ကာမေတိ, နိဿဂ္ဂိယံ ပါစိတ္တိယံ။ အစ္စေကစီဝရေ အနစ္စေကစီဝရသညီ စီဝရကာလသမယံ အတိက္ကာမေတိ, နိဿဂ္ဂိယံ ပါစိတ္တိယံ။ အနဓိဋ္ဌိတေ အဓိဋ္ဌိတသညီ <a name=""T2.0144""></a> …ပေ… အဝိကပ္ပိတေ ဝိကပ္ပိတသညီ… အဝိဿဇ္ဇိတေ ဝိဿဇ္ဇိတသညီ… အနဋ္ဌေ နဋ္ဌသညီ… အဝိနဋ္ဌေ ဝိနဋ္ဌသညီ… အဒဍ္ဎေ ဒဍ္ဎသညီ… အဝိလုတ္တေ ဝိလုတ္တသညီ စီဝရကာလသမယံ အတိက္ကာမေတိ, နိဿဂ္ဂိယံ ပါစိတ္တိယံ။</p>
<p class=""bodytext"">နိဿဂ္ဂိယံ စီဝရံ အနိဿဇ္ဇိတွာ ပရိဘုဉ္ဇတိ, အာပတ္တိ ဒုက္ကဋဿ။ အနစ္စေကစီဝရေ အစ္စေကစီဝရသညီ, အာပတ္တိ ဒုက္ကဋဿ။ အနစ္စေကစီဝရေ ဝေမတိကော, အာပတ္တိ ဒုက္ကဋဿ။ အနစ္စေကစီဝရေ အနစ္စေကစီဝရသညီ, အနာပတ္တိ။</p>
<p class=""bodytext""><a name=""para651""></a><a name=""para651_vin1""></a><span class=""paranum"">၆၅၁</span>။ အနာပတ္တိ – အန္တောသမယေ အဓိဋ္ဌေတိ, ဝိကပ္ပေတိ, ဝိဿဇ္ဇေတိ, နဿတိ, ဝိနဿတိ, <a name=""V0.0390""></a> ဍယှတိ, အစ္ဆိန္ဒိတွာ ဂဏှန္တိ, ဝိဿာသံ ဂဏှန္တိ, ဥမ္မတ္တကဿ, အာဒိကမ္မိကဿာတိ။</p>
<p class=""centered"">အစ္စေကစီဝရသိက္ခာပဒံ နိဋ္ဌိတံ အဋ္ဌမံ။</p>
<p class=""title"">၉။ သာသင်္ကသိက္ခာပဒံ</p>
<p class=""bodytext""><a name=""para652""></a><a name=""para652_vin1""></a><span class=""paranum"">၆၅၂</span>။ တေန <a name=""T2.0145""></a> သမယေန ဗုဒ္ဓေါ ဘဂဝါ သာဝတ္ထိယံ ဝိဟရတိ ဇေတဝနေ အနာထပိဏ္ဍိကဿ အာရာမေ။ တေန ခေါ ပန သမယေန ဘိက္ခူ ဝုတ္ထဝဿာ အာရညကေသု သေနာသနေသု ဝိဟရန္တိ။ ကတ္တိကစောရကာ ဘိက္ခူ – ‘‘လဒ္ဓလာဘာ’’တိ ပရိပါတေန္တိ။ ဘဂဝတော ဧတမတ္ထံ အာရောစေသုံ။ အထ ခေါ ဘဂဝါ ဧတသ္မိံ နိဒါနေ ဧတသ္မိံ ပကရဏေ ဓမ္မိံ ကထံ ကတွာ ဘိက္ခူ အာမန္တေသိ – ‘‘အနုဇာနာမိ, ဘိက္ခဝေ, အာရညကေသု သေနာသနေသု ဝိဟရန္တေန တိဏ္ဏံ စီဝရာနံ အညတရံ စီဝရံ အန္တရဃရေ နိက္ခိပိတု’’န္တိ။</p>
",-650-651-652-
377,mula_vi_01,377,"<p class=""bodytext"">တေန <a name=""M0.0377""></a> ခေါ ပန သမယေန ဘိက္ခူ – ‘‘ဘဂဝတာ အနုညာတံ အာရညကေသု သေနာသနေသု ဝိဟရန္တေန တိဏ္ဏံ စီဝရာနံ <a name=""P3.0263""></a> အညတရံ စီဝရံ အန္တရဃရေ နိက္ခိပိတု’’န္တိ တိဏ္ဏံ စီဝရာနံ အညတရံ စီဝရံ အန္တရဃရေ နိက္ခိပိတွာ အတိရေကဆာရတ္တံ ဝိပ္ပဝသန္တိ။ တာနိ စီဝရာနိ နဿန္တိပိ ဝိနဿန္တိပိ ဍယှန္တိပိ ဥန္ဒူရေဟိပိ ခဇ္ဇန္တိ။ ဘိက္ခူ ဒုစ္စောဠာ ဟောန္တိ လူခစီဝရာ။ ဘိက္ခူ ဧဝမာဟံသု – ‘‘ကိဿ တုမှေ, အာဝုသော, ဒုစ္စောဠာ လူခစီဝရာ’’တိ? အထ ခေါ တေ ဘိက္ခူ ဘိက္ခူနံ ဧတမတ္ထံ အာရောစေသုံ။ ယေ တေ ဘိက္ခူ အပ္ပိစ္ဆာ… တေ ဥဇ္ဈာယန္တိ ခိယျန္တိ ဝိပါစေန္တိ – ‘‘ကထဉှိ နာမ ဘိက္ခူ တိဏ္ဏံ စီဝရာနံ အညတရံ စီဝရံ အန္တရဃရေ နိက္ခိပိတွာ အတိရေကဆာရတ္တံ ဝိပ္ပဝသိဿန္တီ’’တိ! အထ ခေါ တေ ဘိက္ခူ တေ အနေကပရိယာယေန ဝိဂရဟိတွာ ဘဂဝတော ဧတမတ္ထံ အာရောစေသုံ…ပေ… သစ္စံ ကိရ, ဘိက္ခဝေ<a name=""T2.0146""></a>, ဘိက္ခူ တိဏ္ဏံ စီဝရာနံ အညတရံ စီဝရံ အန္တရဃရေ နိက္ခိပိတွာ အတိရေကဆာရတ္တံ ဝိပ္ပဝသန္တီတိ? ‘‘သစ္စံ, ဘဂဝါ’’တိ။ ဝိဂရဟိ ဗုဒ္ဓေါ ဘဂဝါ…ပေ… ကထဉှိ နာမ တေ, ဘိက္ခဝေ, မောဃပုရိသာ တိဏ္ဏံ စီဝရာနံ အညတရံ စီဝရံ အန္တရဃရေ နိက္ခိပိတွာ အတိရေကဆာရတ္တံ ဝိပ္ပဝသိဿန္တိ! နေတံ, ဘိက္ခဝေ, အပ္ပသန္နာနံ ဝါ ပသာဒါယ…ပေ… ဧဝဉ္စ ပန, ဘိက္ခဝေ, ဣမံ သိက္ခာပဒံ ဥဒ္ဒိသေယျာထ –</p>
<p class=""bodytext""><a name=""para653""></a><a name=""para653_vin1""></a><span class=""paranum"">၆၅၃</span>။ <span class=""bld"">‘‘ဥပဝဿံ <a name=""V0.0391""></a> ခေါ ပန ကတ္တိကပုဏ္ဏမံ ယာနိ ခေါ ပန တာနိ အာရညကာနိ သေနာသနာနိ သာသင်္ကသမ္မတာနိ သပ္ပဋိဘယာနိ တထာရူပေသု ဘိက္ခု သေနာသနေသု ဝိဟရန္တော အာကင်္ခမာနော တိဏ္ဏံ စီဝရာနံ အညတရံ စီဝရံ အန္တရဃရေ နိက္ခိပေယျ, သိယာ စ တဿ ဘိက္ခုနော ကောစိဒေဝ ပစ္စယော တေန စီဝရေန ဝိပ္ပဝါသာယ။ ဆာရတ္တပရမံ တေန ဘိက္ခုနာ တေန စီဝရေန ဝိပ္ပဝသိတဗ္ဗံ။ တတော စေ ဥတ္တရိ ဝိပ္ပဝသေယျ, အညတြ ဘိက္ခုသမ္မုတိယာ, နိဿဂ္ဂိယံ ပါစိတ္တိယ’’</span>န္တိ။</p>
<p class=""bodytext""><a name=""para654""></a><a name=""para654_vin1""></a><span class=""paranum"">၆၅၄</span>။ <span class=""bld"">ဥပဝဿံ ခေါ ပနာ</span>တိ ဝုဋ္ဌဝဿာနံ။</p>
<p class=""bodytext""><span class=""bld"">ကတ္တိကပုဏ္ဏမ</span>န္တိ ကတ္တိကစာတုမာသိနီ ဝုစ္စတိ။</p>
<p class=""bodytext""><span class=""note"">[ပါစိ။ ၅၇၃]</span> <span class=""bld"">ယာနိ ခေါ ပန တာနိ အာရညကာနိ သေနာသနာနီ</span>တိ <span class=""bld"">အာရညကံ</span> နာမ သေနာသနံ ပဉ္စဓနုသတိကံ ပစ္ဆိမံ။</p>
<p class=""bodytext""><span class=""note"">[ပါစိ။ ၅၇၃]</span> <span class=""bld"">သာသင်္ကံ</span> နာမ အာရာမေ အာရာမူပစာရေ စောရာနံ နိဝိဋ္ဌောကာသော ဒိဿတိ, ဘုတ္တောကာသော ဒိဿတိ, ဌိတောကာသော ဒိဿတိ, နိသိန္နောကာသော ဒိဿတိ, နိပန္နောကာသော ဒိဿတိ။</p>
",-653-654-
378,mula_vi_01,378,"<p class=""bodytext""><span class=""note"">[ပါစိ။ ၅၇၃]</span> <span class=""bld"">သပ္ပဋိဘယံ</span> <a name=""M0.0378""></a> နာမ အာရာမေ အာရာမူပစာရေ စောရေဟိ မနုဿာ ဟတာ ဒိဿန္တိ, ဝိလုတ္တာ ဒိဿန္တိ, အာကောဋိတာ ဒိဿန္တိ<a name=""T2.0147""></a>။</p>
<p class=""bodytext""><span class=""note"">[ပါစိ။ ၅၇၃]</span> <span class=""bld"">တထာရူပေသု ဘိက္ခု သေနာသနေသု ဝိဟရန္တော</span>တိ ဧဝရူပေသု ဘိက္ခု သေနာသနေသု ဝိဟရန္တော။</p>
<p class=""bodytext""><span class=""bld"">အာကင်္ခမာနော</span>တိ <a name=""P3.0264""></a> ဣစ္ဆမာနော။</p>
<p class=""bodytext""><span class=""bld"">တိဏ္ဏံ စီဝရာနံ အညတရံ စီဝရ</span>န္တိ သံဃာဋိံ ဝါ ဥတ္တရာသင်္ဂံ ဝါ အန္တရဝါသကံ ဝါ။</p>
<p class=""bodytext""><span class=""bld"">အန္တရဃရေ နိက္ခိပေယျာ</span>တိ သမန္တာ ဂေါစရဂါမေ နိက္ခိပေယျ။</p>
<p class=""bodytext""><span class=""bld"">သိယာ စ တဿ ဘိက္ခုနော ကောစိဒေဝ ပစ္စယော တေန စီဝရေန ဝိပ္ပဝါသာယာ</span>တိ သိယာ ပစ္စယော သိယာ ကရဏီယံ။</p>
<p class=""bodytext""><span class=""bld"">ဆာရတ္တပရမံ</span> <a name=""V0.0392""></a> <span class=""bld"">တေန ဘိက္ခုနာ တေန စီဝရေန ဝိပ္ပဝသိတဗ္ဗ</span>န္တိ ဆာရတ္တပရမတာ ဝိပ္ပဝသိတဗ္ဗံ။</p>
<p class=""bodytext""><span class=""bld"">အညတြ ဘိက္ခုသမ္မုတိယာ</span>တိ ဌပေတွာ ဘိက္ခုသမ္မုတိံ။</p>
<p class=""bodytext""><span class=""bld"">တတော စေ ဥတ္တရိ ဝိပ္ပဝသေယျာ</span>တိ သတ္တမေ အရုဏုဂ္ဂမနေ နိဿဂ္ဂိယံ ဟောတိ။ နိဿဇ္ဇိတဗ္ဗံ သံဃဿ ဝါ ဂဏဿ ဝါ ပုဂ္ဂလဿ ဝါ။ ဧဝဉ္စ ပန, ဘိက္ခဝေ, နိဿဇ္ဇိတဗ္ဗံ။ ‘‘ဣဒံ မေ, ဘန္တေ, စီဝရံ အတိရေကဆာရတ္တံ ဝိပ္ပဝုဋ္ဌံ, အညတြ ဘိက္ခုသမ္မုတိယာ, နိဿဂ္ဂိယံ။ ဣမာဟံ သံဃဿ နိဿဇ္ဇာမီ’’တိ…ပေ… ဒဒေယျာတိ…ပေ… ဒဒေယျုန္တိ…ပေ… အာယသ္မတော ဒမ္မီတိ။</p>
<p class=""bodytext""><a name=""para655""></a><a name=""para655_vin1""></a><span class=""paranum"">၆၅၅</span>။ အတိရေကဆာရတ္တေ အတိရေကသညီ ဝိပ္ပဝသတိ, အညတြ ဘိက္ခုသမ္မုတိယာ, နိဿဂ္ဂိယံ ပါစိတ္တိယံ။ အတိရေကဆာရတ္တေ ဝေမတိကော ဝိပ္ပဝသတိ, အညတြ ဘိက္ခုသမ္မုတိယာ, နိဿဂ္ဂိယံ ပါစိတ္တိယံ။ အတိရေကဆာရတ္တေ ဦနကသညီ ဝိပ္ပဝသတိ, အညတြ ဘိက္ခုသမ္မုတိယာ, နိဿဂ္ဂိယံ ပါစိတ္တိယံ။ အပ္ပစ္စုဒ္ဓဋေ ပစ္စုဒ္ဓဋသညီ…ပေ… အဝိဿဇ္ဇိတေ ဝိဿဇ္ဇိတသညီ… အနဋ္ဌေ နဋ္ဌသညီ… အဝိနဋ္ဌေ ဝိနဋ္ဌသညီ… အဒဍ္ဎေ ဒဍ္ဎသညီ <a name=""T2.0148""></a> … အဝိလုတ္တေ ဝိလုတ္တသညီ ဝိပ္ပဝသတိ, အညတြ ဘိက္ခုသမ္မုတိယာ, နိဿဂ္ဂိယံ ပါစိတ္တိယံ။</p>
<p class=""bodytext"">နိဿဂ္ဂိယံ စီဝရံ အနိဿဇ္ဇိတွာ ပရိဘုဉ္ဇတိ, အာပတ္တိ ဒုက္ကဋဿ။ ဦနကဆာရတ္တေ အတိရေကသညီ, အာပတ္တိ ဒုက္ကဋဿ။ ဦနကဆာရတ္တေ ဝေမတိကော, အာပတ္တိ ဒုက္ကဋဿ။ ဦနကဆာရတ္တေ ဦနကသညီ, အနာပတ္တိ။</p>
",-655-
379,mula_vi_01,379,"<p class=""bodytext""><a name=""para656""></a><a name=""para656_vin1""></a><span class=""paranum"">၆၅၆</span>။ အနာပတ္တိ <a name=""M0.0379""></a>  ဆာရတ္တံ ဝိပ္ပဝသတိ, ဦနကဆာရတ္တံ ဝိပ္ပဝသတိ, ဆာရတ္တံ ဝိပ္ပဝသိတွာ ပုန ဂါမသီမံ ဩက္ကမိတွာ ဝသိတွာ ပက္ကမတိ, အန္တော ဆာရတ္တံ ပစ္စုဒ္ဓရတိ, ဝိဿဇ္ဇေတိ, နဿတိ, ဝိနဿတိ, ဍယှတိ, အစ္ဆိန္ဒိတွာ ဂဏှန္တိ, ဝိဿာသံ ဂဏှန္တိ, ဘိက္ခုသမ္မုတိယာ, ဥမ္မတ္တကဿ, အာဒိကမ္မိကဿာတိ။</p>
<p class=""centered"">သာသင်္ကသိက္ခာပဒံ နိဋ္ဌိတံ နဝမံ။</p>
<p class=""title"">၁၀။ ပရိဏတသိက္ခာပဒံ</p>
<p class=""bodytext""><a name=""para657""></a><a name=""para657_vin1""></a><span class=""paranum"">၆၅၇</span>။ တေန <a name=""T2.0149""></a><a name=""P3.0265""></a><a name=""V0.0393""></a> သမယေန ဗုဒ္ဓေါ ဘဂဝါ သာဝတ္ထိယံ ဝိဟရတိ ဇေတဝနေ အနာထပိဏ္ဍိကဿ အာရာမေ။ တေန ခေါ ပန သမယေန သာဝတ္ထိယံ အညတရဿ ပူဂဿ သံဃဿ သစီဝရဘတ္တံ ပဋိယတ္တံ ဟောတိ – ‘‘ဘောဇေတွာ စီဝရေန အစ္ဆာဒေဿာမာ’’တိ။ အထ ခေါ ဆဗ္ဗဂ္ဂိယာ ဘိက္ခူ ယေန သော ပူဂေါ တေနုပသင်္ကမိံသု၊ ဥပသင်္ကမိတွာ တံ ပူဂံ ဧတဒဝေါစုံ – ‘‘ဒေထာဝုသော, အမှာကံ ဣမာနိ စီဝရာနီ’’တိ။ ‘‘န မယံ, ဘန္တေ, ဒဿာမ။ အမှာကံ သံဃဿ အနုဝဿံ သစီဝရဘိက္ခာ ပညတ္တာ’’တိ။ ‘‘ဗဟူ, အာဝုသော, သံဃဿ ဒါယကာ, ဗဟူ သံဃဿ ဘတ္တာ <span class=""note"">[ဘဒ္ဒါ (က။)]</span>။ မယံ တုမှေ နိဿာယ တုမှေ သမ္ပဿန္တာ ဣဓ ဝိဟရာမ။ တုမှေ စေ အမှာကံ န ဒဿထ, အထ ကော စရဟိ အမှာကံ ဒဿတိ? ဒေထာဝုသော, အမှာကံ ဣမာနိ စီဝရာနီ’’တိ။ အထ ခေါ သော ပူဂေါ ဆဗ္ဗဂ္ဂိယေဟိ ဘိက္ခူဟိ နိပ္ပီဠိယမာနော ယထာပဋိယတ္တံ စီဝရံ ဆဗ္ဗဂ္ဂိယာနံ ဘိက္ခူနံ ဒတွာ သံဃံ ဘတ္တေန ပရိဝိသိ။ ယေ တေ ဘိက္ခူ ဇာနန္တိ သံဃဿ သစီဝရဘတ္တံ ပဋိယတ္တံ, န စ ဇာနန္တိ ဆဗ္ဗဂ္ဂိယာနံ ဘိက္ခူနံ ဒိန္နန္တိ, တေ ဧဝမာဟံသု – ‘‘ဩဏောဇေထာဝုသော, သံဃဿ စီဝရ’’န္တိ။ ‘‘နတ္ထိ, ဘန္တေ။ ယထာပဋိယတ္တံ စီဝရံ အယျာ ဆဗ္ဗဂ္ဂိယာ အတ္တနော ပရိဏာမေသု’’န္တိ။ ယေ တေ ဘိက္ခူ အပ္ပိစ္ဆာ… တေ ဥဇ္ဈာယန္တိ ခိယျန္တိ ဝိပါစေန္တိ – ‘‘ကထဉှိ နာမ ဆဗ္ဗဂ္ဂိယာ ဘိက္ခူ ဇာနံ သံဃိကံ လာဘံ ပရိဏတံ အတ္တနော ပရိဏာမေဿန္တီ’’တိ<a name=""T2.0150""></a>! အထ ခေါ တေ ဘိက္ခူ ဆဗ္ဗဂ္ဂိယေ ဘိက္ခူ အနေကပရိယာယေန ဝိဂရဟိတွာ ဘဂဝတော ဧတမတ္ထံ အာရောစေသုံ…ပေ… ‘‘သစ္စံ ကိရ တုမှေ, ဘိက္ခဝေ, ဇာနံ သံဃိကံ လာဘံ ပရိဏတံ အတ္တနော ပရိဏာမေထာ’’တိ? ‘‘သစ္စံ, ဘဂဝါ’’တိ။ ဝိဂရဟိ ဗုဒ္ဓေါ ဘဂဝါ…ပေ… ကထဉှိ နာမ တုမှေ, မောဃပုရိသာ, ဇာနံ သံဃိကံ လာဘံ ပရိဏတံ</p>
",-656-657-
380,mula_vi_01,380,"<p class=""noindentbodytext""> အတ္တနော<a name=""M0.0380""></a> ပရိဏာမေဿထ! နေတံ, မောဃပုရိသာ, အပ္ပသန္နာနံ ဝါ ပသာဒါယ…ပေ… ဧဝဉ္စ ပန, ဘိက္ခဝေ, ဣမံ သိက္ခာပဒံ ဥဒ္ဒိသေယျာထ –</p>
<p class=""bodytext""><a name=""para658""></a><a name=""para658_vin1""></a><span class=""paranum"">၆၅၈</span>။ <span class=""bld"">‘‘ယော ပန ဘိက္ခု ဇာနံ သံဃိကံ လာဘံ ပရိဏတံ အတ္တနော ပရိဏာမေယျ, နိဿဂ္ဂိယံ ပါစိတ္တိယ’’</span>န္တိ။</p>
<p class=""bodytext""><a name=""para659""></a><a name=""para659_vin1""></a><span class=""paranum"">၆၅၉</span>။ <span class=""bld"">ယော ပနာ</span>တိ ယော ယာဒိသော…ပေ… <span class=""bld"">ဘိက္ခူ</span>တိ…ပေ… အယ ဣမသ္မိံ အတ္ထေ အဓိပ္ပေတော ဘိက္ခူတိ။</p>
<p class=""bodytext""><span class=""note"">[ပါစိ။ ၄၉၁]</span> <span class=""bld"">ဇာနာတိ</span> <a name=""V0.0394""></a> နာမ သာမံ ဝါ ဇာနာတိ အညေ ဝါ တဿ အာရောစေန္တိ သော ဝါ အာရောစေတိ။</p>
<p class=""bodytext""><span class=""note"">[ပါစိ။ ၄၉၁]</span> <span class=""bld"">သံဃိကံ</span> <a name=""P3.0266""></a> နာမ သံဃဿ ဒိန္နံ ဟောတိ ပရိစ္စတ္တံ။</p>
<p class=""bodytext""><span class=""note"">[ပါစိ။ ၄၉၁]</span> <span class=""bld"">လာဘော</span> နာမ စီဝရပိဏ္ဍပါတသေနာသနဂိလာနပ္ပစ္စယဘေသဇ္ဇပရိက္ခာရာ။ အန္တမသော စုဏ္ဏပိဏ္ဍောပိ, ဒန္တကဋ္ဌမ္ပိ, ဒသိကသုတ္တမ္ပိ။</p>
<p class=""bodytext""><span class=""note"">[ပါစိ။ ၄၉၁]</span> <span class=""bld"">ပရိဏတံ</span> နာမ ဒဿာမ ကရိဿာမာတိ ဝါစာ ဘိန္နာ ဟောတိ။</p>
<p class=""bodytext"">အတ္တနော ပရိဏာမေတိ, ပယောဂေ ဒုက္ကဋံ။ ပဋိလာဘေန နိဿဂ္ဂိယံ ဟောတိ။ နိဿဇ္ဇိတဗ္ဗံ သံဃဿ ဝါ ဂဏဿ ဝါ ပုဂ္ဂလဿ ဝါ။ ဧဝဉ္စ ပန, ဘိက္ခဝေ, နိဿဇ္ဇိတဗ္ဗံ…ပေ… ဣဒံ မေ, ဘန္တေ, ဇာနံ သံဃိကံ လာဘံ ပရိဏတံ အတ္တနော ပရိဏာမိတံ နိဿဂ္ဂိယံ။ ဣမာဟံ သံဃဿ နိဿဇ္ဇာမီတိ…ပေ… ဒဒေယျာတိ…ပေ… ဒဒေယျုန္တိ…ပေ… အာယသ္မတော ဒမ္မီတိ။</p>
<p class=""bodytext""><a name=""para660""></a><a name=""para660_vin1""></a><span class=""paranum"">၆၆၀</span>။ ပရိဏတေ <a name=""T2.0151""></a> ပရိဏတသညီ အတ္တနော ပရိဏာမေတိ, နိဿဂ္ဂိယံ ပါစိတ္တိယံ။</p>
<p class=""bodytext"">ပရိဏတေ ဝေမတိကော အတ္တနော ပရိဏာမေတိ, အာပတ္တိ ဒုက္ကဋဿ။ ပရိဏတေ အပရိဏတသညီ အတ္တနော ပရိဏာမေတိ, အနာပတ္တိ။ သံဃဿ ပရိဏတံ အညသံဃဿ ဝါ စေတိယဿ ဝါ ပရိဏာမေတိ, အာပတ္တိ ဒုက္ကဋဿ။ စေတိယဿ ပရိဏတံ အညစေတိယဿ ဝါ သံဃဿ ဝါ ပုဂ္ဂလဿ ဝါ ပရိဏာမေတိ, အာပတ္တိ ဒုက္ကဋဿ။ ပုဂ္ဂလဿ ပရိဏတံ အညပုဂ္ဂလဿ ဝါ သံဃဿ ဝါ စေတိယဿ ဝါ ပရိဏာမေတိ, အာပတ္တိ ဒုက္ကဋဿ။ အပရိဏတေ ပရိဏတသညီ, အာပတ္တိ ဒုက္ကဋဿ။ အပရိဏတေ ဝေမတိကော, အာပတ္တိ ဒုက္ကဋဿ။ အပရိဏတေ အပရိဏတသညီ, အနာပတ္တိ။</p>
",-658-659-660-
381,mula_vi_01,381,"<p class=""bodytext""><a name=""para661""></a><a name=""para661_vin1""></a><span class=""paranum"">၆၆၁</span>။ အနာပတ္တိ <a name=""M0.0381""></a> ကတ္ထ ဒေမာတိ ပုစ္ဆိယမာနော ယတ္ထ တုမှာကံ ဒေယျဓမ္မော ပရိဘောဂံ ဝါ လဘေယျ ပဋိသင်္ခါရံ ဝါ လဘေယျ စိရဋ္ဌိတိကော ဝါ အဿ ယတ္ထ ဝါ ပန တုမှာကံ စိတ္တံ ပသီဒတိ တတ္ထ ဒေထာတိ ဘဏတိ, ဥမ္မတ္တကဿ, အာဒိကမ္မိကဿာတိ။</p>
<p class=""centered"">ပရိဏတသိက္ခာပဒံ နိဋ္ဌိတံ ဒသမံ။</p>
<p class=""centered"">ပတ္တဝဂ္ဂေါ တတိယော။</p>
<p class=""centered"">တဿုဒ္ဒါနံ <a name=""V0.0395""></a> –</p>
<p class=""gatha1"">ဒွေ စ ပတ္တာနိ ဘေသဇ္ဇံ, ဝဿိကာ ဒါနပဉ္စမံ၊</p>
<p class=""gathalast"">သာမံ ဝါယာပနစ္စေကော, သာသင်္ကံ သံဃိကေန စာတိ။</p>
<p class=""bodytext""><a name=""para662""></a><a name=""para662_vin1""></a><span class=""paranum"">၆၆၂</span>။ ဥဒ္ဒိဋ္ဌာ <a name=""T2.0152""></a> ခေါ, အာယသ္မန္တော, တိံသ နိဿဂ္ဂိယာ ပါစိတ္တိယာ ဓမ္မာ။ တတ္ထာယသ္မန္တေ ပုစ္ဆာမိ – ‘ကစ္စိတ္ထ ပရိသုဒ္ဓါ’? ဒုတိယမ္ပိ ပုစ္ဆာမိ – ‘ကစ္စိတ္ထ ပရိသုဒ္ဓါ’? တတိယမ္ပိ ပုစ္ဆာမိ – ‘ကစ္စိတ္ထ ပရိသုဒ္ဓါ’? ပရိသုဒ္ဓေတ္ထာယသ္မန္တော, တသ္မာ တုဏှီ, ဧဝမေတံ ဓာရယာမီတိ။</p>
<p class=""centered"">နိဿဂ္ဂိယကဏ္ဍံ နိဋ္ဌိတံ။</p>
<p class=""centered"">ပါရာဇိကပါဠိ နိဋ္ဌိတာ။</p>

",-661-662-
